dataset,seed,variant,category,name,stat,value
Movies,42,G0,intervention_delta,preserve,ce,0.0
Movies,42,G0,intervention_delta,preserve,accuracy,0.0
Movies,42,G0,intervention_delta,preserve,macro_f1,0.0
Movies,42,G0,adaptation_utility,preserve_minus_normal,mean,0.0
Movies,42,G0,adaptation_utility,preserve_minus_normal,positive_fraction,0.0
Movies,42,G0,adaptation_utility,preserve_minus_normal,harmful_fraction,0.0
Movies,42,G0,adaptation_utility,preserve_minus_normal,zero_fraction,1.0
Movies,42,G0-FT,intervention_delta,preserve,ce,0.0
Movies,42,G0-FT,intervention_delta,preserve,accuracy,0.0
Movies,42,G0-FT,intervention_delta,preserve,macro_f1,0.0
Movies,42,G0-FT,adaptation_utility,preserve_minus_normal,mean,0.0
Movies,42,G0-FT,adaptation_utility,preserve_minus_normal,positive_fraction,0.0
Movies,42,G0-FT,adaptation_utility,preserve_minus_normal,harmful_fraction,0.0
Movies,42,G0-FT,adaptation_utility,preserve_minus_normal,zero_fraction,1.0
Movies,42,G1,atom_coefficient,flat,atom1_order1,0.5752236843109131
Movies,42,G1,atom_coefficient,flat,atom1_order2,0.593690037727356
Movies,42,G1,atom_coefficient,flat,atom1_order3,0.5627164244651794
Movies,42,G1,atom_coefficient,flat,atom2_order1,0.6852396130561829
Movies,42,G1,atom_coefficient,flat,atom2_order2,-0.021027063950896263
Movies,42,G1,atom_coefficient,flat,atom2_order3,-0.7280141711235046
Movies,42,G1,atom_coefficient,flat,atom3_order1,0.387869656085968
Movies,42,G1,atom_coefficient,flat,atom3_order2,-0.8355630040168762
Movies,42,G1,atom_coefficient,flat,atom3_order3,0.3890908658504486
Movies,42,G1,atom_pair_cosine,flat,atom1_atom2,-0.027983039617538452
Movies,42,G1,atom_pair_cosine,flat,atom1_atom3,-0.05400580167770386
Movies,42,G1,atom_pair_cosine,flat,atom2_atom3,8.943676948547363e-05
Movies,42,G1,routing_usage,flat_text,mean_probability_atom1,0.004869101569056511
Movies,42,G1,routing_usage,flat_text,mean_probability_atom2,0.8989483118057251
Movies,42,G1,routing_usage,flat_text,mean_probability_atom3,0.09618259966373444
Movies,42,G1,routing_entropy,flat_text,entropy_mean,0.3465031385421753
Movies,42,G1,routing_entropy,flat_text,entropy_std,0.0191040001809597
Movies,42,G1,routing_entropy,flat_text,effective_usage_exp_mean_entropy,1.4141138792037964
Movies,42,G1,routing_usage,flat_visual,mean_probability_atom1,0.006788758561015129
Movies,42,G1,routing_usage,flat_visual,mean_probability_atom2,0.97479647397995
Movies,42,G1,routing_usage,flat_visual,mean_probability_atom3,0.01841474324464798
Movies,42,G1,routing_entropy,flat_visual,entropy_mean,0.1315908282995224
Movies,42,G1,routing_entropy,flat_visual,entropy_std,0.02611623890697956
Movies,42,G1,routing_entropy,flat_visual,effective_usage_exp_mean_entropy,1.140641450881958
Movies,42,G1,routing_disagreement,text_visual_flat_routing_js_mean,mean_js,0.015565992332994938
Movies,42,G1,intervention_delta,preserve,ce,-3.314018249511719e-05
Movies,42,G1,intervention_delta,preserve,accuracy,0.0
Movies,42,G1,intervention_delta,preserve,macro_f1,3.1508347502373635e-05
Movies,42,G1,intervention_delta,uniform_route,ce,-4.780292510986328e-05
Movies,42,G1,intervention_delta,uniform_route,accuracy,-0.0020040273666381836
Movies,42,G1,intervention_delta,uniform_route,macro_f1,0.00011838201438879592
Movies,42,G1,adaptation_utility,preserve_minus_normal,mean,-3.295447095297277e-05
Movies,42,G1,adaptation_utility,preserve_minus_normal,positive_fraction,0.4238477051258087
Movies,42,G1,adaptation_utility,preserve_minus_normal,harmful_fraction,0.5761523246765137
Movies,42,G1,adaptation_utility,preserve_minus_normal,zero_fraction,0.0
Movies,42,G2,atom_coefficient,shared,atom1_order1,0.5922530889511108
Movies,42,G2,atom_coefficient,shared,atom1_order2,0.5722129344940186
Movies,42,G2,atom_coefficient,shared,atom1_order3,0.5672817826271057
Movies,42,G2,atom_coefficient,shared,atom2_order1,0.675337553024292
Movies,42,G2,atom_coefficient,shared,atom2_order2,-0.030329331755638123
Movies,42,G2,atom_coefficient,shared,atom2_order3,-0.7368848919868469
Movies,42,G2,atom_coefficient,shared,atom3_order1,0.38906723260879517
Movies,42,G2,atom_coefficient,shared,atom3_order2,-0.8350762128829956
Movies,42,G2,atom_coefficient,shared,atom3_order3,0.38894012570381165
Movies,42,G2,atom_pair_cosine,shared,atom1_atom2,-0.035405486822128296
Movies,42,G2,atom_pair_cosine,shared,atom1_atom3,-0.026776492595672607
Movies,42,G2,atom_pair_cosine,shared,atom2_atom3,0.0014748871326446533
Movies,42,G2,atom_coefficient,private_text,atom1_order1,0.5917822122573853
Movies,42,G2,atom_coefficient,private_text,atom1_order2,0.5755929350852966
Movies,42,G2,atom_coefficient,private_text,atom1_order3,0.5643461346626282
Movies,42,G2,atom_coefficient,private_text,atom2_order1,0.6768824458122253
Movies,42,G2,atom_coefficient,private_text,atom2_order2,-0.02795506827533245
Movies,42,G2,atom_coefficient,private_text,atom2_order3,-0.7355601191520691
Movies,42,G2,atom_pair_cosine,private_text,atom1_atom2,-0.030634254217147827
Movies,42,G2,atom_coefficient,private_visual,atom1_order1,0.5916368365287781
Movies,42,G2,atom_coefficient,private_visual,atom1_order2,0.5779237747192383
Movies,42,G2,atom_coefficient,private_visual,atom1_order3,0.5621119737625122
Movies,42,G2,atom_coefficient,private_visual,atom2_order1,0.6746991872787476
Movies,42,G2,atom_coefficient,private_visual,atom2_order2,-0.031098078936338425
Movies,42,G2,atom_coefficient,private_visual,atom2_order3,-0.7374374866485596
Movies,42,G2,atom_pair_cosine,private_visual,atom1_atom2,-0.03331786394119263
Movies,42,G2,routing_usage,shared_text,mean_probability_atom1,7.852080307202414e-05
Movies,42,G2,routing_usage,shared_text,mean_probability_atom2,0.9985212087631226
Movies,42,G2,routing_usage,shared_text,mean_probability_atom3,0.0014002184616401792
Movies,42,G2,routing_entropy,shared_text,entropy_mean,0.011413771659135818
Movies,42,G2,routing_entropy,shared_text,entropy_std,0.0009641367360018194
Movies,42,G2,routing_entropy,shared_text,effective_usage_exp_mean_entropy,1.011479139328003
Movies,42,G2,routing_usage,private_text,mean_probability_atom1,0.006892739329487085
Movies,42,G2,routing_usage,private_text,mean_probability_atom2,0.9931071996688843
Movies,42,G2,routing_entropy,private_text,entropy_mean,0.04116499051451683
Movies,42,G2,routing_entropy,private_text,entropy_std,0.0019374014809727669
Movies,42,G2,routing_entropy,private_text,effective_usage_exp_mean_entropy,1.04202401638031
Movies,42,G2,routing_usage,private_visual,mean_probability_atom1,0.008011861704289913
Movies,42,G2,routing_usage,private_visual,mean_probability_atom2,0.9919881820678711
Movies,42,G2,routing_entropy,private_visual,entropy_mean,0.04661331698298454
Movies,42,G2,routing_entropy,private_visual,entropy_std,0.003768188413232565
Movies,42,G2,routing_entropy,private_visual,effective_usage_exp_mean_entropy,1.0477168560028076
Movies,42,G2,routing_disagreement,text_visual_private_routing_js_mean,mean_js,3.226337139494717e-05
Movies,42,G2,shared_private,mean_norm_shared,mean,0.9985215067863464
Movies,42,G2,shared_private,mean_norm_private_text,mean,0.9929201006889343
Movies,42,G2,shared_private,mean_norm_private_visual,mean,0.991753876209259
Movies,42,G2,shared_private,cos_shared_private_text,mean,0.9999482035636902
Movies,42,G2,shared_private,cos_shared_private_visual,mean,0.9999750256538391
Movies,42,G2,intervention_delta,preserve,ce,0.00012254714965820312
Movies,42,G2,intervention_delta,preserve,accuracy,0.0010020136833190918
Movies,42,G2,intervention_delta,preserve,macro_f1,0.0004273489724004875
Movies,42,G2,intervention_delta,uniform_route,ce,0.0001195669174194336
Movies,42,G2,intervention_delta,uniform_route,accuracy,0.0010020136833190918
Movies,42,G2,intervention_delta,uniform_route,macro_f1,0.0008473307330948421
Movies,42,G2,intervention_delta,shared_off,ce,2.2649765014648438e-06
Movies,42,G2,intervention_delta,shared_off,accuracy,0.0010020136833190918
Movies,42,G2,intervention_delta,shared_off,macro_f1,0.0004627380172669282
Movies,42,G2,intervention_delta,private_off,ce,-1.9073486328125e-06
Movies,42,G2,intervention_delta,private_off,accuracy,0.0
Movies,42,G2,intervention_delta,private_off,macro_f1,0.0
Movies,42,G2,adaptation_utility,preserve_minus_normal,mean,0.0001226018212037161
Movies,42,G2,adaptation_utility,preserve_minus_normal,positive_fraction,0.41883766651153564
Movies,42,G2,adaptation_utility,preserve_minus_normal,harmful_fraction,0.5811623334884644
Movies,42,G2,adaptation_utility,preserve_minus_normal,zero_fraction,0.0
Movies,42,G3,atom_coefficient,shared,atom1_order1,0.592262327671051
Movies,42,G3,atom_coefficient,shared,atom1_order2,0.5720692276954651
Movies,42,G3,atom_coefficient,shared,atom1_order3,0.5674171447753906
Movies,42,G3,atom_coefficient,shared,atom2_order1,0.6755420565605164
Movies,42,G3,atom_coefficient,shared,atom2_order2,-0.03010213002562523
Movies,42,G3,atom_coefficient,shared,atom2_order3,-0.7367067337036133
Movies,42,G3,atom_coefficient,shared,atom3_order1,0.38929322361946106
Movies,42,G3,atom_coefficient,shared,atom3_order2,-0.834834635257721
Movies,42,G3,atom_coefficient,shared,atom3_order3,0.3892325162887573
Movies,42,G3,atom_pair_cosine,shared,atom1_atom2,-0.03514242172241211
Movies,42,G3,atom_pair_cosine,shared,atom1_atom3,-0.0261622816324234
Movies,42,G3,atom_pair_cosine,shared,atom2_atom3,0.0013640224933624268
Movies,42,G3,atom_coefficient,private_text,atom1_order1,0.5919274687767029
Movies,42,G3,atom_coefficient,private_text,atom1_order2,0.5750569701194763
Movies,42,G3,atom_coefficient,private_text,atom1_order3,0.5647401213645935
Movies,42,G3,atom_coefficient,private_text,atom2_order1,0.67751145362854
Movies,42,G3,atom_coefficient,private_text,atom2_order2,-0.027212368324398994
Movies,42,G3,atom_coefficient,private_text,atom2_order3,-0.7350085973739624
Movies,42,G3,atom_pair_cosine,private_text,atom1_atom2,-0.029699862003326416
Movies,42,G3,atom_coefficient,private_visual,atom1_order1,0.5917956829071045
Movies,42,G3,atom_coefficient,private_visual,atom1_order2,0.5773468017578125
Movies,42,G3,atom_coefficient,private_visual,atom1_order3,0.5625375509262085
Movies,42,G3,atom_coefficient,private_visual,atom2_order1,0.6748192310333252
Movies,42,G3,atom_coefficient,private_visual,atom2_order2,-0.03094252198934555
Movies,42,G3,atom_coefficient,private_visual,atom2_order3,-0.7373340725898743
Movies,42,G3,atom_pair_cosine,private_visual,atom1_atom2,-0.03328755497932434
Movies,42,G3,routing_usage,shared_text,mean_probability_atom1,8.905659342417493e-05
Movies,42,G3,routing_usage,shared_text,mean_probability_atom2,0.9983118772506714
Movies,42,G3,routing_usage,shared_text,mean_probability_atom3,0.0015990515239536762
Movies,42,G3,routing_entropy,shared_text,entropy_mean,0.012804999947547913
Movies,42,G3,routing_entropy,shared_text,entropy_std,0.0010366206988692284
Movies,42,G3,routing_entropy,shared_text,effective_usage_exp_mean_entropy,1.0128873586654663
Movies,42,G3,routing_usage,private_text,mean_probability_atom1,0.007826446555554867
Movies,42,G3,routing_usage,private_text,mean_probability_atom2,0.9921735525131226
Movies,42,G3,routing_entropy,private_text,entropy_mean,0.045741453766822815
Movies,42,G3,routing_entropy,private_text,entropy_std,0.0022989031858742237
Movies,42,G3,routing_entropy,private_text,effective_usage_exp_mean_entropy,1.0468037128448486
Movies,42,G3,routing_usage,private_visual,mean_probability_atom1,0.008632279932498932
Movies,42,G3,routing_usage,private_visual,mean_probability_atom2,0.991367757320404
Movies,42,G3,routing_entropy,private_visual,entropy_mean,0.049577999860048294
Movies,42,G3,routing_entropy,private_visual,entropy_std,0.003911543171852827
Movies,42,G3,routing_entropy,private_visual,effective_usage_exp_mean_entropy,1.0508275032043457
Movies,42,G3,routing_disagreement,text_visual_private_routing_js_mean,mean_js,2.1896827092859894e-05
Movies,42,G3,shared_private,mean_norm_shared,mean,0.99831223487854
Movies,42,G3,shared_private,mean_norm_private_text,mean,0.991972029209137
Movies,42,G3,shared_private,mean_norm_private_visual,mean,0.9911181330680847
Movies,42,G3,shared_private,cos_shared_private_text,mean,0.9999291896820068
Movies,42,G3,shared_private,cos_shared_private_visual,mean,0.9999712705612183
Movies,42,G3,intervention_delta,preserve,ce,7.784366607666016e-05
Movies,42,G3,intervention_delta,preserve,accuracy,0.0
Movies,42,G3,intervention_delta,preserve,macro_f1,-6.785714285706401e-05
Movies,42,G3,intervention_delta,uniform_route,ce,-0.00023674964904785156
Movies,42,G3,intervention_delta,uniform_route,accuracy,0.0
Movies,42,G3,intervention_delta,uniform_route,macro_f1,0.00019310457571564132
Movies,42,G3,intervention_delta,shared_off,ce,5.960464477539062e-07
Movies,42,G3,intervention_delta,shared_off,accuracy,0.0
Movies,42,G3,intervention_delta,shared_off,macro_f1,0.0
Movies,42,G3,intervention_delta,private_off,ce,-1.1920928955078125e-07
Movies,42,G3,intervention_delta,private_off,accuracy,0.0
Movies,42,G3,intervention_delta,private_off,macro_f1,0.0
Movies,42,G3,adaptation_utility,preserve_minus_normal,mean,7.784301124047488e-05
Movies,42,G3,adaptation_utility,preserve_minus_normal,positive_fraction,0.42084169387817383
Movies,42,G3,adaptation_utility,preserve_minus_normal,harmful_fraction,0.5791583061218262
Movies,42,G3,adaptation_utility,preserve_minus_normal,zero_fraction,0.0
Movies,42,G3,reliability,rho_text_mean,value,0.08218234777450562
Movies,42,G3,reliability,rho_text_std,value,0.00188663718290627
Movies,42,G3,reliability,rho_visual_mean,value,0.10706769675016403
Movies,42,G3,reliability,rho_visual_std,value,0.0015888127963989973
Movies,42,G3,reliability,rho_mean,value,0.09462501853704453
Movies,42,G3,reliability,rho_std,value,0.0014058377128094435
Movies,42,G3,reliability_quartile,Q1,rho_mean,0.09290281683206558
Movies,42,G3,reliability_quartile,Q1,rho_std,0.0006166464299894869
Movies,42,G3,reliability_quartile,Q1,mean_adaptation_utility,-0.0010822900803759694
Movies,42,G3,reliability_quartile,Q1,harmful_fraction,0.572
Movies,42,G3,reliability_quartile,Q1,mean_ce,1.617687702178955
Movies,42,G3,reliability_quartile,Q1,accuracy,0.5080000162124634
Movies,42,G3,reliability_quartile,Q2,rho_mean,0.09415237605571747
Movies,42,G3,reliability_quartile,Q2,rho_std,0.0002462864213157445
Movies,42,G3,reliability_quartile,Q2,mean_adaptation_utility,-0.0001999333471758291
Movies,42,G3,reliability_quartile,Q2,harmful_fraction,0.576
Movies,42,G3,reliability_quartile,Q2,mean_ce,1.599867820739746
Movies,42,G3,reliability_quartile,Q2,accuracy,0.492000013589859
Movies,42,G3,reliability_quartile,Q3,rho_mean,0.09499947726726532
Movies,42,G3,reliability_quartile,Q3,rho_std,0.0002501386043149978
Movies,42,G3,reliability_quartile,Q3,mean_adaptation_utility,0.0007172379991970956
Movies,42,G3,reliability_quartile,Q3,harmful_fraction,0.5381526104417671
Movies,42,G3,reliability_quartile,Q3,mean_ce,1.5209128856658936
Movies,42,G3,reliability_quartile,Q3,accuracy,0.5421686768531799
Movies,42,G3,reliability_quartile,Q4,rho_mean,0.09645423293113708
Movies,42,G3,reliability_quartile,Q4,rho_std,0.0008530643535777926
Movies,42,G3,reliability_quartile,Q4,mean_adaptation_utility,0.0008821324445307255
Movies,42,G3,reliability_quartile,Q4,harmful_fraction,0.6305220883534136
Movies,42,G3,reliability_quartile,Q4,mean_ce,1.1173642873764038
Movies,42,G3,reliability_quartile,Q4,accuracy,0.7228915691375732
Movies,42,G3,reliability,spearman_rho_vs_adaptation_utility,value,0.049016210673920646
Movies,42,G4,atom_coefficient,shared,atom1_order1,0.5922719836235046
Movies,42,G4,atom_coefficient,shared,atom1_order2,0.5720437169075012
Movies,42,G4,atom_coefficient,shared,atom1_order3,0.567432701587677
Movies,42,G4,atom_coefficient,shared,atom2_order1,0.6760779619216919
Movies,42,G4,atom_coefficient,shared,atom2_order2,-0.029603125527501106
Movies,42,G4,atom_coefficient,shared,atom2_order3,-0.7362352013587952
Movies,42,G4,atom_coefficient,shared,atom3_order1,0.38936224579811096
Movies,42,G4,atom_coefficient,shared,atom3_order2,-0.8347858190536499
Movies,42,G4,atom_coefficient,shared,atom3_order3,0.38926810026168823
Movies,42,G4,atom_pair_cosine,shared,atom1_atom2,-0.03427615761756897
Movies,42,G4,atom_pair_cosine,shared,atom1_atom3,-0.026042208075523376
Movies,42,G4,atom_pair_cosine,shared,atom2_atom3,0.001358628273010254
Movies,42,G4,atom_coefficient,private_text,atom1_order1,0.5919748544692993
Movies,42,G4,atom_coefficient,private_text,atom1_order2,0.5749511122703552
Movies,42,G4,atom_coefficient,private_text,atom1_order3,0.5647981762886047
Movies,42,G4,atom_coefficient,private_text,atom2_order1,0.6781344413757324
Movies,42,G4,atom_coefficient,private_text,atom2_order2,-0.026612019166350365
Movies,42,G4,atom_coefficient,private_text,atom2_order3,-0.734455943107605
Movies,42,G4,atom_pair_cosine,private_text,atom1_atom2,-0.028681457042694092
Movies,42,G4,atom_coefficient,private_visual,atom1_order1,0.5918717980384827
Movies,42,G4,atom_coefficient,private_visual,atom1_order2,0.5771848559379578
Movies,42,G4,atom_coefficient,private_visual,atom1_order3,0.5626236796379089
Movies,42,G4,atom_coefficient,private_visual,atom2_order1,0.6753596067428589
Movies,42,G4,atom_coefficient,private_visual,atom2_order2,-0.03044702857732773
Movies,42,G4,atom_coefficient,private_visual,atom2_order3,-0.7368597984313965
Movies,42,G4,atom_pair_cosine,private_visual,atom1_atom2,-0.032422035932540894
Movies,42,G4,routing_usage,shared_text,mean_probability_atom1,9.46383734117262e-05
Movies,42,G4,routing_usage,shared_text,mean_probability_atom2,0.9980868101119995
Movies,42,G4,routing_usage,shared_text,mean_probability_atom3,0.0018185549415647984
Movies,42,G4,routing_entropy,shared_text,entropy_mean,0.014255048707127571
Movies,42,G4,routing_entropy,shared_text,entropy_std,0.0010986722772940993
Movies,42,G4,routing_entropy,shared_text,effective_usage_exp_mean_entropy,1.014357089996338
Movies,42,G4,routing_usage,private_text,mean_probability_atom1,0.008571448735892773
Movies,42,G4,routing_usage,private_text,mean_probability_atom2,0.9914286136627197
Movies,42,G4,routing_entropy,private_text,entropy_mean,0.0493122935295105
Movies,42,G4,routing_entropy,private_text,entropy_std,0.002525217831134796
Movies,42,G4,routing_entropy,private_text,effective_usage_exp_mean_entropy,1.0505484342575073
Movies,42,G4,routing_usage,private_visual,mean_probability_atom1,0.00911676324903965
Movies,42,G4,routing_usage,private_visual,mean_probability_atom2,0.9908831715583801
Movies,42,G4,routing_entropy,private_visual,entropy_mean,0.05186627805233002
Movies,42,G4,routing_entropy,private_visual,entropy_std,0.0037877107970416546
Movies,42,G4,routing_entropy,private_visual,effective_usage_exp_mean_entropy,1.0532349348068237
Movies,42,G4,routing_disagreement,text_visual_private_routing_js_mean,mean_js,1.62402939167805e-05
Movies,42,G4,shared_private,mean_norm_shared,mean,0.9980877637863159
Movies,42,G4,shared_private,mean_norm_private_text,mean,0.9912199378013611
Movies,42,G4,shared_private,mean_norm_private_visual,mean,0.9906298518180847
Movies,42,G4,shared_private,cos_shared_private_text,mean,0.9999174475669861
Movies,42,G4,shared_private,cos_shared_private_visual,mean,0.9999670386314392
Movies,42,G4,intervention_delta,preserve,ce,4.5299530029296875e-05
Movies,42,G4,intervention_delta,preserve,accuracy,-0.0010020136833190918
Movies,42,G4,intervention_delta,preserve,macro_f1,-0.0002254552404700183
Movies,42,G4,intervention_delta,uniform_route,ce,-0.00022530555725097656
Movies,42,G4,intervention_delta,uniform_route,accuracy,-0.0010020136833190918
Movies,42,G4,intervention_delta,uniform_route,macro_f1,-0.00019006619560357763
Movies,42,G4,intervention_delta,shared_off,ce,7.152557373046875e-07
Movies,42,G4,intervention_delta,shared_off,accuracy,0.0
Movies,42,G4,intervention_delta,shared_off,macro_f1,0.0
Movies,42,G4,intervention_delta,private_off,ce,8.344650268554688e-07
Movies,42,G4,intervention_delta,private_off,accuracy,0.0
Movies,42,G4,intervention_delta,private_off,macro_f1,0.0
Movies,42,G4,adaptation_utility,preserve_minus_normal,mean,4.52001258963719e-05
Movies,42,G4,adaptation_utility,preserve_minus_normal,positive_fraction,0.4238477051258087
Movies,42,G4,adaptation_utility,preserve_minus_normal,harmful_fraction,0.5751503109931946
Movies,42,G4,adaptation_utility,preserve_minus_normal,zero_fraction,0.0010020040208473802
Movies,42,G4,reliability,rho_text_mean,value,0.047212954610586166
Movies,42,G4,reliability,rho_text_std,value,0.0009525302448309958
Movies,42,G4,reliability,rho_visual_mean,value,0.0656268298625946
Movies,42,G4,reliability,rho_visual_std,value,0.0017156829126179218
Movies,42,G4,reliability,rho_mean,value,0.056419890373945236
Movies,42,G4,reliability,rho_std,value,0.0010694920783862472
Movies,42,G4,reliability_quartile,Q1,rho_mean,0.05504952743649483
Movies,42,G4,reliability_quartile,Q1,rho_std,0.0005557140684686601
Movies,42,G4,reliability_quartile,Q1,mean_adaptation_utility,-0.0007036899914965034
Movies,42,G4,reliability_quartile,Q1,harmful_fraction,0.56
Movies,42,G4,reliability_quartile,Q1,mean_ce,1.671859622001648
Movies,42,G4,reliability_quartile,Q1,accuracy,0.5040000081062317
Movies,42,G4,reliability_quartile,Q2,rho_mean,0.056099798530340195
Movies,42,G4,reliability_quartile,Q2,rho_std,0.00020948066958226264
Movies,42,G4,reliability_quartile,Q2,mean_adaptation_utility,-0.0001591656618984416
Movies,42,G4,reliability_quartile,Q2,harmful_fraction,0.58
Movies,42,G4,reliability_quartile,Q2,mean_ce,1.4406474828720093
Movies,42,G4,reliability_quartile,Q2,accuracy,0.5479999780654907
Movies,42,G4,reliability_quartile,Q3,rho_mean,0.056768789887428284
Movies,42,G4,reliability_quartile,Q3,rho_std,0.00019724438607227057
Movies,42,G4,reliability_quartile,Q3,mean_adaptation_utility,0.0006777560338377953
Movies,42,G4,reliability_quartile,Q3,harmful_fraction,0.5622489959839357
Movies,42,G4,reliability_quartile,Q3,mean_ce,1.5461255311965942
Movies,42,G4,reliability_quartile,Q3,accuracy,0.5622490048408508
Movies,42,G4,reliability_quartile,Q4,rho_mean,0.05776822939515114
Movies,42,G4,reliability_quartile,Q4,rho_std,0.0005131789366714656
Movies,42,G4,reliability_quartile,Q4,mean_adaptation_utility,0.0003697285719681531
Movies,42,G4,reliability_quartile,Q4,harmful_fraction,0.5983935742971888
Movies,42,G4,reliability_quartile,Q4,mean_ce,1.1968153715133667
Movies,42,G4,reliability_quartile,Q4,accuracy,0.654618501663208
Movies,42,G4,reliability,spearman_rho_vs_adaptation_utility,value,0.005624811060941714
Movies,43,G0,intervention_delta,preserve,ce,0.0
Movies,43,G0,intervention_delta,preserve,accuracy,0.0
Movies,43,G0,intervention_delta,preserve,macro_f1,0.0
Movies,43,G0,adaptation_utility,preserve_minus_normal,mean,0.0
Movies,43,G0,adaptation_utility,preserve_minus_normal,positive_fraction,0.0
Movies,43,G0,adaptation_utility,preserve_minus_normal,harmful_fraction,0.0
Movies,43,G0,adaptation_utility,preserve_minus_normal,zero_fraction,1.0
Movies,43,G0-FT,intervention_delta,preserve,ce,0.0
Movies,43,G0-FT,intervention_delta,preserve,accuracy,0.0
Movies,43,G0-FT,intervention_delta,preserve,macro_f1,0.0
Movies,43,G0-FT,adaptation_utility,preserve_minus_normal,mean,0.0
Movies,43,G0-FT,adaptation_utility,preserve_minus_normal,positive_fraction,0.0
Movies,43,G0-FT,adaptation_utility,preserve_minus_normal,harmful_fraction,0.0
Movies,43,G0-FT,adaptation_utility,preserve_minus_normal,zero_fraction,1.0
Movies,43,G1,atom_coefficient,flat,atom1_order1,0.5823207497596741
Movies,43,G1,atom_coefficient,flat,atom1_order2,0.5844007730484009
Movies,43,G1,atom_coefficient,flat,atom1_order3,0.565135657787323
Movies,43,G1,atom_coefficient,flat,atom2_order1,0.6956771016120911
Movies,43,G1,atom_coefficient,flat,atom2_order2,-0.011110748164355755
Movies,43,G1,atom_coefficient,flat,atom2_order3,-0.7182687520980835
Movies,43,G1,atom_coefficient,flat,atom3_order1,0.39690229296684265
Movies,43,G1,atom_coefficient,flat,atom3_order2,-0.8273389339447021
Movies,43,G1,atom_coefficient,flat,atom3_order3,0.3974654972553253
Movies,43,G1,atom_pair_cosine,flat,atom1_atom2,-0.00730520486831665
Movies,43,G1,atom_pair_cosine,flat,atom1_atom3,-0.027751117944717407
Movies,43,G1,atom_pair_cosine,flat,atom2_atom3,-0.00017887353897094727
Movies,43,G1,routing_usage,flat_text,mean_probability_atom1,0.08335094153881073
Movies,43,G1,routing_usage,flat_text,mean_probability_atom2,0.6924824714660645
Movies,43,G1,routing_usage,flat_text,mean_probability_atom3,0.22416658699512482
Movies,43,G1,routing_entropy,flat_text,entropy_mean,0.7962145209312439
Movies,43,G1,routing_entropy,flat_text,entropy_std,0.018397225067019463
Movies,43,G1,routing_entropy,flat_text,effective_usage_exp_mean_entropy,2.217132091522217
Movies,43,G1,routing_usage,flat_visual,mean_probability_atom1,0.13290613889694214
Movies,43,G1,routing_usage,flat_visual,mean_probability_atom2,0.3870967626571655
Movies,43,G1,routing_usage,flat_visual,mean_probability_atom3,0.47999709844589233
Movies,43,G1,routing_entropy,flat_visual,entropy_mean,0.9871580600738525
Movies,43,G1,routing_entropy,flat_visual,entropy_std,0.008746628649532795
Movies,43,G1,routing_entropy,flat_visual,effective_usage_exp_mean_entropy,2.6835970878601074
Movies,43,G1,routing_disagreement,text_visual_flat_routing_js_mean,mean_js,0.04889993742108345
Movies,43,G1,intervention_delta,preserve,ce,0.0003675222396850586
Movies,43,G1,intervention_delta,preserve,accuracy,0.0020040273666381836
Movies,43,G1,intervention_delta,preserve,macro_f1,0.0011732435086762028
Movies,43,G1,intervention_delta,uniform_route,ce,0.0001157522201538086
Movies,43,G1,intervention_delta,uniform_route,accuracy,0.0010020136833190918
Movies,43,G1,intervention_delta,uniform_route,macro_f1,0.001027256981242175
Movies,43,G1,adaptation_utility,preserve_minus_normal,mean,0.00036748137790709734
Movies,43,G1,adaptation_utility,preserve_minus_normal,positive_fraction,0.4789579212665558
Movies,43,G1,adaptation_utility,preserve_minus_normal,harmful_fraction,0.5210421085357666
Movies,43,G1,adaptation_utility,preserve_minus_normal,zero_fraction,0.0
Movies,43,G2,atom_coefficient,shared,atom1_order1,0.5865415930747986
Movies,43,G2,atom_coefficient,shared,atom1_order2,0.5736278891563416
Movies,43,G2,atom_coefficient,shared,atom1_order3,0.5717691779136658
Movies,43,G2,atom_coefficient,shared,atom2_order1,0.6956603527069092
Movies,43,G2,atom_coefficient,shared,atom2_order2,-0.011136817745864391
Movies,43,G2,atom_coefficient,shared,atom2_order3,-0.7182846069335938
Movies,43,G2,atom_coefficient,shared,atom3_order1,0.4012615382671356
Movies,43,G2,atom_coefficient,shared,atom3_order2,-0.8250198364257812
Movies,43,G2,atom_coefficient,shared,atom3_order3,0.39790892601013184
Movies,43,G2,atom_pair_cosine,shared,atom1_atom2,-0.009047657251358032
Movies,43,G2,atom_pair_cosine,shared,atom1_atom3,-0.01038573682308197
Movies,43,G2,atom_pair_cosine,shared,atom2_atom3,0.0025179684162139893
Movies,43,G2,atom_coefficient,private_text,atom1_order1,0.5877720713615417
Movies,43,G2,atom_coefficient,private_text,atom1_order2,0.5734753608703613
Movies,43,G2,atom_coefficient,private_text,atom1_order3,0.5706574320793152
Movies,43,G2,atom_coefficient,private_text,atom2_order1,0.6955189108848572
Movies,43,G2,atom_coefficient,private_text,atom2_order2,-0.011291379109025002
Movies,43,G2,atom_coefficient,private_text,atom2_order3,-0.7184191346168518
Movies,43,G2,atom_pair_cosine,private_text,atom1_atom2,-0.007639944553375244
Movies,43,G2,atom_coefficient,private_visual,atom1_order1,0.5865532159805298
Movies,43,G2,atom_coefficient,private_visual,atom1_order2,0.5747474431991577
Movies,43,G2,atom_coefficient,private_visual,atom1_order3,0.570631742477417
Movies,43,G2,atom_coefficient,private_visual,atom2_order1,0.6958575248718262
Movies,43,G2,atom_coefficient,private_visual,atom2_order2,-0.010712074115872383
Movies,43,G2,atom_coefficient,private_visual,atom2_order3,-0.7181000113487244
Movies,43,G2,atom_pair_cosine,private_visual,atom1_atom2,-0.007769942283630371
Movies,43,G2,routing_usage,shared_text,mean_probability_atom1,0.005307923071086407
Movies,43,G2,routing_usage,shared_text,mean_probability_atom2,0.9705833196640015
Movies,43,G2,routing_usage,shared_text,mean_probability_atom3,0.024108828976750374
Movies,43,G2,routing_entropy,shared_text,entropy_mean,0.14637041091918945
Movies,43,G2,routing_entropy,shared_text,entropy_std,0.013548918068408966
Movies,43,G2,routing_entropy,shared_text,effective_usage_exp_mean_entropy,1.1576249599456787
Movies,43,G2,routing_usage,private_text,mean_probability_atom1,0.12563954293727875
Movies,43,G2,routing_usage,private_text,mean_probability_atom2,0.8743605613708496
Movies,43,G2,routing_entropy,private_text,entropy_mean,0.37774038314819336
Movies,43,G2,routing_entropy,private_text,entropy_std,0.014976383186876774
Movies,43,G2,routing_entropy,private_text,effective_usage_exp_mean_entropy,1.458984136581421
Movies,43,G2,routing_usage,private_visual,mean_probability_atom1,0.1605900377035141
Movies,43,G2,routing_usage,private_visual,mean_probability_atom2,0.8394099473953247
Movies,43,G2,routing_entropy,private_visual,entropy_mean,0.4403766095638275
Movies,43,G2,routing_entropy,private_visual,entropy_std,0.014036308974027634
Movies,43,G2,routing_entropy,private_visual,effective_usage_exp_mean_entropy,1.5532920360565186
Movies,43,G2,routing_disagreement,text_visual_private_routing_js_mean,mean_js,0.0013678348623216152
Movies,43,G2,shared_private,mean_norm_shared,mean,0.9709135890007019
Movies,43,G2,shared_private,mean_norm_private_text,mean,0.8824343085289001
Movies,43,G2,shared_private,mean_norm_private_visual,mean,0.8534663319587708
Movies,43,G2,shared_private,cos_shared_private_text,mean,0.9902064800262451
Movies,43,G2,shared_private,cos_shared_private_visual,mean,0.9826136827468872
Movies,43,G2,intervention_delta,preserve,ce,0.00035440921783447266
Movies,43,G2,intervention_delta,preserve,accuracy,-0.0020040273666381836
Movies,43,G2,intervention_delta,preserve,macro_f1,-0.0015448653635822263
Movies,43,G2,intervention_delta,uniform_route,ce,-4.76837158203125e-05
Movies,43,G2,intervention_delta,uniform_route,accuracy,0.0010019540786743164
Movies,43,G2,intervention_delta,uniform_route,macro_f1,0.00019128935586165685
Movies,43,G2,intervention_delta,shared_off,ce,-6.830692291259766e-05
Movies,43,G2,intervention_delta,shared_off,accuracy,0.0010019540786743164
Movies,43,G2,intervention_delta,shared_off,macro_f1,0.0010533228107750814
Movies,43,G2,intervention_delta,private_off,ce,0.00013124942779541016
Movies,43,G2,intervention_delta,private_off,accuracy,-0.0010020136833190918
Movies,43,G2,intervention_delta,private_off,macro_f1,-0.001095555566446249
Movies,43,G2,adaptation_utility,preserve_minus_normal,mean,0.00035426582326181233
Movies,43,G2,adaptation_utility,preserve_minus_normal,positive_fraction,0.46893787384033203
Movies,43,G2,adaptation_utility,preserve_minus_normal,harmful_fraction,0.531062126159668
Movies,43,G2,adaptation_utility,preserve_minus_normal,zero_fraction,0.0
Movies,43,G3,atom_coefficient,shared,atom1_order1,0.5865213871002197
Movies,43,G3,atom_coefficient,shared,atom1_order2,0.5736242532730103
Movies,43,G3,atom_coefficient,shared,atom1_order3,0.5717936158180237
Movies,43,G3,atom_coefficient,shared,atom2_order1,0.6956659555435181
Movies,43,G3,atom_coefficient,shared,atom2_order2,-0.01112688984721899
Movies,43,G3,atom_coefficient,shared,atom2_order3,-0.718279242515564
Movies,43,G3,atom_coefficient,shared,atom3_order1,0.4012802839279175
Movies,43,G3,atom_coefficient,shared,atom3_order2,-0.8249955773353577
Movies,43,G3,atom_coefficient,shared,atom3_order3,0.39794033765792847
Movies,43,G3,atom_pair_cosine,shared,atom1_atom2,-0.009067147970199585
Movies,43,G3,atom_pair_cosine,shared,atom1_atom3,-0.010338261723518372
Movies,43,G3,atom_pair_cosine,shared,atom2_atom3,0.0025043785572052
Movies,43,G3,atom_coefficient,private_text,atom1_order1,0.5877460241317749
Movies,43,G3,atom_coefficient,private_text,atom1_order2,0.5734646916389465
Movies,43,G3,atom_coefficient,private_text,atom1_order3,0.570695161819458
Movies,43,G3,atom_coefficient,private_text,atom2_order1,0.6955270171165466
Movies,43,G3,atom_coefficient,private_text,atom2_order2,-0.01127671729773283
Movies,43,G3,atom_coefficient,private_text,atom2_order3,-0.718411386013031
Movies,43,G3,atom_pair_cosine,private_text,atom1_atom2,-0.007667481899261475
Movies,43,G3,atom_coefficient,private_visual,atom1_order1,0.5865323543548584
Movies,43,G3,atom_coefficient,private_visual,atom1_order2,0.5747252702713013
Movies,43,G3,atom_coefficient,private_visual,atom1_order3,0.5706755518913269
Movies,43,G3,atom_coefficient,private_visual,atom2_order1,0.6958685517311096
Movies,43,G3,atom_coefficient,private_visual,atom2_order2,-0.010694091208279133
Movies,43,G3,atom_coefficient,private_visual,atom2_order3,-0.7180895209312439
Movies,43,G3,atom_pair_cosine,private_visual,atom1_atom2,-0.0077928900718688965
Movies,43,G3,routing_usage,shared_text,mean_probability_atom1,0.005350702907890081
Movies,43,G3,routing_usage,shared_text,mean_probability_atom2,0.9703237414360046
Movies,43,G3,routing_usage,shared_text,mean_probability_atom3,0.024325579404830933
Movies,43,G3,routing_entropy,shared_text,entropy_mean,0.14739124476909637
Movies,43,G3,routing_entropy,shared_text,entropy_std,0.013626026920974255
Movies,43,G3,routing_entropy,shared_text,effective_usage_exp_mean_entropy,1.1588072776794434
Movies,43,G3,routing_usage,private_text,mean_probability_atom1,0.12560974061489105
Movies,43,G3,routing_usage,private_text,mean_probability_atom2,0.8743902444839478
Movies,43,G3,routing_entropy,private_text,entropy_mean,0.3776874840259552
Movies,43,G3,routing_entropy,private_text,entropy_std,0.014840682037174702
Movies,43,G3,routing_entropy,private_text,effective_usage_exp_mean_entropy,1.458906888961792
Movies,43,G3,routing_usage,private_visual,mean_probability_atom1,0.1611054688692093
Movies,43,G3,routing_usage,private_visual,mean_probability_atom2,0.8388945460319519
Movies,43,G3,routing_entropy,private_visual,entropy_mean,0.4412258267402649
Movies,43,G3,routing_entropy,private_visual,entropy_std,0.014078812673687935
Movies,43,G3,routing_entropy,private_visual,effective_usage_exp_mean_entropy,1.5546116828918457
Movies,43,G3,routing_disagreement,text_visual_private_routing_js_mean,mean_js,0.0014047743752598763
Movies,43,G3,shared_private,mean_norm_shared,mean,0.9706594944000244
Movies,43,G3,shared_private,mean_norm_private_text,mean,0.8824554681777954
Movies,43,G3,shared_private,mean_norm_private_visual,mean,0.8530504703521729
Movies,43,G3,shared_private,cos_shared_private_text,mean,0.9902122616767883
Movies,43,G3,shared_private,cos_shared_private_visual,mean,0.9824827313423157
Movies,43,G3,intervention_delta,preserve,ce,0.0003399848937988281
Movies,43,G3,intervention_delta,preserve,accuracy,-0.0020040273666381836
Movies,43,G3,intervention_delta,preserve,macro_f1,-0.0015448653635822263
Movies,43,G3,intervention_delta,uniform_route,ce,-8.702278137207031e-05
Movies,43,G3,intervention_delta,uniform_route,accuracy,0.0010019540786743164
Movies,43,G3,intervention_delta,uniform_route,macro_f1,0.00013248263734455534
Movies,43,G3,intervention_delta,shared_off,ce,-6.961822509765625e-05
Movies,43,G3,intervention_delta,shared_off,accuracy,0.0010019540786743164
Movies,43,G3,intervention_delta,shared_off,macro_f1,0.0010533228107750814
Movies,43,G3,intervention_delta,private_off,ce,0.00013077259063720703
Movies,43,G3,intervention_delta,private_off,accuracy,-0.0010020136833190918
Movies,43,G3,intervention_delta,private_off,macro_f1,-0.001095555566446249
Movies,43,G3,adaptation_utility,preserve_minus_normal,mean,0.0003400215646252036
Movies,43,G3,adaptation_utility,preserve_minus_normal,positive_fraction,0.46492984890937805
Movies,43,G3,adaptation_utility,preserve_minus_normal,harmful_fraction,0.5350701212882996
Movies,43,G3,adaptation_utility,preserve_minus_normal,zero_fraction,0.0
Movies,43,G3,reliability,rho_text_mean,value,0.11162539571523666
Movies,43,G3,reliability,rho_text_std,value,0.0006944028427824378
Movies,43,G3,reliability,rho_visual_mean,value,0.11356285214424133
Movies,43,G3,reliability,rho_visual_std,value,0.0005158928106538951
Movies,43,G3,reliability,rho_mean,value,0.1125941127538681
Movies,43,G3,reliability,rho_std,value,0.00043980992631986737
Movies,43,G3,reliability_quartile,Q1,rho_mean,0.11203242838382721
Movies,43,G3,reliability_quartile,Q1,rho_std,0.0002055756194749847
Movies,43,G3,reliability_quartile,Q1,mean_adaptation_utility,-0.0008034403435885906
Movies,43,G3,reliability_quartile,Q1,harmful_fraction,0.524
Movies,43,G3,reliability_quartile,Q1,mean_ce,1.7343848943710327
Movies,43,G3,reliability_quartile,Q1,accuracy,0.47600001096725464
Movies,43,G3,reliability_quartile,Q2,rho_mean,0.11243441700935364
Movies,43,G3,reliability_quartile,Q2,rho_std,8.889015589375049e-05
Movies,43,G3,reliability_quartile,Q2,mean_adaptation_utility,0.00043036858551204205
Movies,43,G3,reliability_quartile,Q2,harmful_fraction,0.5
Movies,43,G3,reliability_quartile,Q2,mean_ce,1.49033784866333
Movies,43,G3,reliability_quartile,Q2,accuracy,0.5879999995231628
Movies,43,G3,reliability_quartile,Q3,rho_mean,0.11275527626276016
Movies,43,G3,reliability_quartile,Q3,rho_std,9.568473615217954e-05
Movies,43,G3,reliability_quartile,Q3,mean_adaptation_utility,0.0011399851646274328
Movies,43,G3,reliability_quartile,Q3,harmful_fraction,0.5341365461847389
Movies,43,G3,reliability_quartile,Q3,mean_ce,1.5930156707763672
Movies,43,G3,reliability_quartile,Q3,accuracy,0.5341365337371826
Movies,43,G3,reliability_quartile,Q4,rho_mean,0.11315726488828659
Movies,43,G3,reliability_quartile,Q4,rho_std,0.00017402807134203613
Movies,43,G3,reliability_quartile,Q4,mean_adaptation_utility,0.0005974021623842418
Movies,43,G3,reliability_quartile,Q4,harmful_fraction,0.5823293172690763
Movies,43,G3,reliability_quartile,Q4,mean_ce,1.398334264755249
Movies,43,G3,reliability_quartile,Q4,accuracy,0.6104417443275452
Movies,43,G3,reliability,spearman_rho_vs_adaptation_utility,value,-0.0077463309620436245
Movies,43,G4,atom_coefficient,shared,atom1_order1,0.5865211486816406
Movies,43,G4,atom_coefficient,shared,atom1_order2,0.5736234188079834
Movies,43,G4,atom_coefficient,shared,atom1_order3,0.5717946290969849
Movies,43,G4,atom_coefficient,shared,atom2_order1,0.6956672072410583
Movies,43,G4,atom_coefficient,shared,atom2_order2,-0.011125525459647179
Movies,43,G4,atom_coefficient,shared,atom2_order3,-0.7182781100273132
Movies,43,G4,atom_coefficient,shared,atom3_order1,0.4012819826602936
Movies,43,G4,atom_coefficient,shared,atom3_order2,-0.8249942660331726
Movies,43,G4,atom_coefficient,shared,atom3_order3,0.3979412913322449
Movies,43,G4,atom_pair_cosine,shared,atom1_atom2,-0.009065896272659302
Movies,43,G4,atom_pair_cosine,shared,atom1_atom3,-0.010334968566894531
Movies,43,G4,atom_pair_cosine,shared,atom2_atom3,0.002504676580429077
Movies,43,G4,atom_coefficient,private_text,atom1_order1,0.5877448320388794
Movies,43,G4,atom_coefficient,private_text,atom1_order2,0.573464572429657
Movies,43,G4,atom_coefficient,private_text,atom1_order3,0.5706964135169983
Movies,43,G4,atom_coefficient,private_text,atom2_order1,0.6955284476280212
Movies,43,G4,atom_coefficient,private_text,atom2_order2,-0.011275112628936768
Movies,43,G4,atom_coefficient,private_text,atom2_order3,-0.718410074710846
Movies,43,G4,atom_pair_cosine,private_text,atom1_atom2,-0.0076667070388793945
Movies,43,G4,atom_coefficient,private_visual,atom1_order1,0.586532711982727
Movies,43,G4,atom_coefficient,private_visual,atom1_order2,0.5747223496437073
Movies,43,G4,atom_coefficient,private_visual,atom1_order3,0.570678174495697
Movies,43,G4,atom_coefficient,private_visual,atom2_order1,0.6958707571029663
Movies,43,G4,atom_coefficient,private_visual,atom2_order2,-0.010691591538488865
Movies,43,G4,atom_coefficient,private_visual,atom2_order3,-0.718087375164032
Movies,43,G4,atom_pair_cosine,private_visual,atom1_atom2,-0.0077905356884002686
Movies,43,G4,routing_usage,shared_text,mean_probability_atom1,0.0053648566827178
Movies,43,G4,routing_usage,shared_text,mean_probability_atom2,0.9702215790748596
Movies,43,G4,routing_usage,shared_text,mean_probability_atom3,0.0244136992841959
Movies,43,G4,routing_entropy,shared_text,entropy_mean,0.14778782427310944
Movies,43,G4,routing_entropy,shared_text,entropy_std,0.013690556399524212
Movies,43,G4,routing_entropy,shared_text,effective_usage_exp_mean_entropy,1.1592669486999512
Movies,43,G4,routing_usage,private_text,mean_probability_atom1,0.1255633383989334
Movies,43,G4,routing_usage,private_text,mean_probability_atom2,0.874436616897583
Movies,43,G4,routing_entropy,private_text,entropy_mean,0.37760090827941895
Movies,43,G4,routing_entropy,private_text,entropy_std,0.014743889681994915
Movies,43,G4,routing_entropy,private_text,effective_usage_exp_mean_entropy,1.4587806463241577
Movies,43,G4,routing_usage,private_visual,mean_probability_atom1,0.16141436994075775
Movies,43,G4,routing_usage,private_visual,mean_probability_atom2,0.8385857343673706
Movies,43,G4,routing_entropy,private_visual,entropy_mean,0.44173377752304077
Movies,43,G4,routing_entropy,private_visual,entropy_std,0.014104348607361317
Movies,43,G4,routing_entropy,private_visual,effective_usage_exp_mean_entropy,1.5554015636444092
Movies,43,G4,routing_disagreement,text_visual_private_routing_js_mean,mean_js,0.001429205178283155
Movies,43,G4,shared_private,mean_norm_shared,mean,0.9705596566200256
Movies,43,G4,shared_private,mean_norm_private_text,mean,0.8824947476387024
Movies,43,G4,shared_private,mean_norm_private_visual,mean,0.8528039455413818
Movies,43,G4,shared_private,cos_shared_private_text,mean,0.9902206659317017
Movies,43,G4,shared_private,cos_shared_private_visual,mean,0.9824036955833435
Movies,43,G4,intervention_delta,preserve,ce,0.00033676624298095703
Movies,43,G4,intervention_delta,preserve,accuracy,-0.0020040273666381836
Movies,43,G4,intervention_delta,preserve,macro_f1,-0.0015545693250552661
Movies,43,G4,intervention_delta,uniform_route,ce,-8.475780487060547e-05
Movies,43,G4,intervention_delta,uniform_route,accuracy,0.0010019540786743164
Movies,43,G4,intervention_delta,uniform_route,macro_f1,0.00012277867587151547
Movies,43,G4,intervention_delta,shared_off,ce,-6.854534149169922e-05
Movies,43,G4,intervention_delta,shared_off,accuracy,0.0010019540786743164
Movies,43,G4,intervention_delta,shared_off,macro_f1,0.0010436188493020415
Movies,43,G4,intervention_delta,private_off,ce,0.00013005733489990234
Movies,43,G4,intervention_delta,private_off,accuracy,-0.0010020136833190918
Movies,43,G4,intervention_delta,private_off,macro_f1,-0.001105259527919289
Movies,43,G4,adaptation_utility,preserve_minus_normal,mean,0.0003366940072737634
Movies,43,G4,adaptation_utility,preserve_minus_normal,positive_fraction,0.46593186259269714
Movies,43,G4,adaptation_utility,preserve_minus_normal,harmful_fraction,0.5340681076049805
Movies,43,G4,adaptation_utility,preserve_minus_normal,zero_fraction,0.0
Movies,43,G4,reliability,rho_text_mean,value,0.11041118204593658
Movies,43,G4,reliability,rho_text_std,value,0.0007802641484886408
Movies,43,G4,reliability,rho_visual_mean,value,0.11203397810459137
Movies,43,G4,reliability,rho_visual_std,value,0.0006405154708772898
Movies,43,G4,reliability,rho_mean,value,0.11122258007526398
Movies,43,G4,reliability,rho_std,value,0.0005080145201645792
Movies,43,G4,reliability_quartile,Q1,rho_mean,0.11056620627641678
Movies,43,G4,reliability_quartile,Q1,rho_std,0.00024811079492792487
Movies,43,G4,reliability_quartile,Q1,mean_adaptation_utility,-0.0004671846982091665
Movies,43,G4,reliability_quartile,Q1,harmful_fraction,0.496
Movies,43,G4,reliability_quartile,Q1,mean_ce,1.6343439817428589
Movies,43,G4,reliability_quartile,Q1,accuracy,0.5
Movies,43,G4,reliability_quartile,Q2,rho_mean,0.11105415225028992
Movies,43,G4,reliability_quartile,Q2,rho_std,9.804742148844525e-05
Movies,43,G4,reliability_quartile,Q2,mean_adaptation_utility,-0.0002087227039737627
Movies,43,G4,reliability_quartile,Q2,harmful_fraction,0.54
Movies,43,G4,reliability_quartile,Q2,mean_ce,1.6705082654953003
Movies,43,G4,reliability_quartile,Q2,accuracy,0.5479999780654907
Movies,43,G4,reliability_quartile,Q3,rho_mean,0.11141115427017212
Movies,43,G4,reliability_quartile,Q3,rho_std,0.0001012782086036168
Movies,43,G4,reliability_quartile,Q3,mean_adaptation_utility,0.0012984295608475804
Movies,43,G4,reliability_quartile,Q3,harmful_fraction,0.5261044176706827
Movies,43,G4,reliability_quartile,Q3,mean_ce,1.4078705310821533
Movies,43,G4,reliability_quartile,Q3,accuracy,0.5823293328285217
Movies,43,G4,reliability_quartile,Q4,rho_mean,0.11186213791370392
Movies,43,G4,reliability_quartile,Q4,rho_std,0.00021686867694370449
Movies,43,G4,reliability_quartile,Q4,mean_adaptation_utility,0.0007296730182133615
Movies,43,G4,reliability_quartile,Q4,harmful_fraction,0.5742971887550201
Movies,43,G4,reliability_quartile,Q4,mean_ce,1.5029513835906982
Movies,43,G4,reliability_quartile,Q4,accuracy,0.5783132314682007
Movies,43,G4,reliability,spearman_rho_vs_adaptation_utility,value,-0.008676779466497904
Movies,44,G0,intervention_delta,preserve,ce,0.0
Movies,44,G0,intervention_delta,preserve,accuracy,0.0
Movies,44,G0,intervention_delta,preserve,macro_f1,0.0
Movies,44,G0,adaptation_utility,preserve_minus_normal,mean,0.0
Movies,44,G0,adaptation_utility,preserve_minus_normal,positive_fraction,0.0
Movies,44,G0,adaptation_utility,preserve_minus_normal,harmful_fraction,0.0
Movies,44,G0,adaptation_utility,preserve_minus_normal,zero_fraction,1.0
Movies,44,G0-FT,intervention_delta,preserve,ce,0.0
Movies,44,G0-FT,intervention_delta,preserve,accuracy,0.0
Movies,44,G0-FT,intervention_delta,preserve,macro_f1,0.0
Movies,44,G0-FT,adaptation_utility,preserve_minus_normal,mean,0.0
Movies,44,G0-FT,adaptation_utility,preserve_minus_normal,positive_fraction,0.0
Movies,44,G0-FT,adaptation_utility,preserve_minus_normal,harmful_fraction,0.0
Movies,44,G0-FT,adaptation_utility,preserve_minus_normal,zero_fraction,1.0
Movies,44,G1,atom_coefficient,flat,atom1_order1,0.582365870475769
Movies,44,G1,atom_coefficient,flat,atom1_order2,0.5873668789863586
Movies,44,G1,atom_coefficient,flat,atom1_order3,0.562005341053009
Movies,44,G1,atom_coefficient,flat,atom2_order1,0.6904049515724182
Movies,44,G1,atom_coefficient,flat,atom2_order2,-0.016235776245594025
Movies,44,G1,atom_coefficient,flat,atom2_order3,-0.7232409715652466
Movies,44,G1,atom_coefficient,flat,atom3_order1,0.39187106490135193
Movies,44,G1,atom_coefficient,flat,atom3_order2,-0.8322852849960327
Movies,44,G1,atom_coefficient,flat,atom3_order3,0.39209482073783875
Movies,44,G1,atom_pair_cosine,flat,atom1_atom2,-0.013933360576629639
Movies,44,G1,atom_pair_cosine,flat,atom1_atom3,-0.04028511047363281
Movies,44,G1,atom_pair_cosine,flat,atom2_atom3,0.00048345327377319336
Movies,44,G1,routing_usage,flat_text,mean_probability_atom1,0.05071142315864563
Movies,44,G1,routing_usage,flat_text,mean_probability_atom2,0.6705060005187988
Movies,44,G1,routing_usage,flat_text,mean_probability_atom3,0.27878260612487793
Movies,44,G1,routing_entropy,flat_text,entropy_mean,0.7748710513114929
Movies,44,G1,routing_entropy,flat_text,entropy_std,0.012083262205123901
Movies,44,G1,routing_entropy,flat_text,effective_usage_exp_mean_entropy,2.1703121662139893
Movies,44,G1,routing_usage,flat_visual,mean_probability_atom1,0.03412438556551933
Movies,44,G1,routing_usage,flat_visual,mean_probability_atom2,0.7302762866020203
Movies,44,G1,routing_usage,flat_visual,mean_probability_atom3,0.2355993688106537
Movies,44,G1,routing_entropy,flat_visual,entropy_mean,0.6843127012252808
Movies,44,G1,routing_entropy,flat_visual,entropy_std,0.02438897080719471
Movies,44,G1,routing_entropy,flat_visual,effective_usage_exp_mean_entropy,1.982408881187439
Movies,44,G1,routing_disagreement,text_visual_flat_routing_js_mean,mean_js,0.0027390453033149242
Movies,44,G1,intervention_delta,preserve,ce,-0.0003180503845214844
Movies,44,G1,intervention_delta,preserve,accuracy,0.0
Movies,44,G1,intervention_delta,preserve,macro_f1,-0.0011179257341575877
Movies,44,G1,intervention_delta,uniform_route,ce,-0.0004621744155883789
Movies,44,G1,intervention_delta,uniform_route,accuracy,0.0020040273666381836
Movies,44,G1,intervention_delta,uniform_route,macro_f1,0.0007831712068268604
Movies,44,G1,adaptation_utility,preserve_minus_normal,mean,-0.00031795454560779035
Movies,44,G1,adaptation_utility,preserve_minus_normal,positive_fraction,0.4519038200378418
Movies,44,G1,adaptation_utility,preserve_minus_normal,harmful_fraction,0.5480961799621582
Movies,44,G1,adaptation_utility,preserve_minus_normal,zero_fraction,0.0
Movies,44,G2,atom_coefficient,shared,atom1_order1,0.5877138376235962
Movies,44,G2,atom_coefficient,shared,atom1_order2,0.5736316442489624
Movies,44,G2,atom_coefficient,shared,atom1_order3,0.5705604553222656
Movies,44,G2,atom_coefficient,shared,atom2_order1,0.683567225933075
Movies,44,G2,atom_coefficient,shared,atom2_order2,-0.022320350632071495
Movies,44,G2,atom_coefficient,shared,atom2_order3,-0.7295461893081665
Movies,44,G2,atom_coefficient,shared,atom3_order1,0.3934565782546997
Movies,44,G2,atom_coefficient,shared,atom3_order2,-0.8307631611824036
Movies,44,G2,atom_coefficient,shared,atom3_order3,0.39373138546943665
Movies,44,G2,atom_pair_cosine,shared,atom1_atom2,-0.02731195092201233
Movies,44,G2,atom_pair_cosine,shared,atom1_atom3,-0.02066461741924286
Movies,44,G2,atom_pair_cosine,shared,atom2_atom3,0.0002516806125640869
Movies,44,G2,atom_coefficient,private_text,atom1_order1,0.588021457195282
Movies,44,G2,atom_coefficient,private_text,atom1_order2,0.5765577554702759
Movies,44,G2,atom_coefficient,private_text,atom1_order3,0.5672847032546997
Movies,44,G2,atom_coefficient,private_text,atom2_order1,0.6839016079902649
Movies,44,G2,atom_coefficient,private_text,atom2_order2,-0.021576182916760445
Movies,44,G2,atom_coefficient,private_text,atom2_order3,-0.7292551398277283
Movies,44,G2,atom_pair_cosine,private_text,atom1_atom2,-0.023986369371414185
Movies,44,G2,atom_coefficient,private_visual,atom1_order1,0.5890027284622192
Movies,44,G2,atom_coefficient,private_visual,atom1_order2,0.5780686140060425
Movies,44,G2,atom_coefficient,private_visual,atom1_order3,0.5647233724594116
Movies,44,G2,atom_coefficient,private_visual,atom2_order1,0.6838163137435913
Movies,44,G2,atom_coefficient,private_visual,atom2_order2,-0.02194683998823166
Movies,44,G2,atom_coefficient,private_visual,atom2_order3,-0.7293241024017334
Movies,44,G2,atom_pair_cosine,private_visual,atom1_atom2,-0.02178347110748291
Movies,44,G2,routing_usage,shared_text,mean_probability_atom1,0.00010565132834017277
Movies,44,G2,routing_usage,shared_text,mean_probability_atom2,0.9981963038444519
Movies,44,G2,routing_usage,shared_text,mean_probability_atom3,0.0016980627551674843
Movies,44,G2,routing_entropy,shared_text,entropy_mean,0.013585698790848255
Movies,44,G2,routing_entropy,shared_text,entropy_std,0.0014804417733103037
Movies,44,G2,routing_entropy,shared_text,effective_usage_exp_mean_entropy,1.0136784315109253
Movies,44,G2,routing_usage,private_text,mean_probability_atom1,0.009899569675326347
Movies,44,G2,routing_usage,private_text,mean_probability_atom2,0.9901004433631897
Movies,44,G2,routing_entropy,private_text,entropy_mean,0.05550470948219299
Movies,44,G2,routing_entropy,private_text,entropy_std,0.0038125598803162575
Movies,44,G2,routing_entropy,private_text,effective_usage_exp_mean_entropy,1.057073950767517
Movies,44,G2,routing_usage,private_visual,mean_probability_atom1,0.06824765354394913
Movies,44,G2,routing_usage,private_visual,mean_probability_atom2,0.9317523241043091
Movies,44,G2,routing_entropy,private_visual,entropy_mean,0.2486860454082489
Movies,44,G2,routing_entropy,private_visual,entropy_std,0.018441766500473022
Movies,44,G2,routing_entropy,private_visual,effective_usage_exp_mean_entropy,1.282339334487915
Movies,44,G2,routing_disagreement,text_visual_private_routing_js_mean,mean_js,0.012722715735435486
Movies,44,G2,shared_private,mean_norm_shared,mean,0.998195230960846
Movies,44,G2,shared_private,mean_norm_private_text,mean,0.9899126887321472
Movies,44,G2,shared_private,mean_norm_private_visual,mean,0.932796835899353
Movies,44,G2,shared_private,cos_shared_private_text,mean,0.9999399781227112
Movies,44,G2,shared_private,cos_shared_private_visual,mean,0.9972487688064575
Movies,44,G2,intervention_delta,preserve,ce,-0.00031697750091552734
Movies,44,G2,intervention_delta,preserve,accuracy,0.0020040273666381836
Movies,44,G2,intervention_delta,preserve,macro_f1,0.001909757961043479
Movies,44,G2,intervention_delta,uniform_route,ce,-0.000567317008972168
Movies,44,G2,intervention_delta,uniform_route,accuracy,0.0030060410499572754
Movies,44,G2,intervention_delta,uniform_route,macro_f1,0.0026459034909694368
Movies,44,G2,intervention_delta,shared_off,ce,-0.00011360645294189453
Movies,44,G2,intervention_delta,shared_off,accuracy,0.0
Movies,44,G2,intervention_delta,shared_off,macro_f1,0.0
Movies,44,G2,intervention_delta,private_off,ce,8.821487426757812e-05
Movies,44,G2,intervention_delta,private_off,accuracy,0.0
Movies,44,G2,intervention_delta,private_off,macro_f1,0.0
Movies,44,G2,adaptation_utility,preserve_minus_normal,mean,-0.00031702997512184083
Movies,44,G2,adaptation_utility,preserve_minus_normal,positive_fraction,0.43587175011634827
Movies,44,G2,adaptation_utility,preserve_minus_normal,harmful_fraction,0.5641282796859741
Movies,44,G2,adaptation_utility,preserve_minus_normal,zero_fraction,0.0
Movies,44,G3,atom_coefficient,shared,atom1_order1,0.5876963138580322
Movies,44,G3,atom_coefficient,shared,atom1_order2,0.573606014251709
Movies,44,G3,atom_coefficient,shared,atom1_order3,0.5706042051315308
Movies,44,G3,atom_coefficient,shared,atom2_order1,0.6836318373680115
Movies,44,G3,atom_coefficient,shared,atom2_order2,-0.022234797477722168
Movies,44,G3,atom_coefficient,shared,atom2_order3,-0.7294881939888
Movies,44,G3,atom_coefficient,shared,atom3_order1,0.39357495307922363
Movies,44,G3,atom_coefficient,shared,atom3_order2,-0.8306536078453064
Movies,44,G3,atom_coefficient,shared,atom3_order3,0.3938443064689636
Movies,44,G3,atom_pair_cosine,shared,atom1_atom2,-0.02723515033721924
Movies,44,G3,atom_pair_cosine,shared,atom1_atom3,-0.020436152815818787
Movies,44,G3,atom_pair_cosine,shared,atom2_atom3,0.0002250373363494873
Movies,44,G3,atom_coefficient,private_text,atom1_order1,0.5880667567253113
Movies,44,G3,atom_coefficient,private_text,atom1_order2,0.5763628482818604
Movies,44,G3,atom_coefficient,private_text,atom1_order3,0.5674358010292053
Movies,44,G3,atom_coefficient,private_text,atom2_order1,0.6840109825134277
Movies,44,G3,atom_coefficient,private_text,atom2_order2,-0.021431157365441322
Movies,44,G3,atom_coefficient,private_text,atom2_order3,-0.7291569113731384
Movies,44,G3,atom_pair_cosine,private_text,atom1_atom2,-0.023857712745666504
Movies,44,G3,atom_coefficient,private_visual,atom1_order1,0.5890487432479858
Movies,44,G3,atom_coefficient,private_visual,atom1_order2,0.5776988863945007
Movies,44,G3,atom_coefficient,private_visual,atom1_order3,0.5650535821914673
Movies,44,G3,atom_coefficient,private_visual,atom2_order1,0.6838905811309814
Movies,44,G3,atom_coefficient,private_visual,atom2_order2,-0.021832387894392014
Movies,44,G3,atom_coefficient,private_visual,atom2_order3,-0.7292577624320984
Movies,44,G3,atom_pair_cosine,private_visual,atom1_atom2,-0.02183738350868225
Movies,44,G3,routing_usage,shared_text,mean_probability_atom1,0.00011612227535806596
Movies,44,G3,routing_usage,shared_text,mean_probability_atom2,0.9980033040046692
Movies,44,G3,routing_usage,shared_text,mean_probability_atom3,0.0018805174622684717
Movies,44,G3,routing_entropy,shared_text,entropy_mean,0.014832844026386738
Movies,44,G3,routing_entropy,shared_text,entropy_std,0.001642908318899572
Movies,44,G3,routing_entropy,shared_text,effective_usage_exp_mean_entropy,1.0149433612823486
Movies,44,G3,routing_usage,private_text,mean_probability_atom1,0.010459852404892445
Movies,44,G3,routing_usage,private_text,mean_probability_atom2,0.9895401000976562
Movies,44,G3,routing_entropy,private_text,entropy_mean,0.05806703120470047
Movies,44,G3,routing_entropy,private_text,entropy_std,0.003991818055510521
Movies,44,G3,routing_entropy,private_text,effective_usage_exp_mean_entropy,1.059786081314087
Movies,44,G3,routing_usage,private_visual,mean_probability_atom1,0.0698244646191597
Movies,44,G3,routing_usage,private_visual,mean_probability_atom2,0.9301755428314209
Movies,44,G3,routing_entropy,private_visual,entropy_mean,0.2528037428855896
Movies,44,G3,routing_entropy,private_visual,entropy_std,0.018107613548636436
Movies,44,G3,routing_entropy,private_visual,effective_usage_exp_mean_entropy,1.287630558013916
Movies,44,G3,routing_disagreement,text_visual_private_routing_js_mean,mean_js,0.012797052040696144
Movies,44,G3,shared_private,mean_norm_shared,mean,0.9980023503303528
Movies,44,G3,shared_private,mean_norm_private_text,mean,0.9893463253974915
Movies,44,G3,shared_private,mean_norm_private_visual,mean,0.9313024282455444
Movies,44,G3,shared_private,cos_shared_private_text,mean,0.9999323487281799
Movies,44,G3,shared_private,cos_shared_private_visual,mean,0.9971123337745667
Movies,44,G3,intervention_delta,preserve,ce,-0.00026702880859375
Movies,44,G3,intervention_delta,preserve,accuracy,0.0020040273666381836
Movies,44,G3,intervention_delta,preserve,macro_f1,0.001909757961043479
Movies,44,G3,intervention_delta,uniform_route,ce,-0.0005173683166503906
Movies,44,G3,intervention_delta,uniform_route,accuracy,0.0030060410499572754
Movies,44,G3,intervention_delta,uniform_route,macro_f1,0.0026459034909694368
Movies,44,G3,intervention_delta,shared_off,ce,-9.942054748535156e-05
Movies,44,G3,intervention_delta,shared_off,accuracy,0.0
Movies,44,G3,intervention_delta,shared_off,macro_f1,0.0
Movies,44,G3,intervention_delta,private_off,ce,7.43865966796875e-05
Movies,44,G3,intervention_delta,private_off,accuracy,0.0
Movies,44,G3,intervention_delta,private_off,macro_f1,0.0
Movies,44,G3,adaptation_utility,preserve_minus_normal,mean,-0.00026679880102165043
Movies,44,G3,adaptation_utility,preserve_minus_normal,positive_fraction,0.43687373399734497
Movies,44,G3,adaptation_utility,preserve_minus_normal,harmful_fraction,0.563126266002655
Movies,44,G3,adaptation_utility,preserve_minus_normal,zero_fraction,0.0
Movies,44,G3,reliability,rho_text_mean,value,0.10012086480855942
Movies,44,G3,reliability,rho_text_std,value,0.001594548113644123
Movies,44,G3,reliability,rho_visual_mean,value,0.1017017737030983
Movies,44,G3,reliability,rho_visual_std,value,0.0011095143854618073
Movies,44,G3,reliability,rho_mean,value,0.10091131180524826
Movies,44,G3,reliability,rho_std,value,0.0011011151364073157
Movies,44,G3,reliability_quartile,Q1,rho_mean,0.09960087388753891
Movies,44,G3,reliability_quartile,Q1,rho_std,0.00042968097841367126
Movies,44,G3,reliability_quartile,Q1,mean_adaptation_utility,-0.0016522528603672981
Movies,44,G3,reliability_quartile,Q1,harmful_fraction,0.576
Movies,44,G3,reliability_quartile,Q1,mean_ce,1.6867756843566895
Movies,44,G3,reliability_quartile,Q1,accuracy,0.47999998927116394
Movies,44,G3,reliability_quartile,Q2,rho_mean,0.10046524554491043
Movies,44,G3,reliability_quartile,Q2,rho_std,0.00018813561473507434
Movies,44,G3,reliability_quartile,Q2,mean_adaptation_utility,-0.000338652083883062
Movies,44,G3,reliability_quartile,Q2,harmful_fraction,0.508
Movies,44,G3,reliability_quartile,Q2,mean_ce,1.550182580947876
Movies,44,G3,reliability_quartile,Q2,accuracy,0.515999972820282
Movies,44,G3,reliability_quartile,Q3,rho_mean,0.1011706069111824
Movies,44,G3,reliability_quartile,Q3,rho_std,0.0002286940871272236
Movies,44,G3,reliability_quartile,Q3,mean_adaptation_utility,0.0004118985671084374
Movies,44,G3,reliability_quartile,Q3,harmful_fraction,0.5502008032128514
Movies,44,G3,reliability_quartile,Q3,mean_ce,1.514128565788269
Movies,44,G3,reliability_quartile,Q3,accuracy,0.5140562057495117
Movies,44,G3,reliability_quartile,Q4,rho_mean,0.10241559892892838
Movies,44,G3,reliability_quartile,Q4,rho_std,0.0005764932138845325
Movies,44,G3,reliability_quartile,Q4,mean_adaptation_utility,0.0005176639533601701
Movies,44,G3,reliability_quartile,Q4,harmful_fraction,0.6184738955823293
Movies,44,G3,reliability_quartile,Q4,mean_ce,1.050482153892517
Movies,44,G3,reliability_quartile,Q4,accuracy,0.7349397540092468
Movies,44,G3,reliability,spearman_rho_vs_adaptation_utility,value,0.03165701414261324
Movies,44,G4,atom_coefficient,shared,atom1_order1,0.5876972079277039
Movies,44,G4,atom_coefficient,shared,atom1_order2,0.5736019611358643
Movies,44,G4,atom_coefficient,shared,atom1_order3,0.5706073641777039
Movies,44,G4,atom_coefficient,shared,atom2_order1,0.6837135553359985
Movies,44,G4,atom_coefficient,shared,atom2_order2,-0.022155603393912315
Movies,44,G4,atom_coefficient,shared,atom2_order3,-0.729414165019989
Movies,44,G4,atom_coefficient,shared,atom3_order1,0.3936072587966919
Movies,44,G4,atom_coefficient,shared,atom3_order2,-0.8306319713592529
Movies,44,G4,atom_coefficient,shared,atom3_order3,0.39385759830474854
Movies,44,G4,atom_pair_cosine,shared,atom1_atom2,-0.02710103988647461
Movies,44,G4,atom_pair_cosine,shared,atom1_atom3,-0.02039220929145813
Movies,44,G4,atom_pair_cosine,shared,atom2_atom3,0.00023245811462402344
Movies,44,G4,atom_coefficient,private_text,atom1_order1,0.5880821347236633
Movies,44,G4,atom_coefficient,private_text,atom1_order2,0.5763283967971802
Movies,44,G4,atom_coefficient,private_text,atom1_order3,0.5674548149108887
Movies,44,G4,atom_coefficient,private_text,atom2_order1,0.6840976476669312
Movies,44,G4,atom_coefficient,private_text,atom2_order2,-0.0213411096483469
Movies,44,G4,atom_coefficient,private_text,atom2_order3,-0.7290781140327454
Movies,44,G4,atom_pair_cosine,private_text,atom1_atom2,-0.023712754249572754
Movies,44,G4,atom_coefficient,private_visual,atom1_order1,0.5890783667564392
Movies,44,G4,atom_coefficient,private_visual,atom1_order2,0.577593982219696
Movies,44,G4,atom_coefficient,private_visual,atom1_order3,0.5651299953460693
Movies,44,G4,atom_coefficient,private_visual,atom2_order1,0.6839700937271118
Movies,44,G4,atom_coefficient,private_visual,atom2_order2,-0.021750418469309807
Movies,44,G4,atom_coefficient,private_visual,atom2_order3,-0.7291857600212097
Movies,44,G4,atom_pair_cosine,private_visual,atom1_atom2,-0.021735668182373047
Movies,44,G4,routing_usage,shared_text,mean_probability_atom1,0.00011620327131822705
Movies,44,G4,routing_usage,shared_text,mean_probability_atom2,0.9979646801948547
Movies,44,G4,routing_usage,shared_text,mean_probability_atom3,0.0019190903985872865
Movies,44,G4,routing_entropy,shared_text,entropy_mean,0.015074103139340878
Movies,44,G4,routing_entropy,shared_text,entropy_std,0.001709123607724905
Movies,44,G4,routing_entropy,shared_text,effective_usage_exp_mean_entropy,1.0151883363723755
Movies,44,G4,routing_usage,private_text,mean_probability_atom1,0.010961620137095451
Movies,44,G4,routing_usage,private_text,mean_probability_atom2,0.9890384078025818
Movies,44,G4,routing_entropy,private_text,entropy_mean,0.060335975140333176
Movies,44,G4,routing_entropy,private_text,entropy_std,0.004148987587541342
Movies,44,G4,routing_entropy,private_text,effective_usage_exp_mean_entropy,1.0621933937072754
Movies,44,G4,routing_usage,private_visual,mean_probability_atom1,0.07110938429832458
Movies,44,G4,routing_usage,private_visual,mean_probability_atom2,0.928890585899353
Movies,44,G4,routing_entropy,private_visual,entropy_mean,0.2561338245868683
Movies,44,G4,routing_entropy,private_visual,entropy_std,0.017755279317498207
Movies,44,G4,routing_entropy,private_visual,effective_usage_exp_mean_entropy,1.2919255495071411
Movies,44,G4,routing_disagreement,text_visual_private_routing_js_mean,mean_js,0.012831081636250019
Movies,44,G4,shared_private,mean_norm_shared,mean,0.9979639649391174
Movies,44,G4,shared_private,mean_norm_private_text,mean,0.9888395071029663
Movies,44,G4,shared_private,mean_norm_private_visual,mean,0.9300970435142517
Movies,44,G4,shared_private,cos_shared_private_text,mean,0.9999261498451233
Movies,44,G4,shared_private,cos_shared_private_visual,mean,0.9970000386238098
Movies,44,G4,intervention_delta,preserve,ce,-0.00021064281463623047
Movies,44,G4,intervention_delta,preserve,accuracy,0.0020040273666381836
Movies,44,G4,intervention_delta,preserve,macro_f1,0.001909757961043479
Movies,44,G4,intervention_delta,uniform_route,ce,-0.0004290342330932617
Movies,44,G4,intervention_delta,uniform_route,accuracy,0.0030060410499572754
Movies,44,G4,intervention_delta,uniform_route,macro_f1,0.0026459034909694368
Movies,44,G4,intervention_delta,shared_off,ce,-8.022785186767578e-05
Movies,44,G4,intervention_delta,shared_off,accuracy,0.0
Movies,44,G4,intervention_delta,shared_off,macro_f1,0.0
Movies,44,G4,intervention_delta,private_off,ce,6.103515625e-05
Movies,44,G4,intervention_delta,private_off,accuracy,0.0
Movies,44,G4,intervention_delta,private_off,macro_f1,0.0
Movies,44,G4,adaptation_utility,preserve_minus_normal,mean,-0.00021066039334982634
Movies,44,G4,adaptation_utility,preserve_minus_normal,positive_fraction,0.43687373399734497
Movies,44,G4,adaptation_utility,preserve_minus_normal,harmful_fraction,0.563126266002655
Movies,44,G4,adaptation_utility,preserve_minus_normal,zero_fraction,0.0
Movies,44,G4,reliability,rho_text_mean,value,0.08200769126415253
Movies,44,G4,reliability,rho_text_std,value,0.001580461859703064
Movies,44,G4,reliability,rho_visual_mean,value,0.08201178908348083
Movies,44,G4,reliability,rho_visual_std,value,0.0010287361219525337
Movies,44,G4,reliability,rho_mean,value,0.08200974017381668
Movies,44,G4,reliability,rho_std,value,0.0010208816966041923
Movies,44,G4,reliability_quartile,Q1,rho_mean,0.08076920360326767
Movies,44,G4,reliability_quartile,Q1,rho_std,0.0004040584899485111
Movies,44,G4,reliability_quartile,Q1,mean_adaptation_utility,-0.0011033877963200212
Movies,44,G4,reliability_quartile,Q1,harmful_fraction,0.552
Movies,44,G4,reliability_quartile,Q1,mean_ce,1.590889573097229
Movies,44,G4,reliability_quartile,Q1,accuracy,0.515999972820282
Movies,44,G4,reliability_quartile,Q2,rho_mean,0.08160421252250671
Movies,44,G4,reliability_quartile,Q2,rho_std,0.0001805602223612368
Movies,44,G4,reliability_quartile,Q2,mean_adaptation_utility,-0.0004418941680341959
Movies,44,G4,reliability_quartile,Q2,harmful_fraction,0.544
Movies,44,G4,reliability_quartile,Q2,mean_ce,1.663930892944336
Movies,44,G4,reliability_quartile,Q2,accuracy,0.5
Movies,44,G4,reliability_quartile,Q3,rho_mean,0.08228874951601028
Movies,44,G4,reliability_quartile,Q3,rho_std,0.00020887525170110166
Movies,44,G4,reliability_quartile,Q3,mean_adaptation_utility,0.00010174647468375042
Movies,44,G4,reliability_quartile,Q3,harmful_fraction,0.5421686746987951
Movies,44,G4,reliability_quartile,Q3,mean_ce,1.506348729133606
Movies,44,G4,reliability_quartile,Q3,accuracy,0.49799197912216187
Movies,44,G4,reliability_quartile,Q4,rho_mean,0.08338339626789093
Movies,44,G4,reliability_quartile,Q4,rho_std,0.000511728401761502
Movies,44,G4,reliability_quartile,Q4,mean_adaptation_utility,0.0006054078112356365
Movies,44,G4,reliability_quartile,Q4,harmful_fraction,0.6144578313253012
Movies,44,G4,reliability_quartile,Q4,mean_ce,1.0399284362792969
Movies,44,G4,reliability_quartile,Q4,accuracy,0.7309237122535706
Movies,44,G4,reliability,spearman_rho_vs_adaptation_utility,value,0.03199685555186238
Grocery,42,G0,intervention_delta,preserve,ce,0.0
Grocery,42,G0,intervention_delta,preserve,accuracy,0.0
Grocery,42,G0,intervention_delta,preserve,macro_f1,0.0
Grocery,42,G0,adaptation_utility,preserve_minus_normal,mean,0.0
Grocery,42,G0,adaptation_utility,preserve_minus_normal,positive_fraction,0.0
Grocery,42,G0,adaptation_utility,preserve_minus_normal,harmful_fraction,0.0
Grocery,42,G0,adaptation_utility,preserve_minus_normal,zero_fraction,1.0
Grocery,42,G0-FT,intervention_delta,preserve,ce,0.0
Grocery,42,G0-FT,intervention_delta,preserve,accuracy,0.0
Grocery,42,G0-FT,intervention_delta,preserve,macro_f1,0.0
Grocery,42,G0-FT,adaptation_utility,preserve_minus_normal,mean,0.0
Grocery,42,G0-FT,adaptation_utility,preserve_minus_normal,positive_fraction,0.0
Grocery,42,G0-FT,adaptation_utility,preserve_minus_normal,harmful_fraction,0.0
Grocery,42,G0-FT,adaptation_utility,preserve_minus_normal,zero_fraction,1.0
Grocery,42,G1,atom_coefficient,flat,atom1_order1,0.517447829246521
Grocery,42,G1,atom_coefficient,flat,atom1_order2,0.6175966262817383
Grocery,42,G1,atom_coefficient,flat,atom1_order3,0.5923023819923401
Grocery,42,G1,atom_coefficient,flat,atom2_order1,0.6282115578651428
Grocery,42,G1,atom_coefficient,flat,atom2_order2,-0.07340043038129807
Grocery,42,G1,atom_coefficient,flat,atom2_order3,-0.774572491645813
Grocery,42,G1,atom_coefficient,flat,atom3_order1,0.3388315439224243
Grocery,42,G1,atom_coefficient,flat,atom3_order2,-0.8522836565971375
Grocery,42,G1,atom_coefficient,flat,atom3_order3,0.39850446581840515
Grocery,42,G1,atom_pair_cosine,flat,atom1_atom2,-0.17904627323150635
Grocery,42,G1,atom_pair_cosine,flat,atom1_atom3,-0.11500468850135803
Grocery,42,G1,atom_pair_cosine,flat,atom2_atom3,-0.03325474262237549
Grocery,42,G1,routing_usage,flat_text,mean_probability_atom1,0.004430334083735943
Grocery,42,G1,routing_usage,flat_text,mean_probability_atom2,0.47599905729293823
Grocery,42,G1,routing_usage,flat_text,mean_probability_atom3,0.5195705890655518
Grocery,42,G1,routing_entropy,flat_text,entropy_mean,0.5074806213378906
Grocery,42,G1,routing_entropy,flat_text,entropy_std,0.17840610444545746
Grocery,42,G1,routing_entropy,flat_text,effective_usage_exp_mean_entropy,1.66110098361969
Grocery,42,G1,routing_usage,flat_visual,mean_probability_atom1,0.46836891770362854
Grocery,42,G1,routing_usage,flat_visual,mean_probability_atom2,0.41374677419662476
Grocery,42,G1,routing_usage,flat_visual,mean_probability_atom3,0.1178843304514885
Grocery,42,G1,routing_entropy,flat_visual,entropy_mean,0.569535493850708
Grocery,42,G1,routing_entropy,flat_visual,entropy_std,0.29901036620140076
Grocery,42,G1,routing_entropy,flat_visual,effective_usage_exp_mean_entropy,1.7674459218978882
Grocery,42,G1,routing_disagreement,text_visual_flat_routing_js_mean,mean_js,0.29557299613952637
Grocery,42,G1,intervention_delta,preserve,ce,0.0003362298011779785
Grocery,42,G1,intervention_delta,preserve,accuracy,0.0
Grocery,42,G1,intervention_delta,preserve,macro_f1,0.00018143493871336513
Grocery,42,G1,intervention_delta,uniform_route,ce,0.0011581778526306152
Grocery,42,G1,intervention_delta,uniform_route,accuracy,0.0009784698486328125
Grocery,42,G1,intervention_delta,uniform_route,macro_f1,0.0007727140865351201
Grocery,42,G1,adaptation_utility,preserve_minus_normal,mean,0.0003361683920957148
Grocery,42,G1,adaptation_utility,preserve_minus_normal,positive_fraction,0.47749510407447815
Grocery,42,G1,adaptation_utility,preserve_minus_normal,harmful_fraction,0.5078278183937073
Grocery,42,G1,adaptation_utility,preserve_minus_normal,zero_fraction,0.014677103608846664
Grocery,42,G2,atom_coefficient,shared,atom1_order1,0.5909566283226013
Grocery,42,G2,atom_coefficient,shared,atom1_order2,0.5753179788589478
Grocery,42,G2,atom_coefficient,shared,atom1_order3,0.5654904842376709
Grocery,42,G2,atom_coefficient,shared,atom2_order1,0.6743391156196594
Grocery,42,G2,atom_coefficient,shared,atom2_order2,-0.03093809448182583
Grocery,42,G2,atom_coefficient,shared,atom2_order3,-0.7377734780311584
Grocery,42,G2,atom_coefficient,shared,atom3_order1,0.38850757479667664
Grocery,42,G2,atom_coefficient,shared,atom3_order2,-0.8352213501930237
Grocery,42,G2,atom_coefficient,shared,atom3_order3,0.38918787240982056
Grocery,42,G2,atom_pair_cosine,shared,atom1_atom2,-0.036497920751571655
Grocery,42,G2,atom_pair_cosine,shared,atom1_atom3,-0.030844688415527344
Grocery,42,G2,atom_pair_cosine,shared,atom2_atom3,0.0006935298442840576
Grocery,42,G2,atom_coefficient,private_text,atom1_order1,0.589178740978241
Grocery,42,G2,atom_coefficient,private_text,atom1_order2,0.5811753273010254
Grocery,42,G2,atom_coefficient,private_text,atom1_order3,0.561340868473053
Grocery,42,G2,atom_coefficient,private_text,atom2_order1,0.674371600151062
Grocery,42,G2,atom_coefficient,private_text,atom2_order2,-0.03021778166294098
Grocery,42,G2,atom_coefficient,private_text,atom2_order3,-0.7377735376358032
Grocery,42,G2,atom_pair_cosine,private_text,atom1_atom2,-0.03437885642051697
Grocery,42,G2,atom_coefficient,private_visual,atom1_order1,0.5876624584197998
Grocery,42,G2,atom_coefficient,private_visual,atom1_order2,0.5858407616615295
Grocery,42,G2,atom_coefficient,private_visual,atom1_order3,0.5580711960792542
Grocery,42,G2,atom_coefficient,private_visual,atom2_order1,0.6744419932365417
Grocery,42,G2,atom_coefficient,private_visual,atom2_order2,-0.03048655018210411
Grocery,42,G2,atom_coefficient,private_visual,atom2_order3,-0.7376981377601624
Grocery,42,G2,atom_pair_cosine,private_visual,atom1_atom2,-0.033204108476638794
Grocery,42,G2,routing_usage,shared_text,mean_probability_atom1,5.3322557505453005e-05
Grocery,42,G2,routing_usage,shared_text,mean_probability_atom2,0.9991562366485596
Grocery,42,G2,routing_usage,shared_text,mean_probability_atom3,0.0007904514786787331
Grocery,42,G2,routing_entropy,shared_text,entropy_mean,0.007009444292634726
Grocery,42,G2,routing_entropy,shared_text,entropy_std,0.0006425579194910824
Grocery,42,G2,routing_entropy,shared_text,effective_usage_exp_mean_entropy,1.0070340633392334
Grocery,42,G2,routing_usage,private_text,mean_probability_atom1,0.004853602033108473
Grocery,42,G2,routing_usage,private_text,mean_probability_atom2,0.9951464533805847
Grocery,42,G2,routing_entropy,private_text,entropy_mean,0.03068389743566513
Grocery,42,G2,routing_entropy,private_text,entropy_std,0.0022271692287176847
Grocery,42,G2,routing_entropy,private_text,effective_usage_exp_mean_entropy,1.031159520149231
Grocery,42,G2,routing_usage,private_visual,mean_probability_atom1,0.01004905067384243
Grocery,42,G2,routing_usage,private_visual,mean_probability_atom2,0.989950954914093
Grocery,42,G2,routing_entropy,private_visual,entropy_mean,0.056151147931814194
Grocery,42,G2,routing_entropy,private_visual,entropy_std,0.005635047797113657
Grocery,42,G2,routing_entropy,private_visual,effective_usage_exp_mean_entropy,1.0577576160430908
Grocery,42,G2,routing_disagreement,text_visual_private_routing_js_mean,mean_js,0.00047829028335399926
Grocery,42,G2,shared_private,mean_norm_shared,mean,0.9991552233695984
Grocery,42,G2,shared_private,mean_norm_private_text,mean,0.9949914216995239
Grocery,42,G2,shared_private,mean_norm_private_visual,mean,0.9896689057350159
Grocery,42,G2,shared_private,cos_shared_private_text,mean,0.9999849796295166
Grocery,42,G2,shared_private,cos_shared_private_visual,mean,0.9999435544013977
Grocery,42,G2,intervention_delta,preserve,ce,-0.0001736283302307129
Grocery,42,G2,intervention_delta,preserve,accuracy,-0.001956939697265625
Grocery,42,G2,intervention_delta,preserve,macro_f1,-0.006302891059738802
Grocery,42,G2,intervention_delta,uniform_route,ce,0.0012753605842590332
Grocery,42,G2,intervention_delta,uniform_route,accuracy,0.0009784698486328125
Grocery,42,G2,intervention_delta,uniform_route,macro_f1,0.0006562981423859915
Grocery,42,G2,intervention_delta,shared_off,ce,5.364418029785156e-07
Grocery,42,G2,intervention_delta,shared_off,accuracy,0.0
Grocery,42,G2,intervention_delta,shared_off,macro_f1,0.0
Grocery,42,G2,intervention_delta,private_off,ce,-4.470348358154297e-06
Grocery,42,G2,intervention_delta,private_off,accuracy,0.0
Grocery,42,G2,intervention_delta,private_off,macro_f1,0.0
Grocery,42,G2,adaptation_utility,preserve_minus_normal,mean,-0.00017365407256875187
Grocery,42,G2,adaptation_utility,preserve_minus_normal,positive_fraction,0.26223093271255493
Grocery,42,G2,adaptation_utility,preserve_minus_normal,harmful_fraction,0.732876718044281
Grocery,42,G2,adaptation_utility,preserve_minus_normal,zero_fraction,0.004892367869615555
Grocery,42,G3,atom_coefficient,shared,atom1_order1,0.5915209650993347
Grocery,42,G3,atom_coefficient,shared,atom1_order2,0.5752175450325012
Grocery,42,G3,atom_coefficient,shared,atom1_order3,0.56500244140625
Grocery,42,G3,atom_coefficient,shared,atom2_order1,0.6630343794822693
Grocery,42,G3,atom_coefficient,shared,atom2_order2,-0.0408908873796463
Grocery,42,G3,atom_coefficient,shared,atom2_order3,-0.7474713921546936
Grocery,42,G3,atom_coefficient,shared,atom3_order1,0.38690185546875
Grocery,42,G3,atom_coefficient,shared,atom3_order2,-0.8364309072494507
Grocery,42,G3,atom_coefficient,shared,atom3_order3,0.3881887197494507
Grocery,42,G3,atom_pair_cosine,shared,atom1_atom2,-0.053645581007003784
Grocery,42,G3,atom_pair_cosine,shared,atom1_atom3,-0.032941609621047974
Grocery,42,G3,atom_pair_cosine,shared,atom2_atom3,0.0005716681480407715
Grocery,42,G3,atom_coefficient,private_text,atom1_order1,0.5893712043762207
Grocery,42,G3,atom_coefficient,private_text,atom1_order2,0.5818842053413391
Grocery,42,G3,atom_coefficient,private_text,atom1_order3,0.5604037046432495
Grocery,42,G3,atom_coefficient,private_text,atom2_order1,0.6643894910812378
Grocery,42,G3,atom_coefficient,private_text,atom2_order2,-0.03828621283173561
Grocery,42,G3,atom_coefficient,private_text,atom2_order3,-0.7464052438735962
Grocery,42,G3,atom_pair_cosine,private_text,atom1_atom2,-0.048994362354278564
Grocery,42,G3,atom_coefficient,private_visual,atom1_order1,0.5875325798988342
Grocery,42,G3,atom_coefficient,private_visual,atom1_order2,0.5873740911483765
Grocery,42,G3,atom_coefficient,private_visual,atom1_order3,0.5565943717956543
Grocery,42,G3,atom_coefficient,private_visual,atom2_order1,0.6625232100486755
Grocery,42,G3,atom_coefficient,private_visual,atom2_order2,-0.041097838431596756
Grocery,42,G3,atom_coefficient,private_visual,atom2_order3,-0.7479130029678345
Grocery,42,G3,atom_pair_cosine,private_visual,atom1_atom2,-0.0511699914932251
Grocery,42,G3,routing_usage,shared_text,mean_probability_atom1,2.1572175683104433e-05
Grocery,42,G3,routing_usage,shared_text,mean_probability_atom2,0.9996305704116821
Grocery,42,G3,routing_usage,shared_text,mean_probability_atom3,0.00034781251451931894
Grocery,42,G3,routing_entropy,shared_text,entropy_mean,0.003369004698470235
Grocery,42,G3,routing_entropy,shared_text,entropy_std,0.00030780615634284914
Grocery,42,G3,routing_entropy,shared_text,effective_usage_exp_mean_entropy,1.003374695777893
Grocery,42,G3,routing_usage,private_text,mean_probability_atom1,0.0027815161738544703
Grocery,42,G3,routing_usage,private_text,mean_probability_atom2,0.9972184300422668
Grocery,42,G3,routing_entropy,private_text,entropy_mean,0.0191352479159832
Grocery,42,G3,routing_entropy,private_text,entropy_std,0.0014533317880705
Grocery,42,G3,routing_entropy,private_text,effective_usage_exp_mean_entropy,1.0193195343017578
Grocery,42,G3,routing_usage,private_visual,mean_probability_atom1,0.004437667783349752
Grocery,42,G3,routing_usage,private_visual,mean_probability_atom2,0.9955623745918274
Grocery,42,G3,routing_entropy,private_visual,entropy_mean,0.02843520976603031
Grocery,42,G3,routing_entropy,private_visual,entropy_std,0.0029774426948279142
Grocery,42,G3,routing_entropy,private_visual,effective_usage_exp_mean_entropy,1.0288434028625488
Grocery,42,G3,routing_disagreement,text_visual_private_routing_js_mean,mean_js,0.00010413577547296882
Grocery,42,G3,shared_private,mean_norm_shared,mean,0.9996298551559448
Grocery,42,G3,shared_private,mean_norm_private_text,mean,0.9970861673355103
Grocery,42,G3,shared_private,mean_norm_private_visual,mean,0.9953451752662659
Grocery,42,G3,shared_private,cos_shared_private_text,mean,0.9999826550483704
Grocery,42,G3,shared_private,cos_shared_private_visual,mean,0.9999926090240479
Grocery,42,G3,intervention_delta,preserve,ce,-7.617473602294922e-05
Grocery,42,G3,intervention_delta,preserve,accuracy,0.0009784698486328125
Grocery,42,G3,intervention_delta,preserve,macro_f1,0.0004301257789082191
Grocery,42,G3,intervention_delta,uniform_route,ce,0.00017130374908447266
Grocery,42,G3,intervention_delta,uniform_route,accuracy,0.0009784698486328125
Grocery,42,G3,intervention_delta,uniform_route,macro_f1,0.0004301257789082191
Grocery,42,G3,intervention_delta,shared_off,ce,-2.8014183044433594e-06
Grocery,42,G3,intervention_delta,shared_off,accuracy,0.0
Grocery,42,G3,intervention_delta,shared_off,macro_f1,0.0
Grocery,42,G3,intervention_delta,private_off,ce,-3.635883331298828e-06
Grocery,42,G3,intervention_delta,private_off,accuracy,0.0
Grocery,42,G3,intervention_delta,private_off,macro_f1,0.0
Grocery,42,G3,adaptation_utility,preserve_minus_normal,mean,-7.622280827490613e-05
Grocery,42,G3,adaptation_utility,preserve_minus_normal,positive_fraction,0.2514677047729492
Grocery,42,G3,adaptation_utility,preserve_minus_normal,harmful_fraction,0.7309197783470154
Grocery,42,G3,adaptation_utility,preserve_minus_normal,zero_fraction,0.017612524330615997
Grocery,42,G3,reliability,rho_text_mean,value,0.01646135188639164
Grocery,42,G3,reliability,rho_text_std,value,0.0006971110706217587
Grocery,42,G3,reliability,rho_visual_mean,value,0.024272490292787552
Grocery,42,G3,reliability,rho_visual_std,value,0.001273765810765326
Grocery,42,G3,reliability,rho_mean,value,0.02036692015826702
Grocery,42,G3,reliability,rho_std,value,0.0008387236157432199
Grocery,42,G3,reliability_quartile,Q1,rho_mean,0.019399605691432953
Grocery,42,G3,reliability_quartile,Q1,rho_std,0.0002563593443483114
Grocery,42,G3,reliability_quartile,Q1,mean_adaptation_utility,7.154456397984177e-05
Grocery,42,G3,reliability_quartile,Q1,harmful_fraction,0.64453125
Grocery,42,G3,reliability_quartile,Q1,mean_ce,1.128794550895691
Grocery,42,G3,reliability_quartile,Q1,accuracy,0.765625
Grocery,42,G3,reliability_quartile,Q2,rho_mean,0.019987275823950768
Grocery,42,G3,reliability_quartile,Q2,rho_std,0.0001432892313459888
Grocery,42,G3,reliability_quartile,Q2,mean_adaptation_utility,-8.434682240476832e-05
Grocery,42,G3,reliability_quartile,Q2,harmful_fraction,0.73828125
Grocery,42,G3,reliability_quartile,Q2,mean_ce,0.8384312987327576
Grocery,42,G3,reliability_quartile,Q2,accuracy,0.81640625
Grocery,42,G3,reliability_quartile,Q3,rho_mean,0.02057028003036976
Grocery,42,G3,reliability_quartile,Q3,rho_std,0.0002063547435682267
Grocery,42,G3,reliability_quartile,Q3,mean_adaptation_utility,-0.00014800736971665174
Grocery,42,G3,reliability_quartile,Q3,harmful_fraction,0.7764705882352941
Grocery,42,G3,reliability_quartile,Q3,mean_ce,0.5927778482437134
Grocery,42,G3,reliability_quartile,Q3,accuracy,0.8745098114013672
Grocery,42,G3,reliability_quartile,Q4,rho_mean,0.021515801548957825
Grocery,42,G3,reliability_quartile,Q4,rho_std,0.0004948038840666413
Grocery,42,G3,reliability_quartile,Q4,mean_adaptation_utility,-0.00014462924445979297
Grocery,42,G3,reliability_quartile,Q4,harmful_fraction,0.7647058823529411
Grocery,42,G3,reliability_quartile,Q4,mean_ce,0.3055111765861511
Grocery,42,G3,reliability_quartile,Q4,accuracy,0.9098039269447327
Grocery,42,G3,reliability,spearman_rho_vs_adaptation_utility,value,0.04458657512143626
Grocery,42,G4,atom_coefficient,shared,atom1_order1,0.5915380120277405
Grocery,42,G4,atom_coefficient,shared,atom1_order2,0.5751793384552002
Grocery,42,G4,atom_coefficient,shared,atom1_order3,0.5650233030319214
Grocery,42,G4,atom_coefficient,shared,atom2_order1,0.6639718413352966
Grocery,42,G4,atom_coefficient,shared,atom2_order2,-0.03997845575213432
Grocery,42,G4,atom_coefficient,shared,atom2_order3,-0.7466880083084106
Grocery,42,G4,atom_coefficient,shared,atom3_order1,0.3869536221027374
Grocery,42,G4,atom_coefficient,shared,atom3_order2,-0.836394190788269
Grocery,42,G4,atom_coefficient,shared,atom3_order3,0.38821616768836975
Grocery,42,G4,atom_pair_cosine,shared,atom1_atom2,-0.05212634801864624
Grocery,42,G4,atom_pair_cosine,shared,atom1_atom3,-0.03282769024372101
Grocery,42,G4,atom_pair_cosine,shared,atom2_atom3,0.0004876852035522461
Grocery,42,G4,atom_coefficient,private_text,atom1_order1,0.5894062519073486
Grocery,42,G4,atom_coefficient,private_text,atom1_order2,0.5818068981170654
Grocery,42,G4,atom_coefficient,private_text,atom1_order3,0.5604471564292908
Grocery,42,G4,atom_coefficient,private_text,atom2_order1,0.6652970314025879
Grocery,42,G4,atom_coefficient,private_text,atom2_order2,-0.037427544593811035
Grocery,42,G4,atom_coefficient,private_text,atom2_order3,-0.7456400394439697
Grocery,42,G4,atom_pair_cosine,private_text,atom1_atom2,-0.04753720760345459
Grocery,42,G4,atom_coefficient,private_visual,atom1_order1,0.5875779390335083
Grocery,42,G4,atom_coefficient,private_visual,atom1_order2,0.5872901678085327
Grocery,42,G4,atom_coefficient,private_visual,atom1_order3,0.5566349625587463
Grocery,42,G4,atom_coefficient,private_visual,atom2_order1,0.6635423302650452
Grocery,42,G4,atom_coefficient,private_visual,atom2_order2,-0.040107082575559616
Grocery,42,G4,atom_coefficient,private_visual,atom2_order3,-0.7470629811286926
Grocery,42,G4,atom_pair_cosine,private_visual,atom1_atom2,-0.049513041973114014
Grocery,42,G4,routing_usage,shared_text,mean_probability_atom1,2.163099270546809e-05
Grocery,42,G4,routing_usage,shared_text,mean_probability_atom2,0.999620258808136
Grocery,42,G4,routing_usage,shared_text,mean_probability_atom3,0.00035815630690194666
Grocery,42,G4,routing_entropy,shared_text,entropy_mean,0.0034521878696978092
Grocery,42,G4,routing_entropy,shared_text,entropy_std,0.000284983980236575
Grocery,42,G4,routing_entropy,shared_text,effective_usage_exp_mean_entropy,1.0034581422805786
Grocery,42,G4,routing_usage,private_text,mean_probability_atom1,0.003256779396906495
Grocery,42,G4,routing_usage,private_text,mean_probability_atom2,0.9967432618141174
Grocery,42,G4,routing_entropy,private_text,entropy_mean,0.021891843527555466
Grocery,42,G4,routing_entropy,private_text,entropy_std,0.00154979492072016
Grocery,42,G4,routing_entropy,private_text,effective_usage_exp_mean_entropy,1.022133231163025
Grocery,42,G4,routing_usage,private_visual,mean_probability_atom1,0.006193864159286022
Grocery,42,G4,routing_usage,private_visual,mean_probability_atom2,0.9938061237335205
Grocery,42,G4,routing_entropy,private_visual,entropy_mean,0.03760282322764397
Grocery,42,G4,routing_entropy,private_visual,entropy_std,0.0044679706916213036
Grocery,42,G4,routing_entropy,private_visual,effective_usage_exp_mean_entropy,1.0383187532424927
Grocery,42,G4,routing_disagreement,text_visual_private_routing_js_mean,mean_js,0.0002441894612275064
Grocery,42,G4,shared_private,mean_norm_shared,mean,0.9996193051338196
Grocery,42,G4,shared_private,mean_norm_private_text,mean,0.996593713760376
Grocery,42,G4,shared_private,mean_norm_private_visual,mean,0.9935190677642822
Grocery,42,G4,shared_private,cos_shared_private_text,mean,0.9999801516532898
Grocery,42,G4,shared_private,cos_shared_private_visual,mean,0.9999832510948181
Grocery,42,G4,intervention_delta,preserve,ce,-3.910064697265625e-05
Grocery,42,G4,intervention_delta,preserve,accuracy,0.0009784698486328125
Grocery,42,G4,intervention_delta,preserve,macro_f1,0.0004301257789082191
Grocery,42,G4,intervention_delta,uniform_route,ce,0.00011628866195678711
Grocery,42,G4,intervention_delta,uniform_route,accuracy,0.0009784698486328125
Grocery,42,G4,intervention_delta,uniform_route,macro_f1,0.0004301257789082191
Grocery,42,G4,intervention_delta,shared_off,ce,-1.5497207641601562e-06
Grocery,42,G4,intervention_delta,shared_off,accuracy,0.0
Grocery,42,G4,intervention_delta,shared_off,macro_f1,0.0
Grocery,42,G4,intervention_delta,private_off,ce,-2.3245811462402344e-06
Grocery,42,G4,intervention_delta,private_off,accuracy,0.0
Grocery,42,G4,intervention_delta,private_off,macro_f1,0.0
Grocery,42,G4,adaptation_utility,preserve_minus_normal,mean,-3.912543979822658e-05
Grocery,42,G4,adaptation_utility,preserve_minus_normal,positive_fraction,0.24657534062862396
Grocery,42,G4,adaptation_utility,preserve_minus_normal,harmful_fraction,0.7123287916183472
Grocery,42,G4,adaptation_utility,preserve_minus_normal,zero_fraction,0.04109589010477066
Grocery,42,G4,reliability,rho_text_mean,value,0.011171889491379261
Grocery,42,G4,reliability,rho_text_std,value,0.00022485709632746875
Grocery,42,G4,reliability,rho_visual_mean,value,0.014054927043616772
Grocery,42,G4,reliability,rho_visual_std,value,0.0003945019270759076
Grocery,42,G4,reliability,rho_mean,value,0.012613408267498016
Grocery,42,G4,reliability,rho_std,value,0.0002489620528649539
Grocery,42,G4,reliability_quartile,Q1,rho_mean,0.012300165370106697
Grocery,42,G4,reliability_quartile,Q1,rho_std,0.00010262436262564734
Grocery,42,G4,reliability_quartile,Q1,mean_adaptation_utility,-4.3393294617999345e-05
Grocery,42,G4,reliability_quartile,Q1,harmful_fraction,0.6328125
Grocery,42,G4,reliability_quartile,Q1,mean_ce,1.3194478750228882
Grocery,42,G4,reliability_quartile,Q1,accuracy,0.703125
Grocery,42,G4,reliability_quartile,Q2,rho_mean,0.012528405524790287
Grocery,42,G4,reliability_quartile,Q2,rho_std,4.757536225952208e-05
Grocery,42,G4,reliability_quartile,Q2,mean_adaptation_utility,8.51767254061997e-06
Grocery,42,G4,reliability_quartile,Q2,harmful_fraction,0.7421875
Grocery,42,G4,reliability_quartile,Q2,mean_ce,0.7068773508071899
Grocery,42,G4,reliability_quartile,Q2,accuracy,0.8515625
Grocery,42,G4,reliability_quartile,Q3,rho_mean,0.012690650299191475
Grocery,42,G4,reliability_quartile,Q3,rho_std,5.116058309795335e-05
Grocery,42,G4,reliability_quartile,Q3,mean_adaptation_utility,-5.725525988964364e-05
Grocery,42,G4,reliability_quartile,Q3,harmful_fraction,0.7333333333333333
Grocery,42,G4,reliability_quartile,Q3,mean_ce,0.43278563022613525
Grocery,42,G4,reliability_quartile,Q3,accuracy,0.9137254953384399
Grocery,42,G4,reliability_quartile,Q4,rho_mean,0.012935974635183811
Grocery,42,G4,reliability_quartile,Q4,rho_std,0.0001310607185587287
Grocery,42,G4,reliability_quartile,Q4,mean_adaptation_utility,-6.454101094277576e-05
Grocery,42,G4,reliability_quartile,Q4,harmful_fraction,0.7411764705882353
Grocery,42,G4,reliability_quartile,Q4,mean_ce,0.40675055980682373
Grocery,42,G4,reliability_quartile,Q4,accuracy,0.8980392217636108
Grocery,42,G4,reliability,spearman_rho_vs_adaptation_utility,value,0.06999630583182583
Grocery,43,G0,intervention_delta,preserve,ce,0.0
Grocery,43,G0,intervention_delta,preserve,accuracy,0.0
Grocery,43,G0,intervention_delta,preserve,macro_f1,0.0
Grocery,43,G0,adaptation_utility,preserve_minus_normal,mean,0.0
Grocery,43,G0,adaptation_utility,preserve_minus_normal,positive_fraction,0.0
Grocery,43,G0,adaptation_utility,preserve_minus_normal,harmful_fraction,0.0
Grocery,43,G0,adaptation_utility,preserve_minus_normal,zero_fraction,1.0
Grocery,43,G0-FT,intervention_delta,preserve,ce,0.0
Grocery,43,G0-FT,intervention_delta,preserve,accuracy,0.0
Grocery,43,G0-FT,intervention_delta,preserve,macro_f1,0.0
Grocery,43,G0-FT,adaptation_utility,preserve_minus_normal,mean,0.0
Grocery,43,G0-FT,adaptation_utility,preserve_minus_normal,positive_fraction,0.0
Grocery,43,G0-FT,adaptation_utility,preserve_minus_normal,harmful_fraction,0.0
Grocery,43,G0-FT,adaptation_utility,preserve_minus_normal,zero_fraction,1.0
Grocery,43,G1,atom_coefficient,flat,atom1_order1,0.5720142126083374
Grocery,43,G1,atom_coefficient,flat,atom1_order2,0.5907874703407288
Grocery,43,G1,atom_coefficient,flat,atom1_order3,0.5690078139305115
Grocery,43,G1,atom_coefficient,flat,atom2_order1,0.6873210668563843
Grocery,43,G1,atom_coefficient,flat,atom2_order2,-0.01935659535229206
Grocery,43,G1,atom_coefficient,flat,atom2_order3,-0.7260957360267639
Grocery,43,G1,atom_coefficient,flat,atom3_order1,0.3896242678165436
Grocery,43,G1,atom_coefficient,flat,atom3_order2,-0.8349034786224365
Grocery,43,G1,atom_coefficient,flat,atom3_order3,0.3887532353401184
Grocery,43,G1,atom_pair_cosine,flat,atom1_atom2,-0.03143236041069031
Grocery,43,G1,atom_pair_cosine,flat,atom1_atom3,-0.04917627573013306
Grocery,43,G1,atom_pair_cosine,flat,atom2_atom3,0.0016857683658599854
Grocery,43,G1,routing_usage,flat_text,mean_probability_atom1,0.03192133828997612
Grocery,43,G1,routing_usage,flat_text,mean_probability_atom2,0.8108530044555664
Grocery,43,G1,routing_usage,flat_text,mean_probability_atom3,0.1572256237268448
Grocery,43,G1,routing_entropy,flat_text,entropy_mean,0.5704628229141235
Grocery,43,G1,routing_entropy,flat_text,entropy_std,0.01932736113667488
Grocery,43,G1,routing_entropy,flat_text,effective_usage_exp_mean_entropy,1.7690856456756592
Grocery,43,G1,routing_usage,flat_visual,mean_probability_atom1,0.05593716725707054
Grocery,43,G1,routing_usage,flat_visual,mean_probability_atom2,0.2957337498664856
Grocery,43,G1,routing_usage,flat_visual,mean_probability_atom3,0.6483290195465088
Grocery,43,G1,routing_entropy,flat_visual,entropy_mean,0.8016402125358582
Grocery,43,G1,routing_entropy,flat_visual,entropy_std,0.015832001343369484
Grocery,43,G1,routing_entropy,flat_visual,effective_usage_exp_mean_entropy,2.229194164276123
Grocery,43,G1,routing_disagreement,text_visual_flat_routing_js_mean,mean_js,0.14469704031944275
Grocery,43,G1,intervention_delta,preserve,ce,6.9141387939453125e-06
Grocery,43,G1,intervention_delta,preserve,accuracy,0.0
Grocery,43,G1,intervention_delta,preserve,macro_f1,-0.00042852828457384806
Grocery,43,G1,intervention_delta,uniform_route,ce,0.0004712343215942383
Grocery,43,G1,intervention_delta,uniform_route,accuracy,0.0009784698486328125
Grocery,43,G1,intervention_delta,uniform_route,macro_f1,0.000803748177961694
Grocery,43,G1,adaptation_utility,preserve_minus_normal,mean,6.964353815419599e-06
Grocery,43,G1,adaptation_utility,preserve_minus_normal,positive_fraction,0.31702545285224915
Grocery,43,G1,adaptation_utility,preserve_minus_normal,harmful_fraction,0.6761252284049988
Grocery,43,G1,adaptation_utility,preserve_minus_normal,zero_fraction,0.006849315017461777
Grocery,43,G2,atom_coefficient,shared,atom1_order1,0.584710955619812
Grocery,43,G2,atom_coefficient,shared,atom1_order2,0.575080931186676
Grocery,43,G2,atom_coefficient,shared,atom1_order3,0.5721844434738159
Grocery,43,G2,atom_coefficient,shared,atom2_order1,0.7001948952674866
Grocery,43,G2,atom_coefficient,shared,atom2_order2,-0.00694184610620141
Grocery,43,G2,atom_coefficient,shared,atom2_order3,-0.7139179706573486
Grocery,43,G2,atom_coefficient,shared,atom3_order1,0.40485039353370667
Grocery,43,G2,atom_coefficient,shared,atom3_order2,-0.8218751549720764
Grocery,43,G2,atom_coefficient,shared,atom3_order3,0.40077105164527893
Grocery,43,G2,atom_pair_cosine,shared,atom1_atom2,-0.0030732154846191406
Grocery,43,G2,atom_pair_cosine,shared,atom1_atom3,-0.006609290838241577
Grocery,43,G2,atom_pair_cosine,shared,atom2_atom3,0.0030618607997894287
Grocery,43,G2,atom_coefficient,private_text,atom1_order1,0.5852083563804626
Grocery,43,G2,atom_coefficient,private_text,atom1_order2,0.5746662616729736
Grocery,43,G2,atom_coefficient,private_text,atom1_order3,0.572092592716217
Grocery,43,G2,atom_coefficient,private_text,atom2_order1,0.700165867805481
Grocery,43,G2,atom_coefficient,private_text,atom2_order2,-0.006973130162805319
Grocery,43,G2,atom_coefficient,private_text,atom2_order3,-0.7139462232589722
Grocery,43,G2,atom_pair_cosine,private_text,atom1_atom2,-0.0027076303958892822
Grocery,43,G2,atom_coefficient,private_visual,atom1_order1,0.5841243267059326
Grocery,43,G2,atom_coefficient,private_visual,atom1_order2,0.5765799283981323
Grocery,43,G2,atom_coefficient,private_visual,atom1_order3,0.5712743997573853
Grocery,43,G2,atom_coefficient,private_visual,atom2_order1,0.7001621127128601
Grocery,43,G2,atom_coefficient,private_visual,atom2_order2,-0.00687693664804101
Grocery,43,G2,atom_coefficient,private_visual,atom2_order3,-0.7139509320259094
Grocery,43,G2,atom_pair_cosine,private_visual,atom1_atom2,-0.002845287322998047
Grocery,43,G2,routing_usage,shared_text,mean_probability_atom1,0.043916307389736176
Grocery,43,G2,routing_usage,shared_text,mean_probability_atom2,0.8647633790969849
Grocery,43,G2,routing_usage,shared_text,mean_probability_atom3,0.09132035821676254
Grocery,43,G2,routing_entropy,shared_text,entropy_mean,0.4802209734916687
Grocery,43,G2,routing_entropy,shared_text,entropy_std,0.039189305156469345
Grocery,43,G2,routing_entropy,shared_text,effective_usage_exp_mean_entropy,1.6164315938949585
Grocery,43,G2,routing_usage,private_text,mean_probability_atom1,0.250315397977829
Grocery,43,G2,routing_usage,private_text,mean_probability_atom2,0.7496846318244934
Grocery,43,G2,routing_entropy,private_text,entropy_mean,0.5620992183685303
Grocery,43,G2,routing_entropy,private_text,entropy_std,0.016209019348025322
Grocery,43,G2,routing_entropy,private_text,effective_usage_exp_mean_entropy,1.7543513774871826
Grocery,43,G2,routing_usage,private_visual,mean_probability_atom1,0.2630079686641693
Grocery,43,G2,routing_usage,private_visual,mean_probability_atom2,0.7369921207427979
Grocery,43,G2,routing_entropy,private_visual,entropy_mean,0.5756394863128662
Grocery,43,G2,routing_entropy,private_visual,entropy_std,0.014797803945839405
Grocery,43,G2,routing_entropy,private_visual,effective_usage_exp_mean_entropy,1.7782673835754395
Grocery,43,G2,routing_disagreement,text_visual_private_routing_js_mean,mean_js,0.0003661277878563851
Grocery,43,G2,shared_private,mean_norm_shared,mean,0.8709186315536499
Grocery,43,G2,shared_private,mean_norm_private_text,mean,0.7899488210678101
Grocery,43,G2,shared_private,mean_norm_private_visual,mean,0.7820309400558472
Grocery,43,G2,shared_private,cos_shared_private_text,mean,0.9573704600334167
Grocery,43,G2,shared_private,cos_shared_private_visual,mean,0.9515570998191833
Grocery,43,G2,intervention_delta,preserve,ce,-0.00025600194931030273
Grocery,43,G2,intervention_delta,preserve,accuracy,0.0019569993019104004
Grocery,43,G2,intervention_delta,preserve,macro_f1,0.0013821252546231122
Grocery,43,G2,intervention_delta,uniform_route,ce,0.0008283257484436035
Grocery,43,G2,intervention_delta,uniform_route,accuracy,0.003913938999176025
Grocery,43,G2,intervention_delta,uniform_route,macro_f1,0.0034136723744873088
Grocery,43,G2,intervention_delta,shared_off,ce,0.00010991096496582031
Grocery,43,G2,intervention_delta,shared_off,accuracy,0.0009785294532775879
Grocery,43,G2,intervention_delta,shared_off,macro_f1,0.0006896367133051307
Grocery,43,G2,intervention_delta,private_off,ce,-0.0002111196517944336
Grocery,43,G2,intervention_delta,private_off,accuracy,-0.0009784698486328125
Grocery,43,G2,intervention_delta,private_off,macro_f1,-0.0016823993830474837
Grocery,43,G2,adaptation_utility,preserve_minus_normal,mean,-0.0002560325083322823
Grocery,43,G2,adaptation_utility,preserve_minus_normal,positive_fraction,0.38747555017471313
Grocery,43,G2,adaptation_utility,preserve_minus_normal,harmful_fraction,0.6105675101280212
Grocery,43,G2,adaptation_utility,preserve_minus_normal,zero_fraction,0.001956947147846222
Grocery,43,G3,atom_coefficient,shared,atom1_order1,0.5847079753875732
Grocery,43,G3,atom_coefficient,shared,atom1_order2,0.5750728845596313
Grocery,43,G3,atom_coefficient,shared,atom1_order3,0.5721955895423889
Grocery,43,G3,atom_coefficient,shared,atom2_order1,0.7001927495002747
Grocery,43,G3,atom_coefficient,shared,atom2_order2,-0.00694271270185709
Grocery,43,G3,atom_coefficient,shared,atom2_order3,-0.7139200568199158
Grocery,43,G3,atom_coefficient,shared,atom3_order1,0.40485483407974243
Grocery,43,G3,atom_coefficient,shared,atom3_order2,-0.8218712210655212
Grocery,43,G3,atom_coefficient,shared,atom3_order3,0.40077459812164307
Grocery,43,G3,atom_pair_cosine,shared,atom1_atom2,-0.003086179494857788
Grocery,43,G3,atom_pair_cosine,shared,atom1_atom3,-0.006592556834220886
Grocery,43,G3,atom_pair_cosine,shared,atom2_atom3,0.0030614137649536133
Grocery,43,G3,atom_coefficient,private_text,atom1_order1,0.5852043032646179
Grocery,43,G3,atom_coefficient,private_text,atom1_order2,0.5746623873710632
Grocery,43,G3,atom_coefficient,private_text,atom1_order3,0.5721005797386169
Grocery,43,G3,atom_coefficient,private_text,atom2_order1,0.7001643776893616
Grocery,43,G3,atom_coefficient,private_text,atom2_order2,-0.006973480340093374
Grocery,43,G3,atom_coefficient,private_text,atom2_order3,-0.7139477133750916
Grocery,43,G3,atom_pair_cosine,private_text,atom1_atom2,-0.0027180910110473633
Grocery,43,G3,atom_coefficient,private_visual,atom1_order1,0.5841253399848938
Grocery,43,G3,atom_coefficient,private_visual,atom1_order2,0.5765629410743713
Grocery,43,G3,atom_coefficient,private_visual,atom1_order3,0.5712904334068298
Grocery,43,G3,atom_coefficient,private_visual,atom2_order1,0.7001610398292542
Grocery,43,G3,atom_coefficient,private_visual,atom2_order2,-0.006876076105982065
Grocery,43,G3,atom_coefficient,private_visual,atom2_order3,-0.7139518857002258
Grocery,43,G3,atom_pair_cosine,private_visual,atom1_atom2,-0.0028565526008605957
Grocery,43,G3,routing_usage,shared_text,mean_probability_atom1,0.04390759766101837
Grocery,43,G3,routing_usage,shared_text,mean_probability_atom2,0.8648257851600647
Grocery,43,G3,routing_usage,shared_text,mean_probability_atom3,0.09126665443181992
Grocery,43,G3,routing_entropy,shared_text,entropy_mean,0.4800667464733124
Grocery,43,G3,routing_entropy,shared_text,entropy_std,0.03931920975446701
Grocery,43,G3,routing_entropy,shared_text,effective_usage_exp_mean_entropy,1.6161822080612183
Grocery,43,G3,routing_usage,private_text,mean_probability_atom1,0.2503293752670288
Grocery,43,G3,routing_usage,private_text,mean_probability_atom2,0.7496706247329712
Grocery,43,G3,routing_entropy,private_text,entropy_mean,0.5621148943901062
Grocery,43,G3,routing_entropy,private_text,entropy_std,0.016205372288823128
Grocery,43,G3,routing_entropy,private_text,effective_usage_exp_mean_entropy,1.7543789148330688
Grocery,43,G3,routing_usage,private_visual,mean_probability_atom1,0.2633924186229706
Grocery,43,G3,routing_usage,private_visual,mean_probability_atom2,0.7366076111793518
Grocery,43,G3,routing_entropy,private_visual,entropy_mean,0.5760355591773987
Grocery,43,G3,routing_entropy,private_visual,entropy_std,0.014769570901989937
Grocery,43,G3,routing_entropy,private_visual,effective_usage_exp_mean_entropy,1.778971791267395
Grocery,43,G3,routing_disagreement,text_visual_private_routing_js_mean,mean_js,0.0003720103413797915
Grocery,43,G3,shared_private,mean_norm_shared,mean,0.8709746599197388
Grocery,43,G3,shared_private,mean_norm_private_text,mean,0.7899374961853027
Grocery,43,G3,shared_private,mean_norm_private_visual,mean,0.7817947268486023
Grocery,43,G3,shared_private,cos_shared_private_text,mean,0.9573665857315063
Grocery,43,G3,shared_private,cos_shared_private_visual,mean,0.9513779282569885
Grocery,43,G3,intervention_delta,preserve,ce,-0.00024968385696411133
Grocery,43,G3,intervention_delta,preserve,accuracy,0.0019569993019104004
Grocery,43,G3,intervention_delta,preserve,macro_f1,0.0013821252546231122
Grocery,43,G3,intervention_delta,uniform_route,ce,0.0008063316345214844
Grocery,43,G3,intervention_delta,uniform_route,accuracy,0.003913938999176025
Grocery,43,G3,intervention_delta,uniform_route,macro_f1,0.0034136723744873088
Grocery,43,G3,intervention_delta,shared_off,ce,0.00010794401168823242
Grocery,43,G3,intervention_delta,shared_off,accuracy,0.0009785294532775879
Grocery,43,G3,intervention_delta,shared_off,macro_f1,0.0006896367133051307
Grocery,43,G3,intervention_delta,private_off,ce,-0.00020647048950195312
Grocery,43,G3,intervention_delta,private_off,accuracy,-0.0009784698486328125
Grocery,43,G3,intervention_delta,private_off,macro_f1,-0.0016823993830474837
Grocery,43,G3,adaptation_utility,preserve_minus_normal,mean,-0.0002497564710211009
Grocery,43,G3,adaptation_utility,preserve_minus_normal,positive_fraction,0.38649705052375793
Grocery,43,G3,adaptation_utility,preserve_minus_normal,harmful_fraction,0.6105675101280212
Grocery,43,G3,adaptation_utility,preserve_minus_normal,zero_fraction,0.002935420721769333
Grocery,43,G3,reliability,rho_text_mean,value,0.11593064665794373
Grocery,43,G3,reliability,rho_text_std,value,0.0003993230639025569
Grocery,43,G3,reliability,rho_visual_mean,value,0.11597131192684174
Grocery,43,G3,reliability,rho_visual_std,value,0.00034782857983373106
Grocery,43,G3,reliability,rho_mean,value,0.11595097184181213
Grocery,43,G3,reliability,rho_std,value,0.000262052082689479
Grocery,43,G3,reliability_quartile,Q1,rho_mean,0.11561620235443115
Grocery,43,G3,reliability_quartile,Q1,rho_std,0.00012916333798784763
Grocery,43,G3,reliability_quartile,Q1,mean_adaptation_utility,-0.00041431194404140115
Grocery,43,G3,reliability_quartile,Q1,harmful_fraction,0.59765625
Grocery,43,G3,reliability_quartile,Q1,mean_ce,0.5771757960319519
Grocery,43,G3,reliability_quartile,Q1,accuracy,0.875
Grocery,43,G3,reliability_quartile,Q2,rho_mean,0.11586763709783554
Grocery,43,G3,reliability_quartile,Q2,rho_std,5.306633829604834e-05
Grocery,43,G3,reliability_quartile,Q2,mean_adaptation_utility,-0.0004878707986790687
Grocery,43,G3,reliability_quartile,Q2,harmful_fraction,0.60546875
Grocery,43,G3,reliability_quartile,Q2,mean_ce,0.7971512675285339
Grocery,43,G3,reliability_quartile,Q2,accuracy,0.81640625
Grocery,43,G3,reliability_quartile,Q3,rho_mean,0.11603766679763794
Grocery,43,G3,reliability_quartile,Q3,rho_std,5.329713530954905e-05
Grocery,43,G3,reliability_quartile,Q3,mean_adaptation_utility,-0.00028050062246620655
Grocery,43,G3,reliability_quartile,Q3,harmful_fraction,0.6196078431372549
Grocery,43,G3,reliability_quartile,Q3,mean_ce,0.7726895213127136
Grocery,43,G3,reliability_quartile,Q3,accuracy,0.8156862854957581
Grocery,43,G3,reliability_quartile,Q4,rho_mean,0.11628404259681702
Grocery,43,G3,reliability_quartile,Q4,rho_std,0.00012193990551168099
Grocery,43,G3,reliability_quartile,Q4,mean_adaptation_utility,0.00018523662583902478
Grocery,43,G3,reliability_quartile,Q4,harmful_fraction,0.6196078431372549
Grocery,43,G3,reliability_quartile,Q4,mean_ce,0.73969966173172
Grocery,43,G3,reliability_quartile,Q4,accuracy,0.8352941274642944
Grocery,43,G3,reliability,spearman_rho_vs_adaptation_utility,value,-0.02797078097737398
Grocery,43,G4,atom_coefficient,shared,atom1_order1,0.5847081542015076
Grocery,43,G4,atom_coefficient,shared,atom1_order2,0.5750718712806702
Grocery,43,G4,atom_coefficient,shared,atom1_order3,0.572196364402771
Grocery,43,G4,atom_coefficient,shared,atom2_order1,0.7001927495002747
Grocery,43,G4,atom_coefficient,shared,atom2_order2,-0.006942701525986195
Grocery,43,G4,atom_coefficient,shared,atom2_order3,-0.7139201760292053
Grocery,43,G4,atom_coefficient,shared,atom3_order1,0.40485498309135437
Grocery,43,G4,atom_coefficient,shared,atom3_order2,-0.8218709230422974
Grocery,43,G4,atom_coefficient,shared,atom3_order3,0.4007749557495117
Grocery,43,G4,atom_pair_cosine,shared,atom1_atom2,-0.003086656332015991
Grocery,43,G4,atom_pair_cosine,shared,atom1_atom3,-0.0065908730030059814
Grocery,43,G4,atom_pair_cosine,shared,atom2_atom3,0.0030612051486968994
Grocery,43,G4,atom_coefficient,private_text,atom1_order1,0.5852038860321045
Grocery,43,G4,atom_coefficient,private_text,atom1_order2,0.5746626853942871
Grocery,43,G4,atom_coefficient,private_text,atom1_order3,0.5721006989479065
Grocery,43,G4,atom_coefficient,private_text,atom2_order1,0.7001643180847168
Grocery,43,G4,atom_coefficient,private_text,atom2_order2,-0.006973408628255129
Grocery,43,G4,atom_coefficient,private_text,atom2_order3,-0.7139477729797363
Grocery,43,G4,atom_pair_cosine,private_text,atom1_atom2,-0.002718508243560791
Grocery,43,G4,atom_coefficient,private_visual,atom1_order1,0.584125280380249
Grocery,43,G4,atom_coefficient,private_visual,atom1_order2,0.5765625238418579
Grocery,43,G4,atom_coefficient,private_visual,atom1_order3,0.5712908506393433
Grocery,43,G4,atom_coefficient,private_visual,atom2_order1,0.7001610994338989
Grocery,43,G4,atom_coefficient,private_visual,atom2_order2,-0.006875982042402029
Grocery,43,G4,atom_coefficient,private_visual,atom2_order3,-0.7139518857002258
Grocery,43,G4,atom_pair_cosine,private_visual,atom1_atom2,-0.0028567910194396973
Grocery,43,G4,routing_usage,shared_text,mean_probability_atom1,0.043902795761823654
Grocery,43,G4,routing_usage,shared_text,mean_probability_atom2,0.8649318218231201
Grocery,43,G4,routing_usage,shared_text,mean_probability_atom3,0.09116533398628235
Grocery,43,G4,routing_entropy,shared_text,entropy_mean,0.47982117533683777
Grocery,43,G4,routing_entropy,shared_text,entropy_std,0.0393826924264431
Grocery,43,G4,routing_entropy,shared_text,effective_usage_exp_mean_entropy,1.6157854795455933
Grocery,43,G4,routing_usage,private_text,mean_probability_atom1,0.25038185715675354
Grocery,43,G4,routing_usage,private_text,mean_probability_atom2,0.7496181130409241
Grocery,43,G4,routing_entropy,private_text,entropy_mean,0.5621720552444458
Grocery,43,G4,routing_entropy,private_text,entropy_std,0.016206542029976845
Grocery,43,G4,routing_entropy,private_text,effective_usage_exp_mean_entropy,1.754479169845581
Grocery,43,G4,routing_usage,private_visual,mean_probability_atom1,0.2635718286037445
Grocery,43,G4,routing_usage,private_visual,mean_probability_atom2,0.7364281415939331
Grocery,43,G4,routing_entropy,private_visual,entropy_mean,0.5762199759483337
Grocery,43,G4,routing_entropy,private_visual,entropy_std,0.014759846031665802
Grocery,43,G4,routing_entropy,private_visual,effective_usage_exp_mean_entropy,1.7792999744415283
Grocery,43,G4,routing_disagreement,text_visual_private_routing_js_mean,mean_js,0.0003742344561032951
Grocery,43,G4,shared_private,mean_norm_shared,mean,0.8710692524909973
Grocery,43,G4,shared_private,mean_norm_private_text,mean,0.7899042367935181
Grocery,43,G4,shared_private,mean_norm_private_visual,mean,0.7816859483718872
Grocery,43,G4,shared_private,cos_shared_private_text,mean,0.9573535323143005
Grocery,43,G4,shared_private,cos_shared_private_visual,mean,0.9513025283813477
Grocery,43,G4,intervention_delta,preserve,ce,-0.0002492666244506836
Grocery,43,G4,intervention_delta,preserve,accuracy,0.0019569993019104004
Grocery,43,G4,intervention_delta,preserve,macro_f1,0.0013821252546231122
Grocery,43,G4,intervention_delta,uniform_route,ce,0.000804603099822998
Grocery,43,G4,intervention_delta,uniform_route,accuracy,0.003913938999176025
Grocery,43,G4,intervention_delta,uniform_route,macro_f1,0.0034136723744873088
Grocery,43,G4,intervention_delta,shared_off,ce,0.00010770559310913086
Grocery,43,G4,intervention_delta,shared_off,accuracy,0.0009785294532775879
Grocery,43,G4,intervention_delta,shared_off,macro_f1,0.0006896367133051307
Grocery,43,G4,intervention_delta,private_off,ce,-0.00020629167556762695
Grocery,43,G4,intervention_delta,private_off,accuracy,-0.0009784698486328125
Grocery,43,G4,intervention_delta,private_off,macro_f1,-0.0016823993830474837
Grocery,43,G4,adaptation_utility,preserve_minus_normal,mean,-0.00024925157777033746
Grocery,43,G4,adaptation_utility,preserve_minus_normal,positive_fraction,0.38747555017471313
Grocery,43,G4,adaptation_utility,preserve_minus_normal,harmful_fraction,0.6105675101280212
Grocery,43,G4,adaptation_utility,preserve_minus_normal,zero_fraction,0.001956947147846222
Grocery,43,G4,reliability,rho_text_mean,value,0.1157052293419838
Grocery,43,G4,reliability,rho_text_std,value,0.00041900391806848347
Grocery,43,G4,reliability,rho_visual_mean,value,0.11574061959981918
Grocery,43,G4,reliability,rho_visual_std,value,0.0003662699891719967
Grocery,43,G4,reliability,rho_mean,value,0.11572292447090149
Grocery,43,G4,reliability,rho_std,value,0.0002756848407443613
Grocery,43,G4,reliability_quartile,Q1,rho_mean,0.11537127196788788
Grocery,43,G4,reliability_quartile,Q1,rho_std,0.0001363476039841771
Grocery,43,G4,reliability_quartile,Q1,mean_adaptation_utility,-0.00020558774122036994
Grocery,43,G4,reliability_quartile,Q1,harmful_fraction,0.59375
Grocery,43,G4,reliability_quartile,Q1,mean_ce,0.5795549750328064
Grocery,43,G4,reliability_quartile,Q1,accuracy,0.875
Grocery,43,G4,reliability_quartile,Q2,rho_mean,0.11563516408205032
Grocery,43,G4,reliability_quartile,Q2,rho_std,5.5808035540394485e-05
Grocery,43,G4,reliability_quartile,Q2,mean_adaptation_utility,-0.0007732128142379224
Grocery,43,G4,reliability_quartile,Q2,harmful_fraction,0.6171875
Grocery,43,G4,reliability_quartile,Q2,mean_ce,0.7407774925231934
Grocery,43,G4,reliability_quartile,Q2,accuracy,0.828125
Grocery,43,G4,reliability_quartile,Q3,rho_mean,0.11581363528966904
Grocery,43,G4,reliability_quartile,Q3,rho_std,5.6555447372375056e-05
Grocery,43,G4,reliability_quartile,Q3,mean_adaptation_utility,-0.00012236587645020336
Grocery,43,G4,reliability_quartile,Q3,harmful_fraction,0.6196078431372549
Grocery,43,G4,reliability_quartile,Q3,mean_ce,0.8111263513565063
Grocery,43,G4,reliability_quartile,Q3,accuracy,0.8117647171020508
Grocery,43,G4,reliability_quartile,Q4,rho_mean,0.1160733550786972
Grocery,43,G4,reliability_quartile,Q4,rho_std,0.0001292456145165488
Grocery,43,G4,reliability_quartile,Q4,mean_adaptation_utility,0.00010604308772599325
Grocery,43,G4,reliability_quartile,Q4,harmful_fraction,0.611764705882353
Grocery,43,G4,reliability_quartile,Q4,mean_ce,0.7554717659950256
Grocery,43,G4,reliability_quartile,Q4,accuracy,0.8274509906768799
Grocery,43,G4,reliability,spearman_rho_vs_adaptation_utility,value,-0.03010854947045509
Grocery,44,G0,intervention_delta,preserve,ce,0.0
Grocery,44,G0,intervention_delta,preserve,accuracy,0.0
Grocery,44,G0,intervention_delta,preserve,macro_f1,0.0
Grocery,44,G0,adaptation_utility,preserve_minus_normal,mean,0.0
Grocery,44,G0,adaptation_utility,preserve_minus_normal,positive_fraction,0.0
Grocery,44,G0,adaptation_utility,preserve_minus_normal,harmful_fraction,0.0
Grocery,44,G0,adaptation_utility,preserve_minus_normal,zero_fraction,1.0
Grocery,44,G0-FT,intervention_delta,preserve,ce,0.0
Grocery,44,G0-FT,intervention_delta,preserve,accuracy,0.0
Grocery,44,G0-FT,intervention_delta,preserve,macro_f1,0.0
Grocery,44,G0-FT,adaptation_utility,preserve_minus_normal,mean,0.0
Grocery,44,G0-FT,adaptation_utility,preserve_minus_normal,positive_fraction,0.0
Grocery,44,G0-FT,adaptation_utility,preserve_minus_normal,harmful_fraction,0.0
Grocery,44,G0-FT,adaptation_utility,preserve_minus_normal,zero_fraction,1.0
Grocery,44,G1,atom_coefficient,flat,atom1_order1,0.5756601691246033
Grocery,44,G1,atom_coefficient,flat,atom1_order2,0.5850668549537659
Grocery,44,G1,atom_coefficient,flat,atom1_order3,0.5712374448776245
Grocery,44,G1,atom_coefficient,flat,atom2_order1,0.6983627080917358
Grocery,44,G1,atom_coefficient,flat,atom2_order2,-0.008773677051067352
Grocery,44,G1,atom_coefficient,flat,atom2_order3,-0.7156903743743896
Grocery,44,G1,atom_coefficient,flat,atom3_order1,0.3998486399650574
Grocery,44,G1,atom_coefficient,flat,atom3_order2,-0.8250232934951782
Grocery,44,G1,atom_coefficient,flat,atom3_order3,0.3993213474750519
Grocery,44,G1,atom_pair_cosine,flat,atom1_atom2,-0.011942744255065918
Grocery,44,G1,atom_pair_cosine,flat,atom1_atom3,-0.024409562349319458
Grocery,44,G1,atom_pair_cosine,flat,atom2_atom3,0.0006874203681945801
Grocery,44,G1,routing_usage,flat_text,mean_probability_atom1,0.1250387728214264
Grocery,44,G1,routing_usage,flat_text,mean_probability_atom2,0.5767092704772949
Grocery,44,G1,routing_usage,flat_text,mean_probability_atom3,0.2982519567012787
Grocery,44,G1,routing_entropy,flat_text,entropy_mean,0.9374857544898987
Grocery,44,G1,routing_entropy,flat_text,entropy_std,0.0156776811927557
Grocery,44,G1,routing_entropy,flat_text,effective_usage_exp_mean_entropy,2.5535531044006348
Grocery,44,G1,routing_usage,flat_visual,mean_probability_atom1,0.09763911366462708
Grocery,44,G1,routing_usage,flat_visual,mean_probability_atom2,0.5340422987937927
Grocery,44,G1,routing_usage,flat_visual,mean_probability_atom3,0.3683185875415802
Grocery,44,G1,routing_entropy,flat_visual,entropy_mean,0.9282708764076233
Grocery,44,G1,routing_entropy,flat_visual,entropy_std,0.019240420311689377
Grocery,44,G1,routing_entropy,flat_visual,effective_usage_exp_mean_entropy,2.530130386352539
Grocery,44,G1,routing_disagreement,text_visual_flat_routing_js_mean,mean_js,0.0037499458994716406
Grocery,44,G1,intervention_delta,preserve,ce,0.0002194046974182129
Grocery,44,G1,intervention_delta,preserve,accuracy,0.0
Grocery,44,G1,intervention_delta,preserve,macro_f1,1.5837417260966546e-06
Grocery,44,G1,intervention_delta,uniform_route,ce,0.00038063526153564453
Grocery,44,G1,intervention_delta,uniform_route,accuracy,0.0
Grocery,44,G1,intervention_delta,uniform_route,macro_f1,0.0008011415899207286
Grocery,44,G1,adaptation_utility,preserve_minus_normal,mean,0.0002194334228988737
Grocery,44,G1,adaptation_utility,preserve_minus_normal,positive_fraction,0.34246575832366943
Grocery,44,G1,adaptation_utility,preserve_minus_normal,harmful_fraction,0.6555773019790649
Grocery,44,G1,adaptation_utility,preserve_minus_normal,zero_fraction,0.001956947147846222
Grocery,44,G2,atom_coefficient,shared,atom1_order1,0.5873348116874695
Grocery,44,G2,atom_coefficient,shared,atom1_order2,0.5801719427108765
Grocery,44,G2,atom_coefficient,shared,atom1_order3,0.564303457736969
Grocery,44,G2,atom_coefficient,shared,atom2_order1,0.587192714214325
Grocery,44,G2,atom_coefficient,shared,atom2_order2,-0.10310787707567215
Grocery,44,G2,atom_coefficient,shared,atom2_order3,-0.8028533458709717
Grocery,44,G2,atom_coefficient,shared,atom3_order1,0.388977587223053
Grocery,44,G2,atom_coefficient,shared,atom3_order2,-0.8344393968582153
Grocery,44,G2,atom_coefficient,shared,atom3_order3,0.3903936445713043
Grocery,44,G2,atom_pair_cosine,shared,atom1_atom2,-0.16799446940422058
Grocery,44,G2,atom_pair_cosine,shared,atom1_atom3,-0.0353577584028244
Grocery,44,G2,atom_pair_cosine,shared,atom2_atom3,0.001013249158859253
Grocery,44,G2,atom_coefficient,private_text,atom1_order1,0.5822280049324036
Grocery,44,G2,atom_coefficient,private_text,atom1_order2,0.5926553606987
Grocery,44,G2,atom_coefficient,private_text,atom1_order3,0.5565699934959412
Grocery,44,G2,atom_coefficient,private_text,atom2_order1,0.587243378162384
Grocery,44,G2,atom_coefficient,private_text,atom2_order2,-0.10190402716398239
Grocery,44,G2,atom_coefficient,private_text,atom2_order3,-0.8029699325561523
Grocery,44,G2,atom_pair_cosine,private_text,atom1_atom2,-0.1653934121131897
Grocery,44,G2,atom_coefficient,private_visual,atom1_order1,0.4822900891304016
Grocery,44,G2,atom_coefficient,private_visual,atom1_order2,0.6387103796005249
Grocery,44,G2,atom_coefficient,private_visual,atom1_order3,0.5995376110076904
Grocery,44,G2,atom_coefficient,private_visual,atom2_order1,0.5741774439811707
Grocery,44,G2,atom_coefficient,private_visual,atom2_order2,-0.1264120191335678
Grocery,44,G2,atom_coefficient,private_visual,atom2_order3,-0.8089129328727722
Grocery,44,G2,atom_pair_cosine,private_visual,atom1_atom2,-0.28879430890083313
Grocery,44,G2,routing_usage,shared_text,mean_probability_atom1,0.00012209727719891816
Grocery,44,G2,routing_usage,shared_text,mean_probability_atom2,0.9991397261619568
Grocery,44,G2,routing_usage,shared_text,mean_probability_atom3,0.000738181232009083
Grocery,44,G2,routing_entropy,shared_text,entropy_mean,0.007058977149426937
Grocery,44,G2,routing_entropy,shared_text,entropy_std,0.004701373167335987
Grocery,44,G2,routing_entropy,shared_text,effective_usage_exp_mean_entropy,1.0070838928222656
Grocery,44,G2,routing_usage,private_text,mean_probability_atom1,0.0002922796120401472
Grocery,44,G2,routing_usage,private_text,mean_probability_atom2,0.9997077584266663
Grocery,44,G2,routing_entropy,private_text,entropy_mean,0.0026689849328249693
Grocery,44,G2,routing_entropy,private_text,entropy_std,0.0002634728152770549
Grocery,44,G2,routing_entropy,private_text,effective_usage_exp_mean_entropy,1.002672553062439
Grocery,44,G2,routing_usage,private_visual,mean_probability_atom1,0.5419754385948181
Grocery,44,G2,routing_usage,private_visual,mean_probability_atom2,0.4580245316028595
Grocery,44,G2,routing_entropy,private_visual,entropy_mean,0.16488267481327057
Grocery,44,G2,routing_entropy,private_visual,entropy_std,0.21213170886039734
Grocery,44,G2,routing_entropy,private_visual,effective_usage_exp_mean_entropy,1.1792547702789307
Grocery,44,G2,routing_disagreement,text_visual_private_routing_js_mean,mean_js,0.3397281765937805
Grocery,44,G2,shared_private,mean_norm_shared,mean,0.9991203546524048
Grocery,44,G2,shared_private,mean_norm_private_text,mean,0.9996594190597534
Grocery,44,G2,shared_private,mean_norm_private_visual,mean,0.9276869893074036
Grocery,44,G2,shared_private,cos_shared_private_text,mean,0.9999979734420776
Grocery,44,G2,shared_private,cos_shared_private_visual,mean,0.3483920991420746
Grocery,44,G2,intervention_delta,preserve,ce,1.4185905456542969e-05
Grocery,44,G2,intervention_delta,preserve,accuracy,-0.001956939697265625
Grocery,44,G2,intervention_delta,preserve,macro_f1,-0.001322370832714359
Grocery,44,G2,intervention_delta,uniform_route,ce,0.0008611679077148438
Grocery,44,G2,intervention_delta,uniform_route,accuracy,-0.0009784698486328125
Grocery,44,G2,intervention_delta,uniform_route,macro_f1,-0.0006512837555985307
Grocery,44,G2,intervention_delta,shared_off,ce,7.730722427368164e-05
Grocery,44,G2,intervention_delta,shared_off,accuracy,-0.0009784698486328125
Grocery,44,G2,intervention_delta,shared_off,macro_f1,-0.0007677472993092849
Grocery,44,G2,intervention_delta,private_off,ce,-0.00034242868423461914
Grocery,44,G2,intervention_delta,private_off,accuracy,0.0
Grocery,44,G2,intervention_delta,private_off,macro_f1,0.00010057346011826951
Grocery,44,G2,adaptation_utility,preserve_minus_normal,mean,1.4219556760508567e-05
Grocery,44,G2,adaptation_utility,preserve_minus_normal,positive_fraction,0.32485324144363403
Grocery,44,G2,adaptation_utility,preserve_minus_normal,harmful_fraction,0.6702544093132019
Grocery,44,G2,adaptation_utility,preserve_minus_normal,zero_fraction,0.004892367869615555
Grocery,44,G3,atom_coefficient,shared,atom1_order1,0.5875851511955261
Grocery,44,G3,atom_coefficient,shared,atom1_order2,0.5794243812561035
Grocery,44,G3,atom_coefficient,shared,atom1_order3,0.5648106932640076
Grocery,44,G3,atom_coefficient,shared,atom2_order1,0.661017894744873
Grocery,44,G3,atom_coefficient,shared,atom2_order2,-0.04325783625245094
Grocery,44,G3,atom_coefficient,shared,atom2_order3,-0.749122142791748
Grocery,44,G3,atom_coefficient,shared,atom3_order1,0.39014995098114014
Grocery,44,G3,atom_coefficient,shared,atom3_order2,-0.8337091207504272
Grocery,44,G3,atom_coefficient,shared,atom3_order3,0.39078402519226074
Grocery,44,G3,atom_pair_cosine,shared,atom1_atom2,-0.05977252125740051
Grocery,44,G3,atom_pair_cosine,shared,atom1_atom3,-0.03310607373714447
Grocery,44,G3,atom_pair_cosine,shared,atom2_atom3,0.0012155771255493164
Grocery,44,G3,atom_coefficient,private_text,atom1_order1,0.5836696028709412
Grocery,44,G3,atom_coefficient,private_text,atom1_order2,0.5896754264831543
Grocery,44,G3,atom_coefficient,private_text,atom1_order3,0.5582228899002075
Grocery,44,G3,atom_coefficient,private_text,atom2_order1,0.6610599160194397
Grocery,44,G3,atom_coefficient,private_text,atom2_order2,-0.04221886768937111
Grocery,44,G3,atom_coefficient,private_text,atom2_order3,-0.7491443753242493
Grocery,44,G3,atom_pair_cosine,private_text,atom1_atom2,-0.05724439024925232
Grocery,44,G3,atom_coefficient,private_visual,atom1_order1,0.5846143364906311
Grocery,44,G3,atom_coefficient,private_visual,atom1_order2,0.5962914228439331
Grocery,44,G3,atom_coefficient,private_visual,atom1_order3,0.5501479506492615
Grocery,44,G3,atom_coefficient,private_visual,atom2_order1,0.6599685549736023
Grocery,44,G3,atom_coefficient,private_visual,atom2_order2,-0.044497158378362656
Grocery,44,G3,atom_coefficient,private_visual,atom2_order3,-0.7499743103981018
Grocery,44,G3,atom_pair_cosine,private_visual,atom1_atom2,-0.053303033113479614
Grocery,44,G3,routing_usage,shared_text,mean_probability_atom1,1.0749256034614518e-05
Grocery,44,G3,routing_usage,shared_text,mean_probability_atom2,0.999876856803894
Grocery,44,G3,routing_usage,shared_text,mean_probability_atom3,0.00011240187450312078
Grocery,44,G3,routing_entropy,shared_text,entropy_mean,0.0012669620336964726
Grocery,44,G3,routing_entropy,shared_text,entropy_std,0.0001641857234062627
Grocery,44,G3,routing_entropy,shared_text,effective_usage_exp_mean_entropy,1.0012677907943726
Grocery,44,G3,routing_usage,private_text,mean_probability_atom1,0.0016607653815299273
Grocery,44,G3,routing_usage,private_text,mean_probability_atom2,0.9983391761779785
Grocery,44,G3,routing_entropy,private_text,entropy_mean,0.01226438395678997
Grocery,44,G3,routing_entropy,private_text,entropy_std,0.0018511716043576598
Grocery,44,G3,routing_entropy,private_text,effective_usage_exp_mean_entropy,1.0123399496078491
Grocery,44,G3,routing_usage,private_visual,mean_probability_atom1,0.008954973891377449
Grocery,44,G3,routing_usage,private_visual,mean_probability_atom2,0.9910449981689453
Grocery,44,G3,routing_entropy,private_visual,entropy_mean,0.050847794860601425
Grocery,44,G3,routing_entropy,private_visual,entropy_std,0.01098011713474989
Grocery,44,G3,routing_entropy,private_visual,effective_usage_exp_mean_entropy,1.052162766456604
Grocery,44,G3,routing_disagreement,text_visual_private_routing_js_mean,mean_js,0.0014150075148791075
Grocery,44,G3,shared_private,mean_norm_shared,mean,0.9998763203620911
Grocery,44,G3,shared_private,mean_norm_private_text,mean,0.9982455968856812
Grocery,44,G3,shared_private,mean_norm_private_visual,mean,0.9906111359596252
Grocery,44,G3,shared_private,cos_shared_private_text,mean,0.9999970197677612
Grocery,44,G3,shared_private,cos_shared_private_visual,mean,0.9999708533287048
Grocery,44,G3,intervention_delta,preserve,ce,0.0001150965690612793
Grocery,44,G3,intervention_delta,preserve,accuracy,0.0
Grocery,44,G3,intervention_delta,preserve,macro_f1,0.0
Grocery,44,G3,intervention_delta,uniform_route,ce,0.00023496150970458984
Grocery,44,G3,intervention_delta,uniform_route,accuracy,0.0
Grocery,44,G3,intervention_delta,uniform_route,macro_f1,0.0
Grocery,44,G3,intervention_delta,shared_off,ce,2.9206275939941406e-06
Grocery,44,G3,intervention_delta,shared_off,accuracy,0.0
Grocery,44,G3,intervention_delta,shared_off,macro_f1,0.0
Grocery,44,G3,intervention_delta,private_off,ce,2.205371856689453e-06
Grocery,44,G3,intervention_delta,private_off,accuracy,0.0
Grocery,44,G3,intervention_delta,private_off,macro_f1,0.0
Grocery,44,G3,adaptation_utility,preserve_minus_normal,mean,0.00011506156442919746
Grocery,44,G3,adaptation_utility,preserve_minus_normal,positive_fraction,0.26125243306159973
Grocery,44,G3,adaptation_utility,preserve_minus_normal,harmful_fraction,0.7358121275901794
Grocery,44,G3,adaptation_utility,preserve_minus_normal,zero_fraction,0.002935420721769333
Grocery,44,G3,reliability,rho_text_mean,value,0.028629448264837265
Grocery,44,G3,reliability,rho_text_std,value,0.002844397444278002
Grocery,44,G3,reliability,rho_visual_mean,value,0.02494262158870697
Grocery,44,G3,reliability,rho_visual_std,value,0.002163123106583953
Grocery,44,G3,reliability,rho_mean,value,0.026786034926772118
Grocery,44,G3,reliability,rho_std,value,0.0020463077817112207
Grocery,44,G3,reliability_quartile,Q1,rho_mean,0.024436378851532936
Grocery,44,G3,reliability_quartile,Q1,rho_std,0.0006505477940663695
Grocery,44,G3,reliability_quartile,Q1,mean_adaptation_utility,0.00019122908997815102
Grocery,44,G3,reliability_quartile,Q1,harmful_fraction,0.703125
Grocery,44,G3,reliability_quartile,Q1,mean_ce,0.9081607460975647
Grocery,44,G3,reliability_quartile,Q1,accuracy,0.8046875
Grocery,44,G3,reliability_quartile,Q2,rho_mean,0.026002395898103714
Grocery,44,G3,reliability_quartile,Q2,rho_std,0.00035722836037166417
Grocery,44,G3,reliability_quartile,Q2,mean_adaptation_utility,0.0001611968909855932
Grocery,44,G3,reliability_quartile,Q2,harmful_fraction,0.73046875
Grocery,44,G3,reliability_quartile,Q2,mean_ce,0.7498822212219238
Grocery,44,G3,reliability_quartile,Q2,accuracy,0.80859375
Grocery,44,G3,reliability_quartile,Q3,rho_mean,0.027194948866963387
Grocery,44,G3,reliability_quartile,Q3,rho_std,0.00040114804869517684
Grocery,44,G3,reliability_quartile,Q3,mean_adaptation_utility,-9.083857003133744e-05
Grocery,44,G3,reliability_quartile,Q3,harmful_fraction,0.7529411764705882
Grocery,44,G3,reliability_quartile,Q3,mean_ce,0.5481098294258118
Grocery,44,G3,reliability_quartile,Q3,accuracy,0.8784313797950745
Grocery,44,G3,reliability_quartile,Q4,rho_mean,0.029522713273763657
Grocery,44,G3,reliability_quartile,Q4,rho_std,0.0015009301714599133
Grocery,44,G3,reliability_quartile,Q4,mean_adaptation_utility,0.00019817918655462563
Grocery,44,G3,reliability_quartile,Q4,harmful_fraction,0.7568627450980392
Grocery,44,G3,reliability_quartile,Q4,mean_ce,0.39846351742744446
Grocery,44,G3,reliability_quartile,Q4,accuracy,0.8705882430076599
Grocery,44,G3,reliability,spearman_rho_vs_adaptation_utility,value,0.049054314258113886
Grocery,44,G4,atom_coefficient,shared,atom1_order1,0.5875968933105469
Grocery,44,G4,atom_coefficient,shared,atom1_order2,0.579397439956665
Grocery,44,G4,atom_coefficient,shared,atom1_order3,0.5648261904716492
Grocery,44,G4,atom_coefficient,shared,atom2_order1,0.6624642014503479
Grocery,44,G4,atom_coefficient,shared,atom2_order2,-0.041898440569639206
Grocery,44,G4,atom_coefficient,shared,atom2_order3,-0.7479208111763
Grocery,44,G4,atom_coefficient,shared,atom3_order1,0.3902091085910797
Grocery,44,G4,atom_coefficient,shared,atom3_order2,-0.8336692452430725
Grocery,44,G4,atom_coefficient,shared,atom3_order3,0.39080989360809326
Grocery,44,G4,atom_pair_cosine,shared,atom1_atom2,-0.05745920538902283
Grocery,44,G4,atom_pair_cosine,shared,atom1_atom3,-0.03300049901008606
Grocery,44,G4,atom_pair_cosine,shared,atom2_atom3,0.0011341571807861328
Grocery,44,G4,atom_coefficient,private_text,atom1_order1,0.5837094783782959
Grocery,44,G4,atom_coefficient,private_text,atom1_order2,0.5896008014678955
Grocery,44,G4,atom_coefficient,private_text,atom1_order3,0.5582600235939026
Grocery,44,G4,atom_coefficient,private_text,atom2_order1,0.6626855134963989
Grocery,44,G4,atom_coefficient,private_text,atom2_order2,-0.04067569971084595
Grocery,44,G4,atom_coefficient,private_text,atom2_order3,-0.7477923631668091
Grocery,44,G4,atom_pair_cosine,private_text,atom1_atom2,-0.05462920665740967
Grocery,44,G4,atom_coefficient,private_visual,atom1_order1,0.5848234295845032
Grocery,44,G4,atom_coefficient,private_visual,atom1_order2,0.5959309339523315
Grocery,44,G4,atom_coefficient,private_visual,atom1_order3,0.5503160953521729
Grocery,44,G4,atom_coefficient,private_visual,atom2_order1,0.661224901676178
Grocery,44,G4,atom_coefficient,private_visual,atom2_order2,-0.04333715885877609
Grocery,44,G4,atom_coefficient,private_visual,atom2_order3,-0.7489349842071533
Grocery,44,G4,atom_pair_cosine,private_visual,atom1_atom2,-0.051277101039886475
Grocery,44,G4,routing_usage,shared_text,mean_probability_atom1,1.533217800897546e-05
Grocery,44,G4,routing_usage,shared_text,mean_probability_atom2,0.9998235106468201
Grocery,44,G4,routing_usage,shared_text,mean_probability_atom3,0.00016107554256450385
Grocery,44,G4,routing_entropy,shared_text,entropy_mean,0.0017513399943709373
Grocery,44,G4,routing_entropy,shared_text,entropy_std,0.00022251815244089812
Grocery,44,G4,routing_entropy,shared_text,effective_usage_exp_mean_entropy,1.0017528533935547
Grocery,44,G4,routing_usage,private_text,mean_probability_atom1,0.002566683804616332
Grocery,44,G4,routing_usage,private_text,mean_probability_atom2,0.9974333047866821
Grocery,44,G4,routing_entropy,private_text,entropy_mean,0.017841819673776627
Grocery,44,G4,routing_entropy,private_text,entropy_std,0.0024333756882697344
Grocery,44,G4,routing_entropy,private_text,effective_usage_exp_mean_entropy,1.018001914024353
Grocery,44,G4,routing_usage,private_visual,mean_probability_atom1,0.011456750333309174
Grocery,44,G4,routing_usage,private_visual,mean_probability_atom2,0.9885433316230774
Grocery,44,G4,routing_entropy,private_visual,entropy_mean,0.06230246648192406
Grocery,44,G4,routing_entropy,private_visual,entropy_std,0.01154334470629692
Grocery,44,G4,routing_entropy,private_visual,effective_usage_exp_mean_entropy,1.0642842054367065
Grocery,44,G4,routing_disagreement,text_visual_private_routing_js_mean,mean_js,0.0015694497851654887
Grocery,44,G4,shared_private,mean_norm_shared,mean,0.9998228549957275
Grocery,44,G4,shared_private,mean_norm_private_text,mean,0.9972963929176331
Grocery,44,G4,shared_private,mean_norm_private_visual,mean,0.9880257844924927
Grocery,44,G4,shared_private,cos_shared_private_text,mean,0.9999933242797852
Grocery,44,G4,shared_private,cos_shared_private_visual,mean,0.9999517202377319
Grocery,44,G4,intervention_delta,preserve,ce,6.002187728881836e-05
Grocery,44,G4,intervention_delta,preserve,accuracy,0.0
Grocery,44,G4,intervention_delta,preserve,macro_f1,0.0
Grocery,44,G4,intervention_delta,uniform_route,ce,0.00012058019638061523
Grocery,44,G4,intervention_delta,uniform_route,accuracy,0.0
Grocery,44,G4,intervention_delta,uniform_route,macro_f1,0.0
Grocery,44,G4,intervention_delta,shared_off,ce,2.086162567138672e-06
Grocery,44,G4,intervention_delta,shared_off,accuracy,0.0
Grocery,44,G4,intervention_delta,shared_off,macro_f1,0.0
Grocery,44,G4,intervention_delta,private_off,ce,1.430511474609375e-06
Grocery,44,G4,intervention_delta,private_off,accuracy,0.0
Grocery,44,G4,intervention_delta,private_off,macro_f1,0.0
Grocery,44,G4,adaptation_utility,preserve_minus_normal,mean,6.0037829825887457e-05
Grocery,44,G4,adaptation_utility,preserve_minus_normal,positive_fraction,0.2602739632129669
Grocery,44,G4,adaptation_utility,preserve_minus_normal,harmful_fraction,0.7338551878929138
Grocery,44,G4,adaptation_utility,preserve_minus_normal,zero_fraction,0.005870841443538666
Grocery,44,G4,reliability,rho_text_mean,value,0.01510776299983263
Grocery,44,G4,reliability,rho_text_std,value,0.0005460956017486751
Grocery,44,G4,reliability,rho_visual_mean,value,0.014678695239126682
Grocery,44,G4,reliability,rho_visual_std,value,0.0007184604182839394
Grocery,44,G4,reliability,rho_mean,value,0.014893229119479656
Grocery,44,G4,reliability,rho_std,value,0.0005274099530652165
Grocery,44,G4,reliability_quartile,Q1,rho_mean,0.014244964346289635
Grocery,44,G4,reliability_quartile,Q1,rho_std,0.00019882549531757832
Grocery,44,G4,reliability_quartile,Q1,mean_adaptation_utility,0.0001709521748125553
Grocery,44,G4,reliability_quartile,Q1,harmful_fraction,0.63671875
Grocery,44,G4,reliability_quartile,Q1,mean_ce,1.1755211353302002
Grocery,44,G4,reliability_quartile,Q1,accuracy,0.71875
Grocery,44,G4,reliability_quartile,Q2,rho_mean,0.014723924919962883
Grocery,44,G4,reliability_quartile,Q2,rho_std,9.794533252716064e-05
Grocery,44,G4,reliability_quartile,Q2,mean_adaptation_utility,0.0001310346560785547
Grocery,44,G4,reliability_quartile,Q2,harmful_fraction,0.7265625
Grocery,44,G4,reliability_quartile,Q2,mean_ce,0.7004241347312927
Grocery,44,G4,reliability_quartile,Q2,accuracy,0.83984375
Grocery,44,G4,reliability_quartile,Q3,rho_mean,0.015039785765111446
Grocery,44,G4,reliability_quartile,Q3,rho_std,8.902341505745426e-05
Grocery,44,G4,reliability_quartile,Q3,mean_adaptation_utility,-0.00011275068391114473
Grocery,44,G4,reliability_quartile,Q3,harmful_fraction,0.792156862745098
Grocery,44,G4,reliability_quartile,Q3,mean_ce,0.3698161542415619
Grocery,44,G4,reliability_quartile,Q3,accuracy,0.9058823585510254
Grocery,44,G4,reliability_quartile,Q4,rho_mean,0.015567448921501637
Grocery,44,G4,reliability_quartile,Q4,rho_std,0.0003617481852415949
Grocery,44,G4,reliability_quartile,Q4,mean_adaptation_utility,5.0201822887174785e-05
Grocery,44,G4,reliability_quartile,Q4,harmful_fraction,0.7803921568627451
Grocery,44,G4,reliability_quartile,Q4,mean_ce,0.35833069682121277
Grocery,44,G4,reliability_quartile,Q4,accuracy,0.8980392217636108
Grocery,44,G4,reliability,spearman_rho_vs_adaptation_utility,value,0.09442474713603713
ele-fashion,42,G0,intervention_delta,preserve,ce,0.0
ele-fashion,42,G0,intervention_delta,preserve,accuracy,0.0
ele-fashion,42,G0,intervention_delta,preserve,macro_f1,0.0
ele-fashion,42,G0,adaptation_utility,preserve_minus_normal,mean,0.0
ele-fashion,42,G0,adaptation_utility,preserve_minus_normal,positive_fraction,0.0
ele-fashion,42,G0,adaptation_utility,preserve_minus_normal,harmful_fraction,0.0
ele-fashion,42,G0,adaptation_utility,preserve_minus_normal,zero_fraction,1.0
ele-fashion,42,G0-FT,intervention_delta,preserve,ce,0.0
ele-fashion,42,G0-FT,intervention_delta,preserve,accuracy,0.0
ele-fashion,42,G0-FT,intervention_delta,preserve,macro_f1,0.0
ele-fashion,42,G0-FT,adaptation_utility,preserve_minus_normal,mean,0.0
ele-fashion,42,G0-FT,adaptation_utility,preserve_minus_normal,positive_fraction,0.0
ele-fashion,42,G0-FT,adaptation_utility,preserve_minus_normal,harmful_fraction,0.0
ele-fashion,42,G0-FT,adaptation_utility,preserve_minus_normal,zero_fraction,1.0
ele-fashion,42,G1,atom_coefficient,flat,atom1_order1,0.5773350596427917
ele-fashion,42,G1,atom_coefficient,flat,atom1_order2,0.5840780138969421
ele-fashion,42,G1,atom_coefficient,flat,atom1_order3,0.5705586671829224
ele-fashion,42,G1,atom_coefficient,flat,atom2_order1,0.6871694326400757
ele-fashion,42,G1,atom_coefficient,flat,atom2_order2,-0.010309059172868729
ele-fashion,42,G1,atom_coefficient,flat,atom2_order3,-0.7264240384101868
ele-fashion,42,G1,atom_coefficient,flat,atom3_order1,0.3851121962070465
ele-fashion,42,G1,atom_coefficient,flat,atom3_order2,-0.8328012228012085
ele-fashion,42,G1,atom_coefficient,flat,atom3_order3,0.3976565897464752
ele-fashion,42,G1,atom_pair_cosine,flat,atom1_atom2,-0.023761838674545288
ele-fashion,42,G1,atom_pair_cosine,flat,atom1_atom3,-0.03719569742679596
ele-fashion,42,G1,atom_pair_cosine,flat,atom2_atom3,-0.015644580125808716
ele-fashion,42,G1,routing_usage,flat_text,mean_probability_atom1,0.09788660705089569
ele-fashion,42,G1,routing_usage,flat_text,mean_probability_atom2,0.6064651012420654
ele-fashion,42,G1,routing_usage,flat_text,mean_probability_atom3,0.2956483066082001
ele-fashion,42,G1,routing_entropy,flat_text,entropy_mean,0.8843064904212952
ele-fashion,42,G1,routing_entropy,flat_text,entropy_std,0.061269573867321014
ele-fashion,42,G1,routing_entropy,flat_text,effective_usage_exp_mean_entropy,2.421304702758789
ele-fashion,42,G1,routing_usage,flat_visual,mean_probability_atom1,0.03820864111185074
ele-fashion,42,G1,routing_usage,flat_visual,mean_probability_atom2,0.5837995409965515
ele-fashion,42,G1,routing_usage,flat_visual,mean_probability_atom3,0.37799179553985596
ele-fashion,42,G1,routing_entropy,flat_visual,entropy_mean,0.7919930815696716
ele-fashion,42,G1,routing_entropy,flat_visual,entropy_std,0.03766053169965744
ele-fashion,42,G1,routing_entropy,flat_visual,effective_usage_exp_mean_entropy,2.207792282104492
ele-fashion,42,G1,routing_disagreement,text_visual_flat_routing_js_mean,mean_js,0.013207517564296722
ele-fashion,42,G1,intervention_delta,preserve,ce,6.774067878723145e-05
ele-fashion,42,G1,intervention_delta,preserve,accuracy,0.00017052888870239258
ele-fashion,42,G1,intervention_delta,preserve,macro_f1,-8.34811014926995e-05
ele-fashion,42,G1,intervention_delta,uniform_route,ce,0.0002834498882293701
ele-fashion,42,G1,intervention_delta,uniform_route,accuracy,-0.00017052888870239258
ele-fashion,42,G1,intervention_delta,uniform_route,macro_f1,-6.566850538491931e-05
ele-fashion,42,G1,adaptation_utility,preserve_minus_normal,mean,6.780686089769006e-05
ele-fashion,42,G1,adaptation_utility,preserve_minus_normal,positive_fraction,0.3228171765804291
ele-fashion,42,G1,adaptation_utility,preserve_minus_normal,harmful_fraction,0.6717258095741272
ele-fashion,42,G1,adaptation_utility,preserve_minus_normal,zero_fraction,0.005457025952637196
ele-fashion,42,G2,atom_coefficient,shared,atom1_order1,0.5866576433181763
ele-fashion,42,G2,atom_coefficient,shared,atom1_order2,0.5761045813560486
ele-fashion,42,G2,atom_coefficient,shared,atom1_order3,0.5691540837287903
ele-fashion,42,G2,atom_coefficient,shared,atom2_order1,0.6924518346786499
ele-fashion,42,G2,atom_coefficient,shared,atom2_order2,-0.007929351180791855
ele-fashion,42,G2,atom_coefficient,shared,atom2_order3,-0.7214205265045166
ele-fashion,42,G2,atom_coefficient,shared,atom3_order1,0.4052271842956543
ele-fashion,42,G2,atom_coefficient,shared,atom3_order2,-0.8226495981216431
ele-fashion,42,G2,atom_coefficient,shared,atom3_order3,0.39879631996154785
ele-fashion,42,G2,atom_pair_cosine,shared,atom1_atom2,-0.008935421705245972
ele-fashion,42,G2,atom_pair_cosine,shared,atom1_atom3,-0.009226024150848389
ele-fashion,42,G2,atom_pair_cosine,shared,atom2_atom3,-0.0005764663219451904
ele-fashion,42,G2,atom_coefficient,private_text,atom1_order1,0.5843566656112671
ele-fashion,42,G2,atom_coefficient,private_text,atom1_order2,0.580223560333252
ele-fashion,42,G2,atom_coefficient,private_text,atom1_order3,0.567333996295929
ele-fashion,42,G2,atom_coefficient,private_text,atom2_order1,0.6956002712249756
ele-fashion,42,G2,atom_coefficient,private_text,atom2_order2,-0.005198844242841005
ele-fashion,42,G2,atom_coefficient,private_text,atom2_order3,-0.7184102535247803
ele-fashion,42,G2,atom_pair_cosine,private_text,atom1_atom2,-0.004116415977478027
ele-fashion,42,G2,atom_coefficient,private_visual,atom1_order1,0.5915753245353699
ele-fashion,42,G2,atom_coefficient,private_visual,atom1_order2,0.5734362006187439
ele-fashion,42,G2,atom_coefficient,private_visual,atom1_order3,0.5667535662651062
ele-fashion,42,G2,atom_coefficient,private_visual,atom2_order1,0.6879377961158752
ele-fashion,42,G2,atom_coefficient,private_visual,atom2_order2,-0.015322820283472538
ele-fashion,42,G2,atom_coefficient,private_visual,atom2_order3,-0.7256078124046326
ele-fashion,42,G2,atom_pair_cosine,private_visual,atom1_atom2,-0.013060450553894043
ele-fashion,42,G2,routing_usage,shared_text,mean_probability_atom1,0.008030904456973076
ele-fashion,42,G2,routing_usage,shared_text,mean_probability_atom2,0.9843223094940186
ele-fashion,42,G2,routing_usage,shared_text,mean_probability_atom3,0.007646753918379545
ele-fashion,42,G2,routing_entropy,shared_text,entropy_mean,0.090896375477314
ele-fashion,42,G2,routing_entropy,shared_text,entropy_std,0.021704958751797676
ele-fashion,42,G2,routing_entropy,shared_text,effective_usage_exp_mean_entropy,1.0951554775238037
ele-fashion,42,G2,routing_usage,private_text,mean_probability_atom1,0.3047181963920593
ele-fashion,42,G2,routing_usage,private_text,mean_probability_atom2,0.6952818036079407
ele-fashion,42,G2,routing_entropy,private_text,entropy_mean,0.6128906607627869
ele-fashion,42,G2,routing_entropy,private_text,entropy_std,0.023687174543738365
ele-fashion,42,G2,routing_entropy,private_text,effective_usage_exp_mean_entropy,1.8457591533660889
ele-fashion,42,G2,routing_usage,private_visual,mean_probability_atom1,0.1290121227502823
ele-fashion,42,G2,routing_usage,private_visual,mean_probability_atom2,0.8709878921508789
ele-fashion,42,G2,routing_entropy,private_visual,entropy_mean,0.3842194378376007
ele-fashion,42,G2,routing_entropy,private_visual,entropy_std,0.01530186366289854
ele-fashion,42,G2,routing_entropy,private_visual,effective_usage_exp_mean_entropy,1.4684675931930542
ele-fashion,42,G2,routing_disagreement,text_visual_private_routing_js_mean,mean_js,0.023781567811965942
ele-fashion,42,G2,shared_private,mean_norm_shared,mean,0.9843137264251709
ele-fashion,42,G2,shared_private,mean_norm_private_text,mean,0.7589048147201538
ele-fashion,42,G2,shared_private,mean_norm_private_visual,mean,0.8788694739341736
ele-fashion,42,G2,shared_private,cos_shared_private_text,mean,0.9153445959091187
ele-fashion,42,G2,shared_private,cos_shared_private_visual,mean,0.9914872050285339
ele-fashion,42,G2,intervention_delta,preserve,ce,0.00010228157043457031
ele-fashion,42,G2,intervention_delta,preserve,accuracy,0.0006821155548095703
ele-fashion,42,G2,intervention_delta,preserve,macro_f1,-4.7996418316431644e-05
ele-fashion,42,G2,intervention_delta,uniform_route,ce,0.00062522292137146
ele-fashion,42,G2,intervention_delta,uniform_route,accuracy,0.00017052888870239258
ele-fashion,42,G2,intervention_delta,uniform_route,macro_f1,-0.0008303780209081291
ele-fashion,42,G2,intervention_delta,shared_off,ce,0.00012749433517456055
ele-fashion,42,G2,intervention_delta,shared_off,accuracy,-0.00017052888870239258
ele-fashion,42,G2,intervention_delta,shared_off,macro_f1,-6.135533116413683e-05
ele-fashion,42,G2,intervention_delta,private_off,ce,-9.781122207641602e-05
ele-fashion,42,G2,intervention_delta,private_off,accuracy,0.00017052888870239258
ele-fashion,42,G2,intervention_delta,private_off,macro_f1,0.00018113606417036188
ele-fashion,42,G2,adaptation_utility,preserve_minus_normal,mean,0.00010228850442217663
ele-fashion,42,G2,adaptation_utility,preserve_minus_normal,positive_fraction,0.3257162272930145
ele-fashion,42,G2,adaptation_utility,preserve_minus_normal,harmful_fraction,0.6698499321937561
ele-fashion,42,G2,adaptation_utility,preserve_minus_normal,zero_fraction,0.0044338335283100605
ele-fashion,42,G3,atom_coefficient,shared,atom1_order1,0.5871807932853699
ele-fashion,42,G3,atom_coefficient,shared,atom1_order2,0.5763363838195801
ele-fashion,42,G3,atom_coefficient,shared,atom1_order3,0.5683793425559998
ele-fashion,42,G3,atom_coefficient,shared,atom2_order1,0.6878527402877808
ele-fashion,42,G3,atom_coefficient,shared,atom2_order2,-0.009823745116591454
ele-fashion,42,G3,atom_coefficient,shared,atom2_order3,-0.7257838845252991
ele-fashion,42,G3,atom_coefficient,shared,atom3_order1,0.4045370817184448
ele-fashion,42,G3,atom_coefficient,shared,atom3_order2,-0.8232614994049072
ele-fashion,42,G3,atom_coefficient,shared,atom3_order3,0.39823397994041443
ele-fashion,42,G3,atom_pair_cosine,shared,atom1_atom2,-0.01428842544555664
ele-fashion,42,G3,atom_pair_cosine,shared,atom1_atom3,-0.010591194033622742
ele-fashion,42,G3,atom_pair_cosine,shared,atom2_atom3,-0.0026823580265045166
ele-fashion,42,G3,atom_coefficient,private_text,atom1_order1,0.5844280123710632
ele-fashion,42,G3,atom_coefficient,private_text,atom1_order2,0.5812923908233643
ele-fashion,42,G3,atom_coefficient,private_text,atom1_order3,0.5661652088165283
ele-fashion,42,G3,atom_coefficient,private_text,atom2_order1,0.6926015019416809
ele-fashion,42,G3,atom_coefficient,private_text,atom2_order2,-0.005919472314417362
ele-fashion,42,G3,atom_coefficient,private_text,atom2_order3,-0.7212961912155151
ele-fashion,42,G3,atom_pair_cosine,private_text,atom1_atom2,-0.00703805685043335
ele-fashion,42,G3,atom_coefficient,private_visual,atom1_order1,0.5923144221305847
ele-fashion,42,G3,atom_coefficient,private_visual,atom1_order2,0.5738140940666199
ele-fashion,42,G3,atom_coefficient,private_visual,atom1_order3,0.5655979514122009
ele-fashion,42,G3,atom_coefficient,private_visual,atom2_order1,0.6818685531616211
ele-fashion,42,G3,atom_coefficient,private_visual,atom2_order2,-0.019367942586541176
ele-fashion,42,G3,atom_coefficient,private_visual,atom2_order3,-0.7312183380126953
ele-fashion,42,G3,atom_pair_cosine,private_visual,atom1_atom2,-0.02080860733985901
ele-fashion,42,G3,routing_usage,shared_text,mean_probability_atom1,0.004365831147879362
ele-fashion,42,G3,routing_usage,shared_text,mean_probability_atom2,0.9918860793113708
ele-fashion,42,G3,routing_usage,shared_text,mean_probability_atom3,0.003748031100258231
ele-fashion,42,G3,routing_entropy,shared_text,entropy_mean,0.05231209471821785
ele-fashion,42,G3,routing_entropy,shared_text,entropy_std,0.014302347786724567
ele-fashion,42,G3,routing_entropy,shared_text,effective_usage_exp_mean_entropy,1.0537045001983643
ele-fashion,42,G3,routing_usage,private_text,mean_probability_atom1,0.25027143955230713
ele-fashion,42,G3,routing_usage,private_text,mean_probability_atom2,0.7497285604476929
ele-fashion,42,G3,routing_entropy,private_text,entropy_mean,0.5573406219482422
ele-fashion,42,G3,routing_entropy,private_text,entropy_std,0.05000277981162071
ele-fashion,42,G3,routing_entropy,private_text,effective_usage_exp_mean_entropy,1.7460229396820068
ele-fashion,42,G3,routing_usage,private_visual,mean_probability_atom1,0.07108530402183533
ele-fashion,42,G3,routing_usage,private_visual,mean_probability_atom2,0.9289147853851318
ele-fashion,42,G3,routing_entropy,private_visual,entropy_mean,0.25629907846450806
ele-fashion,42,G3,routing_entropy,private_visual,entropy_std,0.010974188335239887
ele-fashion,42,G3,routing_entropy,private_visual,effective_usage_exp_mean_entropy,1.2921391725540161
ele-fashion,42,G3,routing_disagreement,text_visual_private_routing_js_mean,mean_js,0.03214764595031738
ele-fashion,42,G3,shared_private,mean_norm_shared,mean,0.9918320178985596
ele-fashion,42,G3,shared_private,mean_norm_private_text,mean,0.7907100319862366
ele-fashion,42,G3,shared_private,mean_norm_private_visual,mean,0.9301659464836121
ele-fashion,42,G3,shared_private,cos_shared_private_text,mean,0.9441707134246826
ele-fashion,42,G3,shared_private,cos_shared_private_visual,mean,0.9981846213340759
ele-fashion,42,G3,intervention_delta,preserve,ce,8.359551429748535e-05
ele-fashion,42,G3,intervention_delta,preserve,accuracy,-0.00034105777740478516
ele-fashion,42,G3,intervention_delta,preserve,macro_f1,-0.00047971696745485737
ele-fashion,42,G3,intervention_delta,uniform_route,ce,0.0003268420696258545
ele-fashion,42,G3,intervention_delta,uniform_route,accuracy,-0.0006821155548095703
ele-fashion,42,G3,intervention_delta,uniform_route,macro_f1,-0.001084897599065826
ele-fashion,42,G3,intervention_delta,shared_off,ce,5.352497100830078e-05
ele-fashion,42,G3,intervention_delta,shared_off,accuracy,-0.00017052888870239258
ele-fashion,42,G3,intervention_delta,shared_off,macro_f1,-0.0003144923090705465
ele-fashion,42,G3,intervention_delta,private_off,ce,-3.4809112548828125e-05
ele-fashion,42,G3,intervention_delta,private_off,accuracy,-0.00017052888870239258
ele-fashion,42,G3,intervention_delta,private_off,macro_f1,-8.20440694782043e-05
ele-fashion,42,G3,adaptation_utility,preserve_minus_normal,mean,8.364160021301359e-05
ele-fashion,42,G3,adaptation_utility,preserve_minus_normal,positive_fraction,0.3127557933330536
ele-fashion,42,G3,adaptation_utility,preserve_minus_normal,harmful_fraction,0.6799113154411316
ele-fashion,42,G3,adaptation_utility,preserve_minus_normal,zero_fraction,0.007332878652960062
ele-fashion,42,G3,reliability,rho_text_mean,value,0.06591564416885376
ele-fashion,42,G3,reliability,rho_text_std,value,0.004171777982264757
ele-fashion,42,G3,reliability,rho_visual_mean,value,0.07226884365081787
ele-fashion,42,G3,reliability,rho_visual_std,value,0.002069446723908186
ele-fashion,42,G3,reliability,rho_mean,value,0.06909224390983582
ele-fashion,42,G3,reliability,rho_std,value,0.002336616860702634
ele-fashion,42,G3,reliability_quartile,Q1,rho_mean,0.06589572131633759
ele-fashion,42,G3,reliability_quartile,Q1,rho_std,0.0007463794900104403
ele-fashion,42,G3,reliability_quartile,Q1,mean_adaptation_utility,0.00024170837423298508
ele-fashion,42,G3,reliability_quartile,Q1,harmful_fraction,0.6391541609822646
ele-fashion,42,G3,reliability_quartile,Q1,mean_ce,0.4295661747455597
ele-fashion,42,G3,reliability_quartile,Q1,accuracy,0.8833560943603516
ele-fashion,42,G3,reliability_quartile,Q2,rho_mean,0.06834503263235092
ele-fashion,42,G3,reliability_quartile,Q2,rho_std,0.0006776194786652923
ele-fashion,42,G3,reliability_quartile,Q2,mean_adaptation_utility,-0.00036103324964642525
ele-fashion,42,G3,reliability_quartile,Q2,harmful_fraction,0.6937244201909959
ele-fashion,42,G3,reliability_quartile,Q2,mean_ce,0.40305107831954956
ele-fashion,42,G3,reliability_quartile,Q2,accuracy,0.8772169351577759
ele-fashion,42,G3,reliability_quartile,Q3,rho_mean,0.0702078565955162
ele-fashion,42,G3,reliability_quartile,Q3,rho_std,0.0004207728197798133
ele-fashion,42,G3,reliability_quartile,Q3,mean_adaptation_utility,0.00035211886279284954
ele-fashion,42,G3,reliability_quartile,Q3,harmful_fraction,0.6875852660300137
ele-fashion,42,G3,reliability_quartile,Q3,mean_ce,0.37241628766059875
ele-fashion,42,G3,reliability_quartile,Q3,accuracy,0.8840382099151611
ele-fashion,42,G3,reliability_quartile,Q4,rho_mean,0.07192037254571915
ele-fashion,42,G3,reliability_quartile,Q4,rho_std,0.0007917123730294406
ele-fashion,42,G3,reliability_quartile,Q4,mean_adaptation_utility,0.00010177232616115361
ele-fashion,42,G3,reliability_quartile,Q4,harmful_fraction,0.699181446111869
ele-fashion,42,G3,reliability_quartile,Q4,mean_ce,0.3779425621032715
ele-fashion,42,G3,reliability_quartile,Q4,accuracy,0.860163688659668
ele-fashion,42,G3,reliability,spearman_rho_vs_adaptation_utility,value,-0.016650427656558362
ele-fashion,42,G4,atom_coefficient,shared,atom1_order1,0.5871816277503967
ele-fashion,42,G4,atom_coefficient,shared,atom1_order2,0.5762996673583984
ele-fashion,42,G4,atom_coefficient,shared,atom1_order3,0.5684157013893127
ele-fashion,42,G4,atom_coefficient,shared,atom2_order1,0.688315212726593
ele-fashion,42,G4,atom_coefficient,shared,atom2_order2,-0.009779522195458412
ele-fashion,42,G4,atom_coefficient,shared,atom2_order3,-0.7253457903862
ele-fashion,42,G4,atom_coefficient,shared,atom3_order1,0.4046056568622589
ele-fashion,42,G4,atom_coefficient,shared,atom3_order2,-0.8232196569442749
ele-fashion,42,G4,atom_coefficient,shared,atom3_order3,0.3982507884502411
ele-fashion,42,G4,atom_pair_cosine,shared,atom1_atom2,-0.013767838478088379
ele-fashion,42,G4,atom_pair_cosine,shared,atom1_atom3,-0.010472193360328674
ele-fashion,42,G4,atom_pair_cosine,shared,atom2_atom3,-0.002322584390640259
ele-fashion,42,G4,atom_coefficient,private_text,atom1_order1,0.5845509171485901
ele-fashion,42,G4,atom_coefficient,private_text,atom1_order2,0.5809711217880249
ele-fashion,42,G4,atom_coefficient,private_text,atom1_order3,0.566368043422699
ele-fashion,42,G4,atom_coefficient,private_text,atom2_order1,0.6929746270179749
ele-fashion,42,G4,atom_coefficient,private_text,atom2_order2,-0.005936982575803995
ele-fashion,42,G4,atom_coefficient,private_text,atom2_order3,-0.7209375500679016
ele-fashion,42,G4,atom_pair_cosine,private_text,atom1_atom2,-0.0066862404346466064
ele-fashion,42,G4,atom_coefficient,private_visual,atom1_order1,0.5923643708229065
ele-fashion,42,G4,atom_coefficient,private_visual,atom1_order2,0.5735824704170227
ele-fashion,42,G4,atom_coefficient,private_visual,atom1_order3,0.5657805800437927
ele-fashion,42,G4,atom_coefficient,private_visual,atom2_order1,0.6825584769248962
ele-fashion,42,G4,atom_coefficient,private_visual,atom2_order2,-0.019025631248950958
ele-fashion,42,G4,atom_coefficient,private_visual,atom2_order3,-0.7305833697319031
ele-fashion,42,G4,atom_pair_cosine,private_visual,atom1_atom2,-0.0199393630027771
ele-fashion,42,G4,routing_usage,shared_text,mean_probability_atom1,0.004451329819858074
ele-fashion,42,G4,routing_usage,shared_text,mean_probability_atom2,0.9910722970962524
ele-fashion,42,G4,routing_usage,shared_text,mean_probability_atom3,0.004476387519389391
ele-fashion,42,G4,routing_entropy,shared_text,entropy_mean,0.056824762374162674
ele-fashion,42,G4,routing_entropy,shared_text,entropy_std,0.013757333159446716
ele-fashion,42,G4,routing_entropy,shared_text,effective_usage_exp_mean_entropy,1.058470368385315
ele-fashion,42,G4,routing_usage,private_text,mean_probability_atom1,0.24664312601089478
ele-fashion,42,G4,routing_usage,private_text,mean_probability_atom2,0.7533568739891052
ele-fashion,42,G4,routing_entropy,private_text,entropy_mean,0.5544185042381287
ele-fashion,42,G4,routing_entropy,private_text,entropy_std,0.04462369158864021
ele-fashion,42,G4,routing_entropy,private_text,effective_usage_exp_mean_entropy,1.740928292274475
ele-fashion,42,G4,routing_usage,private_visual,mean_probability_atom1,0.07918918877840042
ele-fashion,42,G4,routing_usage,private_visual,mean_probability_atom2,0.9208108186721802
ele-fashion,42,G4,routing_entropy,private_visual,entropy_mean,0.27665194869041443
ele-fashion,42,G4,routing_entropy,private_visual,entropy_std,0.010789257474243641
ele-fashion,42,G4,routing_entropy,private_visual,effective_usage_exp_mean_entropy,1.3187073469161987
ele-fashion,42,G4,routing_disagreement,text_visual_private_routing_js_mean,mean_js,0.0275135301053524
ele-fashion,42,G4,shared_private,mean_norm_shared,mean,0.9910222291946411
ele-fashion,42,G4,shared_private,mean_norm_private_text,mean,0.7926945686340332
ele-fashion,42,G4,shared_private,mean_norm_private_visual,mean,0.9226474761962891
ele-fashion,42,G4,shared_private,cos_shared_private_text,mean,0.9467576146125793
ele-fashion,42,G4,shared_private,cos_shared_private_visual,mean,0.9975481629371643
ele-fashion,42,G4,intervention_delta,preserve,ce,5.1915645599365234e-05
ele-fashion,42,G4,intervention_delta,preserve,accuracy,-0.00034105777740478516
ele-fashion,42,G4,intervention_delta,preserve,macro_f1,-0.00034181112624120935
ele-fashion,42,G4,intervention_delta,uniform_route,ce,0.00019934773445129395
ele-fashion,42,G4,intervention_delta,uniform_route,accuracy,-0.00034105777740478516
ele-fashion,42,G4,intervention_delta,uniform_route,macro_f1,-0.00022259804293200958
ele-fashion,42,G4,intervention_delta,shared_off,ce,3.5196542739868164e-05
ele-fashion,42,G4,intervention_delta,shared_off,accuracy,0.0
ele-fashion,42,G4,intervention_delta,shared_off,macro_f1,0.0
ele-fashion,42,G4,intervention_delta,private_off,ce,-2.2977590560913086e-05
ele-fashion,42,G4,intervention_delta,private_off,accuracy,-0.00017052888870239258
ele-fashion,42,G4,intervention_delta,private_off,macro_f1,-8.390761745580289e-05
ele-fashion,42,G4,adaptation_utility,preserve_minus_normal,mean,5.190628507989459e-05
ele-fashion,42,G4,adaptation_utility,preserve_minus_normal,positive_fraction,0.3130968511104584
ele-fashion,42,G4,adaptation_utility,preserve_minus_normal,harmful_fraction,0.6780354976654053
ele-fashion,42,G4,adaptation_utility,preserve_minus_normal,zero_fraction,0.008867667056620121
ele-fashion,42,G4,reliability,rho_text_mean,value,0.04365302622318268
ele-fashion,42,G4,reliability,rho_text_std,value,0.001785470056347549
ele-fashion,42,G4,reliability,rho_visual_mean,value,0.04270385205745697
ele-fashion,42,G4,reliability,rho_visual_std,value,0.0012907976051792502
ele-fashion,42,G4,reliability,rho_mean,value,0.043178439140319824
ele-fashion,42,G4,reliability,rho_std,value,0.0012853116495534778
ele-fashion,42,G4,reliability_quartile,Q1,rho_mean,0.04175203666090965
ele-fashion,42,G4,reliability_quartile,Q1,rho_std,0.0003347088932059705
ele-fashion,42,G4,reliability_quartile,Q1,mean_adaptation_utility,-8.270610851468518e-05
ele-fashion,42,G4,reliability_quartile,Q1,harmful_fraction,0.6623465211459755
ele-fashion,42,G4,reliability_quartile,Q1,mean_ce,0.22768603265285492
ele-fashion,42,G4,reliability_quartile,Q1,accuracy,0.937244176864624
ele-fashion,42,G4,reliability_quartile,Q2,rho_mean,0.04251621291041374
ele-fashion,42,G4,reliability_quartile,Q2,rho_std,0.00020427284471224993
ele-fashion,42,G4,reliability_quartile,Q2,mean_adaptation_utility,-4.248990990163293e-06
ele-fashion,42,G4,reliability_quartile,Q2,harmful_fraction,0.6609822646657572
ele-fashion,42,G4,reliability_quartile,Q2,mean_ce,0.32214218378067017
ele-fashion,42,G4,reliability_quartile,Q2,accuracy,0.9058663249015808
ele-fashion,42,G4,reliability_quartile,Q3,rho_mean,0.04342960566282272
ele-fashion,42,G4,reliability_quartile,Q3,rho_std,0.00036218060995452106
ele-fashion,42,G4,reliability_quartile,Q3,mean_adaptation_utility,0.000297202670481056
ele-fashion,42,G4,reliability_quartile,Q3,harmful_fraction,0.6916780354706685
ele-fashion,42,G4,reliability_quartile,Q3,mean_ce,0.4903329312801361
ele-fashion,42,G4,reliability_quartile,Q3,accuracy,0.851296067237854
ele-fashion,42,G4,reliability_quartile,Q4,rho_mean,0.04501589387655258
ele-fashion,42,G4,reliability_quartile,Q4,rho_std,0.0006408349727280438
ele-fashion,42,G4,reliability_quartile,Q4,mean_adaptation_utility,-2.6224556677334476e-06
ele-fashion,42,G4,reliability_quartile,Q4,harmful_fraction,0.6971350613915416
ele-fashion,42,G4,reliability_quartile,Q4,mean_ce,0.542415201663971
ele-fashion,42,G4,reliability_quartile,Q4,accuracy,0.8103683590888977
ele-fashion,42,G4,reliability,spearman_rho_vs_adaptation_utility,value,-0.1780262335198098
ele-fashion,43,G0,intervention_delta,preserve,ce,0.0
ele-fashion,43,G0,intervention_delta,preserve,accuracy,0.0
ele-fashion,43,G0,intervention_delta,preserve,macro_f1,0.0
ele-fashion,43,G0,adaptation_utility,preserve_minus_normal,mean,0.0
ele-fashion,43,G0,adaptation_utility,preserve_minus_normal,positive_fraction,0.0
ele-fashion,43,G0,adaptation_utility,preserve_minus_normal,harmful_fraction,0.0
ele-fashion,43,G0,adaptation_utility,preserve_minus_normal,zero_fraction,1.0
ele-fashion,43,G0-FT,intervention_delta,preserve,ce,0.0
ele-fashion,43,G0-FT,intervention_delta,preserve,accuracy,0.0
ele-fashion,43,G0-FT,intervention_delta,preserve,macro_f1,0.0
ele-fashion,43,G0-FT,adaptation_utility,preserve_minus_normal,mean,0.0
ele-fashion,43,G0-FT,adaptation_utility,preserve_minus_normal,positive_fraction,0.0
ele-fashion,43,G0-FT,adaptation_utility,preserve_minus_normal,harmful_fraction,0.0
ele-fashion,43,G0-FT,adaptation_utility,preserve_minus_normal,zero_fraction,1.0
ele-fashion,43,G1,atom_coefficient,flat,atom1_order1,0.5738805532455444
ele-fashion,43,G1,atom_coefficient,flat,atom1_order2,0.5895709991455078
ele-fashion,43,G1,atom_coefficient,flat,atom1_order3,0.5683899521827698
ele-fashion,43,G1,atom_coefficient,flat,atom2_order1,0.6857636570930481
ele-fashion,43,G1,atom_coefficient,flat,atom2_order2,-0.014326835982501507
ele-fashion,43,G1,atom_coefficient,flat,atom2_order3,-0.7276831865310669
ele-fashion,43,G1,atom_coefficient,flat,atom3_order1,0.38716739416122437
ele-fashion,43,G1,atom_coefficient,flat,atom3_order2,-0.8331179618835449
ele-fashion,43,G1,atom_coefficient,flat,atom3_order3,0.39498838782310486
ele-fashion,43,G1,atom_pair_cosine,flat,atom1_atom2,-0.02850806713104248
ele-fashion,43,G1,atom_pair_cosine,flat,atom1_atom3,-0.04448689520359039
ele-fashion,43,G1,atom_pair_cosine,flat,atom2_atom3,-0.009985148906707764
ele-fashion,43,G1,routing_usage,flat_text,mean_probability_atom1,0.23226745426654816
ele-fashion,43,G1,routing_usage,flat_text,mean_probability_atom2,0.4512881636619568
ele-fashion,43,G1,routing_usage,flat_text,mean_probability_atom3,0.3164443373680115
ele-fashion,43,G1,routing_entropy,flat_text,entropy_mean,1.0316194295883179
ele-fashion,43,G1,routing_entropy,flat_text,entropy_std,0.0719904974102974
ele-fashion,43,G1,routing_entropy,flat_text,effective_usage_exp_mean_entropy,2.80560564994812
ele-fashion,43,G1,routing_usage,flat_visual,mean_probability_atom1,0.03519282117486
ele-fashion,43,G1,routing_usage,flat_visual,mean_probability_atom2,0.6153427362442017
ele-fashion,43,G1,routing_usage,flat_visual,mean_probability_atom3,0.349464476108551
ele-fashion,43,G1,routing_entropy,flat_visual,entropy_mean,0.7815126180648804
ele-fashion,43,G1,routing_entropy,flat_visual,entropy_std,0.01974700763821602
ele-fashion,43,G1,routing_entropy,flat_visual,effective_usage_exp_mean_entropy,2.184774398803711
ele-fashion,43,G1,routing_disagreement,text_visual_flat_routing_js_mean,mean_js,0.05157384276390076
ele-fashion,43,G1,intervention_delta,preserve,ce,-0.00018477439880371094
ele-fashion,43,G1,intervention_delta,preserve,accuracy,-0.00017052888870239258
ele-fashion,43,G1,intervention_delta,preserve,macro_f1,-0.003148194106459723
ele-fashion,43,G1,intervention_delta,uniform_route,ce,0.00017407536506652832
ele-fashion,43,G1,intervention_delta,uniform_route,accuracy,-0.00034105777740478516
ele-fashion,43,G1,intervention_delta,uniform_route,macro_f1,-0.003232508146312041
ele-fashion,43,G1,adaptation_utility,preserve_minus_normal,mean,-0.000184779564733617
ele-fashion,43,G1,adaptation_utility,preserve_minus_normal,positive_fraction,0.4065484404563904
ele-fashion,43,G1,adaptation_utility,preserve_minus_normal,harmful_fraction,0.5850955247879028
ele-fashion,43,G1,adaptation_utility,preserve_minus_normal,zero_fraction,0.008356071077287197
ele-fashion,43,G2,atom_coefficient,shared,atom1_order1,0.5856671929359436
ele-fashion,43,G2,atom_coefficient,shared,atom1_order2,0.5771865844726562
ele-fashion,43,G2,atom_coefficient,shared,atom1_order3,0.5690778493881226
ele-fashion,43,G2,atom_coefficient,shared,atom2_order1,0.6874616146087646
ele-fashion,43,G2,atom_coefficient,shared,atom2_order2,-0.011192119680345058
ele-fashion,43,G2,atom_coefficient,shared,atom2_order3,-0.7261345386505127
ele-fashion,43,G2,atom_coefficient,shared,atom3_order1,0.3991343379020691
ele-fashion,43,G2,atom_coefficient,shared,atom3_order2,-0.8265550136566162
ele-fashion,43,G2,atom_coefficient,shared,atom3_order3,0.39686092734336853
ele-fashion,43,G2,atom_pair_cosine,shared,atom1_atom2,-0.01706331968307495
ele-fashion,43,G2,atom_pair_cosine,shared,atom1_atom3,-0.017471835017204285
ele-fashion,43,G2,atom_pair_cosine,shared,atom2_atom3,-0.004533976316452026
ele-fashion,43,G2,atom_coefficient,private_text,atom1_order1,0.5827435255050659
ele-fashion,43,G2,atom_coefficient,private_text,atom1_order2,0.5827654004096985
ele-fashion,43,G2,atom_coefficient,private_text,atom1_order3,0.5663871169090271
ele-fashion,43,G2,atom_coefficient,private_text,atom2_order1,0.6901369094848633
ele-fashion,43,G2,atom_coefficient,private_text,atom2_order2,-0.007809954229742289
ele-fashion,43,G2,atom_coefficient,private_text,atom2_order3,-0.7236366868019104
ele-fashion,43,G2,atom_pair_cosine,private_text,atom1_atom2,-0.012237071990966797
ele-fashion,43,G2,atom_coefficient,private_visual,atom1_order1,0.5884221792221069
ele-fashion,43,G2,atom_coefficient,private_visual,atom1_order2,0.5754850506782532
ele-fashion,43,G2,atom_coefficient,private_visual,atom1_order3,0.5679579973220825
ele-fashion,43,G2,atom_coefficient,private_visual,atom2_order1,0.6860588192939758
ele-fashion,43,G2,atom_coefficient,private_visual,atom2_order2,-0.01605588011443615
ele-fashion,43,G2,atom_coefficient,private_visual,atom2_order3,-0.7273688912391663
ele-fashion,43,G2,atom_pair_cosine,private_visual,atom1_atom2,-0.01866266131401062
ele-fashion,43,G2,routing_usage,shared_text,mean_probability_atom1,0.004103867337107658
ele-fashion,43,G2,routing_usage,shared_text,mean_probability_atom2,0.9701641201972961
ele-fashion,43,G2,routing_usage,shared_text,mean_probability_atom3,0.025731956586241722
ele-fashion,43,G2,routing_entropy,shared_text,entropy_mean,0.14468783140182495
ele-fashion,43,G2,routing_entropy,shared_text,entropy_std,0.0348326750099659
ele-fashion,43,G2,routing_entropy,shared_text,effective_usage_exp_mean_entropy,1.1556787490844727
ele-fashion,43,G2,routing_usage,private_text,mean_probability_atom1,0.25672614574432373
ele-fashion,43,G2,routing_usage,private_text,mean_probability_atom2,0.7432737946510315
ele-fashion,43,G2,routing_entropy,private_text,entropy_mean,0.5378236174583435
ele-fashion,43,G2,routing_entropy,private_text,entropy_std,0.12235046923160553
ele-fashion,43,G2,routing_entropy,private_text,effective_usage_exp_mean_entropy,1.7122762203216553
ele-fashion,43,G2,routing_usage,private_visual,mean_probability_atom1,0.02697567082941532
ele-fashion,43,G2,routing_usage,private_visual,mean_probability_atom2,0.9730243682861328
ele-fashion,43,G2,routing_entropy,private_visual,entropy_mean,0.12392798066139221
ele-fashion,43,G2,routing_entropy,private_visual,entropy_std,0.009677974507212639
ele-fashion,43,G2,routing_entropy,private_visual,effective_usage_exp_mean_entropy,1.1319342851638794
ele-fashion,43,G2,routing_disagreement,text_visual_private_routing_js_mean,mean_js,0.06503546983003616
ele-fashion,43,G2,shared_private,mean_norm_shared,mean,0.9703600406646729
ele-fashion,43,G2,shared_private,mean_norm_private_text,mean,0.7954542636871338
ele-fashion,43,G2,shared_private,mean_norm_private_visual,mean,0.9728987812995911
ele-fashion,43,G2,shared_private,cos_shared_private_text,mean,0.9249605536460876
ele-fashion,43,G2,shared_private,cos_shared_private_visual,mean,0.9994878768920898
ele-fashion,43,G2,intervention_delta,preserve,ce,-0.00013706088066101074
ele-fashion,43,G2,intervention_delta,preserve,accuracy,0.0006821155548095703
ele-fashion,43,G2,intervention_delta,preserve,macro_f1,0.0022039364550856533
ele-fashion,43,G2,intervention_delta,uniform_route,ce,0.0006698071956634521
ele-fashion,43,G2,intervention_delta,uniform_route,accuracy,0.00034105777740478516
ele-fashion,43,G2,intervention_delta,uniform_route,macro_f1,0.0017749258781635247
ele-fashion,43,G2,intervention_delta,shared_off,ce,7.519125938415527e-05
ele-fashion,43,G2,intervention_delta,shared_off,accuracy,0.0006821155548095703
ele-fashion,43,G2,intervention_delta,shared_off,macro_f1,0.0004330334909331546
ele-fashion,43,G2,intervention_delta,private_off,ce,-8.621811866760254e-05
ele-fashion,43,G2,intervention_delta,private_off,accuracy,0.0
ele-fashion,43,G2,intervention_delta,private_off,macro_f1,0.0
ele-fashion,43,G2,adaptation_utility,preserve_minus_normal,mean,-0.00013701933494303375
ele-fashion,43,G2,adaptation_utility,preserve_minus_normal,positive_fraction,0.3182128369808197
ele-fashion,43,G2,adaptation_utility,preserve_minus_normal,harmful_fraction,0.6737721562385559
ele-fashion,43,G2,adaptation_utility,preserve_minus_normal,zero_fraction,0.00801500678062439
ele-fashion,43,G3,atom_coefficient,shared,atom1_order1,0.5851101875305176
ele-fashion,43,G3,atom_coefficient,shared,atom1_order2,0.5767008662223816
ele-fashion,43,G3,atom_coefficient,shared,atom1_order3,0.5701422095298767
ele-fashion,43,G3,atom_coefficient,shared,atom2_order1,0.6933188438415527
ele-fashion,43,G3,atom_coefficient,shared,atom2_order2,-0.008998265489935875
ele-fashion,43,G3,atom_coefficient,shared,atom2_order3,-0.7205747365951538
ele-fashion,43,G3,atom_coefficient,shared,atom3_order1,0.40181198716163635
ele-fashion,43,G3,atom_coefficient,shared,atom3_order2,-0.824548065662384
ele-fashion,43,G3,atom_coefficient,shared,atom3_order3,0.3983311057090759
ele-fashion,43,G3,atom_pair_cosine,shared,atom1_atom2,-0.010351449251174927
ele-fashion,43,G3,atom_pair_cosine,shared,atom1_atom3,-0.013307899236679077
ele-fashion,43,G3,atom_pair_cosine,shared,atom2_atom3,-0.001024007797241211
ele-fashion,43,G3,atom_coefficient,private_text,atom1_order1,0.5834131836891174
ele-fashion,43,G3,atom_coefficient,private_text,atom1_order2,0.5799424052238464
ele-fashion,43,G3,atom_coefficient,private_text,atom1_order3,0.5685911178588867
ele-fashion,43,G3,atom_coefficient,private_text,atom2_order1,0.695249080657959
ele-fashion,43,G3,atom_coefficient,private_text,atom2_order2,-0.006569561082869768
ele-fashion,43,G3,atom_coefficient,private_text,atom2_order3,-0.7187389135360718
ele-fashion,43,G3,atom_pair_cosine,private_text,atom1_atom2,-0.0068610310554504395
ele-fashion,43,G3,atom_coefficient,private_visual,atom1_order1,0.5876474380493164
ele-fashion,43,G3,atom_coefficient,private_visual,atom1_order2,0.574866771697998
ele-fashion,43,G3,atom_coefficient,private_visual,atom1_order3,0.5693844556808472
ele-fashion,43,G3,atom_coefficient,private_visual,atom2_order1,0.6918531060218811
ele-fashion,43,G3,atom_coefficient,private_visual,atom2_order2,-0.012319190427660942
ele-fashion,43,G3,atom_coefficient,private_visual,atom2_order3,-0.7219331860542297
ele-fashion,43,G3,atom_pair_cosine,private_visual,atom1_atom2,-0.011573731899261475
ele-fashion,43,G3,routing_usage,shared_text,mean_probability_atom1,0.010177587158977985
ele-fashion,43,G3,routing_usage,shared_text,mean_probability_atom2,0.9247810244560242
ele-fashion,43,G3,routing_usage,shared_text,mean_probability_atom3,0.06504137068986893
ele-fashion,43,G3,routing_entropy,shared_text,entropy_mean,0.29536184668540955
ele-fashion,43,G3,routing_entropy,shared_text,entropy_std,0.03829558193683624
ele-fashion,43,G3,routing_entropy,shared_text,effective_usage_exp_mean_entropy,1.3436124324798584
ele-fashion,43,G3,routing_usage,private_text,mean_probability_atom1,0.23309820890426636
ele-fashion,43,G3,routing_usage,private_text,mean_probability_atom2,0.7669018507003784
ele-fashion,43,G3,routing_entropy,private_text,entropy_mean,0.5331087112426758
ele-fashion,43,G3,routing_entropy,private_text,entropy_std,0.07110457122325897
ele-fashion,43,G3,routing_entropy,private_text,effective_usage_exp_mean_entropy,1.7042219638824463
ele-fashion,43,G3,routing_usage,private_visual,mean_probability_atom1,0.0533437542617321
ele-fashion,43,G3,routing_usage,private_visual,mean_probability_atom2,0.9466561675071716
ele-fashion,43,G3,routing_entropy,private_visual,entropy_mean,0.20798824727535248
ele-fashion,43,G3,routing_entropy,private_visual,entropy_std,0.01463929284363985
ele-fashion,43,G3,routing_entropy,private_visual,effective_usage_exp_mean_entropy,1.2311986684799194
ele-fashion,43,G3,routing_disagreement,text_visual_private_routing_js_mean,mean_js,0.03664370998740196
ele-fashion,43,G3,shared_private,mean_norm_shared,mean,0.9270302057266235
ele-fashion,43,G3,shared_private,mean_norm_private_text,mean,0.8034458160400391
ele-fashion,43,G3,shared_private,mean_norm_private_visual,mean,0.9475567936897278
ele-fashion,43,G3,shared_private,cos_shared_private_text,mean,0.9506797790527344
ele-fashion,43,G3,shared_private,cos_shared_private_visual,mean,0.9966146945953369
ele-fashion,43,G3,intervention_delta,preserve,ce,-0.00013768672943115234
ele-fashion,43,G3,intervention_delta,preserve,accuracy,-0.00017052888870239258
ele-fashion,43,G3,intervention_delta,preserve,macro_f1,0.0011733495962764628
ele-fashion,43,G3,intervention_delta,uniform_route,ce,0.000483095645904541
ele-fashion,43,G3,intervention_delta,uniform_route,accuracy,-0.00017052888870239258
ele-fashion,43,G3,intervention_delta,uniform_route,macro_f1,0.0007304279946387382
ele-fashion,43,G3,intervention_delta,shared_off,ce,3.9517879486083984e-05
ele-fashion,43,G3,intervention_delta,shared_off,accuracy,-0.00017052888870239258
ele-fashion,43,G3,intervention_delta,shared_off,macro_f1,0.00016317730522641405
ele-fashion,43,G3,intervention_delta,private_off,ce,-6.434321403503418e-05
ele-fashion,43,G3,intervention_delta,private_off,accuracy,0.0
ele-fashion,43,G3,intervention_delta,private_off,macro_f1,0.0020855838289866035
ele-fashion,43,G3,adaptation_utility,preserve_minus_normal,mean,-0.00013769962242804468
ele-fashion,43,G3,adaptation_utility,preserve_minus_normal,positive_fraction,0.32332879304885864
ele-fashion,43,G3,adaptation_utility,preserve_minus_normal,harmful_fraction,0.6691678166389465
ele-fashion,43,G3,adaptation_utility,preserve_minus_normal,zero_fraction,0.007503410801291466
ele-fashion,43,G3,reliability,rho_text_mean,value,0.10175224393606186
ele-fashion,43,G3,reliability,rho_text_std,value,0.001379396882839501
ele-fashion,43,G3,reliability,rho_visual_mean,value,0.09904136508703232
ele-fashion,43,G3,reliability,rho_visual_std,value,0.0010462184436619282
ele-fashion,43,G3,reliability,rho_mean,value,0.10039681941270828
ele-fashion,43,G3,reliability,rho_std,value,0.000799793575424701
ele-fashion,43,G3,reliability_quartile,Q1,rho_mean,0.09936083853244781
ele-fashion,43,G3,reliability_quartile,Q1,rho_std,0.00043681307579390705
ele-fashion,43,G3,reliability_quartile,Q1,mean_adaptation_utility,-0.0006062798202037811
ele-fashion,43,G3,reliability_quartile,Q1,harmful_fraction,0.635743519781719
ele-fashion,43,G3,reliability_quartile,Q1,mean_ce,0.5309821963310242
ele-fashion,43,G3,reliability_quartile,Q1,accuracy,0.8301500678062439
ele-fashion,43,G3,reliability_quartile,Q2,rho_mean,0.10016101598739624
ele-fashion,43,G3,reliability_quartile,Q2,rho_std,0.0001504957617726177
ele-fashion,43,G3,reliability_quartile,Q2,mean_adaptation_utility,0.0001588881277712062
ele-fashion,43,G3,reliability_quartile,Q2,harmful_fraction,0.6753069577080492
ele-fashion,43,G3,reliability_quartile,Q2,mean_ce,0.3708106279373169
ele-fashion,43,G3,reliability_quartile,Q2,accuracy,0.8956343531608582
ele-fashion,43,G3,reliability_quartile,Q3,rho_mean,0.10067570954561234
ele-fashion,43,G3,reliability_quartile,Q3,rho_std,0.00015020309365354478
ele-fashion,43,G3,reliability_quartile,Q3,mean_adaptation_utility,-0.00022954428277444094
ele-fashion,43,G3,reliability_quartile,Q3,harmful_fraction,0.6780354706684857
ele-fashion,43,G3,reliability_quartile,Q3,mean_ce,0.3295716941356659
ele-fashion,43,G3,reliability_quartile,Q3,accuracy,0.9045020341873169
ele-fashion,43,G3,reliability_quartile,Q4,rho_mean,0.10138967633247375
ele-fashion,43,G3,reliability_quartile,Q4,rho_std,0.0003609091218095273
ele-fashion,43,G3,reliability_quartile,Q4,mean_adaptation_utility,0.00012613733997568488
ele-fashion,43,G3,reliability_quartile,Q4,harmful_fraction,0.6875852660300137
ele-fashion,43,G3,reliability_quartile,Q4,mean_ce,0.3821773827075958
ele-fashion,43,G3,reliability_quartile,Q4,accuracy,0.8833560943603516
ele-fashion,43,G3,reliability,spearman_rho_vs_adaptation_utility,value,-0.018176109505138073
ele-fashion,43,G4,atom_coefficient,shared,atom1_order1,0.5856947898864746
ele-fashion,43,G4,atom_coefficient,shared,atom1_order2,0.5770190954208374
ele-fashion,43,G4,atom_coefficient,shared,atom1_order3,0.5692192316055298
ele-fashion,43,G4,atom_coefficient,shared,atom2_order1,0.6881902813911438
ele-fashion,43,G4,atom_coefficient,shared,atom2_order2,-0.011315488256514072
ele-fashion,43,G4,atom_coefficient,shared,atom2_order3,-0.7254419922828674
ele-fashion,43,G4,atom_coefficient,shared,atom3_order1,0.3993070423603058
ele-fashion,43,G4,atom_coefficient,shared,atom3_order2,-0.8264186978340149
ele-fashion,43,G4,atom_coefficient,shared,atom3_order3,0.3969708979129791
ele-fashion,43,G4,atom_pair_cosine,shared,atom1_atom2,-0.01639530062675476
ele-fashion,43,G4,atom_pair_cosine,shared,atom1_atom3,-0.017023831605911255
ele-fashion,43,G4,atom_pair_cosine,shared,atom2_atom3,-0.00382879376411438
ele-fashion,43,G4,atom_coefficient,private_text,atom1_order1,0.5831369161605835
ele-fashion,43,G4,atom_coefficient,private_text,atom1_order2,0.5819537043571472
ele-fashion,43,G4,atom_coefficient,private_text,atom1_order3,0.5668166875839233
ele-fashion,43,G4,atom_coefficient,private_text,atom2_order1,0.6908351182937622
ele-fashion,43,G4,atom_coefficient,private_text,atom2_order2,-0.007999736815690994
ele-fashion,43,G4,atom_coefficient,private_text,atom2_order3,-0.7229681015014648
ele-fashion,43,G4,atom_pair_cosine,private_text,atom1_atom2,-0.011594414710998535
ele-fashion,43,G4,atom_coefficient,private_visual,atom1_order1,0.5885258913040161
ele-fashion,43,G4,atom_coefficient,private_visual,atom1_order2,0.5750404596328735
ele-fashion,43,G4,atom_coefficient,private_visual,atom1_order3,0.568300724029541
ele-fashion,43,G4,atom_coefficient,private_visual,atom2_order1,0.6868983507156372
ele-fashion,43,G4,atom_coefficient,private_visual,atom2_order2,-0.015749143436551094
ele-fashion,43,G4,atom_coefficient,private_visual,atom2_order3,-0.7265828251838684
ele-fashion,43,G4,atom_pair_cosine,private_visual,atom1_atom2,-0.01771646738052368
ele-fashion,43,G4,routing_usage,shared_text,mean_probability_atom1,0.004769660532474518
ele-fashion,43,G4,routing_usage,shared_text,mean_probability_atom2,0.9625791907310486
ele-fashion,43,G4,routing_usage,shared_text,mean_probability_atom3,0.032651204615831375
ele-fashion,43,G4,routing_entropy,shared_text,entropy_mean,0.1723889708518982
ele-fashion,43,G4,routing_entropy,shared_text,entropy_std,0.037980370223522186
ele-fashion,43,G4,routing_entropy,shared_text,effective_usage_exp_mean_entropy,1.1881399154663086
ele-fashion,43,G4,routing_usage,private_text,mean_probability_atom1,0.25069281458854675
ele-fashion,43,G4,routing_usage,private_text,mean_probability_atom2,0.7493072152137756
ele-fashion,43,G4,routing_entropy,private_text,entropy_mean,0.5363184213638306
ele-fashion,43,G4,routing_entropy,private_text,entropy_std,0.11395110189914703
ele-fashion,43,G4,routing_entropy,private_text,effective_usage_exp_mean_entropy,1.7097008228302002
ele-fashion,43,G4,routing_usage,private_visual,mean_probability_atom1,0.027279581874608994
ele-fashion,43,G4,routing_usage,private_visual,mean_probability_atom2,0.9727204442024231
ele-fashion,43,G4,routing_entropy,private_visual,entropy_mean,0.12503142654895782
ele-fashion,43,G4,routing_entropy,private_visual,entropy_std,0.0091401943936944
ele-fashion,43,G4,routing_entropy,private_visual,effective_usage_exp_mean_entropy,1.1331840753555298
ele-fashion,43,G4,routing_disagreement,text_visual_private_routing_js_mean,mean_js,0.06191836670041084
ele-fashion,43,G4,shared_private,mean_norm_shared,mean,0.96298748254776
ele-fashion,43,G4,shared_private,mean_norm_private_text,mean,0.7972857356071472
ele-fashion,43,G4,shared_private,mean_norm_private_visual,mean,0.9726232886314392
ele-fashion,43,G4,shared_private,cos_shared_private_text,mean,0.9315493702888489
ele-fashion,43,G4,shared_private,cos_shared_private_visual,mean,0.9992614388465881
ele-fashion,43,G4,intervention_delta,preserve,ce,-7.164478302001953e-05
ele-fashion,43,G4,intervention_delta,preserve,accuracy,0.00017052888870239258
ele-fashion,43,G4,intervention_delta,preserve,macro_f1,0.0021649013931570593
ele-fashion,43,G4,intervention_delta,uniform_route,ce,0.00036898255348205566
ele-fashion,43,G4,intervention_delta,uniform_route,accuracy,0.00034105777740478516
ele-fashion,43,G4,intervention_delta,uniform_route,macro_f1,0.0024344746543285556
ele-fashion,43,G4,intervention_delta,shared_off,ce,4.252791404724121e-05
ele-fashion,43,G4,intervention_delta,shared_off,accuracy,-0.00017052888870239258
ele-fashion,43,G4,intervention_delta,shared_off,macro_f1,-0.0001879412574528061
ele-fashion,43,G4,intervention_delta,private_off,ce,-5.081295967102051e-05
ele-fashion,43,G4,intervention_delta,private_off,accuracy,-0.0005115866661071777
ele-fashion,43,G4,intervention_delta,private_off,macro_f1,-0.0004021198502458523
ele-fashion,43,G4,adaptation_utility,preserve_minus_normal,mean,-7.162744441302493e-05
ele-fashion,43,G4,adaptation_utility,preserve_minus_normal,positive_fraction,0.3202592134475708
ele-fashion,43,G4,adaptation_utility,preserve_minus_normal,harmful_fraction,0.6662687659263611
ele-fashion,43,G4,adaptation_utility,preserve_minus_normal,zero_fraction,0.013472032733261585
ele-fashion,43,G4,reliability,rho_text_mean,value,0.07012562453746796
ele-fashion,43,G4,reliability,rho_text_std,value,0.001503982930444181
ele-fashion,43,G4,reliability,rho_visual_mean,value,0.06345175206661224
ele-fashion,43,G4,reliability,rho_visual_std,value,0.0012064509792253375
ele-fashion,43,G4,reliability,rho_mean,value,0.0667886883020401
ele-fashion,43,G4,reliability,rho_std,value,0.001047396450303495
ele-fashion,43,G4,reliability_quartile,Q1,rho_mean,0.0654914602637291
ele-fashion,43,G4,reliability_quartile,Q1,rho_std,0.000420472671976313
ele-fashion,43,G4,reliability_quartile,Q1,mean_adaptation_utility,-0.00017605938774067909
ele-fashion,43,G4,reliability_quartile,Q1,harmful_fraction,0.6418826739427013
ele-fashion,43,G4,reliability_quartile,Q1,mean_ce,0.30475375056266785
ele-fashion,43,G4,reliability_quartile,Q1,accuracy,0.9038199186325073
ele-fashion,43,G4,reliability_quartile,Q2,rho_mean,0.06639201939105988
ele-fashion,43,G4,reliability_quartile,Q2,rho_std,0.00021529765217565
ele-fashion,43,G4,reliability_quartile,Q2,mean_adaptation_utility,-0.0004024026566185057
ele-fashion,43,G4,reliability_quartile,Q2,harmful_fraction,0.6589358799454298
ele-fashion,43,G4,reliability_quartile,Q2,mean_ce,0.3875783681869507
ele-fashion,43,G4,reliability_quartile,Q2,accuracy,0.8833560943603516
ele-fashion,43,G4,reliability_quartile,Q3,rho_mean,0.06711804121732712
ele-fashion,43,G4,reliability_quartile,Q3,rho_std,0.00021518980793189257
ele-fashion,43,G4,reliability_quartile,Q3,mean_adaptation_utility,9.275704360334203e-05
ele-fashion,43,G4,reliability_quartile,Q3,harmful_fraction,0.665075034106412
ele-fashion,43,G4,reliability_quartile,Q3,mean_ce,0.43106237053871155
ele-fashion,43,G4,reliability_quartile,Q3,accuracy,0.8669849634170532
ele-fashion,43,G4,reliability_quartile,Q4,rho_mean,0.06815322488546371
ele-fashion,43,G4,reliability_quartile,Q4,rho_std,0.0005550894420593977
ele-fashion,43,G4,reliability_quartile,Q4,mean_adaptation_utility,0.00019919518672395498
ele-fashion,43,G4,reliability_quartile,Q4,harmful_fraction,0.699181446111869
ele-fashion,43,G4,reliability_quartile,Q4,mean_ce,0.49603667855262756
ele-fashion,43,G4,reliability_quartile,Q4,accuracy,0.8635743260383606
ele-fashion,43,G4,reliability,spearman_rho_vs_adaptation_utility,value,-0.11289507809666725
ele-fashion,44,G0,intervention_delta,preserve,ce,0.0
ele-fashion,44,G0,intervention_delta,preserve,accuracy,0.0
ele-fashion,44,G0,intervention_delta,preserve,macro_f1,0.0
ele-fashion,44,G0,adaptation_utility,preserve_minus_normal,mean,0.0
ele-fashion,44,G0,adaptation_utility,preserve_minus_normal,positive_fraction,0.0
ele-fashion,44,G0,adaptation_utility,preserve_minus_normal,harmful_fraction,0.0
ele-fashion,44,G0,adaptation_utility,preserve_minus_normal,zero_fraction,1.0
ele-fashion,44,G0-FT,intervention_delta,preserve,ce,0.0
ele-fashion,44,G0-FT,intervention_delta,preserve,accuracy,0.0
ele-fashion,44,G0-FT,intervention_delta,preserve,macro_f1,0.0
ele-fashion,44,G0-FT,adaptation_utility,preserve_minus_normal,mean,0.0
ele-fashion,44,G0-FT,adaptation_utility,preserve_minus_normal,positive_fraction,0.0
ele-fashion,44,G0-FT,adaptation_utility,preserve_minus_normal,harmful_fraction,0.0
ele-fashion,44,G0-FT,adaptation_utility,preserve_minus_normal,zero_fraction,1.0
ele-fashion,44,G1,atom_coefficient,flat,atom1_order1,0.5786805152893066
ele-fashion,44,G1,atom_coefficient,flat,atom1_order2,0.5770130753517151
ele-fashion,44,G1,atom_coefficient,flat,atom1_order3,0.5763546824455261
ele-fashion,44,G1,atom_coefficient,flat,atom2_order1,0.7054421901702881
ele-fashion,44,G1,atom_coefficient,flat,atom2_order2,-0.0012241392396390438
ele-fashion,44,G1,atom_coefficient,flat,atom2_order3,-0.7087664008140564
ele-fashion,44,G1,atom_coefficient,flat,atom3_order1,0.40615975856781006
ele-fashion,44,G1,atom_coefficient,flat,atom3_order2,-0.8181857466697693
ele-fashion,44,G1,atom_coefficient,flat,atom3_order3,0.40694764256477356
ele-fashion,44,G1,atom_pair_cosine,flat,atom1_atom2,-0.0009815096855163574
ele-fashion,44,G1,atom_pair_cosine,flat,atom1_atom3,-0.002520933747291565
ele-fashion,44,G1,atom_pair_cosine,flat,atom2_atom3,-0.0009070038795471191
ele-fashion,44,G1,routing_usage,flat_text,mean_probability_atom1,0.3010503649711609
ele-fashion,44,G1,routing_usage,flat_text,mean_probability_atom2,0.3729417026042938
ele-fashion,44,G1,routing_usage,flat_text,mean_probability_atom3,0.3260078728199005
ele-fashion,44,G1,routing_entropy,flat_text,entropy_mean,1.092459797859192
ele-fashion,44,G1,routing_entropy,flat_text,entropy_std,0.00569303659722209
ele-fashion,44,G1,routing_entropy,flat_text,effective_usage_exp_mean_entropy,2.9815990924835205
ele-fashion,44,G1,routing_usage,flat_visual,mean_probability_atom1,0.1815386265516281
ele-fashion,44,G1,routing_usage,flat_visual,mean_probability_atom2,0.3851465880870819
ele-fashion,44,G1,routing_usage,flat_visual,mean_probability_atom3,0.43331480026245117
ele-fashion,44,G1,routing_entropy,flat_visual,entropy_mean,1.0358185768127441
ele-fashion,44,G1,routing_entropy,flat_visual,entropy_std,0.013897701166570187
ele-fashion,44,G1,routing_entropy,flat_visual,effective_usage_exp_mean_entropy,2.8174116611480713
ele-fashion,44,G1,routing_disagreement,text_visual_flat_routing_js_mean,mean_js,0.01283652801066637
ele-fashion,44,G1,intervention_delta,preserve,ce,-0.00021284818649291992
ele-fashion,44,G1,intervention_delta,preserve,accuracy,0.00017052888870239258
ele-fashion,44,G1,intervention_delta,preserve,macro_f1,0.00018913097247452715
ele-fashion,44,G1,intervention_delta,uniform_route,ce,0.00020581483840942383
ele-fashion,44,G1,intervention_delta,uniform_route,accuracy,0.00017052888870239258
ele-fashion,44,G1,intervention_delta,uniform_route,macro_f1,8.82373030105521e-05
ele-fashion,44,G1,adaptation_utility,preserve_minus_normal,mean,-0.000212846280192025
ele-fashion,44,G1,adaptation_utility,preserve_minus_normal,positive_fraction,0.49744200706481934
ele-fashion,44,G1,adaptation_utility,preserve_minus_normal,harmful_fraction,0.4884038269519806
ele-fashion,44,G1,adaptation_utility,preserve_minus_normal,zero_fraction,0.0141541613265872
ele-fashion,44,G2,atom_coefficient,shared,atom1_order1,0.5799034237861633
ele-fashion,44,G2,atom_coefficient,shared,atom1_order2,0.5763075947761536
ele-fashion,44,G2,atom_coefficient,shared,atom1_order3,0.5758311748504639
ele-fashion,44,G2,atom_coefficient,shared,atom2_order1,0.7057884931564331
ele-fashion,44,G2,atom_coefficient,shared,atom2_order2,-0.0012023667804896832
ele-fashion,44,G2,atom_coefficient,shared,atom2_order3,-0.7084217071533203
ele-fashion,44,G2,atom_coefficient,shared,atom3_order1,0.4107188582420349
ele-fashion,44,G2,atom_coefficient,shared,atom3_order2,-0.8163403868675232
ele-fashion,44,G2,atom_coefficient,shared,atom3_order3,0.4060767590999603
ele-fashion,44,G2,atom_pair_cosine,shared,atom1_atom2,0.0006649196147918701
ele-fashion,44,G2,atom_pair_cosine,shared,atom1_atom3,0.0015457719564437866
ele-fashion,44,G2,atom_pair_cosine,shared,atom2_atom3,0.003188580274581909
ele-fashion,44,G2,atom_coefficient,private_text,atom1_order1,0.5793545842170715
ele-fashion,44,G2,atom_coefficient,private_text,atom1_order2,0.5766375660896301
ele-fashion,44,G2,atom_coefficient,private_text,atom1_order3,0.5760532021522522
ele-fashion,44,G2,atom_coefficient,private_text,atom2_order1,0.7060633301734924
ele-fashion,44,G2,atom_coefficient,private_text,atom2_order2,-0.0010029894765466452
ele-fashion,44,G2,atom_coefficient,private_text,atom2_order3,-0.7081480622291565
ele-fashion,44,G2,atom_pair_cosine,private_text,atom1_atom2,0.0005516707897186279
ele-fashion,44,G2,atom_coefficient,private_visual,atom1_order1,0.5803149342536926
ele-fashion,44,G2,atom_coefficient,private_visual,atom1_order2,0.5761910080909729
ele-fashion,44,G2,atom_coefficient,private_visual,atom1_order3,0.5755331516265869
ele-fashion,44,G2,atom_coefficient,private_visual,atom2_order1,0.704896867275238
ele-fashion,44,G2,atom_coefficient,private_visual,atom2_order2,-0.002006940543651581
ele-fashion,44,G2,atom_coefficient,private_visual,atom2_order3,-0.7093070149421692
ele-fashion,44,G2,atom_pair_cosine,private_visual,atom1_atom2,-0.00032392144203186035
ele-fashion,44,G2,routing_usage,shared_text,mean_probability_atom1,0.21860012412071228
ele-fashion,44,G2,routing_usage,shared_text,mean_probability_atom2,0.41874340176582336
ele-fashion,44,G2,routing_usage,shared_text,mean_probability_atom3,0.36265653371810913
ele-fashion,44,G2,routing_entropy,shared_text,entropy_mean,1.0622951984405518
ele-fashion,44,G2,routing_entropy,shared_text,entropy_std,0.011388186365365982
ele-fashion,44,G2,routing_entropy,shared_text,effective_usage_exp_mean_entropy,2.893003463745117
ele-fashion,44,G2,routing_usage,private_text,mean_probability_atom1,0.432559072971344
ele-fashion,44,G2,routing_usage,private_text,mean_probability_atom2,0.567440927028656
ele-fashion,44,G2,routing_entropy,private_text,entropy_mean,0.6830282807350159
ele-fashion,44,G2,routing_entropy,private_text,entropy_std,0.00620350381359458
ele-fashion,44,G2,routing_entropy,private_text,effective_usage_exp_mean_entropy,1.979864239692688
ele-fashion,44,G2,routing_usage,private_visual,mean_probability_atom1,0.3694826066493988
ele-fashion,44,G2,routing_usage,private_visual,mean_probability_atom2,0.6305173635482788
ele-fashion,44,G2,routing_entropy,private_visual,entropy_mean,0.657221257686615
ele-fashion,44,G2,routing_entropy,private_visual,entropy_std,0.013904543593525887
ele-fashion,44,G2,routing_entropy,private_visual,effective_usage_exp_mean_entropy,1.929423451423645
ele-fashion,44,G2,routing_disagreement,text_visual_private_routing_js_mean,mean_js,0.0025202040560543537
ele-fashion,44,G2,shared_private,mean_norm_shared,mean,0.5979448556900024
ele-fashion,44,G2,shared_private,mean_norm_private_text,mean,0.7143694758415222
ele-fashion,44,G2,shared_private,mean_norm_private_visual,mean,0.731568455696106
ele-fashion,44,G2,shared_private,cos_shared_private_text,mean,0.7801351547241211
ele-fashion,44,G2,shared_private,cos_shared_private_visual,mean,0.7908094525337219
ele-fashion,44,G2,intervention_delta,preserve,ce,-0.0004856586456298828
ele-fashion,44,G2,intervention_delta,preserve,accuracy,0.0
ele-fashion,44,G2,intervention_delta,preserve,macro_f1,0.00026955826285535167
ele-fashion,44,G2,intervention_delta,uniform_route,ce,0.000494837760925293
ele-fashion,44,G2,intervention_delta,uniform_route,accuracy,-0.00017052888870239258
ele-fashion,44,G2,intervention_delta,uniform_route,macro_f1,-0.0003738853650561147
ele-fashion,44,G2,intervention_delta,shared_off,ce,-2.9534101486206055e-05
ele-fashion,44,G2,intervention_delta,shared_off,accuracy,-0.0005115866661071777
ele-fashion,44,G2,intervention_delta,shared_off,macro_f1,-0.00010841443286147001
ele-fashion,44,G2,intervention_delta,private_off,ce,-0.0003680586814880371
ele-fashion,44,G2,intervention_delta,private_off,accuracy,0.0
ele-fashion,44,G2,intervention_delta,private_off,macro_f1,0.00026796909481408004
ele-fashion,44,G2,adaptation_utility,preserve_minus_normal,mean,-0.000485677010146901
ele-fashion,44,G2,adaptation_utility,preserve_minus_normal,positive_fraction,0.5180764198303223
ele-fashion,44,G2,adaptation_utility,preserve_minus_normal,harmful_fraction,0.4722032845020294
ele-fashion,44,G2,adaptation_utility,preserve_minus_normal,zero_fraction,0.009720327332615852
ele-fashion,44,G3,atom_coefficient,shared,atom1_order1,0.5799070000648499
ele-fashion,44,G3,atom_coefficient,shared,atom1_order2,0.5763035416603088
ele-fashion,44,G3,atom_coefficient,shared,atom1_order3,0.5758316516876221
ele-fashion,44,G3,atom_coefficient,shared,atom2_order1,0.7057862281799316
ele-fashion,44,G3,atom_coefficient,shared,atom2_order2,-0.0012066923081874847
ele-fashion,44,G3,atom_coefficient,shared,atom2_order3,-0.7084239721298218
ele-fashion,44,G3,atom_coefficient,shared,atom3_order1,0.41072043776512146
ele-fashion,44,G3,atom_coefficient,shared,atom3_order2,-0.8163414597511292
ele-fashion,44,G3,atom_coefficient,shared,atom3_order3,0.4060729444026947
ele-fashion,44,G3,atom_pair_cosine,shared,atom1_atom2,0.0006620287895202637
ele-fashion,44,G3,atom_pair_cosine,shared,atom1_atom3,0.0015488266944885254
ele-fashion,44,G3,atom_pair_cosine,shared,atom2_atom3,0.0031941235065460205
ele-fashion,44,G3,atom_coefficient,private_text,atom1_order1,0.5793600082397461
ele-fashion,44,G3,atom_coefficient,private_text,atom1_order2,0.5766323804855347
ele-fashion,44,G3,atom_coefficient,private_text,atom1_order3,0.5760529637336731
ele-fashion,44,G3,atom_coefficient,private_text,atom2_order1,0.7060602307319641
ele-fashion,44,G3,atom_coefficient,private_text,atom2_order2,-0.0010079016210511327
ele-fashion,44,G3,atom_coefficient,private_text,atom2_order3,-0.70815110206604
ele-fashion,44,G3,atom_pair_cosine,private_text,atom1_atom2,0.0005493462085723877
ele-fashion,44,G3,atom_coefficient,private_visual,atom1_order1,0.5803160667419434
ele-fashion,44,G3,atom_coefficient,private_visual,atom1_order2,0.5761876702308655
ele-fashion,44,G3,atom_coefficient,private_visual,atom1_order3,0.5755353569984436
ele-fashion,44,G3,atom_coefficient,private_visual,atom2_order1,0.7048969864845276
ele-fashion,44,G3,atom_coefficient,private_visual,atom2_order2,-0.0020084111019968987
ele-fashion,44,G3,atom_coefficient,private_visual,atom2_order3,-0.7093068957328796
ele-fashion,44,G3,atom_pair_cosine,private_visual,atom1_atom2,-0.0003253817558288574
ele-fashion,44,G3,routing_usage,shared_text,mean_probability_atom1,0.21828527748584747
ele-fashion,44,G3,routing_usage,shared_text,mean_probability_atom2,0.41867390275001526
ele-fashion,44,G3,routing_usage,shared_text,mean_probability_atom3,0.3630408048629761
ele-fashion,44,G3,routing_entropy,shared_text,entropy_mean,1.0621501207351685
ele-fashion,44,G3,routing_entropy,shared_text,entropy_std,0.011405358090996742
ele-fashion,44,G3,routing_entropy,shared_text,effective_usage_exp_mean_entropy,2.8925836086273193
ele-fashion,44,G3,routing_usage,private_text,mean_probability_atom1,0.4324796795845032
ele-fashion,44,G3,routing_usage,private_text,mean_probability_atom2,0.5675203204154968
ele-fashion,44,G3,routing_entropy,private_text,entropy_mean,0.6830059885978699
ele-fashion,44,G3,routing_entropy,private_text,entropy_std,0.006212810520082712
ele-fashion,44,G3,routing_entropy,private_text,effective_usage_exp_mean_entropy,1.9798201322555542
ele-fashion,44,G3,routing_usage,private_visual,mean_probability_atom1,0.3695257306098938
ele-fashion,44,G3,routing_usage,private_visual,mean_probability_atom2,0.6304741501808167
ele-fashion,44,G3,routing_entropy,private_visual,entropy_mean,0.6572461128234863
ele-fashion,44,G3,routing_entropy,private_visual,entropy_std,0.013891415670514107
ele-fashion,44,G3,routing_entropy,private_visual,effective_usage_exp_mean_entropy,1.929471492767334
ele-fashion,44,G3,routing_disagreement,text_visual_private_routing_js_mean,mean_js,0.002511477330699563
ele-fashion,44,G3,shared_private,mean_norm_shared,mean,0.5980136394500732
ele-fashion,44,G3,shared_private,mean_norm_private_text,mean,0.7143840193748474
ele-fashion,44,G3,shared_private,mean_norm_private_visual,mean,0.7315515875816345
ele-fashion,44,G3,shared_private,cos_shared_private_text,mean,0.7796590924263
ele-fashion,44,G3,shared_private,cos_shared_private_visual,mean,0.7903567552566528
ele-fashion,44,G3,intervention_delta,preserve,ce,-0.00047832727432250977
ele-fashion,44,G3,intervention_delta,preserve,accuracy,-0.00017052888870239258
ele-fashion,44,G3,intervention_delta,preserve,macro_f1,-0.0001797215491001758
ele-fashion,44,G3,intervention_delta,uniform_route,ce,0.0004886984825134277
ele-fashion,44,G3,intervention_delta,uniform_route,accuracy,-0.00034105777740478516
ele-fashion,44,G3,intervention_delta,uniform_route,macro_f1,-0.0008231651770116422
ele-fashion,44,G3,intervention_delta,shared_off,ce,-2.8431415557861328e-05
ele-fashion,44,G3,intervention_delta,shared_off,accuracy,-0.0006821155548095703
ele-fashion,44,G3,intervention_delta,shared_off,macro_f1,-0.0005576942448169975
ele-fashion,44,G3,intervention_delta,private_off,ce,-0.0003629028797149658
ele-fashion,44,G3,intervention_delta,private_off,accuracy,-0.00017052888870239258
ele-fashion,44,G3,intervention_delta,private_off,macro_f1,-0.00018131071714144742
ele-fashion,44,G3,adaptation_utility,preserve_minus_normal,mean,-0.00047831039410084486
ele-fashion,44,G3,adaptation_utility,preserve_minus_normal,positive_fraction,0.5185880064964294
ele-fashion,44,G3,adaptation_utility,preserve_minus_normal,harmful_fraction,0.4722032845020294
ele-fashion,44,G3,adaptation_utility,preserve_minus_normal,zero_fraction,0.009208731353282928
ele-fashion,44,G3,reliability,rho_text_mean,value,0.11739248037338257
ele-fashion,44,G3,reliability,rho_text_std,value,0.0002652890107128769
ele-fashion,44,G3,reliability,rho_visual_mean,value,0.1171972006559372
ele-fashion,44,G3,reliability,rho_visual_std,value,0.00022537547920364887
ele-fashion,44,G3,reliability,rho_mean,value,0.11729485541582108
ele-fashion,44,G3,reliability,rho_std,value,0.00015040772268548608
ele-fashion,44,G3,reliability_quartile,Q1,rho_mean,0.11710215359926224
ele-fashion,44,G3,reliability_quartile,Q1,rho_std,7.794785051373765e-05
ele-fashion,44,G3,reliability_quartile,Q1,mean_adaptation_utility,-0.00019274262012913823
ele-fashion,44,G3,reliability_quartile,Q1,harmful_fraction,0.47203274215552526
ele-fashion,44,G3,reliability_quartile,Q1,mean_ce,0.4585575461387634
ele-fashion,44,G3,reliability_quartile,Q1,accuracy,0.8738062977790833
ele-fashion,44,G3,reliability_quartile,Q2,rho_mean,0.11724761873483658
ele-fashion,44,G3,reliability_quartile,Q2,rho_std,2.8336617106106132e-05
ele-fashion,44,G3,reliability_quartile,Q2,mean_adaptation_utility,-0.000485425116494298
ele-fashion,44,G3,reliability_quartile,Q2,harmful_fraction,0.4542974079126876
ele-fashion,44,G3,reliability_quartile,Q2,mean_ce,0.4106994569301605
ele-fashion,44,G3,reliability_quartile,Q2,accuracy,0.8840382099151611
ele-fashion,44,G3,reliability_quartile,Q3,rho_mean,0.11734514683485031
ele-fashion,44,G3,reliability_quartile,Q3,rho_std,2.9299208108568564e-05
ele-fashion,44,G3,reliability_quartile,Q3,mean_adaptation_utility,0.00012549234088510275
ele-fashion,44,G3,reliability_quartile,Q3,harmful_fraction,0.4590723055934516
ele-fashion,44,G3,reliability_quartile,Q3,mean_ce,0.4093855321407318
ele-fashion,44,G3,reliability_quartile,Q3,accuracy,0.8792632818222046
ele-fashion,44,G3,reliability_quartile,Q4,rho_mean,0.11748446524143219
ele-fashion,44,G3,reliability_quartile,Q4,rho_std,7.001850462984294e-05
ele-fashion,44,G3,reliability_quartile,Q4,mean_adaptation_utility,-0.0013605664717033505
ele-fashion,44,G3,reliability_quartile,Q4,harmful_fraction,0.5034106412005457
ele-fashion,44,G3,reliability_quartile,Q4,mean_ce,0.4300558269023895
ele-fashion,44,G3,reliability_quartile,Q4,accuracy,0.8854024410247803
ele-fashion,44,G3,reliability,spearman_rho_vs_adaptation_utility,value,-0.018625981064359132
ele-fashion,44,G4,atom_coefficient,shared,atom1_order1,0.5799070596694946
ele-fashion,44,G4,atom_coefficient,shared,atom1_order2,0.5763033032417297
ele-fashion,44,G4,atom_coefficient,shared,atom1_order3,0.5758318901062012
ele-fashion,44,G4,atom_coefficient,shared,atom2_order1,0.7057864665985107
ele-fashion,44,G4,atom_coefficient,shared,atom2_order2,-0.0012067195493727922
ele-fashion,44,G4,atom_coefficient,shared,atom2_order3,-0.7084237337112427
ele-fashion,44,G4,atom_coefficient,shared,atom3_order1,0.4107208549976349
ele-fashion,44,G4,atom_coefficient,shared,atom3_order2,-0.81634122133255
ele-fashion,44,G4,atom_coefficient,shared,atom3_order3,0.40607306361198425
ele-fashion,44,G4,atom_pair_cosine,shared,atom1_atom2,0.0006621479988098145
ele-fashion,44,G4,atom_pair_cosine,shared,atom1_atom3,0.0015496015548706055
ele-fashion,44,G4,atom_pair_cosine,shared,atom2_atom3,0.0031945109367370605
ele-fashion,44,G4,atom_coefficient,private_text,atom1_order1,0.5793600678443909
ele-fashion,44,G4,atom_coefficient,private_text,atom1_order2,0.576632022857666
ele-fashion,44,G4,atom_coefficient,private_text,atom1_order3,0.5760532021522522
ele-fashion,44,G4,atom_coefficient,private_text,atom2_order1,0.7060604691505432
ele-fashion,44,G4,atom_coefficient,private_text,atom2_order2,-0.0010079742642119527
ele-fashion,44,G4,atom_coefficient,private_text,atom2_order3,-0.7081508636474609
ele-fashion,44,G4,atom_pair_cosine,private_text,atom1_atom2,0.0005494356155395508
ele-fashion,44,G4,atom_coefficient,private_visual,atom1_order1,0.5803161263465881
ele-fashion,44,G4,atom_coefficient,private_visual,atom1_order2,0.5761871933937073
ele-fashion,44,G4,atom_coefficient,private_visual,atom1_order3,0.5755358934402466
ele-fashion,44,G4,atom_coefficient,private_visual,atom2_order1,0.7048973441123962
ele-fashion,44,G4,atom_coefficient,private_visual,atom2_order2,-0.0020083982963114977
ele-fashion,44,G4,atom_coefficient,private_visual,atom2_order3,-0.7093064785003662
ele-fashion,44,G4,atom_pair_cosine,private_visual,atom1_atom2,-0.00032526254653930664
ele-fashion,44,G4,routing_usage,shared_text,mean_probability_atom1,0.21821147203445435
ele-fashion,44,G4,routing_usage,shared_text,mean_probability_atom2,0.4186103343963623
ele-fashion,44,G4,routing_usage,shared_text,mean_probability_atom3,0.36317816376686096
ele-fashion,44,G4,routing_entropy,shared_text,entropy_mean,1.0621212720870972
ele-fashion,44,G4,routing_entropy,shared_text,entropy_std,0.011419583112001419
ele-fashion,44,G4,routing_entropy,shared_text,effective_usage_exp_mean_entropy,2.892500162124634
ele-fashion,44,G4,routing_usage,private_text,mean_probability_atom1,0.4325726330280304
ele-fashion,44,G4,routing_usage,private_text,mean_probability_atom2,0.5674273371696472
ele-fashion,44,G4,routing_entropy,private_text,entropy_mean,0.6830328106880188
ele-fashion,44,G4,routing_entropy,private_text,entropy_std,0.006200781092047691
ele-fashion,44,G4,routing_entropy,private_text,effective_usage_exp_mean_entropy,1.9798731803894043
ele-fashion,44,G4,routing_usage,private_visual,mean_probability_atom1,0.3695978820323944
ele-fashion,44,G4,routing_usage,private_visual,mean_probability_atom2,0.6304020881652832
ele-fashion,44,G4,routing_entropy,private_visual,entropy_mean,0.6572844386100769
ele-fashion,44,G4,routing_entropy,private_visual,entropy_std,0.013883598148822784
ele-fashion,44,G4,routing_entropy,private_visual,effective_usage_exp_mean_entropy,1.9295454025268555
ele-fashion,44,G4,routing_disagreement,text_visual_private_routing_js_mean,mean_js,0.002512002596631646
ele-fashion,44,G4,shared_private,mean_norm_shared,mean,0.5980257391929626
ele-fashion,44,G4,shared_private,mean_norm_private_text,mean,0.714365541934967
ele-fashion,44,G4,shared_private,mean_norm_private_visual,mean,0.7315260767936707
ele-fashion,44,G4,shared_private,cos_shared_private_text,mean,0.7794626355171204
ele-fashion,44,G4,shared_private,cos_shared_private_visual,mean,0.7901850342750549
ele-fashion,44,G4,intervention_delta,preserve,ce,-0.00047701597213745117
ele-fashion,44,G4,intervention_delta,preserve,accuracy,-0.00017052888870239258
ele-fashion,44,G4,intervention_delta,preserve,macro_f1,-0.0001797215491001758
ele-fashion,44,G4,intervention_delta,uniform_route,ce,0.00048735737800598145
ele-fashion,44,G4,intervention_delta,uniform_route,accuracy,-0.00034105777740478516
ele-fashion,44,G4,intervention_delta,uniform_route,macro_f1,-0.0008231651770116422
ele-fashion,44,G4,intervention_delta,shared_off,ce,-2.8192996978759766e-05
ele-fashion,44,G4,intervention_delta,shared_off,accuracy,-0.0006821155548095703
ele-fashion,44,G4,intervention_delta,shared_off,macro_f1,-0.0005576942448169975
ele-fashion,44,G4,intervention_delta,private_off,ce,-0.00036206841468811035
ele-fashion,44,G4,intervention_delta,private_off,accuracy,-0.00017052888870239258
ele-fashion,44,G4,intervention_delta,private_off,macro_f1,-0.00018131071714144742
ele-fashion,44,G4,adaptation_utility,preserve_minus_normal,mean,-0.0004770412633661181
ele-fashion,44,G4,adaptation_utility,preserve_minus_normal,positive_fraction,0.518417477607727
ele-fashion,44,G4,adaptation_utility,preserve_minus_normal,harmful_fraction,0.4722032845020294
ele-fashion,44,G4,adaptation_utility,preserve_minus_normal,zero_fraction,0.009379263035953045
ele-fashion,44,G4,reliability,rho_text_mean,value,0.11708113551139832
ele-fashion,44,G4,reliability,rho_text_std,value,0.00030099001014605165
ele-fashion,44,G4,reliability,rho_visual_mean,value,0.11689281463623047
ele-fashion,44,G4,reliability,rho_visual_std,value,0.00025171335437335074
ele-fashion,44,G4,reliability,rho_mean,value,0.1169869676232338
ele-fashion,44,G4,reliability,rho_std,value,0.00017088931053876877
ele-fashion,44,G4,reliability_quartile,Q1,rho_mean,0.11676884442567825
ele-fashion,44,G4,reliability_quartile,Q1,rho_std,8.723286737222224e-05
ele-fashion,44,G4,reliability_quartile,Q1,mean_adaptation_utility,-0.00032376174931414425
ele-fashion,44,G4,reliability_quartile,Q1,harmful_fraction,0.46043656207366984
ele-fashion,44,G4,reliability_quartile,Q1,mean_ce,0.45739230513572693
ele-fashion,44,G4,reliability_quartile,Q1,accuracy,0.8731241226196289
ele-fashion,44,G4,reliability_quartile,Q2,rho_mean,0.11693249642848969
ele-fashion,44,G4,reliability_quartile,Q2,rho_std,3.296032446087338e-05
ele-fashion,44,G4,reliability_quartile,Q2,mean_adaptation_utility,-0.00018724205438047647
ele-fashion,44,G4,reliability_quartile,Q2,harmful_fraction,0.44679399727148705
ele-fashion,44,G4,reliability_quartile,Q2,mean_ce,0.40645745396614075
ele-fashion,44,G4,reliability_quartile,Q2,accuracy,0.8860845565795898
ele-fashion,44,G4,reliability_quartile,Q3,rho_mean,0.11704304814338684
ele-fashion,44,G4,reliability_quartile,Q3,rho_std,3.3455198718002066e-05
ele-fashion,44,G4,reliability_quartile,Q3,mean_adaptation_utility,2.926616434706375e-05
ele-fashion,44,G4,reliability_quartile,Q3,harmful_fraction,0.47544338335607095
ele-fashion,44,G4,reliability_quartile,Q3,mean_ce,0.38118237257003784
ele-fashion,44,G4,reliability_quartile,Q3,accuracy,0.8860845565795898
ele-fashion,44,G4,reliability_quartile,Q4,rho_mean,0.11720351874828339
ele-fashion,44,G4,reliability_quartile,Q4,rho_std,8.006988355191424e-05
ele-fashion,44,G4,reliability_quartile,Q4,mean_adaptation_utility,-0.0014264272758737206
ele-fashion,44,G4,reliability_quartile,Q4,harmful_fraction,0.5061391541609823
ele-fashion,44,G4,reliability_quartile,Q4,mean_ce,0.46365609765052795
ele-fashion,44,G4,reliability_quartile,Q4,accuracy,0.8772169351577759
ele-fashion,44,G4,reliability,spearman_rho_vs_adaptation_utility,value,-0.02243525162904178
