node_id,epsilon,degree_bucket,predicted_class,baseline_ce,best_text_action,best_text_margin,text_node_oracle,best_visual_action,best_visual_margin,visual_node_oracle,shuffled_text_oracle_mean,shuffled_text_oracle_q95,shuffled_visual_oracle_mean,shuffled_visual_oracle_q95,best_joint_separate_utility,best_joint_shared_utility,modality_headroom,shuffled_modality_headroom_mean,shuffled_modality_headroom_q95,structural_text_U_0,structural_text_U_1,structural_text_U_2,structural_text_U_3,structural_text_U_4,structural_text_U_5,structural_text_U_6,structural_text_U_7,structural_text_U_8,structural_visual_U_0,structural_visual_U_1,structural_visual_U_2,structural_visual_U_3,structural_visual_U_4,structural_visual_U_5,structural_visual_U_6,structural_visual_U_7,structural_visual_U_8
1034,0.1,2,6,0.03972982242703438,4,0.0003008320927619934,0.004293397068977356,8,0.0005267597734928131,0.0037216022610664368,0.010871294885873795,0.013249017298221588,0.00751528749242425,0.009693705476820469,0.007513321936130524,0.0011517070233821869,0.006361614912748337,0.0017581239808350801,0.005410973448306322,0.0,-0.0015054084360599518,0.0039925649762153625,0.003197029232978821,0.004293397068977356,0.001793302595615387,-0.00525858998298645,-0.004105966538190842,-0.005523752421140671,0.0,0.0017383284866809845,-0.0029899366199970245,-0.0032684914767742157,-0.0041907355189323425,-0.002393510192632675,0.003066703677177429,0.0031948424875736237,0.0037216022610664368
1517,0.1,0,0,0.020291831344366074,4,0.0012153331190347672,0.0037793125957250595,2,5.9586018323898315e-06,0.0001681111752986908,0.0036373466718941927,0.005468092393130064,0.002292182296514511,0.0035261737648397684,0.003936801105737686,0.003726547583937645,0.0002102535218000412,0.0011697731679305434,0.0025022856425493956,0.0,-0.0006541814655065536,8.118897676467896e-05,0.0025639794766902924,0.0037793125957250595,0.000758882611989975,-0.00015616975724697113,-0.003942657262086868,-0.006055990234017372,0.0,-9.029358625411987e-05,0.0001681111752986908,9.999796748161316e-05,0.00016215257346630096,8.294172585010529e-05,-0.00023792311549186707,-0.00040584802627563477,-0.0010437779128551483
2059,0.1,0,0,0.06715978682041168,4,0.004032257944345474,0.009696144610643387,8,0.0018651746213436127,0.005910646170377731,0.014887084253132343,0.024184444919228554,0.007967446930706501,0.01493019238114357,0.014556348323822021,0.0032509490847587585,0.011305399239063263,0.005280839744955301,0.009940163232386112,0.0,-0.001225598156452179,-0.0031780824065208435,0.005663886666297913,0.009696144610643387,0.001606181263923645,0.004005856812000275,-0.006683416664600372,-0.011264286935329437,0.0,0.0012056753039360046,0.0023631975054740906,-0.003958679735660553,-0.0071681588888168335,-0.0015277042984962463,-0.0030973032116889954,0.004045471549034119,0.005910646170377731
2405,0.1,0,0,0.051090821623802185,8,0.00027438998222351074,0.0011289380490779877,4,0.0013143718242645264,0.0034795254468917847,0.009174291044473648,0.013508172705769539,0.008242391049861908,0.012349949218332767,0.004621502012014389,0.002131327986717224,0.002490174025297165,0.0022281170822679996,0.007197577506303787,0.0,0.0002050437033176422,0.0007415264844894409,-0.0008898042142391205,-0.0013070926070213318,-0.0002694353461265564,-0.0011647753417491913,0.0008545480668544769,0.0011289380490779877,0.0,-0.0013691969215869904,0.0010739415884017944,0.0021651536226272583,0.0034795254468917847,0.0015403218567371368,-0.0015536732971668243,-0.0029961876571178436,-0.0049808211624622345
2505,0.1,3,6,0.02254743129014969,4,0.00016824528574943542,0.00044427812099456787,4,1.5046447515487671e-05,0.0006603673100471497,0.004084769636392593,0.005537685938179493,0.0043346090242266655,0.006175561808049679,0.001118004322052002,0.001118004322052002,0.0,0.0008708750829100609,0.0018257909687235951,0.0,-0.00015954487025737762,-9.043887257575989e-05,0.00027603283524513245,0.00044427812099456787,0.0001729782670736313,-8.624047040939331e-06,-0.0003996901214122772,-0.0006288290023803711,0.0,-0.00041460245847702026,0.000214478000998497,0.000645320862531662,0.0006603673100471497,0.0004585031419992447,-0.0005647651851177216,-0.0008618757128715515,-0.0009167231619358063
2701,0.1,2,2,0.4066765010356903,6,0.0017154514789581299,0.004728913307189941,6,0.0004267394542694092,0.024928569793701172,0.09736082702875137,0.12572996318340302,0.0797264575958252,0.09453294426202774,0.03062140941619873,0.03062140941619873,0.0,0.019991327077150345,0.051643289625644684,0.0,0.0013957023620605469,-0.0047709643840789795,-0.0031549930572509766,-0.0002505481243133545,-0.00202980637550354,0.004728913307189941,0.0030134618282318115,-0.0006857216358184814,0.0,0.01623663306236267,-0.019730448722839355,-0.017804890871047974,-0.018802642822265625,-0.01886451244354248,0.024928569793701172,0.0224514901638031,0.024501830339431763
2931,0.1,0,2,0.0008204193436540663,8,0.0,3.9664970245212317e-05,5,4.28810017183423e-06,2.096389653161168e-05,0.0001675212843110785,0.00021876630489714444,0.0002311454591108486,0.00029184206505306065,5.96767058596015e-05,1.8462480511516333e-05,4.1214225348085165e-05,5.971110658720136e-05,0.00014486761938314885,0.0,2.394174225628376e-05,-3.704300615936518e-05,-3.704300615936518e-05,-3.704300615936518e-05,-3.2159558031708e-05,3.9664970245212317e-05,3.9664970245212317e-05,3.9664970245212317e-05,0.0,-1.8581224139779806e-05,1.667579635977745e-05,1.667579635977745e-05,1.667579635977745e-05,2.096389653161168e-05,-2.1797139197587967e-05,-2.1797139197587967e-05,-2.1797139197587967e-05
3232,0.1,3,2,0.04036443307995796,6,0.0008366592228412628,0.0011700056493282318,7,0.0005936138331890106,0.0017800107598304749,0.003713951213285327,0.005575969349592924,0.011715197004377842,0.013375471346080303,0.002819705754518509,0.0020812489092350006,0.0007384568452835083,0.001016693189740181,0.002405976876616478,0.0,0.0002893693745136261,-0.001424197107553482,-0.00043692439794540405,-0.0005380846560001373,-0.00046507641673088074,0.0011700056493282318,0.00027883052825927734,0.000333346426486969,0.0,0.0008824467658996582,-0.00042730942368507385,-0.0013015121221542358,-0.0007049143314361572,-0.0009068325161933899,0.0010203123092651367,0.0017800107598304749,0.0011863969266414642
3373,0.1,1,6,0.037610627710819244,4,0.0033774543553590775,0.012249758467078209,4,0.0037347543984651566,0.008596545085310936,0.016152050346136093,0.01850416138768196,0.010253282263875008,0.014472045935690403,0.01804950460791588,0.01804950460791588,0.0,0.0027011532802134752,0.005711064208298922,0.0,-0.0036332979798316956,-0.00041242316365242004,0.008872304111719131,0.012249758467078209,0.003987565636634827,0.00035539641976356506,-0.014510095119476318,-0.02232026308774948,0.0,-0.0029025189578533173,-0.000130530446767807,0.004861790686845779,0.008596545085310936,0.0032964274287223816,0.00012066960334777832,-0.006513670086860657,-0.012388110160827637
3406,0.1,2,6,9.623198509216309,2,0.016614913940429688,0.03883647918701172,5,0.0056667327880859375,0.05124473571777344,0.6388765573501587,0.8226240277290344,0.44372740387916565,0.6520692110061646,0.08995532989501953,0.08435726165771484,0.0055980682373046875,0.1444108933210373,0.33686089515686035,0.0,-0.0034799575805664062,0.03883647918701172,0.005591392517089844,-0.014434814453125,0.0071544647216796875,-0.04003334045410156,-0.0034666061401367188,0.02222156524658203,0.0,-0.020109176635742188,0.0455780029296875,0.04045677185058594,0.024619102478027344,0.05124473571777344,-0.021775245666503906,-0.030426025390625,-0.005757331848144531
3412,0.1,2,6,0.01817723736166954,4,0.001138150691986084,0.00310567207634449,4,0.0012648245319724083,0.0038533685728907585,0.006040153559297323,0.007044701371341944,0.0039953747764229774,0.0049255467019975185,0.006281331181526184,0.006281331181526184,0.0,0.0006801288109272718,0.0024307428393512964,0.0,-0.0011859536170959473,0.00012046471238136292,0.001967521384358406,0.00310567207634449,0.0013270750641822815,-0.0002246163785457611,-0.002793874591588974,-0.004740174859762192,0.0,-0.0019633080810308456,0.001937260851264,0.0025885440409183502,0.0038533685728907585,0.002100422978401184,-0.0029325466603040695,-0.0036255009472370148,-0.0055919550359249115
3752,0.1,3,6,0.02410113625228405,5,0.0005885250866413116,0.0057136788964271545,5,0.0005053915083408356,0.001621657982468605,0.007793196942657232,0.011139391921460629,0.004130271263420582,0.0064616575837135315,0.00677565298974514,0.00677565298974514,0.0,0.0006419232813641429,0.002025555819272995,0.0,-0.0075812432914972305,0.0044241733849048615,0.0044673047959804535,0.005125153809785843,0.0057136788964271545,-0.0079274270683527,-0.007718553766608238,-0.009301858022809029,0.0,-0.0020672790706157684,0.0006568953394889832,0.0010048989206552505,0.0011162664741277695,0.001621657982468605,-0.0013131946325302124,-0.0014588050544261932,-0.0016847886145114899
4494,0.1,0,6,0.1475057601928711,2,0.0017645061016082764,0.007336333394050598,4,0.006086871027946472,0.019244998693466187,0.0287278201431036,0.043923571705818176,0.03458704799413681,0.046955034136772156,0.025877706706523895,0.02433311939239502,0.0015445873141288757,0.007376432418823242,0.016609808430075645,0.0,-0.0020836293697357178,0.007336333394050598,0.0035539716482162476,0.005571827292442322,0.002495020627975464,-0.008838117122650146,-0.004404246807098389,-0.006817355751991272,0.0,-0.009177356958389282,0.007252916693687439,0.013158127665519714,0.019244998693466187,0.010616034269332886,-0.009375274181365967,-0.01682300865650177,-0.02489607036113739
5115,0.1,3,6,0.7316533923149109,6,0.05756601691246033,0.26692381501197815,6,0.006538212299346924,0.09252798557281494,0.26880091428756714,0.3229309916496277,0.1582726389169693,0.2262803316116333,0.33331426978111267,0.33331426978111267,0.0,0.03177347034215927,0.07488895207643509,0.0,0.0933496356010437,-0.3228279948234558,-0.20389938354492188,-0.24786430597305298,-0.12835144996643066,0.26692381501197815,0.18198782205581665,0.20935779809951782,0.0,0.0572550892829895,-0.1333821415901184,-0.09144669771194458,-0.10825878381729126,-0.0867009162902832,0.09252798557281494,0.0761365294456482,0.08598977327346802
5140,0.1,1,0,0.039025336503982544,4,1.0229647159576416e-05,0.00243542343378067,2,0.001558307558298111,0.001827877014875412,0.008128059096634388,0.01117924228310585,0.004226331599056721,0.006349017843604088,0.004242889583110809,0.0013822168111801147,0.0028606727719306946,0.0025358889251947403,0.005316888447850943,0.0,-0.0006547644734382629,-0.0005005374550819397,0.0024251937866210938,0.00243542343378067,0.0007065869867801666,0.00026796385645866394,-0.003433387726545334,-0.003473833203315735,0.0,7.520988583564758e-05,0.001827877014875412,-0.001208677887916565,-0.0010933615267276764,-0.0002498999238014221,-0.002786502242088318,0.000269569456577301,-0.0001364201307296753
5457,0.1,1,9,0.007348767947405577,3,7.491884753108025e-05,0.0001921970397233963,5,3.3136457204818726e-06,3.3136457204818726e-06,0.002023970941081643,0.002906984882429242,0.0003570018452592194,0.0007673574145883322,0.00019385386258363724,0.0001673419028520584,2.6511959731578827e-05,0.0002490645565558225,0.0006865087198093534,0.0,-9.478302672505379e-05,-0.00021298276260495186,0.0001921970397233963,0.00011727819219231606,7.928861305117607e-05,-0.0005902065895497799,-0.00045620137825608253,-0.0010039354674518108,0.0,-3.9050355553627014e-05,-0.00015820330008864403,-1.6922131180763245e-05,-0.0002180701121687889,3.3136457204818726e-06,-0.0008750702254474163,-9.064143523573875e-05,-0.000496771652251482
5635,0.1,3,0,0.20284412801265717,5,0.0024061501026153564,0.00840255618095398,5,0.007823064923286438,0.023096993565559387,0.04241440072655678,0.05596297234296799,0.0288458913564682,0.04129868745803833,0.030147671699523926,0.030147671699523926,0.0,0.005878889001905918,0.01431520190089941,0.0,-0.0074065327644348145,0.0047099292278289795,0.004229635000228882,0.005996406078338623,0.00840255618095398,-0.006148725748062134,-0.0053587257862091064,-0.008027315139770508,0.0,-0.02205178141593933,0.01527392864227295,0.009426623582839966,0.010360777378082275,0.023096993565559387,-0.02011038362979889,-0.012249186635017395,-0.013516157865524292
5776,0.1,3,0,0.021371666342020035,4,0.0,0.0012248121201992035,8,0.0,0.0,0.004169571213424206,0.006763288751244545,0.0030356901697814465,0.005460039246827364,0.0012248121201992035,0.0012248121201992035,0.0,0.0018520861631259322,0.0040717045776546,0.0,-0.0009385533630847931,0.0012248121201992035,0.0012248121201992035,0.0012248121201992035,0.001043856143951416,-0.0016805380582809448,-0.0016805380582809448,-0.0016805380582809448,0.0,0.0,0.0,0.0,0.0,0.0,0.0,0.0,0.0
5926,0.1,3,2,0.11391189694404602,5,0.0014093518257141113,0.008882589638233185,4,0.0020334646105766296,0.012119017541408539,0.0228118859231472,0.03416004031896591,0.03153691813349724,0.04137482866644859,0.01983431726694107,0.018605709075927734,0.0012286081910133362,0.0040769935585558414,0.00949767790734768,0.0,-0.009163036942481995,0.005154460668563843,0.005542457103729248,0.0074732378125190735,0.008882589638233185,-0.007382221519947052,-0.007828041911125183,-0.010817468166351318,0.0,-0.008509419858455658,-0.003817416727542877,0.00890813022851944,0.012119017541408539,0.01008555293083191,0.00476575642824173,-0.011076092720031738,-0.015133947134017944
6530,0.1,0,2,0.00018559163436293602,4,1.859365147538483e-05,3.384971932973713e-05,4,2.6460853405296803e-05,6.221763032954186e-05,3.4368207707302645e-05,3.964243660448119e-05,3.7789031921420246e-05,4.738993084174581e-05,8.426887507084757e-05,8.426887507084757e-05,0.0,4.749899744638242e-06,1.2360260370769538e-05,0.0,-4.648289177566767e-06,5.48262323718518e-06,1.5256067854352295e-05,3.384971932973713e-05,5.244248313829303e-06,-7.866328814998269e-06,-2.3479602532461286e-05,-5.863836850039661e-05,0.0,-1.3587254215963185e-05,1.811661059036851e-05,3.575677692424506e-05,6.221763032954186e-05,1.5375262591987848e-05,-2.5267363525927067e-05,-5.553968367166817e-05,-0.00011083792196586728
7004,0.1,3,2,0.0001134808044298552,5,4.88705700263381e-06,8.82052700035274e-06,5,1.3946082617621869e-05,1.9667495507746935e-05,1.8582804841571487e-05,2.7182961275684647e-05,1.9107301341136917e-05,3.403097070986405e-05,2.6819405320566148e-05,2.6819405320566148e-05,0.0,8.427401553490199e-06,1.7701204342301935e-05,0.0,-1.1085146979894489e-05,1.1919619282707572e-06,2.0263323676772416e-06,3.93346999771893e-06,8.82052700035274e-06,-1.9071303540840745e-06,-2.741500793490559e-06,-5.244597559794784e-06,0.0,-2.538836997700855e-05,2.979897544719279e-06,4.529450961854309e-06,5.721412890125066e-06,1.9667495507746935e-05,-3.814260708168149e-06,-5.840578523930162e-06,-7.270915375556797e-06
7026,0.1,3,2,0.0007656264933757484,5,5.6109740398824215e-05,0.00011924427235499024,5,1.3579963706433773e-05,4.681444261223078e-05,0.00016309281636495143,0.00022219175298232585,0.00019406972569413483,0.0003044584591407329,0.00015415059169754386,0.00015415059169754386,0.0,4.5093958760844544e-05,0.00012157094897702336,0.0,-0.00013137859059497714,3.668898716568947e-05,4.95543354190886e-05,6.313453195616603e-05,0.00011924427235499024,-5.1219481974840164e-05,-6.956257857382298e-05,-9.040656732395291e-05,0.0,-5.908083403483033e-05,-3.192317672073841e-05,2.7159287128597498e-05,3.3234478905797005e-05,4.681444261223078e-05,3.0256400350481272e-05,-3.95464594475925e-05,-4.9551890697330236e-05
7328,0.1,3,2,0.0002369599969824776,5,2.0142135326750576e-05,3.718517837114632e-05,1,4.052213625982404e-06,1.2871649232693017e-05,5.6481581850675866e-05,8.053387864492834e-05,4.919333150610328e-05,7.45922516216524e-05,5.0414862926118076e-05,1.4540200936608016e-05,3.587466198951006e-05,1.8981165339937434e-05,4.202111449558288e-05,0.0,-4.4096013880334795e-05,1.2871649232693017e-05,1.656630774959922e-05,1.7043043044395745e-05,3.718517837114632e-05,-1.7400263459421694e-05,-2.2763313609175384e-05,-2.3240034352056682e-05,0.0,1.2871649232693017e-05,-7.985086995176971e-06,-6.078204023651779e-06,-2.264423528686166e-06,-2.240577305201441e-05,8.819435606710613e-06,6.793343345634639e-06,2.145272446796298e-06
7540,0.1,1,0,1.7082104682922363,2,0.01995086669921875,0.029677152633666992,8,0.012899279594421387,0.022751688957214355,0.1419905722141266,0.22376768290996552,0.16884656250476837,0.2807733714580536,0.04272937774658203,0.0373690128326416,0.00536036491394043,0.03210148215293884,0.06606761366128922,0.0,-0.0003873109817504883,0.029677152633666992,-0.011318564414978027,-0.027102947235107422,-0.0031810998916625977,-0.03798496723175049,0.0029299259185791016,0.009726285934448242,0.0,0.007543802261352539,0.006972789764404297,-0.008374214172363281,-0.019937753677368164,-0.009427905082702637,-0.00866091251373291,0.009852409362792969,0.022751688957214355
8092,0.1,0,0,0.14001129567623138,4,0.002911478281021118,0.01911386102437973,4,0.004259921610355377,0.024673186242580414,0.03519200533628464,0.051475901156663895,0.018838271498680115,0.027592074126005173,0.03847880661487579,0.03847880661487579,0.0,0.005932089406996965,0.017420893535017967,0.0,-0.005367204546928406,0.005484104156494141,0.016202382743358612,0.01911386102437973,0.006190136075019836,-0.007219269871711731,-0.02144823968410492,-0.024310097098350525,0.0,-0.009027048945426941,-0.00041900575160980225,0.020413264632225037,0.024673186242580414,0.010218456387519836,0.0004345327615737915,-0.027157127857208252,-0.031322136521339417
8903,0.1,3,0,0.022380981594324112,6,0.00044906511902809143,0.0005602799355983734,4,0.0005027744919061661,0.001421310007572174,0.0038991619367152452,0.006098453421145678,0.0024967577774077654,0.0038216179236769676,0.0020322632044553757,0.0015032626688480377,0.000529000535607338,0.0011295637814328074,0.0026718582957983017,0.0,-2.144835889339447e-05,-0.0012097395956516266,-4.312954843044281e-05,0.00011121481657028198,-1.5152618288993835e-05,0.0005602799355983734,-0.0001012943685054779,-0.0006436128169298172,0.0,-0.0005262959748506546,-0.001254914328455925,0.0007985960692167282,0.001421310007572174,0.0006007552146911621,0.000918535515666008,-0.0010567381978034973,-0.0018971394747495651
9052,0.1,1,9,0.043613504618406296,6,0.00036056339740753174,0.01050962507724762,4,0.00260746106505394,0.0075411200523376465,0.013506865128874779,0.016808660700917244,0.007923070341348648,0.010300173424184322,0.01606362871825695,0.016031159088015556,3.246963024139404e-05,0.0032361303456127644,0.008318070322275162,0.0,-0.0016504377126693726,-0.01132623478770256,0.007235422730445862,0.010149061679840088,0.0019314363598823547,0.01050962507724762,-0.010673150420188904,-0.01515432819724083,0.0,-0.001993432641029358,0.003419797867536545,0.004933658987283707,0.0075411200523376465,0.00226743146777153,-0.004823237657546997,-0.006565514951944351,-0.009567484259605408
9207,0.1,0,6,0.02890337072312832,4,0.00028781965374946594,0.0014350265264511108,6,0.00023718923330307007,0.001600310206413269,0.007246707566082478,0.010565937496721745,0.005578258074820042,0.008079695515334606,0.0029905904084444046,0.0008201766759157181,0.0021704137325286865,0.0009009973146021366,0.0024369533639401197,0.0,-0.0006997305899858475,0.0005733221769332886,0.001147206872701645,0.0014350265264511108,0.0008250437676906586,-0.0007401201874017715,-0.0014806166291236877,-0.001875685527920723,0.0,0.0009421184659004211,-0.001358838751912117,-0.0009518787264823914,-0.0010386519134044647,-0.0010702349245548248,0.001600310206413269,0.0012454167008399963,0.001363120973110199
9457,0.1,3,0,0.04130867123603821,5,0.0025698505342006683,0.008058451116085052,2,0.00019631534814834595,0.00026049092411994934,0.011408068239688873,0.016881387680768967,0.004967562388628721,0.007227164693176746,0.008269723504781723,0.007960096001625061,0.000309627503156662,0.0035114034544676542,0.00776025652885437,0.0,-0.009139467030763626,0.005053821951150894,0.004123959690332413,0.005488600581884384,0.008058451116085052,-0.007201436907052994,-0.005765631794929504,-0.008056212216615677,0.0,-0.000696476548910141,0.00026049092411994934,6.41755759716034e-05,5.113333463668823e-05,-0.00016161054372787476,-0.0005053393542766571,-0.00015921145677566528,-0.00022382661700248718
9522,0.1,0,0,0.07864712923765182,4,0.002425938844680786,0.006878487765789032,4,0.0009270757436752319,0.002158910036087036,0.01688416674733162,0.02179749682545662,0.009891487658023834,0.013469666242599487,0.008705787360668182,0.008705787360668182,0.0,0.0029660596046596766,0.007845960557460785,0.0,-0.0009935572743415833,-0.003398410975933075,0.004452548921108246,0.006878487765789032,0.0012118592858314514,0.004000835120677948,-0.005118243396282196,-0.007418051362037659,0.0,-0.0006423294544219971,0.00035675615072250366,0.0012318342924118042,0.002158910036087036,0.0007312819361686707,-0.0005594044923782349,-0.001347966492176056,-0.0022640004754066467
9664,0.1,1,1,0.29876813292503357,3,0.0027101337909698486,0.11476729810237885,4,0.0054196566343307495,0.10075998306274414,0.11812033504247665,0.14428561925888062,0.09785789996385574,0.12820400297641754,0.1854575276374817,0.18342088162899017,0.002036646008491516,0.018100013956427574,0.04493149369955063,0.0,-0.02828139066696167,0.01277303695678711,0.11476729810237885,0.112057164311409,0.03317031264305115,-0.009412229061126709,-0.13559064269065857,-0.12156698107719421,0.0,-0.03194257616996765,0.008505135774612427,0.09534032642841339,0.10075998306274414,0.036611348390579224,-0.019993245601654053,-0.12238627672195435,-0.11839032173156738
10681,0.1,3,2,0.00043501926120370626,2,2.097431570291519e-05,0.0001351336541119963,2,5.017069634050131e-05,0.00013298852718435228,8.802571392152458e-05,0.00013033098366577178,9.426439646631479e-05,0.00014383338566403836,0.00022702068963553756,0.00022702068963553756,0.0,2.5551267754053697e-05,5.6619606766616926e-05,0.0,-7.3159986641258e-05,0.0001351336541119963,7.161617395468056e-05,0.0001141593384090811,7.018618634901941e-05,-0.00027759833028540015,-0.0001153377816081047,-0.00021612824639305472,0.0,-5.218959995545447e-05,0.00013298852718435228,4.32550732512027e-05,8.281783084385097e-05,5.362226511351764e-05,-0.00021636649034917355,-6.124505307525396e-05,-0.00012391607742756605
11027,0.1,2,2,2.012129068374634,8,0.0342257022857666,0.22160542011260986,8,0.030457258224487305,0.09778118133544922,0.28320664167404175,0.41956809163093567,0.223537415266037,0.3907633423805237,0.3186001777648926,0.3186001777648926,0.0,0.040968846529722214,0.14167337119579315,0.0,0.058399200439453125,-0.09695267677307129,-0.14476537704467773,-0.17142415046691895,-0.07008671760559082,0.13312315940856934,0.18737971782684326,0.22160542011260986,0.0,0.023625731468200684,0.06179535388946533,-0.09405946731567383,-0.13423657417297363,-0.03351736068725586,-0.08861207962036133,0.06732392311096191,0.09778118133544922
11462,0.1,1,2,1.5020933151245117,7,0.03202486038208008,0.36130356788635254,6,0.20815014839172363,0.27330100536346436,0.5355038642883301,0.5981473326683044,0.28676411509513855,0.3746108114719391,0.5937157273292542,0.41503000259399414,0.17868572473526,0.05660941079258919,0.158210888504982,0.0,0.07159698009490967,-0.13263750076293945,-0.3968958854675293,-0.3775196075439453,-0.09123790264129639,0.1553056240081787,0.36130356788635254,0.32927870750427246,0.0,0.02381134033203125,-0.24430930614471436,-0.05935049057006836,-0.01916360855102539,-0.03000354766845703,0.27330100536346436,0.06515085697174072,0.029140472412109375
11911,0.1,0,0,0.24057449400424957,4,0.011645570397377014,0.02996993064880371,4,0.0026551634073257446,0.004789829254150391,0.0625234991312027,0.08829054236412048,0.028402626514434814,0.04722464829683304,0.03424866497516632,0.03424866497516632,0.0,0.010219571180641651,0.02548033744096756,0.0,-0.005791470408439636,0.00421452522277832,0.018324360251426697,0.02996993064880371,0.0069077759981155396,-0.00527307391166687,-0.02364729344844818,-0.03936286270618439,0.0,-0.0010935813188552856,-0.001033201813697815,0.002134665846824646,0.004789829254150391,0.0011987239122390747,0.0010808855295181274,-0.003391861915588379,-0.0076947808265686035
12006,0.1,3,2,5.6503606174374e-05,4,8.344213711097836e-07,4.291301593184471e-06,4,1.311233063461259e-06,5.244924977887422e-06,1.103225804399699e-05,1.2558067282952834e-05,9.673336535342969e-06,1.289779811486369e-05,9.059433068614453e-06,9.059433068614453e-06,0.0,1.543700136608095e-06,3.9695046325505245e-06,0.0,-2.3840475478209555e-06,0.0,3.4568802220746875e-06,4.291301593184471e-06,2.622458850964904e-06,-1.0728217603173107e-06,-5.364101525628939e-06,-6.794525688746944e-06,0.0,-3.6952733353246003e-06,5.960137059446424e-07,3.933691914426163e-06,5.244924977887422e-06,3.4568802220746875e-06,-2.860859240172431e-06,-6.317717634374276e-06,-8.344144589500502e-06
12837,0.1,0,8,0.0005567907355725765,6,4.7654611989855766e-07,2.740242052823305e-06,4,8.816656190901995e-06,1.0842049960047007e-05,5.362178853829391e-05,7.329343497985974e-05,0.00015603001520503312,0.00017703820776659995,1.3582350220531225e-05,1.0722898878157139e-05,2.8594513423740864e-06,1.0879759429371916e-05,3.0321665690280497e-05,0.0,8.33999365568161e-07,-2.3829052224755287e-06,-1.9063008949160576e-06,0.0,-8.340575732290745e-07,2.740242052823305e-06,2.2636959329247475e-06,-1.1915108188986778e-07,0.0,-1.4297547750175e-06,-1.5489058569073677e-06,-1.9063008949160576e-06,1.0842049960047007e-05,1.7870916053652763e-06,1.9062426872551441e-06,2.025393769145012e-06,-1.3582233805209398e-05
13263,0.1,3,4,0.17232848703861237,4,0.007575765252113342,0.04510773718357086,2,0.010634616017341614,0.047024935483932495,0.058332137763500214,0.07500135153532028,0.03816967457532883,0.04922519251704216,0.08017559349536896,0.07308173179626465,0.007093861699104309,0.009680625982582569,0.030337851494550705,0.0,-0.01613554358482361,0.01926848292350769,0.03753197193145752,0.04510773718357086,0.017965123057365417,-0.033228546380996704,-0.050864845514297485,-0.061616867780685425,0.0,-0.026408061385154724,0.047024935483932495,0.03209367394447327,0.03639031946659088,0.026798367500305176,-0.07973535358905792,-0.047777578234672546,-0.05463951826095581
14103,0.1,3,11,0.7383241653442383,8,0.015057384967803955,0.05881786346435547,8,0.007568836212158203,0.013553023338317871,0.08474217355251312,0.12050481885671616,0.11239905655384064,0.18301284313201904,0.07073593139648438,0.07073593139648438,0.0,0.03568534180521965,0.08862794935703278,0.0,0.029820680618286133,-0.038682520389556885,-0.031461477279663086,-0.05406200885772705,-0.03855842351913452,0.043760478496551514,0.035694658756256104,0.05881786346435547,0.0,0.00030308961868286133,0.0022199153900146484,0.005984187126159668,-0.015530884265899658,-0.004634380340576172,-0.006383121013641357,-0.010521411895751953,0.013553023338317871
14580,0.1,1,0,0.09134307503700256,6,0.0035834163427352905,0.004862777888774872,6,0.00991852581501007,0.019844859838485718,0.022041967138648033,0.028067784383893013,0.014115485362708569,0.02296224981546402,0.023478180170059204,0.023478180170059204,0.0,0.004321297165006399,0.011528441682457924,0.0,-0.00028633326292037964,-0.004845857620239258,0.0012793615460395813,-0.0003241822123527527,0.00026148557662963867,0.004862777888774872,-0.0023532509803771973,-0.000958859920501709,0.0,-0.0025334209203720093,-0.021385662257671356,0.007813654839992523,0.009926334023475647,0.00296589732170105,0.019844859838485718,-0.009163804352283478,-0.010954223573207855
14929,0.1,0,6,0.03927718475461006,8,0.0,0.019527403637766838,4,0.0,1.6048550605773926e-05,0.01945175603032112,0.021562431007623672,0.011288782581686974,0.015090467408299446,0.019737103953957558,0.01968064159154892,5.6462362408638e-05,0.0011125156888738275,0.0028104064986109734,0.0,0.011928768828511238,-0.036766115576028824,-0.03676622733473778,-0.03676622733473778,-0.02401304617524147,0.019527403637766838,0.019527403637766838,0.019527403637766838,0.0,-0.00011140108108520508,1.6048550605773926e-05,1.6048550605773926e-05,1.6048550605773926e-05,1.5933066606521606e-05,-9.948387742042542e-05,-9.948387742042542e-05,-9.948387742042542e-05
14937,0.1,3,2,0.00038485272671096027,2,1.1201860615983605e-05,4.993070615455508e-05,4,2.5264424039050937e-05,8.258366142399609e-05,3.8955473428359255e-05,7.264466694323346e-05,0.00011906963482033461,0.0001579397649038583,0.00012203078949823976,0.00011309247929602861,8.938310202211142e-06,1.0648740499163978e-05,3.2066825951915234e-05,0.0,-2.931378548964858e-05,4.993070615455508e-05,3.3485470339655876e-05,3.872884553857148e-05,2.7884612791240215e-05,-0.00010140292579308152,-5.9699086705222726e-05,-7.173381163738668e-05,0.0,-4.6949280658736825e-05,2.9314629500731826e-05,5.7319237384945154e-05,8.258366142399609e-05,5.076490924693644e-05,-3.8369878893718123e-05,-7.971716695465147e-05,-0.00012213506852276623
15048,0.1,2,0,0.05482746288180351,6,0.007592212408781052,0.008856471627950668,6,0.004089802503585815,0.004373658448457718,0.01439543254673481,0.021457334980368614,0.00755664985626936,0.011344821192324162,0.01274847611784935,0.01274847611784935,0.0,0.003778931451961398,0.007407911121845245,0.0,0.0006378032267093658,-0.009528029710054398,-0.0019497126340866089,-0.002871837466955185,-0.0009125322103500366,0.008856471627950668,0.0009888224303722382,0.0012642592191696167,0.0,-0.00018336251378059387,-0.005440644919872284,0.00015405192971229553,0.00028385594487190247,1.2978911399841309e-05,0.004373658448457718,-0.0008247010409832001,-0.0013953112065792084
15323,0.1,0,6,0.04381855949759483,2,0.0008126832544803619,0.0021838322281837463,6,2.3733824491500854e-05,0.0001871362328529358,0.010761110112071037,0.013237129896879196,0.009811491705477238,0.014481187798082829,0.0024228468537330627,0.001774664968252182,0.0006481818854808807,0.0021875216625630856,0.005629659164696932,0.0,-0.0007574409246444702,0.0021838322281837463,0.0010614506900310516,0.0013711489737033844,0.0008823685348033905,-0.0029730908572673798,-0.001381807029247284,-0.0018083080649375916,0.0,0.00011889636516571045,-0.0004269815981388092,-0.00020250678062438965,-0.0002623945474624634,-0.00021436810493469238,0.0001871362328529358,0.00013007968664169312,0.00016340240836143494
15394,0.1,3,2,0.15004360675811768,4,0.005072504281997681,0.012490838766098022,4,0.007361188530921936,0.022359639406204224,0.03747092932462692,0.05013281852006912,0.03418118506669998,0.0478263720870018,0.03307120501995087,0.03307120501995087,0.0,0.005232817493379116,0.01668822579085827,0.0,-0.006064623594284058,0.0035382509231567383,0.007418334484100342,0.012490838766098022,0.006621509790420532,-0.005627438426017761,-0.010532751679420471,-0.01785576343536377,0.0,-0.010029762983322144,0.014998450875282288,0.014056533575057983,0.022359639406204224,0.012288376688957214,-0.017151236534118652,-0.01579897105693817,-0.025020286440849304
15483,0.1,3,2,0.000310730334604159,2,8.342321962118149e-07,3.241538070142269e-05,7,2.264278009533882e-06,9.891344234347343e-06,6.587469397345558e-05,8.245272329077125e-05,6.546967051690444e-05,9.146293450612575e-05,4.159199306741357e-05,2.8840091545134783e-05,1.2751901522278786e-05,1.852121567935683e-05,3.6642857594415545e-05,0.0,-2.979263081215322e-05,3.241538070142269e-05,2.5026471121236682e-05,3.003186429850757e-05,3.1581148505210876e-05,-4.7191104386001825e-05,-3.491685492917895e-05,-4.313941462896764e-05,0.0,7.627066224813461e-06,-3.9326841942965984e-06,-9.295385098084807e-06,-5.243578925728798e-06,-1.132130273617804e-05,3.694352926686406e-06,9.891344234347343e-06,5.243578925728798e-06
15633,0.1,0,0,0.6472827792167664,4,0.02555239200592041,0.05107837915420532,4,0.009637713432312012,0.017317235469818115,0.08196195214986801,0.13779988884925842,0.053880155086517334,0.08373202383518219,0.07222944498062134,0.07222944498062134,0.0,0.024408310651779175,0.05802931264042854,0.0,-0.004792690277099609,-0.008680999279022217,0.025525987148284912,0.05107837915420532,0.005720376968383789,0.010396778583526611,-0.029481709003448486,-0.04834479093551636,0.0,-0.002400696277618408,-0.0019698143005371094,0.0076795220375061035,0.017317235469818115,0.002868354320526123,0.002206861972808838,-0.00993812084197998,-0.01989835500717163
15856,0.1,1,2,0.000161038784426637,4,1.4302931958809495e-06,1.3110999134369195e-05,6,2.383749233558774e-07,5.601948942057788e-06,3.686024501803331e-05,4.54720611742232e-05,2.4982620743685402e-05,3.8928243156988174e-05,1.823625643737614e-05,7.509006536565721e-06,1.072724990081042e-05,9.69656503002625e-06,2.6312569389119744e-05,0.0,-8.58164275996387e-06,8.104965672828257e-06,1.1680705938488245e-05,1.3110999134369195e-05,9.177674655802548e-06,-1.2395685189403594e-05,-1.7163227312266827e-05,-1.9666171283461154e-05,0.0,3.8140860851854086e-06,-6.793809006921947e-06,-6.317059160210192e-06,-5.959489499218762e-06,-6.197864422574639e-06,5.601948942057788e-06,5.363574018701911e-06,4.052475560456514e-06
16034,0.1,0,6,0.021907707676291466,4,3.720633685588837e-05,0.0001214146614074707,4,0.000497814267873764,0.0024686362594366074,0.004658074583858252,0.0070008994080126286,0.004854717757552862,0.006807278376072645,0.0025657974183559418,0.0024721436202526093,9.365379810333252e-05,0.0005943835130892694,0.002008723560720682,0.0,-8.746981620788574e-06,-0.00010320916771888733,-8.186884224414825e-05,0.0001214146614074707,-2.216547727584839e-06,8.420832455158234e-05,-3.5453587770462036e-05,-0.00041999854147434235,0.0,-0.0006925184279680252,-0.0006324965506792068,0.0019708219915628433,0.0024686362594366074,0.0007859021425247192,0.0006631221622228622,-0.002748943865299225,-0.0035156868398189545
17018,0.1,0,6,0.023637408390641212,2,3.5509467124938965e-05,5.15766441822052e-05,4,0.002403993159532547,0.007251182571053505,0.004512171261012554,0.006191094405949116,0.005089002661406994,0.006971921306103468,0.007251182571053505,0.006949957460165024,0.00030122511088848114,0.0009804717265069485,0.0024437890388071537,0.0,1.6067177057266235e-05,5.15766441822052e-05,-0.0003546830266714096,-0.0004872344434261322,-9.849108755588531e-05,-0.00010920129716396332,-4.552118480205536e-05,-0.00033513084053993225,0.0,-0.0023953579366207123,-0.0005390159785747528,0.004847189411520958,0.007251182571053505,0.0026567243039608,0.0005631875246763229,-0.007140146568417549,-0.011517541483044624
17214,0.1,1,8,1.1621413230895996,7,0.010214686393737793,0.13411831855773926,8,0.02148914337158203,0.08071255683898926,0.26444703340530396,0.3198397159576416,0.12766973674297333,0.18149548768997192,0.2083735466003418,0.20104438066482544,0.007329165935516357,0.04572158679366112,0.17512479424476624,0.0,0.02738785743713379,-0.04579579830169678,-0.17184114456176758,-0.17578983306884766,-0.03556787967681885,0.023487091064453125,0.13411831855773926,0.12390363216400146,0.0,0.0180666446685791,-0.056890010833740234,-0.06491732597351074,-0.10465168952941895,-0.02315974235534668,0.05922341346740723,0.05799210071563721,0.08071255683898926
18254,0.1,3,2,0.0007244108128361404,2,8.577597327530384e-06,9.018013952299953e-05,5,1.953914761543274e-05,0.00016285432502627373,0.00019353504467289895,0.0002662931801751256,0.00016933135339058936,0.00026409499696455896,0.0002345805987715721,0.000224691117182374,9.889481589198112e-06,6.498704897239804e-05,0.00015437394904438406,0.0,-7.969007128849626e-05,9.018013952299953e-05,8.112599607557058e-05,8.160254219546914e-05,7.707549957558513e-05,-0.00014913082122802734,-0.00012792990310117602,-0.0001313840039074421,0.0,-0.00017640553414821625,0.000143315177410841,0.00012735056225210428,0.000139145296998322,0.00016285432502627373,-0.0002271417179144919,-0.00019319879356771708,-0.00021689938148483634
18528,0.1,3,6,0.030199522152543068,4,4.466995596885681e-05,0.0005606599152088165,5,0.000643538311123848,0.005167854949831963,0.008008096367120743,0.010572846047580242,0.006693110801279545,0.009884783066809177,0.005638595670461655,0.005601607263088226,3.6988407373428345e-05,0.0017173036467283964,0.003901744494214654,0.0,-0.0005243942141532898,0.0003432314842939377,0.00047421641647815704,0.0005606599152088165,0.0005159899592399597,-0.0005737543106079102,-0.0007026363164186478,-0.0008539222180843353,0.0,-0.00503196008503437,0.002555251121520996,0.0036594420671463013,0.004524316638708115,0.005167854949831963,-0.0033580679446458817,-0.005003305152058601,-0.006293734535574913
18778,0.1,3,2,0.000625176471658051,4,2.2519787307828665e-05,0.00015810434706509113,4,2.204260090366006e-05,0.00013260578271001577,0.00016826836508698761,0.00019308253831695765,0.00014032160106580704,0.00020397957996465266,0.00025724509032443166,0.00025724509032443166,0.0,2.8009817469865084e-05,7.434419967466965e-05,0.0,-0.00010614347411319613,0.00011318444740027189,0.00013558455975726247,0.00015810434706509113,0.00010365265188738704,-0.0002004837733693421,-0.0002327622496522963,-0.0002889792085625231,0.0,-0.00010447576642036438,9.05465567484498e-05,0.00011056318180635571,0.00013260578271001577,0.00010293774539604783,-0.00013544707326218486,-0.00016653654165565968,-0.00020441442029550672
18995,0.1,2,8,0.0018730491865426302,6,0.00023732229601591825,0.00038713705725967884,4,8.90230294317007e-05,0.00028441741596907377,0.00034333192161284387,0.0004721058940049261,0.00039189550443552434,0.00050733721582219,0.0006133239949122071,0.0002998901763930917,0.00031343381851911545,7.32678672648035e-05,0.0002726623206399381,0.0,9.257555939257145e-05,-0.0007640754338353872,-9.613623842597008e-05,-0.00020463531836867332,-0.0001408697571605444,0.00038713705725967884,7.353618275374174e-05,0.00014981476124376059,0.0,-0.0001533615868538618,-2.9747607186436653e-06,0.00019539438653737307,0.00028441741596907377,0.00016361940652132034,-7.067539263516665e-05,-0.00027755647897720337,-0.0004175545182079077
19266,0.1,3,2,6.480099678039551,6,0.05236530303955078,0.7544121742248535,1,4.57763671875e-05,0.02980661392211914,0.7538751363754272,0.9230231046676636,0.2918809652328491,0.4078711271286011,0.7854366302490234,0.749417781829834,0.03601884841918945,0.10035121440887451,0.27377861738204956,0.0,0.6592221260070801,-0.5870270729064941,-0.47377920150756836,-0.5470199584960938,-0.7245621681213379,0.7544121742248535,0.6084632873535156,0.7020468711853027,0.0,0.02980661392211914,0.01648426055908203,-0.022648334503173828,-0.01715230941772461,-0.019613265991210938,-0.0019407272338867188,0.02976083755493164,0.02868032455444336
19776,0.1,0,8,0.042011890560388565,4,0.0036527812480926514,0.01193787157535553,4,0.0040227193385362625,0.014878781512379646,0.012641215696930885,0.01695515401661396,0.012904767878353596,0.01749507337808609,0.0226435549557209,0.0226435549557209,0.0,0.0021894173696637154,0.005232634022831917,0.0,-0.001671910285949707,-0.0010068640112876892,0.008285090327262878,0.01193787157535553,0.00204666331410408,0.0012140832841396332,-0.011363953351974487,-0.016201741993427277,0.0,-0.0033542439341545105,-0.006137128919363022,0.010856062173843384,0.014878781512379646,0.0038529708981513977,0.006649680435657501,-0.015545953065156937,-0.02073436602950096
19803,0.1,0,0,0.06377508491277695,6,0.0026431940495967865,0.0034758858382701874,7,0.0009605959057807922,0.002660956233739853,0.014095519669353962,0.022154729813337326,0.011934636160731316,0.015318905003368855,0.005933675915002823,0.002481546252965927,0.0034521296620368958,0.0024856319651007652,0.005632526241242886,0.0,1.4320015907287598e-05,-0.003127850592136383,0.0008326917886734009,-0.0032702237367630005,-4.450976848602295e-05,0.0034758858382701874,-0.0018505305051803589,-0.00023405998945236206,0.0,0.00047109276056289673,0.0007876977324485779,-0.0037543699145317078,-0.004998430609703064,-0.0006322711706161499,-0.0010426193475723267,0.002660956233739853,0.0017003603279590607
19832,0.1,1,1,3.3634562492370605,4,0.0709996223449707,0.19804048538208008,8,0.021029949188232422,0.3131699562072754,0.529934287071228,0.7254647016525269,0.28992411494255066,0.43508392572402954,0.533944845199585,0.10538101196289062,0.42856383323669434,0.19992464780807495,0.41794389486312866,0.0,-0.04422140121459961,0.12403750419616699,0.12704086303710938,0.19804048538208008,0.05271744728088379,-0.15895366668701172,-0.1584000587463379,-0.2302699089050293,0.0,0.14325332641601562,-0.14447331428527832,-0.32359933853149414,-0.3773934841156006,-0.1877131462097168,0.1716475486755371,0.29214000701904297,0.3131699562072754
19843,0.1,3,2,6.782778655178845e-05,4,4.7680805437266827e-07,6.079280865378678e-06,4,1.1920201359316707e-07,5.60247281100601e-06,6.341525477182586e-06,8.266638360510115e-06,8.76133253768785e-06,1.2462563972803764e-05,1.1085776350228116e-05,1.1085776350228116e-05,0.0,2.5807387373788515e-06,7.3190362854802515e-06,0.0,-3.099223249591887e-06,3.8144498830661178e-06,5.60247281100601e-06,6.079280865378678e-06,3.3376418286934495e-06,-5.721638444811106e-06,-8.701652404852211e-06,-9.655246685724705e-06,0.0,-3.695226041600108e-06,3.2184398151002824e-06,5.4832707974128425e-06,5.60247281100601e-06,3.6952478694729507e-06,-6.079244485590607e-06,-8.701652404852211e-06,-8.582450391259044e-06
20101,0.1,3,0,0.11700103431940079,4,0.0016239061951637268,0.0065163373947143555,6,0.0012886300683021545,0.0020100101828575134,0.02248307690024376,0.03621726855635643,0.017121857032179832,0.025322379544377327,0.007906094193458557,0.006747983396053314,0.001158110797405243,0.004250523634254932,0.011138339526951313,0.0,-0.0041030049324035645,-0.0019517913460731506,0.003095090389251709,0.0065163373947143555,0.004892431199550629,0.0024442821741104126,-0.003660067915916443,-0.008614294230937958,0.0,-0.0010616034269332886,-0.002068847417831421,0.0007213801145553589,3.118067979812622e-05,-0.0004959627985954285,0.0020100101828575134,-0.0010633990168571472,-0.0003946274518966675
21158,0.1,1,1,0.0019171921303495765,4,2.201460301876068e-05,0.00015492516104131937,4,3.41515988111496e-05,0.0001362424809485674,0.00042781635420396924,0.0006363936699926853,0.0005307457759045064,0.0006455908296629786,0.00028071540873497725,0.00028071540873497725,0.0,0.000121656536066439,0.00035299730370752513,0.0,-7.007725071161985e-05,-2.105941530317068e-05,0.0001329105580225587,0.00015492516104131937,8.007732685655355e-05,2.141681034117937e-05,-0.00018321385141462088,-0.00021675985772162676,0.0,-6.543740164488554e-05,-7.37655209377408e-05,0.0001020908821374178,0.0001362424809485674,7.472280412912369e-05,8.32901569083333e-05,-0.0001386032672598958,-0.000187972211278975
21579,0.1,0,6,0.007311491295695305,4,0.0,0.0008653276599943638,4,0.0,0.001353551633656025,0.0014142724685370922,0.0019976531621068716,0.0015190500998869538,0.0018209903500974178,0.002068369183689356,0.002068369183689356,0.0,0.0003128483658656478,0.0007440600893460214,0.0,-0.000613645650446415,0.0008653276599943638,0.0008653276599943638,0.0008653276599943638,0.0006455210968852043,-0.001308348961174488,-0.001308348961174488,-0.001308348961174488,0.0,-0.0013020848855376244,0.001353551633656025,0.001353551633656025,0.001353551633656025,0.0013025975786149502,-0.002013789489865303,-0.002013789489865303,-0.002013789489865303
21616,0.1,1,2,0.047104667872190475,4,0.0013660341501235962,0.006932489573955536,6,0.00014314427971839905,0.01584577187895775,0.016398843377828598,0.022071950137615204,0.015597527846693993,0.0220499150454998,0.0204269178211689,0.012574397027492523,0.007852520793676376,0.0023731135297566652,0.005681912414729595,0.0,-0.003045555204153061,0.0035097636282444,0.00556645542383194,0.006932489573955536,0.003407631069421768,-0.004941143095493317,-0.008067827671766281,-0.010344680398702621,0.0,0.009119141846895218,-0.019824359565973282,-0.019605588167905807,-0.016505654901266098,-0.01338295266032219,0.01584577187895775,0.01570262759923935,0.013878434896469116
22047,0.1,3,6,1.6947098970413208,3,0.002468705177307129,0.28604114055633545,3,0.006731271743774414,0.08464181423187256,0.6900225877761841,0.7766916751861572,0.2638533115386963,0.35816657543182373,0.36404192447662354,0.36404192447662354,0.0,0.08615394681692123,0.18496976792812347,0.0,-0.10335350036621094,-0.07124412059783936,0.28604114055633545,0.2835724353790283,0.12456536293029785,0.07524669170379639,-0.35006797313690186,-0.33926570415496826,0.0,-0.035542845726013184,0.07791054248809814,0.08464181423187256,0.0648796558380127,0.043328166007995605,-0.07912337779998779,-0.09299445152282715,-0.06859064102172852
22049,0.1,0,6,0.01717901974916458,4,0.0009853914380073547,0.0026702014729380608,8,0.0005818847566843033,0.0012536626309156418,0.004268581513315439,0.00642425287514925,0.0031775799579918385,0.005015893839299679,0.003681262955069542,0.0013219472020864487,0.0023593157529830933,0.0008078364771790802,0.002420727163553238,0.0,-0.000522129237651825,-0.0005727242678403854,0.001684810034930706,0.0026702014729380608,0.0006138533353805542,0.0006708391010761261,-0.0024752672761678696,-0.004380730912089348,0.0,0.00026509352028369904,-0.000399148091673851,-0.0006707422435283661,-0.0015546921640634537,-0.0003217216581106186,0.00044467486441135406,0.0006717778742313385,0.0012536626309156418
22198,0.1,0,6,0.03386855497956276,4,0.00048528239130973816,0.002162039279937744,4,0.003248492255806923,0.0073904674500226974,0.005303339567035437,0.009276775643229485,0.008297653868794441,0.010217664763331413,0.009142238646745682,0.009142238646745682,0.0,0.0012002468574792147,0.003220892511308193,0.0,-0.0004215724766254425,0.0004704035818576813,0.001676756888628006,0.002162039279937744,0.0004954226315021515,-0.0006297007203102112,-0.002365831285715103,-0.003476601094007492,0.0,-0.0011722184717655182,-0.003133859485387802,0.0041419751942157745,0.0073904674500226974,0.0013944469392299652,0.0034755486994981766,-0.005342952907085419,-0.009596236050128937
22254,0.1,2,6,0.009374174289405346,4,0.0006415601819753647,0.0024371836334466934,4,0.0004716324619948864,0.0018893289379775524,0.002398295560851693,0.003042717697098851,0.0015916198026388884,0.0024840289261192083,0.003876599483191967,0.003876599483191967,0.0,0.0003909768129233271,0.0011125518940389156,0.0,-0.0006097843870520592,0.0016011418774724007,0.0017956234514713287,0.0024371836334466934,0.0006999699398875237,-0.002434438094496727,-0.002497464418411255,-0.0035068755969405174,0.0,-0.0008323555812239647,0.001371101476252079,0.001417696475982666,0.0018893289379775524,0.0009144889190793037,-0.00253940187394619,-0.0019428152590990067,-0.0025854595005512238
23662,0.1,2,6,0.00854230672121048,4,7.344689220190048e-05,0.0006774887442588806,6,0.00021351408213377,0.00035500340163707733,0.0022754515521228313,0.003257941920310259,0.0014802363002672791,0.0023404269013553858,0.000981857068836689,0.0007043369114398956,0.00027752015739679337,0.0006187360850162804,0.001430816831998527,0.0,-0.0005877306684851646,0.0005986019968986511,0.0005656061694025993,0.0006774887442588806,0.0006040418520569801,-0.0009172474965453148,-0.0008171051740646362,-0.0009997868910431862,0.0,0.00012434925884008408,-0.0003544054925441742,-0.00012917909771203995,1.2410804629325867e-05,-0.00017455965280532837,0.00035500340163707733,0.00014148931950330734,-3.025773912668228e-05
23685,0.1,2,6,0.038491398096084595,7,0.0004085637629032135,0.0026727057993412018,3,0.0006947480142116547,0.0034339353442192078,0.009536867961287498,0.013379402458667755,0.007745983544737101,0.010455871932208538,0.005953360348939896,0.0014345310628414154,0.00451882928609848,0.0018998496234416962,0.0054792966693639755,0.0,0.0011550858616828918,-0.0007821172475814819,-0.0025747455656528473,-0.0022512488067150116,-0.0015337318181991577,0.0004352964460849762,0.0026727057993412018,0.0022641420364379883,0.0,-0.0018434934318065643,-0.0020989030599594116,0.0034339353442192078,0.002739187330007553,0.0018904507160186768,0.001393638551235199,-0.004624638706445694,-0.0037822164595127106
24587,0.1,1,0,0.04802711680531502,2,0.0020701810717582703,0.006558090448379517,6,0.0032733455300331116,0.005663570016622543,0.00946611724793911,0.01649138703942299,0.005098946392536163,0.009820003062486649,0.01152903214097023,0.0021144188940525055,0.009414613246917725,0.004068225156515837,0.008719706907868385,0.0,-0.0008287355303764343,0.006558090448379517,0.00206853449344635,0.004487909376621246,0.000989433377981186,-0.00842011347413063,-0.00274026021361351,-0.006108339875936508,0.0,0.0006215795874595642,-0.006247229874134064,-0.0011269226670265198,-0.002633519470691681,-0.0008090957999229431,0.005663570016622543,0.0011829100549221039,0.0023902244865894318
24865,0.1,0,8,0.009364372119307518,4,0.000715755857527256,0.000966864638030529,4,0.00021728454157710075,0.0016665724106132984,0.002749605104327202,0.003594927256926894,0.0023569047916680574,0.0032551181502640247,0.002435076516121626,0.002435076516121626,0.0,0.0004151035100221634,0.0010689860209822655,0.0,-0.0002456139773130417,8.881371468305588e-05,0.000251108780503273,0.000966864638030529,0.0002472102642059326,-0.0002934308722615242,-0.0005599828436970711,-0.0015561487525701523,0.0,-0.0010519372299313545,0.0012357160449028015,0.0014492878690361977,0.0016665724106132984,0.001129775308072567,-0.0017638932913541794,-0.002119150012731552,-0.002478286623954773
25420,0.1,1,8,0.005280001554638147,6,0.000617914367467165,0.0012463568709790707,3,7.829628884792328e-06,0.00041357940062880516,0.0014672728721052408,0.0019188285805284977,0.0012610399862751365,0.001790392678231001,0.001568283885717392,0.0013099978677928448,0.0002582860179245472,0.00025625311536714435,0.0006359040271490812,0.0,0.00022497447207570076,-0.002019773703068495,-0.0011860602535307407,-0.001543095801025629,-0.0003196448087692261,0.0012463568709790707,0.0005246237851679325,0.0006284425035119057,0.0,-0.00013647787272930145,-0.00013517402112483978,0.00041357940062880516,0.00040574977174401283,0.00014776363968849182,8.016452193260193e-05,-0.000616197008639574,-0.0006211739964783192
25863,0.1,0,2,0.001208885689266026,4,9.644543752074242e-06,3.36960656568408e-05,3,1.274491660296917e-05,0.00039382639806717634,0.00030129688093438745,0.0004666960739996284,0.00038895965553820133,0.0005427038413472474,0.00042062700958922505,0.00041264627361670136,7.98073597252369e-06,0.00011288739915471524,0.000269177631707862,0.0,-7.3820119723677635e-06,-8.21542926132679e-06,2.405152190476656e-05,3.36960656568408e-05,8.215545676648617e-06,8.096452802419662e-06,-4.036223981529474e-05,-6.73886388540268e-05,0.0,-0.00019203382544219494,0.0002374443574808538,0.00039382639806717634,0.00038108148146420717,0.00019647704903036356,-0.00036748696584254503,-0.0007188956951722503,-0.0006439356366172433
26222,0.1,0,0,0.6194968223571777,4,0.013080298900604248,0.059468746185302734,4,0.011765122413635254,0.05550098419189453,0.14019723236560822,0.18333445489406586,0.06407125294208527,0.09526067227125168,0.11011457443237305,0.11011457443237305,0.0,0.022171515971422195,0.05205714702606201,0.0,-0.024663269519805908,0.018223881721496582,0.046388447284698486,0.059468746185302734,0.02926790714263916,-0.02273339033126831,-0.05479991436004639,-0.06924158334732056,0.0,-0.03335762023925781,0.023602724075317383,0.04373586177825928,0.05550098419189453,0.03827357292175293,-0.030000150203704834,-0.0554201602935791,-0.0701148509979248
26605,0.1,2,2,0.00023815179883968085,4,1.2156859156675637e-05,3.98072152165696e-05,4,4.409768735058606e-06,2.0737687009386718e-05,6.801295967306942e-05,8.406778215430677e-05,4.0725171857047826e-05,7.533112511737272e-05,5.6493343436159194e-05,5.6493343436159194e-05,0.0,1.1853657269966789e-05,3.5263350582681596e-05,0.0,-1.1083771823905408e-05,5.243971827439964e-06,2.7650356059893966e-05,3.98072152165696e-05,1.2514065019786358e-05,-1.2752265320159495e-05,-4.3261723476462066e-05,-6.638157356064767e-05,0.0,-9.176888852380216e-06,1.6327918274328113e-05,1.597036316525191e-05,2.0737687009386718e-05,1.013043220154941e-05,-2.9913950129412115e-05,-2.455095818731934e-05,-3.086739161517471e-05
26693,0.1,1,8,1.8645578622817993,8,0.014680862426757812,0.2933305501937866,8,0.010211586952209473,0.1019890308380127,0.383670836687088,0.49667564034461975,0.17800579965114594,0.25398412346839905,0.379400372505188,0.379400372505188,0.0,0.09011831134557724,0.1803210973739624,0.0,0.07185280323028564,-0.16287124156951904,-0.29930198192596436,-0.3433903455734253,-0.09099876880645752,0.15255558490753174,0.2786496877670288,0.2933305501937866,0.0,0.0368654727935791,-0.05351865291595459,-0.08929324150085449,-0.10679864883422852,-0.04152238368988037,0.057994723320007324,0.09177744388580322,0.1019890308380127
26759,0.1,1,6,0.010613660328090191,4,1.2624077498912811e-05,0.00026117730885744095,5,7.670372724533081e-06,0.00041963905096054077,0.0017652309034019709,0.0025818392168730497,0.0017802261281758547,0.002410974120721221,0.0006677061319351196,0.0006608599796891212,6.8461522459983826e-06,0.00042335790931247175,0.0009977068984881043,0.0,-0.00017077848315238953,0.00018390174955129623,0.00024855323135852814,0.00026117730885744095,0.00018897466361522675,-0.00027419812977313995,-0.00034824758768081665,-0.00036640558391809464,0.0,-0.0004003625363111496,0.0003066007047891617,0.0003661857917904854,0.0004119686782360077,0.00041963905096054077,-0.00044009555131196976,-0.0005111861974000931,-0.0005756700411438942
26788,0.1,3,2,9.715084888739511e-05,4,5.95995516050607e-07,2.1098210709169507e-05,2,8.463190170004964e-06,2.229021629318595e-05,2.497819332347717e-05,2.8637658033403568e-05,1.170529139926657e-05,1.9953891751356423e-05,3.909760926035233e-05,3.8859205233165994e-05,2.3840402718633413e-07,4.160125627095113e-06,1.4006122000864707e-05,0.0,-1.656834501773119e-05,2.05022151931189e-05,1.8237413314636797e-05,2.1098210709169507e-05,1.53766231960617e-05,-4.124156112084165e-05,-3.1586903787683696e-05,-3.885769547196105e-05,0.0,-1.156211510533467e-05,2.229021629318595e-05,1.0727846529334784e-05,1.3827026123180985e-05,1.1800642823800445e-05,-3.7784957385156304e-05,-1.5614779840689152e-05,-2.0620995201170444e-05
27670,0.1,3,0,0.00463898153975606,5,0.0003299349918961525,0.0007284665480256081,5,0.0003329371102154255,0.0004742681048810482,0.0007035562302917242,0.0011625109473243356,0.000580001506023109,0.0008937823586165905,0.0010827428195625544,0.0010827428195625544,0.0,0.0002889069728553295,0.0006244153482839465,0.0,-0.000825041439384222,0.00032576778903603554,0.0003511691465973854,0.00039853155612945557,0.0007284665480256081,-0.0004743989557027817,-0.0005003726109862328,-0.0005805417895317078,0.0,-0.000462894793599844,0.00014073774218559265,0.0001413309946656227,0.00011379923671483994,0.0004742681048810482,-0.00018461421132087708,-0.0001844954676926136,-0.00014831079170107841
27796,0.1,1,0,0.015629300847649574,4,0.00034298747777938843,0.0020592156797647476,4,0.00027929991483688354,0.0021784715354442596,0.002184187760576606,0.004593094810843468,0.0019143816316500306,0.003958246670663357,0.0038127945736050606,0.0038127945736050606,0.0,0.0007857057498767972,0.002301422879099846,0.0,-0.0005315020680427551,0.00032561179250478745,0.0017162282019853592,0.0020592156797647476,0.0006186822429299355,-0.0005455780774354935,-0.002946101129055023,-0.00341838039457798,0.0,-0.0005943719297647476,-0.0011450182646512985,0.001899171620607376,0.0021784715354442596,0.0006985394284129143,0.0009924238547682762,-0.0029037408530712128,-0.0031009018421173096
28418,0.1,3,6,0.06031535938382149,6,0.004517238587141037,0.017662767320871353,7,0.000988241285085678,0.0034912191331386566,0.018851976841688156,0.02381172589957714,0.016841743141412735,0.02025638148188591,0.019295554608106613,0.016502048820257187,0.0027935057878494263,0.002255853731185198,0.003931179642677307,0.0,0.01224563643336296,-0.03705190494656563,-0.019632305949926376,-0.019637148827314377,-0.026979248970746994,0.017662767320871353,0.013145528733730316,0.0126638263463974,0.0,0.0023161135613918304,-0.004154924303293228,-0.003749806433916092,-0.0007370896637439728,-0.005014602094888687,0.0025029778480529785,0.0034912191331386566,0.00011167675256729126
28628,0.1,0,0,3.0704827308654785,4,0.04315447807312012,0.11483311653137207,4,0.019185781478881836,0.05070972442626953,0.1671011745929718,0.2515068054199219,0.12481962144374847,0.1925596296787262,0.1682119369506836,0.1682119369506836,0.0,0.09275460243225098,0.23685429990291595,0.0,-0.022368431091308594,-0.005826234817504883,0.07167863845825195,0.11483311653137207,0.027640581130981445,0.007140159606933594,-0.0833883285522461,-0.12870240211486816,0.0,-0.015755414962768555,0.013150215148925781,0.031523942947387695,0.05070972442626953,0.01909327507019043,-0.015436410903930664,-0.038176774978637695,-0.05929279327392578
28834,0.1,3,2,0.00013517419574782252,4,1.3111275620758533e-06,6.7940272856503725e-06,5,1.9071012502536178e-06,1.0012270649895072e-05,3.004310383403208e-05,3.871469016303308e-05,2.745657184277661e-05,3.894117253366858e-05,1.6210404282901436e-05,1.489925489295274e-05,1.311149389948696e-06,1.0179547643929254e-05,2.2927844838704914e-05,0.0,-5.602065357379615e-06,9.535433491691947e-07,5.1253155106678605e-06,6.7940272856503725e-06,5.482899723574519e-06,-3.4566037356853485e-06,-7.747526979073882e-06,-1.0488947737030685e-05,0.0,-1.0608142474666238e-05,4.529341822490096e-06,6.1980681493878365e-06,8.105169399641454e-06,1.0012270649895072e-05,-7.747526979073882e-06,-9.058639989234507e-06,-1.2276825145818293e-05
28967,0.1,1,11,0.9620972275733948,4,0.0031647086143493652,0.04934954643249512,6,0.03465515375137329,0.04838454723358154,0.12427739799022675,0.1950862556695938,0.10668821632862091,0.15259940922260284,0.0936700701713562,0.0936700701713562,0.0,0.04645964875817299,0.08435779809951782,0.0,-0.009884297847747803,-0.03589719533920288,0.04618483781814575,0.04934954643249512,0.012584686279296875,0.04509764909744263,-0.045052945613861084,-0.042699992656707764,0.0,0.004089415073394775,-0.03876370191574097,-0.009118974208831787,-0.022760093212127686,-0.006621122360229492,0.04838454723358154,0.0047165751457214355,0.013729393482208252
29626,0.1,0,2,0.0005994430393911898,4,3.062019823119044e-05,7.315335096791387e-05,4,6.505849887616932e-05,0.00017395641771145165,8.567008626414463e-05,0.00013430719263851643,0.0001663128932705149,0.00020760140614584088,0.00022567255655303597,0.00022567255655303597,0.0,3.499151353025809e-05,8.733884897083044e-05,0.0,-1.1913711205124855e-05,-1.3462500646710396e-05,4.253315273672342e-05,7.315335096791387e-05,1.3700977433472872e-05,1.5607220120728016e-05,-6.218801718205214e-05,-0.00011913076741620898,0.0,-3.705115523189306e-05,-2.6209978386759758e-05,0.00010889791883528233,0.00017395641771145165,4.2414001654833555e-05,3.038061549887061e-05,-0.0001553436741232872,-0.0002571855438873172
29666,0.1,0,0,0.0754915177822113,6,0.0005535036325454712,0.000917583703994751,6,0.0018925368785858154,0.0020952895283699036,0.011261474341154099,0.021031426265835762,0.009671734645962715,0.014063608832657337,0.002988077700138092,0.002988077700138092,0.0,0.002557768253609538,0.006971574854105711,0.0,9.99346375465393e-05,-0.0007931515574455261,-0.0008711293339729309,-0.0021599680185317993,-0.00024106353521347046,0.000917583703994751,-0.00015364587306976318,0.0003640800714492798,0.0,-1.3597309589385986e-05,-0.001813553273677826,0.00020275264978408813,-0.00022967904806137085,-4.034489393234253e-05,0.0020952895283699036,-0.0006018280982971191,-0.0007825493812561035
29872,0.1,3,0,0.012932711280882359,6,0.0004422767087817192,0.0008551748469471931,4,0.0001317458227276802,0.0005571227520704269,0.001920667476952076,0.003832221729680896,0.0019213624764233828,0.003365294774994254,0.0013757720589637756,0.0012541692703962326,0.00012160278856754303,0.0009411281207576394,0.0025497039314359426,0.0,-8.578319102525711e-05,-0.0009164055809378624,0.00021890364587306976,0.00041289813816547394,8.061248809099197e-05,0.0008551748469471931,-0.0003386186435818672,-0.0005952715873718262,0.0,-0.00022285711020231247,-0.0004056701436638832,0.00026233773678541183,0.0005571227520704269,0.0002483297139406204,0.00042537692934274673,-0.0003573233261704445,-0.0007380368188023567
30101,0.1,0,2,0.0007675323868170381,4,7.899332558736205e-05,0.0002699574106372893,4,5.587143823504448e-05,0.00012079277075827122,0.0002011570322792977,0.00024980935268104076,0.0001847037929110229,0.00022415717830881476,0.0003425223985686898,0.0003425223985686898,0.0,2.941322782135103e-05,7.747489144094288e-05,0.0,-5.2886956837028265e-05,-5.0028262194246054e-05,0.00019096408504992723,0.0002699574106372893,5.813117604702711e-05,5.5510434322059155e-05,-0.00037741323467344046,-0.0006450532237067819,0.0,-1.7867540009319782e-05,-1.488963607698679e-05,6.492133252322674e-05,0.00012079277075827122,2.1441432181745768e-05,1.691485522314906e-05,-9.052548557519913e-05,-0.00015924789477139711
30236,0.1,0,2,0.001527096494100988,4,0.0,0.0002020099200308323,5,1.999980304390192e-05,0.00017093797214329243,0.0005068270256742835,0.0006569017423316836,0.00036536407424136996,0.0005812367890030146,0.00034785852767527103,0.0003296411596238613,1.821736805140972e-05,0.00014367836411111057,0.0004912251606583595,0.0,-0.00016031705308705568,0.0002020099200308323,0.0002020099200308323,0.0002020099200308323,0.00015974754933267832,-0.000331912306137383,-0.000331912306137383,-0.000331912306137383,0.0,-0.00016638648230582476,0.0001509381690993905,0.0001509381690993905,0.0001509381690993905,0.00017093797214329243,-0.0002143452875316143,-0.0002143452875316143,-0.0002143452875316143
30500,0.1,0,2,0.0009888288332149386,4,7.397239096462727e-05,0.0002612016978673637,4,1.905538374558091e-05,4.7518638893961906e-05,0.0004204464494250715,0.0004722854064311832,0.00018607666424941272,0.00028204245609231293,0.00029991730116307735,0.00029991730116307735,0.0,9.402463911101222e-05,0.0002565534960012883,0.0,-8.574221283197403e-05,0.00011207134230062366,0.00018722930690273643,0.0002612016978673637,9.420578135177493e-05,-0.00016766670159995556,-0.00030768499709665775,-0.00048184709157794714,0.0,-2.0721694454550743e-05,1.2742879334837198e-05,2.8463255148380995e-05,4.7518638893961906e-05,2.0960287656635046e-05,-3.1320611014962196e-05,-7.097597699612379e-05,-0.00010991538874804974
31073,0.1,3,2,0.0029187481850385666,4,3.459211438894272e-05,0.00011233077384531498,4,4.553445614874363e-05,0.00025297002866864204,0.0005305017111822963,0.0007967635756358504,0.0008247890509665012,0.0010409276001155376,0.00035557919181883335,0.00035557919181883335,0.0,0.00014283617201726884,0.0002916956436820328,0.0,-6.263819523155689e-05,-3.589550033211708e-05,7.773865945637226e-05,0.00011233077384531498,7.262732833623886e-05,3.8631027564406395e-05,-0.00010090856812894344,-0.00014666467905044556,0.0,-0.00018314924091100693,-1.568952575325966e-05,0.00019507133401930332,0.00025297002866864204,0.00020743557251989841,1.7948448657989502e-05,-0.00025243056006729603,-0.00033477763645350933
31159,0.1,0,0,0.20643667876720428,4,0.005268484354019165,0.017877086997032166,4,0.004218488931655884,0.012719482183456421,0.05804331973195076,0.07736323028802872,0.024285653606057167,0.04316793754696846,0.030174538493156433,0.030174538493156433,0.0,0.011575562879443169,0.02678513340651989,0.0,-0.006201997399330139,0.005986839532852173,0.012608602643013,0.017877086997032166,0.007260948419570923,-0.00763992965221405,-0.016405940055847168,-0.02359570562839508,0.0,-0.00599709153175354,0.0028191357851028442,0.008500993251800537,0.012719482183456421,0.006852626800537109,-0.003779783844947815,-0.0112476646900177,-0.01729007065296173
31677,0.1,3,6,0.04547959566116333,2,0.00012432411313056946,0.006886914372444153,4,0.002017427235841751,0.006549648940563202,0.019468698650598526,0.022397011518478394,0.014432905241847038,0.018557192757725716,0.012464985251426697,0.01235184445977211,0.00011314079165458679,0.0015834927326068282,0.0043231104500591755,0.0,-0.002232629805803299,0.006886914372444153,0.004157658666372299,0.006762590259313583,0.0025518573820590973,-0.010877948254346848,-0.005578827112913132,-0.009370885789394379,0.0,-0.002429574728012085,-0.001958344131708145,0.004532221704721451,0.006549648940563202,0.002870984375476837,0.0018822960555553436,-0.005316220223903656,-0.007694162428379059
32337,0.1,0,4,0.011481283232569695,4,0.000849786214530468,0.002763116732239723,4,0.000713973306119442,0.002075459808111191,0.003620689734816551,0.00490812212228775,0.0030541480518877506,0.004203638061881065,0.004309088923037052,0.004309088923037052,0.0,0.0004586595168802887,0.001230686204507947,0.0,-0.0005626855418086052,-0.0003192005679011345,0.0019133305177092552,0.002763116732239723,0.0006387066096067429,0.00033156294375658035,-0.0030214255675673485,-0.004691366106271744,0.0,-0.0005444297567009926,-1.1078082025051117e-05,0.0013614865019917488,0.002075459808111191,0.0005522724241018295,-1.826602965593338e-05,-0.0021524224430322647,-0.003352583386003971
32725,0.1,3,6,0.0855751559138298,6,0.0016248077154159546,0.006936505436897278,6,0.0003751292824745178,0.0022190138697624207,0.01766265369951725,0.02630699798464775,0.020559076219797134,0.030275516211986542,0.009595826268196106,0.009595826268196106,0.0,0.0028036523144692183,0.008758782409131527,0.0,0.005175285041332245,-0.006519138813018799,-0.0037026703357696533,-0.004836350679397583,-0.007035978138446808,0.006936505436897278,0.0041917115449905396,0.005311697721481323,0.0,0.0018438845872879028,-0.001836337149143219,-0.000868186354637146,-0.0005859434604644775,-0.002264648675918579,0.0022190138697624207,0.0010286420583724976,0.0006829798221588135
33202,0.1,2,6,7.124576568603516,8,0.07282447814941406,0.24757862091064453,8,0.07296180725097656,0.3176536560058594,0.7105704545974731,0.8653275370597839,0.46017593145370483,0.576222836971283,0.5674633979797363,0.5674633979797363,0.0,0.132183238863945,0.3054772615432739,0.0,0.04761934280395508,0.02068948745727539,-0.14580106735229492,-0.21267366409301758,-0.057891845703125,-0.0034074783325195312,0.17475414276123047,0.24757862091064453,0.0,0.10075187683105469,-0.15150070190429688,-0.2086038589477539,-0.28505516052246094,-0.12158775329589844,0.23161792755126953,0.2446918487548828,0.3176536560058594
33345,0.1,3,6,4.979412078857422,8,0.005421161651611328,0.029596805572509766,6,0.019716739654541016,0.10621309280395508,0.26783716678619385,0.36300185322761536,0.2386331856250763,0.30614954233169556,0.1357884407043457,0.11607789993286133,0.019710540771484375,0.09093134105205536,0.18936768174171448,0.0,0.009445667266845703,0.024175643920898438,-0.01422262191772461,-0.02152252197265625,-0.00934457778930664,-0.02538156509399414,0.019567012786865234,0.029596805572509766,0.0,0.07570219039916992,-0.08141946792602539,-0.06184244155883789,-0.06541252136230469,-0.0818171501159668,0.10621309280395508,0.08118724822998047,0.08649635314941406
33825,0.1,3,0,0.44866639375686646,5,0.04750320315361023,0.08517909049987793,5,0.022488653659820557,0.03664138913154602,0.1315172165632248,0.18071319162845612,0.06691884994506836,0.09167125076055527,0.11736887693405151,0.11736887693405151,0.0,0.01943160407245159,0.05573702231049538,0.0,-0.08065915107727051,0.034159332513809204,0.02927514910697937,0.0376758873462677,0.08517909049987793,-0.043241024017333984,-0.037035346031188965,-0.04832381010055542,0.0,-0.034289658069610596,0.008593320846557617,0.008574753999710083,0.014152735471725464,0.03664138913154602,-0.01052778959274292,-0.010503590106964111,-0.01745206117630005
34598,0.1,0,2,0.006552756763994694,4,0.000231077428907156,0.0007111923769116402,4,0.0003447849303483963,0.002331180963665247,0.0015559004386886954,0.0017892104806378484,0.0023792770225554705,0.002947151893749833,0.002780707087367773,0.002780707087367773,0.0,0.00019241332483943552,0.0005564219900406897,0.0,-0.00014388281852006912,6.667850539088249e-05,0.0004801149480044842,0.0007111923769116402,0.00016167107969522476,-8.87005589902401e-05,-0.0008322214707732201,-0.0014706561341881752,0.0,-0.0006768391467630863,-0.0003927573561668396,0.0019863960333168507,0.002331180963665247,0.0007599028758704662,0.00045937951654195786,-0.002835470251739025,-0.0031065810471773148
35235,0.1,0,2,8.082063141046092e-05,4,8.105718734441325e-06,2.1813775674672797e-05,8,3.6952478694729507e-06,1.6807294741738588e-05,1.816024087020196e-05,2.423954356345348e-05,1.749868351907935e-05,2.6379231712780893e-05,3.254203329561278e-05,1.430395059287548e-06,3.1111638236325234e-05,1.0471956557012163e-05,2.1587638912023976e-05,0.0,-3.337583621032536e-06,-3.57598764821887e-06,1.3708056940231472e-05,2.1813775674672797e-05,3.6951969377696514e-06,4.1719977161847055e-06,-2.1217310859356076e-05,-4.040786734549329e-05,0.0,2.8607973945327103e-06,3.5759949241764843e-06,-1.5972625988069922e-05,-2.908429451053962e-05,-3.933579137083143e-06,-4.887173417955637e-06,1.3112046872265637e-05,1.6807294741738588e-05
35633,0.1,2,0,0.14569923281669617,2,0.0072438716888427734,0.008130982518196106,4,0.001628965139389038,0.008371829986572266,0.024087056517601013,0.045790765434503555,0.020039934664964676,0.031181402504444122,0.016057386994361877,0.008421704173088074,0.007635682821273804,0.008269226178526878,0.018654489889740944,0.0,-0.00019793212413787842,0.008130982518196106,-0.0010614395141601562,4.813075065612793e-05,0.0001320093870162964,-0.010867387056350708,0.0008871108293533325,-0.0005437284708023071,0.0,-0.00496286153793335,-0.0056839436292648315,0.0067428648471832275,0.008371829986572266,0.005690738558769226,0.006328076124191284,-0.00869661569595337,-0.010855764150619507
36521,0.1,0,0,1.9718477725982666,4,0.022165417671203613,0.054621219635009766,4,0.006821632385253906,0.03933405876159668,0.2884697914123535,0.37749385833740234,0.11939439922571182,0.20885904133319855,0.09422242641448975,0.09422242641448975,0.0,0.05089769512414932,0.16914595663547516,0.0,-0.012168407440185547,0.015831828117370605,0.03245580196380615,0.054621219635009766,0.014903068542480469,-0.0191195011138916,-0.03907370567321777,-0.06462836265563965,0.0,-0.010073661804199219,-0.028257131576538086,0.030246496200561523,0.03933405876159668,0.014227509498596191,0.03251242637634277,-0.02850031852722168,-0.03157830238342285
37297,0.1,1,6,0.004685019608587027,6,0.00017444277182221413,0.00022558309137821198,6,0.0001464439556002617,0.0002595256082713604,0.0006730235181748867,0.0013058057520538568,0.0009735685889609158,0.001332848216407001,0.00045359088107943535,0.00045359088107943535,0.0,0.0003026501217391342,0.001124196220189333,0.0,2.135755494236946e-05,-0.00024629151448607445,-7.77142122387886e-05,5.114031955599785e-05,-3.227312117815018e-05,0.00022558309137821198,4.425831139087677e-05,-0.00012979703024029732,0.0,-1.0678544640541077e-05,-0.00040321704000234604,-3.535766154527664e-05,0.00011308165267109871,-2.100132405757904e-05,0.0002595256082713604,-7.284991443157196e-05,-0.0002802172675728798
37477,0.1,0,1,0.10984373837709427,4,0.003369532525539398,0.021320126950740814,4,0.00504380464553833,0.028608985245227814,0.0323973223567009,0.04363720118999481,0.02846955880522728,0.04195224493741989,0.043831706047058105,0.043831706047058105,0.0,0.005752877332270145,0.011907360516488552,0.0,-0.005468457937240601,-0.0026701614260673523,0.017950594425201416,0.021320126950740814,0.006144411861896515,0.002811625599861145,-0.026838891208171844,-0.031195811927318573,0.0,-0.010660238564014435,-0.003123961389064789,0.023565180599689484,0.028608985245227814,0.011689677834510803,0.003658682107925415,-0.03319025784730911,-0.038942329585552216
37752,0.1,0,8,0.02385975420475006,4,0.001928921788930893,0.009125376120209694,4,0.0010407045483589172,0.0037534423172473907,0.009520665742456913,0.011769845150411129,0.004850294440984726,0.007058021612465382,0.01150453556329012,0.01150453556329012,0.0,0.0010531784500926733,0.0024921377189457417,0.0,-0.002081833779811859,-0.002523595467209816,0.007196454331278801,0.009125376120209694,0.0022708363831043243,0.0026647690683603287,-0.01279854029417038,-0.01690303534269333,0.0,-0.0009740162640810013,-0.0016534719616174698,0.0027127377688884735,0.0037534423172473907,0.001100221648812294,0.0018249321728944778,-0.0038747284561395645,-0.005475739017128944
38211,0.1,0,6,0.8981796503067017,3,0.01680082082748413,0.04470086097717285,8,0.01823502779006958,0.03167855739593506,0.2503555417060852,0.3243587017059326,0.1356089562177658,0.2031283974647522,0.07952386140823364,0.03130215406417847,0.048221707344055176,0.032720401883125305,0.07782229036092758,0.0,-0.010637283325195312,0.02790004014968872,0.04470086097717285,0.015287160873413086,0.013467967510223389,-0.032706499099731445,-0.05089211463928223,-0.013644814491271973,0.0,0.00827944278717041,-0.005145907402038574,-0.011181533336639404,-0.03095829486846924,-0.00835806131362915,0.008919179439544678,0.013443529605865479,0.03167855739593506
39142,0.1,2,10,0.0033722221851348877,4,2.982374280691147e-05,0.00010907184332609177,6,9.471713565289974e-05,0.00033343094401061535,0.0003040165756829083,0.0005893961642868817,0.00038164498982951045,0.0005362589145079255,0.0004318414721637964,0.00031845620833337307,0.00011338526383042336,0.0001763659529387951,0.0004183333076070994,0.0,-2.8869835659861565e-05,-4.134420305490494e-05,7.92481005191803e-05,0.00010907184332609177,3.2553914934396744e-05,-8.743884973227978e-05,-0.00011476175859570503,-0.00019969604909420013,0.0,-7.603410631418228e-05,-0.0004000652115792036,0.00017894082702696323,0.0002387138083577156,8.649611845612526e-05,0.00033343094401061535,-0.00024720863439142704,-0.00034875934943556786
41302,0.1,0,0,0.08886288851499557,2,0.001669466495513916,0.002334706485271454,8,0.001706048846244812,0.01031801849603653,0.019347358494997025,0.02633546106517315,0.01263495534658432,0.020956113934516907,0.012266017496585846,0.009829051792621613,0.0024369657039642334,0.005060887895524502,0.011611620895564556,0.0,6.61015510559082e-05,0.002334706485271454,-0.0015718191862106323,-0.0015405640006065369,-9.819865226745605e-06,-0.0028418898582458496,0.0006652399897575378,0.0002639889717102051,0.0,0.002172909677028656,-0.004417717456817627,-0.008979469537734985,-0.013236157596111298,-0.0027839168906211853,0.005017928779125214,0.008611969649791718,0.01031801849603653
41789,0.1,0,0,0.04640638455748558,2,0.0005300231277942657,0.0014104507863521576,4,0.0005106516182422638,0.0016194842755794525,0.010317063890397549,0.014357971958816051,0.005772063974291086,0.009116492234170437,0.002984851598739624,0.0024444125592708588,0.0005404390394687653,0.005263724364340305,0.008470626547932625,0.0,-0.0002709329128265381,0.0014104507863521576,0.0003408975899219513,0.0008804276585578918,0.00032279640436172485,-0.0016667470335960388,-0.00046170875430107117,-0.0011496692895889282,0.0,-0.0006550699472427368,0.00037607550621032715,0.0011088326573371887,0.0016194842755794525,0.0007568523287773132,-0.0004753619432449341,-0.0015014223754405975,-0.002301987260580063
42197,0.1,2,0,0.0032414060551673174,2,0.00013729184865951538,0.00043819844722747803,4,0.00011707865633070469,0.0003784056752920151,0.00041445158421993256,0.0006752822664566338,0.0004071904404554516,0.0006617509643547237,0.0007706298492848873,0.0006344811990857124,0.00013614865019917488,0.0001945298135979101,0.0003752062621060759,0.0,-8.091540075838566e-05,0.00043819844722747803,0.00016208854503929615,0.00030090659856796265,8.900277316570282e-05,-0.0005994036328047514,-0.00027337553910911083,-0.0005418071523308754,0.0,-0.00014626095071434975,4.9669528380036354e-05,0.0002613270189613104,0.0003784056752920151,0.00016363337635993958,-9.529176168143749e-05,-0.00036590942181646824,-0.0005641335155814886
42386,0.1,0,0,4.324896335601807,8,0.0,0.01397085189819336,5,0.01656484603881836,0.08482646942138672,0.41157323122024536,0.6247111558914185,0.1513158529996872,0.25672829151153564,0.0987701416015625,0.07780027389526367,0.020969867706298828,0.07161401212215424,0.19510534405708313,0.0,0.006632328033447266,-0.009379863739013672,-0.009379863739013672,-0.009379863739013672,-0.007034778594970703,0.013969898223876953,0.01397085189819336,0.01397085189819336,0.0,-0.06676197052001953,0.06826162338256836,0.06826162338256836,0.06826162338256836,0.08482646942138672,-0.07916927337646484,-0.07916927337646484,-0.07916927337646484
42477,0.1,0,1,0.3194575309753418,4,0.007931828498840332,0.045357972383499146,4,0.01147150993347168,0.047123074531555176,0.08840255439281464,0.1337192803621292,0.07138435542583466,0.10750047862529755,0.09041367471218109,0.09041367471218109,0.0,0.030641824007034302,0.0761091336607933,0.0,-0.007697194814682007,0.006830871105194092,0.037426143884658813,0.045357972383499146,0.009287029504776001,-0.00857129693031311,-0.04408687353134155,-0.04753956198692322,0.0,-0.00996387004852295,-0.0020267069339752197,0.035651564598083496,0.047123074531555176,0.011739075183868408,0.0022753477096557617,-0.04650557041168213,-0.055963873863220215
43364,0.1,2,2,0.00023767507809679955,4,5.720779881812632e-06,1.9784230971708894e-05,2,1.191820774693042e-05,1.6089557902887464e-05,4.80669186799787e-05,6.913330435054377e-05,5.753052028012462e-05,8.612386591266841e-05,3.503981861285865e-05,2.9676506528630853e-05,5.3633120842278e-06,2.0608074919437058e-05,4.03520098188892e-05,0.0,-5.363122909329832e-06,1.4063451089896262e-05,1.2275719200260937e-05,1.9784230971708894e-05,6.316608050838113e-06,-2.0737279555760324e-05,-1.7400263459421694e-05,-2.90797179332003e-05,0.0,5.959009286016226e-07,1.6089557902887464e-05,-5.601483280770481e-06,-9.891969966702163e-06,-1.3109820429235697e-06,-2.860302629414946e-05,2.026077709160745e-06,4.171350155957043e-06
43614,0.1,1,2,0.0004732680681627244,4,7.507012924179435e-06,5.373937892727554e-05,3,1.227302709594369e-05,2.7405534638091922e-05,0.00012721602979581803,0.00017029588343575597,9.36411670409143e-05,0.00014368485426530242,7.959728827700019e-05,7.244755397550762e-05,7.149734301492572e-06,4.655480006476864e-05,0.00010025502706412226,0.0,-3.0264403903856874e-05,3.2410083804279566e-05,4.6232366003096104e-05,5.373937892727554e-05,3.07419104501605e-05,-5.0996168283745646e-05,-7.434867438860238e-05,-8.7573571363464e-05,0.0,-1.5370635082945228e-05,-1.8349412130191922e-05,2.7405534638091922e-05,1.5132507542148232e-05,1.3345212209969759e-05,7.149181328713894e-06,-4.2655825382098556e-05,-3.1575007596984506e-05
43791,0.1,0,2,0.0018529404187574983,4,0.00021212780848145485,0.000530592049472034,4,8.783082012087107e-05,0.0002410999732092023,0.0007351745734922588,0.0007940108771435916,0.0002972813381347805,0.00043473020195961,0.000705613405443728,0.000705613405443728,0.0,5.6922064686659724e-05,0.00014223612379282713,0.0,-0.00013397203292697668,-3.081758040934801e-05,0.00031846424099057913,0.000530592049472034,0.00014708074741065502,1.0828021913766861e-05,-0.0005234127165749669,-0.000984978280030191,0.0,-7.93621875345707e-05,9.400187991559505e-06,0.00015326915308833122,0.0002410999732092023,8.995947428047657e-05,-1.7729122191667557e-05,-0.00021332374308258295,-0.0003501222236081958
45679,0.1,1,0,0.10759695619344711,4,0.004175350069999695,0.014994628727436066,4,0.0019563063979148865,0.010375596582889557,0.016762500628829002,0.03385819122195244,0.01701810024678707,0.02267417684197426,0.02263590693473816,0.02263590693473816,0.0,0.0050229961052536964,0.010865025222301483,0.0,-0.003238007426261902,-0.008668586611747742,0.01081927865743637,0.014994628727436066,0.0037044212222099304,0.008967094123363495,-0.016609065234661102,-0.023982636630535126,0.0,-0.005468480288982391,-0.0016933605074882507,0.00841929018497467,0.010375596582889557,0.005846932530403137,0.0004110485315322876,-0.012478835880756378,-0.015414625406265259
45921,0.1,0,0,0.014689034782350063,4,0.0005745925009250641,0.0019966494292020798,2,0.00013416726142168045,0.0001856209710240364,0.0031867395155131817,0.004712323192507029,0.0016779195284470916,0.0029886832926422358,0.002160627394914627,0.001734199933707714,0.000426427461206913,0.000634506403002888,0.0016326508484780788,0.0,-0.000524488277733326,-0.0005243709310889244,0.0014220569282770157,0.0019966494292020798,0.0005816500633955002,0.000539807602763176,-0.0021835146471858025,-0.0033033443614840508,0.0,4.029273986816406e-05,0.0001856209710240364,-0.00012498162686824799,-0.00026274845004081726,-6.026122719049454e-05,-0.0002538226544857025,5.145370960235596e-05,4.064571112394333e-05
45949,0.1,0,0,0.25602027773857117,4,0.0,0.02983778715133667,5,0.003913477063179016,0.030935123562812805,0.0728088766336441,0.10231868922710419,0.03760751336812973,0.058341674506664276,0.05740422010421753,0.05392514169216156,0.0034790784120559692,0.006570297293365002,0.01630404219031334,0.0,-0.021875351667404175,0.02983778715133667,0.02983778715133667,0.02983778715133667,0.02467547357082367,-0.039106667041778564,-0.039106667041778564,-0.039106667041778564,0.0,-0.02884313464164734,0.02702164649963379,0.027021557092666626,0.02702164649963379,0.030935123562812805,-0.03631007671356201,-0.036310434341430664,-0.036310434341430664
46026,0.1,3,10,0.005118954926729202,4,1.3167504221200943e-05,0.00025170203298330307,4,7.82916322350502e-06,0.00019096536561846733,0.0004688505141530186,0.0008669904200360179,0.0005794606986455619,0.0007424850482493639,0.0004333420656621456,0.0004333420656621456,0.0,0.00015391754277516156,0.0004810538375750184,0.0,-0.00021891295909881592,0.00020792847499251366,0.00022394303232431412,0.00025170203298330307,0.00023853452876210213,-0.0002927822060883045,-0.00030665425583720207,-0.00034815073013305664,0.0,-0.0001845257356762886,8.729379624128342e-05,0.00012204749509692192,0.00019096536561846733,0.0001831362023949623,-0.0001468169502913952,-0.00017586909234523773,-0.00026764580979943275
46393,0.1,0,0,0.020062031224370003,6,0.00045360252261161804,0.0010552853345870972,4,0.0002540498971939087,0.0021093450486660004,0.003199109109118581,0.004836467560380697,0.0017321303021162748,0.003218457568436861,0.0032709483057260513,0.0009834729135036469,0.0022874753922224045,0.0011508808238431811,0.0019071808783337474,0.0,0.00022763386368751526,-0.0009579919278621674,-0.001459568738937378,-0.001940721645951271,-0.00032920390367507935,0.0010552853345870972,0.0005179774016141891,0.0006016828119754791,0.0,-0.0007150471210479736,-2.8032809495925903e-06,0.0018552951514720917,0.0021093450486660004,0.0008222013711929321,-7.512606680393219e-05,-0.0026121996343135834,-0.0028742551803588867
46974,0.1,1,6,0.038533955812454224,4,0.0036182142794132233,0.0054358430206775665,4,0.004767732694745064,0.009309949353337288,0.014322681352496147,0.017604928463697433,0.01186374668031931,0.01503833383321762,0.013435207307338715,0.013435207307338715,0.0,0.001534757437184453,0.00405845558270812,0.0,-0.0008116550743579865,0.0018176287412643433,0.0010836124420166016,0.0054358430206775665,0.0008669570088386536,-0.0032172873616218567,-0.0026152469217777252,-0.009293168783187866,0.0,-0.001449141651391983,-0.002289947122335434,0.004542216658592224,0.009309949353337288,0.0017308741807937622,0.0023523420095443726,-0.005571521818637848,-0.012177105993032455
46979,0.1,0,0,1.1503043174743652,8,0.03872126340866089,0.21720892190933228,8,0.018497228622436523,0.08425092697143555,0.18721914291381836,0.29430633783340454,0.0813363790512085,0.14744742214679718,0.27859926223754883,0.27859926223754883,0.0,0.06484692543745041,0.16550368070602417,0.0,0.03372526168823242,0.025581836700439453,-0.1781526803970337,-0.2557724714279175,-0.040988802909851074,-0.03279006481170654,0.1784876585006714,0.21720892190933228,0.0,0.0161440372467041,0.04403185844421387,-0.06019318103790283,-0.09250283241271973,-0.02059018611907959,-0.05665290355682373,0.06575369834899902,0.08425092697143555
47059,0.1,1,6,1.0132386684417725,4,0.018198668956756592,0.10735023021697998,8,0.024448752403259277,0.17772936820983887,0.46055036783218384,0.49849823117256165,0.24812094867229462,0.31558480858802795,0.26926618814468384,0.07292389869689941,0.19634228944778442,0.041064370423555374,0.11727511882781982,0.0,-0.0286787748336792,0.028615355491638184,0.08915156126022339,0.10735023021697998,0.03463578224182129,-0.033087968826293945,-0.1113060712814331,-0.1336127519607544,0.0,0.04610598087310791,0.04583996534347534,-0.15174901485443115,-0.18796861171722412,-0.059014081954956055,-0.05827903747558594,0.1532806158065796,0.17772936820983887
47224,0.1,0,2,0.0032147890888154507,4,0.0,8.579646237194538e-05,8,0.0,0.00016660871915519238,0.0011008719448000193,0.00132269028108567,0.0008301634225063026,0.0011592553928494453,0.0002546778414398432,6.808992475271225e-05,0.00018658791668713093,0.00020763880456797779,0.0005548284389078617,0.0,-7.283804006874561e-05,8.579646237194538e-05,8.579646237194538e-05,8.579646237194538e-05,7.61707779020071e-05,-0.00012963148765265942,-0.00012963148765265942,-0.00012963148765265942,0.0,0.00014046300202608109,-0.00015529454685747623,-0.00015529454685747623,-0.00015529454685747623,-0.00019271834753453732,0.00016660871915519238,0.00016660871915519238,0.00016660871915519238
49016,0.1,2,2,0.0009563163621351123,6,0.00018926721531897783,0.000225115567445755,2,3.9660721085965633e-05,6.967323133721948e-05,0.00036187790101394057,0.0004135786439292133,0.00016189480083994567,0.00026452791644260287,0.00027383770793676376,0.00014816562179476023,0.00012567208614200354,3.613142325775698e-05,0.00010023146751336753,0.0,3.584835212677717e-05,-0.0002929315669462085,-5.597318522632122e-05,-6.526208017021418e-05,-5.2876886911690235e-05,0.000225115567445755,3.477645805105567e-05,3.0250695999711752e-05,0.0,-1.762592000886798e-05,6.967323133721948e-05,-2.0245788618922234e-06,3.0012510251253843e-05,1.6911712009459734e-05,-0.00010539381764829159,-1.321948366239667e-05,-5.1328795962035656e-05
49506,0.1,3,2,0.0005183068569749594,2,1.0606134310364723e-05,0.00019268010510131717,4,3.312787157483399e-05,0.0001634837535675615,0.0001336389104835689,0.0001535869960207492,0.00010452810965944082,0.00013795265113003552,0.0002938609686680138,0.00028730594203807414,6.555026629939675e-06,1.530140798422508e-05,4.8410522140329704e-05,0.0,-5.32575068064034e-05,0.00019268010510131717,0.00014048480079509318,0.00018207397079095244,5.635837442241609e-05,-0.00045444449642673135,-0.0002701900666579604,-0.00040132744470611215,0.0,-5.290011176839471e-05,-2.7641828637570143e-05,0.00013035588199272752,0.0001634837535675615,5.70732809137553e-05,-4.765868652611971e-06,-0.00021039240527898073,-0.00027388264425098896
49553,0.1,0,6,3.382368326187134,8,0.030381202697753906,0.09700965881347656,8,0.03885936737060547,0.2763957977294922,0.2263471633195877,0.33343979716300964,0.2636678218841553,0.4050416648387909,0.3719296455383301,0.3719296455383301,0.0,0.05129122734069824,0.15145869553089142,0.0,0.015963077545166016,-0.05318331718444824,-0.03716254234313965,-0.0670175552368164,-0.01866888999938965,0.06662845611572266,0.05357193946838379,0.09700965881347656,0.0,0.06690335273742676,0.02926945686340332,-0.2292931079864502,-0.30072641372680664,-0.08312273025512695,-0.03551840782165527,0.23753643035888672,0.2763957977294922
50880,0.1,0,4,0.020897798240184784,8,0.0009761331602931023,0.008330424316227436,2,0.0010000616312026978,0.001350119709968567,0.007860714569687843,0.009528686292469501,0.005042267497628927,0.006169799715280533,0.008862544782459736,0.007887540385127068,0.0009750043973326683,0.0009541535982862115,0.002761371899396181,0.0,0.002004280686378479,0.0010343007743358612,-0.01174800843000412,-0.016834750771522522,-0.0028321631252765656,-0.001417551189661026,0.007354291155934334,0.008330424316227436,0.0,4.902482032775879e-06,0.001350119709968567,-0.0005745664238929749,-0.0004428289830684662,-3.7241727113723755e-05,-0.0018907487392425537,0.00035005807876586914,-5.113333463668823e-05
51075,0.1,3,0,0.32556018233299255,6,0.036841124296188354,0.07023486495018005,7,0.0038870573043823242,0.02114042639732361,0.13386091589927673,0.17183904349803925,0.04854856804013252,0.08084774762392044,0.08185052871704102,0.060916513204574585,0.02093401551246643,0.015313287265598774,0.049119360744953156,0.0,0.012250781059265137,-0.12531796097755432,-0.045032650232315063,-0.06413686275482178,-0.022065073251724243,0.07023486495018005,0.02359023690223694,0.0333937406539917,0.0,0.01005825400352478,-0.042626798152923584,-0.05180707573890686,-0.05875039100646973,-0.023540198802947998,-0.005148202180862427,0.02114042639732361,0.017253369092941284
51102,0.1,0,2,0.0012488907668739557,4,0.00013718631817027926,0.00027685397071763873,6,3.988610114902258e-05,4.250544589012861e-05,0.0002878544619306922,0.0003928756923414767,0.00031370020587928593,0.0005025675054639578,0.00031008158111944795,0.00026768376119434834,4.239781992509961e-05,7.43371929274872e-05,0.00025234839995391667,0.0,-2.6907306164503098e-05,5.238689482212067e-06,0.00013966765254735947,0.00027685397071763873,3.178964834660292e-05,-8.691451512277126e-06,-0.00021738093346357346,-0.0005168271018192172,0.0,2.6193447411060333e-06,-3.797956742346287e-05,-1.726369373500347e-05,-1.4763441868126392e-05,-4.048109985888004e-06,4.250544589012861e-05,-1.3096723705530167e-06,-1.309660729020834e-05
51255,0.1,3,2,0.0017007424030452967,4,3.726535942405462e-05,0.00045673304703086615,2,0.0003441794542595744,0.0005530581111088395,0.0005419186200015247,0.0007175109349191189,0.00040327096940018237,0.00071376544656232,0.0008500692201778293,0.0008268434321507812,2.322578802704811e-05,0.00016525629325769842,0.0004939922946505249,0.0,-0.00013232661876827478,0.0004194676876068115,0.0002848237054422498,0.00045673304703086615,0.00014531775377690792,-0.000824733404442668,-0.00045366957783699036,-0.0008466122671961784,0.0,-6.0453545302152634e-05,0.0005530581111088395,9.068730287253857e-05,0.0002088786568492651,6.533681880682707e-05,-0.0009192612487822771,-0.0001533878967165947,-0.000332806259393692
52029,0.1,0,0,1.869328498840332,6,0.006768345832824707,0.00871133804321289,8,0.0174332857131958,0.05395150184631348,0.29641538858413696,0.3839400112628937,0.18623949587345123,0.239900141954422,0.0629127025604248,0.054790496826171875,0.00812220573425293,0.021412795409560204,0.09110136330127716,0.0,0.0012291669845581055,-0.00616145133972168,-0.0005577802658081055,0.0008616447448730469,-0.0010360479354858398,0.00871133804321289,0.0019429922103881836,0.0008139610290527344,0.0,0.024803876876831055,0.0064078569412231445,-0.030519962310791016,-0.04559040069580078,-0.030701160430908203,-0.008162379264831543,0.036518216133117676,0.05395150184631348
52439,0.1,1,0,0.04677663370966911,8,0.0008066967129707336,0.002962864935398102,2,5.097687244415283e-05,0.0025520771741867065,0.009490760043263435,0.014430487528443336,0.004937720950692892,0.007023172918707132,0.005545061081647873,0.0005482509732246399,0.004996810108423233,0.001353865722194314,0.0038022820372134447,0.0,0.0007122866809368134,-0.0020970404148101807,-0.0021860413253307343,-0.0034093037247657776,-0.0009484365582466125,0.002156168222427368,0.0020683854818344116,0.002962864935398102,0.0,-0.0009951479732990265,0.0025520771741867065,0.0017075352370738983,0.0025011003017425537,0.0011763013899326324,-0.003303743898868561,-0.002216007560491562,-0.003426194190979004
52511,0.1,2,9,0.022706976160407066,6,0.0011154469102621078,0.0029568448662757874,4,0.0006110873073339462,0.0018123295158147812,0.006482989992946386,0.00882241316139698,0.0035693298559635878,0.006309276446700096,0.004547532647848129,0.003916405141353607,0.0006311275064945221,0.0018195532029494643,0.004266602452844381,0.0,-0.00044226087629795074,-0.003614138811826706,0.0013155881315469742,0.0018413979560136795,0.0004790648818016052,0.0029568448662757874,-0.0019000116735696793,-0.0027353614568710327,0.0,-0.0005240272730588913,-0.0024626851081848145,0.0010326653718948364,0.0018123295158147812,0.0005623120814561844,0.001201242208480835,-0.0015344936400651932,-0.003168633207678795
53392,0.1,1,10,0.07925829291343689,7,0.0007285848259925842,0.0020141303539276123,6,0.004834011197090149,0.011007621884346008,0.02354659140110016,0.0292844045907259,0.01480602752417326,0.02376421168446541,0.01286691427230835,0.009668819606304169,0.003198094666004181,0.00270211324095726,0.010341038927435875,0.0,0.00048764050006866455,0.0010867565870285034,-0.001933261752128601,-0.0014515072107315063,-0.000659547746181488,-0.0018917173147201538,0.0020141303539276123,0.001285545527935028,0.0,0.003999486565589905,-0.01193266361951828,-0.006773203611373901,-0.008991308510303497,-0.006125777959823608,0.011007621884346008,0.005515739321708679,0.006173610687255859
53728,0.1,0,0,0.07553020864725113,4,0.0012269020080566406,0.00925406813621521,6,0.0001643449068069458,0.0013190209865570068,0.018749132752418518,0.027595926076173782,0.008586786687374115,0.016661129891872406,0.010330356657505035,0.009635023772716522,0.0006953328847885132,0.003907924052327871,0.007683900184929371,0.0,-0.0036354660987854004,0.006677679717540741,0.00802716612815857,0.00925406813621521,0.0042485520243644714,-0.008464150130748749,-0.010278776288032532,-0.011962108314037323,0.0,0.00033996254205703735,-0.0014025047421455383,-0.0013767853379249573,0.0004051998257637024,-0.0006073266267776489,0.0013190209865570068,0.001154676079750061,-0.0010227188467979431
54086,0.1,0,8,0.001493292162194848,8,2.0116916857659817e-05,4.2257015593349934e-05,4,0.00011465279385447502,0.0002808345016092062,0.0002696103765629232,0.00038372373091988266,0.00029111382900737226,0.0004269675409886986,0.0003065528580918908,0.00020511215552687645,0.00010144070256501436,9.418566332897171e-05,0.0002357612393097952,0.0,5.9516169130802155e-06,-1.1069816537201405e-05,-3.0114431865513325e-05,-8.569890633225441e-05,-8.094124495983124e-06,1.1784257367253304e-05,2.2140098735690117e-05,4.2257015593349934e-05,0.0,-5.4157804697752e-05,-8.91505042091012e-05,0.00016618170775473118,0.0002808345016092062,6.296962965279818e-05,9.951519314199686e-05,-0.00022994226310402155,-0.00041366752702742815
54194,0.1,0,8,0.0013565156841650605,8,1.666706521064043e-05,3.2619573175907135e-05,4,8.417991921305656e-05,0.00019871036056429148,0.000206642784178257,0.000353395938873291,0.0002872933982871473,0.00037763098953291774,0.00022955029271543026,0.00013584259431809187,9.370769839733839e-05,5.272294583846815e-05,0.0001980404631467536,0.0,4.761852324008942e-06,-1.0952353477478027e-05,-2.8570997528731823e-05,-8.285371586680412e-05,-7.738126441836357e-06,1.1071446351706982e-05,1.5952507965266705e-05,3.2619573175907135e-05,0.0,-4.2261090129613876e-05,-7.464014925062656e-05,0.00011453044135123491,0.00019871036056429148,4.3215230107307434e-05,7.0359674282372e-05,-0.0001797458389773965,-0.0003187588881701231
54663,0.1,0,0,2.1436407566070557,8,0.025879859924316406,0.042983293533325195,4,0.022275447845458984,0.05531668663024902,0.21159906685352325,0.2678210437297821,0.09721557796001434,0.16174916923046112,0.09694409370422363,0.028309106826782227,0.0686349868774414,0.03717318922281265,0.10050766170024872,0.0,0.004527091979980469,0.009344339370727539,-0.018763303756713867,-0.04698967933654785,-0.005803823471069336,-0.008208513259887695,0.01710343360900879,0.042983293533325195,0.0,-0.014500617980957031,0.02120685577392578,0.03304123878479004,0.05531668663024902,0.017931699752807617,-0.024899721145629883,-0.036945343017578125,-0.057991743087768555
54703,0.1,2,11,0.2139563113451004,8,0.008725360035896301,0.044131800532341,8,0.0015436559915542603,0.027531608939170837,0.03945887088775635,0.04903055727481842,0.02494826912879944,0.0370921790599823,0.06193080544471741,0.06193080544471741,0.0,0.005125625524669886,0.011850531212985516,0.0,0.00962628424167633,-0.0614229291677475,-0.03346359729766846,-0.07294665277004242,-0.015311643481254578,0.0354064404964447,0.02669854462146759,0.044131800532341,0.0,0.009792372584342957,-0.04220689833164215,-0.018263623118400574,-0.03636784851551056,-0.014256402850151062,0.025987952947616577,0.017148926854133606,0.027531608939170837
54721,0.1,2,11,0.3878227174282074,8,0.023068785667419434,0.1111505925655365,6,0.03446924686431885,0.06914958357810974,0.08187820017337799,0.1111505925655365,0.06569190323352814,0.0833781287074089,0.14925067126750946,0.1327364146709442,0.016514256596565247,0.013356640934944153,0.04182431101799011,0.0,0.02480146288871765,-0.14167889952659607,-0.06942099332809448,-0.15106984972953796,-0.03295603394508362,0.08808180689811707,0.06786704063415527,0.1111505925655365,0.0,0.008031696081161499,-0.08060088753700256,-0.006770104169845581,-0.03559756278991699,-0.009966760873794556,0.06914958357810974,0.008221715688705444,0.034680336713790894
55286,0.1,0,6,3.93412184715271,8,0.10752534866333008,0.2595970630645752,6,0.020203351974487305,0.06835675239562988,0.34466561675071716,0.45260775089263916,0.23586826026439667,0.32232895493507385,0.33115220069885254,0.3119490146636963,0.01920318603515625,0.09469988197088242,0.22144433856010437,0.0,0.03648781776428223,-0.10445857048034668,-0.12557578086853027,-0.22234368324279785,-0.0445096492767334,0.12834620475769043,0.15207171440124512,0.2595970630645752,0.0,0.008817672729492188,-0.053023338317871094,-0.00655817985534668,-0.0328364372253418,-0.010007143020629883,0.06835675239562988,0.013266801834106445,0.04815340042114258
55482,0.1,0,0,1.7334578037261963,4,0.10028183460235596,0.13612961769104004,4,0.10862445831298828,0.12221813201904297,0.6413772106170654,0.7264848947525024,0.47846707701683044,0.522318959236145,0.2540929317474365,0.2540929317474365,0.0,0.047823674976825714,0.1428171843290329,0.0,-0.006146907806396484,-0.029833078384399414,0.01614069938659668,0.13612961769104004,0.00746309757232666,0.03584778308868408,-0.021198034286499023,-0.16544413566589355,0.0,-0.01062309741973877,0.002704620361328125,0.006280183792114258,0.12221813201904297,0.013593673706054688,-0.0020726919174194336,-0.0031772851943969727,-0.11838424205780029
55567,0.1,0,0,0.023832516744732857,4,0.0003043338656425476,0.000726727768778801,4,0.00047008879482746124,0.00407981313765049,0.005824364721775055,0.008013843558728695,0.004553790669888258,0.00572166359052062,0.004564389586448669,0.004564389586448669,0.0,0.0005493467324413359,0.0012363375863060355,0.0,-0.0001564323902130127,-0.0003023669123649597,0.00042239390313625336,0.000726727768778801,0.00017496757209300995,0.0003573000431060791,-0.0006601307541131973,-0.0012260079383850098,0.0,-0.0019090287387371063,-0.001800859346985817,0.0036097243428230286,0.00407981313765049,0.0020057503134012222,0.0019335560500621796,-0.0054892003536224365,-0.006133800372481346
56054,0.1,0,6,0.013094858266413212,4,0.0002656737342476845,0.0014639189466834068,3,0.00011694058775901794,0.0019660042598843575,0.0033038363326340914,0.0038496344350278378,0.0032419939525425434,0.00402285810559988,0.003107004798948765,0.0030167195945978165,9.028520435094833e-05,0.0005140730063430965,0.001437433180399239,0.0,-0.0005342615768313408,0.0008716406300663948,0.0011982452124357224,0.0014639189466834068,0.0006031813099980354,-0.001224779523909092,-0.0017694281414151192,-0.002274571917951107,0.0,-0.0010680034756660461,0.0016780402511358261,0.0019660042598843575,0.0018490636721253395,0.0011791624128818512,-0.0024597980082035065,-0.0027252519503235817,-0.0029295170679688454
56365,0.1,0,1,1.0545413494110107,4,0.12992292642593384,0.5408239364624023,4,0.08229726552963257,0.2777522802352905,0.32767200469970703,0.4542865455150604,0.2698785662651062,0.4213949143886566,0.6994502544403076,0.6994502544403076,0.0,0.10843618959188461,0.288942813873291,0.0,-0.06950998306274414,0.04063105583190918,0.4109010100364685,0.5408239364624023,0.08224153518676758,-0.051525115966796875,-0.5823228359222412,-0.7056108713150024,0.0,-0.03903937339782715,0.0034831762313842773,0.19545501470565796,0.2777522802352905,0.0475621223449707,-0.003918647766113281,-0.21367228031158447,-0.25238513946533203
56420,0.1,2,1,0.003405368886888027,4,5.227746441960335e-06,6.831460632383823e-05,4,9.626150131225586e-06,0.0003207034897059202,0.0007551191374659538,0.0011616690317168832,0.0009370871121063828,0.0012936320854350924,0.0003833351656794548,0.0003833351656794548,0.0,0.00019379025616217405,0.0005309067200869322,0.0,-5.179736763238907e-05,-4.752306267619133e-06,6.30868598818779e-05,6.831460632383823e-05,4.1700899600982666e-05,-4.918384365737438e-05,-0.00014516804367303848,-0.00016167922876775265,0.0,-0.00029684719629585743,0.0002558177802711725,0.0002968164626508951,0.0003207034897059202,0.00031107733957469463,-0.00035979272797703743,-0.00042677181772887707,-0.00046762218698859215
57020,0.1,3,2,0.11039428412914276,6,0.0019359961152076721,0.0029997825622558594,4,0.009605549275875092,0.023936621844768524,0.021496733650565147,0.0326954610645771,0.027071911841630936,0.036707088351249695,0.026249662041664124,0.024479396641254425,0.0017702654004096985,0.003886338323354721,0.015560774132609367,0.0,-0.00034368038177490234,-0.010224029421806335,0.0010637864470481873,0.0006401687860488892,0.00032819807529449463,0.0029997825622558594,-0.0015320777893066406,-0.0029514357447624207,0.0,-0.005684249103069305,0.014331072568893433,0.010979577898979187,0.023936621844768524,0.007016122341156006,-0.00938829779624939,-0.013013988733291626,-0.023929893970489502
57529,0.1,0,9,2.4390146732330322,2,0.008615970611572266,0.08835864067077637,4,0.03080439567565918,0.13281846046447754,0.43045392632484436,0.5127151608467102,0.22753652930259705,0.3221212923526764,0.21973776817321777,0.21170735359191895,0.008030414581298828,0.04100194573402405,0.16444462537765503,0.0,-0.027008533477783203,0.08835864067077637,0.057976722717285156,0.0797426700592041,0.03379678726196289,-0.10720252990722656,-0.06322836875915527,-0.0820927619934082,0.0,-0.05537152290344238,0.003182649612426758,0.10201406478881836,0.13281846046447754,0.06774640083312988,-0.003408670425415039,-0.12122416496276855,-0.1536998748779297
57820,0.1,3,2,0.00028832571115344763,4,2.1452142391353846e-06,3.479968290776014e-05,3,3.2178068067878485e-06,3.01517138723284e-05,7.38316957722418e-05,0.00010172097972827032,5.3999781812308356e-05,8.775831520324573e-05,6.137698073871434e-05,5.958924884907901e-05,1.7877318896353245e-06,3.195383760612458e-05,6.858025153633207e-05,0.0,-1.2036587577313185e-05,2.8959941118955612e-05,3.265446866862476e-05,3.479968290776014e-05,1.3466866221278906e-05,-4.707297193817794e-05,-5.112471990287304e-05,-5.6725635658949614e-05,0.0,-1.012982102110982e-05,-9.89146064966917e-06,3.01517138723284e-05,2.6933907065540552e-05,1.1679221643134952e-05,8.103932486847043e-06,-4.397457814775407e-05,-4.016113234683871e-05
58003,0.1,0,0,0.1035090908408165,4,0.005596756935119629,0.014059998095035553,4,0.004587873816490173,0.012467660009860992,0.01957237720489502,0.02975093200802803,0.014238608069717884,0.02121572569012642,0.02494680881500244,0.02494680881500244,0.0,0.009960207156836987,0.022641759365797043,0.0,-0.0025726184248924255,0.0015349090099334717,0.008463241159915924,0.014059998095035553,0.003070130944252014,-0.001937083899974823,-0.010718479752540588,-0.017884813249111176,0.0,-0.0031903907656669617,-0.0032251104712486267,0.007879786193370819,0.012467660009860992,0.003725774586200714,0.0037544742226600647,-0.010440357029438019,-0.016754448413848877
58100,0.1,2,2,0.0007819455349817872,6,6.719247903674841e-05,0.00019763311138376594,4,1.0364456102252007e-05,0.0001369928941130638,0.00030883881845511496,0.00035781136830337346,0.0001695887476671487,0.00021636803285218775,0.0003037921851500869,6.122753256931901e-05,0.00024256465258076787,3.7298003007890657e-05,0.00010707365436246619,0.0,6.99235824868083e-05,-0.0002672608243301511,-0.00016234209761023521,-0.0001500750659033656,-0.00010434031719341874,0.00019763311138376594,0.00013044063234701753,0.00011781277135014534,0.0,-0.00012303941184654832,0.0001179318642243743,0.0001266284380108118,0.0001369928941130638,0.0001234118826687336,-0.000174609012901783,-0.00018985307542607188,-0.00020938424859195948
58419,0.1,0,2,0.0001858300092862919,4,1.191909541375935e-05,3.802141873165965e-05,4,6.674570613540709e-06,1.740147126838565e-05,5.3844247304368764e-05,6.0560807469300926e-05,2.9987955713295378e-05,4.044100933242589e-05,5.208613583818078e-05,5.208613583818078e-05,0.0,3.629507318692049e-06,1.1710924809449352e-05,0.0,-1.2276199413463473e-05,5.12505357619375e-06,2.61023233179003e-05,3.802141873165965e-05,1.3587414287030697e-05,-7.627953891642392e-06,-4.219135735183954e-05,-6.650421710219234e-05,0.0,-6.436093826778233e-06,3.6948040360584855e-06,1.072690065484494e-05,1.740147126838565e-05,7.389622624032199e-06,-5.005858838558197e-06,-1.4540724805556238e-05,-2.4909808416850865e-05
59403,0.1,3,4,0.12025412917137146,7,0.000606924295425415,0.023167558014392853,2,0.0069965943694114685,0.008566342294216156,0.045816827565431595,0.05380630865693092,0.040050942450761795,0.04926057159900665,0.03653370589017868,0.016988202929496765,0.019545502960681915,0.005953335203230381,0.014840004034340382,0.0,0.012642189860343933,-0.049613431096076965,-0.043030887842178345,-0.049136847257614136,-0.02204817533493042,0.01910555362701416,0.023167558014392853,0.022560633718967438,0.0,-0.004242122173309326,0.008566342294216156,9.545683860778809e-05,0.00041856616735458374,0.0015697479248046875,-0.02546323835849762,-0.005116090178489685,-0.009964004158973694
59934,0.1,0,0,1.6404051780700684,8,0.05911827087402344,0.1739490032196045,8,0.011659383773803711,0.023115158081054688,0.23191770911216736,0.3643098473548889,0.14242097735404968,0.18694467842578888,0.1970078945159912,0.1970078945159912,0.0,0.04729607701301575,0.12166948616504669,0.0,0.02669239044189453,0.012109041213989258,-0.10139894485473633,-0.16219687461853027,-0.033016204833984375,-0.014774680137634277,0.11483073234558105,0.1739490032196045,0.0,0.004241943359375,-0.004503130912780762,-0.008604168891906738,-0.02081906795501709,-0.005000472068786621,0.005966305732727051,0.011455774307250977,0.023115158081054688
60012,0.1,0,0,0.041234202682971954,8,4.818663001060486e-05,0.0006033815443515778,4,1.833215355873108e-05,0.0016417540609836578,0.009789321571588516,0.016036881133913994,0.004529907368123531,0.008213348686695099,0.0024696066975593567,0.002143632620573044,0.00032597407698631287,0.001947240554727614,0.004705346655100584,0.0,0.00023522228002548218,-0.0005466528236865997,-0.000684984028339386,-0.001150023192167282,-0.00031979382038116455,0.0005551949143409729,0.00048331543803215027,0.0006033815443515778,0.0,-0.0005643740296363831,-0.0014067403972148895,0.0012263655662536621,0.0016417540609836578,0.0006584376096725464,0.0016234219074249268,-0.001601487398147583,-0.002334907650947571
60312,0.1,2,2,0.001522692502476275,3,4.404573701322079e-06,0.00012177298776805401,4,4.309508949518204e-05,0.00018284365069121122,0.0005245215143077075,0.000584562192671001,0.0003643303061835468,0.0004920396022498608,0.00029487558640539646,0.0002905894070863724,4.286179319024086e-06,5.6215514632640406e-05,0.00012942308967467397,0.0,-4.5705586671829224e-05,1.3093231245875359e-05,0.00012177298776805401,0.00011736841406673193,4.7493260353803635e-05,-9.17662400752306e-05,-0.00018554728012531996,-0.00018876045942306519,0.0,-6.748654413968325e-05,-5.9988233260810375e-05,0.00013974856119602919,0.00018284365069121122,7.475237362086773e-05,4.785042256116867e-05,-0.00019054545555263758,-0.0002467143349349499
61585,0.1,0,0,0.005787046160548925,4,0.00012602843344211578,0.0003805262967944145,4,0.00019674235954880714,0.0006842212751507759,0.001155695179477334,0.0016283468576148152,0.0009680724469944835,0.001258867559954524,0.0009831441566348076,0.0009831441566348076,0.0,0.00034477183362469077,0.000873720389790833,0.0,-9.481282904744148e-05,0.00010513421148061752,0.00025449786335229874,0.0003805262967944145,0.00010537123307585716,-0.00014778506010770798,-0.00044186878949403763,-0.0007274569943547249,0.0,-0.00021841097623109818,-0.00012183282524347305,0.00048747891560196877,0.0006842212751507759,0.00024015316739678383,0.00013512372970581055,-0.000735865905880928,-0.0010677818208932877
62493,0.1,3,10,0.002938360208645463,4,3.1150178983807564e-05,0.00030123558826744556,4,9.335251525044441e-05,0.0005590338259935379,0.00019575988699216396,0.00032271412783302367,0.0003459339204709977,0.0005186056951060891,0.000796319218352437,0.000796319218352437,0.0,0.00012801984848920256,0.000262417655903846,0.0,-9.282492101192474e-05,0.000270085409283638,0.00021492131054401398,0.00030123558826744556,0.00010091695003211498,-0.00045821722596883774,-0.00033465237356722355,-0.0005258149467408657,0.0,-0.0002485043369233608,0.0004656813107430935,0.00039433478377759457,0.0005590338259935379,0.0002641407772898674,-0.0005576522089540958,-0.0005774903111159801,-0.0008105309680104256
62723,0.1,3,2,0.00017963226127903908,4,3.337379894219339e-06,3.7306497688405216e-05,4,6.436355761252344e-06,3.4684271668083966e-05,2.94696419587126e-05,3.531002585077658e-05,3.3021562558133155e-05,4.261057256371714e-05,6.293317710515112e-05,6.293317710515112e-05,0.0,5.965664513496449e-06,1.7783610019250773e-05,0.0,-1.3229771866463125e-05,3.396911779418588e-05,1.9904575310647488e-05,3.7306497688405216e-05,1.442183565814048e-05,-6.567036325577646e-05,-2.943897561635822e-05,-6.769642641302198e-05,0.0,-1.9308252376504242e-05,2.4672190193086863e-05,2.8247915906831622e-05,3.4684271668083966e-05,2.0142950234003365e-05,-4.290671495255083e-05,-4.1953258914873004e-05,-5.434820195659995e-05
62753,0.1,3,4,0.012868340127170086,2,0.0016063787043094635,0.0033565927296876907,2,0.00015980377793312073,0.0007354496046900749,0.005337121896445751,0.007111540995538235,0.003459339262917638,0.00451882928609848,0.0038707302883267403,0.0038707302883267403,0.0,0.0005976687534712255,0.0015354730421677232,0.0,-0.0017526764422655106,0.0033565927296876907,0.001692330464720726,0.0011271173134446144,0.0017502140253782272,-0.00521512608975172,-0.0025712875649333,-0.0018291529268026352,0.0,-0.0006094230338931084,0.0007354496046900749,0.00041351374238729477,0.00035511888563632965,0.0005756458267569542,-0.001028156839311123,-0.0006572902202606201,-0.0006010718643665314
62941,0.1,3,6,0.0019500303314998746,3,2.8914189897477627e-05,0.00010958383791148663,2,2.2369902580976486e-05,0.00011279655154794455,0.0003969490935560316,0.0005266537191346288,0.00038972432957962155,0.0005006148130632937,0.00021525262854993343,0.00018395541701465845,3.129721153527498e-05,4.9015907279681414e-05,0.00013294251402840018,0.0,-5.7583325542509556e-05,4.3784501031041145e-05,0.00010958383791148663,8.0669648014009e-05,6.270280573517084e-05,-7.614248897880316e-05,-0.0001571563770994544,-0.00012705952394753695,0.0,-9.672378655523062e-05,0.00011279655154794455,7.888488471508026e-05,9.042664896696806e-05,7.8646931797266e-05,-0.0002437542425468564,-0.000149067142046988,-0.00017963920254260302
62978,0.1,0,0,0.11288059502840042,4,0.0022748857736587524,0.004395961761474609,6,0.0010230466723442078,0.004207633435726166,0.03767165169119835,0.05045471340417862,0.018167713657021523,0.02683759108185768,0.00834713876247406,0.006059184670448303,0.002287954092025757,0.004306883551180363,0.011886761523783207,0.0,-0.0008903443813323975,-0.0018734410405158997,0.002121075987815857,0.004395961761474609,0.0009431540966033936,0.0019258186221122742,-0.004429943859577179,-0.008627325296401978,0.0,0.0012240409851074219,-0.003623485565185547,-0.00257042795419693,-0.004062533378601074,-0.0015984401106834412,0.004207633435726166,0.002402082085609436,0.003184586763381958
63364,0.1,3,2,0.00018726025882642716,4,5.482783308252692e-06,3.4326440072618425e-05,4,4.052533768117428e-06,4.588803858496249e-05,3.27590896631591e-05,4.448752588359639e-05,4.0643637476023287e-05,5.87430149607826e-05,7.127634307835251e-05,7.127634307835251e-05,0.0,4.690311925514834e-06,1.1430731319705956e-05,0.0,-1.1918629752472043e-05,2.8843656764365733e-05,1.8593345885165036e-05,3.4326440072618425e-05,1.3110649888403714e-05,-5.649302329402417e-05,-2.7412621420808136e-05,-6.269039295148104e-05,0.0,-2.7412621420808136e-05,4.183550481684506e-05,3.885570913553238e-05,4.588803858496249e-05,2.741337812040001e-05,-7.222469139378518e-05,-6.042596942279488e-05,-7.222469139378518e-05
64411,0.1,0,6,0.03300607576966286,4,0.0043572839349508286,0.019403062760829926,6,3.7983059883117676e-05,0.001019306480884552,0.01542712189257145,0.017578765749931335,0.005091868806630373,0.007709291763603687,0.019796859472990036,0.018518993631005287,0.0012778658419847488,0.0019144758116453886,0.004211114719510078,0.0,-0.0046665482223033905,0.001322772353887558,0.015045778825879097,0.019403062760829926,0.004946179687976837,-0.0017261691391468048,-0.03289737179875374,-0.048602838069200516,0.0,0.00020128488540649414,-0.0009551271796226501,-0.0008778050541877747,-0.0021812133491039276,-0.00030779093503952026,0.001019306480884552,0.00044184550642967224,0.0009813234210014343
64676,0.1,0,6,0.043545372784137726,6,0.00029011070728302,0.001693177968263626,4,0.0010771676898002625,0.006394658237695694,0.010415027849376202,0.012938580475747585,0.012098214589059353,0.015543053857982159,0.0077102333307266235,0.007499322295188904,0.00021091103553771973,0.0013647397281602025,0.004153240472078323,0.0,-0.00024877116084098816,-0.001692023128271103,0.0007248744368553162,0.001403067260980606,0.00021230429410934448,0.001693177968263626,-0.001813698559999466,-0.003687683492898941,0.0,-0.0022720210254192352,0.0034553036093711853,0.0053174905478954315,0.006394658237695694,0.0026872530579566956,-0.004267547279596329,-0.006481032818555832,-0.007144838571548462
64752,0.1,3,2,7.414542778860778e-05,4,5.960100679658353e-07,1.4900164387654513e-05,2,8.940078259911388e-06,9.655283065512776e-06,1.7564343579579145e-05,2.1790079699712805e-05,9.869856512523256e-06,1.7248454241780564e-05,2.2767544578528032e-05,2.2648338926956058e-05,1.1920565157197416e-07,6.776689588150475e-06,1.2474588402255904e-05,0.0,-6.317604857031256e-06,1.4304154319688678e-05,1.1204901966266334e-05,1.4900164387654513e-05,6.079237209632993e-06,-3.4925120417028666e-05,-2.1098261640872806e-05,-3.07532463921234e-05,0.0,-1.4304023352451622e-06,9.655283065512776e-06,2.3839675122871995e-07,7.152048056013882e-07,7.152048056013882e-07,-1.5972735127434134e-05,-2.8608046704903245e-06,-5.006404535379261e-06
65464,0.1,0,2,5.709961988031864e-05,4,3.576060407795012e-07,1.549633452668786e-06,4,2.384069375693798e-06,8.701819751877338e-06,8.397852980124298e-06,1.1717673260136507e-05,9.94750462268712e-06,1.6914975276449695e-05,9.655446774559096e-06,9.655446774559096e-06,0.0,4.070826889801538e-06,1.0525771358516067e-05,0.0,-3.576060407795012e-07,8.344177331309766e-07,1.1920274118892848e-06,1.549633452668786e-06,7.152157195378095e-07,-5.960100679658353e-07,-2.0264415070414543e-06,-3.456865670159459e-06,0.0,-2.980057615786791e-06,-2.1456435206346214e-06,6.31775037618354e-06,8.701819751877338e-06,3.6952842492610216e-06,2.622458850964904e-06,-8.940143743529916e-06,-1.3469791156239808e-05
65798,0.1,0,0,0.09506351500749588,8,0.001193113625049591,0.00521465390920639,2,0.00018431991338729858,0.0002932623028755188,0.015407050959765911,0.023395612835884094,0.012630529701709747,0.016371186822652817,0.005490705370903015,0.004172727465629578,0.0013179779052734375,0.005382271017879248,0.011654320172965527,0.0,0.0007569119334220886,-0.001209646463394165,-0.004353024065494537,-0.007463954389095306,-0.000966884195804596,0.0014435052871704102,0.004021540284156799,0.00521465390920639,0.0,-2.8073787689208984e-05,0.0002932623028755188,-0.00011002272367477417,0.00010894238948822021,2.3953616619110107e-05,-0.00039677321910858154,3.5762786865234375e-06,-0.0013711750507354736
65816,0.1,0,6,0.01822218857705593,2,0.0,1.1734664440155029e-07,8,0.0,1.1734664440155029e-07,0.003720289096236229,0.005962484050542116,0.004447517916560173,0.006108386442065239,1.1734664440155029e-07,1.1734664440155029e-07,0.0,0.0010735162068158388,0.002394375391304493,0.0,0.0,1.1734664440155029e-07,1.1734664440155029e-07,0.0,0.0,0.0,0.0,0.0,0.0,1.1734664440155029e-07,1.1734664440155029e-07,1.1734664440155029e-07,1.1734664440155029e-07,0.0,0.0,1.1734664440155029e-07,1.1734664440155029e-07
65870,0.1,0,4,0.0035387768875807524,4,0.00011668913066387177,0.0003935038112103939,6,0.0002464789431542158,0.0005789033602923155,0.0014114908408373594,0.0016735217068344355,0.001009897910989821,0.00141887366771698,0.0009042678866535425,0.0006529539823532104,0.00025131390430033207,0.00032365057268179953,0.0006236570770852268,0.0,-0.00010642874985933304,7.00873788446188e-05,0.00027681468054652214,0.0003935038112103939,0.00011903280392289162,-0.0001225820742547512,-0.00044986861757934093,-0.0006695038173347712,0.0,-7.5190095230937e-05,-0.0005910343024879694,0.0002978462725877762,0.00033242441713809967,8.113542571663857e-05,0.0005789033602923155,-0.0004446443635970354,-0.0005387968849390745
66141,0.1,3,2,1.7138407230377197,2,0.03379356861114502,0.05361747741699219,8,0.01704585552215576,0.03252863883972168,0.23690155148506165,0.29557153582572937,0.22398939728736877,0.3109671473503113,0.08571410179138184,0.06891393661499023,0.0168001651763916,0.037055205553770065,0.10756674408912659,0.0,-0.004085063934326172,0.05361747741699219,0.014191746711730957,-0.005515098571777344,0.006569385528564453,-0.05443549156188965,-0.006520628929138184,0.019823908805847168,0.0,0.006168842315673828,0.015482783317565918,-0.010375022888183594,-0.03580951690673828,-0.010357022285461426,-0.024322152137756348,0.005031943321228027,0.03252863883972168
66449,0.1,0,0,0.5820367932319641,4,0.02695399522781372,0.06491762399673462,4,0.024245232343673706,0.08872303366661072,0.10726164281368256,0.16811184585094452,0.07015601545572281,0.09487494081258774,0.14734381437301636,0.14734381437301636,0.0,0.014149082824587822,0.04439922049641609,0.0,-0.010879218578338623,-0.006998240947723389,0.0379636287689209,0.06491762399673462,0.013115108013153076,0.008403897285461426,-0.04811406135559082,-0.08079719543457031,0.0,-0.028546512126922607,-0.0021584630012512207,0.06447780132293701,0.08872303366661072,0.033598244190216064,0.0022278428077697754,-0.07547706365585327,-0.0988844633102417
66711,0.1,2,10,0.02323729358613491,4,0.0004577822983264923,0.0008502509444952011,4,0.0016137734055519104,0.004752114415168762,0.0035189606714993715,0.00495062256231904,0.0037697795778512955,0.00524268951267004,0.0054238345474004745,0.0054238345474004745,0.0,0.0014181664446368814,0.0033538881689310074,0.0,-0.00019413791596889496,-4.0763989090919495e-05,0.0003924686461687088,0.0008502509444952011,0.0002054758369922638,-0.0005394648760557175,-0.0007508397102355957,-0.0016856621950864792,0.0,-0.001464134082198143,0.0017260760068893433,0.003138341009616852,0.004752114415168762,0.0016976092010736465,-0.0023677311837673187,-0.004051614552736282,-0.006170894950628281
67349,0.1,0,2,0.5342031717300415,4,0.032220274209976196,0.09053561091423035,8,0.0399986207485199,0.071429044008255,0.1656191349029541,0.21689832210540771,0.14484703540802002,0.19181372225284576,0.15471559762954712,0.05217704176902771,0.10253855586051941,0.024199262261390686,0.08534473180770874,0.0,-0.013379395008087158,0.020803451538085938,0.05831533670425415,0.09053561091423035,0.015407979488372803,-0.028140544891357422,-0.08346724510192871,-0.13609427213668823,0.0,0.003865361213684082,0.03143042325973511,-0.01283872127532959,-0.04007941484451294,-0.004178762435913086,-0.027341842651367188,0.02581876516342163,0.071429044008255
68167,0.1,1,2,0.000164018536452204,3,1.1919473763555288e-07,2.1811967599205673e-05,4,4.7676439862698317e-07,1.1919037206098437e-06,4.2605290218489245e-05,4.975104093318805e-05,2.2896634618518874e-05,3.218770871171728e-05,2.252712147310376e-05,2.252712147310376e-05,0.0,7.15178521204507e-06,1.432748649676796e-05,0.0,-5.12514088768512e-06,2.014327037613839e-05,2.1811967599205673e-05,2.169277286157012e-05,5.95950405113399e-06,-3.730568278115243e-05,-4.421841003932059e-05,-5.2322924602776766e-05,0.0,-5.959445843473077e-07,-9.53514245338738e-07,2.3838947527110577e-07,1.1919037206098437e-06,7.151393219828606e-07,-1.907028490677476e-06,-4.5291963033378124e-06,-9.296752978116274e-06
68237,0.1,0,0,1.3888332843780518,8,3.5762786865234375e-07,0.09587037563323975,5,0.006250262260437012,0.029507160186767578,0.26477596163749695,0.386040598154068,0.1038016527891159,0.20133531093597412,0.12408292293548584,0.06911802291870117,0.05496490001678467,0.04666828364133835,0.137916699051857,0.0,0.055846214294433594,-0.08300161361694336,-0.08300161361694336,-0.08300161361694336,-0.07020902633666992,0.0958700180053711,0.0958700180053711,0.09587037563323975,0.0,-0.023877382278442383,0.023256897926330566,0.023256897926330566,0.023256540298461914,0.029507160186767578,-0.027878642082214355,-0.027878522872924805,-0.027878284454345703
68581,0.1,0,2,0.0033141232561320066,4,0.00021939468570053577,0.0003940677270293236,4,0.00014031678438186646,0.0008916277438402176,0.0010498706251382828,0.0013176575303077698,0.0008873551269061863,0.0012485252227634192,0.0011787437833845615,0.0011787437833845615,0.0,0.00023428974964190274,0.0006757551454938948,0.0,-5.0257425755262375e-05,-0.00012332224287092686,0.0001746730413287878,0.0003940677270293236,5.92903234064579e-05,0.0001416373997926712,-0.0002389082219451666,-0.0006098097655922174,0.0,-0.0003289442975074053,0.0005862854886800051,0.0007513109594583511,0.0008916277438402176,0.0003611436113715172,-0.0008966501336544752,-0.0011583680752664804,-0.0013472845312207937
68960,0.1,0,1,0.1347937136888504,3,0.004869282245635986,0.0240568146109581,4,0.0011219903826713562,0.014691174030303955,0.04361207038164139,0.05623951181769371,0.04505643621087074,0.061800118535757065,0.03627251833677292,0.03540588170289993,0.0008666366338729858,0.007155313156545162,0.019232703372836113,0.0,-0.004011690616607666,0.007468745112419128,0.0240568146109581,0.019187532365322113,0.004740417003631592,-0.008941888809204102,-0.03472355008125305,-0.024229928851127625,0.0,-0.0032474249601364136,0.007156640291213989,0.013569183647632599,0.014691174030303955,0.003871813416481018,-0.009696364402770996,-0.01457938551902771,-0.013147562742233276
69021,0.1,0,6,0.01765289530158043,4,0.000813961960375309,0.0020803986117243767,4,0.0003810543566942215,0.00186258926987648,0.004019513726234436,0.005489721428602934,0.003010699525475502,0.005024075973778963,0.0037251273170113564,0.0037251273170113564,0.0,0.0006953576812520623,0.0016887807287275791,0.0,-0.0006480682641267776,0.0009783413261175156,0.0012664366513490677,0.0020803986117243767,0.0007508080452680588,-0.001318877562880516,-0.0017275996506214142,-0.002998894080519676,0.0,-0.0008635297417640686,0.00012720376253128052,0.0014815349131822586,0.00186258926987648,0.0009872503578662872,-0.00017625652253627777,-0.001991456374526024,-0.0025543589144945145
69374,0.1,3,2,0.00013457823661156,4,5.959736881777644e-07,1.454168523196131e-05,4,5.3637922974303365e-06,2.0859042706433684e-05,1.883868026197888e-05,2.251586556667462e-05,2.2855601855553687e-05,3.808297333307564e-05,3.313627530587837e-05,3.313627530587837e-05,0.0,4.875175818597199e-06,1.1448911209299695e-05,0.0,-8.701070328243077e-06,1.2276985216885805e-05,1.3945711543783545e-05,1.454168523196131e-05,9.535506251268089e-06,-2.014344499912113e-05,-2.0501029212027788e-05,-2.2169697331264615e-05,0.0,-1.1561671271920204e-05,1.168101152870804e-05,1.5495250409003347e-05,2.0859042706433684e-05,1.2515374692156911e-05,-1.97858753381297e-05,-2.1692932932637632e-05,-3.0274619348347187e-05
69461,0.1,2,2,0.0005545270396396518,4,1.465546665713191e-05,6.517342990264297e-05,4,4.6351138735190034e-05,0.00011867366265505552,0.00010361841123085469,0.00013453363499138504,0.00014386416296474636,0.00019232752674724907,0.00017074678908102214,0.00017074678908102214,0.0,1.8197008103015833e-05,4.6683140681125224e-05,0.0,-2.2160413209348917e-05,3.2050011213868856e-05,5.0517963245511055e-05,6.517342990264297e-05,2.5377841666340828e-05,-4.46776975877583e-05,-7.207907037809491e-05,-9.733525803312659e-05,0.0,-3.883993485942483e-05,1.5488476492464542e-06,7.232252391986549e-05,0.00011867366265505552,4.313077079132199e-05,-2.978602424263954e-06,-0.00010710401693359017,-0.00019180215895175934
70377,0.1,0,2,0.0012693690368905663,6,1.3811513781547546e-05,6.715103518217802e-05,6,5.643954500555992e-05,0.00013585446868091822,0.00021496163390111178,0.0003412548976484686,0.0003467612841632217,0.0004705807950813323,0.00019610789604485035,0.00019610789604485035,0.0,6.432698864955455e-05,0.00014484880375675857,0.0,2.0716339349746704e-05,-6.583693902939558e-05,-8.857517968863249e-05,-0.00012131279800087214,-2.9883114621043205e-05,6.715103518217802e-05,5.3339521400630474e-05,4.2980886064469814e-05,0.0,8.215080015361309e-06,-0.00012726488057523966,-2.1311105228960514e-05,7.94149236753583e-05,-1.0596122592687607e-05,0.00013585446868091822,2.29785218834877e-05,-0.00010190845932811499
70795,0.1,0,10,0.8848811388015747,2,0.12234282493591309,0.13564538955688477,8,0.031098127365112305,0.10917425155639648,0.3394511938095093,0.4033812880516052,0.2141416370868683,0.2640759348869324,0.23150897026062012,0.14261478185653687,0.08889418840408325,0.03820280358195305,0.13745352625846863,0.0,-0.0045365095138549805,0.13564538955688477,-0.017322957515716553,-0.02542710304260254,0.004822254180908203,-0.1747211217880249,0.010418295860290527,0.01330256462097168,0.0,0.025110185146331787,0.007144033908843994,-0.08860671520233154,-0.14558303356170654,-0.034195542335510254,-0.014719128608703613,0.07807612419128418,0.10917425155639648
71521,0.1,3,2,7.390703103737906e-05,2,7.152048056013882e-07,1.0847303201444447e-05,4,8.344140951521695e-07,1.1085707228630781e-05,8.636116035631858e-06,1.26830145745771e-05,1.4643902431998868e-05,2.4114549887599424e-05,2.0264287741156295e-05,1.8953058315673843e-05,1.311229425482452e-06,4.8575120672467165e-06,1.0287229088135064e-05,0.0,-2.6224079192616045e-06,1.0847303201444447e-05,7.986469427123666e-06,1.0132098395843059e-05,2.741617208812386e-06,-2.193264663219452e-05,-1.358876033918932e-05,-1.9787083147093654e-05,0.0,-3.8144062273204327e-06,7.271257345564663e-06,1.0251293133478612e-05,1.1085707228630781e-05,4.052824806421995e-06,-1.2635166058316827e-05,-1.6449528629891574e-05,-1.823750790208578e-05
72448,0.1,1,6,0.5114766359329224,6,0.004783153533935547,0.02614694833755493,7,0.0,6.556510925292969e-07,0.23706448078155518,0.27199000120162964,0.13248416781425476,0.17621295154094696,0.02614694833755493,0.02614694833755493,0.0,0.020920205861330032,0.06079819053411484,0.0,0.016760557889938354,-0.023040592670440674,-0.017609715461730957,-0.018548548221588135,-0.021541059017181396,0.02614694833755493,0.020344555377960205,0.021363794803619385,0.0,4.76837158203125e-07,4.76837158203125e-07,4.76837158203125e-07,2.384185791015625e-07,6.556510925292969e-07,5.960464477539062e-07,6.556510925292969e-07,4.172325134277344e-07
72562,0.1,0,2,0.0009728704462759197,4,0.0,4.013528814539313e-05,8,0.0,0.0,0.000367297965567559,0.0003904285258613527,0.00016776364645920694,0.0002198109868913889,4.013528814539313e-05,4.013528814539313e-05,0.0,2.8815484256483614e-05,7.134745828807354e-05,0.0,-3.1678297091275454e-05,4.013528814539313e-05,4.013528814539313e-05,4.013528814539313e-05,3.656232729554176e-05,-5.311419954523444e-05,-5.311419954523444e-05,-5.311419954523444e-05,0.0,0.0,0.0,0.0,0.0,0.0,0.0,0.0,0.0
72735,0.1,0,0,0.013911779969930649,4,0.0008828630670905113,0.0032069478183984756,4,0.0008203322067856789,0.0026841387152671814,0.0030010021291673183,0.004465479403734207,0.002928219037130475,0.003953161649405956,0.005268539302051067,0.005268539302051067,0.0,0.00045072566717863083,0.00113407161552459,0.0,-0.0007055951282382011,-0.0002080630511045456,0.0023240847513079643,0.0032069478183984756,0.0008120983839035034,0.00022127665579319,-0.003636753186583519,-0.00529729388654232,0.0,-0.0008209533989429474,-0.0005320627242326736,0.0018638065084815025,0.0026841387152671814,0.0009376471862196922,0.0005812803283333778,-0.0026479922235012054,-0.004004491493105888
72943,0.1,0,2,0.0906127467751503,4,0.004737637937068939,0.013266295194625854,6,0.002464577555656433,0.011903464794158936,0.026468032971024513,0.03532635420560837,0.026346448808908463,0.03348207101225853,0.023434676229953766,0.012316644191741943,0.011118032038211823,0.004497626796364784,0.011552955955266953,0.0,-0.0032658129930496216,-0.000915825366973877,0.008528657257556915,0.013266295194625854,0.003590412437915802,0.00039630383253097534,-0.013811714947223663,-0.022900275886058807,0.0,0.0032181888818740845,-0.01102130115032196,-0.009389884769916534,-0.008954018354415894,-0.004397109150886536,0.011903464794158936,0.009438887238502502,0.009063929319381714
73134,0.1,2,10,0.011563538573682308,4,0.0005831336602568626,0.002025577239692211,4,0.0007154401391744614,0.0025581317022442818,0.0015120722819119692,0.002334799850359559,0.001311454689130187,0.0029031678568571806,0.004083307459950447,0.004083307459950447,0.0,0.00039445963921025395,0.0012342814588919282,0.0,-0.0006749881431460381,0.0006288681179285049,0.0014424435794353485,0.002025577239692211,0.0007411269471049309,-0.0009925337508320808,-0.002301568165421486,-0.0034569445997476578,0.0,-0.001019963063299656,0.0018426915630698204,0.00176253542304039,0.0025581317022442818,0.001133190467953682,-0.0030528968200087547,-0.0024846037849783897,-0.0037426166236400604
73321,0.1,1,6,0.01367274671792984,4,0.0002675941213965416,0.0008566603064537048,4,0.00035295262932777405,0.0016884952783584595,0.00294289318844676,0.003931057173758745,0.0033560849260538816,0.005095974542200565,0.0021455036476254463,0.0021455036476254463,0.0,0.0011093986686319113,0.003477360587567091,0.0,-0.0002665426582098007,0.0003924760967493057,0.0005890661850571632,0.0008566603064537048,0.00030272360891103745,-0.0007842564955353737,-0.0009526172652840614,-0.0013893069699406624,0.0,-0.0006924858316779137,0.0007699253037571907,0.0013355426490306854,0.0016884952783584595,0.0008042892441153526,-0.0010810131207108498,-0.001672031357884407,-0.002166491001844406
73591,0.1,0,6,0.008235188201069832,6,0.0003670006990432739,0.0005336031317710876,4,0.0003538927994668484,0.0009170700795948505,0.001648211502470076,0.0020713803824037313,0.0015308863949030638,0.002479593036696315,0.0013903053477406502,0.0010549454018473625,0.00033535994589328766,0.00036830551107414067,0.001002073404379189,0.0,-3.8069672882556915e-05,-0.0004749419167637825,0.00014011375606060028,0.00016660243272781372,3.7007033824920654e-05,0.0005336031317710876,-0.0002418728545308113,-0.00033643096685409546,0.0,-0.00025239307433366776,-0.00026693195104599,0.0005631772801280022,0.0009170700795948505,0.0002932576462626457,0.0003043739125132561,-0.0007530879229307175,-0.0012589655816555023
74668,0.1,2,1,2.3343701362609863,6,0.05075669288635254,0.5196399688720703,6,0.07739484310150146,0.3951674699783325,0.3906816840171814,0.5809878706932068,0.3416168689727783,0.4689805805683136,0.816070556640625,0.816070556640625,0.0,0.1161203607916832,0.30785229802131653,0.0,0.22915267944335938,-0.6461551189422607,-0.49195384979248047,-0.5853910446166992,-0.318572998046875,0.5196399688720703,0.4218332767486572,0.4688832759857178,0.0,0.15961551666259766,-0.4360222816467285,-0.2561185359954834,-0.3459584712982178,-0.21261167526245117,0.3951674699783325,0.25197267532348633,0.31777262687683105
75275,0.1,0,2,0.001750485971570015,4,0.0002407223219051957,0.0005469582974910736,4,0.00025524990633130074,0.0005673187552019954,0.0006363458232954144,0.000778008543420583,0.0004095323965884745,0.0006261164671741426,0.0009417396504431963,0.0009417396504431963,0.0,8.985425665741786e-05,0.00022488617105409503,0.0,-8.627178613096476e-05,-4.1887396946549416e-05,0.0003062359755858779,0.0005469582974910736,9.722844697535038e-05,4.748243372887373e-05,-0.000493969302624464,-0.0010864818468689919,0.0,-9.936071000993252e-05,-6.735220085829496e-05,0.00031206884887069464,0.0005673187552019954,0.00011436629574745893,7.425923831760883e-05,-0.00046185427345335484,-0.0009227823466062546
76334,0.1,0,2,0.0007440659101121128,4,3.764481516554952e-05,9.029748616740108e-05,4,4.77731809951365e-05,0.00014664820628240705,0.00011978992552030832,0.00019568669085856527,0.00018650158017408103,0.0002548910561017692,0.00021765707060694695,0.00021765707060694695,0.0,2.384845538472291e-05,7.315500261029229e-05,0.0,-1.06017105281353e-05,-2.9780203476548195e-06,5.265267100185156e-05,9.029748616740108e-05,1.2388627510517836e-05,3.097113221883774e-06,-8.576316758990288e-05,-0.00018068967619910836,0.0,-2.3228232748806477e-05,-2.989883068948984e-05,9.887502528727055e-05,0.00014664820628240705,2.7159869205206633e-05,3.3949967473745346e-05,-0.00013066676910966635,-0.0001786649809218943
76380,0.1,0,2,0.0009255892946384847,4,0.00010960554936900735,0.0003687985590659082,4,0.00012579106260091066,0.00024191936245188117,0.0003063824260607362,0.00038713481626473367,0.00017489597667008638,0.00024820934049785137,0.0005072521744295955,0.0005072521744295955,0.0,2.2136769985081628e-05,6.685873086098582e-05,0.0,-7.919763447716832e-05,4.359119338914752e-05,0.00025919300969690084,0.0003687985590659082,8.730340050533414e-05,-5.8594916481524706e-05,-0.0004900913336314261,-0.0008739237091504037,0.0,-3.751547774299979e-05,-2.679688623175025e-05,0.0001161282998509705,0.00024191936245188117,4.359119338914752e-05,2.9417918995022774e-05,-0.00016541482182219625,-0.00037449615774676204
76455,0.1,0,0,0.09896810352802277,4,0.0022791698575019836,0.005937397480010986,4,0.004824928939342499,0.022487394511699677,0.0204879529774189,0.030113765969872475,0.01656218431890011,0.021065829321742058,0.027165621519088745,0.027165621519088745,0.0,0.004253808408975601,0.008895653299987316,0.0,-0.0008379817008972168,-0.0013705790042877197,0.0036582276225090027,0.005937397480010986,0.0009950622916221619,0.0015761852264404297,-0.005066782236099243,-0.008488930761814117,0.0,-0.005185700953006744,-0.008964501321315765,0.017662465572357178,0.022487394511699677,0.00607752799987793,0.010155610740184784,-0.02271832525730133,-0.0264376699924469
76499,0.1,2,8,0.003954567946493626,4,0.00020527862943708897,0.0005800884682685137,2,0.0002238552551716566,0.0002571025397628546,0.0011936280643567443,0.001629592152312398,0.0006025972543284297,0.0009401527931913733,0.0008404301479458809,0.0006063452456146479,0.00023408490233123302,0.00032388154068030417,0.0006109045934863389,0.0,-0.0001995800994336605,0.00029332772828638554,0.0003748098388314247,0.0005800884682685137,0.00022254115901887417,-0.0010400856845080853,-0.0005391663871705532,-0.0009723543189466,0.0,9.973999112844467e-06,0.0002571025397628546,-5.283718928694725e-05,-4.3338630348443985e-05,-2.0304229110479355e-05,-0.0005606459453701973,3.324728459119797e-05,-3.930181264877319e-05
77987,0.1,1,0,0.572633683681488,4,0.008916139602661133,0.03307288885116577,4,0.013620972633361816,0.04557555913925171,0.10429559648036957,0.13906222581863403,0.059345901012420654,0.0859590619802475,0.0737839937210083,0.0737839937210083,0.0,0.02125674858689308,0.05514677241444588,0.0,-0.007955372333526611,0.02415674924850464,0.0228002667427063,0.03307288885116577,0.009825527667999268,-0.03084510564804077,-0.026811301708221436,-0.03869909048080444,0.0,-0.017352402210235596,0.0018137693405151367,0.03195458650588989,0.04557555913925171,0.020817816257476807,-0.0018267631530761719,-0.038618385791778564,-0.054933786392211914
79560,0.1,1,0,0.12555287778377533,4,0.0053007230162620544,0.017721839249134064,4,0.0030954256653785706,0.009594611823558807,0.02249961346387863,0.038727208971977234,0.02161397971212864,0.03392280265688896,0.026423148810863495,0.026423148810863495,0.0,0.006822827272117138,0.014318156987428665,0.0,-0.004192844033241272,0.008020050823688507,0.01242111623287201,0.017721839249134064,0.004906877875328064,-0.010271549224853516,-0.01648128032684326,-0.023325234651565552,0.0,-0.00288507342338562,0.0013441145420074463,0.006499186158180237,0.009594611823558807,0.0034709274768829346,-0.001836434006690979,-0.008086413145065308,-0.011757582426071167
79759,0.1,1,4,0.0007126175914891064,4,2.7757836505770683e-05,8.05313466116786e-05,4,3.9557606214657426e-05,0.00023053222685121,0.00018970671226270497,0.00026461025117896497,0.00022173358593136072,0.0002642348990775645,0.00028248378657735884,0.00028248378657735884,0.0,3.6093661037739366e-05,0.00015162555791903287,0.0,-1.5605182852596045e-05,1.0244781151413918e-05,5.277351010590792e-05,8.05313466116786e-05,1.7034937627613544e-05,-5.836924538016319e-05,-0.00012007012264803052,-0.00014865613775327802,0.0,-7.93336657807231e-05,0.0001219908008351922,0.00019097462063655257,0.00023053222685121,8.517754031345248e-05,-0.00019927520770579576,-0.00028514309087768197,-0.00033813685877248645
80156,0.1,3,2,0.0001289761275984347,4,0.0,5.125344614498317e-06,2,9.8933742265217e-06,3.337484668008983e-05,1.786733810149599e-05,2.5221746909664944e-05,2.9876426197006367e-05,4.0252591134049e-05,3.7904377677477896e-05,3.575880691641942e-05,2.1455707610584795e-06,1.0447743989061564e-05,2.0919145754305646e-05,0.0,-5.006135324947536e-06,2.2646854631602764e-06,5.125344614498317e-06,5.125344614498317e-06,4.529370926320553e-06,-5.959678674116731e-06,-8.343544322997332e-06,-9.41628240980208e-06,0.0,-2.360012149438262e-05,3.337484668008983e-05,1.6925674572121352e-05,2.348147245356813e-05,2.2766289475839585e-05,-5.995274113956839e-05,-2.4196080630645156e-05,-3.587672836147249e-05
80169,0.1,3,2,0.0021067108027637005,4,3.569875843822956e-06,0.0003154084552079439,4,6.925268098711967e-05,0.0003074357518926263,0.0004268027259968221,0.0005096049862913787,0.0005688928067684174,0.000783695955760777,0.0005715205334126949,0.0005696160951629281,1.9044382497668266e-06,4.9331360060023144e-05,0.00014627412019763142,0.0,-0.0001621271949261427,0.00031183857936412096,0.0002048673341050744,0.0003154084552079439,0.00017393229063600302,-0.0005052078049629927,-0.0003319578245282173,-0.0005071100313216448,0.0,-0.00019340775907039642,0.00012705568224191666,0.0002381830709055066,0.0003074357518926263,0.00020700902678072453,-0.00017568632028996944,-0.00032624974846839905,-0.00042482931166887283
80538,0.1,0,0,0.20679444074630737,4,0.008977934718132019,0.029372110962867737,4,0.006386786699295044,0.015999197959899902,0.04465348646044731,0.06093766167759895,0.03241390362381935,0.04244937747716904,0.04360945522785187,0.04360945522785187,0.0,0.007155969738960266,0.0231925155967474,0.0,-0.00576569139957428,-0.004382625222206116,0.020394176244735718,0.029372110962867737,0.006811127066612244,0.005141958594322205,-0.02684009075164795,-0.03818751871585846,0.0,-0.003871247172355652,-0.006919205188751221,0.009612411260604858,0.015999197959899902,0.004533246159553528,0.008111730217933655,-0.011944323778152466,-0.0192081481218338
80586,0.1,0,2,0.00011634149996098131,4,3.4566910471767187e-06,9.774070349521935e-06,4,4.64866025140509e-06,1.108523429138586e-05,1.8445667592459358e-05,2.374401447013952e-05,2.220042733824812e-05,3.010325599461794e-05,2.002503606490791e-05,2.002503606490791e-05,0.0,1.0114044926012866e-05,2.3088770831236616e-05,0.0,-2.6222915039397776e-06,2.383909304626286e-06,6.317379302345216e-06,9.774070349521935e-06,2.9798902687616646e-06,-3.575856680981815e-06,-8.939619874581695e-06,-1.4899313100613654e-05,0.0,-1.7879283404909074e-06,-7.628477760590613e-06,4.5294364099390805e-06,1.108523429138586e-05,1.7879356164485216e-06,6.436574039980769e-06,-7.151698810048401e-06,-1.680641435086727e-05
81186,0.1,0,2,0.00396181084215641,4,0.0005069044418632984,0.0009805434383451939,4,0.0005645614583045244,0.0014786673709750175,0.0011780888307839632,0.0014980928972363472,0.0011353538138791919,0.001520883059129119,0.0020872147288173437,0.0020872147288173437,0.0,0.00015400465053971857,0.0003349031030666083,0.0,-9.985361248254776e-05,-0.00012953486293554306,0.00047363899648189545,0.0009805434383451939,0.00011803233064711094,0.00014926446601748466,-0.0006933081895112991,-0.0017624171450734138,0.0,-0.00021026283502578735,-0.00032279640436172485,0.0009141059126704931,0.0014786673709750175,0.000243679853156209,0.0003635226748883724,-0.0013821041211485863,-0.00230110390111804
81267,0.1,3,2,0.0016989572905004025,4,2.214033156633377e-05,0.00023601867724210024,4,3.0232942663133144e-05,0.0001859061885625124,0.0003992795536760241,0.0005095509113743901,0.0003804462612606585,0.0005280720070004463,0.00039696693420410156,0.00039696693420410156,0.0,6.712720642099157e-05,0.00015906945918686688,0.0,-9.758083615452051e-05,0.00011389609426259995,0.00021387834567576647,0.00023601867724210024,0.00010687392204999924,-0.0001682615838944912,-0.00033518625423312187,-0.00038812519051134586,0.0,-5.7716621086001396e-05,-0.0001823019701987505,0.0001275836257264018,0.0001859061885625124,6.307568401098251e-05,0.00015567324589937925,-0.00018337287474423647,-0.000265707029029727
81829,0.1,0,0,0.5147645473480225,4,0.01069420576095581,0.047325849533081055,4,0.019288569688796997,0.05819699168205261,0.13126054406166077,0.18875253200531006,0.06623511016368866,0.08495493978261948,0.10248643159866333,0.10248643159866333,0.0,0.012830222956836224,0.03880619630217552,0.0,-0.012451469898223877,0.004386782646179199,0.036631643772125244,0.047325849533081055,0.014355838298797607,-0.00641322135925293,-0.04680681228637695,-0.059152960777282715,0.0,-0.020464539527893066,0.026183128356933594,0.038908421993255615,0.05819699168205261,0.02366960048675537,-0.03321480751037598,-0.04971444606781006,-0.07205784320831299
81898,0.1,0,6,0.010004730895161629,4,0.00019787251949310303,0.0004328824579715729,3,1.1567026376724243e-05,0.0001378590241074562,0.004006209783256054,0.0045248293317854404,0.0030714059248566628,0.0035704474430531263,0.0005755256861448288,0.0005520256236195564,2.350006252527237e-05,0.0003650721919257194,0.0008405096596106887,0.0,-8.367467671632767e-05,9.795650839805603e-06,0.00023500993847846985,0.0004328824579715729,9.749084711074829e-05,-2.490263432264328e-05,-0.0003704046830534935,-0.0006990395486354828,0.0,-6.502866744995117e-05,0.00012629199773073196,0.0001378590241074562,9.760912507772446e-05,7.695332169532776e-05,-0.00015837419778108597,-0.00019471906125545502,-0.00017690099775791168
82083,0.1,0,6,0.007067679427564144,4,0.0,8.8544562458992e-05,8,0.0,0.00022291531786322594,0.0010890660341829062,0.0016853734850883484,0.001571578555740416,0.002102169906720519,0.0003087557852268219,0.00011103693395853043,0.00019771885126829147,0.0003506804059725255,0.001000224961899221,0.0,-7.492490112781525e-05,8.8544562458992e-05,8.8544562458992e-05,8.8544562458992e-05,8.025811985135078e-05,-0.00012806756421923637,-0.00012806756421923637,-0.00012806756421923637,0.0,0.00018396368250250816,-0.00021884171292185783,-0.00021884171292185783,-0.00021884171292185783,-0.0002593141980469227,0.00022291531786322594,0.00022291531786322594,0.00022291531786322594
82137,0.1,3,6,0.015275278128683567,4,0.0004145456477999687,0.0019045490771532059,6,0.0034042606130242348,0.004208553582429886,0.0038018047343939543,0.0055341338738799095,0.003156924620270729,0.005507428664714098,0.005607321858406067,0.0025767721235752106,0.0030305497348308563,0.0007206602022051811,0.0018196386517956853,0.0,-0.0009427657350897789,-0.00036728475242853165,0.0014900034293532372,0.0019045490771532059,0.00096092838793993,-0.0022533414885401726,-0.002583031542599201,-0.003797433339059353,0.0,-0.00020601972937583923,-0.00774978194385767,0.0007058354094624519,0.0008042929694056511,0.0002471618354320526,0.004208553582429886,-0.000929628498852253,-0.0011461274698376656
82385,0.1,2,0,0.1008247584104538,4,0.006920039653778076,0.02059287577867508,2,0.007668823003768921,0.007668823003768921,0.029186036437749863,0.03921017795801163,0.007671259343624115,0.015276738442480564,0.026234224438667297,0.016260504722595215,0.009973719716072083,0.004787656012922525,0.00913241971284151,0.0,-0.0053367167711257935,0.007889963686466217,0.013672836124897003,0.02059287577867508,0.005872033536434174,-0.015822231769561768,-0.021153263747692108,-0.033105164766311646,0.0,-0.000551663339138031,0.007668823003768921,-0.002214178442955017,-0.004328928887844086,-0.0009206309914588928,-0.013129904866218567,-0.0019351914525032043,-0.005350217223167419
82558,0.1,0,9,0.023651380091905594,8,0.00030156970024108887,0.0033583808690309525,8,0.0004956945776939392,0.0020590797066688538,0.00810336135327816,0.009119187481701374,0.0057573458179831505,0.007531821262091398,0.004853321239352226,0.004853321239352226,0.0,0.0007675327360630035,0.0023742178454995155,0.0,0.0005798377096652985,0.001531435176730156,-0.0043914783746004105,-0.00609961524605751,-0.0008320771157741547,-0.0024172738194465637,0.0030568111687898636,0.0033583808690309525,0.0,0.0005516484379768372,-0.0002695992588996887,-0.0018078088760375977,-0.002753680571913719,-0.0007484350353479385,0.0002205297350883484,0.0015633851289749146,0.0020590797066688538
82652,0.1,0,2,9.846202738117427e-05,4,3.8143625715747476e-06,1.2873417290393263e-05,4,7.509552233386785e-06,1.7402999219484627e-05,9.14249994821148e-06,1.3409817256615497e-05,1.932212762767449e-05,2.6307248845114373e-05,2.777341433102265e-05,2.777341433102265e-05,0.0,3.6832909700024175e-06,6.603692327189492e-06,0.0,-2.7415371732786298e-06,5.959882400929928e-07,9.059054718818516e-06,1.2873417290393263e-05,2.860746462829411e-06,-1.6687627066858113e-06,-1.4422796084545553e-05,-2.2289692424237728e-05,0.0,-4.291097866371274e-06,8.343849913217127e-07,9.893446986097842e-06,1.7402999219484627e-05,4.6487184590660036e-06,-1.7879574443213642e-06,-1.4780387573409826e-05,-2.646150824148208e-05
82711,0.1,0,0,1.7422547340393066,4,0.004030466079711914,0.022074222564697266,7,0.0008165836334228516,0.006009578704833984,0.19476118683815002,0.31529688835144043,0.1339748054742813,0.2886025309562683,0.0280609130859375,0.02443850040435791,0.00362241268157959,0.041493840515613556,0.0942458063364029,0.0,-0.0058487653732299805,-0.004686594009399414,0.01804375648498535,0.022074222564697266,0.007376551628112793,0.0059697628021240234,-0.020198941230773926,-0.023637056350708008,0.0,0.0006468296051025391,0.005192995071411133,-0.004723787307739258,0.0023877620697021484,-0.0006722211837768555,-0.006223917007446289,0.006009578704833984,0.00018644332885742188
83478,0.1,0,10,0.01535686943680048,4,0.0006832927465438843,0.001988610252737999,4,0.0007199402898550034,0.0019523827359080315,0.002416273346170783,0.003383381525054574,0.0024933365639299154,0.0034439300652593374,0.003771885298192501,0.003771885298192501,0.0,0.0006650888826698065,0.0018392952624708414,0.0,-0.0002977801486849785,0.0001250309869647026,0.0013053175061941147,0.001988610252737999,0.00034672021865844727,-0.00017396081238985062,-0.0019669728353619576,-0.0034303078427910805,0.0,-0.0002998942509293556,-0.00029695872217416763,0.001232442446053028,0.0019523827359080315,0.00036139972507953644,0.00035717152059078217,-0.0015112264081835747,-0.00236594770103693
83530,0.1,2,2,0.49479246139526367,2,0.00459665060043335,0.03382319211959839,6,0.017028510570526123,0.024179935455322266,0.12029606103897095,0.1664549708366394,0.08949525654315948,0.12147913873195648,0.0561676025390625,0.03604382276535034,0.020123779773712158,0.019662942737340927,0.05545961111783981,0.0,-0.009173154830932617,0.03382319211959839,0.012208759784698486,0.02922654151916504,0.010852694511413574,-0.04846227169036865,-0.015458405017852783,-0.03935551643371582,0.0,3.784894943237305e-05,-0.016854405403137207,0.002620607614517212,0.007151424884796143,0.0004912018775939941,0.024179935455322266,-0.0020332932472229004,-0.002236008644104004
83696,0.1,0,0,0.23809611797332764,4,0.022622808814048767,0.0720178633928299,4,0.013850271701812744,0.03033284842967987,0.047994498163461685,0.08047717064619064,0.03408568724989891,0.04392709210515022,0.09645639359951019,0.09645639359951019,0.0,0.009727834723889828,0.023655980825424194,0.0,-0.010231181979179382,-0.0029823631048202515,0.04939505457878113,0.0720178633928299,0.01199863851070404,0.0035715848207473755,-0.0601460337638855,-0.08405554294586182,0.0,-0.005152836441993713,-0.009416773915290833,0.016482576727867126,0.03033284842967987,0.006173819303512573,0.010988950729370117,-0.020817190408706665,-0.03593331575393677
84126,0.1,0,2,0.0003815161471720785,4,3.432159428484738e-05,8.747007814235985e-05,4,1.2989214155822992e-05,3.4319760743528605e-05,9.5442941528745e-05,0.00011489839380374178,7.600592653034255e-05,0.0001119130029110238,0.00011356957838870585,0.00011356957838870585,0.0,1.5809291653567925e-05,4.0563256334280595e-05,0.0,-1.7755257431417704e-05,1.4776422176510096e-05,5.3148483857512474e-05,8.747007814235985e-05,2.013889024965465e-05,-2.09726276807487e-05,-7.935994653962553e-05,-0.00014453523908741772,0.0,-1.0963005479425192e-05,1.5491415979340672e-05,2.1330546587705612e-05,3.4319760743528605e-05,1.1916446965187788e-05,-2.645401400513947e-05,-3.3961114240810275e-05,-5.564794992096722e-05
84510,0.1,1,10,0.013847824186086655,4,0.0005670739337801933,0.0013824012130498886,4,0.0010249605402350426,0.0024510417133569717,0.0015594501746818423,0.002728554420173168,0.0016731551149860024,0.0024276513140648603,0.0035648345947265625,0.0035648345947265625,0.0,0.0006305527058430016,0.0019119554199278355,0.0,-0.00031491927802562714,0.0008153272792696953,0.000701315701007843,0.0013824012130498886,0.00037017930299043655,-0.001313215121626854,-0.0009492784738540649,-0.0020451508462429047,0.0,-0.0007930463179945946,0.0013429615646600723,0.0014260811731219292,0.0024510417133569717,0.0009096991270780563,-0.0019116215407848358,-0.0019286368042230606,-0.0034396983683109283
84581,0.1,0,10,0.023769542574882507,4,0.002492271363735199,0.009717050939798355,4,0.001334523782134056,0.003819802775979042,0.0064715309999883175,0.008070642128586769,0.0035002108197659254,0.005010764114558697,0.012161698192358017,0.012161698192358017,0.0,0.0007536274497397244,0.002364175394177437,0.0,-0.0020927060395479202,-0.0008900165557861328,0.007224779576063156,0.009717050939798355,0.0023056957870721817,0.0009439419955015182,-0.013296857476234436,-0.020237263292074203,0.0,-0.0007605608552694321,-0.0005185846239328384,0.002485278993844986,0.003819802775979042,0.0009098034352064133,0.0005484391003847122,-0.0032234061509370804,-0.004801621660590172
84942,0.1,1,1,0.0011840007500723004,6,1.274037640541792e-05,1.5836209058761597e-05,4,5.954701919108629e-06,0.00021851412020623684,0.0002464398567099124,0.00035011593718081713,0.0003181262291036546,0.0004385530191939324,0.00024388148449361324,0.0001763555919751525,6.752589251846075e-05,8.479603275191039e-05,0.00018345577700529248,0.0,3.0958326533436775e-06,-5.143613088876009e-05,-1.2263888493180275e-05,-3.012374509125948e-05,-6.6678039729595184e-06,1.5836209058761597e-05,-2.380693331360817e-07,-5.119829438626766e-06,0.0,-7.786753121763468e-05,0.0002125594182871282,0.00013324629981070757,0.00021851412020623684,8.668540976941586e-05,-0.00035214179661124945,-0.00019310996867716312,-0.000342024490237236
84993,0.1,2,0,0.4822988510131836,4,0.026872366666793823,0.1112813949584961,4,0.02294251322746277,0.0929853618144989,0.10920833051204681,0.17861373722553253,0.05641745403409004,0.0922565907239914,0.19378945231437683,0.19378945231437683,0.0,0.026383737102150917,0.10143163055181503,0.0,-0.02396988868713379,0.0103798508644104,0.08440902829170227,0.1112813949584961,0.028402984142303467,-0.012505412101745605,-0.10363686084747314,-0.12621617317199707,0.0,-0.035385727882385254,0.03247189521789551,0.07004284858703613,0.0929853618144989,0.040374428033828735,-0.052145302295684814,-0.09132075309753418,-0.11443430185317993
85304,0.1,3,2,0.0005616756388917565,4,2.395021147094667e-05,0.00012129428796470165,4,1.2034346582368016e-05,8.793093729764223e-05,0.0001484208187321201,0.00017513080092612654,0.00010212846245849505,0.0001456323661841452,0.0001899309572763741,0.0001899309572763741,0.0,1.3853306882083416e-05,3.769735121750273e-05,0.0,-3.1095638405531645e-05,2.0969309844076633e-05,9.734407649375498e-05,0.00012129428796470165,3.4909346140921116e-05,-5.337432958185673e-05,-0.00015475391410291195,-0.000206571479793638,0.0,-3.562291385605931e-05,-6.14755554124713e-05,7.589659071527421e-05,8.793093729764223e-05,3.8364611100405455e-05,2.7045723982155323e-05,-0.00011389359133318067,-0.00013390701496973634
85588,0.1,1,10,0.43617743253707886,2,0.007775694131851196,0.007775694131851196,2,0.01799952983856201,0.03721410036087036,0.12108268588781357,0.15855124592781067,0.0503680519759655,0.07265593111515045,0.04383549094200134,0.04383549094200134,0.0,0.01758710667490959,0.04940851777791977,0.0,-0.00036200881004333496,0.007775694131851196,-0.00691571831703186,-0.0034858286380767822,-0.0007374286651611328,-0.014680445194244385,-0.0011880099773406982,-0.012765765190124512,0.0,-0.004745960235595703,0.03721410036087036,0.006910264492034912,0.01921457052230835,0.005323141813278198,-0.047590553760528564,-0.010736167430877686,-0.0287783145904541
86394,0.1,3,0,1.9189084768295288,2,0.03874647617340088,0.06886959075927734,4,0.007650494575500488,0.1193385124206543,0.23993666470050812,0.3374556601047516,0.15057870745658875,0.21268925070762634,0.1859288215637207,0.17901372909545898,0.006915092468261719,0.09368214011192322,0.22672128677368164,0.0,0.006245255470275879,0.06886959075927734,-0.03093540668487549,-0.02826821804046631,-0.008468270301818848,-0.08473074436187744,0.030123114585876465,0.02164781093597412,0.0,-0.047366976737976074,0.11168801784515381,0.09308755397796631,0.1193385124206543,0.06599140167236328,-0.10227596759796143,-0.08556568622589111,-0.10302746295928955
86782,0.1,0,8,0.05746791884303093,4,0.0002813264727592468,0.0047761499881744385,4,0.002501755952835083,0.010044988244771957,0.01937948726117611,0.02522515133023262,0.012434190139174461,0.014919799752533436,0.013780809938907623,0.013780809938907623,0.0,0.002090075518935919,0.0059568872675299644,0.0,-0.0013149790465831757,-0.0025008097290992737,0.004494823515415192,0.0047761499881744385,0.0015584789216518402,0.0030195899307727814,-0.006424818187952042,-0.007276047021150589,0.0,-0.004473254084587097,0.0023566819727420807,0.007543232291936874,0.010044988244771957,0.0047858767211437225,-0.003158610314130783,-0.01115991547703743,-0.015652108937501907
87196,0.1,0,6,0.0009602464851923287,7,4.7637149691581726e-07,3.072695108130574e-05,6,1.19104515761137e-06,9.65906074270606e-05,0.00012181828788015991,0.00016976032929960638,0.00016963046800810844,0.00023503157717641443,0.00012362812412902713,0.00010254594963043928,2.1082174498587847e-05,4.09244021284394e-05,0.00011789053678512573,0.0,7.383932825177908e-06,-7.622060365974903e-06,-3.4417782444506884e-05,-4.430225817486644e-05,-9.527546353638172e-06,6.073853000998497e-06,3.072695108130574e-05,3.0250579584389925e-05,0.0,-2.012687036767602e-05,-9.348505409434438e-05,6.026384653523564e-05,9.539956226944923e-05,2.1556392312049866e-05,9.65906074270606e-05,-0.00010289269266650081,-0.00014266552170738578
87399,0.1,0,3,0.06952831149101257,4,0.0038168691098690033,0.011441435664892197,6,0.0014350861310958862,0.002518676221370697,0.011806589551270008,0.017789805307984352,0.009050224907696247,0.015139461494982243,0.013696093112230301,0.012739874422550201,0.0009562186896800995,0.0038745596539229155,0.009593662805855274,0.0,-0.002194613218307495,0.002019919455051422,0.007624566555023193,0.011441435664892197,0.0024935975670814514,-0.0026830509305000305,-0.012279555201530457,-0.01952085644006729,0.0,-0.00012976676225662231,-0.0026017501950263977,0.0005407035350799561,0.0010835900902748108,0.0001236647367477417,0.002518676221370697,-0.001391395926475525,-0.003329746425151825
88168,0.1,0,0,1.6091058254241943,8,0.016671061515808105,0.17471683025360107,4,0.015839815139770508,0.05495119094848633,0.21528255939483643,0.30619966983795166,0.12775173783302307,0.22852042317390442,0.2185605764389038,0.1342470645904541,0.08431351184844971,0.09165604412555695,0.1836647391319275,0.0,0.03671574592590332,0.06410586833953857,-0.17098569869995117,-0.2184840440750122,-0.046256303787231445,-0.08173859119415283,0.15804576873779297,0.17471683025360107,0.0,-0.014885783195495605,-0.03168082237243652,0.03911137580871582,0.05495119094848633,0.017624735832214355,0.03867530822753906,-0.04047346115112305,-0.047515869140625
88296,0.1,3,0,0.06167322397232056,2,0.0005967430770397186,0.008841797709465027,6,0.0002377144992351532,0.0010311007499694824,0.011566479690372944,0.019233843311667442,0.00988564733415842,0.012411867268383503,0.009863726794719696,0.007807247340679169,0.0020564794540405273,0.0034373998641967773,0.013665459118783474,0.0,-0.005953498184680939,0.008841797709465027,0.008245054632425308,0.008201774209737778,0.006036620587110519,-0.014636076986789703,-0.012514382600784302,-0.013451449573040009,0.0,0.00036051124334335327,-0.0010265707969665527,-0.0007262378931045532,-0.00011005625128746033,-0.00055699422955513,0.0010311007499694824,0.0007933862507343292,-0.0001765117049217224
88510,0.1,2,6,0.03248876333236694,4,0.0013890638947486877,0.006200972944498062,4,0.001065978780388832,0.0022000689059495926,0.007868560031056404,0.01070370338857174,0.0073819635435938835,0.009220928885042667,0.00795377604663372,0.00795377604663372,0.0,0.0012916411506012082,0.003661195747554302,0.0,-0.0015269406139850616,0.001425495371222496,0.004811909049749374,0.006200972944498062,0.001774325966835022,-0.002089299261569977,-0.006728705018758774,-0.008837863802909851,0.0,-0.0006659738719463348,0.0009375922381877899,0.0011340901255607605,0.0022000689059495926,0.0007553398609161377,-0.0013137571513652802,-0.001629021018743515,-0.0029912665486335754
88950,0.1,3,4,0.0006008726777508855,2,4.360912134870887e-05,0.0001297493581660092,2,1.787085784599185e-05,2.0134495571255684e-05,0.0001823285419959575,0.0002622326137498021,0.00011916957009816542,0.00016978576604742557,0.00015238870400935411,0.00015238870400935411,0.0,5.4540909331990406e-05,0.0001325837947661057,0.0,-5.1227863878011703e-05,0.0001297493581660092,7.11277243681252e-05,8.614023681730032e-05,4.944333340972662e-05,-0.00026659457944333553,-0.00012580148177221417,-0.00015141250332817435,0.0,-9.769224561750889e-06,2.0134495571255684e-05,-8.339411579072475e-07,-1.7870916053652763e-06,2.263637725263834e-06,-7.290957728400826e-05,-1.7274811398237944e-05,-2.2159365471452475e-05
89921,0.1,0,8,0.007097152993083,2,0.0001277267001569271,0.00013766949996352196,4,0.0007033245638012886,0.001688261516392231,0.001970760989934206,0.002786576049402356,0.001874890411272645,0.0023287071380764246,0.0017920122481882572,0.0016143973916769028,0.00017761485651135445,0.0003465734771452844,0.0009488936048001051,0.0,-1.1007767170667648e-05,0.00013766949996352196,1.1827796697616577e-07,-4.0362123399972916e-05,9.942799806594849e-06,-0.00018132058903574944,-6.024632602930069e-05,-0.0001363484188914299,0.0,-0.0003165793605148792,-0.000307468231767416,0.0009849369525909424,0.001688261516392231,0.00037919916212558746,0.00038476428017020226,-0.001242309808731079,-0.002112380228936672
90485,0.1,1,0,0.18384909629821777,6,0.03840501606464386,0.04031515121459961,4,0.00680522620677948,0.023968324065208435,0.037168361246585846,0.056680433452129364,0.027399742975831032,0.0445847250521183,0.058969371020793915,0.04589000344276428,0.013079367578029633,0.012067252770066261,0.028327036648988724,0.0,0.00038711726665496826,-0.04448743164539337,0.0019101351499557495,-0.000775948166847229,-0.0005927681922912598,0.04031515121459961,-0.0030391961336135864,-0.0005295276641845703,0.0,-0.009634330868721008,-0.007159590721130371,0.017163097858428955,0.023968324065208435,0.01121772825717926,0.007185757160186768,-0.022168859839439392,-0.03118327260017395
91482,0.1,0,7,0.018243256956338882,3,2.788752317428589e-05,0.0010142028331756592,3,4.9211084842681885e-06,0.0010970477014780045,0.004727131687104702,0.0059790159575641155,0.0033942381851375103,0.004901304375380278,0.0019268114119768143,0.0019268114119768143,0.0,0.0007996493950486183,0.002275645500048995,0.0,-0.00020903721451759338,-0.0003836303949356079,0.0010142028331756592,0.0009863153100013733,0.0002458430826663971,0.0002070888876914978,-0.0015020836144685745,-0.0015058238059282303,0.0,-0.0004964210093021393,-0.00011845305562019348,0.0010970477014780045,0.0010921265929937363,0.0004282742738723755,-7.397681474685669e-05,-0.0022258833050727844,-0.0023823752999305725
92228,0.1,3,6,3.3817899227142334,8,0.0936269760131836,1.2777917385101318,8,0.013471126556396484,0.5596356391906738,1.0230790376663208,1.1396484375,0.5884336233139038,0.8144351840019226,1.7570384740829468,1.7570384740829468,0.0,0.16620658338069916,0.3069630265235901,0.0,0.5809142589569092,-1.0347015857696533,-1.1524879932403564,-1.2794740200042725,-0.7235305309295654,1.0874354839324951,1.1841647624969482,1.2777917385101318,0.0,0.28107547760009766,0.11800909042358398,-0.5225059986114502,-0.552166223526001,-0.3442037105560303,-0.08179402351379395,0.5461645126342773,0.5596356391906738
93103,0.1,0,0,0.35650622844696045,4,0.01808828115463257,0.05474713444709778,6,0.002386152744293213,0.0038200318813323975,0.07312966883182526,0.11157156527042389,0.040200524032115936,0.05662082880735397,0.057393044233322144,0.052720606327056885,0.004672437906265259,0.013504150323569775,0.028493709862232208,0.0,-0.010515302419662476,-0.00981438159942627,0.03665885329246521,0.05474713444709778,0.01246526837348938,0.011582046747207642,-0.04646000266075134,-0.06403103470802307,0.0,0.0009434819221496582,-0.0033852756023406982,-0.0024017691612243652,-0.004892170429229736,-0.0015174150466918945,0.0038200318813323975,0.0014338791370391846,0.001241147518157959
93155,0.1,1,0,0.03374743089079857,4,0.00013341009616851807,0.0039978232234716415,4,0.0005030147731304169,0.0019567273557186127,0.004562538582831621,0.007134077604860067,0.0042672837153077126,0.00613139383494854,0.005676407366991043,0.005676407366991043,0.0,0.0019199426751583815,0.0045717740431427956,0.0,-0.0014886558055877686,-0.0010115280747413635,0.0038644131273031235,0.0039978232234716415,0.0015794113278388977,0.0003911331295967102,-0.006026841700077057,-0.006670236587524414,0.0,-0.0006783828139305115,3.100559115409851e-05,0.0014537125825881958,0.0019567273557186127,0.0007440075278282166,-0.0006248243153095245,-0.0021179579198360443,-0.0029047727584838867
93472,0.1,0,0,0.16449716687202454,4,0.008991733193397522,0.036342114210128784,2,0.000398784875869751,0.0028560757637023926,0.050422657281160355,0.0723213478922844,0.016445839777588844,0.028395695611834526,0.03918078541755676,0.038780391216278076,0.0004003942012786865,0.009843884035944939,0.02579365484416485,0.0,-0.011569470167160034,0.007040351629257202,0.027350381016731262,0.036342114210128784,0.013372540473937988,-0.008830994367599487,-0.036562904715538025,-0.04917633533477783,0.0,-0.001097947359085083,0.0028560757637023926,0.0011104941368103027,0.0024572908878326416,0.0011836886405944824,-0.0035680830478668213,-0.0017253607511520386,-0.003194570541381836
93477,0.1,0,8,0.024676306173205376,4,5.4933130741119385e-05,0.0028341449797153473,6,0.001341838389635086,0.0024384837597608566,0.006053844932466745,0.007984936237335205,0.007007081992924213,0.008809232152998447,0.0050558000802993774,0.005001680925488472,5.4119154810905457e-05,0.001329067163169384,0.002637084573507309,0.0,-0.0007122233510017395,-0.0028054919093847275,0.0021519530564546585,0.0028341449797153473,0.0007820986211299896,0.002779211848974228,-0.003260485827922821,-0.00454086996614933,0.0,0.0005790106952190399,-0.002138514071702957,-0.0007337238639593124,-0.0013528596609830856,-0.0007449965924024582,0.0024384837597608566,0.0007313508540391922,0.0010966453701257706
93498,0.1,0,4,0.01707460731267929,4,0.0003525400534272194,0.00292349886149168,4,0.0004849489778280258,0.0041416604071855545,0.004961320199072361,0.00814575795084238,0.005872394423931837,0.007186456583440304,0.0063996147364377975,0.0063996147364377975,0.0,0.0011032016482204199,0.0027875362429767847,0.0,-0.0004886854439973831,9.446032345294952e-05,0.0025709588080644608,0.00292349886149168,0.000543445348739624,-0.0005582608282566071,-0.0036917291581630707,-0.003978332504630089,0.0,-0.0008728113025426865,-0.0008236318826675415,0.0036567114293575287,0.0041416604071855545,0.0010435450822114944,0.0008579716086387634,-0.004185965284705162,-0.0043070949614048
94257,0.1,3,0,0.8458051085472107,8,0.042958855628967285,0.3105309009552002,2,0.3377858102321625,0.36701807379722595,0.38111913204193115,0.4476417899131775,0.34250664710998535,0.36295074224472046,0.5629677176475525,0.3112683892250061,0.2516993284225464,0.021349551156163216,0.052378930151462555,0.0,0.10285812616348267,-0.11908841133117676,-0.3759179711341858,-0.49358946084976196,-0.148057758808136,0.09587657451629639,0.2675720453262329,0.3105309009552002,0.0,-0.004601180553436279,0.36701807379722595,-0.025001883506774902,-0.009758532047271729,0.006997227668762207,-0.4790859818458557,0.029232263565063477,0.01450413465499878
94417,0.1,3,6,0.031048821285367012,2,2.894364297389984e-05,0.005841612815856934,2,0.0008002687245607376,0.005734443664550781,0.007382571697235107,0.009845837019383907,0.006247054319828749,0.008050059899687767,0.010233797132968903,0.010233797132968903,0.0,0.0012386629823595285,0.0029450738802552223,0.0,-0.001553831622004509,0.005841612815856934,0.00428587943315506,0.005812669172883034,0.0017804726958274841,-0.009439026936888695,-0.006315970793366432,-0.008960390463471413,0.0,-0.0012908335775136948,0.005734443664550781,0.002560725435614586,0.004934174939990044,0.001460997387766838,-0.008061809465289116,-0.0035195667296648026,-0.006591541692614555
94718,0.1,3,2,0.0002181292074965313,4,1.0131130693480372e-05,5.9474230511114e-05,4,3.0988157959654927e-06,1.7520098481327295e-05,7.487973925890401e-05,8.442108810413629e-05,3.0082344892434776e-05,4.403323328006081e-05,7.330041262321174e-05,7.330041262321174e-05,0.0,8.987221008283086e-06,1.6371384845115244e-05,0.0,-3.492010000627488e-05,4.862796049565077e-05,4.934309981763363e-05,5.9474230511114e-05,3.42061830451712e-05,-8.783423982094973e-05,-8.616580453235656e-05,-0.000109642613097094,0.0,-1.0249714250676334e-05,-2.5028421077877283e-06,1.4421282685361803e-05,1.7520098481327295e-05,1.0368996299803257e-05,-5.124864401295781e-06,-2.157194830942899e-05,-2.7054236852563918e-05
94935,0.1,0,2,0.00015841660206206143,4,7.032285793684423e-06,1.1919109965674579e-05,4,4.8868387239053845e-06,9.77366289589554e-06,3.396390093257651e-05,4.00130265916232e-05,2.6359339244663715e-05,3.829065462923609e-05,2.0739345927722752e-05,2.0739345927722752e-05,0.0,4.493704182095826e-06,1.2485688785091043e-05,0.0,-2.1454179659485817e-06,-2.026223228313029e-06,4.886824171990156e-06,1.1919109965674579e-05,2.8605718398466706e-06,2.5030021788552403e-06,-6.3170737121254206e-06,-1.6328951460309327e-05,0.0,-2.622182364575565e-06,-3.3373216865584254e-06,4.886824171990156e-06,9.77366289589554e-06,3.2181560527533293e-06,3.814100637100637e-06,-6.078684236854315e-06,-1.3349228538572788e-05
94991,0.1,0,6,0.0038206216413527727,4,0.00020228512585163116,0.00032829190604388714,4,0.0003176415339112282,0.0011950298212468624,0.0006891177035868168,0.000917749130167067,0.0008262760238721967,0.001081210793927312,0.0014227430801838636,0.0014227430801838636,0.0,0.000123509656987153,0.00030619249446317554,0.0,-3.8831960409879684e-05,2.0544743165373802e-05,0.00012600678019225597,0.00032829190604388714,4.595913924276829e-05,-5.141948349773884e-05,-0.00018167798407375813,-0.0004846390802413225,0.0,-0.00028402102179825306,0.00019085709936916828,0.0008773882873356342,0.0011950298212468624,0.0003215207252651453,-0.0002529153134673834,-0.001357631990686059,-0.0017780761700123549
95492,0.1,1,0,3.5256197452545166,8,0.01706409454345703,0.03367948532104492,6,0.01954054832458496,0.03302621841430664,0.16970305144786835,0.278991162776947,0.16183896362781525,0.34325695037841797,0.06666111946105957,0.04864358901977539,0.01801753044128418,0.08009941875934601,0.23925481736660004,0.0,0.0027570724487304688,0.00945138931274414,-0.006816387176513672,-0.015350103378295898,-0.002886056900024414,-0.008751153945922852,0.01661539077758789,0.03367948532104492,0.0,0.0014030933380126953,-0.021516799926757812,0.0028400421142578125,0.000270843505859375,-0.0007839202880859375,0.03302621841430664,0.0029420852661132812,0.01348567008972168
95557,0.1,3,0,0.03759042173624039,4,0.0008422769606113434,0.003309857100248337,4,0.0017153359949588776,0.004847582429647446,0.005778225604444742,0.010703972540795803,0.004364003427326679,0.006511373445391655,0.007459953427314758,0.007459953427314758,0.0,0.002250358462333679,0.005362692754715681,0.0,-0.0007185749709606171,-0.003332924097776413,0.0024675801396369934,0.003309857100248337,0.0008174441754817963,0.0012928061187267303,-0.0035093575716018677,-0.004981521517038345,0.0,-0.0012077763676643372,0.003132246434688568,0.002648182213306427,0.004847582429647446,0.001420535147190094,-0.00443335622549057,-0.003272388130426407,-0.005953922867774963
96126,0.1,1,0,0.3257615864276886,4,0.013655513525009155,0.06561684608459473,4,0.016659140586853027,0.06952860951423645,0.07588006556034088,0.11448078602552414,0.04741299897432327,0.08181679248809814,0.12242035567760468,0.12242035567760468,0.0,0.01654662936925888,0.04140455275774002,0.0,-0.01661321520805359,0.004135698080062866,0.05196133255958557,0.06561684608459473,0.01949286460876465,-0.006144970655441284,-0.06747907400131226,-0.08381304144859314,0.0,-0.027069956064224243,-0.003992050886154175,0.05286946892738342,0.06952860951423645,0.03096500039100647,0.0007498264312744141,-0.07139575481414795,-0.09488511085510254
96228,0.1,3,2,0.00011789103882620111,4,2.3839384084567428e-06,1.4541925338562578e-05,4,7.151757017709315e-07,8.701288606971502e-06,1.8743636246654205e-05,2.5227989681297913e-05,2.288576797582209e-05,3.3923537557711825e-05,2.1455372916534543e-05,2.1455372916534543e-05,0.0,7.289025234058499e-06,1.7915717762662098e-05,0.0,-6.317328370641917e-06,1.2157986930105835e-05,1.013164728647098e-05,1.4541925338562578e-05,6.317364750429988e-06,-2.6580186386127025e-05,-1.907104888232425e-05,-2.717614552238956e-05,0.0,-4.291017830837518e-06,5.363799573387951e-06,7.98611290520057e-06,8.701288606971502e-06,4.410234396345913e-06,-1.287299528485164e-05,-1.251542562386021e-05,-1.4780096535105258e-05
96389,0.1,3,6,0.049974698573350906,2,5.736947059631348e-07,0.006504543125629425,4,0.0008504875004291534,0.010478388518095016,0.011830311268568039,0.016901317983865738,0.012048861011862755,0.017260326072573662,0.015598990023136139,0.015598990023136139,0.0,0.0018177551683038473,0.0047153751365840435,0.0,-0.002413712441921234,0.006504543125629425,0.005428910255432129,0.006503969430923462,0.0027529001235961914,-0.009612012654542923,-0.00783250480890274,-0.009617175906896591,0.0,-0.004642616957426071,0.007589787244796753,0.009627901017665863,0.010478388518095016,0.005053643137216568,-0.011159054934978485,-0.01377890631556511,-0.01491551473736763
97174,0.1,3,2,0.0010408704401925206,4,3.7047313526272774e-05,0.00033778283977881074,4,6.538885645568371e-05,0.00020139344269409776,0.00031908677192404866,0.00037181758671067655,0.00022477272432297468,0.0003877810959238559,0.0004715697723440826,0.0004715697723440826,0.0,4.8466135922353715e-05,0.00014277186710387468,0.0,-6.99006486684084e-05,0.00030073552625253797,0.0002190218074247241,0.00033778283977881074,7.85993761382997e-05,-0.0006179807242006063,-0.000378143391571939,-0.000694502261467278,0.0,-4.108354914933443e-05,5.954294465482235e-06,0.00013600458623841405,0.00020139344269409776,4.739698488265276e-05,-5.215802229940891e-05,-0.00019444734789431095,-0.0002840971574187279
97375,0.1,3,6,0.01263953372836113,2,3.178603947162628e-06,7.039401680231094e-05,4,0.000749458558857441,0.0031882449984550476,0.0023491817992180586,0.0044807870872318745,0.002962916623800993,0.004467284306883812,0.0033313781023025513,0.0031845849007368088,0.0001467932015657425,0.000752014690078795,0.0024626997765153646,0.0,-7.686298340559006e-05,7.039401680231094e-05,6.721541285514832e-05,2.5073066353797913e-05,6.721541285514832e-05,-0.0007683644071221352,-0.00028482265770435333,-0.00042732153087854385,0.0,-0.0011624367907643318,0.001455036923289299,0.0024387864395976067,0.0031882449984550476,0.0013150013983249664,-0.0017562508583068848,-0.0032624751329421997,-0.004246613010764122
97604,0.1,0,1,2.9486401081085205,8,0.0,0.008722782135009766,8,0.0,2.384185791015625e-07,0.21804781258106232,0.30075734853744507,0.18790090084075928,0.3261505961418152,0.008723258972167969,0.008723258972167969,0.0,0.14481131732463837,0.3334192931652069,0.0,0.0053212642669677734,-0.007151126861572266,-0.007151365280151367,-0.007151126861572266,-0.0065114498138427734,0.008722782135009766,0.008722782135009766,0.008722782135009766,0.0,0.0,2.384185791015625e-07,0.0,0.0,0.0,0.0,2.384185791015625e-07,2.384185791015625e-07
1034,0.2,2,6,0.03972982242703438,4,0.0006997622549533844,0.007733125239610672,8,0.0003350749611854553,0.006255924701690674,0.01780308596789837,0.02111286297440529,0.012589199468493462,0.016176775097846985,0.013010868802666664,0.0018223412334918976,0.011188527569174767,0.0024307705461978912,0.006650920957326889,0.0,-0.002803277224302292,0.007033362984657288,0.005778297781944275,0.007733125239610672,0.003950122743844986,-0.015422817319631577,-0.011352840811014175,-0.015930797904729843,0.0,0.003057509660720825,-0.005991116166114807,-0.006640486419200897,-0.008963219821453094,-0.005882695317268372,0.005905289202928543,0.0059208497405052185,0.006255924701690674
1517,0.2,0,0,0.020291831344366074,4,0.0018427465111017227,0.0061936154961586,2,0.00010573863983154297,0.00025538913905620575,0.005905445199459791,0.008899260312318802,0.003949548117816448,0.006076338700950146,0.00644976831972599,0.005555104464292526,0.000894663855433464,0.0019037870224565268,0.0041654352098703384,0.0,-0.0012231189757585526,4.030205309391022e-05,0.004350868985056877,0.0061936154961586,0.0016464553773403168,-0.0004352740943431854,-0.010472545400261879,-0.01567038893699646,0.0,-0.00017649121582508087,0.00025538913905620575,7.31293112039566e-05,-0.00013502873480319977,0.00014965049922466278,-0.0005921926349401474,-0.0015295688062906265,-0.003215756267309189
2059,0.2,0,0,0.06715978682041168,4,0.008051920682191849,0.01842450723052025,8,0.0018744021654129028,0.009230736643075943,0.024988722056150436,0.03841652348637581,0.013622807338833809,0.025197047740221024,0.024743568152189255,0.005767807364463806,0.01897576078772545,0.00789412297308445,0.014801275916397572,0.0,-0.0022608712315559387,-0.005926556885242462,0.0103725865483284,0.01842450723052025,0.0035892874002456665,0.008733835071325302,-0.01503916084766388,-0.025271378457546234,0.0,0.0021691396832466125,0.004186950623989105,-0.007926292717456818,-0.015632688999176025,-0.003600001335144043,-0.0075433701276779175,0.00735633447766304,0.009230736643075943
2405,0.2,0,0,0.051090821623802185,8,0.00043004006147384644,0.0021967142820358276,4,0.0021888725459575653,0.005922701209783554,0.014928748831152916,0.021350253373384476,0.014109916985034943,0.02103620022535324,0.008115462958812714,0.0034090541303157806,0.004706408828496933,0.0033213540446013212,0.011421442963182926,0.0,0.0003672949969768524,0.0013041570782661438,-0.0017339326441287994,-0.0025872886180877686,-0.0006943419575691223,-0.0029214248061180115,0.0017666742205619812,0.0021967142820358276,0.0,-0.002580735832452774,0.0018476955592632294,0.0037338286638259888,0.005922701209783554,0.003218241035938263,-0.0037018805742263794,-0.007241234183311462,-0.01216069608926773
2505,0.2,3,6,0.02254743129014969,4,0.0002975091338157654,0.0007810834795236588,3,8.752569556236267e-06,0.0011604782193899155,0.0068898932076990604,0.009403081610798836,0.0073285154066979885,0.010156964883208275,0.001939665526151657,0.001939665526151657,0.0,0.0012225958053022623,0.0027703086379915476,0.0,-0.00030519999563694,-0.0002051088958978653,0.00048357434570789337,0.0007810834795236588,0.00037676654756069183,-0.00018401630222797394,-0.001011621206998825,-0.001554170623421669,0.0,-0.0007865279912948608,0.0002464205026626587,0.0011604782193899155,0.0011517256498336792,0.0009776465594768524,-0.0017751343548297882,-0.002046644687652588,-0.0022358689457178116
2701,0.2,2,2,0.4066765010356903,6,0.003872305154800415,0.009401708841323853,6,0.0004935562610626221,0.05933859944343567,0.16296260058879852,0.20559653639793396,0.15095414221286774,0.17591612040996552,0.06993788480758667,0.06993788480758667,0.0,0.025584453716874123,0.06763994693756104,0.0,0.0023787319660186768,-0.0093919038772583,-0.006274998188018799,-0.001035153865814209,-0.005074977874755859,0.009401708841323853,0.0055294036865234375,-0.002893298864364624,0.0,0.03104659914970398,-0.03604269027709961,-0.03206288814544678,-0.033628612756729126,-0.0405866801738739,0.05933859944343567,0.053869396448135376,0.05884504318237305
2931,0.2,0,2,0.0008204193436540663,8,0.0,8.099916158244014e-05,5,1.4413031749427319e-05,4.4429616536945105e-05,0.0002710051485337317,0.0003429868957027793,0.0003752134507521987,0.00045061708078719676,0.00012221588985994458,3.073125844821334e-05,9.148463141173124e-05,7.6409472967498e-05,0.00017798547924030572,0.0,4.240463022142649e-05,-7.170252501964569e-05,-7.170252501964569e-05,-7.170252501964569e-05,-7.706217002123594e-05,8.099916158244014e-05,8.099916158244014e-05,8.099916158244014e-05,0.0,-3.5018136259168386e-05,3.0016584787517786e-05,3.0016584787517786e-05,3.0016584787517786e-05,4.4429616536945105e-05,-5.1216629799455404e-05,-5.1216629799455404e-05,-5.1216629799455404e-05
3232,0.2,3,2,0.04036443307995796,6,0.0012939609587192535,0.0017655566334724426,7,0.001130562275648117,0.004164423793554306,0.0058662379160523415,0.009319578297436237,0.020298216491937637,0.022519784048199654,0.005490805953741074,0.004236400127410889,0.001254405826330185,0.0013318185228854418,0.003314706962555647,0.0,0.0004715956747531891,-0.0029571056365966797,-0.0009266212582588196,-0.0011729821562767029,-0.0012131184339523315,0.0017655566334724426,0.00018137693405151367,0.0001763366162776947,0.0,0.0017519071698188782,-0.00045591965317726135,-0.0022773072123527527,-0.0011012740433216095,-0.0017518140375614166,0.002870917320251465,0.004164423793554306,0.003033861517906189
3373,0.2,1,6,0.037610627710819244,4,0.004834305495023727,0.019456569105386734,4,0.005961837247014046,0.014395812526345253,0.023927489295601845,0.026655031368136406,0.01687762513756752,0.022422801703214645,0.026135709136724472,0.026135709136724472,0.0,0.0025877058506011963,0.005501514300704002,0.0,-0.006940290331840515,-0.0008425749838352203,0.014622263610363007,0.019456569105386734,0.008333133533596992,0.0005789175629615784,-0.040562890470027924,-0.06616413593292236,0.0,-0.005464419722557068,-0.0003722570836544037,0.008433975279331207,0.014395812526345253,0.0069798920303583145,0.00016097351908683777,-0.015394236892461777,-0.030350618064403534
3406,0.2,2,6,9.623198509216309,2,0.01755809783935547,0.0755157470703125,5,0.05077552795410156,0.15863895416259766,1.3618996143341064,1.7633341550827026,0.957058310508728,1.3739731311798096,0.229705810546875,0.17978191375732422,0.04992389678955078,0.2918532192707062,0.7089323401451111,0.0,-0.004761695861816406,0.0755157470703125,0.01221466064453125,-0.023710250854492188,0.020615577697753906,-0.07806110382080078,-0.0028514862060546875,0.05795764923095703,0.0,-0.020900726318359375,0.1078634262084961,0.08655452728271484,0.06150531768798828,0.15863895416259766,-0.0081024169921875,-0.04176616668701172,0.01887798309326172
3412,0.2,2,6,0.01817723736166954,4,0.00183773972094059,0.005251116119325161,4,0.002062862738966942,0.006549832411110401,0.009251534938812256,0.010558378882706165,0.006653329823166132,0.008129016496241093,0.009854325093328953,0.009854325093328953,0.0,0.000830805511213839,0.0029516329523175955,0.0,-0.0022485721856355667,0.00017771683633327484,0.003413376398384571,0.005251116119325161,0.0028136763721704483,-0.000626320019364357,-0.00698893703520298,-0.012761097401380539,0.0,-0.003784000873565674,0.003272666595876217,0.004486969672143459,0.006549832411110401,0.004317421466112137,-0.00760357640683651,-0.008844602853059769,-0.013779856264591217
3752,0.2,3,6,0.02410113625228405,5,0.0017029661685228348,0.009912887588143349,5,0.0008918493986129761,0.0027805808931589127,0.011910867877304554,0.016310956329107285,0.006849427707493305,0.010470886714756489,0.01108852494508028,0.01108852494508028,0.0,0.0007639565737918019,0.0024395803920924664,0.0,-0.017114190384745598,0.0070621557533741,0.007246168330311775,0.008209921419620514,0.009912887588143349,-0.022720659151673317,-0.022669924423098564,-0.02870326302945614,0.0,-0.004824239760637283,0.0009697210043668747,0.0017269160598516464,0.0018887314945459366,0.0027805808931589127,-0.0042607784271240234,-0.003817223012447357,-0.004604985937476158
4494,0.2,0,6,0.1475057601928711,2,0.003032892942428589,0.013163238763809204,4,0.010531619191169739,0.034147053956985474,0.04881754145026207,0.07332103699445724,0.06079188734292984,0.08175650238990784,0.044544681906700134,0.042220406234264374,0.0023242756724357605,0.010454501025378704,0.02488511987030506,0.0,-0.003859996795654297,0.013163238763809204,0.0065926313400268555,0.010130345821380615,0.005794957280158997,-0.020478367805480957,-0.00990431010723114,-0.01546826958656311,0.0,-0.0169963538646698,0.013032346963882446,0.023615434765815735,0.034147053956985474,0.023169293999671936,-0.021730318665504456,-0.038855716586112976,-0.05823643505573273
5115,0.2,3,6,0.7316533923149109,6,0.07116973400115967,0.4479686915874481,6,0.008603692054748535,0.16057837009429932,0.4721258282661438,0.5326625108718872,0.2778618335723877,0.38755032420158386,0.4976397454738617,0.4952954947948456,0.0023442506790161133,0.03132830187678337,0.07257094234228134,0.0,0.16361433267593384,-0.6597296595573425,-0.4028175473213196,-0.497256338596344,-0.30338960886001587,0.4479686915874481,0.33905985951423645,0.37679895758628845,0.0,0.09662759304046631,-0.3169233202934265,-0.20273178815841675,-0.24577581882476807,-0.23270267248153687,0.16057837009429932,0.1369132399559021,0.15197467803955078
5140,0.2,1,0,0.039025336503982544,3,0.0003446750342845917,0.004313353449106216,2,0.0029838308691978455,0.0030421875417232513,0.014001007191836834,0.018428301438689232,0.00692632794380188,0.0107195395976305,0.0069434382021427155,0.0021103471517562866,0.004833091050386429,0.004071693401783705,0.007824241183698177,0.0,-0.001219671219587326,-0.0010369010269641876,0.004313353449106216,0.003968678414821625,0.0015217140316963196,0.00028333067893981934,-0.008086837828159332,-0.008165758103132248,0.0,5.8356672525405884e-05,0.0030421875417232513,-0.0038314834237098694,-0.004732977598905563,-0.0007244199514389038,-0.006924819201231003,-0.0003827325999736786,-0.0012140609323978424
5457,0.2,1,9,0.007348767947405577,3,0.00010557658970355988,0.0002477089874446392,0,2.414034679532051e-05,0.0,0.0031768972985446453,0.004394778050482273,0.0003808040055446327,0.0010555092012509704,0.0002477089874446392,0.00017752032727003098,7.018866017460823e-05,0.00039154599653556943,0.0011030030436813831,0.0,-0.00019677402451634407,-0.0012502712197601795,0.0002477089874446392,-0.00022256607189774513,0.00014213239774107933,-0.0016093817539513111,-0.0011431868188083172,-0.002514916006475687,0.0,-9.584799408912659e-05,-0.0010320707224309444,-5.8574602007865906e-05,-0.0008806274272501469,-2.414034679532051e-05,-0.0024913079105317593,-0.00026290910318493843,-0.001507298555225134
5635,0.2,3,0,0.20284412801265717,5,0.007327228784561157,0.01793457567691803,5,0.01719619333744049,0.044112250208854675,0.06994566321372986,0.0906885638833046,0.05014171451330185,0.07129126042127609,0.056842803955078125,0.056842803955078125,0.0,0.008101548068225384,0.01746443845331669,0.0,-0.013953223824501038,0.008415505290031433,0.007647916674613953,0.010607346892356873,0.01793457567691803,-0.014443054795265198,-0.012349739670753479,-0.019158273935317993,0.0,-0.04222328960895538,0.026916056871414185,0.01688195765018463,0.018483445048332214,0.044112250208854675,-0.04664131999015808,-0.02748948335647583,-0.030096620321273804
5776,0.2,3,0,0.021371666342020035,5,5.355849862098694e-05,0.0021991953253746033,8,0.0,0.0,0.006882861256599426,0.010326978750526905,0.005253682378679514,0.009020428173244,0.0021991953253746033,0.0021991953253746033,0.0,0.0028173301834613085,0.006721481215208769,0.0,-0.0017821136862039566,0.0021456368267536163,0.0021456368267536163,0.0021455194801092148,0.0021991953253746033,-0.0040800850838422775,-0.0040800850838422775,-0.0040800850838422775,0.0,0.0,0.0,0.0,0.0,0.0,0.0,0.0,0.0
5926,0.2,3,2,0.11391189694404602,5,0.004323869943618774,0.01699550449848175,5,3.0234456062316895e-05,0.022114455699920654,0.03734854608774185,0.05414695665240288,0.05508476495742798,0.0679352805018425,0.035970136523246765,0.035970136523246765,0.0,0.004694437608122826,0.010766658931970596,0.0,-0.01773260533809662,0.008528590202331543,0.009434811770915985,0.012671634554862976,0.01699550449848175,-0.017886728048324585,-0.018702149391174316,-0.02584049105644226,0.0,-0.0155600905418396,-0.0069644153118133545,0.01601441204547882,0.022084221243858337,0.022114455699920654,0.010667368769645691,-0.02474595606327057,-0.03307294845581055
6530,0.2,0,2,0.00018559163436293602,4,2.9202026780694723e-05,5.494678043760359e-05,4,3.850050416076556e-05,9.821504499996081e-05,5.380254515330307e-05,6.391019269358367e-05,6.16634642938152e-05,7.624693535035476e-05,0.00012300870730541646,0.00012300870730541646,0.0,6.287696123763453e-06,1.84394812094979e-05,0.0,-8.462258847430348e-06,9.296636562794447e-06,2.574475365690887e-05,5.494678043760359e-05,1.1442025424912572e-05,-1.9904065993614495e-05,-6.292885518632829e-05,-0.0001708997879177332,0.0,-2.598247374407947e-05,3.146589733660221e-05,5.971454083919525e-05,9.821504499996081e-05,3.253862087149173e-05,-6.233295425772667e-05,-0.0001481386716477573,-0.00031341315479949117
7004,0.2,3,2,0.0001134808044298552,5,4.529480065684766e-06,1.1323660146445036e-05,5,2.4435677914880216e-05,3.432897210586816e-05,2.826174022629857e-05,4.0944581996882334e-05,2.9990176699357107e-05,5.009327287552878e-05,4.1719387809280306e-05,4.1719387809280306e-05,0.0,1.2629367120098323e-05,2.8870723326690495e-05,0.0,-2.3719672753941268e-05,2.3839165805839002e-06,3.5758785088546574e-06,6.79418008076027e-06,1.1323660146445036e-05,-4.648623871617019e-06,-6.5557469497434795e-06,-1.2753858754877001e-05,0.0,-5.804665124742314e-05,5.24462666362524e-06,7.986149284988642e-06,9.893294190987945e-06,3.432897210586816e-05,-8.939641702454537e-06,-1.3826611393596977e-05,-1.7402424418833107e-05
7026,0.2,3,2,0.0007656264933757484,5,0.00011091720080003142,0.00022051180712878704,5,4.050321877002716e-06,6.57553318887949e-05,0.00025771759101189673,0.0003215453471057117,0.0003139168838970363,0.0004774259286932647,0.0002634046832099557,0.0002634046832099557,0.0,5.651102401316166e-05,0.00013941321230959147,0.0,-0.0002677415614016354,6.432580994442105e-05,8.672167314216495e-05,0.00010959460632875562,0.00022051180712878704,-0.00012387515744194388,-0.00016949063865467906,-0.00022415508283302188,0.0,-0.00011839636135846376,-6.0867518186569214e-05,4.883954534307122e-05,5.9441663324832916e-05,6.57553318887949e-05,6.170501001179218e-05,-9.26695647649467e-05,-0.00011672888649627566
7328,0.2,3,2,0.0002369599969824776,5,3.873569949064404e-05,6.733956979587674e-05,1,1.7877464415505528e-06,2.0141800632700324e-05,8.742926002014428e-05,0.00011824651301139966,7.838282908778638e-05,0.00011753134458558634,8.43837478896603e-05,2.1929561626166105e-05,6.24541862634942e-05,2.5638955776230432e-05,5.9419500757940114e-05,0.0,-9.021598089020699e-05,2.181038144044578e-05,2.7769579901359975e-05,2.8603870305232704e-05,6.733956979587674e-05,-4.2665909859351814e-05,-5.6251868954859674e-05,-5.7443612604402006e-05,0.0,2.0141800632700324e-05,-1.608931052032858e-05,-1.1798852938227355e-05,-4.6480417950078845e-06,-7.174441998358816e-05,1.835405419114977e-05,1.4301840565167367e-05,3.932989784516394e-06
7540,0.2,1,0,1.7082104682922363,2,0.02966928482055664,0.046108365058898926,8,0.02272486686706543,0.0376286506652832,0.25788092613220215,0.42551109194755554,0.31134024262428284,0.5054922103881836,0.07647037506103516,0.07647037506103516,0.0,0.068656787276268,0.13055865466594696,0.0,-0.003342747688293457,0.046108365058898926,-0.029487133026123047,-0.06790554523468018,-0.016746878623962402,-0.09046506881713867,0.0010360479354858398,0.016439080238342285,0.0,0.013524889945983887,0.012696027755737305,-0.016414880752563477,-0.039283156394958496,-0.024206876754760742,-0.01985931396484375,0.014903783798217773,0.0376286506652832
8092,0.2,0,0,0.14001129567623138,4,0.0017693638801574707,0.027363501489162445,4,0.007244318723678589,0.04124048352241516,0.058001480996608734,0.08139777183532715,0.032146796584129333,0.046247415244579315,0.05219922214746475,0.05219922214746475,0.0,0.007822910323739052,0.02098747342824936,0.0,-0.009830161929130554,0.009340211749076843,0.025594137609004974,0.027363501489162445,0.012817636132240295,-0.017167553305625916,-0.04773586988449097,-0.05135472118854523,0.0,-0.017063230276107788,-0.0010372549295425415,0.03399616479873657,0.04124048352241516,0.02115817368030548,0.00013130903244018555,-0.0602279007434845,-0.0657823383808136
8903,0.2,3,0,0.022380981594324112,6,0.0007339678704738617,0.0007339678704738617,4,0.0010884329676628113,0.002696538344025612,0.006610851734876633,0.00989222340285778,0.004352194257080555,0.006621598266065121,0.003598365932703018,0.0022624023258686066,0.0013359636068344116,0.0017423133831471205,0.004191815387457609,0.0,-6.294623017311096e-05,-0.004505673423409462,-0.0001310165971517563,-0.00021924450993537903,-5.9332698583602905e-05,0.0007339678704738617,-0.0004927404224872589,-0.0022264719009399414,0.0,-0.0009893141686916351,-0.0029901135712862015,0.0014678891748189926,0.002696538344025612,0.0013332944363355637,0.0016081053763628006,-0.0024981386959552765,-0.0046106912195682526
9052,0.2,1,9,0.043613504618406296,6,0.0025199875235557556,0.019704630598425865,4,0.004533305764198303,0.012880571186542511,0.02141355164349079,0.026065025478601456,0.013058828189969063,0.017074866220355034,0.026750097051262856,0.025614099577069283,0.001135997474193573,0.003985620103776455,0.009733960032463074,0.0,-0.0030747316777706146,-0.023090172559022903,0.012285515666007996,0.01718464307487011,0.004127047955989838,0.019704630598425865,-0.026462439447641373,-0.036637742072343826,0.0,-0.00375235453248024,0.005947425961494446,0.008347265422344208,0.012880571186542511,0.0048516616225242615,-0.011980362236499786,-0.015178944915533066,-0.021177832037210464
9207,0.2,0,6,0.02890337072312832,4,0.0004927534610033035,0.002533838152885437,6,0.0005658920854330063,0.0034101326018571854,0.011890063062310219,0.01670575514435768,0.009592356160283089,0.013357429765164852,0.005676908418536186,0.001659587025642395,0.004017321392893791,0.0011926600709557533,0.003098568879067898,0.0,-0.0013193991035223007,0.0010320786386728287,0.0020410846918821335,0.002533838152885437,0.0017938148230314255,-0.0017799679189920425,-0.0035564247518777847,-0.00454193539917469,0.0,0.001708194613456726,-0.0025833453983068466,-0.0018130317330360413,-0.002005144953727722,-0.0025311317294836044,0.0034101326018571854,0.002658659592270851,0.002844240516424179
9457,0.2,3,0,0.04130867123603821,5,0.0053565613925457,0.014712639153003693,2,0.0002567283809185028,0.00031197816133499146,0.018382709473371506,0.026201799511909485,0.008169712498784065,0.01174925733357668,0.014933796599507332,0.013910844922065735,0.001022951677441597,0.004899587016552687,0.01213670801371336,0.0,-0.01885942742228508,0.008650172501802444,0.007151369005441666,0.009356077760457993,0.014712639153003693,-0.01760595291852951,-0.014069005846977234,-0.020181622356176376,0.0,-0.0017398856580257416,0.00031197816133499146,5.524978041648865e-05,-7.0914626121521e-05,-0.0018923133611679077,-0.0014058351516723633,-0.00047721341252326965,-0.0007306523621082306
9522,0.2,0,0,0.07864712923765182,4,0.0031506866216659546,0.011890150606632233,4,0.0011659115552902222,0.0030983537435531616,0.028441453352570534,0.03594347834587097,0.016953790560364723,0.023681700229644775,0.01426156610250473,0.01426156610250473,0.0,0.004339339677244425,0.011550072580575943,0.0,-0.0018344670534133911,-0.0063289254903793335,0.007911443710327148,0.011890150606632233,0.0026959776878356934,0.008739463984966278,-0.01088426262140274,-0.01599983125925064,0.0,-0.0011187195777893066,0.0009057521820068359,0.0019324421882629395,0.0030983537435531616,0.0015295445919036865,-0.0016189664602279663,-0.002716533839702606,-0.005602143704891205
9664,0.2,1,1,0.29876813292503357,4,0.00011217594146728516,0.19892892241477966,4,0.012722417712211609,0.18085932731628418,0.1919797658920288,0.22289179265499115,0.15648184716701508,0.19468343257904053,0.2571774125099182,0.2549251616001129,0.002252250909805298,0.015797743573784828,0.03429258614778519,0.0,-0.05235108733177185,0.0284864604473114,0.19881674647331238,0.19892892241477966,0.07117274403572083,-0.010874032974243164,-0.2823719084262848,-0.2436610758304596,0.0,-0.05992245674133301,0.009814411401748657,0.16813690960407257,0.18085932731628418,0.07750633358955383,-0.05040135979652405,-0.2670964300632477,-0.24468639492988586
10681,0.2,3,2,0.00043501926120370626,2,2.8007518267259002e-05,0.00021093091345392168,2,7.400967297144234e-05,0.00021128845401108265,0.00013793472317047417,0.0001964622497325763,0.0001481067738495767,0.00021700328215956688,0.0003201081126462668,0.0003201081126462668,0.0,3.180429484928027e-05,8.496759983245283e-05,0.0,-0.00014607637422159314,0.00021093091345392168,0.00012071375385858119,0.00018292339518666267,0.00013858970487490296,-0.000894710305146873,-0.000313930562697351,-0.0006576519226655364,0.0,-0.00010247016325592995,0.00021128845401108265,7.399948663078249e-05,0.0001372787810396403,0.00010593657498247921,-0.0005884645506739616,-0.0001527481945231557,-0.0003259616205468774
11027,0.2,2,2,2.012129068374634,8,0.06875288486480713,0.4927709102630615,8,0.05428636074066162,0.16884136199951172,0.6011265516281128,0.8475225567817688,0.4105471670627594,0.7020102739334106,0.6358568668365479,0.6358568668365479,0.0,0.06896061450242996,0.23979957401752472,0.0,0.10981237888336182,-0.17325830459594727,-0.2619054317474365,-0.310330867767334,-0.15534543991088867,0.308954119682312,0.4240180253982544,0.4927709102630615,0.0,0.03976714611053467,0.1041407585144043,-0.21360278129577637,-0.30707359313964844,-0.0843803882598877,-0.2123866081237793,0.1145550012588501,0.16884136199951172
11462,0.2,1,2,1.5020933151245117,7,0.07057589292526245,0.6639263033866882,6,0.41824668645858765,0.5613154768943787,0.9207890629768372,1.0146377086639404,0.5466362237930298,0.7058552503585815,1.0139002799987793,0.7980258464813232,0.21587443351745605,0.0776183232665062,0.23146679997444153,0.0,0.13054943084716797,-0.24499309062957764,-0.8184657096862793,-0.8141834735870361,-0.21077942848205566,0.3312511444091797,0.6639263033866882,0.5933504104614258,0.0,0.04310798645019531,-0.4634612798690796,-0.10259091854095459,-0.0049588680267333984,-0.06873488426208496,0.5613154768943787,0.14306879043579102,0.07168889045715332
11911,0.2,0,0,0.24057449400424957,4,0.018931955099105835,0.05177028477191925,4,0.0033752471208572388,0.006793498992919922,0.10325296223163605,0.14062397181987762,0.04950237274169922,0.08130649477243423,0.05894653499126434,0.05894653499126434,0.0,0.014012446627020836,0.03563504293560982,0.0,-0.010713502764701843,0.007796749472618103,0.032838329672813416,0.05177028477191925,0.01537264883518219,-0.012025371193885803,-0.05526356399059296,-0.09152032434940338,0.0,-0.0020812153816223145,-0.002003118395805359,0.003418251872062683,0.006793498992919922,0.002482995390892029,0.0021530836820602417,-0.008636340498924255,-0.019416585564613342
12006,0.2,3,2,5.6503606174374e-05,4,1.311236701440066e-06,7.032973371678963e-06,4,2.0264596969354898e-06,8.344213711097836e-06,1.7558690160512924e-05,2.0073910491191782e-05,1.5573941709590144e-05,2.030636096606031e-05,1.4066001313040033e-05,1.4066001313040033e-05,0.0,2.3543100269307615e-06,7.9807923611952e-06,0.0,-4.887293471256271e-06,-7.152157195378095e-07,5.721736670238897e-06,7.032973371678963e-06,4.8873152991291136e-06,-4.291283403290436e-06,-1.4661807654192671e-05,-1.8714625184657052e-05,0.0,-7.867336535127833e-06,-5.960137059446424e-07,6.317754014162347e-06,8.344213711097836e-06,6.19855200056918e-06,-9.536157449474558e-06,-1.692661680863239e-05,-2.145622784155421e-05
12837,0.2,0,8,0.0005567907355725765,6,9.531504474580288e-07,5.837995558977127e-06,4,1.4773919247090816e-05,1.9539613276720047e-05,8.046075527090579e-05,0.00010975452460115775,0.0002541407011449337,0.0002831653691828251,2.5377725251019e-05,1.942046219483018e-05,5.957263056188822e-06,1.7393786038155667e-05,5.557152326218784e-05,0.0,1.3105454854667187e-06,-4.169996827840805e-06,-3.5742996260523796e-06,-2.3830216377973557e-07,-2.3829052224755287e-06,5.837995558977127e-06,4.884845111519098e-06,-8.340575732290745e-07,0.0,-2.621149178594351e-06,-2.978602424263954e-06,-3.2169045880436897e-06,1.9539613276720047e-05,3.8125435821712017e-06,4.289147909730673e-06,4.7656940296292305e-06,-3.0738417990505695e-05
13263,0.2,3,4,0.17232848703861237,4,0.013206303119659424,0.07696117460727692,2,0.012973591685295105,0.07573544234037399,0.09396622329950333,0.11431926488876343,0.06305231153964996,0.08025746047496796,0.11859603226184845,0.1122683733701706,0.0063276588916778564,0.01117947231978178,0.03484337404370308,0.0,-0.030577540397644043,0.024402841925621033,0.06375487148761749,0.07696117460727692,0.037597596645355225,-0.08321060240268707,-0.12001718580722809,-0.1428995579481125,0.0,-0.05201311409473419,0.07573544234037399,0.05567088723182678,0.06276185065507889,0.054152294993400574,-0.2128015011548996,-0.11676453053951263,-0.1336808055639267
14103,0.2,3,11,0.7383241653442383,8,0.028614044189453125,0.12202000617980957,8,0.003028392791748047,0.012983322143554688,0.15380673110485077,0.20935623347759247,0.19684092700481415,0.31223049759864807,0.12640351057052612,0.12640351057052612,0.0,0.05369032546877861,0.14544466137886047,0.0,0.05369102954864502,-0.07313656806945801,-0.05906862020492554,-0.10346204042434692,-0.0900833010673523,0.09340596199035645,0.07619017362594604,0.12202000617980957,0.0,-0.006096780300140381,0.002976536750793457,0.00995492935180664,-0.030593037605285645,-0.02196180820465088,-0.022767305374145508,-0.033412277698516846,0.012983322143554688
14580,0.2,1,0,0.09134307503700256,6,0.0054155439138412476,0.007480248808860779,6,0.017464831471443176,0.035861074924468994,0.03596452623605728,0.045503463596105576,0.023775514215230942,0.03774363547563553,0.03918195515871048,0.03918195515871048,0.0,0.005719645414501429,0.012706153094768524,0.0,-0.0005719214677810669,-0.00871758908033371,0.0020647048950195312,-0.002040259540081024,0.0004406347870826721,0.007480248808860779,-0.007070198655128479,-0.0046490952372550964,0.0,-0.004716239869594574,-0.04301674664020538,0.014268748462200165,0.018396243453025818,0.006467215716838837,0.035861074924468994,-0.02035793662071228,-0.023623399436473846
14929,0.2,0,6,0.03927718475461006,8,0.0,0.029130365699529648,0,0.0001171305775642395,0.0,0.02812262251973152,0.02998044528067112,0.018281366676092148,0.023651940748095512,0.029130365699529648,0.028817933052778244,0.0003124326467514038,0.0009502664906904101,0.0029589971527457237,0.0,0.018817855045199394,-0.10281603038311005,-0.10281592607498169,-0.10281603038311005,-0.08066728711128235,0.029130365699529648,0.029130365699529648,0.029130365699529648,0.0,-0.0001171305775642395,-0.0008244514465332031,-0.0008244514465332031,-0.0008244514465332031,-0.0013110563158988953,-0.00021729245781898499,-0.00021729245781898499,-0.00021729245781898499
14937,0.2,3,2,0.00038485272671096027,2,1.6445672372356057e-05,7.710169302299619e-05,4,3.468082286417484e-05,0.0001399076427333057,5.44060421816539e-05,0.0001074673782568425,0.00018516795535106212,0.00023379619233310223,0.00018948779325000942,0.00017888029105961323,1.060750219039619e-05,1.5566027286695316e-05,5.398860230343416e-05,0.0,-5.9222482377663255e-05,7.710169302299619e-05,5.314828013069928e-05,6.065602065064013e-05,5.32674603164196e-05,-0.0003132315760012716,-0.00017229546210728586,-0.00021316061611287296,0.0,-8.960688137449324e-05,5.004988634027541e-05,9.998309542424977e-05,0.0001399076427333057,0.00010522681986913085,-8.90111259650439e-05,-0.0001936218177434057,-0.0003094195562880486
15048,0.2,2,0,0.05482746288180351,6,0.015349354594945908,0.01644527167081833,6,0.007962211966514587,0.007962211966514587,0.022821921855211258,0.032877352088689804,0.012592543847858906,0.01903587579727173,0.02202417328953743,0.02202417328953743,0.0,0.005455047357827425,0.010944683104753494,0.0,0.0010959170758724213,-0.01930026337504387,-0.004399105906486511,-0.006666980683803558,-0.002584066241979599,0.01644527167081833,0.001004185527563095,0.0007767044007778168,0.0,-0.0004545673727989197,-0.011220727115869522,-0.0002862587571144104,-0.0005378089845180511,-0.000296860933303833,0.007962211966514587,-0.0051185861229896545,-0.00721600279211998
15323,0.2,0,6,0.04381855949759483,2,0.0014171414077281952,0.0038800202310085297,6,4.5768916606903076e-05,0.00033242255449295044,0.01756451465189457,0.021461356431245804,0.01615174487233162,0.023188035935163498,0.004252921789884567,0.003130964934825897,0.00112195685505867,0.0027916221879422665,0.007172008510679007,0.0,-0.0014072135090827942,0.0038800202310085297,0.00191434845328331,0.0024628788232803345,0.0019428133964538574,-0.007186625152826309,-0.0032010413706302643,-0.004241731017827988,0.0,0.0002023167908191681,-0.0008186660706996918,-0.0003396160900592804,-0.0004603974521160126,-0.0004519559442996979,0.00033242255449295044,0.00024534016847610474,0.00028665363788604736
15394,0.2,3,2,0.15004360675811768,4,0.007701665163040161,0.02130994200706482,4,0.014305487275123596,0.04196954518556595,0.06016656756401062,0.0775337666273117,0.06228010728955269,0.08200281113386154,0.0578499436378479,0.0578499436378479,0.0,0.006374464835971594,0.016111185774207115,0.0,-0.011593729257583618,0.005452737212181091,0.012729614973068237,0.02130994200706482,0.013608276844024658,-0.015010207891464233,-0.026164770126342773,-0.04379890859127045,0.0,-0.018294483423233032,0.027664057910442352,0.026126421988010406,0.04196954518556595,0.027251094579696655,-0.034860894083976746,-0.03206507861614227,-0.05010542273521423
15483,0.2,3,2,0.000310730334604159,5,8.223374607041478e-06,6.280574598349631e-05,7,7.1504327934235334e-06,2.0378647604957223e-05,0.00010391776595497504,0.0001302816381212324,0.00010437714081490412,0.00014487032603938133,7.937186455819756e-05,4.87426295876503e-05,3.062923497054726e-05,2.5423152692383155e-05,5.2863775636069477e-05,0.0,-5.815437179990113e-05,5.458237137645483e-05,4.3737178202718496e-05,5.184128531254828e-05,6.280574598349631e-05,-0.00012095252168364823,-8.71111114975065e-05,-0.00010867920354939997,0.0,1.322821481153369e-05,-7.746159099042416e-06,-1.7756508896127343e-05,-1.0367919458076358e-05,-2.8958427719771862e-05,6.912014214321971e-06,2.0378647604957223e-05,1.024885568767786e-05
15633,0.2,0,0,0.6472827792167664,4,0.07323777675628662,0.12513625621795654,4,0.021177351474761963,0.03587687015533447,0.16559067368507385,0.267892450094223,0.10570067167282104,0.16861456632614136,0.16012924909591675,0.16012924909591675,0.0,0.03883369639515877,0.11826259642839432,0.0,-0.008969366550445557,-0.016126573085784912,0.05189847946166992,0.12513625621795654,0.012853443622589111,0.024351835250854492,-0.06103450059890747,-0.10102224349975586,0.0,-0.0044373273849487305,-0.0037518739700317383,0.01469951868057251,0.03587687015533447,0.006348252296447754,0.004654645919799805,-0.022601962089538574,-0.03769594430923462
15856,0.2,1,2,0.000161038784426637,4,2.3838510969653726e-06,2.2050415282137692e-05,6,2.3838947527110577e-07,8.104965672828257e-06,5.8619458286557347e-05,7.00266391504556e-05,3.813576768152416e-05,6.120598845882341e-05,2.812925959005952e-05,9.654439054429531e-06,1.8474820535629988e-05,1.3350186236493755e-05,3.401948561077006e-05,0.0,-1.6805657651275396e-05,1.3468568795360625e-05,1.966656418517232e-05,2.2050415282137692e-05,1.8593826098367572e-05,-3.229999856557697e-05,-4.374180571176112e-05,-5.0773684051819146e-05,0.0,5.959518603049219e-06,-1.5375408111140132e-05,-1.4064324204809964e-05,-1.4421893865801394e-05,-1.8116727005690336e-05,8.104965672828257e-06,7.866576197557151e-06,2.3838074412196875e-06
16034,0.2,0,6,0.021907707676291466,6,4.502199590206146e-05,0.00011814944446086884,4,0.0006605982780456543,0.004086753353476524,0.007642445154488087,0.011091670021414757,0.008169613778591156,0.011098350398242474,0.004198009148240089,0.0036383476108312607,0.0005596615374088287,0.0007476104074157774,0.002612529555335641,0.0,-2.3325905203819275e-05,-0.00021293573081493378,-0.0002224985510110855,7.312744855880737e-05,-2.4491921067237854e-05,0.00011814944446086884,-0.00030038319528102875,-0.0013461243361234665,0.0,-0.0013051275163888931,-0.001224057748913765,0.00342615507543087,0.004086753353476524,0.0016802437603473663,0.0013313554227352142,-0.006718369200825691,-0.008587520569562912
17018,0.2,0,6,0.023637408390641212,2,2.561137080192566e-06,1.5484169125556946e-05,4,0.003565390594303608,0.011827146634459496,0.007242641411721706,0.009618312120437622,0.008532700128853321,0.011400490999221802,0.011827146634459496,0.011227557435631752,0.0005995891988277435,0.0013562857639044523,0.0033805985003709793,0.0,1.292303204536438e-05,1.5484169125556946e-05,-0.0008684992790222168,-0.0014198366552591324,-0.0003041718155145645,-0.0003160424530506134,-0.0008518639951944351,-0.002195451408624649,0.0,-0.004580114036798477,-0.00103052519261837,0.008261756040155888,0.011827146634459496,0.005615172907710075,0.0011216811835765839,-0.018048318102955818,-0.030050868168473244
17214,0.2,1,8,1.1621413230895996,7,0.03037881851196289,0.27190661430358887,8,0.01739943027496338,0.13838481903076172,0.47276028990745544,0.5556806325912476,0.2384844273328781,0.34681782126426697,0.3872842788696289,0.36912280321121216,0.018161475658416748,0.06937910616397858,0.2689056992530823,0.0,0.045740604400634766,-0.0810774564743042,-0.3580622673034668,-0.3761078119277954,-0.08191561698913574,0.050930023193359375,0.27190661430358887,0.24152779579162598,0.0,0.032544612884521484,-0.10624182224273682,-0.13289153575897217,-0.2113407850265503,-0.05209088325500488,0.12098538875579834,0.10158276557922363,0.13838481903076172
18254,0.2,3,2,0.0007244108128361404,5,1.9062426872551441e-06,0.00014903390547260642,5,6.887203198857605e-05,0.0003098868182860315,0.00030573009280487895,0.0004037833132315427,0.00027517887065187097,0.00039980324800126255,0.00039842654950916767,0.00039842654950916767,0.0,8.403226092923433e-05,0.00018945973715744913,0.0,-0.00015734904445707798,0.00014712766278535128,0.00013533281162381172,0.00013426056830212474,0.00014903390547260642,-0.0003986250958405435,-0.00033289327984675765,-0.0003456351696513593,0.0,-0.00036349723814055324,0.00024101478629745543,0.00021658901823684573,0.00023553380742669106,0.0003098868182860315,-0.0006099617457948625,-0.0005043584969826043,-0.0005769843119196594
18528,0.2,3,6,0.030199522152543068,5,4.549883306026459e-05,0.0009741261601448059,5,0.0023718643933534622,0.010183177888393402,0.012989665381610394,0.016572898253798485,0.011219105683267117,0.01595078408718109,0.010852349922060966,0.010852349922060966,0.0,0.0021100102458149195,0.005359722301363945,0.0,-0.0010340698063373566,0.0005408711731433868,0.0007980465888977051,0.0009286273270845413,0.0009741261601448059,-0.001526741310954094,-0.0017687734216451645,-0.0021712947636842728,0.0,-0.009808199480175972,0.00445309653878212,0.006381090730428696,0.00781131349503994,0.010183177888393402,-0.00795549713075161,-0.012075120583176613,-0.015351036563515663
18778,0.2,3,2,0.000625176471658051,4,3.2650656066834927e-05,0.00025295515661127865,4,2.1091283997520804e-05,0.00022078113397583365,0.00026082037948071957,0.0002980421995744109,0.00022052638814784586,0.00031738373218104243,0.0003823766310233623,0.0003823766310233623,0.0,3.470464434940368e-05,8.421282836934552e-05,0.0,-0.00021346675930544734,0.00018241198267787695,0.00022030450054444373,0.00025295515661127865,0.00020088141900487244,-0.0006113318959251046,-0.0006844333838671446,-0.0008898981614038348,0.0,-0.00020679662702605128,0.0001470231218263507,0.0001861058408394456,0.00022078113397583365,0.00019968984997831285,-0.00034328753827139735,-0.00042141007725149393,-0.0005207216599956155
18995,0.2,2,8,0.0018730491865426302,6,0.0002431629691272974,0.00042653747368603945,4,0.00014510354958474636,0.0004815340507775545,0.0005119304405525327,0.0007313662790693343,0.0006393994553945959,0.0008179899305105209,0.0008240810129791498,0.00017897121142596006,0.0006451098015531898,8.883656846592203e-05,0.00036959347198717296,0.0,0.0001561220269650221,-0.002106928499415517,-0.00020725256763398647,-0.00046512787230312824,-0.00038092141039669514,0.00042653747368603945,0.00011030619498342276,0.00018337450455874205,0.0,-0.00029551819898188114,-8.150236681103706e-05,0.00033643050119280815,0.0004815340507775545,0.00033512129448354244,-0.00019380985759198666,-0.0006829856429249048,-0.0010321484878659248
19266,0.2,3,2,6.480099678039551,6,0.11294126510620117,1.684089183807373,8,0.0034093856811523438,0.07877349853515625,1.673041582107544,2.038684368133545,0.6232994198799133,0.8560789227485657,1.7534961700439453,1.6861748695373535,0.0673213005065918,0.20717158913612366,0.530822217464447,0.0,1.234471321105957,-1.062643051147461,-0.8606715202331543,-0.991783618927002,-1.5403223037719727,1.684089183807373,1.3713579177856445,1.5711479187011719,0.0,0.06756782531738281,0.03535032272338867,-0.038761138916015625,-0.027949810028076172,-0.032643795013427734,0.015305519104003906,0.0753641128540039,0.07877349853515625
19776,0.2,0,8,0.042011890560388565,4,0.005845431238412857,0.019943252205848694,4,0.006605962291359901,0.024844354018568993,0.01993105188012123,0.025922216475009918,0.020997731015086174,0.02675451524555683,0.032774366438388824,0.032774366438388824,0.0,0.0023075584322214127,0.00574589055031538,0.0,-0.0031150951981544495,-0.0018835701048374176,0.014097820967435837,0.019943252205848694,0.004490472376346588,0.0026615820825099945,-0.028324317187070847,-0.03898443654179573,0.0,-0.006289806216955185,-0.011761680245399475,0.01823839172720909,0.024844354018568993,0.0083266980946064,0.013625990599393845,-0.03712867572903633,-0.04581001028418541
19803,0.2,0,0,0.06377508491277695,6,0.0073746927082538605,0.007386106997728348,7,0.002558007836341858,0.004398085176944733,0.02262074500322342,0.034424323588609695,0.019948992878198624,0.025481706485152245,0.010955307632684708,0.005051538348197937,0.005903769284486771,0.003204907523468137,0.007847066037356853,0.0,1.1414289474487305e-05,-0.005994059145450592,-0.00011910498142242432,-0.01304105669260025,-0.00017311424016952515,0.007386106997728348,-0.005258142948150635,-0.0022614970803260803,0.0,0.0008328035473823547,0.0014004893600940704,-0.008664049208164215,-0.015524834394454956,-0.0016217604279518127,-0.002524040639400482,0.004398085176944733,0.0018400773406028748
19832,0.2,1,1,3.3634562492370605,4,0.14570021629333496,0.3731811046600342,8,0.00871419906616211,0.5131545066833496,1.0173496007919312,1.3916029930114746,0.5625312328338623,0.810463547706604,1.0078396797180176,0.16071701049804688,0.8471226692199707,0.37478581070899963,0.8049880862236023,0.0,-0.08161807060241699,0.22203469276428223,0.22748088836669922,0.3731811046600342,0.11584734916687012,-0.3551616668701172,-0.3443756103515625,-0.4765801429748535,0.0,0.24967598915100098,-0.26000380516052246,-0.6569037437438965,-0.7964749336242676,-0.43218564987182617,0.35608792304992676,0.5044403076171875,0.5131545066833496
19843,0.2,3,2,6.782778655178845e-05,4,5.960100679658353e-07,1.0012950951931998e-05,4,0.0,8.820930816000327e-06,9.768590643943753e-06,1.3410226529231295e-05,1.3273155673232395e-05,1.977567808353342e-05,1.7641934391576797e-05,1.7641934391576797e-05,0.0,3.474782715784386e-06,9.184595000988338e-06,0.0,-5.840840458404273e-06,6.198482878971845e-06,9.416940883966163e-06,1.0012950951931998e-05,6.913694960530847e-06,-1.4542441931553185e-05,-2.324396336916834e-05,-2.6462315872777253e-05,0.0,-7.032846042420715e-06,4.291250661481172e-06,8.820930816000327e-06,8.820930816000327e-06,7.032896974124014e-06,-1.6211233742069453e-05,-2.3124768631532788e-05,-2.2171174350660294e-05
20101,0.2,3,0,0.11700103431940079,4,0.0012553483247756958,0.01164315640926361,6,0.002058848738670349,0.003326907753944397,0.03859304264187813,0.05957585945725441,0.029892290011048317,0.04422808066010475,0.013595134019851685,0.011966466903686523,0.0016286671161651611,0.0064941393211483955,0.01716809906065464,0.0,-0.007689289748668671,-0.003444083034992218,0.005527131259441376,0.01164315640926361,0.010387808084487915,0.004849061369895935,-0.00840536504983902,-0.019900240004062653,0.0,-0.0028193071484565735,-0.003919325768947601,0.0012680590152740479,-2.269446849822998e-05,-0.0029167979955673218,0.003326907753944397,-0.0031508728861808777,-0.002014555037021637
21158,0.2,1,1,0.0019171921303495765,4,3.677443601191044e-05,0.0002711943816393614,4,5.747983232140541e-05,0.00023739517200738192,0.000678054173476994,0.0009744289563968778,0.0008417830104008317,0.0010158577933907509,0.00047615612857043743,0.00047615612857043743,0.0,0.00017952307825908065,0.0005014612106606364,0.0,-0.00013158435467630625,-4.0095881558954716e-05,0.00023441994562745094,0.0002711943816393614,0.00017325126100331545,4.6403612941503525e-05,-0.0004432249115779996,-0.000529087265022099,0.0,-0.0001232567010447383,-0.0001390791730955243,0.0001799153396859765,0.00023739517200738192,0.00016051821876317263,0.00017789239063858986,-0.0003195317694917321,-0.00044465193059295416
21579,0.2,0,6,0.007311491295695305,4,0.0,0.0014635268598794937,5,0.00027451151981949806,0.0025837579742074013,0.0022728154435753822,0.0031624187249690294,0.002599225612357259,0.0030952002853155136,0.0035373037680983543,0.0034396876581013203,9.761610999703407e-05,0.0004529436700977385,0.0010270285420119762,0.0,-0.0011914558708667755,0.0014635268598794937,0.0014635268598794937,0.0014635268598794937,0.0013097072951495647,-0.0034070219844579697,-0.0034070219844579697,-0.0034070219844579697,0.0,-0.00256210844963789,0.002309246454387903,0.002309246454387903,0.002309246454387903,0.0025837579742074013,-0.005075400695204735,-0.005075400695204735,-0.005075400695204735
21616,0.2,1,2,0.047104667872190475,4,0.0021839439868927,0.011816680431365967,6,0.00020237453281879425,0.02716895192861557,0.025407293811440468,0.03242359682917595,0.025069743394851685,0.03306516259908676,0.032096631824970245,0.021739615127444267,0.010357016697525978,0.0022800597362220287,0.005331053398549557,0.0,-0.005756493657827377,0.006096877157688141,0.009632736444473267,0.011816680431365967,0.0072252340614795685,-0.012513488531112671,-0.02052394673228264,-0.026258882135152817,0.0,0.015394341200590134,-0.04319945350289345,-0.04265821352601051,-0.035638969391584396,-0.03397103026509285,0.02716895192861557,0.026966577395796776,0.024429621174931526
22047,0.2,3,6,1.6947098970413208,3,0.000687718391418457,0.5169428586959839,3,0.013102889060974121,0.16491150856018066,1.176079511642456,1.268363356590271,0.501703143119812,0.656940221786499,0.6548179388046265,0.6548179388046265,0.0,0.07942919433116913,0.19293877482414246,0.0,-0.19015979766845703,-0.135431170463562,0.5169428586959839,0.5162551403045654,0.2764778137207031,0.15316176414489746,-0.7716516256332397,-0.7362817525863647,0.0,-0.06490564346313477,0.15180861949920654,0.16491150856018066,0.1297670602798462,0.10008156299591064,-0.15710318088531494,-0.19144272804260254,-0.1389862298965454
22049,0.2,0,6,0.01717901974916458,4,0.0016271565109491348,0.0044992296025156975,8,0.0008129486814141273,0.001946241594851017,0.006855388171970844,0.00992132443934679,0.005165438167750835,0.007910400629043579,0.005851776339113712,0.002226884476840496,0.0036248918622732162,0.001015815301798284,0.002819112967699766,0.0,-0.0009616930037736893,-0.0011028647422790527,0.0028720730915665627,0.0044992296025156975,0.0012976601719856262,0.0014659278094768524,-0.006513223052024841,-0.012084929272532463,0.0,0.000470232218503952,-0.0007845573127269745,-0.0013638529926538467,-0.003455020487308502,-0.0007472056895494461,0.000881807878613472,0.0011332929134368896,0.001946241594851017
22198,0.2,0,6,0.03386855497956276,4,0.0006377100944519043,0.0035385731607675552,4,0.005645176395773888,0.013031581416726112,0.008801491931080818,0.015454436652362347,0.014071619138121605,0.01683695800602436,0.015293970704078674,0.015293970704078674,0.0,0.0016617018263787031,0.004017584957182407,0.0,-0.0007843561470508575,0.0008320286870002747,0.002900863066315651,0.0035385731607675552,0.0010845325887203217,-0.001504354178905487,-0.006599027663469315,-0.010322697460651398,0.0,-0.002170480787754059,-0.005957156419754028,0.007386405020952225,0.013031581416726112,0.003075743094086647,0.0073124561458826065,-0.012284018099308014,-0.021583784371614456
22254,0.2,2,6,0.009374174289405346,4,0.0010258741676807404,0.004054448567330837,4,0.0007519922219216824,0.0031409943476319313,0.0038265716284513474,0.0047515034675598145,0.0024624622892588377,0.003891628235578537,0.005913088098168373,0.005913088098168373,0.0,0.0005025230348110199,0.001366912038065493,0.0,-0.0011413460597395897,0.0026132380589842796,0.003028574399650097,0.004054448567330837,0.0015081735327839851,-0.006601867265999317,-0.0060300035402178764,-0.008454977534711361,0.0,-0.001575707457959652,0.002010614611208439,0.002389002125710249,0.0031409943476319313,0.001884950790554285,-0.006693254224956036,-0.004403575323522091,-0.005793088115751743
23662,0.2,2,6,0.00854230672121048,5,6.946409121155739e-05,0.0012368508614599705,6,0.00042724888771772385,0.0007039820775389671,0.0036327247507870197,0.005008585285395384,0.002503470052033663,0.0038366951048374176,0.0018159453757107258,0.0012071477249264717,0.0006087976507842541,0.0008384428801946342,0.002167721977457404,0.0,-0.0011243503540754318,0.0010239770635962486,0.0009768879972398281,0.001167386770248413,0.0012368508614599705,-0.0022693732753396034,-0.00198949221521616,-0.0024598082527518272,0.0,0.00019669625908136368,-0.000681636855006218,-0.0002468796446919441,1.3474375009536743e-05,-0.0004281299188733101,0.0007039820775389671,0.0002767331898212433,-0.0001079067587852478
23685,0.2,2,6,0.038491398096084595,7,0.0009413883090019226,0.005087714642286301,3,0.0012751668691635132,0.0062863267958164215,0.014906798489391804,0.020024677738547325,0.013445785269141197,0.01771109364926815,0.010976893827319145,0.0021451562643051147,0.00883173756301403,0.0024326120037585497,0.007378695532679558,0.0,0.0020127370953559875,-0.0017544105648994446,-0.004965405911207199,-0.004383351653814316,-0.003654908388853073,-0.00016172602772712708,0.005087714642286301,0.004146326333284378,0.0,-0.00377776101231575,-0.004061009734869003,0.0062863267958164215,0.005011159926652908,0.004093918949365616,0.002392340451478958,-0.010565828531980515,-0.00851466879248619
24587,0.2,1,0,0.04802711680531502,2,0.0033310092985630035,0.011306770145893097,6,0.006181061267852783,0.010407418012619019,0.01622343808412552,0.026249244809150696,0.0091972965747118,0.0172239001840353,0.01966937445104122,0.0034224987030029297,0.016246875748038292,0.006040692329406738,0.012598083354532719,0.0,-0.0015371069312095642,0.011306770145893097,0.0036927349865436554,0.007975760847330093,0.0021894536912441254,-0.018711794167757034,-0.006448645144701004,-0.014764707535505295,0.0,0.0011127255856990814,-0.012948956340551376,-0.0021854639053344727,-0.005406476557254791,-0.001899953931570053,0.010407418012619019,0.0023925043642520905,0.004226356744766235
24865,0.2,0,8,0.009364372119307518,4,0.0011091344058513641,0.0015803389251232147,4,0.00035984860733151436,0.002818129025399685,0.004280668217688799,0.00544795673340559,0.0038900054059922695,0.005149455741047859,0.0038973852060735226,0.0038973852060735226,0.0,0.0004659241531044245,0.0011975237866863608,0.0,-0.00048219598829746246,5.7161785662174225e-05,0.00031856168061494827,0.0015803389251232147,0.0004712045192718506,-0.0010304655879735947,-0.001790771260857582,-0.004520955495536327,0.0,-0.002026989124715328,0.002130515407770872,0.0024582804180681705,0.002818129025399685,0.0023204851895570755,-0.004388567991554737,-0.005348509177565575,-0.006299901753664017
25420,0.2,1,8,0.005280001554638147,6,0.0011231922544538975,0.0019245315343141556,3,6.834324449300766e-05,0.0006217975169420242,0.002300506690517068,0.00296204281039536,0.002054033102467656,0.002790723228827119,0.002321554347872734,0.00196564057841897,0.00035591376945376396,0.0003317355294711888,0.0009666811674833298,0.0,0.00038024457171559334,-0.005205910187214613,-0.0033949115313589573,-0.004747153725475073,-0.0008530672639608383,0.0019245315343141556,0.0006209672428667545,0.0008013392798602581,0.0,-0.000258592888712883,-0.0003458424471318722,0.0006217975169420242,0.0005534542724490166,0.0003063431940972805,3.711646422743797e-05,-0.0014370051212608814,-0.0014122570864856243
25863,0.2,0,2,0.001208885689266026,4,8.573057129979134e-06,4.58412105217576e-05,3,1.1199095752090216e-05,0.0006267178105190396,0.00047698518028482795,0.0007127466960810125,0.0006102517945691943,0.00083540118066594,0.0006524523487314582,0.0006460186559706926,6.4336927607655525e-06,0.00013431285333354026,0.0002889075840357691,0.0,-1.4168675988912582e-05,-1.619267277419567e-05,3.726815339177847e-05,4.58412105217576e-05,1.6788369975984097e-05,1.4764256775379181e-05,-0.00011548656038939953,-0.00020703300833702087,0.0,-0.0003765325527638197,0.00039644684875383973,0.0006267178105190396,0.0006155187147669494,0.000387870823033154,-0.0009702682727947831,-0.002003764733672142,-0.0016341445734724402
26222,0.2,0,0,0.6194968223571777,4,0.022441983222961426,0.1072014570236206,4,0.017481446266174316,0.09958875179290771,0.24183180928230286,0.29912757873535156,0.11489745229482651,0.16716772317886353,0.19257789850234985,0.19257789850234985,0.0,0.03039715811610222,0.07938723266124725,0.0,-0.04455143213272095,0.03436940908432007,0.08475947380065918,0.1072014570236206,0.06678569316864014,-0.0511593222618103,-0.12259805202484131,-0.15607744455337524,0.0,-0.06256347894668579,0.04265618324279785,0.07867538928985596,0.09958875179290771,0.0821073055267334,-0.06896138191223145,-0.12601715326309204,-0.15603506565093994
26605,0.2,2,2,0.00023815179883968085,4,1.8950813682749867e-05,6.519407907035202e-05,4,9.058014256879687e-06,3.372876381035894e-05,0.00010537351772654802,0.00012794291251339018,6.386566383298486e-05,0.00011881850514328107,8.903209527488798e-05,8.903209527488798e-05,0.0,1.3981773918203544e-05,3.359606853337027e-05,0.0,-2.133315138053149e-05,7.150883902795613e-06,4.624326538760215e-05,6.519407907035202e-05,2.6220135623589158e-05,-4.0163155063055456e-05,-0.00011583713057916611,-0.00018590492254588753,0.0,-1.7638623830862343e-05,2.2644628188572824e-05,2.4670749553479254e-05,3.372876381035894e-05,2.0618506823666394e-05,-8.342314686160535e-05,-6.26871915301308e-05,-7.75837543187663e-05
26693,0.2,1,8,1.8645578622817993,8,0.008582592010498047,0.527938723564148,8,0.010910511016845703,0.17210495471954346,0.6533712148666382,0.87021803855896,0.32191580533981323,0.45242539048194885,0.6542139053344727,0.6542139053344727,0.0,0.17406192421913147,0.355630487203598,0.0,0.1269134283065796,-0.27455461025238037,-0.5929485559463501,-0.6932278871536255,-0.2038661241531372,0.283363938331604,0.5193561315536499,0.527938723564148,0.0,0.06052231788635254,-0.10081613063812256,-0.17172706127166748,-0.20910537242889404,-0.0877070426940918,0.11480331420898438,0.16119444370269775,0.17210495471954346
26759,0.2,1,6,0.010613660328090191,4,2.15945765376091e-05,0.0004526795819401741,5,0.00012701377272605896,0.0008411062881350517,0.0029517649672925472,0.004236740991473198,0.00305383512750268,0.00412491150200367,0.0012470446527004242,0.0011982712894678116,4.877336323261261e-05,0.0006544271600432694,0.0016730503411963582,0.0,-0.0003246655687689781,0.000309196300804615,0.000431085005402565,0.0004526795819401741,0.00039533060044050217,-0.0007134657353162766,-0.0008649127557873726,-0.0009095761924982071,0.0,-0.0007753437384963036,0.0005246642976999283,0.0006354842334985733,0.0007140925154089928,0.0008411062881350517,-0.0010897424072027206,-0.0012477301061153412,-0.0014054561033844948
26788,0.2,3,2,9.715084888739511e-05,4,2.264823706354946e-06,3.3614312997087836e-05,2,1.0847303201444447e-05,3.456792910583317e-05,3.835856114164926e-05,4.284056922188029e-05,1.9024158973479643e-05,3.172496872139163e-05,5.7454944908386096e-05,5.650130697176792e-05,9.536379366181791e-07,5.340298230294138e-06,1.8720786101766862e-05,0.0,-3.337481030030176e-05,3.134948929073289e-05,2.9561466362793e-05,3.3614312997087836e-05,2.9323062335606664e-05,-0.0001390940451528877,-9.165883966488764e-05,-0.00011787958646891639,0.0,-2.2647313016932458e-05,3.456792910583317e-05,1.8475810065865517e-05,2.3363019863609225e-05,2.3720625904388726e-05,-0.00010083617962663993,-3.909608494723216e-05,-5.268400855129585e-05
27670,0.2,3,0,0.00463898153975606,5,0.0006254725158214569,0.001307392492890358,5,0.0006559670437127352,0.0009136057924479246,0.0010869354009628296,0.001791131217032671,0.0009506082278676331,0.0015642065554857254,0.001855863956734538,0.001855863956734538,0.0,0.0004788701480720192,0.0010077881161123514,0.0,-0.0017105275765061378,0.0005567776970565319,0.0006041494198143482,0.0006819199770689011,0.001307392492890358,-0.0011590872891247272,-0.0012177526950836182,-0.0014362670481204987,0.0,-0.000926523469388485,0.00025716377422213554,0.00025763874873518944,0.00021135155111551285,0.0009136057924479246,-0.0004352601245045662,-0.0004322947934269905,-0.00034819915890693665
27796,0.2,1,0,0.015629300847649574,4,0.00043237488716840744,0.0032493555918335915,4,0.0005470216274261475,0.0039337920024991035,0.003489491995424032,0.007212321739643812,0.003291092813014984,0.006680667866021395,0.005551869980990887,0.005551869980990887,0.0,0.0012993712443858385,0.003611959982663393,0.0,-0.001063307747244835,0.00039323512464761734,0.002816980704665184,0.0032493555918335915,0.00128898024559021,-0.0014586672186851501,-0.0073397234082221985,-0.008109508082270622,0.0,-0.0012017544358968735,-0.0024867113679647446,0.003386770375072956,0.0039337920024991035,0.0014851270243525505,0.0015749279409646988,-0.006840270012617111,-0.006822086870670319
28418,0.2,3,6,0.06031535938382149,6,0.0048606134951114655,0.026164278388023376,7,0.003016378730535507,0.0057360827922821045,0.02821473218500614,0.034658290445804596,0.0277561005204916,0.03236471861600876,0.029821865260601044,0.021444004029035568,0.008377861231565475,0.002716256072744727,0.005423667374998331,0.0,0.01817636936903,-0.10439708828926086,-0.045572493225336075,-0.04659410938620567,-0.09303909540176392,0.026164278388023376,0.02130366489291191,0.02014753222465515,0.0,0.0027197040617465973,-0.009772587567567825,-0.007503870874643326,-0.0018068663775920868,-0.01579875871539116,0.0025082677602767944,0.0057360827922821045,-0.001701556146144867
28628,0.2,0,0,3.0704827308654785,4,0.08333444595336914,0.21712088584899902,4,0.048676252365112305,0.11046552658081055,0.3334341049194336,0.48891618847846985,0.25354185700416565,0.3862304091453552,0.32970380783081055,0.32970380783081055,0.0,0.1878497302532196,0.4418896436691284,0.0,-0.0408329963684082,-0.010683536529541016,0.13378643989562988,0.21712088584899902,0.06263470649719238,0.015937328338623047,-0.1810915470123291,-0.26904773712158203,0.0,-0.02909541130065918,0.024444580078125,0.06178927421569824,0.11046552658081055,0.04301643371582031,-0.033739328384399414,-0.08449864387512207,-0.13601899147033691
28834,0.2,3,2,0.00013517419574782252,4,7.151684258133173e-07,1.1800191714428365e-05,5,5.363785021472722e-06,1.9667066226247698e-05,4.7130124585237354e-05,5.670776226907037e-05,4.323836765252054e-05,6.37942212051712e-05,2.979873534059152e-05,2.920275437645614e-05,5.959809641353786e-07,1.291542412218405e-05,3.137327075819485e-05,0.0,-1.0846517398022115e-05,7.151538738980889e-07,8.820337825454772e-06,1.1800191714428365e-05,1.1085023288615048e-05,-1.0369752999395132e-05,-1.907072146423161e-05,-2.5983783416450024e-05,0.0,-2.0739404135383666e-05,7.628390449099243e-06,1.072743907570839e-05,1.4303281204774976e-05,1.9667066226247698e-05,-1.97858753381297e-05,-2.1812113118357956e-05,-2.991703513544053e-05
28967,0.2,1,11,0.9620972275733948,4,0.01275402307510376,0.10956549644470215,6,0.07193785905838013,0.10018670558929443,0.24410521984100342,0.37592801451683044,0.1983535885810852,0.2739786207675934,0.20264846086502075,0.1926364302635193,0.010012030601501465,0.08955751359462738,0.18301799893379211,0.0,-0.016493678092956543,-0.06426316499710083,0.09681147336959839,0.10956549644470215,0.03053826093673706,0.09573215246200562,-0.0889691710472107,-0.08053916692733765,0.0,0.006562471389770508,-0.07415527105331421,-0.02050846815109253,-0.05210751295089722,-0.01696336269378662,0.10018670558929443,0.012928426265716553,0.028248846530914307
29626,0.2,0,2,0.0005994430393911898,4,4.682567669078708e-05,0.00011950242333114147,4,9.962276089936495e-05,0.0002859717351384461,0.00013406379730440676,0.000213637002161704,0.0002644267224241048,0.0003252039023209363,0.0003486581554170698,0.0003486581554170698,0.0,4.6518107410520315e-05,0.00011197723506484181,0.0,-2.2159365471452475e-05,-2.537603722885251e-05,7.26767466403544e-05,0.00011950242333114147,2.9784918297082186e-05,3.4074007999151945e-05,-0.00015796429943293333,-0.0003301955875940621,0.0,-6.957404548302293e-05,-4.896445898339152e-05,0.00018634897423908114,0.0002859717351384461,9.114464046433568e-05,6.58854260109365e-05,-0.0003824785235337913,-0.0006324219866655767
29666,0.2,0,0,0.0754915177822113,6,0.00018983334302902222,0.0020292699337005615,6,0.0043717846274375916,0.004588685929775238,0.019010232761502266,0.03415411710739136,0.01702028326690197,0.024710623547434807,0.006497673690319061,0.006497673690319061,0.0,0.003879790659993887,0.012163499370217323,0.0,0.00015366077423095703,-0.0014755204319953918,-0.0021761804819107056,-0.005728833377361298,-0.0006034821271896362,0.0020292699337005615,0.0007710978388786316,0.0018394365906715393,0.0,-5.239993333816528e-05,-0.0033821463584899902,0.00021690130233764648,-0.0011282116174697876,-0.0001423656940460205,0.004588685929775238,-0.0017315670847892761,-0.002484425902366638
29872,0.2,3,0,0.012932711280882359,6,0.0010837642475962639,0.0016944613307714462,4,0.00011896435171365738,0.0009857993572950363,0.0032115161884576082,0.00632407097145915,0.0033130371011793613,0.005805802531540394,0.0025920262560248375,0.0024878522381186485,0.00010417401790618896,0.0013402479235082865,0.003334004431962967,0.0,-0.00017085298895835876,-0.002133687026798725,0.0003151893615722656,0.0006106970831751823,0.00011238828301429749,0.0016944613307714462,-0.0009179338812828064,-0.00152664165943861,0.0,-0.000421903096139431,-0.0007951837033033371,0.0004583410918712616,0.0009857993572950363,0.0005210936069488525,0.0008668350055813789,-0.0008552679792046547,-0.001737763173878193
30101,0.2,0,2,0.0007675323868170381,4,9.163320646621287e-05,0.0003906636266037822,4,9.971793042495847e-05,0.00021312449825927615,0.00031060134642757475,0.0003821672289632261,0.0003033985267393291,0.00036333964089863,0.00047920667566359043,0.00047920667566359043,0.0,3.790243499679491e-05,0.00010271440260112286,0.0,-0.00010100682266056538,-9.528972441330552e-05,0.0002990304201375693,0.0003906636266037822,0.00011972058564424515,0.00011459790403023362,-0.0011939198011532426,-0.0023013269528746605,0.0,-3.347155870869756e-05,-2.8111448045819998e-05,0.00011340656783431768,0.00021312449825927615,4.7052628360688686e-05,3.621244104579091e-05,-0.00022213009651750326,-0.0003572896821424365
30236,0.2,0,2,0.001527096494100988,4,0.0,0.0003386902390047908,5,8.405814878642559e-05,0.00033857114613056183,0.0007710137870162725,0.0009589217370375991,0.0005800214712508023,0.0008617426501587033,0.0006037700804881752,0.000590907467994839,1.28626124933362e-05,0.00018110958626493812,0.0006214121240191162,0.0,-0.00031918054446578026,0.0003386902390047908,0.0003386902390047908,0.0003386902390047908,0.00032202096190303564,-0.000899799051694572,-0.000899799051694572,-0.000899799051694572,0.0,-0.00032120326068252325,0.00025451299734413624,0.00025451299734413624,0.00025451299734413624,0.00033857114613056183,-0.0005241782637313008,-0.0005241782637313008,-0.0005241782637313008
30500,0.2,0,2,0.0009888288332149386,4,0.00010745978215709329,0.0004192898632027209,4,2.9655348043888807e-05,6.824173033237457e-05,0.0006245215190574527,0.0006877098348923028,0.0002940101840067655,0.00044999318197369576,0.0004689730703830719,0.0004689730703830719,0.0,0.00010066260438179597,0.00029043847462162375,0.0,-0.00016647600568830967,0.00019413791596889496,0.0003118300810456276,0.0004192898632027209,0.00019794958643615246,-0.00043530366383492947,-0.000854592421092093,-0.0014438939979299903,0.0,-4.632549826055765e-05,1.4410179574042559e-05,3.8586382288485765e-05,6.824173033237457e-05,3.656174521893263e-05,-0.00010884366929531097,-0.00020957901142537594,-0.00031054229475557804
31073,0.2,3,2,0.0029187481850385666,4,4.30357176810503e-05,0.00020065903663635254,4,1.10589899122715e-05,0.0004427395761013031,0.0008643969777040184,0.001256208517588675,0.0013748777564615011,0.0017009386792778969,0.0006132775451987982,0.0006132775451987982,0.0,0.00017986129387281835,0.00036962973535992205,0.0,-0.00011707190424203873,-6.893742829561234e-05,0.0001394348219037056,0.00020065903663635254,0.00015762331895530224,7.916521281003952e-05,-0.00023698224686086178,-0.00034630345180630684,0.0,-0.0003436892293393612,-2.923957072198391e-05,0.00034047849476337433,0.0004427395761013031,0.0004316805861890316,3.851205110549927e-05,-0.0005870051681995392,-0.0007907128892838955
31159,0.2,0,0,0.20643667876720428,4,0.00921720266342163,0.03193831443786621,4,0.008344560861587524,0.0237787663936615,0.09894977509975433,0.12695689499378204,0.04407575726509094,0.0747021958231926,0.05381345748901367,0.05381345748901367,0.0,0.015281224623322487,0.03538867086172104,0.0,-0.011498481035232544,0.010828256607055664,0.02272111177444458,0.03193831443786621,0.016141459345817566,-0.017805472016334534,-0.03817804157733917,-0.05543060600757599,0.0,-0.01116509735584259,0.0049206167459487915,0.015434205532073975,0.0237787663936615,0.015030995011329651,-0.008809775114059448,-0.026164323091506958,-0.04066334664821625
31677,0.2,3,6,0.04547959566116333,4,0.0004661940038204193,0.011704504489898682,4,0.003633316606283188,0.01198287308216095,0.028951123356819153,0.031786225736141205,0.02319204993546009,0.028536304831504822,0.02062896452844143,0.02062896452844143,0.0,0.0014450539601966739,0.004375317599624395,0.0,-0.0041945502161979675,0.011238310486078262,0.007307708263397217,0.011704504489898682,0.005476571619510651,-0.028077125549316406,-0.013201795518398285,-0.022510938346385956,0.0,-0.004499863833189011,-0.003919098526239395,0.008349556475877762,0.01198287308216095,0.006276685744524002,0.0036044232547283173,-0.011444777250289917,-0.016483649611473083
32337,0.2,0,4,0.011481283232569695,4,0.0012292140163481236,0.00440543657168746,4,0.0011752070859074593,0.0035191290080547333,0.0056206239387393,0.007394528016448021,0.004778712056577206,0.006492987275123596,0.006526129320263863,0.006526129320263863,0.0,0.0005216753343120217,0.0012233677553012967,0.0,-0.0010620756074786186,-0.0006056753918528557,0.0031762225553393364,0.00440543657168746,0.00135051179677248,0.0006580464541912079,-0.008103102445602417,-0.013028696179389954,0.0,-0.0010213423520326614,-4.089251160621643e-05,0.002343921922147274,0.0035191290080547333,0.0011928658932447433,-0.00010923948138952255,-0.005146961659193039,-0.007924817502498627
32725,0.2,3,6,0.0855751559138298,6,0.0032710954546928406,0.014786936342716217,6,0.0018027573823928833,0.0055704861879348755,0.029693135991692543,0.042649831622838974,0.03585311025381088,0.04991767555475235,0.01985654979944229,0.01985654979944229,0.0,0.003548647742718458,0.010736225172877312,0.0,0.009287282824516296,-0.012641586363315582,-0.006987832486629486,-0.00920095294713974,-0.017044834792613983,0.014786936342716217,0.008984573185443878,0.011515840888023376,0.0,0.003767728805541992,-0.0034110844135284424,-0.0016093254089355469,-0.0010915398597717285,-0.0050416141748428345,0.0055704861879348755,0.0022734105587005615,0.0017292127013206482
33202,0.2,2,6,7.124576568603516,8,0.1480116844177246,0.5291738510131836,8,0.13146638870239258,0.664680004119873,1.5048270225524902,1.807578682899475,0.9816837310791016,1.22171151638031,1.2172322273254395,1.2172322273254395,0.0,0.2691095769405365,0.6344416737556458,0.0,0.08744382858276367,0.049350738525390625,-0.26870298385620117,-0.3947296142578125,-0.12966585159301758,0.01987171173095703,0.381162166595459,0.5291738510131836,0.0,0.18524646759033203,-0.2096881866455078,-0.3851466178894043,-0.5216293334960938,-0.27020883560180664,0.5273194313049316,0.5332136154174805,0.664680004119873
33345,0.2,3,6,4.979412078857422,8,0.02074289321899414,0.06742525100708008,6,0.04382896423339844,0.24585342407226562,0.5861414670944214,0.7868043780326843,0.510869026184082,0.6629461646080017,0.31675100326538086,0.2747950553894043,0.04195594787597656,0.19743415713310242,0.4094143509864807,0.0,0.01854848861694336,0.04668235778808594,-0.024799823760986328,-0.0374755859375,-0.017619609832763672,-0.05079793930053711,0.046030521392822266,0.06742525100708008,0.0,0.144256591796875,-0.14429759979248047,-0.10935688018798828,-0.1150355339050293,-0.1663656234741211,0.24585342407226562,0.18901681900024414,0.2020244598388672
33825,0.2,3,0,0.44866639375686646,5,0.10277613997459412,0.1701781153678894,5,0.045401960611343384,0.0710827112197876,0.21592220664024353,0.2886815667152405,0.11678765714168549,0.15625107288360596,0.22091473639011383,0.22091473639011383,0.0,0.0246447566896677,0.057378679513931274,0.0,-0.15451687574386597,0.06147739291191101,0.05279254913330078,0.06740197539329529,0.1701781153678894,-0.09907323122024536,-0.08498603105545044,-0.11173337697982788,0.0,-0.06096386909484863,0.014963030815124512,0.015695244073867798,0.025680750608444214,0.0710827112197876,-0.0227012038230896,-0.023670077323913574,-0.03866684436798096
34598,0.2,0,2,0.006552756763994694,4,0.00017174798995256424,0.0009137545712292194,4,0.0005924094002693892,0.003933347761631012,0.0024434723891317844,0.0028050297405570745,0.0038250405341386795,0.004532324615865946,0.004272619262337685,0.004272619262337685,0.0,0.00020284745551180094,0.0006091655232012272,0.0,-0.0002719983458518982,0.00011831941083073616,0.0007420065812766552,0.0009137545712292194,0.00034244172275066376,-0.00021113967522978783,-0.002294328995049,-0.0043321531265974045,0.0,-0.001279299147427082,-0.0007315156981348991,0.003340938361361623,0.003933347761631012,0.0016092276200652122,0.0010008849203586578,-0.006687398999929428,-0.006881370209157467
35235,0.2,0,2,8.082063141046092e-05,4,1.0966676200041547e-05,3.349566395627335e-05,8,2.860859240172431e-06,2.538984699640423e-05,2.8626225685002282e-05,3.760819527087733e-05,2.7017016691388562e-05,3.99386408389546e-05,4.625053406925872e-05,4.768007784150541e-07,4.5773733290843666e-05,1.4095862752583344e-05,2.921074155892711e-05,0.0,-5.959962436463684e-06,-6.555957952514291e-06,2.25289877562318e-05,3.349566395627335e-05,7.986411219462752e-06,8.701608749106526e-06,-6.078997830627486e-05,-0.00013444817159324884,0.0,5.125599273014814e-06,6.317597581073642e-06,-3.5044082324020565e-05,-7.831110997358337e-05,-9.297531505580992e-06,-1.2396689271554351e-05,2.25289877562318e-05,2.538984699640423e-05
35633,0.2,2,0,0.14569923281669617,2,0.013076916337013245,0.01440112292766571,4,0.0017269700765609741,0.014929205179214478,0.04093652591109276,0.07533583045005798,0.03512505441904068,0.053227346390485764,0.027918316423892975,0.014900118112564087,0.013018198311328888,0.012043512426316738,0.02732332982122898,0.0,-0.0004242509603500366,0.01440112292766571,-0.0021950602531433105,-0.0002108067274093628,0.000125005841255188,-0.02631714940071106,0.0013242065906524658,-0.0021028220653533936,0.0,-0.009307920932769775,-0.010749652981758118,0.012083619832992554,0.014929205179214478,0.01222798228263855,0.013202235102653503,-0.020005375146865845,-0.025147154927253723
36521,0.2,0,0,1.9718477725982666,4,0.04102039337158203,0.10081195831298828,4,0.00913536548614502,0.08260059356689453,0.5573972463607788,0.737323522567749,0.25220876932144165,0.4349067211151123,0.18460023403167725,0.18460023403167725,0.0,0.09063062071800232,0.3118627369403839,0.0,-0.02228260040283203,0.02912592887878418,0.05979156494140625,0.10081195831298828,0.03358137607574463,-0.042558908462524414,-0.08686470985412598,-0.1416151523590088,0.0,-0.0173947811126709,-0.05053234100341797,0.05912590026855469,0.08260059356689453,0.03492450714111328,0.07346522808074951,-0.04515242576599121,-0.03323245048522949
37297,0.2,1,6,0.004685019608587027,6,0.00036957161501049995,0.00042605167254805565,6,0.0003004991449415684,0.00039020413532853127,0.001064894488081336,0.002067078836262226,0.0016323501477017999,0.002173280343413353,0.0007151346653699875,0.0007151346653699875,0.0,0.00043805985478684306,0.0015392418717965484,0.0,3.5359058529138565e-05,-0.0004868297837674618,-0.00017772521823644638,5.6480057537555695e-05,-8.222274482250214e-05,0.00042605167254805565,4.2003579437732697e-05,-0.0003435574471950531,0.0,-3.464566543698311e-05,-0.0008523892611265182,-0.0001466432586312294,8.970499038696289e-05,-8.032424375414848e-05,0.00039020413532853127,-0.0003088037483394146,-0.0007989215664565563
37477,0.2,0,1,0.10984373837709427,4,0.005382873117923737,0.034985266625881195,4,0.008830010890960693,0.049680016934871674,0.0528443343937397,0.06921906024217606,0.048185136169195175,0.06569031625986099,0.06604959070682526,0.06604959070682526,0.0,0.00623587891459465,0.018659193068742752,0.0,-0.010335654020309448,-0.00483674556016922,0.02960239350795746,0.034985266625881195,0.013015635311603546,0.005607545375823975,-0.06431876868009567,-0.07176502794027328,0.0,-0.02033662050962448,-0.0058126747608184814,0.04085000604391098,0.049680016934871674,0.024501807987689972,0.007911868393421173,-0.07926342636346817,-0.08833279460668564
37752,0.2,0,8,0.02385975420475006,4,0.002727644518017769,0.014276806265115738,4,0.001734985038638115,0.006286153569817543,0.014383276924490929,0.01708291657269001,0.007980694063007832,0.011385317891836166,0.017135169357061386,0.017135169357061386,0.0,0.001221011159941554,0.00335727259516716,0.0,-0.003957860171794891,-0.004851464182138443,0.011549161747097969,0.014276806265115738,0.004768680781126022,0.005502842366695404,-0.037197742611169815,-0.04785984754562378,0.0,-0.0018239319324493408,-0.0030766837298870087,0.004551168531179428,0.006286153569817543,0.0023108534514904022,0.0037300754338502884,-0.009785786271095276,-0.013866711407899857
38211,0.2,0,6,0.8981796503067017,3,0.031694650650024414,0.08469736576080322,8,0.038364946842193604,0.06298720836639404,0.4694496691226959,0.5747724175453186,0.25272947549819946,0.37116479873657227,0.15361851453781128,0.057135045528411865,0.09648346900939941,0.0445253886282444,0.12043501436710358,0.0,-0.01943737268447876,0.05300271511077881,0.08469736576080322,0.034102559089660645,0.031631290912628174,-0.075081467628479,-0.11473238468170166,-0.027552366256713867,0.0,0.013480961322784424,-0.009851038455963135,-0.022275447845458984,-0.06216484308242798,-0.0198134183883667,0.01975005865097046,0.02462226152420044,0.06298720836639404
39142,0.2,2,10,0.0033722221851348877,4,7.961178198456764e-06,0.00013628206215798855,6,0.00018827361054718494,0.000528241042047739,0.00045723485527560115,0.0009658644557930529,0.0006145959487184882,0.0009059111471287906,0.0006638816557824612,0.00045787193812429905,0.00020600971765816212,0.00029722836916334927,0.0006837627151980996,0.0,-5.429377779364586e-05,-0.0002042099367827177,0.00012832088395953178,0.00013628206215798855,6.91486056894064e-05,-0.00038011325523257256,-0.0002835544291883707,-0.0005530170165002346,0.0,-0.00014327210374176502,-0.0008455552160739899,0.0002954003866761923,0.0003399674315005541,0.0001811985857784748,0.000528241042047739,-0.0005887574516236782,-0.0008056685328483582
41302,0.2,0,0,0.08886288851499557,2,0.0040628910064697266,0.004161275923252106,8,0.00017699599266052246,0.016675151884555817,0.032051991671323776,0.043104179203510284,0.02186858281493187,0.03514329716563225,0.02036740630865097,0.007889091968536377,0.012478314340114594,0.00718124071136117,0.015093621797859669,0.0,9.838491678237915e-05,0.004161275923252106,-0.005239859223365784,-0.006776489317417145,-0.0001382976770401001,-0.006672918796539307,-0.001579873263835907,-0.00229857861995697,0.0,0.00392373651266098,-0.008305899798870087,-0.018352791666984558,-0.028881683945655823,-0.006466493010520935,0.010719574987888336,0.016498155891895294,0.016675151884555817
41789,0.2,0,0,0.04640638455748558,2,0.0010629035532474518,0.002546977251768112,4,0.0008222348988056183,0.002772793173789978,0.017491871491074562,0.023641493171453476,0.010003672912716866,0.01545625552535057,0.0051809921860694885,0.004282593727111816,0.0008983984589576721,0.007780291140079498,0.012196439318358898,0.0,-0.0005012936890125275,0.002546977251768112,0.000562574714422226,0.0014840736985206604,0.0007127784192562103,-0.003814585506916046,-0.0009328685700893402,-0.002375558018684387,0.0,-0.0012259408831596375,0.0006778128445148468,0.0019505582749843597,0.002772793173789978,0.0016364678740501404,-0.0011580809950828552,-0.0035789720714092255,-0.005581937730312347
42197,0.2,2,0,0.0032414060551673174,2,0.00023029232397675514,0.000684776809066534,4,0.00019081472419202328,0.0006349568720906973,0.0006006883922964334,0.0010251227067783475,0.0006840428104624152,0.0010946249822154641,0.0012184453662484884,0.0009742332622408867,0.00024421210400760174,0.0003342079871799797,0.0006977493176236749,0.0,-0.00015422096475958824,0.000684776809066534,0.00025811814703047276,0.0004544844850897789,0.000185500830411911,-0.0014393420424312353,-0.0007434396538883448,-0.0014659201260656118,0.0,-0.0002765827812254429,3.0300579965114594e-05,0.000444142147898674,0.0006349568720906973,0.0003389422781765461,-0.00019936589524149895,-0.0009462188463658094,-0.0014877512585371733
42386,0.2,0,0,4.324896335601807,8,4.76837158203125e-07,0.03719186782836914,5,0.0677800178527832,0.1952362060546875,0.8648666143417358,1.2531700134277344,0.34641775488853455,0.5740620493888855,0.24924993515014648,0.17858648300170898,0.0706634521484375,0.14496836066246033,0.3688884377479553,0.0,0.012741565704345703,-0.01558828353881836,-0.01558828353881836,-0.01558828353881836,-0.014138221740722656,0.037190914154052734,0.03719139099121094,0.03719186782836914,0.0,-0.12041425704956055,0.1274557113647461,0.1274557113647461,0.1274561882019043,0.1952362060546875,-0.17130231857299805,-0.17130279541015625,-0.17130327224731445
42477,0.2,0,1,0.3194575309753418,4,0.01941731572151184,0.08906833827495575,4,0.02519737184047699,0.0888991504907608,0.15031315386295319,0.20663145184516907,0.12386985123157501,0.1696701943874359,0.17345775663852692,0.17345775663852692,0.0,0.04127952829003334,0.11240219324827194,0.0,-0.014220774173736572,0.012398123741149902,0.06965102255344391,0.08906833827495575,0.02059638500213623,-0.01968124508857727,-0.09289240837097168,-0.09302040934562683,0.0,-0.01860836148262024,-0.0038295090198516846,0.06370177865028381,0.0888991504907608,0.025726795196533203,0.004807949066162109,-0.1068633496761322,-0.11962810158729553
43364,0.2,2,2,0.00023767507809679955,4,9.653929737396538e-06,3.3609598176553845e-05,2,1.9069178961217403e-05,2.0976076484657824e-05,7.779262523399666e-05,0.00010931278666248545,9.217333717970178e-05,0.00013359291187953204,5.3752053645439446e-05,4.3621184886433184e-05,1.0130868759006262e-05,2.7283784220344387e-05,5.35188264620956e-05,0.0,-1.0011150152422488e-05,2.3955668439157307e-05,2.1214436856098473e-05,3.3609598176553845e-05,1.3705910532735288e-05,-5.3629992180503905e-05,-4.361926403362304e-05,-7.508117414545268e-05,0.0,7.150811143219471e-07,2.0976076484657824e-05,-1.4659148291684687e-05,-2.5504399673081934e-05,-4.1713210521265864e-06,-7.817965524736792e-05,-9.534414857625961e-07,1.9068975234404206e-06
43614,0.2,1,2,0.0004732680681627244,4,1.179712126031518e-05,9.0083631221205e-05,3,2.24015093408525e-05,4.515994805842638e-05,0.00019933353178203106,0.0002561638248153031,0.0001434775476809591,0.00022551033180207014,0.00012940840679220855,0.0001189216272905469,1.0486779501661658e-05,5.543720908463001e-05,0.00012620356574188918,0.0,-5.778748891316354e-05,5.35010767634958e-05,7.828650996088982e-05,9.0083631221205e-05,6.291468162089586e-05,-0.00013415716239251196,-0.0001891968713607639,-0.00022600751253776252,0.0,-3.181330976076424e-05,-4.348988295532763e-05,4.515994805842638e-05,2.097111428156495e-05,2.275843871757388e-05,-7.5066054705530405e-06,-0.00010854241554625332,-8.590557263232768e-05
43791,0.2,0,2,0.0018529404187574983,4,0.0003167282557114959,0.0008489870233461261,4,0.00014402519445866346,0.000411547371186316,0.0010982085950672626,0.0011652379762381315,0.000491323065944016,0.0007337805000133812,0.0010729007190093398,0.0010729007190093398,0.0,5.3483112424146384e-05,0.00014594633830711246,0.0,-0.0002603131579235196,-7.115257903933525e-05,0.0005322587676346302,0.0008489870233461261,0.0003088231896981597,-2.593907993286848e-05,-0.001447400194592774,-0.002995687071233988,0.0,-0.0001493195304647088,1.3683806173503399e-05,0.00026752217672765255,0.000411547371186316,0.0001926611876115203,-4.92599792778492e-05,-0.000523531693033874,-0.0009047369239851832
45679,0.2,1,0,0.10759695619344711,4,0.00634988397359848,0.02410811185836792,4,0.003202587366104126,0.015879668295383453,0.028255855664610863,0.05486321821808815,0.028766755014657974,0.0378393791615963,0.03483743220567703,0.03483743220567703,0.0,0.007860598154366016,0.016983021050691605,0.0,-0.006047479808330536,-0.016965501010417938,0.01751340925693512,0.02410811185836792,0.00794343650341034,0.01775822788476944,-0.04387945681810379,-0.06203419715166092,0.0,-0.010373406112194061,-0.004226863384246826,0.012677080929279327,0.015879668295383453,0.010592058300971985,-0.0031060054898262024,-0.029976166784763336,-0.03636401146650314
45921,0.2,0,0,0.014689034782350063,4,0.0008899262174963951,0.0033145276829600334,2,0.00026400480419397354,0.000310288742184639,0.0049566300585865974,0.007333701476454735,0.0028877859003841877,0.005113112740218639,0.0035436758771538734,0.0027576712891459465,0.0007860045880079269,0.0009830680210143328,0.0024095121771097183,0.0,-0.0009841574355959892,-0.0010117357596755028,0.0024246014654636383,0.0033145276829600334,0.0012373821809887886,0.0010801414027810097,-0.005610273219645023,-0.008703853003680706,0.0,4.6283937990665436e-05,0.000310288742184639,-0.0002748444676399231,-0.0005924664437770844,-0.00016632582992315292,-0.0006098411977291107,-2.243742346763611e-05,-0.00014858972281217575
45949,0.2,0,0,0.25602027773857117,2,0.0,0.052326202392578125,5,0.015308812260627747,0.06284341216087341,0.11819996684789658,0.1593494415283203,0.06469924747943878,0.0994843915104866,0.10292753577232361,0.10254178941249847,0.0003857463598251343,0.008389088325202465,0.02358892560005188,0.0,-0.04068940877914429,0.052326202392578125,0.052326202392578125,0.05232609808444977,0.05182582139968872,-0.09257420897483826,-0.09257420897483826,-0.09257447719573975,0.0,-0.056240737438201904,0.047534599900245667,0.047534599900245667,0.047534406185150146,0.06284341216087341,-0.08891385793685913,-0.08891385793685913,-0.08891412615776062
46026,0.2,3,10,0.005118954926729202,5,6.087077781558037e-05,0.0005000266246497631,5,2.1118205040693283e-05,0.0003519500605762005,0.0007131323218345642,0.0011811478761956096,0.0009365342557430267,0.001202307757921517,0.000816423911601305,0.000816423911601305,0.0,0.0002920932020060718,0.0008443818660452962,0.0,-0.0004179798997938633,0.0003608483821153641,0.0003928826190531254,0.00043915584683418274,0.0005000266246497631,-0.0007578078657388687,-0.0007431125268340111,-0.0008476348593831062,0.0,-0.0003632078878581524,0.00013640010729432106,0.00020852172747254372,0.0003308318555355072,0.0003519500605762005,-0.0003822953440248966,-0.00043528806418180466,-0.0006531574763357639
46393,0.2,0,0,0.020062031224370003,6,0.0017846636474132538,0.002217305824160576,4,0.00042739138007164,0.00318748876452446,0.005152835510671139,0.007968802005052567,0.0028813250828534365,0.005333438515663147,0.005488947033882141,0.0019432101398706436,0.0035457368940114975,0.002023967681452632,0.0035357424058020115,0.0,0.00039348378777503967,-0.001859322190284729,-0.004134524613618851,-0.0058793239295482635,-0.0009389650076627731,0.002217305824160576,0.000264214351773262,0.0004326421767473221,0.0,-0.0013396237045526505,-9.042955935001373e-05,0.00276009738445282,0.00318748876452446,0.0016680192202329636,-0.00029135867953300476,-0.005901625379920006,-0.006174085661768913
46974,0.2,1,6,0.038533955812454224,4,0.005680447444319725,0.008452070876955986,4,0.007977250963449478,0.01624460332095623,0.021428780630230904,0.025514326989650726,0.0194497499614954,0.02339261583983898,0.02014731615781784,0.02014731615781784,0.0,0.0016782425809651613,0.0036499397829174995,0.0,-0.0015602335333824158,0.002771623432636261,0.0010472126305103302,0.008452070876955986,0.0018067136406898499,-0.009052105247974396,-0.008490536361932755,-0.026050440967082977,0.0,-0.0026779398322105408,-0.004492219537496567,0.008267352357506752,0.01624460332095623,0.0038431622087955475,0.00473431870341301,-0.012512121349573135,-0.028142623603343964
46979,0.2,0,0,1.1503043174743652,8,0.040069520473480225,0.37953799962997437,8,0.02547168731689453,0.15213251113891602,0.3300374150276184,0.46268439292907715,0.15737679600715637,0.2696438431739807,0.436085045337677,0.436085045337677,0.0,0.10977981239557266,0.24351796507835388,0.0,0.06180000305175781,0.04729580879211426,-0.36362528800964355,-0.5640164613723755,-0.0945425033569336,-0.07565689086914062,0.33946847915649414,0.37953799962997437,0.0,0.02945089340209961,0.07866430282592773,-0.12190961837768555,-0.20415079593658447,-0.044794559478759766,-0.1273435354232788,0.12666082382202148,0.15213251113891602
47059,0.2,1,6,1.0132386684417725,4,0.03500831127166748,0.19404155015945435,8,0.02803671360015869,0.3258358836174011,0.762786865234375,0.805041491985321,0.44470080733299255,0.5463092923164368,0.4754016399383545,0.12989592552185059,0.3455057144165039,0.03251727670431137,0.09166610240936279,0.0,-0.052779436111450195,0.05256462097167969,0.15903323888778687,0.19404155015945435,0.07623207569122314,-0.06759870052337646,-0.24559831619262695,-0.2923544645309448,0.0,0.0829961895942688,0.08172160387039185,-0.29195594787597656,-0.3606053590774536,-0.13674437999725342,-0.1341710090637207,0.29779917001724243,0.3258358836174011
47224,0.2,0,2,0.0032147890888154507,5,8.43801535665989e-06,0.00015341700054705143,8,0.0,0.0003439434804022312,0.0016801966121420264,0.0019396517891436815,0.0013333347160369158,0.0018119828309863806,0.0005008608568459749,0.00010683084838092327,0.00039403000846505165,0.00021591270342469215,0.0006148249958641827,0.0,-0.00014115613885223866,0.00014497898519039154,0.00014497898519039154,0.00014497898519039154,0.00015341700054705143,-0.0003286206629127264,-0.0003286206629127264,-0.0003286206629127264,0.0,0.00024647684767842293,-0.00029821041971445084,-0.00029821041971445084,-0.00029821041971445084,-0.0004679488483816385,0.0003439434804022312,0.0003439434804022312,0.0003439434804022312
49016,0.2,2,2,0.0009563163621351123,6,0.0003106679650954902,0.00037188484566286206,2,8.444505510851741e-05,0.00011826871195808053,0.0005474537028931081,0.0006078389124013484,0.00025885505601763725,0.000419321411754936,0.00042812031460925937,0.00022130366414785385,0.00020681665046140552,4.7846664529060945e-05,0.00012017015251331031,0.0,6.121688056737185e-05,-0.0006607607938349247,-0.00013230612967163324,-0.00016564782708883286,-0.00013468775432556868,0.00037188484566286206,7.145747076719999e-06,-2.2985157556831837e-05,0.0,-3.5013421438634396e-05,0.00011826871195808053,-1.9174127373844385e-05,3.382365684956312e-05,2.82260007224977e-05,-0.00028090644627809525,-5.68068353459239e-05,-0.00014159432612359524
49506,0.2,3,2,0.0005183068569749594,2,2.3836037144064903e-07,0.0002722891513258219,4,4.9338763346895576e-05,0.00026192053337581456,0.00020531837071757764,0.00023250767844729125,0.00017156438843812793,0.00022109686688054353,0.00039481365820392966,0.00039457526872865856,2.3838947527110577e-07,1.9748174963751808e-05,7.010835543042049e-05,0.0,-0.00010305730393156409,0.0002722891513258219,0.00021961299353279173,0.00027205079095438123,0.000114745635073632,-0.001512505579739809,-0.0008240420138463378,-0.0013470082776620984,0.0,-0.00010162766557186842,-8.518685353919864e-05,0.00021258177002891898,0.00026192053337581456,0.00011808215640485287,-1.906341640278697e-05,-0.0005482856649905443,-0.0007165346760302782
49553,0.2,0,6,3.382368326187134,8,0.07992768287658691,0.2320539951324463,8,0.05292940139770508,0.5457696914672852,0.5048988461494446,0.7342607975006104,0.5262830257415771,0.7938117384910583,0.7641186714172363,0.7641186714172363,0.0,0.10318101942539215,0.30414479970932007,0.0,0.029726505279541016,-0.09649920463562012,-0.0633392333984375,-0.11454343795776367,-0.04066181182861328,0.15212631225585938,0.13043642044067383,0.2320539951324463,0.0,0.12180280685424805,0.05371522903442383,-0.44893383979797363,-0.6101391315460205,-0.19284963607788086,-0.07923698425292969,0.4928402900695801,0.5457696914672852
50880,0.2,0,4,0.020897798240184784,8,0.0008107572793960571,0.012391305528581142,2,0.0019193775951862335,0.0023550428450107574,0.011875133961439133,0.013942362740635872,0.008299853652715683,0.009997110813856125,0.013016066513955593,0.011271755211055279,0.0017443113029003143,0.0010275532258674502,0.002973895752802491,0.0,0.0034880805760622025,0.001911405473947525,-0.028928223997354507,-0.04874904453754425,-0.007131380960345268,-0.003366708755493164,0.011580548249185085,0.012391305528581142,0.0,-8.406117558479309e-06,0.0023550428450107574,-0.0012041889131069183,-0.0012046564370393753,-0.0001587606966495514,-0.004758583381772041,0.0004356652498245239,-0.0006303358823060989
51075,0.2,3,0,0.32556018233299255,6,0.059409379959106445,0.11933162808418274,7,0.009263724088668823,0.025099962949752808,0.20275743305683136,0.24710305035114288,0.07908531278371811,0.12675471603870392,0.11990173161029816,0.08338867127895355,0.036513060331344604,0.01573723368346691,0.0531519278883934,0.0,0.02105697989463806,-0.3056572377681732,-0.1025744080543518,-0.15123161673545837,-0.056322187185287476,0.11933162808418274,0.04352143406867981,0.059922248125076294,0.0,0.015836238861083984,-0.15713796019554138,-0.14815595746040344,-0.18239501118659973,-0.07238081097602844,-0.024070680141448975,0.025099962949752808,0.01576775312423706
51102,0.2,0,2,0.0012488907668739557,4,0.000207355129532516,0.00044490897562354803,6,8.441787213087082e-05,8.8465865701437e-05,0.0004600531538017094,0.0006178886978887022,0.0005128799239173532,0.0007762720924802125,0.0005036336369812489,0.00041084311669692397,9.279052028432488e-05,9.115536522585899e-05,0.00028714723885059357,0.0,-5.000422243028879e-05,7.977010682225227e-06,0.00023755384609103203,0.00044490897562354803,6.965280044823885e-05,-2.1787825971841812e-05,-0.0005875100614503026,-0.0016451338306069374,0.0,4.047993570566177e-06,-7.274339441210032e-05,-4.857557360082865e-05,-5.905225407332182e-05,-1.2501259334385395e-05,8.8465865701437e-05,-2.5954912416636944e-05,-4.643260035663843e-05
51255,0.2,3,2,0.0017007424030452967,4,9.062601020559669e-05,0.0007287056068889797,2,0.000543968053534627,0.0009071235544979572,0.0008426530403085053,0.001068745506927371,0.0006559092435054481,0.001071920501999557,0.0012235422618687153,0.0011924440041184425,3.109825775027275e-05,0.0001906846446217969,0.0005385988624766469,0.0,-0.0002513105282559991,0.000638079596683383,0.00047411618288606405,0.0007287056068889797,0.00030018005054444075,-0.0022854094859212637,-0.0012021970469504595,-0.002477623289451003,0.0,-0.00011947553139179945,0.0009071235544979572,0.00015936268027871847,0.00036315550096333027,0.00014162808656692505,-0.0023215042892843485,-0.00039228820241987705,-0.0008186690974980593
52029,0.2,0,0,1.869328498840332,6,0.015118837356567383,0.021346569061279297,8,0.03753948211669922,0.11838102340698242,0.5817483067512512,0.7496603727340698,0.37579283118247986,0.47665634751319885,0.14088106155395508,0.12263965606689453,0.018241405487060547,0.031385622918605804,0.11460338532924652,0.0,0.0025092363357543945,-0.011662721633911133,-0.00028824806213378906,0.0026780366897583008,-0.0016126632690429688,0.021346569061279297,0.006227731704711914,0.00326383113861084,0.0,0.0452272891998291,0.011704087257385254,-0.056360602378845215,-0.08449292182922363,-0.06959939002990723,-0.020333409309387207,0.0808415412902832,0.11838102340698242
52439,0.2,1,0,0.04677663370966911,8,0.0008694827556610107,0.005422782152891159,4,4.433467984199524e-05,0.004436284303665161,0.015849292278289795,0.02327573113143444,0.00866106990724802,0.012047871015965939,0.009744349867105484,0.000657644122838974,0.00908670574426651,0.0019392117392271757,0.0057257902808487415,0.0,0.001261383295059204,-0.004098039120435715,-0.004476491361856461,-0.007377456873655319,-0.00226549431681633,0.004553299397230148,0.004146203398704529,0.005422782152891159,0.0,-0.0018585026264190674,0.004391949623823166,0.0030532367527484894,0.004436284303665161,0.002551395446062088,-0.007846325635910034,-0.005444228649139404,-0.008299518376588821
52511,0.2,2,9,0.022706976160407066,6,0.0020157061517238617,0.005197448655962944,4,0.0011162497103214264,0.0028407908976078033,0.01038326509296894,0.01380874402821064,0.005686141084879637,0.010050256736576557,0.007382859475910664,0.0061903540045022964,0.0011925054714083672,0.0023122665006667376,0.005556649994105101,0.0,-0.0008321646600961685,-0.008244534954428673,0.0023518335074186325,0.0031817425042390823,0.0010524950921535492,0.005197448655962944,-0.004359651356935501,-0.006065633147954941,0.0,-0.0009990036487579346,-0.006671464070677757,0.001724541187286377,0.0028407908976078033,0.0011777915060520172,0.0015461873263120651,-0.003967871889472008,-0.008138315752148628
53392,0.2,1,10,0.07925829291343689,7,0.0017246603965759277,0.004051126539707184,6,0.011614710092544556,0.02028871327638626,0.03750598058104515,0.04532918706536293,0.0252807829529047,0.03913367912173271,0.02372317761182785,0.01783817633986473,0.0058850012719631195,0.0034370943903923035,0.01080814003944397,0.0,0.0008592382073402405,0.001492321491241455,-0.0037599951028823853,-0.0029667913913726807,-0.001584559679031372,-0.005085647106170654,0.004051126539707184,0.002326466143131256,0.0,0.006513074040412903,-0.024086542427539825,-0.013813577592372894,-0.018958337604999542,-0.015388235449790955,0.02028871327638626,0.008674003183841705,0.008015379309654236
53728,0.2,0,0,0.07553020864725113,4,0.0026391632854938507,0.01701689139008522,6,0.0006733089685440063,0.002349346876144409,0.032467205077409744,0.0440467931330204,0.015214873477816582,0.027809765189886093,0.018712937831878662,0.018712937831878662,0.0,0.005033343099057674,0.011854912154376507,0.0,-0.006627783179283142,0.011783421039581299,0.01437772810459137,0.01701689139008522,0.009138159453868866,-0.020020224153995514,-0.024469293653964996,-0.028764627873897552,0.0,0.0005171149969100952,-0.0028162747621536255,-0.002852313220500946,0.0005355849862098694,-0.0016697049140930176,0.002349346876144409,0.0016760379076004028,-0.0028719305992126465
54086,0.2,0,8,0.001493292162194848,7,6.070826202630997e-06,3.035354893654585e-05,4,0.00016682385466992855,0.00044837279710918665,0.0004103677347302437,0.000622942578047514,0.0004794525448232889,0.0006895605474710464,0.00046480668243020773,0.00031250633765012026,0.00015230034478008747,0.00013845544890500605,0.0003019829746335745,0.0,1.047481782734394e-05,-2.1068262867629528e-05,-6.486999336630106e-05,-0.00020733114797621965,-1.91638246178627e-05,2.4282722733914852e-05,3.035354893654585e-05,2.3925676941871643e-05,0.0,-0.00010081450454890728,-0.00016805820632725954,0.0002815489424392581,0.00044837279710918665,0.00013737170957028866,0.0001982069807127118,-0.0005683323834091425,-0.0010677366517484188
54194,0.2,0,8,0.0013565156841650605,6,5.238223820924759e-06,2.23811948671937e-05,4,0.00013956183101981878,0.0003410107456147671,0.0003132755227852613,0.0005464591085910797,0.00046804925659671426,0.0005989356432110071,0.00036137504503130913,0.00020764069631695747,0.00015373434871435165,7.63933130656369e-05,0.0003164243244100362,0.0,8.333357982337475e-06,-2.2261636331677437e-05,-6.059347651898861e-05,-0.0001914104213938117,-1.8571270629763603e-05,2.23811948671937e-05,1.714297104626894e-05,1.2738164514303207e-05,0.0,-8.011586032807827e-05,-0.0001399902394041419,0.0002014489145949483,0.0003410107456147671,9.452831000089645e-05,0.00014822534285485744,-0.0004280038410797715,-0.0007830272661522031
54663,0.2,0,0,2.1436407566070557,8,0.06880593299865723,0.11205768585205078,4,0.04277777671813965,0.10418915748596191,0.4300667345523834,0.5388140678405762,0.20398643612861633,0.3403273820877075,0.20196378231048584,0.05057930946350098,0.15138447284698486,0.0744946226477623,0.1826344132423401,0.0,0.008144140243530273,0.015597105026245117,-0.03888964653015137,-0.09384369850158691,-0.014580011367797852,-0.016796350479125977,0.043251752853393555,0.11205768585205078,0.0,-0.025783777236938477,0.03845620155334473,0.061411380767822266,0.10418915748596191,0.040632009506225586,-0.0549619197845459,-0.0797276496887207,-0.12127876281738281
54703,0.2,2,11,0.2139563113451004,8,0.015793994069099426,0.07300765812397003,8,0.006271570920944214,0.04729573428630829,0.06739247590303421,0.08392395079135895,0.04511801153421402,0.06491941213607788,0.08786608278751373,0.08786608278751373,0.0,0.009244176559150219,0.021148931235074997,0.0,0.017109081149101257,-0.1637428253889084,-0.06806732714176178,-0.17858313024044037,-0.03743450343608856,0.057213664054870605,0.0513266921043396,0.07300765812397003,0.0,0.017288461327552795,-0.09803827106952667,-0.0363149493932724,-0.08053849637508392,-0.034693822264671326,0.041024163365364075,0.033536821603775024,0.04729573428630829
54721,0.2,2,11,0.3878227174282074,8,0.040947794914245605,0.17136603593826294,6,0.05432787537574768,0.11795562505722046,0.13195805251598358,0.17136603593826294,0.11266334354877472,0.14435352385044098,0.21331794559955597,0.1941726952791214,0.01914525032043457,0.018401602283120155,0.05291139334440231,0.0,0.04406431317329407,-0.34419140219688416,-0.13875505328178406,-0.3531564176082611,-0.07856062054634094,0.13041824102401733,0.1267307996749878,0.17136603593826294,0.0,0.014620810747146606,-0.1697840392589569,-0.013397008180618286,-0.07324272394180298,-0.022815465927124023,0.11795562505722046,0.01684662699699402,0.06362774968147278
55286,0.2,0,6,3.93412184715271,8,0.2284679412841797,0.5674221515655518,6,0.043315887451171875,0.16365981101989746,0.7448254823684692,0.95594322681427,0.4883289337158203,0.665787398815155,0.7260303497314453,0.689929723739624,0.03610062599182129,0.1864785999059677,0.4106884300708771,0.0,0.06699752807617188,-0.19135546684265137,-0.2314159870147705,-0.4123709201812744,-0.10044407844543457,0.2921473979949951,0.33895421028137207,0.5674221515655518,0.0,0.016681909561157227,-0.09657454490661621,-0.010065078735351562,-0.0550084114074707,-0.0223538875579834,0.16365981101989746,0.039795875549316406,0.12034392356872559
55482,0.2,0,0,1.7334578037261963,4,0.17040884494781494,0.2497549057006836,4,0.2173224687576294,0.24883794784545898,1.114805817604065,1.2410705089569092,0.9097695350646973,0.9796356558799744,0.48019421100616455,0.48019421100616455,0.0,0.03701260685920715,0.10269898176193237,0.0,-0.011297225952148438,-0.05502116680145264,0.02922368049621582,0.2497549057006836,0.016709089279174805,0.07934606075286865,-0.05121922492980957,-0.36682724952697754,0.0,-0.01912856101989746,0.005658626556396484,0.014234185218811035,0.24883794784545898,0.03151547908782959,-0.00341033935546875,0.0021779537200927734,-0.21988415718078613
55567,0.2,0,0,0.023832516744732857,4,0.00034756027162075043,0.0011327657848596573,4,0.0007097199559211731,0.0064687225967645645,0.009447655640542507,0.01266540214419365,0.00748410914093256,0.009207543917000294,0.00709090381860733,0.00709090381860733,0.0,0.0007749776123091578,0.0017956143710762262,0.0,-0.00029608234763145447,-0.0005615968257188797,0.0006930641829967499,0.0011327657848596573,0.00036894530057907104,0.0007852055132389069,-0.0017214976251125336,-0.0033829621970653534,0.0,-0.0036975275725126266,-0.0034668315201997757,0.005759002640843391,0.0064687225967645645,0.003977550193667412,0.003933960571885109,-0.013881320133805275,-0.014993315562605858
56054,0.2,0,6,0.013094858266413212,4,0.0004029450938105583,0.0024521825835108757,3,0.00020272564142942429,0.003009284846484661,0.0052688042633235455,0.006154391914606094,0.0052233049646019936,0.0064565869979560375,0.004881424829363823,0.0045896656811237335,0.0002917591482400894,0.0006778995739296079,0.002042351756244898,0.0,-0.0010092351585626602,0.0015167081728577614,0.0020492374897003174,0.0024521825835108757,0.0012850677594542503,-0.003346952609717846,-0.004776096902787685,-0.0060589006170630455,0.0,-0.0020314259454607964,0.002806559205055237,0.003009284846484661,0.002789686433970928,0.0023146653547883034,-0.006265058182179928,-0.0067657167091965675,-0.007089381106197834
56365,0.2,0,1,1.0545413494110107,4,0.17325329780578613,0.8313387632369995,4,0.1783515214920044,0.5435162782669067,0.5352705717086792,0.7099005579948425,0.46577319502830505,0.6775560975074768,0.9640058279037476,0.9640058279037476,0.0,0.13282349705696106,0.4316573739051819,0.0,-0.12884044647216797,0.07338351011276245,0.6580854654312134,0.8313387632369995,0.17886364459991455,-0.12031590938568115,-1.277634859085083,-1.41025710105896,0.0,-0.07160913944244385,0.006560921669006348,0.36516475677490234,0.5435162782669067,0.10659301280975342,-0.009285211563110352,-0.4314635992050171,-0.4671381711959839
56420,0.2,2,1,0.003405368886888027,4,3.4456606954336166e-06,7.520569488406181e-05,5,7.893238216638565e-05,0.0006283142138272524,0.0011605799663811922,0.0018235868774354458,0.0014769856352359056,0.001973201287910342,0.0006860909052193165,0.0006730135064572096,1.3077398762106895e-05,0.00025185936829075217,0.000666988838929683,0.0,-0.00010454212315380573,-4.9777794629335403e-05,7.17600341886282e-05,7.520569488406181e-05,5.774036981165409e-05,-0.0001773587428033352,-0.0004105025436729193,-0.00045907218009233475,0.0,-0.0005826829001307487,0.00044656521640717983,0.0005115820094943047,0.0005493818316608667,0.0006283142138272524,-0.0009014350362122059,-0.0010813632979989052,-0.0011943364515900612
57020,0.2,3,2,0.11039428412914276,3,0.001224510371685028,0.0018204525113105774,4,0.012871071696281433,0.04538799822330475,0.03377167135477066,0.049822572618722916,0.048592086881399155,0.06095544621348381,0.04669145494699478,0.04606740176677704,0.0006240531802177429,0.004920547362416983,0.020435182377696037,0.0,-0.0006571486592292786,-0.024526819586753845,0.0018204525113105774,0.00013355165719985962,0.0005959421396255493,-0.002664230763912201,-0.003785431385040283,-0.010310247540473938,0.0,-0.010353989899158478,0.032516926527023315,0.02009059488773346,0.04538799822330475,0.015641599893569946,-0.01553325355052948,-0.028483957052230835,-0.046728432178497314
57529,0.2,0,9,2.4390146732330322,4,5.602836608886719e-05,0.1622483730316162,4,0.05908942222595215,0.24759650230407715,0.8500652313232422,0.9987242817878723,0.47383275628089905,0.6576695442199707,0.40450286865234375,0.4018595218658447,0.0026433467864990234,0.07173938304185867,0.2646086513996124,0.0,-0.04903697967529297,0.16219234466552734,0.11049532890319824,0.1622483730316162,0.07713603973388672,-0.23940062522888184,-0.13475608825683594,-0.17012786865234375,0.0,-0.1013803482055664,0.006100893020629883,0.188507080078125,0.24759650230407715,0.15222406387329102,-0.007261514663696289,-0.2699267864227295,-0.33636951446533203
57820,0.2,3,2,0.00028832571115344763,4,2.979548298753798e-06,5.8278252254240215e-05,3,6.197369657456875e-06,4.779029404744506e-05,0.00011563040607143193,0.0001529786823084578,8.329514821525663e-05,0.00013099375064484775,9.96352027868852e-05,9.701310773380101e-05,2.6220950530841947e-06,4.008405448985286e-05,8.790680294623598e-05,0.0,-2.3000495275482535e-05,4.922047082800418e-05,5.529870395548642e-05,5.8278252254240215e-05,2.8721580747514963e-05,-0.0001248875050805509,-0.0001425230293534696,-0.00015956247807480395,0.0,-1.9425322534516454e-05,-2.0259525626897812e-05,4.779029404744506e-05,4.1592924389988184e-05,2.4669512640684843e-05,1.2751814210787416e-05,-0.00010856243898160756,-9.855278767645359e-05
58003,0.2,0,0,0.1035090908408165,4,0.010414190590381622,0.025582991540431976,4,0.007787570357322693,0.021736927330493927,0.03299957141280174,0.04898979887366295,0.025111347436904907,0.037846460938453674,0.042334966361522675,0.042334966361522675,0.0,0.014961667358875275,0.034334421157836914,0.0,-0.00475754588842392,0.0027794986963272095,0.015168800950050354,0.025582991540431976,0.006792016327381134,-0.004249386489391327,-0.02484876662492752,-0.0411488339304924,0.0,-0.005947388708591461,-0.006018228828907013,0.013949356973171234,0.021736927330493927,0.008116640150547028,0.008158035576343536,-0.024534262716770172,-0.03877108544111252
58100,0.2,2,2,0.0007819455349817872,6,0.00011021364480257034,0.00033870444167405367,5,1.3105862308293581e-05,0.0002443369594402611,0.00046302276314236224,0.0005175027763471007,0.00028155441395938396,0.0003495179698802531,0.00048432423500344157,6.599246989935637e-05,0.0004183317651040852,3.804295192821883e-05,0.00010931402357527986,0.0,0.0001166214351542294,-0.0005976652028039098,-0.0003468060167506337,-0.0003227526322007179,-0.00026833266019821167,0.00033870444167405367,0.00022849079687148333,0.00020168389892205596,0.0,-0.0002446345752105117,0.0002015647478401661,0.00021490850485861301,0.00023123109713196754,0.0002443369594402611,-0.0004537294153124094,-0.000499686342664063,-0.0005573080852627754
58419,0.2,0,2,0.0001858300092862919,4,1.7283018678426743e-05,6.042969471309334e-05,4,1.1323063517920673e-05,2.9797229217365384e-05,8.293387509183958e-05,9.09439186216332e-05,4.979770164936781e-05,6.68662105454132e-05,8.081214036792517e-05,8.081214036792517e-05,0.0,4.642825842893217e-06,1.3630398825625889e-05,0.0,-2.383714308962226e-05,8.223942131735384e-06,4.31466760346666e-05,6.042969471309334e-05,2.8009366360493004e-05,-1.9546510884538293e-05,-0.00011179129069205374,-0.00019020457693841308,0.0,-1.2037839042022824e-05,6.316928192973137e-06,1.847416569944471e-05,2.9797229217365384e-05,1.5613637515343726e-05,-1.2276199413463473e-05,-3.563633072189987e-05,-6.280966044869274e-05
59403,0.2,3,4,0.12025412917137146,7,0.0021757185459136963,0.03736948221921921,0,0.0018998831510543823,0.0,0.07026796042919159,0.08106780797243118,0.06271959096193314,0.07502980530261993,0.05507136136293411,0.02188114821910858,0.03319021314382553,0.006540460977703333,0.016144726425409317,0.0,0.02056208997964859,-0.17868411540985107,-0.12382346391677856,-0.15580374002456665,-0.0694790929555893,0.028039485216140747,0.03736948221921921,0.03519376367330551,0.0,-0.009680673480033875,-0.0018998831510543823,-0.0049184709787368774,-0.009762421250343323,-0.004132971167564392,-0.05940327048301697,-0.014947757124900818,-0.026906684041023254
59934,0.2,0,0,1.6404051780700684,8,0.10643208026885986,0.34987783432006836,8,0.023837804794311523,0.051346540451049805,0.4169754981994629,0.5984159708023071,0.28691235184669495,0.35617783665657043,0.3915828466415405,0.3915828466415405,0.0,0.06727025657892227,0.16789090633392334,0.0,0.04845070838928223,0.02220594882965088,-0.18378996849060059,-0.29847514629364014,-0.07465565204620361,-0.03191518783569336,0.2434457540512085,0.34987783432006836,0.0,0.007876276969909668,-0.0057010650634765625,-0.018557310104370117,-0.04986119270324707,-0.010985374450683594,0.01398611068725586,0.02750873565673828,0.051346540451049805
60012,0.2,0,0,0.041234202682971954,6,0.0003710240125656128,0.0009171739220619202,6,0.0006215423345565796,0.003509689122438431,0.016152257099747658,0.024947628378868103,0.007857074029743671,0.013894769363105297,0.004259701818227768,0.004259701818227768,0.0,0.002811787184327841,0.0077267843298614025,0.0,0.0004136189818382263,-0.00105232372879982,-0.0013691559433937073,-0.0024500563740730286,-0.0007499121129512787,0.0009171739220619202,0.0005461499094963074,0.0004973933100700378,0.0,-0.001052211970090866,-0.0026341043412685394,0.002193387597799301,0.002888146787881851,0.001433350145816803,0.003509689122438431,-0.004003763198852539,-0.00578414648771286
60312,0.2,2,2,0.001522692502476275,3,2.5000539608299732e-05,0.00019951071590185165,4,7.477076724171638e-05,0.00032166519667953253,0.0007891458226367831,0.0008421735255979002,0.0006007003830745816,0.0007827839581295848,0.0004907534457743168,0.000476225046440959,1.4528399333357811e-05,6.260107329580933e-05,0.00013793692050967366,0.0,-8.760066702961922e-05,-3.404135350137949e-05,0.00019951071590185165,0.00017451017629355192,0.00010379776358604431,-0.00030775880441069603,-0.0004795674467459321,-0.0005032423650845885,0.0,-0.00012794672511518002,-0.0001252094516530633,0.00024689442943781614,0.00032166519667953253,0.00015712925232946873,7.118121720850468e-05,-0.0004537504864856601,-0.0005874681519344449
61585,0.2,0,0,0.005787046160548925,4,0.00015272758901119232,0.0005471259355545044,4,0.0002855542115867138,0.0011002467945218086,0.0018319556256756186,0.002645085332915187,0.0015620219055563211,0.002020656131207943,0.0013253544457256794,0.0013253544457256794,0.0,0.0005140385474078357,0.001411515288054943,0.0,-0.00017978064715862274,0.00018028728663921356,0.00039439834654331207,0.0005471259355545044,0.0002215411514043808,-0.0003613065928220749,-0.0012865518219769,-0.0021700230427086353,0.0,-0.00041627930477261543,-0.00023049768060445786,0.0008146925829350948,0.0011002467945218086,0.0005015898495912552,0.0002803425304591656,-0.0018764473497867584,-0.0027156644500792027
62493,0.2,3,10,0.002938360208645463,4,6.432784721255302e-05,0.00041990005411207676,4,0.0001219375990331173,0.0009356243535876274,0.00024868137552402914,0.0004403824859764427,0.0005671695689670742,0.0008533000363968313,0.0012102467007935047,0.0012102467007935047,0.0,0.00017707554798107594,0.0004127523861825466,0.0,-0.00017601530998945236,0.00025094393640756607,0.00035557220689952374,0.00041990005411207676,0.00021052244119346142,-0.0010849551763385534,-0.0008531659841537476,-0.001390995690599084,0.0,-0.0004801959730684757,0.0008136867545545101,0.0006670244038105011,0.0009356243535876274,0.0005383410025388002,-0.0011844465043395758,-0.0014477299991995096,-0.001941111171618104
62723,0.2,3,2,0.00017963226127903908,4,7.151669706217945e-06,5.840376252308488e-05,4,8.462768164463341e-06,5.4947115131653845e-05,4.7092260501813143e-05,5.599006908596493e-05,5.211629832047038e-05,6.62885358906351e-05,9.356685768580064e-05,9.356685768580064e-05,0.0,8.355715181096457e-06,2.625276283652056e-05,0.0,-2.5625064154155552e-05,5.1252092816866934e-05,3.432668745517731e-05,5.840376252308488e-05,3.003579331561923e-05,-0.0002053396456176415,-7.711157377343625e-05,-0.00020450550073292106,0.0,-3.766267036553472e-05,3.754488716367632e-05,4.6484346967190504e-05,5.4947115131653845e-05,3.9928738260641694e-05,-0.0001128645526478067,-0.00010535655019339174,-0.00013717585534323007
62753,0.2,3,4,0.012868340127170086,2,0.0020686686038970947,0.005538979545235634,2,0.00017603393644094467,0.001294432207942009,0.008031769655644894,0.010019111447036266,0.005500069819390774,0.007015642244368792,0.006225816905498505,0.006225816905498505,0.0,0.0005602644523605704,0.0014480631798505783,0.0,-0.0034895045682787895,0.005538979545235634,0.0028715161606669426,0.0018584439530968666,0.003470310941338539,-0.014074712060391903,-0.007079179398715496,-0.005242872051894665,0.0,-0.0012228237465023994,0.001294432207942009,0.0007317988201975822,0.0006141522899270058,0.0011183982715010643,-0.0025426456704735756,-0.0016844188794493675,-0.0015657506883144379
62941,0.2,3,6,0.0019500303314998746,3,5.842710379511118e-05,0.0001888343831524253,2,2.7964124456048012e-05,0.00017443555407226086,0.0006256281631067395,0.0008328767726197839,0.0006470273365266621,0.0008366823312826455,0.0003393801162019372,0.0003033184912055731,3.606162499636412e-05,6.0941420088056475e-05,0.00020760303596034646,0.0,-0.00010957184713333845,6.436859257519245e-05,0.0001888343831524253,0.0001304072793573141,0.00013016932643949986,-0.00020521448459476233,-0.00039171462412923574,-0.0003352210624143481,0.0,-0.0001980772940441966,0.00017443555407226086,0.0001271945657208562,0.0001451624557375908,0.00014647142961621284,-0.0006206297548487782,-0.00037934596184641123,-0.00044939445797353983
62978,0.2,0,0,0.11288059502840042,4,0.001248195767402649,0.005055442452430725,6,0.0043200477957725525,0.009077787399291992,0.058692801743745804,0.07610584795475006,0.030794505029916763,0.04458058997988701,0.012664631009101868,0.012614808976650238,4.982203245162964e-05,0.00547685706987977,0.015119682066142559,0.0,-0.0017103850841522217,-0.0037853792309761047,0.0026443079113960266,0.005055442452430725,0.001887299120426178,0.003807246685028076,-0.014056794345378876,-0.024601630866527557,0.0,0.002116277813911438,-0.006770528852939606,-0.0050651878118515015,-0.008536957204341888,-0.0037592872977256775,0.009077787399291992,0.00427660346031189,0.00475773960351944
63364,0.2,3,2,0.00018726025882642716,4,1.0608171578496695e-05,5.530427733901888e-05,4,7.270908099599183e-06,7.318347343243659e-05,5.208609945839271e-05,7.071613072184846e-05,6.519754242617637e-05,9.131330443779007e-05,0.00010620123066473752,0.00010620123066473752,0.0,6.204274541232735e-06,1.6151716408785433e-05,0.0,-2.3002823581919074e-05,4.469610576052219e-05,3.206181281711906e-05,5.530427733901888e-05,2.729418338276446e-05,-0.00017661949095781893,-7.258223195094615e-05,-0.0001872251887107268,0.0,-5.4824500693939626e-05,6.59125653328374e-05,6.221752846613526e-05,7.318347343243659e-05,5.172847886569798e-05,-0.00019115764007437974,-0.0001570760941831395,-0.00018281610391568393
64411,0.2,0,6,0.03300607576966286,4,0.004309989511966705,0.02683805674314499,6,0.0013339407742023468,0.002087041735649109,0.02294592186808586,0.025281812995672226,0.008396061137318611,0.01261189952492714,0.027144718915224075,0.026183689013123512,0.000961029902100563,0.0017590128118172288,0.0038833245635032654,0.0,-0.009025588631629944,0.002377074211835861,0.022528067231178284,0.02683805674314499,0.010130491107702255,-0.00403367355465889,-0.10846312344074249,-0.16764891147613525,0.0,0.00035115331411361694,-0.0018320940434932709,-0.001984626054763794,-0.005903232842683792,-0.0007346682250499725,0.002087041735649109,0.0002027861773967743,0.0007531009614467621
64676,0.2,0,6,0.043545372784137726,6,0.00234304741024971,0.0032538771629333496,4,0.0016644597053527832,0.011512655764818192,0.016612786799669266,0.020490331575274467,0.020115604624152184,0.02500552125275135,0.01385420374572277,0.011293783783912659,0.002560419961810112,0.0017255295533686876,0.004934322088956833,0.0,-0.0005066059529781342,-0.003359805792570114,0.0005461461842060089,0.0009108297526836395,0.0003375411033630371,0.0032538771629333496,-0.0054266080260276794,-0.010838605463504791,0.0,-0.004206858575344086,0.006310123950242996,0.009848196059465408,0.011512655764818192,0.0060136206448078156,-0.009868215769529343,-0.01444723829627037,-0.015153665095567703
64752,0.2,3,2,7.414542778860778e-05,4,3.69529880117625e-06,2.4436390958726406e-05,2,1.4423367247218266e-05,1.5138572052819654e-05,2.7923102607019246e-05,3.424687747610733e-05,1.5222042748064268e-05,2.8024418497807346e-05,3.4568725823191926e-05,3.254225157434121e-05,2.026474248850718e-06,9.20852198760258e-06,1.92395418707747e-05,0.0,-1.2635166058316827e-05,2.0741092157550156e-05,1.895305103971623e-05,2.4436390958726406e-05,1.299293217016384e-05,-0.000107274652691558,-6.198231130838394e-05,-9.63093334576115e-05,0.0,-2.8608046704903245e-06,1.5138572052819654e-05,-1.3112075976096094e-06,-1.5496043488383293e-06,7.152048056013882e-07,-3.7785830500070006e-05,-8.105598681140691e-06,-1.3946359104011208e-05
65464,0.2,0,2,5.709961988031864e-05,4,2.3840402718633413e-07,1.6688354662619531e-06,4,3.4569129638839513e-06,1.382758273393847e-05,1.2999122191104107e-05,1.8482518498785794e-05,1.5359379176516086e-05,2.6135487132705748e-05,1.4542809367412701e-05,1.4542809367412701e-05,0.0,5.7993279369839e-06,1.586032703926321e-05,0.0,-8.344177331309766e-07,1.1920274118892848e-06,1.430431439075619e-06,1.6688354662619531e-06,1.311229425482452e-06,-1.668831828283146e-06,-5.9601079556159675e-06,-1.1800977517850697e-05,0.0,-5.9601079556159675e-06,-4.1720777517184615e-06,1.037066977005452e-05,1.382758273393847e-05,7.15217538527213e-06,5.244924977887422e-06,-2.3482614778913558e-05,-3.599849878810346e-05
65798,0.2,0,0,0.09506351500749588,8,0.0015698447823524475,0.009045474231243134,2,0.0004779547452926636,0.0005163252353668213,0.02612626552581787,0.038996919989585876,0.022467132657766342,0.029355231672525406,0.011337831616401672,0.006381049752235413,0.00495678186416626,0.008428315632045269,0.01724725402891636,0.0,0.0013651326298713684,-0.0022370144724845886,-0.008867375552654266,-0.01721174269914627,-0.0022411271929740906,0.003193862736225128,0.007475629448890686,0.009045474231243134,0.0,-5.777180194854736e-05,0.0005163252353668213,-0.0002816915512084961,-0.001336313784122467,3.8370490074157715e-05,-0.0009508579969406128,-0.0013275444507598877,-0.005673512816429138
65816,0.2,0,6,0.01822218857705593,8,0.0,0.0,8,0.0,0.0,0.005890398286283016,0.009261180646717548,0.007566911168396473,0.010021607391536236,1.1734664440155029e-07,1.1734664440155029e-07,0.0,0.0013500199420377612,0.002801713068038225,0.0,0.0,0.0,0.0,0.0,0.0,0.0,0.0,0.0,0.0,0.0,0.0,0.0,0.0,0.0,0.0,0.0,0.0
65870,0.2,0,4,0.0035387768875807524,4,0.00015581166371703148,0.0005941172130405903,6,0.0005776607431471348,0.0011012973263859749,0.0020799594931304455,0.0024297803174704313,0.0015829605981707573,0.0021645170636475086,0.0014841712545603514,0.000870739808306098,0.0006134314462542534,0.00034972536377608776,0.0007568033179268241,0.0,-0.00020120711997151375,0.00010940991342067719,0.0004383055493235588,0.0005941172130405903,0.0002518624532967806,-0.00034027034416794777,-0.0011690238025039434,-0.001749643823131919,0.0,-0.00014645513147115707,-0.001178752863779664,0.0005056902300566435,0.0005236365832388401,0.00016607949510216713,0.0011012973263859749,-0.001122393412515521,-0.001322306925430894
66141,0.2,3,2,1.7138407230377197,2,0.04918408393859863,0.11102473735809326,8,0.026371240615844727,0.05400991439819336,0.5068646669387817,0.633769690990448,0.41171446442604065,0.5567094087600708,0.16133785247802734,0.1380624771118164,0.023275375366210938,0.054905425757169724,0.15737740695476532,0.0,-0.0068558454513549805,0.11102473735809326,0.03855633735656738,0.006275534629821777,0.017562150955200195,-0.10381209850311279,0.0010622739791870117,0.06184065341949463,0.0,0.009631514549255371,0.027638673782348633,-0.02131068706512451,-0.06928908824920654,-0.025585055351257324,-0.07239127159118652,-0.008422255516052246,0.05400991439819336
66449,0.2,0,0,0.5820367932319641,4,0.047521889209747314,0.11596143245697021,4,0.047019004821777344,0.1643310785293579,0.1859024465084076,0.28205156326293945,0.12672671675682068,0.16870371997356415,0.2599763572216034,0.2599763572216034,0.0,0.0221894308924675,0.06738723069429398,0.0,-0.0200464129447937,-0.012912869453430176,0.0684395432472229,0.11596143245697021,0.029221951961517334,0.01867234706878662,-0.10488080978393555,-0.17053937911987305,0.0,-0.05146825313568115,-0.0041847825050354,0.11731207370758057,0.1643310785293579,0.07338613271713257,0.004368305206298828,-0.16323596239089966,-0.20372748374938965
66711,0.2,2,10,0.02323729358613491,4,0.000612843781709671,0.0012113340198993683,4,0.0027306247502565384,0.008327554911375046,0.005333851557224989,0.0079639358446002,0.006384412292391062,0.008569440804421902,0.008904141373932362,0.008904141373932362,0.0,0.002140840981155634,0.005193382501602173,0.0,-0.00037403590977191925,-0.00036879628896713257,0.0005984902381896973,0.0012113340198993683,0.0004132073372602463,-0.0021232254803180695,-0.0026330873370170593,-0.005240490660071373,0.0,-0.002734145149588585,0.002914389595389366,0.005596930161118507,0.008327554911375046,0.0036738328635692596,-0.006802253425121307,-0.009679274633526802,-0.014640802517533302
67349,0.2,0,2,0.5342031717300415,4,0.04858866333961487,0.1490515172481537,8,0.09445935487747192,0.16178607940673828,0.2698914408683777,0.3409571051597595,0.2658199965953827,0.33079007267951965,0.27553263306617737,0.10503053665161133,0.17050209641456604,0.025375813245773315,0.08710075169801712,0.0,-0.024895787239074707,0.03782445192337036,0.10046285390853882,0.1490515172481537,0.03382772207260132,-0.0655510425567627,-0.20612382888793945,-0.3416934609413147,0.0,0.007366538047790527,0.05848512053489685,-0.0173567533493042,-0.052587151527404785,-0.008186697959899902,-0.05225050449371338,0.06732672452926636,0.16178607940673828
68167,0.2,1,2,0.000164018536452204,3,1.5495170373469591e-06,3.170498530380428e-05,5,1.0727089829742908e-06,1.0727089829742908e-06,6.711205060128123e-05,7.842992636142299e-05,3.610328712966293e-05,5.118735134601593e-05,3.2300944440066814e-05,2.8725145966745913e-05,3.5757984733209014e-06,1.0006813681684434e-05,2.044868415396195e-05,0.0,-9.535127901472151e-06,3.015546826645732e-05,3.170498530380428e-05,2.586451591923833e-05,1.2276621419005096e-05,-0.00010929102427326143,-0.00012883578892797232,-0.00015290873125195503,0.0,-1.4302640920504928e-06,-4.5291963033378124e-06,-3.694862243719399e-06,-5.601890734396875e-06,1.0727089829742908e-06,-8.939183317124844e-06,-1.549454464111477e-05,-2.7413261705078185e-05
68237,0.2,0,0,1.3888332843780518,8,0.0,0.20673632621765137,5,0.023822546005249023,0.06673359870910645,0.4682055115699768,0.6636385321617126,0.21016745269298553,0.38454586267471313,0.2656559944152832,0.151824951171875,0.1138310432434082,0.07840815931558609,0.19210146367549896,0.0,0.10120439529418945,-0.15581417083740234,-0.15581464767456055,-0.15581464767456055,-0.16147983074188232,0.20673608779907227,0.20673632621765137,0.20673632621765137,0.0,-0.04354286193847656,0.04291105270385742,0.04291105270385742,0.04291105270385742,0.06673359870910645,-0.06174659729003906,-0.061746835708618164,-0.06174659729003906
68581,0.2,0,2,0.0033141232561320066,4,0.000353644834831357,0.0006594022270292044,4,0.00019976100884377956,0.001456661382690072,0.001624695723876357,0.0019478818867355585,0.0014265732606872916,0.0019406017381697893,0.0018366624135524035,0.0018366624135524035,0.0,0.00025892522535286844,0.0007822663174010813,0.0,-9.338418021798134e-05,-0.00023118709214031696,0.0002901880070567131,0.0006594022270292044,0.00013034837320446968,0.00030575739219784737,-0.0005798861384391785,-0.0015651111025363207,0.0,-0.0006278583314269781,0.0009868878405541182,0.0012569003738462925,0.001456661382690072,0.0007553535979241133,-0.0023538016248494387,-0.0029985455330461264,-0.003291807370260358
68960,0.2,0,1,0.1347937136888504,3,0.008347839117050171,0.04023145139217377,4,0.003160834312438965,0.02850864827632904,0.07146458327770233,0.08794814348220825,0.0718703344464302,0.09301045536994934,0.06050250679254532,0.0569433718919754,0.0035591349005699158,0.007313181646168232,0.0161895751953125,0.0,-0.007503315806388855,0.013240605592727661,0.04023145139217377,0.031883612275123596,0.010392822325229645,-0.019657596945762634,-0.07852967083454132,-0.050648972392082214,0.0,-0.0057983845472335815,0.012573234736919403,0.025347813963890076,0.02850864827632904,0.008571088314056396,-0.022971734404563904,-0.03483855724334717,-0.029162779450416565
69021,0.2,0,6,0.01765289530158043,4,0.0013709571212530136,0.0036146268248558044,4,0.0006448961794376373,0.00325593538582325,0.006608272902667522,0.008808618411421776,0.005000353790819645,0.008315658196806908,0.0062081459909677505,0.0062081459909677505,0.0,0.0009643431985750794,0.0021194028668105602,0.0,-0.0012171082198619843,0.0017392709851264954,0.002243669703602791,0.0036146268248558044,0.0016381386667490005,-0.0031602606177330017,-0.004156958311796188,-0.007573725655674934,0.0,-0.0016228333115577698,0.00022162124514579773,0.0026110392063856125,0.00325593538582325,0.0021210089325904846,-0.00044520385563373566,-0.004760608077049255,-0.006153548136353493
69374,0.2,3,2,0.00013457823661156,4,5.959809641353786e-07,2.4315726477652788e-05,4,8.820570656098425e-06,3.5401026252657175e-05,2.9810689738951623e-05,3.568709871615283e-05,3.7469166272785515e-05,6.061161184334196e-05,5.340000643627718e-05,5.340000643627718e-05,0.0,7.569159606646281e-06,1.9173137843608856e-05,0.0,-1.69252889463678e-05,1.9905477529391646e-05,2.371974551351741e-05,2.4315726477652788e-05,1.9786282791756094e-05,-5.733029684051871e-05,-5.3039577323943377e-05,-5.816460179630667e-05,0.0,-2.2050502593629062e-05,1.5018464182503521e-05,2.658045559655875e-05,3.5401026252657175e-05,2.574607788119465e-05,-5.065584264229983e-05,-5.351632717065513e-05,-7.556566561106592e-05
69461,0.2,2,2,0.0005545270396396518,4,2.3354397853836417e-05,0.00011057101073674858,4,7.280800491571426e-05,0.0001943414390552789,0.00016510482237208635,0.00021465953614097089,0.00023074215278029442,0.0003022285527549684,0.00026739310123957694,0.00026739310123957694,0.0,2.2006744984537363e-05,5.8687233831733465e-05,0.0,-4.158011870458722e-05,5.6237156968563795e-05,8.721661288291216e-05,0.00011057101073674858,5.4330797865986824e-05,-0.00011258397717028856,-0.0001834637369029224,-0.0002542192814871669,0.0,-7.398519665002823e-05,1.1914526112377644e-06,0.00012153343413956463,0.0001943414390552789,8.757409523241222e-05,-8.816539775580168e-06,-0.0002674407442100346,-0.0004917022306472063
70377,0.2,0,2,0.0012693690368905663,6,5.489157047122717e-05,0.00013383023906499147,6,0.00016004662029445171,0.0002831602469086647,0.0003440973232500255,0.0005458456580527127,0.0005642470205202699,0.0007424719515256584,0.00038629904156550765,0.00038629904156550765,0.0,8.156376861734316e-05,0.0001921786752063781,0.0,3.595626913011074e-05,-0.00014654966071248055,-0.0002077346434816718,-0.00029617256950587034,-9.333714842796326e-05,0.00013383023906499147,7.89386685937643e-05,1.9168597646057606e-05,0.0,1.5001511201262474e-05,-0.00026141724083572626,-4.8098270781338215e-05,0.000123113626614213,-2.4525565095245838e-05,0.0002831602469086647,4.786252975463867e-05,-0.00022201857063919306
70795,0.2,0,10,0.8848811388015747,2,0.2084517478942871,0.24100393056869507,8,0.046292245388031006,0.19956737756729126,0.5840009450912476,0.6565706729888916,0.38320693373680115,0.46565160155296326,0.3952442407608032,0.2547186017036438,0.14052563905715942,0.04392237588763237,0.15633971989154816,0.0,-0.010272502899169922,0.24100393056869507,-0.03359466791152954,-0.0397106409072876,0.011253178119659424,-0.3878363370895386,0.023460686206817627,0.03255218267440796,0.0,0.043062448501586914,0.010632038116455078,-0.1752389669418335,-0.30851852893829346,-0.08189499378204346,-0.03823280334472656,0.15327513217926025,0.19956737756729126
71521,0.2,3,2,7.390703103737906e-05,2,9.536161087453365e-07,1.6092195437522605e-05,4,1.0728217603173107e-06,1.764182889019139e-05,1.3428034435492009e-05,1.9477549358271062e-05,2.3441081793862395e-05,3.7936275475658476e-05,3.075419954257086e-05,2.860852691810578e-05,2.145672624465078e-06,7.1820345510786865e-06,1.7272497643716633e-05,0.0,-4.887202521786094e-06,1.6092195437522605e-05,1.2396929378155619e-05,1.5138579328777269e-05,5.96004247199744e-06,-6.758438394172117e-05,-3.766664303839207e-05,-5.6141849199775606e-05,0.0,-7.151997124310583e-06,1.0012896382249892e-05,1.656900712987408e-05,1.764182889019139e-05,8.46327020553872e-06,-3.1349234632216394e-05,-4.171929322183132e-05,-4.457998147699982e-05
72448,0.2,1,6,0.5114766359329224,6,0.009704500436782837,0.055754274129867554,8,0.0,0.0,0.3587861657142639,0.39401230216026306,0.2300581932067871,0.29170694947242737,0.055754274129867554,0.055754125118255615,1.4901161193847656e-07,0.018748018890619278,0.05506274476647377,0.0,0.030130207538604736,-0.04340904951095581,-0.03296172618865967,-0.034757912158966064,-0.05011320114135742,0.055754274129867554,0.04395264387130737,0.04604977369308472,0.0,0.0,0.0,0.0,0.0,0.0,0.0,0.0,0.0
72562,0.2,0,2,0.0009728704462759197,5,7.384340278804302e-06,7.884291699156165e-05,8,0.0,0.0,0.000552406650967896,0.0005786693654954433,0.00027515721740201116,0.00036144821206107736,7.884291699156165e-05,7.884291699156165e-05,0.0,3.3653279388090596e-05,8.156165858963504e-05,0.0,-5.966395838186145e-05,7.145857671275735e-05,7.145857671275735e-05,7.145857671275735e-05,7.884291699156165e-05,-0.00012646912364289165,-0.00012646912364289165,-0.00012646912364289165,0.0,0.0,0.0,0.0,0.0,0.0,0.0,0.0,0.0
72735,0.2,0,0,0.013911779969930649,4,0.001381191425025463,0.005347843281924725,4,0.0013471348211169243,0.0045997267588973045,0.004810473416000605,0.006926283705979586,0.004829289857298136,0.00637699943035841,0.008175224997103214,0.008175224997103214,0.0,0.0006529124220833182,0.0015619314508512616,0.0,-0.0013460051268339157,-0.0004008067771792412,0.0039666518568992615,0.005347843281924725,0.0017526261508464813,0.0004408387467265129,-0.009485416114330292,-0.014159243553876877,0.0,-0.0015594232827425003,-0.0010071191936731339,0.0032525919377803802,0.0045997267588973045,0.002012222073972225,0.0011693714186549187,-0.0066250991076231,-0.009961826726794243
72943,0.2,0,2,0.0906127467751503,4,0.007438622415065765,0.021695569157600403,6,0.0049117207527160645,0.024881303310394287,0.04164440184831619,0.052202463150024414,0.04552546516060829,0.05509617179632187,0.04071266949176788,0.02512344717979431,0.015589222311973572,0.005021882243454456,0.012083004228770733,0.0,-0.006268806755542755,-0.0019004717469215393,0.014256946742534637,0.021695569157600403,0.0075688958168029785,0.00012740492820739746,-0.034260667860507965,-0.05970364063978195,0.0,0.005848921835422516,-0.02101491391658783,-0.017500370740890503,-0.015750564634799957,-0.010152086615562439,0.024881303310394287,0.019969582557678223,0.01939813792705536
73134,0.2,2,10,0.011563538573682308,4,0.0008587697520852089,0.0032699452713131905,4,0.0013201390393078327,0.004320095758885145,0.0024231192655861378,0.003818138036876917,0.0021931964438408613,0.004688240587711334,0.006373307202011347,0.006373307202011347,0.0,0.0005968852201476693,0.0017251197714358568,0.0,-0.0012844419106841087,0.0009912801906466484,0.0024111755192279816,0.0032699452713131905,0.0015060529112815857,-0.0026625534519553185,-0.00596074853092432,-0.009106232784688473,0.0,-0.0019372766837477684,0.002943580038845539,0.0029999567195773125,0.004320095758885145,0.0023503433912992477,-0.007704588584601879,-0.006016972474753857,-0.009061275981366634
73321,0.2,1,6,0.01367274671792984,4,0.0003883782774209976,0.0010438067838549614,4,0.0006164228543639183,0.002813778817653656,0.004638494923710823,0.006054817233234644,0.005524716805666685,0.007994047366082668,0.0032766107469797134,0.0032766107469797134,0.0,0.0014257713919505477,0.004487776663154364,0.0,-0.0004991646856069565,0.000467413105070591,0.0006554285064339638,0.0010438067838549614,0.0005983617156744003,-0.001972045749425888,-0.002330159768462181,-0.003264034166932106,0.0,-0.0012833820655941963,0.001293037086725235,0.0021973559632897377,0.002813778817653656,0.001652098260819912,-0.002622704952955246,-0.003757121041417122,-0.004769600927829742
73591,0.2,0,6,0.008235188201069832,6,0.000886640977114439,0.0011349576525390148,4,0.0006195106543600559,0.0016095992177724838,0.0026404797099530697,0.0032672591041773558,0.002553462516516447,0.004130581393837929,0.0025094193406403065,0.0017842869274318218,0.0007251324132084846,0.0005623341421596706,0.0015427751932293177,0.0,-7.259193807840347e-05,-0.0008991016075015068,0.00022525619715452194,0.0002483166754245758,6.254669278860092e-05,0.0011349576525390148,-0.0006224140524864197,-0.0009274519979953766,0.0,-0.0004713963717222214,-0.0005034217610955238,0.000990088563412428,0.0016095992177724838,0.0006309645250439644,0.0006374712102115154,-0.0017959801480174065,-0.00302734412252903
74668,0.2,2,1,2.3343701362609863,6,0.08249831199645996,0.8902298212051392,6,0.13390517234802246,0.7299947738647461,0.6903921961784363,1.022458791732788,0.6377056241035461,0.8626220226287842,1.2490379810333252,1.2490379810333252,0.0,0.19790169596672058,0.48998910188674927,0.0,0.3966374397277832,-1.4120376110076904,-1.0599284172058105,-1.3068711757659912,-0.7899222373962402,0.8902298212051392,0.7483144998550415,0.8077315092086792,0.0,0.2839944362640381,-0.9036746025085449,-0.5166962146759033,-0.7213606834411621,-0.5034866333007812,0.7299947738647461,0.4912428855895996,0.5960896015167236
75275,0.2,0,2,0.001750485971570015,4,0.00034569675335660577,0.0008600315195508301,4,0.0003890588413923979,0.0009228008566424251,0.0009523696498945355,0.0011240467429161072,0.0006698366487398744,0.0009924533078446984,0.0013323872117325664,0.0013323872117325664,0.0,9.469214273849502e-05,0.00022761615400668234,0.0,-0.00016206596046686172,-7.865636143833399e-05,0.0005143347661942244,0.0008600315195508301,0.00020827306434512138,0.00010103685781359673,-0.0013313272502273321,-0.0034170937724411488,0.0,-0.00018657580949366093,-0.0001270847860723734,0.0005337420152500272,0.0009228008566424251,0.00024695717729628086,0.00016161613166332245,-0.0011776522733271122,-0.0024154148995876312
76334,0.2,0,2,0.0007440659101121128,4,5.00362366437912e-05,0.00013580673839896917,4,8.638069266453385e-05,0.00025471230037510395,0.00019198362133465707,0.00030484635499306023,0.00030139271984808147,0.0003915845009032637,0.0003511100949253887,0.0003511100949253887,0.0,2.994688657054212e-05,9.699544170871377e-05,0.0,-2.0012084860354662e-05,-5.836889613419771e-06,8.577050175517797e-05,0.00013580673839896917,2.6802474167197943e-05,6.432528607547283e-06,-0.00024512020172551274,-0.0005614960682578385,0.0,-4.3120759073644876e-05,-5.586602492257953e-05,0.0001683316077105701,0.00025471230037510395,5.908554885536432e-05,7.373839616775513e-05,-0.00030001980485394597,-0.0003826612955890596
76380,0.2,0,2,0.0009255892946384847,4,0.0001357182627543807,0.0005428815493360162,4,0.00019085343228653073,0.0003931039827875793,0.0004643927386496216,0.0005625317571684718,0.00027625152142718434,0.00040325525333173573,0.0007028119289316237,0.0007028119289316237,0.0,2.507186400180217e-05,9.575657895766199e-05,0.0,-0.00015291135059669614,7.658358663320541e-05,0.0004071632865816355,0.0005428815493360162,0.0001835484290495515,-0.00014290859689936042,-0.0015354359056800604,-0.003182970918715,0.0,-7.02659017406404e-05,-5.34740393050015e-05,0.00020225055050104856,0.0003931039827875793,9.48072993196547e-05,6.205250974744558e-05,-0.00041485478868708014,-0.0009902941528707743
76455,0.2,0,0,0.09896810352802277,4,0.0036437585949897766,0.010030396282672882,4,0.009429696947336197,0.040885504335165024,0.03370271995663643,0.04828104004263878,0.029129866510629654,0.03555823117494583,0.04672223702073097,0.04672223702073097,0.0,0.005967761389911175,0.01243219431489706,0.0,-0.0015529021620750427,-0.0025824829936027527,0.0063866376876831055,0.010030396282672882,0.002192266285419464,0.0033908039331436157,-0.012192778289318085,-0.01963316649198532,0.0,-0.0096520334482193,-0.01688505709171295,0.03145580738782883,0.040885504335165024,0.013232097029685974,0.021589986979961395,-0.051064521074295044,-0.05506707727909088
76499,0.2,2,8,0.003954567946493626,4,0.0002988656051456928,0.0009444192983210087,2,0.0003040218725800514,0.000318033155053854,0.0018190622795373201,0.002391287824138999,0.0009411111241206527,0.0015057619893923402,0.0013050781562924385,0.0008298535831272602,0.0004752245731651783,0.00043816532706841826,0.0008282710914500058,0.0,-0.00037870509549975395,0.00020472658798098564,0.0006455536931753159,0.0009444192983210087,0.0004701975267380476,-0.004367162473499775,-0.0014066584408283234,-0.0027208756655454636,0.0,1.4011282473802567e-05,0.000318033155053854,-0.00011980021372437477,-0.0001448509283363819,-6.008008494973183e-05,-0.001524986233562231,3.681052476167679e-06,-0.00022177956998348236
77987,0.2,1,0,0.572633683681488,4,0.007535815238952637,0.05297321081161499,4,0.02506309747695923,0.08290481567382812,0.19033899903297424,0.2664055824279785,0.10969024896621704,0.15742741525173187,0.12419283390045166,0.11991041898727417,0.00428241491317749,0.03597985580563545,0.08646142482757568,0.0,-0.014733493328094482,0.045437395572662354,0.037622153759002686,0.05297321081161499,0.02240288257598877,-0.0707482099533081,-0.06194823980331421,-0.08717799186706543,0.0,-0.031946659088134766,0.003717184066772461,0.057841718196868896,0.08290481567382812,0.045655786991119385,-0.00459820032119751,-0.08652347326278687,-0.12224912643432617
79560,0.2,1,0,0.12555287778377533,4,0.009676717221736908,0.031201794743537903,4,0.005512885749340057,0.01733865588903427,0.03992055729031563,0.06509482860565186,0.03922983258962631,0.05876816436648369,0.04453478008508682,0.04453478008508682,0.0,0.01035032793879509,0.020999206230044365,0.0,-0.007779419422149658,0.014349222183227539,0.021525077521800995,0.031201794743537903,0.010683208703994751,-0.02390141785144806,-0.03689059615135193,-0.04674491286277771,0.0,-0.005337849259376526,0.0022369101643562317,0.011825770139694214,0.01733865588903427,0.00766589492559433,-0.006150245666503906,-0.01872164011001587,-0.0272132009267807
79759,0.2,1,4,0.0007126175914891064,4,4.5866938307881355e-05,0.00011126836761832237,4,6.339576793834567e-05,0.0003726904687937349,0.00029086897848173976,0.00039604189805686474,0.00034842948662117124,0.00039900923729874194,0.00041952490573748946,0.00041952490573748946,0.0,4.7753121179994196e-05,0.00022185916895978153,0.0,-3.09718307107687e-05,-8.815142791718245e-06,6.540142931044102e-05,0.00011126836761832237,3.6095327232033014e-05,-0.00018367287702858448,-0.00031932146521285176,-0.0003579046460799873,0.0,-0.00015270576113834977,0.0001901405630633235,0.00030929470085538924,0.0003726904687937349,0.0001751281670294702,-0.0005452026962302625,-0.0006644931272603571,-0.0007587725413031876
80156,0.2,3,2,0.0001289761275984347,3,1.1919473763555288e-07,7.74762884248048e-06,2,8.343973604496568e-06,5.173149111215025e-05,2.7564004994928837e-05,3.8327532820403576e-05,4.540801455732435e-05,6.062385728000663e-05,5.900271935388446e-05,5.602270539384335e-05,2.9800139600411057e-06,1.3994101209391374e-05,3.511595059535466e-05,0.0,-1.0250631021335721e-05,2.1454907255247235e-06,7.74762884248048e-06,7.628434104844928e-06,7.270849891938269e-06,-1.990518649108708e-05,-2.3480926756747067e-05,-2.7295041945762932e-05,0.0,-4.743806493934244e-05,5.173149111215025e-05,2.860694075934589e-05,3.921556344721466e-05,4.3387517507653683e-05,-0.0001732929376885295,-6.138299067970365e-05,-9.451631922274828e-05
80169,0.2,3,2,0.0021067108027637005,2,3.689667209982872e-06,0.000512485159561038,4,0.00011865748092532158,0.0005301001947373152,0.0006798628019168973,0.0008203644538298249,0.0009252411546185613,0.0012264756951481104,0.0009131847182288766,0.0008897287771105766,2.345594111829996e-05,6.359659892041236e-05,0.0001801184262149036,0.0,-0.0003160226624459028,0.000512485159561038,0.00032421411015093327,0.0005087954923510551,0.00034313485957682133,-0.0014415693003684282,-0.0009218596387654543,-0.0013954788446426392,0.0,-0.00036549242213368416,0.00022116804029792547,0.00040882464963942766,0.0005301001947373152,0.0004114427138119936,-0.000433152774348855,-0.0007761402521282434,-0.0010089720599353313
80538,0.2,0,0,0.20679444074630737,4,0.017529144883155823,0.05395090579986572,4,0.010633811354637146,0.028417497873306274,0.07562451809644699,0.10210759192705154,0.05656800791621208,0.07541549950838089,0.0771351009607315,0.0771351009607315,0.0,0.009858655743300915,0.03297363966703415,0.0,-0.0107022225856781,-0.008156776428222656,0.0364217609167099,0.05395090579986572,0.014961212873458862,0.011295631527900696,-0.0622367262840271,-0.08776998519897461,0.0,-0.007240608334541321,-0.012878403067588806,0.017389237880706787,0.028417497873306274,0.010430306196212769,0.01778368651866913,-0.025904715061187744,-0.03898908197879791
80586,0.2,0,2,0.00011634149996098131,4,5.721456545870751e-06,1.6449106624349952e-05,4,7.6286232797428966e-06,1.8594662833493203e-05,2.8583483071997762e-05,3.7553225411102176e-05,3.358394678798504e-05,4.4639684347203e-05,3.17064841510728e-05,3.17064841510728e-05,0.0,1.3994174878462218e-05,3.50567206623964e-05,0.0,-4.648609319701791e-06,4.291046934667975e-06,1.07276500784792e-05,1.6449106624349952e-05,6.198184564709663e-06,-9.058814612217247e-06,-2.2766063921153545e-05,-3.921453026123345e-05,0.0,-3.337467205710709e-06,-1.5495286788791418e-05,7.390146492980421e-06,1.8594662833493203e-05,3.5758712328970432e-06,1.0966039553750306e-05,-1.8594306311570108e-05,-4.290943616069853e-05
81186,0.2,0,2,0.00396181084215641,4,0.0007475095335394144,0.001558699645102024,4,0.0008455261122435331,0.0023827007971704006,0.00184527481906116,0.0022819433361291885,0.0018326860154047608,0.002369418740272522,0.0029971578624099493,0.0029971578624099493,0.0,0.00016721177962608635,0.00038926806882955134,0.0,-0.00018568895757198334,-0.0002430272288620472,0.0008111901115626097,0.001558699645102024,0.0002590008080005646,0.00032278173603117466,-0.001776877325028181,-0.0053925225511193275,0.0,-0.0003934204578399658,-0.0006101271137595177,0.0015371746849268675,0.0023827007971704006,0.0005287609528750181,0.000773163978010416,-0.003573911264538765,-0.005694220773875713
81267,0.2,3,2,0.0016989572905004025,4,3.1310366466641426e-05,0.0003836329560726881,4,1.9047060050070286e-05,0.00031839427538216114,0.0006363962311297655,0.000796646170783788,0.0006305753486230969,0.0008373502059839666,0.0006226000841706991,0.0006226000841706991,0.0,8.518367394572124e-05,0.0002303366200067103,0.0,-0.00018646649550646544,0.00018911994993686676,0.0003523225896060467,0.0003836329560726881,0.00022149644792079926,-0.00043963384814560413,-0.0009168849792331457,-0.0011267175432294607,0.0,-0.00010840944014489651,-0.00036968616768717766,0.00021756836213171482,0.00031839427538216114,0.00012591725680977106,0.00029934721533209085,-0.00043796864338219166,-0.0006455231923609972
81829,0.2,0,0,0.5147645473480225,4,0.021007835865020752,0.08767342567443848,4,0.0348849892616272,0.10529226064682007,0.2252342700958252,0.3084624707698822,0.11833398044109344,0.152863547205925,0.1790999472141266,0.1790999472141266,0.0,0.01785859651863575,0.05444066599011421,0.0,-0.02298915386199951,0.007988810539245605,0.06666558980941772,0.08767342567443848,0.03180277347564697,-0.016001343727111816,-0.11231261491775513,-0.14577341079711914,0.0,-0.03791391849517822,0.04753077030181885,0.07040727138519287,0.10529226064682007,0.052073121070861816,-0.0732317566871643,-0.11056739091873169,-0.15723174810409546
81898,0.2,0,6,0.010004730895161629,4,0.00033549685031175613,0.0007475977763533592,3,1.3103708624839783e-05,0.000250120647251606,0.005898567847907543,0.006502354517579079,0.005059502087533474,0.00571793969720602,0.0009996779263019562,0.0009547853842377663,4.489254206418991e-05,0.0003144813235849142,0.0007600921089760959,0.0,-0.00016911234706640244,1.3336539268493652e-05,0.0004121009260416031,0.0007475977763533592,0.00021352525800466537,-8.674338459968567e-05,-0.0009149648249149323,-0.0017781993374228477,0.0,-0.00012025795876979828,0.0002370169386267662,0.000250120647251606,0.0001775212585926056,0.00015143398195505142,-0.0003620283678174019,-0.0004533408209681511,-0.0004388298839330673
82083,0.2,0,6,0.007067679427564144,5,1.2075528502464294e-05,0.00016348203644156456,8,0.0,0.0004150904715061188,0.0017634548712521791,0.0028357666451483965,0.002628740156069398,0.0034130015410482883,0.0005756793543696404,0.0001801750622689724,0.00039550429210066795,0.000507157645188272,0.0014316418673843145,0.0,-0.0001438087783753872,0.00015140650793910027,0.00015140650793910027,0.00015140650793910027,0.00016348203644156456,-0.00031954701989889145,-0.00031954701989889145,-0.00031954701989889145,0.0,0.0003176364116370678,-0.00042852479964494705,-0.00042852479964494705,-0.00042852479964494705,-0.0006362716667354107,0.0004150904715061188,0.0004150904715061188,0.0004150904715061188
82137,0.2,3,6,0.015275278128683567,4,0.000593290664255619,0.0029689250513911247,6,0.005166877061128616,0.006593155674636364,0.005915188230574131,0.008449177257716656,0.00518080173060298,0.008488597348332405,0.00832514651119709,0.00395699217915535,0.00436815433204174,0.0009320131503045559,0.0021633135620504618,0.0,-0.001936434768140316,-0.003352896310389042,0.0023756343871355057,0.0029689250513911247,0.0018268013373017311,-0.006243406794965267,-0.007174245081841946,-0.01070766057819128,0.0,-0.00048674922436475754,-0.02269681915640831,0.0012410059571266174,0.0014262786135077477,0.0004681916907429695,0.006593155674636364,-0.002326316200196743,-0.0028402647003531456
82385,0.2,2,0,0.1008247584104538,4,0.012411698698997498,0.036143481731414795,2,0.013114668428897858,0.013114668428897858,0.04760506749153137,0.061948735266923904,0.012870038859546185,0.02591826394200325,0.0405966080725193,0.024059176445007324,0.016537431627511978,0.006543263792991638,0.0139888571575284,0.0,-0.010001875460147858,0.013544350862503052,0.023731783032417297,0.036143481731414795,0.012220844626426697,-0.03505262732505798,-0.05450883507728577,-0.08197395503520966,0.0,-0.002074912190437317,0.013114668428897858,-0.005773790180683136,-0.012045294046401978,-0.0038396865129470825,-0.028762012720108032,-0.007414922118186951,-0.017093263566493988
82558,0.2,0,9,0.023651380091905594,7,1.673586666584015e-05,0.005230683833360672,8,0.00041073374450206757,0.0035943742841482162,0.01259112823754549,0.014026151970028877,0.00950014777481556,0.012146146968007088,0.006621422246098518,0.0065618883818387985,5.953386425971985e-05,0.0008793327724561095,0.0029682142194360495,0.0,0.0010309908539056778,0.0026838872581720352,-0.010022744536399841,-0.01614271104335785,-0.002043459564447403,-0.0061292387545108795,0.005230683833360672,0.005213947966694832,0.0,0.0009814612567424774,-0.0004980489611625671,-0.003752943128347397,-0.00626889243721962,-0.001812109723687172,0.00043190643191337585,0.0031836405396461487,0.0035943742841482162
82652,0.2,0,2,9.846202738117427e-05,4,5.244786734692752e-06,2.062138810288161e-05,4,1.2277625501155853e-05,2.8965427190996706e-05,1.4202497368387412e-05,2.1163748897379264e-05,3.0991890525911e-05,4.2673640564316884e-05,4.2792838939931244e-05,4.2792838939931244e-05,0.0,5.298520591168199e-06,1.0382465916336514e-05,0.0,-5.125482857692987e-06,5.959882400929928e-07,1.5376601368188858e-05,2.062138810288161e-05,6.317488441709429e-06,-5.24467759532854e-06,-3.802329592872411e-05,-6.186161772347987e-05,0.0,-7.986200216691941e-06,1.1919764801859856e-06,1.6687801689840853e-05,2.8965427190996706e-05,9.893446986097842e-06,-4.767891368828714e-06,-3.647377889137715e-05,-6.567568925675005e-05
82711,0.2,0,0,1.7422547340393066,4,0.008277416229248047,0.04240584373474121,7,0.010339617729187012,0.02171790599822998,0.36938124895095825,0.5676144957542419,0.26374855637550354,0.5063557624816895,0.06249284744262695,0.05602240562438965,0.006470441818237305,0.06461884826421738,0.1410265564918518,0.0,-0.010589241981506348,-0.008449554443359375,0.034128427505493164,0.04240584373474121,0.016942381858825684,0.013795614242553711,-0.042635202407836914,-0.04834556579589844,0.0,0.0012520551681518555,0.009588241577148438,-0.008506417274475098,0.0077877044677734375,-0.0013221502304077148,-0.013797283172607422,0.02171790599822998,0.011378288269042969
83478,0.2,0,10,0.01535686943680048,4,0.0010385289788246155,0.003080190159380436,4,0.0014899242669343948,0.0035706404596567154,0.0038687759079039097,0.00538119999691844,0.004220389761030674,0.005765048786997795,0.006165526807308197,0.006165526807308197,0.0,0.0010619491804391146,0.0025443865451961756,0.0,-0.0005553485825657845,0.0002177869901061058,0.0020416611805558205,0.003080190159380436,0.0007547670975327492,-0.0004244009032845497,-0.0050988392904400826,-0.008874942548573017,0.0,-0.0005524149164557457,-0.0005677836015820503,0.0020807161927223206,0.0035706404596567154,0.0008055195212364197,0.0007952982559800148,-0.0036809882149100304,-0.005237816832959652
83530,0.2,2,2,0.49479246139526367,2,0.0064324140548706055,0.05800598859786987,6,0.02687087655067444,0.044196873903274536,0.19894275069236755,0.26716333627700806,0.16866448521614075,0.2213008552789688,0.09616628289222717,0.06724661588668823,0.02891966700553894,0.026515047997236252,0.07517661899328232,0.0,-0.017021477222442627,0.05800598859786987,0.022084355354309082,0.05157357454299927,0.02387601137161255,-0.11980962753295898,-0.03561919927597046,-0.0941515564918518,0.0,0.00036463141441345215,-0.026507854461669922,0.0054939985275268555,0.017325997352600098,0.0019570589065551758,0.044196873903274536,-0.0032141804695129395,-0.0077593326568603516
83696,0.2,0,0,0.23809611797332764,4,0.03682062029838562,0.12367938458919525,4,0.026710733771324158,0.05735449492931366,0.0812533050775528,0.13193009793758392,0.061597347259521484,0.0778285413980484,0.15528015792369843,0.15528015792369843,0.0,0.014650645665824413,0.03560279682278633,0.0,-0.019047439098358154,-0.005507767200469971,0.08685876429080963,0.12367938458919525,0.02860921621322632,0.00791807472705841,-0.14255419373512268,-0.18993818759918213,0.0,-0.009514763951301575,-0.017554879188537598,0.030643761157989502,0.05735449492931366,0.01369069516658783,0.023914411664009094,-0.04754596948623657,-0.07914641499519348
84126,0.2,0,2,0.0003815161471720785,4,5.231896648183465e-05,0.00014217253192327917,4,1.8471211660653353e-05,5.279097240418196e-05,0.0001504021929576993,0.0001788093795767054,0.0001180157414637506,0.00017205160111188889,0.00017459022637922317,0.00017459022637922317,0.0,1.941572190844454e-05,4.9016405682777986e-05,0.0,-3.312699845992029e-05,2.5143875973299146e-05,8.985356544144452e-05,0.00014217253192327917,4.313822137191892e-05,-5.1834911573678255e-05,-0.0002054173091892153,-0.00039768972783349454,0.0,-2.073429641313851e-05,2.168805804103613e-05,3.4319760743528605e-05,5.279097240418196e-05,2.4905544705688953e-05,-7.28064333088696e-05,-9.008377674035728e-05,-0.00014048427692614496
84510,0.2,1,10,0.013847824186086655,4,0.0009974436834454536,0.0023672478273510933,4,0.0017093094065785408,0.0042077312245965,0.0025539270136505365,0.004460104741156101,0.002887424547225237,0.004159646108746529,0.005882239900529385,0.005882239900529385,0.0,0.0010579957161098719,0.0032000974752008915,0.0,-0.0005967235192656517,0.0013698041439056396,0.0012465473264455795,0.0023672478273510933,0.0008110906928777695,-0.003481876105070114,-0.0022719241678714752,-0.005314473062753677,0.0,-0.0014881491661071777,0.0023199915885925293,0.0024984218180179596,0.0042077312245965,0.0019335411489009857,-0.0050066206604242325,-0.0046068113297224045,-0.008242970332503319
84581,0.2,0,10,0.023769542574882507,4,0.003162521868944168,0.014559537172317505,4,0.0023570023477077484,0.006753649562597275,0.0100071020424366,0.012171720154583454,0.005823912099003792,0.007909495383501053,0.01719534955918789,0.01719534955918789,0.0,0.0010867443634197116,0.0037612016312777996,0.0,-0.003987433388829231,-0.0016722138971090317,0.011397015303373337,0.014559537172317505,0.004850875586271286,0.0020079780369997025,-0.04118043929338455,-0.06433696299791336,0.0,-0.0014047697186470032,-0.0009674727916717529,0.004396647214889526,0.006753649562597275,0.0019905976951122284,0.0011646542698144913,-0.007715094834566116,-0.010978247970342636
84942,0.2,1,1,0.0011840007500723004,1,3.8102734833955765e-06,3.8102734833955765e-06,4,1.9772036466747522e-05,0.0003503601183183491,0.00037083373172208667,0.000538261781912297,0.0004926659748889506,0.0006778648821637034,0.00038406881503760815,0.0002228015218861401,0.00016126729315146804,0.00012943004549015313,0.00024446670431643724,0.0,3.8102734833955765e-06,-0.00013049028348177671,-3.3814809285104275e-05,-8.917809464037418e-05,-2.00031790882349e-05,-2.9885675758123398e-05,-2.4884939193725586e-05,-7.024779915809631e-05,0.0,-0.0001488241832703352,0.0003305880818516016,0.00022554071620106697,0.0003503601183183491,0.0001804046332836151,-0.0009335352806374431,-0.00048698950558900833,-0.0008891633478924632
84993,0.2,2,0,0.4822988510131836,4,0.0482964813709259,0.20635828375816345,4,0.04396688938140869,0.17403405904769897,0.19490787386894226,0.2987291216850281,0.10102690756320953,0.1663029044866562,0.3187718689441681,0.3187718689441681,0.0,0.037940315902233124,0.1293690949678421,0.0,-0.044413208961486816,0.018935322761535645,0.15806180238723755,0.20635828375816345,0.0624176561832428,-0.028864920139312744,-0.22856450080871582,-0.2655627131462097,0.0,-0.06695181131362915,0.053049683570861816,0.13006716966629028,0.17403405904769897,0.08624625205993652,-0.12699878215789795,-0.20382314920425415,-0.24231135845184326
85304,0.2,3,2,0.0005616756388917565,4,3.300828393548727e-05,0.00019374425755813718,4,1.8588732928037643e-05,0.0001458408951293677,0.00023508381855208427,0.0002735346497502178,0.00016631372272968292,0.00023639446590095758,0.00028908115928061306,0.00028908115928061306,0.0,1.820483521441929e-05,4.374070340418257e-05,0.0,-5.8854580856859684e-05,2.1326763089746237e-05,0.0001607359736226499,0.00019374425755813718,7.399017340503633e-05,-0.00017381354700773954,-0.0004131002933718264,-0.0005701718619093299,0.0,-6.850447971373796e-05,-0.00016237783711403608,0.00012725216220133007,0.0001458408951293677,7.875621668063104e-05,2.10884609259665e-05,-0.0002903077402152121,-0.0003389025223441422
85588,0.2,1,10,0.43617743253707886,2,0.008264899253845215,0.008264899253845215,2,0.02744242548942566,0.0631963312625885,0.20257076621055603,0.2583068907260895,0.08980144560337067,0.1260961890220642,0.06618064641952515,0.06618064641952515,0.0,0.024339115247130394,0.06750716269016266,0.0,-0.0009198486804962158,0.008264899253845215,-0.020279347896575928,-0.017509281635284424,-0.0026688873767852783,-0.040535926818847656,-0.020246028900146484,-0.04666447639465332,0.0,-0.008727341890335083,0.0631963312625885,0.011706620454788208,0.03575390577316284,0.011676996946334839,-0.10725510120391846,-0.03863108158111572,-0.08144688606262207
86394,0.2,3,0,1.9189084768295288,2,0.06983041763305664,0.12488281726837158,4,0.02765798568725586,0.24391233921051025,0.4392951428890228,0.6291359663009644,0.2937755286693573,0.4292571246623993,0.36156558990478516,0.33625495433807373,0.025310635566711426,0.17000995576381683,0.3890526592731476,0.0,0.010918974876403809,0.12488281726837158,-0.061365604400634766,-0.06042659282684326,-0.020085811614990234,-0.19209086894989014,0.05505239963531494,0.024143576622009277,0.0,-0.08560693264007568,0.2162543535232544,0.18257582187652588,0.24391233921051025,0.15063095092773438,-0.1931532621383667,-0.1615999937057495,-0.1857227087020874
86782,0.2,0,8,0.05746791884303093,4,5.554407835006714e-06,0.00732789933681488,4,0.003226291388273239,0.015558678656816483,0.030077403411269188,0.03778458386659622,0.02081911265850067,0.024795714765787125,0.02044769749045372,0.02006729692220688,0.00038040056824684143,0.0026010298170149326,0.006729214917868376,0.0,-0.0024682506918907166,-0.004986196756362915,0.007322344928979874,0.00732789933681488,0.00321367010474205,0.006309591233730316,-0.01679306849837303,-0.019732210785150528,0.0,-0.008595000952482224,0.00419989600777626,0.012332387268543243,0.015558678656816483,0.009800132364034653,-0.007548641413450241,-0.02810712531208992,-0.04030352458357811
87196,0.2,0,6,0.0009602464851923287,7,1.4053832273930311e-05,5.3475028835237026e-05,6,5.038571543991566e-05,0.00019497732864692807,0.00019104257808066905,0.00027231182320974767,0.0002852820616681129,0.00038924801629036665,0.0002284500515088439,0.00020260090241208673,2.5849149096757174e-05,6.24155582045205e-05,0.00017751840641722083,0.0,1.3100507203489542e-05,-1.6911362763494253e-05,-7.06207356415689e-05,-9.92011628113687e-05,-2.310407580807805e-05,7.860304322093725e-06,5.3475028835237026e-05,3.9421196561306715e-05,0.0,-3.882421879097819e-05,-0.0001827938831411302,9.82580822892487e-05,0.00014459161320701241,4.4185202568769455e-05,0.00019497732864692807,-0.00027626188239082694,-0.00035686366027221084
87399,0.2,0,3,0.06952831149101257,4,0.005738195031881332,0.018305085599422455,6,0.003940999507904053,0.004793621599674225,0.01906364969909191,0.028925199061632156,0.015390371903777122,0.025766026228666306,0.022419322282075882,0.020352482795715332,0.00206683948636055,0.005704699549823999,0.012351103127002716,0.0,-0.004110477864742279,0.0035547837615013123,0.012566890567541122,0.018305085599422455,0.0053462013602256775,-0.006732724606990814,-0.031797803938388824,-0.05061207711696625,0.0,-0.0003158748149871826,-0.005109243094921112,0.000413648784160614,0.0008526220917701721,0.00023499876260757446,0.004793621599674225,-0.003608226776123047,-0.008101776242256165
88168,0.2,0,0,1.6091058254241943,8,0.01812565326690674,0.29431939125061035,4,0.0302962064743042,0.12297463417053223,0.3856399953365326,0.5510924458503723,0.2371024638414383,0.44716429710388184,0.3917495012283325,0.21556270122528076,0.17618680000305176,0.156044602394104,0.3282017409801483,0.0,0.06651782989501953,0.11556100845336914,-0.34272587299346924,-0.46112847328186035,-0.10649025440216064,-0.1888887882232666,0.2761937379837036,0.29431939125061035,0.0,-0.026059865951538086,-0.05504965782165527,0.0806424617767334,0.12297463417053223,0.04111838340759277,0.09267842769622803,-0.08075380325317383,-0.09143984317779541
88296,0.2,3,0,0.06167322397232056,3,3.238767385482788e-05,0.013861328363418579,6,0.00024342164397239685,0.0018977336585521698,0.01956881210207939,0.031105970963835716,0.017269005998969078,0.021840775385499,0.01636314019560814,0.012525200843811035,0.003837939351797104,0.00494692986831069,0.019358666613698006,0.0,-0.011956043541431427,0.013828940689563751,0.013861328363418579,0.0126776322722435,0.01179628074169159,-0.04095064103603363,-0.03305821120738983,-0.03642366826534271,0.0,0.0005944184958934784,-0.0019943714141845703,-0.001376621425151825,-0.00039590150117874146,-0.0014198273420333862,0.0018977336585521698,0.001654312014579773,-0.0010351911187171936
88510,0.2,2,6,0.03248876333236694,4,0.0021411143243312836,0.010443096980452538,4,0.0019651222974061966,0.003922928124666214,0.012727471068501472,0.016784191131591797,0.012438751757144928,0.015691211447119713,0.013008423149585724,0.013008423149585724,0.0,0.0016100408975034952,0.004521352704614401,0.0,-0.002800721675157547,0.0024509523063898087,0.008301982656121254,0.010443096980452538,0.003803027793765068,-0.005240112543106079,-0.01663406565785408,-0.022087126970291138,0.0,-0.0012738816440105438,0.0016623139381408691,0.0019578058272600174,0.003922928124666214,0.0016228985041379929,-0.0032468847930431366,-0.0038738027215003967,-0.0070834048092365265
88950,0.2,3,4,0.0006008726777508855,2,6.220021168701351e-05,0.00019707315368577838,2,1.239037374034524e-05,1.239037374034524e-05,0.0002720253833103925,0.00038307125214487314,0.0001878937764558941,0.00026704726042225957,0.00021601995103992522,0.00021601995103992522,0.0,7.473838923033327e-05,0.0002138528216164559,0.0,-0.00010042800568044186,0.00019707315368577838,0.00011128076585009694,0.00013487294199876487,9.626790415495634e-05,-0.0007996896747499704,-0.0003269794979132712,-0.0003942679613828659,0.0,-2.049148315563798e-05,1.239037374034524e-05,-1.0007526725530624e-05,-1.5130382962524891e-05,-4.76551940664649e-06,-0.0001958431676030159,-5.396793130785227e-05,-7.076526526361704e-05
89921,0.2,0,8,0.007097152993083,2,0.00022374233230948448,0.00024552177637815475,4,0.001176819670945406,0.0029240106232464314,0.003072002436965704,0.004171465057879686,0.0031017994042485952,0.0037609192077070475,0.0030853543430566788,0.002509551588445902,0.0005758027546107769,0.00041598864481784403,0.0013145491247996688,0.0,-2.1542422473430634e-05,0.00024552177637815475,-4.912074655294418e-05,-0.0003364584408700466,2.1779444068670273e-05,-0.0004300503060221672,-0.00022475235164165497,-0.0004733530804514885,0.0,-0.0005810093134641647,-0.0005648024380207062,0.0017471909523010254,0.0029240106232464314,0.0008321055211126804,0.0008452553302049637,-0.002872878685593605,-0.004755048081278801
90485,0.2,1,0,0.18384909629821777,6,0.072238028049469,0.07532082498073578,4,0.011716142296791077,0.04229658842086792,0.06306572258472443,0.09320548921823502,0.04850754886865616,0.07643453776836395,0.10003110766410828,0.08521480113267899,0.01481630653142929,0.017791014164686203,0.04419105872511864,0.0,0.0006435513496398926,-0.09124001860618591,0.0030827969312667847,-0.0023653358221054077,-0.001520410180091858,0.07532082498073578,-0.006997972726821899,-0.0006612688302993774,0.0,-0.018028825521469116,-0.014018416404724121,0.030580446124076843,0.04229658842086792,0.024258017539978027,0.01230195164680481,-0.051579833030700684,-0.07217136025428772
91482,0.2,0,7,0.018243256956338882,3,0.0004576556384563446,0.001449713483452797,3,0.0005107782781124115,0.0015433784574270248,0.007613960653543472,0.009460905566811562,0.005426578689366579,0.0076820035465061665,0.0022405851632356644,0.0022405851632356644,0.0,0.0011311231646686792,0.0030949332285672426,0.0,-0.00039100274443626404,-0.0008825510740280151,0.001449713483452797,0.0009920578449964523,0.0005117747932672501,0.00021797791123390198,-0.0035309046506881714,-0.003360126167535782,0.0,-0.0009550582617521286,-0.00030897557735443115,0.0015433784574270248,0.0010326001793146133,0.000845370814204216,-0.0005111638456583023,-0.005117721855640411,-0.005154520273208618
92228,0.2,3,6,3.3817899227142334,8,0.11522150039672852,2.3321120738983154,8,0.008794069290161133,1.091763973236084,1.9611059427261353,2.176844358444214,1.1761349439620972,1.612086296081543,2.9007880687713623,2.9007880687713623,0.0,0.2079424113035202,0.40047141909599304,0.0,1.039858102798462,-1.9658071994781494,-2.220916986465454,-2.47796368598938,-1.6370551586151123,2.0839576721191406,2.216890573501587,2.3321120738983154,0.0,0.5048637390136719,0.2571854591369629,-1.0034277439117432,-1.072601556777954,-0.7655088901519775,-0.12960195541381836,1.0829699039459229,1.091763973236084
93103,0.2,0,0,0.35650622844696045,4,0.034052252769470215,0.09872552752494812,6,0.00658455491065979,0.008113473653793335,0.12707607448101044,0.1892591118812561,0.07117388397455215,0.09833984822034836,0.10439279675483704,0.09860596060752869,0.00578683614730835,0.021220512688159943,0.04740838706493378,0.0,-0.0194949209690094,-0.018475055694580078,0.0646732747554779,0.09872552752494812,0.02744951844215393,0.025410830974578857,-0.0906948447227478,-0.13298702239990234,0.0,0.001528918743133545,-0.006385594606399536,-0.0053109824657440186,-0.011974304914474487,-0.003987371921539307,0.008113473653793335,0.0005342960357666016,-0.0033830106258392334
93155,0.2,1,0,0.03374743089079857,3,1.7855316400527954e-05,0.005964020267128944,4,0.0008477587252855301,0.003365756943821907,0.007334598805755377,0.01177954487502575,0.007475879043340683,0.011507328599691391,0.008691465482115746,0.008688442409038544,3.0230730772018433e-06,0.003171787364408374,0.007581386715173721,0.0,-0.002885926514863968,-0.0021890290081501007,0.005964020267128944,0.0059461649507284164,0.0033161472529172897,0.00010672956705093384,-0.014869194477796555,-0.01615990698337555,0.0,-0.001268133521080017,-0.0001948736608028412,0.002517998218536377,0.003365756943821907,0.0015600211918354034,-0.0017948411405086517,-0.005007646977901459,-0.006766516715288162
93472,0.2,0,0,0.16449716687202454,4,0.014404773712158203,0.06226895749568939,2,0.0008292496204376221,0.005672335624694824,0.08300989866256714,0.11094486713409424,0.0293261855840683,0.05119844153523445,0.06650056689977646,0.06552722305059433,0.0009733438491821289,0.014057707972824574,0.04119042307138443,0.0,-0.02171747386455536,0.01271846890449524,0.04786418378353119,0.06226895749568939,0.029435142874717712,-0.020289525389671326,-0.08715349435806274,-0.11716145277023315,0.0,-0.002103254199028015,0.005672335624694824,0.0023827701807022095,0.004843086004257202,0.0032349377870559692,-0.009160533547401428,-0.004390403628349304,-0.008218646049499512
93477,0.2,0,8,0.024676306173205376,6,0.00102248415350914,0.0054719094187021255,6,0.004179162904620171,0.005218060687184334,0.00971401296555996,0.012568636797368526,0.011584727093577385,0.014135437086224556,0.00961871538311243,0.00961871538311243,0.0,0.0016075631137937307,0.002764834323897958,0.0,-0.0013584345579147339,-0.005616435781121254,0.0036503300070762634,0.0044494252651929855,0.001631440594792366,0.0054719094187021255,-0.008434375748038292,-0.012862218543887138,0.0,0.0010388977825641632,-0.004067577421665192,-0.0014973357319831848,-0.0033331681042909622,-0.0017268974334001541,0.005218060687184334,0.0005608554929494858,0.0006078705191612244
93498,0.2,0,4,0.01707460731267929,4,0.00020242482423782349,0.004338083788752556,4,0.0010725948959589005,0.007721336558461189,0.007553509436547756,0.011734604835510254,0.009601566009223461,0.011306061409413815,0.010048831813037395,0.010048831813037395,0.0,0.0011794822057709098,0.0033637338783591986,0.0,-0.000963432714343071,9.774230420589447e-05,0.004135658964514732,0.004338083788752556,0.0013137534260749817,-0.001593349501490593,-0.009548354893922806,-0.009581901133060455,0.0,-0.0016533713787794113,-0.0015680771321058273,0.006648741662502289,0.007721336558461189,0.0024794358760118484,0.001899360679090023,-0.00912562757730484,-0.00881691463291645
94257,0.2,3,0,0.8458051085472107,8,0.04676926136016846,0.4851090908050537,2,0.5370509624481201,0.5954364538192749,0.5789830684661865,0.6614730358123779,0.5493584871292114,0.5848408937454224,0.7586313486099243,0.48725301027297974,0.2713783383369446,0.014880388975143433,0.04517862945795059,0.0,0.1771736741065979,-0.26664406061172485,-0.8626717925071716,-1.1905581951141357,-0.37120503187179565,0.16586321592330933,0.43833982944488525,0.4851090908050537,0.0,-0.007546782493591309,0.5954364538192749,-0.04625678062438965,-0.014823615550994873,0.017758190631866455,-0.9914667010307312,0.058385491371154785,0.030271947383880615
94417,0.2,3,6,0.031048821285367012,2,5.284696817398071e-05,0.009460603818297386,2,0.0006782896816730499,0.009641680866479874,0.011990994215011597,0.015524983406066895,0.01078724768012762,0.013680081814527512,0.015980660915374756,0.015902575105428696,7.808580994606018e-05,0.0015513517428189516,0.004015081562101841,0.0,-0.0029596220701932907,0.009460603818297386,0.007149491459131241,0.009407756850123405,0.0038462206721305847,-0.025132255628705025,-0.015881037339568138,-0.022386128082871437,0.0,-0.002460697665810585,0.009641680866479874,0.004687067121267319,0.008963391184806824,0.0032230913639068604,-0.018868153914809227,-0.007764739915728569,-0.014355136081576347
94718,0.2,3,2,0.0002181292074965313,4,1.4541641576215625e-05,9.535117715131491e-05,4,5.482579581439495e-06,2.9915448976680636e-05,0.00011299816105747595,0.00012359475658740848,4.8926031013252214e-05,6.994516297709197e-05,0.00011406491103116423,0.00011406491103116423,0.0,1.003058332571527e-05,1.677730142546352e-05,0.0,-6.924309127498418e-05,7.86640594014898e-05,8.080953557509929e-05,9.535117715131491e-05,6.805597513448447e-05,-0.000257641077041626,-0.00024393842613790184,-0.00032174313673749566,0.0,-1.966505078598857e-05,-1.0607254807837307e-05,2.443286939524114e-05,2.9915448976680636e-05,2.1095664124004543e-05,-2.240620960947126e-05,-5.4822812671773136e-05,-6.82897079968825e-05
94935,0.2,0,2,0.00015841660206206143,4,1.1800017091445625e-05,2.0739345927722752e-05,4,8.820192306302488e-06,1.7282756743952632e-05,5.361330840969458e-05,6.281532114371657e-05,4.319560684962198e-05,6.058632425265387e-05,3.5638571716845036e-05,3.5638571716845036e-05,0.0,6.180493983265478e-06,1.8547181753092445e-05,0.0,-4.290835931897163e-06,-3.933266270905733e-06,8.939328836277127e-06,2.0739345927722752e-05,5.959547706879675e-06,5.601963493973017e-06,-1.4660312444902956e-05,-3.992798156104982e-05,0.0,-5.005975253880024e-06,-5.95950405113399e-06,8.462564437650144e-06,1.7282756743952632e-05,7.032256689853966e-06,8.224174962379038e-06,-1.4183548046275973e-05,-3.2419266062788665e-05
94991,0.2,0,6,0.0038206216413527727,4,0.0003385799936950207,0.0005506984889507294,4,0.000521042151376605,0.0019824360497295856,0.0011292319977656007,0.0014833512250334024,0.001383800059556961,0.0017709119711071253,0.002251747529953718,0.002251747529953718,0.0,0.00016766034241300076,0.0004283232265152037,0.0,-7.220031693577766e-05,2.517644315958023e-05,0.0002121184952557087,0.0005506984889507294,9.90463886409998e-05,-0.00013157143257558346,-0.00044475612230598927,-0.0012096159625798464,0.0,-0.0005422055255621672,0.0003391022328287363,0.0014613938983529806,0.0019824360497295856,0.0006862813606858253,-0.0006002436857670546,-0.0034428222570568323,-0.004294554702937603
95492,0.2,1,0,3.5256197452545166,8,0.03508329391479492,0.08133268356323242,6,0.019760608673095703,0.07356810569763184,0.35124534368515015,0.559843122959137,0.33135658502578735,0.7200053334236145,0.1359243392944336,0.13503313064575195,0.0008912086486816406,0.15258553624153137,0.4734094738960266,0.0,0.005319118499755859,0.01885843276977539,-0.006498575210571289,-0.01360940933227539,-0.0057220458984375,-0.015271902084350586,0.0462493896484375,0.08133268356323242,0.0,0.0030875205993652344,-0.0350346565246582,0.009455680847167969,0.012175321578979492,-0.0003006458282470703,0.07356810569763184,0.017668724060058594,0.05380749702453613
95557,0.2,3,0,0.03759042173624039,4,0.0009830258786678314,0.005302704870700836,4,0.0031861215829849243,0.008207235485315323,0.009543695487082005,0.01740354672074318,0.007551444228738546,0.011302636936306953,0.011764764785766602,0.011764764785766602,0.0,0.003561633173376322,0.008143414743244648,0.0,-0.0013519078493118286,-0.00943918526172638,0.004319678992033005,0.005302704870700836,0.0018316544592380524,0.0009794756770133972,-0.009028185158967972,-0.012380987405776978,0.0,-0.002187401056289673,0.0050211139023303986,0.0046435147523880005,0.008207235485315323,0.0030864104628562927,-0.010262157768011093,-0.007657457143068314,-0.013860765844583511
96126,0.2,1,0,0.3257615864276886,4,0.02391315996646881,0.11459745466709137,4,0.026973024010658264,0.11750635504722595,0.12804684042930603,0.18364736437797546,0.08085034787654877,0.13796670734882355,0.1935092657804489,0.1935092657804489,0.0,0.023691121488809586,0.059243880212306976,0.0,-0.03068605065345764,0.006073355674743652,0.09068429470062256,0.11459745466709137,0.042495280504226685,-0.015951961278915405,-0.14911499619483948,-0.17336398363113403,0.0,-0.051004558801651,-0.008865445852279663,0.09053333103656769,0.11750635504722595,0.06468638777732849,-0.0008329451084136963,-0.16294348239898682,-0.20852670073509216
96228,0.2,3,2,0.00011789103882620111,4,5.244692147243768e-06,2.2170563170220703e-05,3,1.0727671906352043e-06,1.2992364645469934e-05,2.946551285276655e-05,3.956764339818619e-05,3.562219353625551e-05,5.2280396630521864e-05,3.146803646814078e-05,3.0633644200861454e-05,8.343922672793269e-07,9.869829227682203e-06,2.5353780074510723e-05,0.0,-1.2753815099131316e-05,1.6925871022976935e-05,1.5376303053926677e-05,2.2170563170220703e-05,1.2396383681334555e-05,-8.665117638884112e-05,-5.697369488188997e-05,-8.367155533051118e-05,0.0,-8.343624358531088e-06,2.1455198293551803e-06,1.2992364645469934e-05,1.191959745483473e-05,9.058880095835775e-06,-3.456601552898064e-05,-3.2062998798210174e-05,-3.8618505641352385e-05
96389,0.2,3,6,0.049974698573350906,4,0.0004268363118171692,0.01117558404803276,4,0.001438051462173462,0.01809346303343773,0.019036615267395973,0.02636786922812462,0.020097767934203148,0.028184013441205025,0.025210004299879074,0.025210004299879074,0.0,0.002173555549234152,0.0052765002474188805,0.0,-0.004601530730724335,0.010748747736215591,0.009451478719711304,0.01117558404803276,0.005925342440605164,-0.024788420647382736,-0.01924019679427147,-0.023818794637918472,0.0,-0.00885641947388649,0.013044316321611404,0.016655411571264267,0.01809346303343773,0.01074015349149704,-0.027292419224977493,-0.03257577493786812,-0.03483588621020317
97174,0.2,3,2,0.0010408704401925206,4,6.767368176952004e-05,0.0005249465466476977,4,9.958341252058744e-05,0.0003326604492031038,0.0004992891335859895,0.0005656244466081262,0.00035966275027021766,0.0005781594081781805,0.0006918865256011486,0.0006918865256011486,0.0,5.532779687200673e-05,0.0001591432373970747,0.0,-0.0001340809976682067,0.00045727286487817764,0.0003539840690791607,0.0005249465466476977,0.0001667332835495472,-0.001980569213628769,-0.0011244852794334292,-0.002251747064292431,0.0,-7.692619692534208e-05,-3.2986048609018326e-05,0.00023307703668251634,0.0003326604492031038,0.00010194216156378388,-0.0001519413199275732,-0.0004822980845347047,-0.000680935918353498
97375,0.2,3,6,0.01263953372836113,5,8.793454617261887e-05,8.793454617261887e-05,4,0.0012781107798218727,0.005527348257601261,0.0038282840978354216,0.006814207416027784,0.004925251938402653,0.007068077102303505,0.005641103256493807,0.005364610347896814,0.0002764929085969925,0.0009852579096332192,0.0032189402263611555,0.0,-0.0001551322638988495,-0.0001738453283905983,-4.82611358165741e-05,-0.00029094237834215164,8.793454617261887e-05,-0.002321879379451275,-0.000860222615301609,-0.0013049282133579254,0.0,-0.002188342623412609,0.0025992784649133682,0.004249237477779388,0.005527348257601261,0.0027809254825115204,-0.0037886742502450943,-0.007458599284291267,-0.009636061266064644
97604,0.2,0,1,2.9486401081085205,7,2.384185791015625e-07,0.01960015296936035,4,0.0,4.76837158203125e-07,0.38386601209640503,0.5102877020835876,0.33990034461021423,0.6076897382736206,0.01960015296936035,0.01959991455078125,2.384185791015625e-07,0.2890318036079407,0.6757573485374451,0.0,0.009749650955200195,-0.01311945915222168,-0.013119935989379883,-0.01311945915222168,-0.014664888381958008,0.01959991455078125,0.01960015296936035,0.01959991455078125,0.0,-2.384185791015625e-07,4.76837158203125e-07,4.76837158203125e-07,4.76837158203125e-07,2.384185791015625e-07,2.384185791015625e-07,2.384185791015625e-07,2.384185791015625e-07
