node_id,epsilon,degree_bucket,predicted_class,baseline_ce,best_text_action,best_text_margin,text_node_oracle,best_visual_action,best_visual_margin,visual_node_oracle,shuffled_text_oracle_mean,shuffled_text_oracle_q95,shuffled_visual_oracle_mean,shuffled_visual_oracle_q95,best_joint_separate_utility,best_joint_shared_utility,modality_headroom,shuffled_modality_headroom_mean,shuffled_modality_headroom_q95,structural_text_U_0,structural_text_U_1,structural_text_U_2,structural_text_U_3,structural_text_U_4,structural_text_U_5,structural_text_U_6,structural_text_U_7,structural_text_U_8,structural_visual_U_0,structural_visual_U_1,structural_visual_U_2,structural_visual_U_3,structural_visual_U_4,structural_visual_U_5,structural_visual_U_6,structural_visual_U_7,structural_visual_U_8
1034,0.1,2,6,0.015241583809256554,4,0.00020377803593873978,0.0051071541383862495,6,0.0002647601068019867,0.0010550981387495995,0.00527071300894022,0.006593099795281887,0.0036526720505207777,0.005898532457649708,0.005882644094526768,0.004496298730373383,0.0013863453641533852,0.0009341172990389168,0.002448741812258959,0.0,-0.002184886485338211,0.00490337610244751,0.004170732572674751,0.0051071541383862495,0.0022212062031030655,-0.009614745154976845,-0.0075037311762571335,-0.009702999144792557,0.0,0.00040548574179410934,-0.0012675337493419647,-0.001028653234243393,-0.0010723993182182312,-0.000676499679684639,0.0010550981387495995,0.0007903380319476128,0.0005873208865523338
1517,0.1,0,0,0.028113214299082756,4,0.0017564091831445694,0.005967268720269203,4,0.0008471570909023285,0.0020790547132492065,0.005759446881711483,0.008244641125202179,0.0038737598806619644,0.006426929496228695,0.007511638104915619,0.007511638104915619,0.0,0.000906233792193234,0.00289748702198267,0.0,-0.0010350719094276428,8.4729865193367e-05,0.004210859537124634,0.005967268720269203,0.0011884961277246475,-0.00018404051661491394,-0.006538199260830879,-0.009310601279139519,0.0,-0.0004702303558588028,-0.00013432465493679047,0.001231897622346878,0.0020790547132492065,0.0005547571927309036,8.229538798332214e-05,-0.0016875378787517548,-0.0028618741780519485
2059,0.1,0,0,0.03685593232512474,4,0.0026745516806840897,0.007460823282599449,8,9.29124653339386e-05,0.0008649639785289764,0.008780370466411114,0.011413207277655602,0.004224758595228195,0.006663115229457617,0.008159656077623367,0.006462346762418747,0.0016973093152046204,0.002370897913351655,0.006128773093223572,0.0,-0.0012171566486358643,-0.003217644989490509,0.0047862716019153595,0.007460823282599449,0.0014384910464286804,0.0035955682396888733,-0.006570965051651001,-0.010522548109292984,0.0,0.0002269446849822998,0.0004392266273498535,-0.0008978545665740967,-0.0013294927775859833,-0.00030753016471862793,-0.0006211660802364349,0.0007720515131950378,0.0008649639785289764
2405,0.1,0,0,0.028378600254654884,2,0.00040850043296813965,0.0011670663952827454,4,0.00041969120502471924,0.0013069827109575272,0.007457716856151819,0.01131113525480032,0.005282140336930752,0.008680898696184158,0.002349086105823517,0.001930350437760353,0.00041873566806316376,0.0013870183611288667,0.0034870021045207977,0.0,-0.00022106245160102844,0.0011670663952827454,0.0004411134868860245,0.0007585659623146057,0.000265270471572876,-0.0015206150710582733,-0.0005856864154338837,-0.0010525081306695938,0.0,-0.0005385521799325943,-0.0003444347530603409,0.0008872915059328079,0.0013069827109575272,0.0005985517054796219,0.0003123283386230469,-0.0012500770390033722,-0.001991741359233856
2505,0.1,3,6,0.01846177503466606,6,0.0003610793501138687,0.000956464558839798,4,0.00016740430146455765,0.0032003503292798996,0.005286312662065029,0.0071033900603652,0.006028131116181612,0.009729230776429176,0.003992434591054916,0.002939043566584587,0.0010533910244703293,0.0008185507613234222,0.002051771618425846,0.0,0.00022577494382858276,-0.0010043028742074966,-0.0006329230964183807,-0.00031510740518569946,-0.000313587486743927,0.000956464558839798,0.0005953852087259293,0.00020447000861167908,0.0,-0.0019083190709352493,0.003032946027815342,0.0027549024671316147,0.0032003503292798996,0.0021196454763412476,-0.004225507378578186,-0.00374549999833107,-0.004394002258777618
2701,0.1,2,2,0.39911386370658875,4,0.006150096654891968,0.014547884464263916,8,0.004678010940551758,0.029975205659866333,0.10271551460027695,0.13506801426410675,0.08430077135562897,0.11219476163387299,0.04360431432723999,0.021910518407821655,0.021693795919418335,0.0119469678029418,0.030996667221188545,0.0,-0.005906909704208374,-0.00013011693954467773,0.008397787809371948,0.014547884464263916,0.006060600280761719,-0.0023043453693389893,-0.013691216707229614,-0.022005349397659302,0.0,0.01695910096168518,-0.019749373197555542,-0.021571964025497437,-0.026060819625854492,-0.02114248275756836,0.023810148239135742,0.025297194719314575,0.029975205659866333
2931,0.1,0,2,0.00029976642690598965,8,0.0,1.978300861082971e-05,8,0.0,3.575114533305168e-07,7.122086390154436e-05,0.0001039366761688143,9.51409456320107e-05,0.00011794111196650192,1.9902188796550035e-05,1.978300861082971e-05,1.1918018572032452e-07,1.5017784789961297e-05,3.2758798624854535e-05,0.0,1.0964024113491178e-05,-1.882924698293209e-05,-1.882924698293209e-05,-1.882924698293209e-05,-1.4419900253415108e-05,1.978300861082971e-05,1.978300861082971e-05,1.978300861082971e-05,0.0,3.575114533305168e-07,-5.958718247711658e-07,-5.958718247711658e-07,-5.958718247711658e-07,-5.958718247711658e-07,3.575114533305168e-07,3.575114533305168e-07,3.575114533305168e-07
3232,0.1,3,2,0.056679632514715195,4,0.0007438547909259796,0.0021641328930854797,2,0.001080237329006195,0.0022236257791519165,0.008051632903516293,0.016037436202168465,0.017118234187364578,0.018897254019975662,0.004305701702833176,0.003265365958213806,0.0010403357446193695,0.0021452377550303936,0.006479959469288588,0.0,-0.0008444488048553467,-0.0009267143905162811,0.0014202781021595001,0.0021641328930854797,0.0008454956114292145,-0.0005705878138542175,-0.002829466015100479,-0.004195157438516617,0.0,-9.224936366081238e-05,0.0022236257791519165,-0.00016568228602409363,0.0011433884501457214,0.00037358328700065613,-0.0017084218561649323,0.0006375201046466827,-0.0007700547575950623
3373,0.1,1,6,0.0008531744824722409,4,6.0040270909667015e-05,0.00019738083938136697,4,7.825944339856505e-05,0.0001123248366639018,0.0003317584632895887,0.0003685512056108564,0.00021101636230014265,0.0002574307145550847,0.00027994211995974183,0.00027994211995974183,0.0,3.549145912984386e-05,9.707934077596292e-05,0.0,-5.3477881010621786e-05,-4.132947651669383e-05,0.00013734056847169995,0.00019738083938136697,6.0151214711368084e-05,4.359439481049776e-05,-0.00021175085566937923,-0.0003303500125184655,0.0,-2.9419141355901957e-05,-3.3230462577193975e-05,3.406539326533675e-05,0.0001123248366639018,3.251695306971669e-05,2.9896502383053303e-05,-5.335878813639283e-05,-0.0001651885686442256
3406,0.1,2,6,9.910160064697266,8,0.029573440551757812,0.0719156265258789,8,0.004103660583496094,0.046418190002441406,0.6063247919082642,0.7386844158172607,0.49587956070899963,0.6770933270454407,0.11492729187011719,0.11492729187011719,0.0,0.14443640410900116,0.28022828698158264,0.0,0.028636932373046875,-0.01855945587158203,-0.03128528594970703,-0.05504894256591797,-0.03188514709472656,0.030544281005859375,0.042342185974121094,0.0719156265258789,0.0,0.017258644104003906,-0.02284526824951172,0.003032684326171875,-0.030900955200195312,-0.0123291015625,0.04231452941894531,0.005214691162109375,0.046418190002441406
3412,0.1,2,6,0.006850802339613438,4,0.0005385549739003181,0.0015415116213262081,4,0.0004498451016843319,0.0019416739232838154,0.0033086389303207397,0.00375807355158031,0.001867129234597087,0.0025750037748366594,0.0030481128487735987,0.0030481128487735987,0.0,0.00018350736354477704,0.00043408089550212026,0.0,-0.0005984283052384853,0.00011840229853987694,0.00100295664742589,0.0015415116213262081,0.0006600352935492992,-0.00017935317009687424,-0.0014881882816553116,-0.0025273868814110756,0.0,-0.001050562597811222,0.0014918288215994835,0.001321336254477501,0.0019416739232838154,0.0010840236209332943,-0.0023666443303227425,-0.001983758993446827,-0.0031434250995516777
3752,0.1,3,6,0.010682187043130398,5,0.0001076660118997097,0.003200890962034464,5,0.00037156231701374054,0.0022093812003731728,0.005281840451061726,0.005967303644865751,0.0025943482760339975,0.003917952999472618,0.004628503229469061,0.004628503229469061,0.0,0.0004218883696012199,0.000985671766102314,0.0,-0.0043331291526556015,0.0027311500161886215,0.0027490081265568733,0.003093224950134754,0.003200890962034464,-0.0055154478177428246,-0.0051351068541407585,-0.006108191795647144,0.0,-0.002533380873501301,0.0018378188833594322,0.0013647014275193214,0.0016960371285676956,0.0022093812003731728,-0.0029549291357398033,-0.002019967883825302,-0.0025774966925382614
4494,0.1,0,6,0.10142058879137039,4,0.0005721673369407654,0.0046309009194374084,4,0.004334338009357452,0.012887701392173767,0.023196052759885788,0.033783696591854095,0.02476864494383335,0.0374273806810379,0.016954928636550903,0.016954928636550903,0.0,0.004706220701336861,0.01927984319627285,0.0,-0.0015967339277267456,0.004058733582496643,0.00329386442899704,0.0046309009194374084,0.0018953755497932434,-0.005495943129062653,-0.004220493137836456,-0.006037406623363495,0.0,-0.0060153529047966,0.005290240049362183,0.008553363382816315,0.012887701392173767,0.007019825279712677,-0.006027877330780029,-0.011393561959266663,-0.017804846167564392
5115,0.1,3,6,0.9633503556251526,6,0.08427643775939941,0.3223617672920227,6,0.026396989822387695,0.22969788312911987,0.3661002516746521,0.4515925347805023,0.33628925681114197,0.4526463747024536,0.4927154779434204,0.4927154779434204,0.0,0.031869418919086456,0.10594069957733154,0.0,0.09400177001953125,-0.3889191746711731,-0.21501070261001587,-0.2646288275718689,-0.12406057119369507,0.3223617672920227,0.20525968074798584,0.2380853295326233,0.0,0.14866846799850464,-0.33487945795059204,-0.22477644681930542,-0.2579898238182068,-0.23376280069351196,0.22969788312911987,0.18877142667770386,0.20330089330673218
5140,0.1,1,0,0.011469616554677486,4,0.0003078347072005272,0.001338963396847248,2,0.000378989614546299,0.00046160630881786346,0.0028245295397937298,0.0042628394439816475,0.0012618867913261056,0.0023827608674764633,0.001704617403447628,0.00047599151730537415,0.0012286258861422539,0.000712747685611248,0.0016741061117500067,0.0,-0.0002825632691383362,-2.698693424463272e-05,0.0010311286896467209,0.001338963396847248,0.0003221360966563225,-8.967984467744827e-05,-0.0015631159767508507,-0.002051074057817459,0.0,8.261669427156448e-05,0.00046160630881786346,-0.0007346412166953087,-0.0007881047204136848,-0.0002151699736714363,-0.0009926268830895424,4.36045229434967e-06,-0.00017298851162195206
5457,0.1,1,9,0.0057856240309774876,2,0.0001315837725996971,0.00115862675011158,6,0.00029979972168803215,0.00034507596865296364,0.002068551490083337,0.002650440437719226,0.0006443626480177045,0.0011179354041814804,0.0014811940491199493,0.0007659429684281349,0.0007152510806918144,0.00026101581170223653,0.0006012727972120047,0.0,-0.00015738420188426971,0.00115862675011158,0.0004402860067784786,0.0010270429775118828,0.00018526660278439522,-0.0017506894655525684,-0.0005812975578010082,-0.0015270505100488663,0.0,-3.4370459616184235e-06,-0.0007890420965850353,4.527624696493149e-05,-0.000159398652613163,-2.3702159523963928e-07,0.00034507596865296364,-6.93327747285366e-05,-1.161498948931694e-05
5635,0.1,3,0,0.28269320726394653,5,0.0030278265476226807,0.01133313775062561,5,0.008563429117202759,0.026820868253707886,0.06192445009946823,0.0910256877541542,0.04565127566456795,0.05986906960606575,0.037506550550460815,0.037506550550460815,0.0,0.019954994320869446,0.036953993141651154,0.0,-0.009925991296768188,0.008103162050247192,0.007669657468795776,0.00830531120300293,0.01133313775062561,-0.010614544153213501,-0.009797781705856323,-0.0109005868434906,0.0,-0.02541235089302063,0.018257439136505127,0.013387441635131836,0.01492607593536377,0.026820868253707886,-0.02504715323448181,-0.01784902811050415,-0.01985907554626465
5776,0.1,3,0,0.04538675397634506,4,0.0,0.004478625953197479,8,0.0,0.0,0.011343548074364662,0.020838988944888115,0.005286025814712048,0.008886088617146015,0.004478741437196732,0.004478741437196732,0.0,0.001856552786193788,0.0047714924439787865,0.0,-0.0028667785227298737,0.004478625953197479,0.004478625953197479,0.004478625953197479,0.0032703951001167297,-0.006039522588253021,-0.006039522588253021,-0.006039522588253021,0.0,0.0,0.0,0.0,0.0,0.0,0.0,0.0,0.0
5926,0.1,3,2,0.1194031834602356,4,0.0005196258425712585,0.00552021712064743,5,5.882233381271362e-05,0.010926887392997742,0.02525418996810913,0.03406188637018204,0.02915218472480774,0.03567355498671532,0.016217894852161407,0.016217894852161407,0.0,0.004724316298961639,0.01459732186049223,0.0,-0.004963390529155731,0.0017726421356201172,0.004054129123687744,0.00552021712064743,0.005000591278076172,-0.0029622316360473633,-0.005812332034111023,-0.00796230137348175,0.0,-0.009318634867668152,-0.0007534846663475037,0.007970012724399567,0.010868065059185028,0.010926887392997742,0.0011144056916236877,-0.009894400835037231,-0.013500332832336426
6530,0.1,0,2,0.0003302744007669389,4,3.9805760025046766e-05,9.557885641697794e-05,4,6.24508538749069e-05,0.0001244211453013122,0.00010255116649204865,0.00012895614781882614,8.910150791052729e-05,0.00011576837277971208,0.00018389610340818763,0.00018389610340818763,0.0,1.0178717275266536e-05,3.213886884623207e-05,0.0,-1.5134457498788834e-05,3.1342176953330636e-05,5.5773096391931176e-05,9.557885641697794e-05,1.716060796752572e-05,-4.814349813386798e-05,-9.485476766712964e-05,-0.00018874736269935966,0.0,-2.514454536139965e-05,2.8839538572356105e-05,6.197029142640531e-05,0.0001244211453013122,2.812451566569507e-05,-4.08744381275028e-05,-9.8310352768749e-05,-0.0002362860250286758
7004,0.1,3,2,1.5735502529423684e-05,5,1.1920756151084788e-06,2.0265279090381227e-06,5,1.430491465725936e-06,2.3841512302169576e-06,2.6344873731432017e-06,3.582189037842909e-06,2.270904133183649e-06,3.3556939342815895e-06,4.172268745605834e-06,4.172268745605834e-06,0.0,7.212078116936027e-07,1.6808326108730398e-06,0.0,-2.622558895382099e-06,7.152448233682662e-07,7.152448233682662e-07,8.344522939296439e-07,2.0265279090381227e-06,-1.0728654160629958e-06,-1.0728654160629958e-06,-1.430487827747129e-06,0.0,-3.4570093703223392e-06,3.576224116841331e-07,5.960373528068885e-07,9.536597644910216e-07,2.3841512302169576e-06,-7.152448233682662e-07,-8.344522939296439e-07,-1.3112803571857512e-06
7026,0.1,3,2,0.000278195773717016,5,1.4301695046015084e-05,4.6360582928173244e-05,6,1.3228709576651454e-05,1.990259625017643e-05,8.707401866558939e-05,0.00012092341057723388,8.013759361347184e-05,0.00011263373744441196,6.245022814255208e-05,5.184295878279954e-05,1.0607269359752536e-05,2.8182712412672117e-05,7.074387394823134e-05,0.0,-4.838433233089745e-05,1.489711576141417e-05,2.4550565285608172e-05,3.205888788215816e-05,4.6360582928173244e-05,-2.0259758457541466e-05,-3.456047852523625e-05,-4.612011252902448e-05,0.0,-8.1039615906775e-06,-1.8472142983227968e-05,4.886212991550565e-06,5.958805559203029e-06,6.673886673524976e-06,1.990259625017643e-05,-6.7930377554148436e-06,-8.342292858287692e-06
7328,0.1,3,2,5.173549288883805e-05,5,2.8608883440028876e-06,5.960173439234495e-06,6,1.072832674253732e-06,3.3376927603967488e-06,1.1062118574045599e-05,1.9573342797229998e-05,1.0483975529496092e-05,1.7099831893574446e-05,8.70186704560183e-06,1.6688463801983744e-06,7.0330206654034555e-06,2.425825641694246e-06,7.414589617837919e-06,0.0,-5.840935045853257e-06,2.8608774300664663e-06,2.7416754164732993e-06,3.0992850952316076e-06,5.960173439234495e-06,-3.814493538811803e-06,-3.814493538811803e-06,-4.052897565998137e-06,0.0,2.264860086143017e-06,-3.5760895116254687e-06,-1.5496407286264002e-06,-1.4304387150332332e-06,-5.364126991480589e-06,3.3376927603967488e-06,1.5496407286264002e-06,1.192031049868092e-06
7540,0.1,1,0,1.283864140510559,8,0.0346217155456543,0.08899462223052979,8,0.008785009384155273,0.056784987449645996,0.2668878138065338,0.3658679723739624,0.18570517003536224,0.2898786962032318,0.1430039405822754,0.1430039405822754,0.0,0.10512875020503998,0.22306020557880402,0.0,0.024898886680603027,0.0020830631256103516,-0.048222899436950684,-0.08053433895111084,-0.0314403772354126,-0.0054128170013427734,0.05437290668487549,0.08899462223052979,0.0,0.032295942306518555,-0.007221579551696777,-0.040688276290893555,-0.048981428146362305,-0.040239930152893066,0.008660674095153809,0.04799997806549072,0.056784987449645996
8092,0.1,0,0,0.47523123025894165,2,0.026844888925552368,0.035577863454818726,4,0.015219360589981079,0.07758894562721252,0.12236982583999634,0.17682328820228577,0.0890330970287323,0.12403235584497452,0.10883334279060364,0.07911229133605957,0.029721051454544067,0.02885480225086212,0.0588315948843956,0.0,0.0008686184883117676,0.035577863454818726,-0.002231895923614502,0.006552517414093018,-0.0013967156410217285,-0.03998410701751709,0.008732974529266357,0.0006548166275024414,0.0,-0.019638657569885254,-0.017439663410186768,0.062369585037231445,0.07758894562721252,0.027334868907928467,0.02346554398536682,-0.054676949977874756,-0.06298398971557617
8903,0.1,3,0,0.03307516127824783,4,0.001189839094877243,0.004843847826123238,4,0.002137914299964905,0.004864243790507317,0.0068922387436032295,0.011102065443992615,0.004111218266189098,0.006279758643358946,0.009031746536493301,0.009031746536493301,0.0,0.0014805793762207031,0.0038560358807444572,0.0,-0.001220840960741043,0.0036540087312459946,0.002345465123653412,0.004843847826123238,0.0014110319316387177,-0.003937706351280212,-0.0031504854559898376,-0.006845396012067795,0.0,-0.0019458159804344177,0.0009876042604446411,0.002726329490542412,0.004864243790507317,0.0021928828209638596,-0.001005757600069046,-0.003654494881629944,-0.006643433123826981
9052,0.1,1,9,0.0083291782066226,4,0.00011592172086238861,0.002668602392077446,2,0.0006111133843660355,0.0007440019398927689,0.003250348148867488,0.0040260618552565575,0.0015347221633419394,0.0024225511588156223,0.0031734579242765903,0.0024850061163306236,0.0006884518079459667,0.0005343604134395719,0.0012718234211206436,0.0,-0.0004829317331314087,-0.0029809745028615,0.0019932915456593037,0.002668602392077446,0.0005625332705676556,0.0025526806712150574,-0.0030178669840097427,-0.00403063278645277,0.0,2.5299377739429474e-05,0.0007440019398927689,-0.0002617053687572479,-0.00021549221128225327,-4.102196544408798e-05,-0.0010895170271396637,0.0001328885555267334,-0.00010769255459308624
9207,0.1,0,6,0.026905221864581108,4,0.0005720499902963638,0.0032434817403554916,4,0.0002539437264204025,0.0011933017522096634,0.008025437593460083,0.010197760537266731,0.007161245681345463,0.012265528552234173,0.00429835170507431,0.00429835170507431,0.0,0.0016748663038015366,0.004757351707667112,0.0,-0.0015718676149845123,0.0016812756657600403,0.002671431750059128,0.0032434817403554916,0.0017635766416788101,-0.002272125333547592,-0.003755226731300354,-0.004681987687945366,0.0,-0.0008347108960151672,0.0002626422792673111,0.0009056739509105682,0.0011933017522096634,0.0009393580257892609,-0.0003943592309951782,-0.0011951271444559097,-0.0016039609909057617
9457,0.1,3,0,0.015211292542517185,5,0.00014584697782993317,0.0010391464456915855,5,0.0012268321588635445,0.0025440966710448265,0.004625065717846155,0.007397582288831472,0.002518827561289072,0.0037865578196942806,0.0034928079694509506,0.0034928079694509506,0.0,0.001261601340956986,0.0038779715541750193,0.0,-0.001492454670369625,0.0007277354598045349,0.0006834408268332481,0.0008932994678616524,0.0010391464456915855,-0.0014276215806603432,-0.001180092804133892,-0.0016636019572615623,0.0,-0.002604040317237377,0.001317264512181282,0.0009056385606527328,0.0013158544898033142,0.0025440966710448265,-0.0017863186076283455,-0.0011926395818591118,-0.001741780899465084
9522,0.1,0,0,0.024919351562857628,4,0.000920422375202179,0.003354467451572418,4,0.0009040683507919312,0.00254175066947937,0.006269041448831558,0.008755371905863285,0.0033038679976016283,0.005422111134976149,0.005364075303077698,0.005364075303077698,0.0,0.0007667000754736364,0.002894445788115263,0.0,-0.0006376840174198151,-0.0017484147101640701,0.0024340450763702393,0.003354467451572418,0.0007408317178487778,0.001972462981939316,-0.003491809591650963,-0.005132688209414482,0.0,-0.0006546489894390106,-0.0005871355533599854,0.001637682318687439,0.00254175066947937,0.0007547959685325623,0.0006376244127750397,-0.002188580110669136,-0.003353450447320938
9664,0.1,1,8,1.179269552230835,3,0.014524281024932861,0.3888644576072693,4,0.010789752006530762,0.1036686897277832,0.5008171200752258,0.6302189826965332,0.3510742485523224,0.48682907223701477,0.4805285334587097,0.47120028734207153,0.009328246116638184,0.0735674649477005,0.22661426663398743,0.0,-0.07119965553283691,0.05106639862060547,0.3888644576072693,0.3743401765823364,0.08925509452819824,-0.004724979400634766,-0.33186018466949463,-0.2909884452819824,0.0,-0.030152082443237305,0.06817197799682617,0.09287893772125244,0.1036686897277832,0.03721725940704346,-0.07873857021331787,-0.09400904178619385,-0.09464132785797119
10681,0.1,3,2,1.883488948806189e-05,2,9.536606739857234e-07,5.006707397114951e-06,2,2.384150320722256e-06,5.125914867676329e-06,3.105347786913626e-06,4.696767973655369e-06,3.7848301417398034e-06,5.412013706518337e-06,8.821359188004863e-06,8.821359188004863e-06,0.0,9.178991717817553e-07,2.4318380837939912e-06,0.0,-2.2649328457191586e-06,5.006707397114951e-06,2.38414213526994e-06,4.053046723129228e-06,2.0265215425752103e-06,-9.774930731509812e-06,-3.933824700652622e-06,-7.390810424112715e-06,0.0,-1.5496916603296995e-06,5.125914867676329e-06,8.344486559508368e-07,2.741764546954073e-06,1.3112767192069441e-06,-9.894136383081786e-06,-1.6688973119016737e-06,-4.768271537614055e-06
11027,0.1,2,2,2.313966989517212,8,0.022229671478271484,0.2474536895751953,8,0.04694318771362305,0.18285822868347168,0.3118029534816742,0.5064306855201721,0.32951170206069946,0.40867945551872253,0.3992060422897339,0.3992060422897339,0.0,0.04366698116064072,0.10920465737581253,0.0,0.06367254257202148,-0.15731477737426758,-0.1851029396057129,-0.20461702346801758,-0.07707023620605469,0.196516752243042,0.22522401809692383,0.2474536895751953,0.0,0.05354905128479004,0.03399968147277832,-0.15111708641052246,-0.20984125137329102,-0.07035303115844727,-0.05292963981628418,0.13591504096984863,0.18285822868347168
11462,0.1,1,2,2.6410181522369385,7,0.0004706382751464844,0.4298858642578125,6,0.10214352607727051,0.20173907279968262,0.4908764958381653,0.6257691979408264,0.3343372642993927,0.5241329073905945,0.5963790416717529,0.47432827949523926,0.12205076217651367,0.1726800501346588,0.3597159683704376,0.0,0.0789952278137207,-0.10155200958251953,-0.4662055969238281,-0.5061395168304443,-0.09888958930969238,0.1033167839050293,0.4298858642578125,0.429415225982666,0.0,0.025636672973632812,-0.15790653228759766,-0.07231378555297852,-0.06379294395446777,-0.029761075973510742,0.20173907279968262,0.09959554672241211,0.09450602531433105
11911,0.1,0,0,0.40670934319496155,4,0.026408284902572632,0.06459462642669678,4,0.020806461572647095,0.052088260650634766,0.12064888328313828,0.1825515776872635,0.06984634697437286,0.08057437837123871,0.10917669534683228,0.10917669534683228,0.0,0.013110317289829254,0.03902668133378029,0.0,-0.010801434516906738,0.0035150349140167236,0.038186341524124146,0.06459462642669678,0.013382375240325928,-0.0040960609912872314,-0.04859006404876709,-0.08289393782615662,0.0,-0.011427819728851318,-0.00889703631401062,0.03128179907798767,0.052088260650634766,0.01495814323425293,0.011597394943237305,-0.0332106351852417,-0.05219316482543945
12006,0.1,3,2,2.0503786799963564e-05,4,4.7682806325610727e-07,2.9801740311086178e-06,4,4.7682806325610727e-07,3.337796442792751e-06,5.298757514538011e-06,5.9782400967378635e-06,4.076881850778591e-06,4.827888005820569e-06,5.841151505592279e-06,5.841151505592279e-06,0.0,4.768310759573069e-07,1.5675810800530598e-06,0.0,-2.026514266617596e-06,8.344468369614333e-07,2.5033459678525105e-06,2.9801740311086178e-06,1.7881029634736478e-06,-2.145721737178974e-06,-4.410643668961711e-06,-5.245088686933741e-06,0.0,-2.7417536330176517e-06,5.960337148280814e-07,2.8609683795366436e-06,3.337796442792751e-06,2.264931026729755e-06,-2.3841348593123257e-06,-5.006675564800389e-06,-5.841118763783015e-06
12837,0.1,0,8,4.005352093372494e-05,7,2.3840766516514122e-07,4.7681896830908954e-07,4,5.960246198810637e-07,7.152302714530379e-07,6.0556108110176865e-06,8.74369106895756e-06,1.2051654266542755e-05,1.49602801684523e-05,1.3112512533552945e-06,5.960246198810637e-07,7.152266334742308e-07,1.9609431092248997e-06,4.905346031591762e-06,0.0,1.1920565157197416e-07,-3.576133167371154e-07,-3.576133167371154e-07,-2.3840766516514122e-07,-2.3840766516514122e-07,2.3841130314394832e-07,4.7681896830908954e-07,1.1920565157197416e-07,0.0,0.0,0.0,-1.1920201359316707e-07,7.152302714530379e-07,1.1920565157197416e-07,1.1920565157197416e-07,1.1920565157197416e-07,-1.0728399502113461e-06
13263,0.1,3,4,0.10944686084985733,4,0.002665586769580841,0.03686326742172241,4,0.0022265687584877014,0.0418149009346962,0.05025772005319595,0.06585178524255753,0.03739644214510918,0.048443153500556946,0.06481636315584183,0.06481636315584183,0.0,0.005189390387386084,0.012996253557503223,0.0,-0.01852140575647354,0.03419768065214157,0.03278793394565582,0.03686326742172241,0.018062442541122437,-0.05987969785928726,-0.05541924387216568,-0.062239550054073334,0.0,-0.03374045342206955,0.03410480171442032,0.039588332176208496,0.0418149009346962,0.030766449868679047,-0.058974139392375946,-0.06542808562517166,-0.0697949007153511
14103,0.1,3,11,0.45734649896621704,8,0.007328927516937256,0.06378290057182312,2,0.004982709884643555,0.029535919427871704,0.06915222108364105,0.07956621050834656,0.08683618158102036,0.152085542678833,0.08402419090270996,0.04788768291473389,0.036136507987976074,0.02163955196738243,0.05182383209466934,0.0,0.029743462800979614,-0.053503334522247314,-0.04222673177719116,-0.06453865766525269,-0.03989529609680176,0.056453973054885864,0.04514843225479126,0.06378290057182312,0.0,-0.02174210548400879,0.029535919427871704,0.02455320954322815,0.010420083999633789,0.0210818350315094,-0.04227787256240845,-0.034351646900177,-0.01622927188873291
14580,0.1,1,0,0.038530055433511734,6,0.0026424191892147064,0.002665359526872635,4,0.000222865492105484,0.006803445518016815,0.009797303006052971,0.012773456051945686,0.004660414066165686,0.008005078881978989,0.00904419831931591,0.008861567825078964,0.0001826304942369461,0.0011390814324840903,0.0031144623644649982,0.0,2.2940337657928467e-05,-0.0027502477169036865,-0.001068349927663803,-0.0023415684700012207,-8.786097168922424e-05,0.002665359526872635,-0.00047269463539123535,-0.00024360045790672302,0.0,-0.0019591674208641052,-0.00729428231716156,0.00547761470079422,0.006803445518016815,0.002277504652738571,0.006580580025911331,-0.0069810934364795685,-0.008010495454072952
14929,0.1,0,6,0.5287249088287354,8,0.0,0.28290316462516785,8,0.0,0.04645094275474548,0.28654253482818604,0.3128970265388489,0.13246433436870575,0.18077385425567627,0.30753201246261597,0.30753201246261597,0.0,0.025164108723402023,0.06791888177394867,0.0,0.1589760184288025,-0.4290839433670044,-0.4290839433670044,-0.4290839433670044,-0.2655254602432251,0.2829030752182007,0.28290316462516785,0.28290316462516785,0.0,0.02781081199645996,-0.041591763496398926,-0.041592180728912354,-0.041591763496398926,-0.03467041254043579,0.04645094275474548,0.04645094275474548,0.04645094275474548
14937,0.1,3,2,2.825220326485578e-05,4,2.3841312213335186e-07,2.2649164748145267e-06,4,1.4304787328001112e-06,5.602694727713242e-06,5.137791504239431e-06,8.749753760639578e-06,7.390796781692188e-06,9.441155270906165e-06,7.3907958721974865e-06,7.3907958721974865e-06,0.0,1.7881059193314286e-06,4.792128493136261e-06,0.0,-1.3112639862811193e-06,1.5496789274038747e-06,2.026503352681175e-06,2.2649164748145267e-06,1.4304732758319005e-06,-2.9801431082887575e-06,-3.218554411432706e-06,-3.933788320864551e-06,0.0,-3.33776006300468e-06,1.0728545021265745e-06,4.172215994913131e-06,5.602694727713242e-06,3.337772795930505e-06,-2.2649091988569126e-06,-6.437099727918394e-06,-8.582790542277507e-06
15048,0.1,2,0,0.11247150599956512,6,0.0010624229907989502,0.011537142097949982,4,0.002156592905521393,0.016578972339630127,0.03820677474141121,0.052122652530670166,0.025921350345015526,0.04098057001829147,0.02575606107711792,0.02309926599264145,0.002656795084476471,0.004191345069557428,0.014728876762092113,0.0,-0.0035353749990463257,-0.011988013982772827,0.00934116542339325,0.010474719107151031,0.004037141799926758,0.011537142097949982,-0.012664809823036194,-0.014305651187896729,0.0,-0.008919015526771545,-0.0036641284823417664,0.014422379434108734,0.016578972339630127,0.009757168591022491,0.002955511212348938,-0.02012312412261963,-0.023558109998703003
15323,0.1,0,6,0.0036860634572803974,2,2.0667212083935738e-05,6.140628829598427e-05,4,2.98165250569582e-05,0.00018553691916167736,0.0009541804902255535,0.0012808828614652157,0.000871331081725657,0.001366227283142507,0.00024315319024026394,0.00022367015480995178,1.9483035430312157e-05,0.000193082814803347,0.0005612514796666801,0.0,-1.9359402358531952e-05,6.140628829598427e-05,3.24249267578125e-05,4.073907621204853e-05,2.2804131731390953e-05,-8.384860120713711e-05,-4.299404099583626e-05,-5.522696301341057e-05,0.0,-9.323074482381344e-05,-0.00015676510520279408,0.0001313688699156046,0.00018553691916167736,0.00010535516776144505,0.00015572039410471916,-0.00017588399350643158,-0.0002555618993937969
15394,0.1,3,2,0.13627420365810394,4,0.004004515707492828,0.0115455761551857,4,0.005162186920642853,0.016272522509098053,0.02719121240079403,0.03859744220972061,0.0312509760260582,0.0378127284348011,0.02646806836128235,0.02646806836128235,0.0,0.005097077693790197,0.014852390624582767,0.0,-0.0054721832275390625,0.007541060447692871,0.007481738924980164,0.0115455761551857,0.0062137991189956665,-0.011119633913040161,-0.010198190808296204,-0.016049548983573914,0.0,-0.006745323538780212,0.0111103355884552,0.008871570229530334,0.016272522509098053,0.008280038833618164,-0.012603387236595154,-0.009823128581047058,-0.01851588487625122
15483,0.1,3,2,0.0002004899288294837,4,1.0726944310590625e-06,1.6447724192403257e-05,5,2.2645690478384495e-06,2.073847281280905e-05,3.6727742553921416e-05,5.9671954659279436e-05,5.415338819148019e-05,6.718705844832584e-05,3.5398697946220636e-05,3.420679422561079e-05,1.1919037206098437e-06,6.603355814149836e-06,2.7777849027188495e-05,0.0,-1.3825410860590637e-05,1.465991954319179e-05,1.5375029761344194e-05,1.6447724192403257e-05,1.525584957562387e-05,-2.0976411178708076e-05,-2.1572326659224927e-05,-2.3240878363139927e-05,0.0,-1.9188664737157524e-05,1.84739037649706e-05,1.4779099728912115e-05,1.8235528841614723e-05,2.073847281280905e-05,-2.5028610252775252e-05,-1.99037604033947e-05,-2.4551889509893954e-05
15633,0.1,0,11,0.7847799062728882,4,0.06068289279937744,0.13442641496658325,4,0.028925836086273193,0.055179595947265625,0.17318397760391235,0.23902785778045654,0.13698710501194,0.20534838736057281,0.1827530860900879,0.1827530860900879,0.0,0.04895670339465141,0.11246976256370544,0.0,-0.015028715133666992,-0.02709561586380005,0.07374352216720581,0.13442641496658325,0.018188655376434326,0.03249311447143555,-0.09143853187561035,-0.16122275590896606,0.0,-0.00825953483581543,0.0023850202560424805,0.02625375986099243,0.055179595947265625,0.010135829448699951,-0.002193450927734375,-0.030559182167053223,-0.05554765462875366
15856,0.1,1,2,0.000196556793525815,4,1.0726944310590625e-06,1.6924532246775925e-05,4,2.6221678126603365e-06,3.110799298156053e-05,5.309281550580636e-05,7.25927748135291e-05,4.64836266473867e-05,6.286059215199202e-05,4.541083762887865e-05,4.541083762887865e-05,0.0,1.1585732863750309e-05,3.467305941740051e-05,0.0,-1.1799333151429892e-05,1.1203534086234868e-05,1.5851837815716863e-05,1.6924532246775925e-05,1.1799464118666947e-05,-1.8712016753852367e-05,-2.5505461962893605e-05,-2.7769929147325456e-05,0.0,-2.419443626422435e-05,2.8485825168900192e-05,2.3718253942206502e-05,3.110799298156053e-05,2.4910143110901117e-05,-4.3621083023026586e-05,-3.4682496334426105e-05,-4.719648859463632e-05
16034,0.1,0,6,0.004469405394047499,8,1.8874183297157288e-05,0.00023892661556601524,4,0.0002853765618056059,0.0008238435257226229,0.0012246385449543595,0.0017698864685371518,0.001037927926518023,0.0013828572118654847,0.0010267326142638922,0.0005983142182230949,0.00042841839604079723,0.0002465352008584887,0.0007291758083738387,0.0,5.73229044675827e-05,-3.8806814700365067e-05,-0.00021573295816779137,-0.0002662772312760353,-7.417099550366402e-05,4.035094752907753e-05,0.00022005243226885796,0.00023892661556601524,0.0,-0.00023531029000878334,-0.0003493260592222214,0.000538466963917017,0.0008238435257226229,0.0002662292681634426,0.0003648814745247364,-0.0007575890049338341,-0.0011859550140798092
17018,0.1,0,6,0.00980265624821186,2,4.922877997159958e-05,0.00010081660002470016,4,0.0009055682457983494,0.0031011616811156273,0.0022461386397480965,0.0033060740679502487,0.0025984137319028378,0.0037415954284369946,0.003161435481160879,0.0029652323573827744,0.00019620312377810478,0.000407910265494138,0.001323319156654179,0.0,2.797786146402359e-05,0.00010081660002470016,-0.00015816930681467056,-0.00019853468984365463,-4.957802593708038e-05,-0.00015120580792427063,5.1587820053100586e-05,-6.822869181632996e-05,0.0,-0.001096285879611969,-0.0006542354822158813,0.002195593435317278,0.0031011616811156273,0.001209290698170662,0.0007560187950730324,-0.0032785534858703613,-0.004903529770672321
17214,0.1,1,7,0.19111976027488708,7,0.006759181618690491,0.04740604758262634,6,0.001213178038597107,0.019307345151901245,0.0718541070818901,0.08616924285888672,0.06144096329808235,0.07808194309473038,0.05887192487716675,0.056705743074417114,0.002166181802749634,0.016005096957087517,0.038560498505830765,0.0,0.009794056415557861,0.0029361695051193237,-0.07926753163337708,-0.07779890298843384,-0.013171494007110596,-0.015137702226638794,0.04740604758262634,0.04064686596393585,0.0,0.00500507652759552,-0.021429196000099182,-0.023186445236206055,-0.028418511152267456,-0.006744131445884705,0.019307345151901245,0.01795339584350586,0.018094167113304138
18254,0.1,3,2,0.00016807096835691482,2,5.721201887354255e-06,2.2527019609697163e-05,5,1.0727380868047476e-06,2.3361368221230805e-05,5.577624688157812e-05,7.434705912601203e-05,4.947676643496379e-05,6.772561755497009e-05,4.302823799662292e-05,3.778369864448905e-05,5.24453935213387e-06,8.802828233456239e-06,2.2004187485435978e-05,0.0,-1.3468306860886514e-05,2.2527019609697163e-05,1.680581772234291e-05,1.6090678400360048e-05,1.4064426068216562e-05,-3.790146729443222e-05,-2.6459674700163305e-05,-2.5863744667731225e-05,0.0,-2.3956759832799435e-05,1.7163401935249567e-05,2.0977517124265432e-05,2.2288630134426057e-05,2.3361368221230805e-05,-2.753234002739191e-05,-3.0988725484348834e-05,-3.3968361094594e-05
18528,0.1,3,6,0.009641273878514767,4,4.181172698736191e-05,0.0004329215735197067,4,0.0001161256805062294,0.0006371662020683289,0.002579510910436511,0.0036091082729399204,0.002700741169974208,0.004140301141887903,0.0010486170649528503,0.0010486170649528503,0.0,0.00045541347935795784,0.001046708319336176,0.0,-0.0003950865939259529,-6.328057497739792e-05,0.0003911098465323448,0.0004329215735197067,0.0003451649099588394,-0.00025510694831609726,-0.0006850175559520721,-0.0007326817139983177,0.0,-0.000582011416554451,-0.00016232673078775406,0.00036512501537799835,0.0006371662020683289,0.0005210405215620995,0.00010142382234334946,-0.0006076162680983543,-0.0009945612400770187
18778,0.1,3,2,0.00020668754586949944,4,9.058392606675625e-06,4.481442738324404e-05,4,7.985843694768846e-06,6.305066926870495e-05,5.8879009884549305e-05,7.187093433458358e-05,6.019606371410191e-05,7.321185694308951e-05,9.511387179372832e-05,9.511387179372832e-05,0.0,6.192222826939542e-06,2.07999037229456e-05,0.0,-2.4194188881665468e-05,3.1107672839425504e-05,3.575603477656841e-05,4.481442738324404e-05,2.4671520804986358e-05,-5.2559043979272246e-05,-6.137820309959352e-05,-8.056557271629572e-05,0.0,-5.029464955441654e-05,4.5767956180498004e-05,5.5064825573936105e-05,6.305066926870495e-05,4.672147042583674e-05,-7.436846499331295e-05,-9.403226431459188e-05,-0.00011262315092608333
18995,0.1,2,8,0.0009192770230583847,6,0.00012506271013990045,0.00012649194104596972,4,4.407536471262574e-05,0.0002142834127880633,0.0002706388768274337,0.0003489577502477914,0.0002728003019001335,0.0003291029715910554,0.00030672893626615405,0.00017961859703063965,0.0001271103392355144,7.142994581954554e-05,0.0001770647068042308,0.0,4.7642970457673073e-07,-0.0003255657502450049,1.4292309060692787e-06,-4.704325692728162e-05,-1.2981763575226068e-05,0.00012649194104596972,-3.7515710573643446e-05,-1.3577286154031754e-05,0.0,-0.0001302866148762405,0.00017020804807543755,0.0001559137599542737,0.0002142834127880633,0.00013471092097461224,-0.0002937758690677583,-0.00023019331274554133,-0.000327589747030288
19266,0.1,3,2,5.329645156860352,6,0.0040645599365234375,0.9354009628295898,8,0.005471229553222656,0.12859630584716797,1.1179795265197754,1.2814425230026245,0.37476521730422974,0.5233227610588074,1.0496134757995605,1.0451955795288086,0.004417896270751953,0.08458338677883148,0.18928730487823486,0.0,0.7475833892822266,-0.7746238708496094,-0.6762151718139648,-0.7684612274169922,-0.8664374351501465,0.9354009628295898,0.826937198638916,0.9313364028930664,0.0,0.12312507629394531,-0.08107471466064453,-0.09021711349487305,-0.10736513137817383,-0.14603233337402344,0.09969854354858398,0.10818910598754883,0.12859630584716797
19776,0.1,0,8,0.014120313338935375,4,0.0010482147336006165,0.00401809997856617,4,0.0013918401673436165,0.005320373922586441,0.004220990929752588,0.005564289633184671,0.0051269615069031715,0.006738187745213509,0.007953714579343796,0.007953714579343796,0.0,0.0005959800910204649,0.0027941607404500246,0.0,-0.0007012207061052322,-0.0002734735608100891,0.0029698852449655533,0.00401809997856617,0.0008074576035141945,0.00029400549829006195,-0.004788528196513653,-0.006716427393257618,0.0,-0.0012386692687869072,-0.0022241612896323204,0.0039285337552428246,0.005320373922586441,0.0014132149517536163,0.0023796791210770607,-0.005625727586448193,-0.007151463069021702
19803,0.1,0,0,0.04733993858098984,6,0.001853838562965393,0.004674781113862991,4,0.0017114877700805664,0.004449542611837387,0.014800992794334888,0.02410367876291275,0.011030265130102634,0.01536355447024107,0.00889752060174942,0.00520666316151619,0.0036908574402332306,0.0017248571384698153,0.005759282037615776,0.0,-0.00020872429013252258,-0.004317987710237503,0.0028209425508975983,-0.00045877695083618164,0.0002408437430858612,0.004674781113862991,-0.003461431711912155,-0.0007529594004154205,0.0,-0.0007854513823986053,-0.0005042329430580139,0.0027380548417568207,0.004449542611837387,0.0009315051138401031,0.0005844645202159882,-0.0035444796085357666,-0.0059339627623558044
19832,0.1,1,7,4.543517112731934,4,0.08461475372314453,0.29984331130981445,6,0.07575702667236328,0.07575702667236328,0.4102616310119629,0.605105996131897,0.35573023557662964,0.519866406917572,0.35984373092651367,0.1975841522216797,0.16225957870483398,0.1129632219672203,0.4156176447868347,0.0,-0.057202816009521484,-0.007449626922607422,0.21522855758666992,0.29984331130981445,0.06969261169433594,-0.004764556884765625,-0.23571014404296875,-0.3003082275390625,0.0,-0.009262561798095703,-0.042165279388427734,-0.032952308654785156,-0.030051231384277344,-0.009798049926757812,0.07575702667236328,-0.029750347137451172,-0.04176187515258789
19843,0.1,3,2,3.71926071238704e-05,4,4.7681896830908954e-07,5.006615538150072e-06,4,8.344413799932227e-07,8.701992555870675e-06,4.291384811949683e-06,6.097347068134695e-06,7.2417219598719385e-06,9.33378396439366e-06,1.2516587958089076e-05,1.2516587958089076e-05,0.0,1.293384798373154e-06,3.385449645065819e-06,0.0,-2.0264815248083323e-06,2.9801267373841256e-06,4.5297965698409826e-06,5.006615538150072e-06,2.2648964659310877e-06,-4.887388058705255e-06,-7.152266334742308e-06,-8.344304660568014e-06,0.0,-4.887388058705255e-06,5.24502684129402e-06,7.867551175877452e-06,8.701992555870675e-06,5.006615538150072e-06,-8.70191797730513e-06,-1.3470056728692725e-05,-1.4423683751374483e-05
20101,0.1,3,0,0.07694993168115616,4,0.001960761845111847,0.006385304033756256,6,0.0010913461446762085,0.005222342908382416,0.02020997181534767,0.03095177561044693,0.013179498724639416,0.01947871595621109,0.011700823903083801,0.007112190127372742,0.00458863377571106,0.005087421275675297,0.009949078783392906,0.0,-0.0037872493267059326,-0.0021863356232643127,0.0028865188360214233,0.006385304033756256,0.004424542188644409,0.0024569854140281677,-0.0036944374442100525,-0.008087985217571259,0.0,0.004130996763706207,-0.004491090774536133,-0.0020527318120002747,-0.0030593574047088623,-0.004982709884643555,0.005222342908382416,0.00244835764169693,0.0034624338150024414
21158,0.1,1,1,0.004720377270132303,4,1.946091651916504e-05,0.00014084484428167343,4,0.00010729348286986351,0.0003868667408823967,0.0015336277429014444,0.002099553821608424,0.001529331086203456,0.0020022050011903048,0.0005163704045116901,0.0005163704045116901,0.0,0.000442462507635355,0.001353137893602252,0.0,-6.205122917890549e-05,-1.4119315892457962e-05,0.00012138392776250839,0.00014084484428167343,7.356423884630203e-05,9.373296052217484e-06,-0.00015601003542542458,-0.0001825825311243534,0.0,-0.00021117087453603745,-0.00023525115102529526,0.0002795732580125332,0.0003868667408823967,0.0002399347722530365,0.0002653319388628006,-0.0003765178844332695,-0.0005417182110249996
21579,0.1,0,6,0.012732521630823612,4,0.0,0.0016831280663609505,4,0.0,0.003701241686940193,0.004034827463328838,0.004891079384833574,0.0033674784936010838,0.004876197315752506,0.004885917529463768,0.004885917529463768,0.0,0.0006716802017763257,0.0015881815925240517,0.0,-0.001045110635459423,0.0016831280663609505,0.0016831280663609505,0.0016831280663609505,0.0011753467842936516,-0.002349376678466797,-0.002349376678466797,-0.002349376678466797,0.0,-0.0037785908207297325,0.003701241686940193,0.003701241686940193,0.003701241686940193,0.003529720939695835,-0.006016985513269901,-0.006016985513269901,-0.006016985513269901
21616,0.1,1,2,0.01290917582809925,4,0.00048062484711408615,0.001750495284795761,7,0.0002804826945066452,0.00452490895986557,0.004588826559484005,0.005561696365475655,0.004431453067809343,0.005527313798666,0.00568963959813118,0.0036010202020406723,0.0020886193960905075,0.000742656528018415,0.002015595557168126,0.0,-0.0006524417549371719,0.0005473634228110313,0.001269870437681675,0.001750495284795761,0.0007377741858363152,-0.0008828006684780121,-0.0019192872568964958,-0.002689611166715622,0.0,0.0024693896993994713,-0.0057872142642736435,-0.006311124190688133,-0.005502041429281235,-0.003930084407329559,0.004244426265358925,0.00452490895986557,0.004048501141369343
22047,0.1,3,6,1.747223138809204,4,0.016258716583251953,0.34940576553344727,2,0.05109751224517822,0.18123674392700195,0.7194058299064636,0.8573466539382935,0.3032483458518982,0.46672141551971436,0.5153136253356934,0.4678363800048828,0.04747724533081055,0.08746388554573059,0.23936307430267334,0.0,-0.11998641490936279,0.053951144218444824,0.3331470489501953,0.34940576553344727,0.14549589157104492,-0.05956089496612549,-0.40032410621643066,-0.4053378105163574,0.0,-0.059671878814697266,0.18123674392700195,0.12824785709381104,0.13013923168182373,0.07362556457519531,-0.21283304691314697,-0.1410919427871704,-0.13756167888641357
22049,0.1,0,6,0.0008247073274105787,4,3.776169614866376e-05,0.00011042202822864056,8,2.775475149974227e-05,8.087966125458479e-05,0.00021229735284578055,0.0002860443200916052,0.00012870432692579925,0.0002523864677641541,0.00018392433412373066,5.098083056509495e-05,0.0001329435035586357,5.288158354233019e-05,0.0001265188620891422,0.0,-2.0725128706544638e-05,-6.586621748283505e-05,7.242214633151889e-05,0.00011042202822864056,2.4179811589419842e-05,7.26603320799768e-05,-0.00010659865802153945,-0.0001749587245285511,0.0,1.8700608052313328e-05,1.2983160559087992e-05,-6.991572445258498e-05,-0.00014220841694623232,-2.5012996047735214e-05,-2.4179229512810707e-05,5.312490975484252e-05,8.087966125458479e-05
22198,0.1,0,6,0.020060745999217033,4,0.0013010641559958458,0.004454917274415493,4,0.0019080303609371185,0.005683645606040955,0.0050552478060126305,0.008212137967348099,0.005842034704983234,0.007551996968686581,0.008886386640369892,0.008886386640369892,0.0,0.0008002795511856675,0.0022744801826775074,0.0,-0.0008181408047676086,0.0009704921394586563,0.003153853118419647,0.004454917274415493,0.0009261667728424072,-0.0013029854744672775,-0.005060439929366112,-0.007802663370966911,0.0,-0.001300303265452385,-0.0004899129271507263,0.003775615245103836,0.005683645606040955,0.0014789067208766937,0.0005483720451593399,-0.005442487075924873,-0.008507870137691498
22254,0.1,2,6,0.001303419005125761,2,0.00015613489085808396,0.00043130660196766257,4,5.156174302101135e-05,0.00024647219106554985,0.00040296450606547296,0.0005336233880370855,0.0002554373349994421,0.0003777232195716351,0.0006002123118378222,0.00047752057434991,0.00012269173748791218,6.462730380007997e-05,0.0002046597801381722,0.0,-7.285841275006533e-05,0.00043130660196766257,0.0001900282222777605,0.0002751717111095786,8.036463987082243e-05,-0.0008638398721814156,-0.0002952103968709707,-0.00044099788647145033,0.0,-9.964324999600649e-05,-3.3215503208339214e-05,0.0001949104480445385,0.00024647219106554985,0.00010965473484247923,-7.083464879542589e-05,-0.000272596487775445,-0.00033948442433029413
23662,0.1,2,6,0.010736203752458096,4,0.00017878133803606033,0.00069417804479599,4,0.00011229421943426132,0.00023059174418449402,0.003591845976188779,0.004605801776051521,0.002470610197633505,0.0038154697977006435,0.0009107645601034164,0.0009107645601034164,0.0,0.0007718616398051381,0.0016961239743977785,0.0,-0.0004208255559206009,0.00018057692795991898,0.0005153967067599297,0.00069417804479599,0.00047480594366788864,-0.0002813562750816345,-0.0006921645253896713,-0.0009461091831326485,0.0,-0.00019457563757896423,-0.0001169862225651741,4.021730273962021e-05,0.00023059174418449402,0.0001182975247502327,-3.9861537516117096e-05,-0.00015790387988090515,-0.000414813868701458
23685,0.1,2,6,0.13828273117542267,6,2.6285648345947266e-05,0.008736282587051392,3,0.001014895737171173,0.022761717438697815,0.045689716935157776,0.06299437582492828,0.05084611847996712,0.06774678081274033,0.029832638800144196,0.016971610486507416,0.01286102831363678,0.005042561329901218,0.01076627615839243,0.0,0.003897160291671753,-0.010379135608673096,-0.007706642150878906,-0.00874502956867218,-0.0052470862865448,0.008736282587051392,0.008107602596282959,0.008709996938705444,0.0,-0.01110905408859253,0.006279319524765015,0.022761717438697815,0.021746821701526642,0.015374451875686646,0.0003270655870437622,-0.022271692752838135,-0.018452882766723633
24587,0.1,1,0,0.023332679644227028,4,0.0008989553898572922,0.002136293798685074,6,0.0001164264976978302,0.0007620565593242645,0.003920619376003742,0.007138138636946678,0.002973687369376421,0.0045506893657147884,0.003008725121617317,0.0027572624385356903,0.0002514626830816269,0.0006944273482076824,0.0017304413486272097,0.0,-0.0003905296325683594,-0.0007189977914094925,0.0012373384088277817,0.002136293798685074,0.0004626866430044174,0.00011483579874038696,-0.001859532669186592,-0.0035238023847341537,0.0,-0.00017805024981498718,-0.001044565811753273,0.0003129784017801285,0.0006456300616264343,0.0001941584050655365,0.0007620565593242645,-0.0005891136825084686,-0.0012681428343057632
24865,0.1,0,8,0.003335509682074189,4,0.0003288236912339926,0.0003773001953959465,4,0.0001443235669285059,0.000665213679894805,0.0011993441730737686,0.0015426543541252613,0.0010506755206733942,0.0013156663626432419,0.0009573725983500481,0.0009573725983500481,0.0,7.743136666249484e-05,0.00025071974960155785,0.0,-5.013751797378063e-05,-8.803606033325195e-05,-2.7801841497421265e-05,0.0003773001953959465,4.8476504161953926e-05,3.101048059761524e-05,-6.261211819946766e-05,-0.000628557289019227,0.0,-0.0003561361227184534,0.00044826045632362366,0.0005208901129662991,0.000665213679894805,0.0003882350865751505,-0.0006289135199040174,-0.0007464566733688116,-0.000998475356027484
25420,0.1,1,8,0.0011364913079887629,6,0.0001943896641023457,0.00041148485615849495,4,1.2622564099729061e-05,5.8824196457862854e-05,0.0004385993233881891,0.0005107847391627729,0.0002798010245896876,0.0004420880286488682,0.0004903473309241235,0.00044948578579351306,4.0861545130610466e-05,8.842781971907243e-05,0.0002587951021268964,0.0,7.108959835022688e-05,-0.0008463761769235134,-0.00045785342808812857,-0.0005748425610363483,-0.00012382923159748316,0.00041148485615849495,0.00019244186114519835,0.00021709519205614924,0.0,-2.9291841201484203e-05,-8.739647455513477e-05,4.620163235813379e-05,5.8824196457862854e-05,2.2505177184939384e-05,4.1200313717126846e-05,-0.00011704280041158199,-0.00014287850353866816
25863,0.1,0,2,0.0005934861255809665,4,4.289031494408846e-06,1.6322126612067223e-05,4,1.0367424692958593e-05,0.0002338963677175343,0.00017443517572246492,0.00023419439094141126,0.00021020110580138862,0.0002780604118015617,0.0002435488859191537,0.0002435488859191537,0.0,3.067556826863438e-05,5.7405111874686554e-05,0.0,-4.76551940664649e-06,8.220609743148088e-06,1.2033095117658377e-05,1.6322126612067223e-05,4.884728696197271e-06,-1.17946183308959e-05,-2.2874330170452595e-05,-3.550265682861209e-05,0.0,-0.00011841673403978348,0.00011652431567199528,0.0002235289430245757,0.0002338963677175343,0.00011652431567199528,-0.00019084173254668713,-0.00044964696280658245,-0.0004607217852026224
26222,0.1,0,0,0.1715787798166275,4,0.004160359501838684,0.019982606172561646,4,0.0028626471757888794,0.014863863587379456,0.06211881712079048,0.0906878411769867,0.03482908010482788,0.046766746789216995,0.03476141393184662,0.03476141393184662,0.0,0.00917830877006054,0.020483458414673805,0.0,-0.008481547236442566,0.005899935960769653,0.01582224667072296,0.019982606172561646,0.009032249450683594,-0.009184837341308594,-0.022606313228607178,-0.02867661416530609,0.0,-0.010605022311210632,0.009790554642677307,0.012001216411590576,0.014863863587379456,0.010807916522026062,-0.01392143964767456,-0.017446786165237427,-0.0217866450548172
26605,0.1,2,2,9.572047565598041e-05,4,7.748065399937332e-06,3.0515118851326406e-05,4,4.171983164269477e-06,1.5615041775163263e-05,3.6808993172599e-05,4.380021709948778e-05,1.7450738596380688e-05,2.560403117968235e-05,4.0766502934275195e-05,4.0766502934275195e-05,0.0,3.8323910303006414e-06,8.415733645961154e-06,0.0,-9.535790013615042e-06,8.701477781869471e-06,2.2767053451389074e-05,3.0515118851326406e-05,9.774274076335132e-06,-1.609158789506182e-05,-4.23143501393497e-05,-6.364964065141976e-05,0.0,-6.4366686274297535e-06,5.006324499845505e-06,1.1443058610893786e-05,1.5615041775163263e-05,6.675101758446544e-06,-1.4303645002655685e-05,-2.06210243050009e-05,-2.7176749426871538e-05
26693,0.1,1,8,2.4312057495117188,8,0.006009817123413086,0.3262367248535156,8,0.013648509979248047,0.21437597274780273,0.7130125761032104,0.8844015598297119,0.30940550565719604,0.43540358543395996,0.5216094255447388,0.5216094255447388,0.0,0.15498165786266327,0.45338284969329834,0.0,0.07860469818115234,-0.11460208892822266,-0.36408376693725586,-0.4001755714416504,-0.10210108757019043,0.10406088829040527,0.32022690773010254,0.3262367248535156,0.0,0.0666954517364502,-0.07876944541931152,-0.20232868194580078,-0.23330020904541016,-0.08276104927062988,0.09395265579223633,0.2007274627685547,0.21437597274780273
26759,0.1,1,6,0.017705366015434265,4,0.000143321231007576,0.0006731823086738586,4,5.778297781944275e-05,0.0007914397865533829,0.00528244161978364,0.006861316040158272,0.003940644674003124,0.005364743527024984,0.0014223456382751465,0.0014223456382751465,0.0,0.0008855948108248413,0.0021167146041989326,0.0,-0.0003312695771455765,0.0001872871071100235,0.0005298610776662827,0.0006731823086738586,0.0003644172102212906,-0.00046648643910884857,-0.0008789300918579102,-0.0010745581239461899,0.0,-0.0006998814642429352,0.0003971066325902939,0.0006639230996370316,0.0007914397865533829,0.0007336568087339401,-0.000593842938542366,-0.0009354464709758759,-0.001113399863243103
26788,0.1,3,2,4.017272294731811e-05,4,1.3112621672917157e-06,9.417199180461466e-06,2,2.503311407053843e-06,7.986731361597776e-06,1.4250998901843559e-05,1.6098696505650878e-05,5.852959475305397e-06,9.30991427594563e-06,1.5735116903670132e-05,1.3470198609866202e-05,2.2649182938039303e-06,1.007295168165001e-06,2.7477067305881064e-06,0.0,-6.675429176539183e-06,5.96024256083183e-06,8.10593701316975e-06,9.417199180461466e-06,6.198653863975778e-06,-1.239719131262973e-05,-1.4542845747200772e-05,-1.788051667972468e-05,0.0,-4.172150511294603e-06,7.986731361597776e-06,4.0529594116378576e-06,5.483419954543933e-06,4.0529594116378576e-06,-1.4066034054849297e-05,-5.841004167450592e-06,-8.344279194716364e-06
27670,0.1,3,0,0.00140865717548877,5,8.394161704927683e-05,0.00024942297022789717,5,9.250780567526817e-05,0.00018119753804057837,0.0003210725844837725,0.00040176825132220984,0.0002441497053951025,0.00033019224065355957,0.00039743934758007526,0.00039743934758007526,0.0,6.123775528976694e-05,0.00017667589418124408,0.0,-0.00026221410371363163,0.00015357520896941423,0.00014952721539884806,0.00016548135317862034,0.00024942297022789717,-0.000222225789912045,-0.00021246657706797123,-0.0002384117105975747,0.0,-0.00019568507559597492,8.249911479651928e-05,7.499894127249718e-05,8.868973236531019e-05,0.00018119753804057837,-0.00011236884165555239,-0.00010118016507476568,-0.00012248626444488764
27796,0.1,1,0,0.00561387138441205,4,3.5950448364019394e-05,0.0009171050041913986,4,0.00019779382273554802,0.0010322029702365398,0.0010109998984262347,0.0023691921960562468,0.0008985071326605976,0.0013023263309150934,0.0017864806577563286,0.0017864806577563286,0.0,0.00036704374360851943,0.0008328699041157961,0.0,-0.00025269947946071625,-0.00039502233266830444,0.0008811545558273792,0.0009171050041913986,0.000279916450381279,0.00037193531170487404,-0.0012814467772841454,-0.0012654638849198818,0.0,-0.0002900301478803158,-0.00044976547360420227,0.0008344091475009918,0.0010322029702365398,0.00033446261659264565,0.00045898137614130974,-0.001045112032443285,-0.0011879140511155128
28418,0.1,3,6,0.00929244700819254,6,0.0001858910545706749,0.0019539743661880493,4,0.00025882385671138763,0.0007876083254814148,0.0031780018471181393,0.004054645542055368,0.0034278936218470335,0.004703231155872345,0.002863694913685322,0.0013778358697891235,0.0014858590438961983,0.00019645955762825906,0.0007374673150479794,0.0,0.0012363959103822708,-0.0043213851749897,-0.002722429111599922,-0.0023317765444517136,-0.002530655823647976,0.0019539743661880493,0.0017680833116173744,0.001360923983156681,0.0,-0.0007160613313317299,0.000433899462223053,0.00012898072600364685,0.0007876083254814148,0.0005287844687700272,-0.001017797738313675,-0.00031104497611522675,-0.001240413635969162
28628,0.1,0,0,3.724072217941284,4,0.03570961952209473,0.09550285339355469,4,0.006302356719970703,0.038790225982666016,0.2352655827999115,0.4105135202407837,0.1686512529850006,0.23327139019966125,0.13548707962036133,0.13548707962036133,0.0,0.07720581442117691,0.1864669919013977,0.0,-0.017984628677368164,-0.012160062789916992,0.05979323387145996,0.09550285339355469,0.02164602279663086,0.015228986740112305,-0.07256412506103516,-0.10812997817993164,0.0,-0.012439489364624023,-0.03341865539550781,0.02876877784729004,0.038790225982666016,0.013355731964111328,0.03248786926269531,-0.03872370719909668,-0.04793739318847656
28834,0.1,3,2,3.576214658096433e-05,4,2.3841130314394832e-07,1.7880774976219982e-06,5,1.1920565157197416e-07,1.4304605429060757e-06,9.745059287524782e-06,1.1574875316000544e-05,5.495368895935826e-06,8.946376510721166e-06,3.337743692100048e-06,3.099336026934907e-06,2.3840766516514122e-07,3.349700364196906e-06,9.363641765958164e-06,0.0,-1.4304605429060757e-06,-1.788073859643191e-06,1.3112548913341016e-06,1.7880774976219982e-06,1.1920492397621274e-06,1.5496661944780499e-06,-2.1456871763803065e-06,-2.9801230994053185e-06,0.0,-1.668868208071217e-06,-2.3841130314394832e-07,1.0728435881901532e-06,1.3112548913341016e-06,1.4304605429060757e-06,-2.3841130314394832e-07,-1.668868208071217e-06,-2.0264851627871394e-06
28967,0.1,1,11,2.498013734817505,4,0.0719916820526123,0.3918647766113281,8,0.051722049713134766,0.1714308261871338,0.33795100450515747,0.6675090789794922,0.2946110665798187,0.42672720551490784,0.5556753873825073,0.20305252075195312,0.3526228666305542,0.16935309767723083,0.29455339908599854,0.0,-0.08683609962463379,-0.0012197494506835938,0.3198730945587158,0.3918647766113281,0.1087653636932373,0.007926464080810547,-0.32590365409851074,-0.36788177490234375,0.0,0.049143075942993164,-0.11066412925720215,-0.11964988708496094,-0.19732308387756348,-0.06353020668029785,0.11970877647399902,0.11533427238464355,0.1714308261871338
29626,0.1,0,2,0.0008753282018005848,4,7.016287418082356e-05,0.00017831602599471807,4,0.00012378685642033815,0.0003591660060919821,0.00018107457435689867,0.00024118692090269178,0.00027386093279346824,0.0003260672965552658,0.00046557062887586653,0.00046557062887586653,0.0,3.549429675331339e-05,8.671409887028858e-05,0.0,-3.0490453355014324e-05,-4.490162245929241e-05,0.00010815315181389451,0.00017831602599471807,3.4064578358083963e-05,5.073996726423502e-05,-0.0001701866276562214,-0.000319864833727479,0.0,-9.38503653742373e-05,-5.1094742957502604e-05,0.00023537914967164397,0.0003591660060919821,0.00010195904178544879,5.9196900110691786e-05,-0.0003808252513408661,-0.0006430792855098844
29666,0.1,0,0,0.07955680042505264,3,8.448958396911621e-05,0.0019609108567237854,4,0.002395026385784149,0.00573895126581192,0.015320928767323494,0.028639541938900948,0.010832895524799824,0.016002535820007324,0.007660016417503357,0.007274910807609558,0.00038510560989379883,0.00268519576638937,0.005295744631439447,0.0,-0.0005450323224067688,-0.0016234368085861206,0.0019609108567237854,0.0016528666019439697,0.0005594268441200256,0.0018764212727546692,-0.003946736454963684,-0.004551656544208527,0.0,-0.0011997371912002563,-0.002049587666988373,0.003343924880027771,0.00573895126581192,0.0014225244522094727,0.002426519989967346,-0.004259981215000153,-0.006709069013595581
29872,0.1,3,0,0.01585003174841404,4,0.0005972543731331825,0.002496476285159588,6,0.0007084459066390991,0.000986567698419094,0.004294027108699083,0.007088378071784973,0.0024328657891601324,0.0041901362128555775,0.003322094678878784,0.00270246434956789,0.000619630329310894,0.0011045591672882438,0.002719677984714508,0.0,-0.0010495949536561966,0.0003044130280613899,0.0018992219120264053,0.002496476285159588,0.0011808490380644798,-0.00043251924216747284,-0.0026064757257699966,-0.003511054441332817,0.0,4.846043884754181e-05,-0.0010043494403362274,-0.0003587454557418823,0.0002609863877296448,-0.00011709332466125488,0.000986567698419094,0.00027812179177999496,-0.00046043284237384796
30101,0.1,0,2,0.00034540885826572776,4,2.347759436815977e-05,7.448284304700792e-05,4,3.229625872336328e-05,6.852400838397443e-05,8.865348354447633e-05,0.00012462784070521593,0.00010642900451784953,0.000141891636303626,0.00012799474643543363,0.00012799474643543363,0.0,2.569664502516389e-05,5.3325136832427233e-05,0.0,-1.3465905794873834e-05,-2.1092535462230444e-05,5.100524867884815e-05,7.448284304700792e-05,1.5611149137839675e-05,2.3595552193000913e-05,-8.567821350879967e-05,-0.00015204696683213115,0.0,-1.1320895282551646e-05,-3.45587613992393e-06,3.622774966061115e-05,6.852400838397443e-05,1.3108568964526057e-05,3.813387593254447e-06,-5.1121809519827366e-05,-9.39000747166574e-05
30236,0.1,0,2,0.0023905052803456783,4,0.0,0.0005087701138108969,5,9.872950613498688e-06,0.00022586341947317123,0.0010486466344445944,0.0012801213888451457,0.0006478438735939562,0.0008715859730727971,0.0006844076560810208,0.0006767913000658154,7.616356015205383e-06,9.017877891892567e-05,0.0002329018316231668,0.0,-0.00036277342587709427,0.0005087701138108969,0.0005087701138108969,0.0005087701138108969,0.000365641200914979,-0.0008600500877946615,-0.0008600500877946615,-0.0008600500877946615,0.0,-0.00021558720618486404,0.00021599046885967255,0.00021599046885967255,0.00021599046885967255,0.00022586341947317123,-0.00031022634357213974,-0.00031022634357213974,-0.00031022634357213974
30500,0.1,0,2,0.00018880968855228275,4,1.3349505024962127e-05,5.053647328168154e-05,4,7.747221388854086e-06,1.5136829460971057e-05,7.373170228675008e-05,8.822594827506691e-05,2.6161887944908813e-05,3.9260892663151026e-05,6.162146746646613e-05,6.162146746646613e-05,0.0,4.827477368962718e-06,1.2903000424557831e-05,0.0,-1.477905607316643e-05,2.6221430744044483e-05,3.718696825671941e-05,5.053647328168154e-05,1.6328718629665673e-05,-3.8854137528687716e-05,-6.0306701925583184e-05,-9.022031736094505e-05,0.0,-5.00582973472774e-06,1.1918018572032452e-07,7.389608072116971e-06,1.5136829460971057e-05,5.363413947634399e-06,-2.979664714075625e-06,-1.2276170309633017e-05,-2.4909721105359495e-05
31073,0.1,3,2,0.0008799732895568013,4,1.095811603590846e-05,5.193083779886365e-05,4,2.8230599127709866e-05,0.00011494237696751952,0.00019694818183779716,0.0002778556081466377,0.00032116935472004116,0.00035169385955668986,0.0001584214041940868,0.0001584214041940868,0.0,3.7152338336454704e-05,9.950291132554412e-05,0.0,-3.26341250911355e-05,-1.7865677364170551e-06,4.097272176295519e-05,5.193083779886365e-05,3.6803947295993567e-05,-3.930472303181887e-06,-5.514384247362614e-05,-7.026916136965156e-05,0.0,-7.932045264169574e-05,-3.680260851979256e-05,8.004135452210903e-05,0.00011494237696751952,8.671177783980966e-05,4.168739542365074e-05,-0.0001081409864127636,-0.00016149261500686407
31159,0.1,0,0,0.12212974578142166,4,0.0036347731947898865,0.013686075806617737,4,0.0045337975025177,0.014223039150238037,0.034033797681331635,0.05136606842279434,0.018742788583040237,0.02745017036795616,0.026317477226257324,0.026317477226257324,0.0,0.004906235728412867,0.01108604483306408,0.0,-0.004802502691745758,0.001664869487285614,0.01005130261182785,0.013686075806617737,0.005437672138214111,-0.0023158788681030273,-0.014051146805286407,-0.01971162110567093,0.0,-0.007012911140918732,0.0053496286273002625,0.009689241647720337,0.014223039150238037,0.007496565580368042,-0.0071105435490608215,-0.013969697058200836,-0.021312899887561798
31677,0.1,3,6,0.012694739736616611,4,0.00010810419917106628,0.0027006305754184723,4,0.0003727218136191368,0.0019450914114713669,0.0061552925035357475,0.006810077000409365,0.004121392033994198,0.005454637110233307,0.004176899790763855,0.004176899790763855,0.0,0.0003886568592861295,0.0011070520849898458,0.0,-0.0009867092594504356,0.002592526376247406,0.0021417075768113136,0.0027006305754184723,0.0011028032749891281,-0.004368267022073269,-0.0031068315729498863,-0.0040555475279688835,0.0,-0.000748208723962307,0.0011520590633153915,0.00157236959785223,0.0019450914114713669,0.0008901329711079597,-0.0019301539286971092,-0.001825828105211258,-0.0022286223247647285
32337,0.1,0,4,0.0011743560899049044,4,0.00011983484728261828,0.00048639753367751837,4,9.230105206370354e-05,0.00028687925077974796,0.00042373413452878594,0.0005540226120501757,0.0004010333796031773,0.0005610217340290546,0.0006528322701342404,0.0006528322701342404,0.0,4.125393752474338e-05,0.00012611917918547988,0.0,-0.000110847526229918,7.275398820638657e-05,0.0003665626863949001,0.00048639753367751837,0.00012181536294519901,-0.00010001333430409431,-0.0006487177452072501,-0.0009591199923306704,0.0,-7.56062800064683e-05,-5.0246017053723335e-05,0.00019457819871604443,0.00028687925077974796,8.513813372701406e-05,5.382078234106302e-05,-0.00029143947176635265,-0.00045236130245029926
32725,0.1,3,6,0.024368520826101303,6,0.0004520118236541748,0.0015895292162895203,1,0.00034764595329761505,0.0025893431156873703,0.006630905903875828,0.008741466328501701,0.004794448614120483,0.007240880746394396,0.0039830077439546585,0.003645502030849457,0.0003375057131052017,0.0007729339995421469,0.0026642188895493746,0.0,0.0008879490196704865,-0.0014923345297574997,-0.0007372032850980759,-0.0010340716689825058,-0.0011852607131004333,0.0015895292162895203,0.0008308924734592438,0.0011375173926353455,0.0,0.0025893431156873703,-0.0020892489701509476,-0.001754486933350563,-0.0020895972847938538,-0.0037086457014083862,0.0022416971623897552,0.0019236616790294647,0.002235749736428261
33202,0.1,2,6,8.632805824279785,8,0.0974569320678711,0.35445690155029297,6,0.09429359436035156,0.46780872344970703,0.7554233074188232,0.8818026185035706,0.543572723865509,0.701324462890625,0.8222231864929199,0.7278656959533691,0.09435749053955078,0.12679529190063477,0.3720611333847046,0.0,0.06825923919677734,0.007358551025390625,-0.21548080444335938,-0.30530834197998047,-0.08322906494140625,0.013474464416503906,0.2569999694824219,0.35445690155029297,0.0,0.1155862808227539,-0.37783241271972656,-0.25400733947753906,-0.3591432571411133,-0.1412677764892578,0.46780872344970703,0.28363990783691406,0.37351512908935547
33345,0.1,3,6,5.676481246948242,8,0.012204647064208984,0.09098291397094727,6,0.05174970626831055,0.1438121795654297,0.3596387505531311,0.5176985859870911,0.2631818354129791,0.3309289813041687,0.23505020141601562,0.17192411422729492,0.0631260871887207,0.12301158905029297,0.2828361392021179,0.0,0.0458831787109375,-0.012437820434570312,-0.06189393997192383,-0.0709071159362793,-0.053447723388671875,0.021758556365966797,0.07877826690673828,0.09098291397094727,0.0,0.06545543670654297,-0.11446523666381836,-0.07227563858032227,-0.06171417236328125,-0.07346534729003906,0.1438121795654297,0.09206247329711914,0.08096933364868164
33825,0.1,3,0,0.28791186213493347,5,0.028022900223731995,0.06528590619564056,5,0.036259725689888,0.06216873228549957,0.11105338484048843,0.13549111783504486,0.0655364841222763,0.08302773535251617,0.11417831480503082,0.11417831480503082,0.0,0.017252644523978233,0.043024901300668716,0.0,-0.06404870748519897,0.03387191891670227,0.030045688152313232,0.03726300597190857,0.06528590619564056,-0.04491451382637024,-0.03969129920005798,-0.05029734969139099,0.0,-0.05986294150352478,0.025909006595611572,0.01675546169281006,0.023929893970489502,0.06216873228549957,-0.033023446798324585,-0.02103191614151001,-0.0305844247341156
34598,0.1,0,2,0.00262214383110404,4,0.00030065199825912714,0.0008125161984935403,4,0.00019184057600796223,0.001026489888317883,0.0008323505753651261,0.0009256380726583302,0.0008810976287350059,0.0011152524966746569,0.001517326571047306,0.001517326571047306,0.0,3.945294884033501e-05,0.0001376141153741628,0.0,-0.0001279250718653202,-2.0331237465143204e-05,0.0005118642002344131,0.0008125161984935403,0.00014577852562069893,2.1520769223570824e-05,-0.0008414373733103275,-0.0015542036853730679,0.0,-0.0002910178154706955,-0.00018451130017638206,0.0008346493123099208,0.001026489888317883,0.0003189330454915762,0.0002104700542986393,-0.0013263686560094357,-0.0015549156814813614
35235,0.1,0,2,0.00010513706365600228,4,1.1681622709147632e-05,3.540205943863839e-05,7,2.383945684414357e-06,3.814304363913834e-06,3.145057780784555e-05,4.0325074223801494e-05,1.9351795344846323e-05,2.7248752303421497e-05,3.671327431220561e-05,2.9799630283378065e-05,6.913644028827548e-06,6.329612915578764e-06,1.7474903870606795e-05,0.0,-6.317408406175673e-06,-7.747759809717536e-06,2.3720436729490757e-05,3.540205943863839e-05,6.913433026056737e-06,8.463000995106995e-06,-4.112203896511346e-05,-7.294575334526598e-05,0.0,8.343777153640985e-07,1.4303586794994771e-06,-7.2709808591753244e-06,-1.1085241567343473e-05,-1.4303659554570913e-06,-2.5031331460922956e-06,3.814304363913834e-06,1.1919473763555288e-07
35633,0.1,2,0,0.16944974660873413,2,0.01004926860332489,0.01398603618144989,4,0.00381644070148468,0.019763663411140442,0.03514965623617172,0.058569591492414474,0.022561093792319298,0.034411825239658356,0.032233744859695435,0.023240983486175537,0.008992761373519897,0.008631616830825806,0.01922556571662426,0.0,-0.002089962363243103,0.01398603618144989,0.0027613192796707153,0.003936767578125,0.0022973567247390747,-0.019035205245018005,-0.004047408699989319,-0.005619645118713379,0.0,-0.012755215167999268,0.004907578229904175,0.01594722270965576,0.019763663411140442,0.014131873846054077,-0.008407950401306152,-0.021221980452537537,-0.026708558201789856
36521,0.1,0,0,3.7449519634246826,2,0.014889001846313477,0.04677295684814453,6,0.10119390487670898,0.14466357231140137,0.38777977228164673,0.49316108226776123,0.2080978900194168,0.31163206696510315,0.18842864036560059,0.0903472900390625,0.09808135032653809,0.07635778188705444,0.25537344813346863,0.0,-0.00685572624206543,0.04677295684814453,0.015540122985839844,0.031883955001831055,0.008549213409423828,-0.05486321449279785,-0.017551898956298828,-0.034581661224365234,0.0,0.011321544647216797,-0.11618304252624512,-0.004390239715576172,-0.022049427032470703,-0.011284828186035156,0.14466357231140137,0.016271114349365234,0.04346966743469238
37297,0.1,1,6,0.0008973624208010733,4,1.631752820685506e-05,3.751798067241907e-05,6,6.872630910947919e-05,9.647756814956665e-05,0.0002011495380429551,0.0002600878942757845,0.0001944440882652998,0.0002928322646766901,0.00013030646368861198,9.77878225967288e-05,3.251864109188318e-05,6.223338277777657e-05,0.00018962525064125657,0.0,-7.979804649949074e-06,-6.9079105742275715e-06,2.1200452465564013e-05,3.751798067241907e-05,9.170908015221357e-06,8.337083272635937e-07,-3.227620618417859e-05,-5.335640162229538e-05,0.0,9.528244845569134e-06,-0.00011599896242842078,-4.5019667595624924e-05,-1.1195545084774494e-05,-1.5959551092237234e-05,9.647756814956665e-05,2.775125904008746e-05,-1.5483179595321417e-05
37477,0.1,0,4,0.8030327558517456,4,0.014344513416290283,0.053520798683166504,4,0.041667282581329346,0.15825140476226807,0.35493651032447815,0.44375380873680115,0.22120587527751923,0.37968578934669495,0.2119131088256836,0.2119131088256836,0.0,0.05323289707303047,0.12772837281227112,0.0,-0.009840309619903564,-0.008148372173309326,0.03917628526687622,0.053520798683166504,0.0111006498336792,0.009084045886993408,-0.056786417961120605,-0.07199215888977051,0.0,-0.04880744218826294,0.009039759635925293,0.11658412218093872,0.15825140476226807,0.06038951873779297,-0.00925910472869873,-0.12425011396408081,-0.15431833267211914
37752,0.1,0,8,0.0037137367762625217,4,0.00034191482700407505,0.0015135288704186678,4,0.00026133935898542404,0.0007813195697963238,0.0015573084820061922,0.0018143979832530022,0.0010606639552861452,0.0013280716957524419,0.001983600202947855,0.001983600202947855,0.0,0.00014805096725467592,0.00039434750215150416,0.0,-0.00033546146005392075,-0.0002827448770403862,0.0011716140434145927,0.0015135288704186678,0.0003689597360789776,0.0003076549619436264,-0.0021165688522160053,-0.0029101944528520107,0.0,-0.00018858467228710651,-0.0002706339582800865,0.0005199802108108997,0.0007813195697963238,0.00020632031373679638,0.0002865081187337637,-0.0007772678509354591,-0.0011755810119211674
38211,0.1,0,1,0.3793213367462158,3,0.0041651129722595215,0.03054305911064148,8,0.02778083086013794,0.07079505920410156,0.11942317336797714,0.17137473821640015,0.08931945264339447,0.12000991404056549,0.09648466110229492,0.06567928194999695,0.030805379152297974,0.0351516492664814,0.07741688936948776,0.0,-0.007193624973297119,0.026377946138381958,0.03054305911064148,0.008460521697998047,0.00878247618675232,-0.03367307782173157,-0.03786742687225342,-0.00763276219367981,0.0,0.019803225994110107,-0.017665773630142212,-0.04328534007072449,-0.08032703399658203,-0.026070982217788696,0.019668012857437134,0.04301422834396362,0.07079505920410156
39142,0.1,2,10,0.0007999319350346923,6,4.812382394447923e-05,6.217940244823694e-05,4,5.301443161442876e-05,0.0001909579150378704,9.65653161983937e-05,0.0001724323519738391,0.00016670915647409856,0.0002523033181205392,0.0002363500534556806,0.00019488943507894874,4.146061837673187e-05,7.381775503745303e-05,0.00014075424405746162,0.0,-4.168949089944363e-06,-0.00010564847616478801,1.4055578503757715e-05,1.226883614435792e-05,4.28810017183423e-06,6.217940244823694e-05,-2.787227276712656e-05,-3.811571514233947e-05,0.0,-7.992226164788008e-05,-6.300932727754116e-05,0.00013794348342344165,0.0001909579150378704,8.65996116772294e-05,3.8474565371870995e-05,-0.00020187778864055872,-0.0002795214531943202
41302,0.1,0,0,0.04115298017859459,4,0.00039098039269447327,0.0021224841475486755,7,0.000458497554063797,0.004665471613407135,0.009297247044742107,0.01331460289657116,0.0075743249617516994,0.010740650817751884,0.00704464316368103,0.0012410134077072144,0.005803629755973816,0.0010739036370068789,0.0034755636006593704,0.0,-0.0005057603120803833,0.0017315037548542023,0.0014876611530780792,0.0021224841475486755,0.0005392134189605713,-0.0024436339735984802,-0.0034539178013801575,-0.004565797746181488,0.0,0.0010862760245800018,-0.0028520002961158752,-0.00574764609336853,-0.006867885589599609,-0.0014429539442062378,0.003139454871416092,0.004665471613407135,0.004206974059343338
41789,0.1,0,0,0.006592074874788523,2,0.00034149689599871635,0.00038969749584794044,2,8.124671876430511e-05,0.0001223413273692131,0.0014021102106198668,0.002190642524510622,0.001040841219946742,0.001684589427895844,0.0005052145570516586,0.0005052145570516586,0.0,0.0005131966900080442,0.0008455890347249806,0.0,-3.232993185520172e-05,0.00038969749584794044,2.0961277186870575e-05,4.820059984922409e-05,3.173854202032089e-05,-0.0005214125849306583,-9.33157280087471e-05,-0.0002011856995522976,0.0,-2.877740189433098e-05,0.0001223413273692131,4.109460860490799e-05,3.493623808026314e-05,2.913316711783409e-05,-0.00016152020543813705,-7.081637158989906e-05,-0.00010042032226920128
42197,0.1,2,0,0.0016747985500842333,2,0.00014345208182930946,0.0003872138913720846,4,1.3570650480687618e-05,0.0002634034026414156,0.00021929996728431433,0.0004347719077486545,0.00024305618717335165,0.00036942711449228227,0.0005941543495282531,0.0005784358363598585,1.5718513168394566e-05,0.00010758582357084379,0.0002523314324207604,0.0,-5.629006773233414e-05,0.0003872138913720846,0.0001231827773153782,0.00024376180954277515,6.272015161812305e-05,-0.0005871409084647894,-0.00019158748909831047,-0.00040681171230971813,0.0,-9.84162325039506e-05,0.000249832752160728,0.00016055710148066282,0.0002634034026414156,0.00010878092143684626,-0.00032686651684343815,-0.0002195490524172783,-0.0003633899614214897
42386,0.1,0,0,4.593730926513672,8,0.0,0.11708927154541016,8,4.76837158203125e-07,0.03399229049682617,0.5798664093017578,0.720988392829895,0.26022017002105713,0.3399477005004883,0.15102386474609375,0.15102386474609375,0.0,0.09863424301147461,0.2534460127353668,0.0,0.061480045318603516,-0.0995326042175293,-0.0995330810546875,-0.0995330810546875,-0.07563924789428711,0.11708927154541016,0.11708927154541016,0.11708927154541016,0.0,0.022983074188232422,-0.024281024932861328,-0.024281024932861328,-0.02428150177001953,-0.024593353271484375,0.03399181365966797,0.03399181365966797,0.03399229049682617
42477,0.1,0,1,0.3431450426578522,4,0.006055057048797607,0.04194006323814392,8,0.0035009384155273438,0.007266998291015625,0.09250519424676895,0.14387759566307068,0.06479696929454803,0.09083902835845947,0.046643584966659546,0.037560880184173584,0.009082704782485962,0.04297751188278198,0.09191098809242249,0.0,-0.005493611097335815,0.005983680486679077,0.035885006189346313,0.04194006323814392,0.007900923490524292,-0.007402747869491577,-0.03138270974159241,-0.031823933124542236,0.0,0.0014150738716125488,0.0037660598754882812,-0.004299581050872803,-0.010294556617736816,-0.0016851723194122314,-0.004637002944946289,0.003102421760559082,0.007266998291015625
43364,0.1,2,2,7.497983460780233e-05,4,1.3112075976096094e-06,7.032846042420715e-06,2,1.4304168871603906e-06,9.893679816741496e-06,1.575842543388717e-05,2.1623178326990455e-05,1.8994771380675957e-05,2.61230998148676e-05,1.633058491279371e-05,1.5019359125290066e-05,1.3112257875036448e-06,3.850287612294778e-06,9.846230568655301e-06,0.0,-2.3840038920752704e-06,5.721638444811106e-06,4.768029612023383e-06,7.032846042420715e-06,2.5032131816260517e-06,-9.05918568605557e-06,-7.98638939158991e-06,-1.2515956768766046e-05,0.0,-3.5760022001340985e-06,9.893679816741496e-06,7.390452083200216e-06,8.463262929581106e-06,4.052824806421995e-06,-1.823748607421294e-05,-1.1681564501486719e-05,-1.4065539289731532e-05
43614,0.1,1,2,0.0005479741375893354,4,3.6937708500772715e-06,9.07918147277087e-05,3,3.6935671232640743e-06,3.2407697290182114e-05,0.00018272442684974521,0.00022229978640098125,0.0001376392028760165,0.0002045196306426078,0.00011760203051380813,0.0001143847475759685,3.2172829378396273e-06,2.8744712835759856e-05,7.694807572988793e-05,0.0,-4.026986425742507e-05,8.709804387763143e-05,7.244216976687312e-05,9.07918147277087e-05,4.444166552275419e-05,-0.0001401035115122795,-0.00010901084169745445,-0.00014129478950053453,0.0,-2.1803134586662054e-05,-6.552902050316334e-06,3.2407697290182114e-05,2.871413016691804e-05,2.1565298084169626e-05,-1.2271746527403593e-05,-5.266023799777031e-05,-5.1707145757973194e-05
43791,0.1,0,2,0.0002755738969426602,4,2.7173373382538557e-05,5.553776281885803e-05,4,1.7876940546557307e-05,3.6111101508140564e-05,9.253883763449267e-05,9.753875201568007e-05,6.858845881652087e-05,8.910623728297651e-05,8.426129352301359e-05,8.426129352301359e-05,0.0,6.126482730905991e-06,1.6049441910581663e-05,0.0,-1.2751814210787416e-05,-1.632704515941441e-05,2.836438943631947e-05,5.553776281885803e-05,1.3943732483312488e-05,1.3228680472820997e-05,-4.7073583118617535e-05,-0.00010057986946776509,0.0,-1.1083349818363786e-05,3.8136495277285576e-06,1.8234160961583257e-05,3.6111101508140564e-05,1.2632779544219375e-05,-5.362933734431863e-06,-2.5026733055710793e-05,-5.338963819667697e-05
45679,0.1,1,0,0.042251672595739365,4,0.0019487589597702026,0.009032819420099258,2,0.0008976869285106659,0.001000426709651947,0.009138288907706738,0.01300540566444397,0.004572073929011822,0.008309412747621536,0.010054219514131546,0.008743535727262497,0.001310683786869049,0.0019540172070264816,0.005162335466593504,0.0,-0.0024395883083343506,-0.004515063017606735,0.007084060460329056,0.009032819420099258,0.0027051717042922974,0.004354406148195267,-0.011318422853946686,-0.014837212860584259,0.0,-0.00025903433561325073,0.001000426709651947,-0.0001630634069442749,0.00010273978114128113,8.102506399154663e-05,-0.0021176040172576904,-0.0008707605302333832,-0.0014408007264137268
45921,0.1,0,0,0.022321177646517754,4,0.0009340140968561172,0.0030826348811388016,6,8.394010365009308e-05,8.801929652690887e-05,0.0043121809139847755,0.005988474935293198,0.0030320207588374615,0.0043461937457323074,0.0032295193523168564,0.002946527674794197,0.0002829916775226593,0.0010875191073864698,0.002610565163195133,0.0,-0.0007927659898996353,-0.00020072795450687408,0.0021486207842826843,0.0030826348811388016,0.0009143874049186707,0.00016940198838710785,-0.0030608437955379486,-0.0045563094317913055,0.0,4.079192876815796e-06,-9.325891733169556e-05,-2.14502215385437e-05,-0.00016925670206546783,-1.8769875168800354e-05,8.801929652690887e-05,-3.8586556911468506e-05,-1.9002705812454224e-05
45949,0.1,0,0,0.22455647587776184,4,8.940696716308594e-08,0.027668699622154236,5,0.0005547404289245605,0.025869756937026978,0.07127723097801208,0.08973035216331482,0.04961376264691353,0.06362100690603256,0.05057106912136078,0.05008023977279663,0.000490829348564148,0.01047724299132824,0.02480456791818142,0.0,-0.016836702823638916,0.027668610215187073,0.027668610215187073,0.027668699622154236,0.018939852714538574,-0.03803029656410217,-0.03803017735481262,-0.038030385971069336,0.0,-0.023932620882987976,0.02531491219997406,0.02531491219997406,0.025315016508102417,0.025869756937026978,-0.03462955355644226,-0.03462943434715271,-0.03462943434715271
46026,0.1,3,10,0.0005920564290136099,4,3.6933342926204205e-06,1.8824066501110792e-05,4,5.361449439078569e-06,5.063519347459078e-05,7.773592369630933e-05,0.00015423103468492627,0.00011352820001775399,0.00015327773871831596,6.73156464472413e-05,6.73156464472413e-05,0.0,5.442496694740839e-05,0.0001083470051526092,0.0,-1.4773104339838028e-05,4.169822204858065e-06,1.5130732208490372e-05,1.8824066501110792e-05,1.4415883924812078e-05,-1.7632381059229374e-05,-2.430402673780918e-05,-3.0499068088829517e-05,0.0,-4.443776560947299e-05,2.358970232307911e-05,2.704485086724162e-05,5.063519347459078e-05,4.527374403551221e-05,-3.597926115617156e-05,-3.8361933548003435e-05,-7.243372965604067e-05
46393,0.1,0,0,0.016445914283394814,3,0.00011181458830833435,0.0006030406802892685,4,0.0005123652517795563,0.0035355612635612488,0.0031448781955987215,0.004451317712664604,0.0023102890700101852,0.0035903495736420155,0.0037895478308200836,0.0034477757290005684,0.00034177210181951523,0.0006814156076870859,0.0018440973944962025,0.0,-0.00037986598908901215,-0.00016556493937969208,0.0006030406802892685,0.0004912260919809341,0.0004256442189216614,0.00015573948621749878,-0.0019466932862997055,-0.001985197886824608,0.0,-0.001044049859046936,2.9318034648895264e-06,0.0030231960117816925,0.0035355612635612488,0.0011964645236730576,-4.162825644016266e-05,-0.0039367955178022385,-0.00433945469558239
46974,0.1,1,6,0.014266167767345905,4,0.001080213114619255,0.001158132217824459,4,0.0007036421447992325,0.0022557666525244713,0.005856305826455355,0.006682165898382664,0.004006802104413509,0.00504653574898839,0.0030895695090293884,0.0030895695090293884,0.0,0.0005035256035625935,0.0012956454884260893,0.0,-0.00014548003673553467,-0.00028459448367357254,-0.00047655031085014343,0.001158132217824459,7.791910320520401e-05,-0.00023360364139080048,-0.0003831610083580017,-0.0029823360964655876,0.0,-0.00039220694452524185,-0.0016907500103116035,0.0010788347572088242,0.0022557666525244713,0.0004626689478754997,0.0015521245077252388,-0.0014240415766835213,-0.003147064708173275
46979,0.1,0,11,0.5671023726463318,8,0.020349174737930298,0.12787166237831116,8,0.00338900089263916,0.03290659189224243,0.10385870933532715,0.13819698989391327,0.08948078006505966,0.1252930909395218,0.1463051736354828,0.1463051736354828,0.0,0.04001518338918686,0.08397537469863892,0.0,0.02628403902053833,0.023573338985443115,-0.14894050359725952,-0.22199958562850952,-0.03421968221664429,-0.030590713024139404,0.10752248764038086,0.12787166237831116,0.0,0.00841754674911499,0.020744740962982178,-0.03135275840759277,-0.04337036609649658,-0.010563075542449951,-0.026749908924102783,0.02951759099960327,0.03290659189224243
47059,0.1,1,2,0.35123568773269653,6,0.016664177179336548,0.03410252928733826,8,0.007442981004714966,0.07815185189247131,0.23654404282569885,0.2514846920967102,0.06528110057115555,0.08632691204547882,0.10393922030925751,0.05903187394142151,0.044907346367836,0.007686118595302105,0.015050175599753857,0.0,-0.0031237900257110596,-0.030936866998672485,0.0149594247341156,0.01743835210800171,0.0038836300373077393,0.03410252928733826,-0.01836264133453369,-0.020676106214523315,0.0,0.02480962872505188,-0.007310152053833008,-0.07640132308006287,-0.08933702111244202,-0.03327193856239319,0.009113878011703491,0.07070887088775635,0.07815185189247131
47224,0.1,0,2,0.0007440659101121128,1,4.764879122376442e-07,4.764879122376442e-07,8,0.0,3.633246524259448e-05,0.0002571139484643936,0.0003214569587726146,0.0002028896997217089,0.0002516502281650901,3.633246524259448e-05,3.4902943298220634e-05,1.429521944373846e-06,4.158808587817475e-05,9.735898493090644e-05,0.0,4.764879122376442e-07,-2.263288479298353e-06,-2.263288479298353e-06,-2.263288479298353e-06,-1.548556610941887e-06,-7.147318683564663e-07,-7.147318683564663e-07,-7.147318683564663e-07,0.0,2.8827576898038387e-05,-3.29958857037127e-05,-3.29958857037127e-05,-3.29958857037127e-05,-3.7879624869674444e-05,3.633246524259448e-05,3.633246524259448e-05,3.633246524259448e-05
49016,0.1,2,2,0.0004911408759653568,6,8.043111301958561e-05,9.437187691219151e-05,4,7.26888538338244e-06,9.973417036235332e-05,0.00020293446141295135,0.0002326331741642207,9.337126539321616e-05,0.0001348043733742088,0.00017826544353738427,8.650720701552927e-05,9.1758236521855e-05,1.2889334357168991e-05,2.9794706279062666e-05,0.0,8.102302672341466e-06,-0.0001220029080286622,-2.2280903067439795e-05,-1.608522143214941e-05,-1.2153293937444687e-05,9.437187691219151e-05,1.39407638926059e-05,2.263870555907488e-06,0.0,-6.0407561250030994e-05,9.246528497897089e-05,7.280378486029804e-05,9.973417036235332e-05,5.4810865549370646e-05,-0.0001546457060612738,-0.00013189116725698113,-0.00017942494014278054
49506,0.1,3,2,4.482168878894299e-05,4,1.0728472261689603e-06,1.3231725461082533e-05,4,3.3377509680576622e-06,1.3946959370514378e-05,7.468157946277643e-06,1.0436359843879472e-05,8.368153430637904e-06,1.1133709449495655e-05,2.288741961820051e-05,2.288741961820051e-05,0.0,1.1801337223005248e-06,4.792042091139592e-06,0.0,-2.9800939955748618e-06,1.2158878234913573e-05,1.0013183782575652e-05,1.3231725461082533e-05,3.3377182262483984e-06,-2.5986118998844177e-05,-1.728442293824628e-05,-2.6462927053216845e-05,0.0,-4.172128683421761e-06,-7.152229954954237e-07,1.0609208402456716e-05,1.3946959370514378e-05,4.648965841624886e-06,-2.264871000079438e-06,-1.6211604815907776e-05,-2.241008769487962e-05
49553,0.1,0,6,5.568780422210693,8,0.10002851486206055,0.21477556228637695,8,0.06579017639160156,0.3188762664794922,0.3166354298591614,0.4858682453632355,0.37044012546539307,0.6025604605674744,0.543668270111084,0.543668270111084,0.0,0.12488029152154922,0.2664511501789093,0.0,0.029001712799072266,-0.07785558700561523,-0.08586502075195312,-0.16261911392211914,-0.03454160690307617,0.09847021102905273,0.1147470474243164,0.21477556228637695,0.0,0.07898092269897461,0.056591033935546875,-0.22746992111206055,-0.3095550537109375,-0.0977635383605957,-0.06788969039916992,0.2530860900878906,0.3188762664794922
50880,0.1,0,4,0.01421798299998045,8,0.00024772435426712036,0.0033616097643971443,7,0.00010342523455619812,0.0012078424915671349,0.00602213479578495,0.007513048592954874,0.003909424878656864,0.00633646547794342,0.00397239625453949,0.003764040768146515,0.00020835548639297485,0.0011727095115929842,0.002604506677016616,0.0,0.0007192855700850487,0.0017639808356761932,-0.004336473532021046,-0.005794038064777851,-0.0009815683588385582,-0.002489750273525715,0.003113885410130024,0.0033616097643971443,0.0,0.0004060184583067894,0.0009375950321555138,-0.0015522586181759834,-0.002026802860200405,-0.0005860496312379837,-0.001427982933819294,0.0012078424915671349,0.0011044172570109367
51075,0.1,3,0,0.06145789846777916,6,0.0036027170717716217,0.016357693821191788,6,0.0021912753582000732,0.009463239461183548,0.027829652652144432,0.032745759934186935,0.012654593214392662,0.02166283130645752,0.022315628826618195,0.022315628826618195,0.0,0.0023143403232097626,0.006597010884433985,0.0,0.005020245909690857,-0.032149191945791245,-0.018740538507699966,-0.02373986318707466,-0.007536944001913071,0.016357693821191788,0.011182285845279694,0.012754976749420166,0.0,0.004164900630712509,-0.0181562639772892,-0.01386934146285057,-0.016385052353143692,-0.007093798369169235,0.009463239461183548,0.006924338638782501,0.007271964102983475
51102,0.1,0,2,0.0003325386205688119,4,2.9198155971243978e-05,6.840573041699827e-05,4,1.3824523193761706e-05,6.590300472453237e-05,8.981661085272208e-05,0.0001349568337900564,0.00011213336983928457,0.0001476978650316596,0.00012227553816046566,0.00012227553816046566,0.0,3.322981501696631e-05,7.628557796124369e-05,0.0,-7.745984476059675e-06,4.766799975186586e-06,3.920757444575429e-05,6.840573041699827e-05,9.056937415152788e-06,-6.6734792198985815e-06,-6.423037848435342e-05,-0.0001329844817519188,0.0,-1.3704411685466766e-05,7.746071787551045e-06,5.207848153077066e-05,6.590300472453237e-05,1.573050394654274e-05,-1.036771573126316e-05,-7.757643470540643e-05,-9.116061846725643e-05
51255,0.1,3,2,0.000780754373408854,2,0.00012332561891525984,0.0003885135520249605,4,4.467042163014412e-05,6.301444955170155e-05,0.00029861036455258727,0.0003535280702635646,0.0002024443820118904,0.0003536829608492553,0.00042021129047498107,0.00034442436299286783,7.578692748211324e-05,6.506188219645992e-05,0.0002132324589183554,0.0,-7.777992868795991e-05,0.0003885135520249605,0.00018286012345924973,0.0002651879331097007,8.445698767900467e-05,-0.0008965433808043599,-0.0003040576120838523,-0.0005163548048585653,0.0,-1.3340963050723076e-05,-7.83754512667656e-05,1.8344027921557426e-05,6.301444955170155e-05,1.4770484995096922e-05,1.1554337106645107e-05,-3.0255119781941175e-05,-9.636045433580875e-05
52029,0.1,0,0,1.625922441482544,8,0.009690999984741211,0.04326748847961426,8,0.01631748676300049,0.04345142841339111,0.2995572090148926,0.3955515921115875,0.21405136585235596,0.30152812600135803,0.0854421854019165,0.0854421854019165,0.0,0.039635952562093735,0.1358853131532669,0.0,0.01497960090637207,-0.012284517288208008,-0.028471946716308594,-0.036638617515563965,-0.018396496772766113,0.012897491455078125,0.03357648849487305,0.04326748847961426,0.0,0.019597291946411133,0.014646053314208984,-0.024314045906066895,-0.037873029708862305,-0.02571892738342285,-0.017661571502685547,0.027133941650390625,0.04345142841339111
52439,0.1,1,0,0.015678472816944122,6,0.00013299193233251572,0.00028392113745212555,2,0.0006197793409228325,0.0020621707662940025,0.0029784790240228176,0.004422478843480349,0.002101826248690486,0.002988310530781746,0.002321152947843075,0.0017464729025959969,0.0005746800452470779,0.0008718406897969544,0.0018300025258213282,0.0,6.877165287733078e-05,-0.0003518853336572647,-0.0003358144313097,-0.00045312196016311646,-0.00011054240167140961,0.00028392113745212555,0.00015092920511960983,0.0001295674592256546,0.0,-0.0005676019936800003,0.0020621707662940025,0.0010527567937970161,0.00144239142537117,0.0006444845348596573,-0.00301358662545681,-0.0014405492693185806,-0.002001594752073288
52511,0.1,2,9,0.012588798999786377,6,0.0013367505744099617,0.0023902934044599533,4,0.0006199050694704056,0.0014540497213602066,0.004403966013342142,0.005821990314871073,0.002949213143438101,0.004637457430362701,0.0036111557856202126,0.002427581697702408,0.0011835740879178047,0.0009979791939258575,0.0028252587653696537,0.0,-0.00033496879041194916,-0.0030441395938396454,0.0008633630350232124,0.0010535428300499916,0.0003689965233206749,0.0023902934044599533,-0.0013688290491700172,-0.0019428124651312828,0.0,-0.0004138108342885971,-0.000738995149731636,0.000834144651889801,0.0014540497213602066,0.0004560258239507675,-5.932804197072983e-05,-0.0012022368609905243,-0.0021301908418536186
53392,0.1,1,10,0.056507956236600876,8,0.0002718232572078705,0.0017100609838962555,6,0.004306972026824951,0.005242485553026199,0.02049173042178154,0.024434125050902367,0.017284352332353592,0.022427290678024292,0.006053473800420761,0.0058764442801475525,0.00017702952027320862,0.002958633005619049,0.007349478080868721,0.0,0.00037703290581703186,-0.001397017389535904,-0.0010873638093471527,-0.0013749673962593079,-0.0005101040005683899,0.0013605058193206787,0.001438237726688385,0.0017100609838962555,0.0,0.0008658282458782196,-0.004325553774833679,-0.001567445695400238,-0.002261001616716385,-0.001079712063074112,0.005242485553026199,0.0009355135262012482,0.0006006583571434021
53728,0.1,0,0,0.1110408753156662,4,0.002325579524040222,0.0153217613697052,4,0.0017286688089370728,0.01023680716753006,0.029350662603974342,0.04576634243130684,0.013224733993411064,0.021781234070658684,0.023852020502090454,0.023852020502090454,0.0,0.00585814518854022,0.012642024084925652,0.0,-0.005003057420253754,0.011680997908115387,0.012996181845664978,0.0153217613697052,0.006003625690937042,-0.014841258525848389,-0.016497761011123657,-0.019595682621002197,0.0,-0.004785321652889252,0.007512331008911133,0.008508138358592987,0.01023680716753006,0.00606168806552887,-0.009044326841831207,-0.01032884418964386,-0.012455061078071594
54086,0.1,0,8,0.0002851079625543207,6,8.342030923813581e-07,8.342030923813581e-07,4,2.300197957083583e-05,6.161551573313773e-05,6.955327989999205e-05,8.887296280590817e-05,7.645996083738282e-05,9.840787970460951e-05,6.280734669417143e-05,5.3511132136918604e-05,9.296214557252824e-06,1.603685086593032e-05,5.7545297750039026e-05,0.0,-2.3836037144064903e-07,-1.6684643924236298e-06,-1.5492842067033052e-06,-9.77233867160976e-06,-2.3836037144064903e-07,8.342030923813581e-07,-3.0985684134066105e-06,-5.362875526770949e-06,0.0,-1.3585900887846947e-05,-1.9902101485058665e-05,3.86135361623019e-05,6.161551573313773e-05,1.561208046041429e-05,2.2166845155879855e-05,-5.4580799769610167e-05,-8.92583339009434e-05
54194,0.1,0,8,6.615896563744172e-05,6,2.3840402718633413e-07,2.3840402718633413e-07,4,9.536161087453365e-07,4.172055923845619e-06,1.686118594079744e-05,2.027636037382763e-05,1.5621470083715394e-05,2.0771060007973574e-05,4.410459951031953e-06,3.2184398151002824e-06,1.1920201359316707e-06,4.744335456052795e-06,1.0466150342836045e-05,0.0,-2.3840402718633413e-07,-4.7680805437266827e-07,0.0,-1.1920128599740565e-06,-1.1920201359316707e-07,2.3840402718633413e-07,-1.0728108463808894e-06,-1.5496189007535577e-06,0.0,-1.0728108463808894e-06,-1.9072249415330589e-06,3.2184398151002824e-06,4.172055923845619e-06,1.1920128599740565e-06,1.7880229279398918e-06,-4.768044163938612e-06,-8.224866178352386e-06
54663,0.1,0,0,3.3807103633880615,4,0.0007269382476806641,0.03586697578430176,4,0.010592937469482422,0.05082583427429199,0.2650272250175476,0.3966342806816101,0.19388802349567413,0.2767888903617859,0.11033463478088379,0.11033463478088379,0.0,0.04470260068774223,0.13956885039806366,0.0,-0.010498046875,0.0251309871673584,0.035140037536621094,0.03586697578430176,0.012948989868164062,-0.029111862182617188,-0.04997754096984863,-0.06836605072021484,0.0,-0.016392946243286133,0.012748003005981445,0.04023289680480957,0.05082583427429199,0.01958298683166504,-0.015558242797851562,-0.04997420310974121,-0.06482958793640137
54703,0.1,2,11,0.08607874810695648,8,0.010559145361185074,0.03372370824217796,6,0.005354367196559906,0.02513856440782547,0.027562737464904785,0.04093809053301811,0.017780009657144547,0.02406415529549122,0.047691162675619125,0.04448495805263519,0.0032062046229839325,0.003360691713169217,0.009903902187943459,0.0,0.00884363055229187,-0.0384327694773674,-0.028652749955654144,-0.06008675694465637,-0.012625105679035187,0.022024206817150116,0.02316456288099289,0.03372370824217796,0.0,0.006146162748336792,-0.04405723512172699,-0.013265371322631836,-0.030091173946857452,-0.00881543755531311,0.02513856440782547,0.011424928903579712,0.019784197211265564
54721,0.1,2,11,0.13087190687656403,8,0.01760624349117279,0.052251219749450684,6,0.010550938546657562,0.04033331573009491,0.04753277450799942,0.06392247974872589,0.032614439725875854,0.04060623422265053,0.07624804973602295,0.06962770223617554,0.006620347499847412,0.0052146608941257,0.016826733946800232,0.0,0.012964367866516113,-0.05097770690917969,-0.04047076404094696,-0.08310635387897491,-0.01793798804283142,0.033399634063243866,0.03464497625827789,0.052251219749450684,0.0,0.006952829658985138,-0.056986406445503235,-0.012312397360801697,-0.03682839870452881,-0.009251207113265991,0.04033331573009491,0.01269211620092392,0.029782377183437347
55286,0.1,0,6,5.522061824798584,8,0.16738462448120117,0.42456531524658203,4,0.004375934600830078,0.04735898971557617,0.4229504466056824,0.5528161525726318,0.2923862934112549,0.5710670351982117,0.48316240310668945,0.3500223159790039,0.13314008712768555,0.10698544979095459,0.33923637866973877,0.0,0.05420398712158203,-0.17486572265625,-0.20170927047729492,-0.34540462493896484,-0.06475591659545898,0.21675777435302734,0.25718069076538086,0.42456531524658203,0.0,-0.008724212646484375,-0.03150033950805664,0.038342952728271484,0.04735898971557617,0.011310577392578125,0.042983055114746094,-0.05737733840942383,-0.07174301147460938
55482,0.1,0,0,1.50056791305542,4,0.0038352012634277344,0.057041168212890625,4,0.10836553573608398,0.13650500774383545,0.6009002923965454,0.6700398921966553,0.3888503909111023,0.4599640369415283,0.19161248207092285,0.19161248207092285,0.0,0.07445213943719864,0.15849977731704712,0.0,0.0020847320556640625,-0.044619202613830566,-0.019635796546936035,0.057041168212890625,-0.0026323795318603516,0.05320596694946289,0.022535324096679688,-0.06279516220092773,0.0,-0.01469123363494873,-0.015437841415405273,0.028139472007751465,0.13650500774383545,0.019062161445617676,0.0205538272857666,-0.02650141716003418,-0.12918996810913086
55567,0.1,0,0,0.008828180842101574,4,2.138875424861908e-05,4.041288048028946e-05,4,0.0001873476430773735,0.0010540839284658432,0.001901758136227727,0.002413915004581213,0.0016330747166648507,0.002456485293805599,0.0011773454025387764,0.0011773454025387764,0.0,0.00046651350567117333,0.0011275522410869598,0.0,-3.757420927286148e-05,-3.402959555387497e-05,-7.087364792823792e-07,4.041288048028946e-05,1.902412623167038e-05,-2.327747642993927e-05,-0.00013953819870948792,-0.00032878946512937546,0.0,-0.00048150960355997086,-0.0007827496156096458,0.0008667362853884697,0.0010540839284658432,0.0004885997623205185,0.000834096223115921,-0.001370915211737156,-0.0016797902062535286
56054,0.1,0,6,0.023890484124422073,4,0.0003483351320028305,0.004090329632163048,4,7.982738316059113e-05,0.005637744441628456,0.008333834819495678,0.01055957842618227,0.007826711982488632,0.011427869088947773,0.008837355300784111,0.008837355300784111,0.0,0.0010465860832482576,0.0026238441932946444,0.0,-0.0014177337288856506,0.0025636255741119385,0.0037419945001602173,0.004090329632163048,0.001581663265824318,-0.004004921764135361,-0.005931209772825241,-0.006587862968444824,0.0,-0.0027562733739614487,0.005557917058467865,0.004541207104921341,0.005637744441628456,0.0030005071312189102,-0.009553782641887665,-0.006379242986440659,-0.007838435471057892
56365,0.1,0,1,1.4626983404159546,4,0.16435354948043823,0.49729782342910767,4,0.14106059074401855,0.44757509231567383,0.378976047039032,0.5429432392120361,0.34013432264328003,0.6006451845169067,0.8627374768257141,0.8627374768257141,0.0,0.15455682575702667,0.403550386428833,0.0,-0.0521622896194458,0.043378353118896484,0.33294427394866943,0.49729782342910767,0.06312704086303711,-0.05470073223114014,-0.38787782192230225,-0.501984715461731,0.0,-0.06121039390563965,-0.036130309104919434,0.3065145015716553,0.44757509231567383,0.07491743564605713,0.0454103946685791,-0.3315242528915405,-0.3926687240600586
56420,0.1,2,1,0.0007566926069557667,4,6.433285307139158e-06,0.00013925990788266063,4,2.8589856810867786e-06,3.954832209274173e-05,0.0003237859928049147,0.0004344920162111521,0.00024522803141735494,0.0003593993023969233,0.00017047399887815118,0.00017047399887815118,0.0,5.456136932480149e-05,0.00013820127060171217,0.0,-7.15880305506289e-05,0.00013187353033572435,0.00013282662257552147,0.00013925990788266063,7.612002082169056e-05,-0.0002043875283561647,-0.0002083176514133811,-0.00022106070537120104,0.0,-3.561598714441061e-05,2.358586061745882e-05,3.668933641165495e-05,3.954832209274173e-05,3.394950181245804e-05,-4.157173680141568e-05,-5.9557787608355284e-05,-6.515602581202984e-05
57020,0.1,3,2,0.05596422404050827,6,0.005611814558506012,0.008426472544670105,4,0.0011121928691864014,0.013385768979787827,0.007419166155159473,0.010910493321716785,0.014744575135409832,0.018097801133990288,0.02052515372633934,0.011224627494812012,0.009300526231527328,0.0021716810297220945,0.0046707517467439175,0.0,0.0005506798624992371,-0.010974392294883728,-0.0008482038974761963,-0.0033737942576408386,-0.0007227323949337006,0.008426472544670105,0.0008782558143138885,0.002814657986164093,0.0,-0.0032869502902030945,0.012273576110601425,0.005090456455945969,0.013385768979787827,0.003867942839860916,-0.01219458132982254,-0.006335552781820297,-0.01600644737482071
57529,0.1,0,9,4.370781421661377,4,0.035399436950683594,0.13611125946044922,4,0.06258678436279297,0.2539539337158203,0.6134266257286072,0.8148884177207947,0.35370516777038574,0.5499417185783386,0.3915438652038574,0.3915438652038574,0.0,0.10899422317743301,0.3028026223182678,0.0,-0.03540372848510742,0.08590078353881836,0.10071182250976562,0.13611125946044922,0.04503917694091797,-0.10136270523071289,-0.10156440734863281,-0.12798023223876953,0.0,-0.09341621398925781,0.09086751937866211,0.19136714935302734,0.2539539337158203,0.13494539260864258,-0.10533761978149414,-0.17507600784301758,-0.21026134490966797
57820,0.1,3,2,0.00022957073815632612,4,1.1919473763555288e-07,4.3979103793390095e-05,4,4.409943358041346e-06,4.934253229293972e-05,7.375261338893324e-05,9.95695372694172e-05,6.0725153161911294e-05,8.477769733872265e-05,8.319244079757482e-05,8.176214760169387e-05,1.4302931958809495e-06,1.753946708049625e-05,4.235583037370816e-05,0.0,-1.454008452128619e-05,4.385990905575454e-05,4.242965951561928e-05,4.3979103793390095e-05,1.644724397920072e-05,-7.126825221348554e-05,-6.721635872963816e-05,-7.055320020299405e-05,0.0,-1.7877129721455276e-05,-4.4097250793129206e-06,4.4932588934898376e-05,4.934253229293972e-05,2.0022765966132283e-05,2.741187927313149e-06,-6.793138163629919e-05,-7.675022061448544e-05
58003,0.1,0,0,0.1291806846857071,4,0.013313531875610352,0.039153680205345154,4,0.004146471619606018,0.012168094515800476,0.03749246522784233,0.050947606563568115,0.024987924844026566,0.04245376959443092,0.04811938852071762,0.04811938852071762,0.0,0.009539107792079449,0.030403446406126022,0.0,-0.00874839723110199,0.008885227143764496,0.025840148329734802,0.039153680205345154,0.010031864047050476,-0.01165054738521576,-0.037068188190460205,-0.05951237678527832,0.0,-0.0034090280532836914,-0.00478854775428772,0.008021622896194458,0.012168094515800476,0.003978952765464783,0.00558055192232132,-0.010161638259887695,-0.014997869729995728
58100,0.1,2,2,0.0007452571298927069,6,8.053344208747149e-05,0.00013985723489895463,4,1.2271397281438112e-05,0.00016392325051128864,0.00034822034649550915,0.00037459091981872916,0.00020705326460301876,0.0002527103351894766,0.00027794670313596725,0.0001182936248369515,0.00015965307829901576,2.3822602088330314e-05,6.550821854034439e-05,0.0,2.7278962079435587e-05,-0.00018128490773960948,-7.778266444802284e-05,-5.6580640375614166e-05,-4.085747059434652e-05,0.00013985723489895463,5.9323792811483145e-05,3.6094163078814745e-05,0.0,-0.00014305347576737404,0.00014891166938468814,0.00015165185322985053,0.00016392325051128864,0.000136283109895885,-0.00024369079619646072,-0.0002502407878637314,-0.0002767976839095354
58419,0.1,0,2,0.00019727191829588264,4,1.4422126696445048e-05,5.184716428630054e-05,4,1.3468321412801743e-05,3.1227158615365624e-05,6.807531462982297e-05,8.309381519211456e-05,4.274694583727978e-05,5.4862728575244546e-05,7.508986163884401e-05,7.508986163884401e-05,0.0,5.471113126986893e-06,1.8260574506712146e-05,0.0,-1.752015668898821e-05,1.1322714271955192e-05,3.742503758985549e-05,5.184716428630054e-05,1.8950726371258497e-05,-1.608995080459863e-05,-6.185549136716872e-05,-9.617827890906483e-05,0.0,-1.0369098163209856e-05,-4.171495675109327e-06,1.7758837202563882e-05,3.1227158615365624e-05,1.1799464118666947e-05,3.6947749322280288e-06,-2.4909517378546298e-05,-4.779234586749226e-05
59403,0.1,3,4,0.016418708488345146,7,0.00022192299365997314,0.005643822252750397,2,0.00039954669773578644,0.0014127865433692932,0.007980497553944588,0.009704547934234142,0.006891908589750528,0.00850776955485344,0.006846151314675808,0.0041254255920648575,0.0027207257226109505,0.00040306436130777,0.0011734975269064307,0.0,0.002800172194838524,-0.011426499113440514,-0.010727278888225555,-0.011391369625926018,-0.004700528457760811,0.00510584469884634,0.005643822252750397,0.005421899259090424,0.0,-0.0010019056499004364,0.0014127865433692932,0.0010132398456335068,0.0009972751140594482,0.0009383494034409523,-0.0022411756217479706,-0.0016766991466283798,-0.0018837768584489822
59934,0.1,0,0,1.3154776096343994,8,0.057588934898376465,0.17641937732696533,4,0.0026122331619262695,0.01354372501373291,0.2590044438838959,0.41367727518081665,0.18349212408065796,0.26117074489593506,0.18777477741241455,0.16362714767456055,0.024147629737854004,0.04617328941822052,0.14621710777282715,0.0,0.0281374454498291,0.008797883987426758,-0.10316133499145508,-0.1632145643234253,-0.03476977348327637,-0.010613203048706055,0.11883044242858887,0.17641937732696533,0.0,-0.0026814937591552734,-0.009182453155517578,0.009499073028564453,0.01354372501373291,0.0031718015670776367,0.01093149185180664,-0.011152863502502441,-0.010119318962097168
60012,0.1,0,0,0.017786173149943352,4,3.057345747947693e-05,0.0002727806568145752,4,0.0004626195877790451,0.0013401415199041367,0.00477930111810565,0.007492066361010075,0.003215401666238904,0.0042022597044706345,0.0015567522495985031,0.0015567522495985031,0.0,0.0008536569075658917,0.002090493217110634,0.0,-0.0001028161495923996,0.00016080215573310852,0.00024220719933509827,0.0002727806568145752,0.00011770054697990417,-0.00020784512162208557,-0.00018325820565223694,-0.0002648625522851944,0.0,-0.00046129897236824036,-0.000569567084312439,0.0008775219321250916,0.0013401415199041367,0.0005428232252597809,0.0006570722907781601,-0.0010942425578832626,-0.001814577728509903
60312,0.1,2,2,0.0010184821439906955,4,2.2988708224147558e-05,0.00021723995450884104,4,3.6090321373194456e-05,0.00020223174942657351,0.0004226980381645262,0.0004845611401833594,0.00026708573568612337,0.00034231142490170896,0.00037531647831201553,0.00037531647831201553,0.0,2.9669507057406008e-05,8.913985220715404e-05,0.0,-7.037853356450796e-05,0.00010897137690335512,0.00019425124628469348,0.00021723995450884104,7.741013541817665e-05,-0.00019671395421028137,-0.00031517609022557735,-0.0003663664683699608,0.0,-0.00010931678116321564,8.455599891021848e-05,0.00016614142805337906,0.00020223174942657351,0.00010813766857609153,-0.00014551496133208275,-0.0002646974753588438,-0.0003254144685342908
61585,0.1,0,0,0.003185557434335351,4,3.719818778336048e-05,0.0001378525048494339,4,5.466863512992859e-06,0.00012858258560299873,0.000713667250238359,0.0009112840634770691,0.00037001995951868594,0.0006231378065422177,0.00025682500563561916,0.00023911497555673122,1.771003007888794e-05,0.00015682223602198064,0.0003558507305569947,0.0,-4.123314283788204e-05,6.987457163631916e-05,0.00010065431706607342,0.0001378525048494339,4.4562388211488724e-05,-0.00010123802348971367,-0.00019450602121651173,-0.00031734490767121315,0.0,-5.442253313958645e-05,-0.0001097929198294878,8.841371163725853e-05,0.00012858258560299873,5.383160896599293e-05,0.00012311572209000587,-0.00016943737864494324,-0.00027647940441966057
62493,0.1,3,10,0.0005857420619577169,4,2.978602424263954e-06,5.301844794303179e-05,4,1.2035045074298978e-05,0.00016680918633937836,9.531639807391912e-05,0.0001290661602979526,0.00012797603267244995,0.00016005286306608468,0.0002062516869045794,0.0002062516869045794,0.0,2.6656405680114403e-05,7.347376231336966e-05,0.0,-1.775164855644107e-05,-2.4065899197012186e-05,5.0039845518767834e-05,5.301844794303179e-05,1.9896484445780516e-05,-1.9062135834246874e-05,-8.148810593411326e-05,-9.876175317913294e-05,0.0,-7.576984353363514e-05,0.00015477414126507938,0.00010866110096685588,0.00016680918633937836,7.756281411275268e-05,-0.00020299310563132167,-0.00017249910160899162,-0.00028148700948804617
62723,0.1,3,2,3.349725011503324e-05,4,3.57618773705326e-07,9.655675967223942e-06,4,1.430475094821304e-06,7.867582098697312e-06,7.819899110472761e-06,8.618581887276378e-06,5.817236797156511e-06,7.4443987614358775e-06,1.525839434179943e-05,1.525839434179943e-05,0.0,1.0072958502860274e-06,2.4079743070615223e-06,0.0,-3.5761513572651893e-06,9.298057193518616e-06,5.364254320738837e-06,9.655675967223942e-06,3.4569602576084435e-06,-2.3125558072933927e-05,-9.417173714609817e-06,-2.264875001856126e-05,0.0,-4.529789293883368e-06,4.052988515468314e-06,6.437107003876008e-06,7.867582098697312e-06,4.5298129407456145e-06,-7.152291800593957e-06,-1.0490010026842356e-05,-1.3589309673989192e-05
62753,0.1,3,4,0.0026899129152297974,2,0.00042822398245334625,0.0007358372677117586,6,5.220132879912853e-05,0.0002032020129263401,0.0013025254011154175,0.0015917819691821933,0.000806293566711247,0.0010544301476329565,0.0008723128121346235,0.0005820125807076693,0.00029030023142695427,0.00010357551218476146,0.00033764244290068746,0.0,-0.0002691284753382206,0.0007358372677117586,0.00030761328525841236,0.00015373551286756992,0.000252552330493927,-0.0012854342348873615,-0.0005468588788062334,-0.0003539889585226774,0.0,0.0001223443541675806,-0.00022467505186796188,-0.00016987789422273636,-0.0001925816759467125,-0.000219444977119565,0.0002032020129263401,0.0001375642605125904,0.00015100068412721157
62941,0.1,3,6,0.0008289953111670911,3,1.775083364918828e-05,0.00019690906628966331,3,7.2659458965063095e-06,2.489442704245448e-05,0.00030628059175796807,0.00035959374508820474,0.00022912435815669596,0.0002883724228013307,0.00021894904784858227,0.00021894904784858227,0.0,2.2992329832050018e-05,6.819669943070039e-05,0.0,-0.00010612182086333632,0.00017915823264047503,0.00019690906628966331,0.00017463124822825193,0.00010827730875462294,-0.00031726009910926223,-0.00033833569614216685,-0.0002830855664797127,0.0,-2.1796964574605227e-05,-4.800036549568176e-05,2.489442704245448e-05,1.762848114594817e-05,1.4531600754708052e-05,6.670190487056971e-06,-5.050160689279437e-05,-4.811951657757163e-05
62978,0.1,0,0,0.03927982226014137,4,0.001774221658706665,0.007204964756965637,6,0.00022536516189575195,0.00022536516189575195,0.013654341921210289,0.01625712960958481,0.00841846875846386,0.011464479379355907,0.007356557995080948,0.0070763640105724335,0.0002801939845085144,0.0013377845752984285,0.004454013425856829,0.0,-0.0017358623445034027,0.0006379373371601105,0.005430743098258972,0.007204964756965637,0.002024933695793152,-0.0008307434618473053,-0.008281119167804718,-0.011578992009162903,0.0,-6.61313533782959e-05,-0.00017202645540237427,-9.478256106376648e-05,-8.286535739898682e-05,-6.761401891708374e-06,0.00022536516189575195,-0.00021900981664657593,-0.0008093304932117462
63364,0.1,3,2,8.189342770492658e-05,4,1.549633452668786e-06,2.5270619516959414e-05,4,5.006524588679895e-06,3.0873154173605144e-05,2.2534924937644973e-05,2.661164580786135e-05,2.0860137738054618e-05,2.5514984372421168e-05,4.648889444069937e-05,4.648889444069937e-05,0.0,1.8714981706580147e-06,4.839649591303896e-06,0.0,-8.70152871357277e-06,2.3720986064290628e-05,1.4065641153138131e-05,2.5270619516959414e-05,9.297604265157133e-06,-4.767867358168587e-05,-2.193247200921178e-05,-4.958577483193949e-05,0.0,-1.9190942111890763e-05,2.3840188077883795e-05,2.586662958492525e-05,3.0873154173605144e-05,1.8118495063390583e-05,-4.2672523704823107e-05,-4.481801443034783e-05,-5.57838284294121e-05
64411,0.1,0,6,0.06439327448606491,4,0.008417561650276184,0.039609625935554504,6,0.0012216940522193909,0.007214430719614029,0.032108891755342484,0.035488586872816086,0.01353966910392046,0.023877784609794617,0.04262961074709892,0.042369063943624496,0.00026054680347442627,0.0015752135077491403,0.003534316783770919,0.0,-0.009341970086097717,0.0013332441449165344,0.03119206428527832,0.039609625935554504,0.009931735694408417,-0.0016847103834152222,-0.06661102920770645,-0.09427543729543686,0.0,-0.0009605810046195984,-0.00675550103187561,0.004448462277650833,0.005992736667394638,0.0011315792798995972,0.007214430719614029,-0.006750389933586121,-0.008783265948295593
64676,0.1,0,6,0.032583847641944885,4,0.0021354369819164276,0.006140474230051041,4,0.0016438700258731842,0.008750632405281067,0.012771755456924438,0.014662764966487885,0.010151191614568233,0.011821826919913292,0.01299314945936203,0.01299314945936203,0.0,0.0009262945386581123,0.0022312139626592398,0.0,-0.0014616996049880981,0.000925261527299881,0.004005037248134613,0.006140474230051041,0.0016524475067853928,-0.0014869309961795807,-0.006095424294471741,-0.010304264724254608,0.0,-0.0033980384469032288,0.005112603306770325,0.007106762379407883,0.008750632405281067,0.0037262234836816788,-0.0075231678783893585,-0.010793626308441162,-0.013235822319984436
64752,0.1,3,2,0.00010847456724150106,4,7.15202622814104e-06,3.7666759453713894e-05,2,1.4542289136443287e-05,3.00379324471578e-05,4.095671829418279e-05,5.0027960242005065e-05,1.8785558495437726e-05,3.401921276235953e-05,5.709668403142132e-05,4.8990899813361466e-05,8.105784218059853e-06,6.39519657852361e-06,1.6187754226848483e-05,0.0,-1.5733799955341965e-05,2.5389141228515655e-05,3.0514733225572854e-05,3.7666759453713894e-05,1.5972436813171953e-05,-6.043073517503217e-05,-5.876208160771057e-05,-8.212292595999315e-05,0.0,-7.390146492980421e-06,3.00379324471578e-05,1.084692485164851e-05,1.5495643310714513e-05,7.62859417591244e-06,-4.791579704033211e-05,-1.6925747331697494e-05,-2.51501114689745e-05
65464,0.1,0,2,3.302042750874534e-05,4,5.960282578598708e-07,1.9072867871727794e-06,4,1.788090230547823e-06,6.6755219449987635e-06,6.9496977630478796e-06,9.542433872411493e-06,6.276181920839008e-06,8.600702130934224e-06,8.225202691392042e-06,8.225202691392042e-06,0.0,1.1920667475351365e-06,2.419893462501932e-06,0.0,-4.7682260628789663e-07,5.960246198810637e-07,1.3112585293129086e-06,1.9072867871727794e-06,8.34435923025012e-07,-5.960282578598708e-07,-2.0264888007659465e-06,-3.337743692100048e-06,0.0,-2.8609247237909585e-06,-1.4304641808848828e-06,4.8874317144509405e-06,6.6755219449987635e-06,3.218548954464495e-06,1.6688754840288311e-06,-7.867522072046995e-06,-1.1562853615032509e-05
65798,0.1,0,0,0.14947062730789185,6,0.002800077199935913,0.003511756658554077,4,0.0036487728357315063,0.007914811372756958,0.030803555622696877,0.051410481333732605,0.02065148763358593,0.036271192133426666,0.01153843104839325,0.007803693413734436,0.0037347376346588135,0.006297801621258259,0.016450215131044388,0.0,-0.00021883845329284668,-0.002940237522125244,0.0007116794586181641,0.0003886371850967407,0.00021642446517944336,0.003511756658554077,-0.0020316988229751587,-0.003909692168235779,0.0,-0.0013257712125778198,-0.0002352595329284668,0.004266038537025452,0.007914811372756958,0.00160256028175354,0.0002576112747192383,-0.005153819918632507,-0.00868670642375946
65816,0.1,0,6,0.00311924796551466,8,0.0,0.0,8,0.0,0.0,0.000680876022670418,0.0009073421242646873,0.0006851120851933956,0.0008786075632087886,0.0,0.0,0.0,0.00017034178017638624,0.0004380522877909243,0.0,0.0,0.0,0.0,0.0,0.0,0.0,0.0,0.0,0.0,0.0,0.0,0.0,0.0,0.0,0.0,0.0,0.0
65870,0.1,0,4,0.0010313435923308134,4,7.825688226148486e-05,0.0002573788515292108,4,4.109210567548871e-05,0.00019889406394213438,0.00044342223554849625,0.0005702530615963042,0.0002632488321978599,0.00037303034332580864,0.0003933006664738059,0.0003933006664738059,0.0,5.292660716804676e-05,0.0001392644626321271,0.0,-6.323284469544888e-05,5.3709372878074646e-05,0.00017912196926772594,0.0002573788515292108,7.121620001271367e-05,-7.859396282583475e-05,-0.0002857665531337261,-0.0004434984875842929,0.0,-7.633143104612827e-05,-0.0001102678943425417,0.00015780195826664567,0.00019889406394213438,8.241116302087903e-05,0.00010301504516974092,-0.00024838338140398264,-0.00032898166682571173
66141,0.1,3,2,1.0935214757919312,8,0.018693089485168457,0.09377837181091309,8,0.010783553123474121,0.028655529022216797,0.2218203991651535,0.2478904128074646,0.14935043454170227,0.18649554252624512,0.1156083345413208,0.1156083345413208,0.0,0.0163569413125515,0.04571295157074928,0.0,0.022238492965698242,-0.01199328899383545,-0.05783975124359131,-0.07456517219543457,-0.026298880577087402,0.02318751811981201,0.07508528232574463,0.09377837181091309,0.0,0.010071277618408203,-0.012152314186096191,-0.020398736000061035,-0.03295338153839111,-0.013989448547363281,0.010090947151184082,0.017871975898742676,0.028655529022216797
66449,0.1,0,0,0.5487809181213379,4,0.026759743690490723,0.06616449356079102,4,0.025048166513442993,0.0894460678100586,0.1043473482131958,0.1339113861322403,0.0805891901254654,0.11211538314819336,0.14913541078567505,0.14913541078567505,0.0,0.021465305238962173,0.0496596023440361,0.0,-0.011316895484924316,-0.005117952823638916,0.03940474987030029,0.06616449356079102,0.013641595840454102,0.006299793720245361,-0.05031466484069824,-0.08682787418365479,0.0,-0.029765963554382324,0.0010447502136230469,0.0643979012966156,0.0894460678100586,0.0349920392036438,-0.0009100437164306641,-0.07999086380004883,-0.10687988996505737
66711,0.1,2,10,0.00791449286043644,6,5.088280886411667e-06,0.0004910575225949287,4,0.0006854310631752014,0.002674691379070282,0.0017978930845856667,0.0029468790162354708,0.001838712370954454,0.0025255256332457066,0.0030316999182105064,0.0030045341700315475,2.7165748178958893e-05,0.0006461422890424728,0.0016880894545465708,0.0,-0.00013079773634672165,-0.0007226020097732544,0.0003930870443582535,0.0004859692417085171,0.00013672886416316032,0.0004910575225949287,-0.0006345510482788086,-0.0008615767583250999,0.0,-0.0010163644328713417,2.6728957891464233e-05,0.0019892603158950806,0.002674691379070282,0.00108654098585248,-0.00025472044944763184,-0.0030912766233086586,-0.004366190172731876
67349,0.1,0,2,0.2760295569896698,4,0.00560799241065979,0.0175534188747406,8,0.011141002178192139,0.02545502781867981,0.06506974995136261,0.08280385285615921,0.0772695243358612,0.09014926850795746,0.040450483560562134,0.012498319149017334,0.0279521644115448,0.008328420110046864,0.021983738988637924,0.0,-0.0026313066482543945,0.005955696105957031,0.01194542646408081,0.0175534188747406,0.0030652284622192383,-0.008068859577178955,-0.018268436193466187,-0.028661757707595825,0.0,0.002740919589996338,0.006755858659744263,-0.01084783673286438,-0.018581926822662354,-0.0032484829425811768,-0.007385432720184326,0.014314025640487671,0.02545502781867981
68167,0.1,1,2,0.00012957210128661245,4,1.5495679690502584e-06,3.563959035091102e-05,4,9.893381502479315e-06,3.4209217119496316e-05,4.998519943910651e-05,5.7530563935870305e-05,2.7790467356680892e-05,4.368550071376376e-05,5.959869304206222e-05,5.959869304206222e-05,0.0,2.9204288694018032e-06,1.079363573808223e-05,0.0,-7.151611498557031e-06,3.5758421290665865e-07,3.409002238186076e-05,3.563959035091102e-05,7.986018317751586e-06,-8.701113983988762e-06,-6.686551205348223e-05,-7.258642290253192e-05,0.0,-7.032416760921478e-06,7.032460416667163e-06,2.4315835617017e-05,3.4209217119496316e-05,8.10521305538714e-06,-1.3111231965012848e-05,-3.9452381315641105e-05,-5.95951423747465e-05
68237,0.1,0,0,2.617868661880493,8,0.0,0.050730228424072266,5,0.009168863296508789,0.06439924240112305,0.43894901871681213,0.5398991703987122,0.18344618380069733,0.2668243646621704,0.11480903625488281,0.033867597579956055,0.08094143867492676,0.05854117125272751,0.16954392194747925,0.0,0.025651931762695312,-0.040879011154174805,-0.040879011154174805,-0.040879011154174805,-0.0307159423828125,0.050730228424072266,0.050730228424072266,0.050730228424072266,0.0,-0.052462100982666016,0.05523037910461426,0.05523037910461426,0.05523037910461426,0.06439924240112305,-0.06649184226989746,-0.06649231910705566,-0.06649231910705566
68581,0.1,0,2,0.016152827069163322,4,0.0015191342681646347,0.003305906429886818,4,0.001110229641199112,0.006164146587252617,0.006389515940099955,0.008694473654031754,0.005530825816094875,0.0071666184812784195,0.008268256671726704,0.008268256671726704,0.0,0.0008281819755211473,0.002536067273467779,0.0,-0.0005393140017986298,-0.00046416185796260834,0.0017867721617221832,0.003305906429886818,0.0006201183423399925,0.0005147233605384827,-0.0026304908096790314,-0.0055084191262722015,0.0,-0.0023391395807266235,0.00381668284535408,0.005053916946053505,0.006164146587252617,0.0024631470441818237,-0.0062381792813539505,-0.008810127153992653,-0.01128234714269638
68960,0.1,0,4,1.1003140211105347,3,0.002207338809967041,0.18709832429885864,6,0.015738964080810547,0.02159297466278076,0.465930312871933,0.5510998964309692,0.3057846426963806,0.42429083585739136,0.19823962450027466,0.19561773538589478,0.002621889114379883,0.09059509634971619,0.24281668663024902,0.0,-0.030794978141784668,0.050652146339416504,0.18709832429885864,0.1848909854888916,0.03700435161590576,-0.05437767505645752,-0.213645339012146,-0.18271315097808838,0.0,-2.1696090698242188e-05,-0.019279122352600098,0.0018324851989746094,0.002713441848754883,-6.473064422607422e-05,0.02159297466278076,0.001427769660949707,0.005854010581970215
69021,0.1,0,6,0.003765874309465289,4,0.00015444913879036903,0.00046351365745067596,4,0.00010170415043830872,0.0004875150043517351,0.0009608709951862693,0.001334059052169323,0.0007312727393582463,0.0011639194563031197,0.0008908682502806187,0.0008908682502806187,0.0,0.0001541666715638712,0.0005895149079151452,0.0,-0.00014796550385653973,0.000239094952121377,0.00030906451866030693,0.00046351365745067596,0.00017019943334162235,-0.0003240469377487898,-0.0004305352922528982,-0.0006812193896621466,0.0,-0.00024485564790666103,9.441981092095375e-05,0.0003858108539134264,0.0004875150043517351,0.0002746137324720621,-0.00013145990669727325,-0.0005358255002647638,-0.0007174166385084391
69374,0.1,3,2,1.6569954823353328e-05,4,0.0,1.4304896467365324e-06,4,4.768298822455108e-07,2.026526999543421e-06,2.1040118554083165e-06,2.998069703608053e-06,2.9265447665238753e-06,3.9755727812007535e-06,3.4570193747640587e-06,3.4570193747640587e-06,0.0,4.2914831510643126e-07,1.4483746326732216e-06,0.0,-7.152430043788627e-07,1.3112821761751547e-06,1.4304896467365324e-06,1.4304896467365324e-06,8.344522939296439e-07,-2.264934664708562e-06,-2.145729013136588e-06,-2.38414213526994e-06,0.0,-1.19207106763497e-06,1.4304896467365324e-06,1.5496971172979102e-06,2.026526999543421e-06,1.3112821761751547e-06,-3.0993851396488026e-06,-2.145729013136588e-06,-3.3377982617821544e-06
69461,0.1,2,2,0.0006121906917542219,4,2.204178599640727e-05,8.208828512579203e-05,4,6.279494846239686e-05,0.00019230452016927302,0.0001668650220381096,0.00022537773475050926,0.00020063419651705772,0.00024410439073108137,0.0002460467803757638,0.0002460467803757638,0.0,2.9870172511436976e-05,8.115222590276971e-05,0.0,-2.4184409994632006e-05,3.121420741081238e-05,6.0046499129384756e-05,8.208828512579203e-05,2.7640024200081825e-05,-4.372210241854191e-05,-8.720398182049394e-05,-0.00012448971392586827,0.0,-6.707152351737022e-05,2.1087354980409145e-05,0.00012950957170687616,0.00019230452016927302,7.339066360145807e-05,-2.8830603696405888e-05,-0.00019536452600732446,-0.0003219736972823739
70377,0.1,0,2,0.00021789084712509066,7,5.482463166117668e-06,8.819610229693353e-06,6,1.2752803741022944e-05,2.0499748643487692e-05,3.0338685974129476e-05,4.7799629101064056e-05,7.297277625184506e-05,9.467775817029178e-05,2.598231367301196e-05,2.288346877321601e-05,3.0988448997959495e-06,1.5423671356984414e-05,3.0400409741559997e-05,0.0,2.741231583058834e-06,-4.52894892077893e-06,-1.3586803106591105e-05,-1.5136160072870553e-05,-4.290588549338281e-06,3.0987721402198076e-06,8.819610229693353e-06,3.337147063575685e-06,0.0,5.95915480516851e-07,-1.9307510228827596e-05,-5.124864401295781e-06,7.746944902464747e-06,-1.191830961033702e-06,2.0499748643487692e-05,4.64817276224494e-06,-1.2514166883192956e-05
70795,0.1,0,10,0.9684626460075378,2,0.15874427556991577,0.1939864158630371,2,0.04808527231216431,0.08528643846511841,0.37756142020225525,0.4532807469367981,0.22317004203796387,0.3120962083339691,0.2635139226913452,0.2635139226913452,0.0,0.020412486046552658,0.062010008841753006,0.0,-0.013369381427764893,0.1939864158630371,0.03085559606552124,0.03524214029312134,0.016455233097076416,-0.28226953744888306,-0.03397637605667114,-0.037777602672576904,0.0,0.009235918521881104,0.08528643846511841,-0.0366244912147522,-0.043832361698150635,-0.012468874454498291,-0.12205594778060913,0.0372011661529541,0.036427855491638184
71521,0.1,3,2,3.9934315282152966e-05,4,1.4304641808848828e-06,7.986734999576584e-06,4,1.6688809409970418e-06,1.1086083759437315e-05,7.056935373839224e-06,1.0162238140765112e-05,7.4324320848973e-06,9.578130629961379e-06,1.633115425647702e-05,1.633115425647702e-05,0.0,1.6808040754767717e-06,3.03974616144842e-06,0.0,-1.907268597278744e-06,5.721834895666689e-06,6.556270818691701e-06,7.986734999576584e-06,2.1456835384014994e-06,-1.0370738891651854e-05,-1.0847554221982136e-05,-1.4542845747200772e-05,0.0,-3.5761295293923467e-06,9.417202818440273e-06,9.178791515296325e-06,1.1086083759437315e-05,4.172168701188639e-06,-1.4542845747200772e-05,-1.5377267118310556e-05,-1.8834136426448822e-05
72448,0.1,1,6,0.2447490394115448,2,0.0012028515338897705,0.006626710295677185,0,8.940696716308594e-08,0.0,0.12721240520477295,0.13795264065265656,0.07932048290967941,0.09216464310884476,0.006626710295677185,0.006626531481742859,1.7881393432617188e-07,0.010424328967928886,0.034485720098018646,0.0,-0.004541605710983276,0.006626710295677185,0.005169868469238281,0.0054238587617874146,0.005151569843292236,-0.00894060730934143,-0.006885021924972534,-0.007237464189529419,0.0,-1.7881393432617188e-07,-1.7881393432617188e-07,-1.7881393432617188e-07,-8.940696716308594e-08,-8.940696716308594e-08,-8.940696716308594e-08,-2.682209014892578e-07,-1.7881393432617188e-07
72562,0.1,0,2,0.00043299360550008714,4,0.0,1.0605115676298738e-05,8,0.0,0.0,0.00013692754146177322,0.00014720634499099106,0.00011178839486092329,0.00013577152276411653,1.0605115676298738e-05,1.0605115676298738e-05,0.0,1.1405757504689973e-05,3.1946961826179177e-05,0.0,-7.38774542696774e-06,1.0605115676298738e-05,1.0605115676298738e-05,1.0605115676298738e-05,8.817733032628894e-06,-1.3941345969215035e-05,-1.3941345969215035e-05,-1.3941345969215035e-05,0.0,0.0,0.0,0.0,0.0,0.0,0.0,0.0,0.0
72735,0.1,0,0,0.007687389384955168,4,0.0006534033454954624,0.002581717912107706,4,0.0006186282262206078,0.002122951205819845,0.0023649337235838175,0.003761853324249387,0.0018324581906199455,0.00238864216953516,0.003997168969362974,0.003997168969362974,0.0,0.0003022007585968822,0.0007341592572629452,0.0,-0.0006290203891694546,-0.00013520335778594017,0.0019283145666122437,0.002581717912107706,0.0007032826542854309,0.00014870939776301384,-0.0031113182194530964,-0.0045125107280910015,0.0,-0.0008213496766984463,-0.00023751100525259972,0.0015043229795992374,0.002122951205819845,0.0008964966982603073,0.00025271298363804817,-0.0022259880788624287,-0.0033384240232408047
72943,0.1,0,2,0.06283873319625854,4,0.0016484782099723816,0.002474665641784668,6,0.005059227347373962,0.007462408393621445,0.016535602509975433,0.02165284752845764,0.01956346072256565,0.025831669569015503,0.00969741865992546,0.008030228316783905,0.0016671903431415558,0.002128706779330969,0.006474082358181477,0.0,-0.0004465728998184204,-0.00069417804479599,0.0008261874318122864,0.002474665641784668,0.0004750005900859833,0.0006231889128684998,-0.0017194002866744995,-0.004437081515789032,0.0,4.780292510986328e-05,-0.006797879934310913,-0.0005304962396621704,0.0024031810462474823,-3.828108310699463e-05,0.007462408393621445,0.000741712749004364,-0.00243271142244339
73134,0.1,2,10,0.0007726544863544405,4,3.168947296217084e-05,0.00015129032544791698,4,6.373884389176965e-05,0.00020680890884250402,0.00011297229502815753,0.0001909870043164119,0.00011721938790287822,0.000191850820556283,0.00031439977465197444,0.00031439977465197444,0.0,2.9939634259790182e-05,9.556140867061913e-05,0.0,-5.0266156904399395e-05,1.6676494851708412e-06,0.00011960085248574615,0.00015129032544791698,5.4080679547041655e-05,-2.1559942979365587e-05,-0.00019652408082038164,-0.00026500067906454206,0.0,-7.968622958287597e-05,8.933886419981718e-06,0.00014307006495073438,0.00020680890884250402,8.648284710943699e-05,-5.2410177886486053e-05,-0.00021141063189134002,-0.000325494387652725
73321,0.1,1,6,0.004439260810613632,2,2.3981090635061264e-05,0.00032357731834053993,4,2.6240479201078415e-05,0.0004737689159810543,0.001096729887649417,0.0014683341141790152,0.0010797487339004874,0.0015272700693458319,0.0007834841962903738,0.0007351443637162447,4.8339832574129105e-05,0.0002671921974979341,0.0005768071277998388,0.0,-9.885663166642189e-05,0.00032357731834053993,0.00026101386174559593,0.00029959622770547867,0.00011180387809872627,-0.0005627470090985298,-0.0003865892067551613,-0.0004521920345723629,0.0,-0.00019260123372077942,3.0738767236471176e-05,0.0004475284367799759,0.0004737689159810543,0.00021447986364364624,-0.00026379385963082314,-0.0006607179529964924,-0.000723693985491991
73591,0.1,0,6,0.0025150116998702288,8,2.8066104277968407e-05,0.00013842061161994934,4,0.00024796288926154375,0.0007485797395929694,0.0004894075682386756,0.0007288858760148287,0.0006292278412729502,0.000840463035274297,0.0008442595135420561,0.0006286361021921039,0.00021562341134995222,0.0001496444019721821,0.00032798509346321225,0.0,3.840867429971695e-05,-0.00010439753532409668,-0.0001296033151447773,-0.00019879755564033985,-5.4578064009547234e-05,0.00011035450734198093,0.0001039325725287199,0.00013842061161994934,0.0,-0.0002662036567926407,-3.5553472116589546e-05,0.0005006168503314257,0.0007485797395929694,0.0002851863391697407,2.6517314836382866e-05,-0.0007665557786822319,-0.0012328105513006449
74668,0.1,2,1,1.2021291255950928,6,0.030513286590576172,0.24671709537506104,6,0.058122456073760986,0.23840409517288208,0.26500293612480164,0.36446520686149597,0.2159927785396576,0.2796105742454529,0.4235931634902954,0.4235931634902954,0.0,0.08160362392663956,0.18199953436851501,0.0,0.09271299839019775,-0.3908722400665283,-0.2967526912689209,-0.3560009002685547,-0.1554243564605713,0.24671709537506104,0.19383645057678223,0.21620380878448486,0.0,0.08486044406890869,-0.27090466022491455,-0.18004512786865234,-0.2279747724533081,-0.1199655532836914,0.23840409517288208,0.15358376502990723,0.1802816390991211
75275,0.1,0,2,0.00029952809563837945,4,4.278679261915386e-05,0.00010249455226585269,4,3.384717274457216e-05,7.257936522364616e-05,0.00011452069884398952,0.00014782193466089666,6.982647755648941e-05,0.00010290573845850304,0.00014504478895105422,0.00014504478895105422,0.0,1.7348231267533265e-05,5.531033093575388e-05,0.0,-1.656496897339821e-05,-1.048721605911851e-05,5.970775964669883e-05,0.00010249455226585269,1.8948805518448353e-05,1.2155796866863966e-05,-9.68834210652858e-05,-0.00020877030328847468,0.0,-1.4419900253415108e-05,-8.342089131474495e-06,3.8732192479074e-05,7.257936522364616e-05,1.6446108929812908e-05,9.414769010618329e-06,-5.589085048995912e-05,-0.00012452862574718893
76334,0.1,0,2,0.00099323526956141,4,7.801776519045234e-05,0.0002084309235215187,4,9.029841748997569e-05,0.0003494739648886025,0.00023108891036827117,0.0003472164098639041,0.0003061855095438659,0.00044639300904236734,0.0004887496470473707,0.0004887496470473707,0.0,5.0443584768800065e-05,0.00011464853014331311,0.0,-2.5008688680827618e-05,2.0245788618922234e-06,0.00013041315833106637,0.0002084309235215187,2.9415939934551716e-05,-3.2153911888599396e-06,-0.00021088775247335434,-0.00037470890674740076,0.0,-7.407180964946747e-05,-5.656655412167311e-05,0.0002591755473986268,0.0003494739648886025,8.348631672561169e-05,6.466853665187955e-05,-0.00039827986620366573,-0.0005264815408736467
76380,0.1,0,2,0.00039176418795250356,4,4.8864283598959446e-05,0.00018019007984548807,4,5.327074904926121e-05,0.00012202994548715651,0.0001487202534917742,0.00018420063133817166,9.052635141415522e-05,0.00012971692194696516,0.00024538589059375226,0.00024538589059375226,0.0,3.507556903059594e-05,9.631062857806683e-05,0.0,-3.860791912302375e-05,2.7169444365426898e-05,0.00013132579624652863,0.00018019007984548807,4.2184459744021297e-05,-3.741635009646416e-05,-0.00025569021818228066,-0.00042948892223648727,0.0,-2.311725984327495e-05,-9.652110747992992e-06,6.87591964378953e-05,0.00012202994548715651,2.6335270376875997e-05,1.0605523129925132e-05,-0.00010366606875322759,-0.00020875109476037323
76455,0.1,0,0,0.1312253475189209,4,0.004171580076217651,0.011775828897953033,4,0.011321358382701874,0.04138477146625519,0.033284734934568405,0.04172903671860695,0.03042694553732872,0.039298418909311295,0.049370795488357544,0.049370795488357544,0.0,0.004805617965757847,0.014476529322564602,0.0,-0.0016303658485412598,-0.003862515091896057,0.007604248821735382,0.011775828897953033,0.0019506961107254028,0.004545658826828003,-0.01011955738067627,-0.016066744923591614,0.0,-0.009365096688270569,-0.012043982744216919,0.030063413083553314,0.04138477146625519,0.010833710432052612,0.01377318799495697,-0.04133199155330658,-0.05352000892162323
76499,0.1,2,8,0.0004483648226596415,4,2.59782827924937e-05,0.00010200261021964252,6,3.479456063359976e-05,4.730600630864501e-05,0.0001439693005522713,0.00020214451069477946,9.043771569849923e-05,0.0001422822242602706,0.00013262926950119436,0.00011237029684707522,2.0258972654119134e-05,2.995497197844088e-05,6.441058940254152e-05,0.0,-3.491205279715359e-05,7.602432742714882e-05,6.672949530184269e-05,0.00010200261021964252,3.7415651604533195e-05,-0.00016716169193387032,-0.0001060430658981204,-0.00018729543080553412,0.0,-1.024734228849411e-05,-9.722646791487932e-05,1.2511445675045252e-05,1.0724092135205865e-05,8.340954082086682e-06,4.730600630864501e-05,-2.5975634343922138e-05,-3.920149174518883e-05
77987,0.1,1,0,0.4269666075706482,4,0.00582316517829895,0.029916435480117798,4,0.007408052682876587,0.03784826397895813,0.07392921298742294,0.11244189739227295,0.056162960827350616,0.08601891249418259,0.061181843280792236,0.061181843280792236,0.0,0.012913617305457592,0.050455499440431595,0.0,-0.009846270084381104,-0.012181729078292847,0.024093270301818848,0.029916435480117798,0.01000109314918518,0.012303292751312256,-0.04202437400817871,-0.05511355400085449,0.0,-0.013009428977966309,-0.0011143982410430908,0.030440211296081543,0.03784826397895813,0.015452325344085693,-0.003043264150619507,-0.03468269109725952,-0.04155564308166504
79560,0.1,1,0,0.09356019645929337,4,0.005234383046627045,0.013810202479362488,2,0.004356011748313904,0.011611737310886383,0.023266438394784927,0.03844907134771347,0.014916116371750832,0.025938348844647408,0.023878328502178192,0.020533688366413116,0.0033446401357650757,0.0063940719701349735,0.01406540721654892,0.0,-0.0029604360461235046,0.008253403007984161,0.008575819432735443,0.013810202479362488,0.0034721866250038147,-0.011250577867031097,-0.011900141835212708,-0.019434861838817596,0.0,-0.0021565333008766174,0.011611737310886383,0.00488743931055069,0.007255725562572479,0.0025472790002822876,-0.016460396349430084,-0.005995236337184906,-0.008571036159992218
79759,0.1,1,4,0.0005907459417358041,4,3.3839140087366104e-05,0.00012605689698830247,4,4.6592613216489553e-05,0.00022305289166979492,0.00019099321798421443,0.00026463059475645423,0.0002099757839459926,0.00026516686193645,0.0002972957445308566,0.0002972957445308566,0.0,2.9542818083427846e-05,9.117100853472948e-05,0.0,-2.466142177581787e-05,9.221775690093637e-05,9.054969996213913e-05,0.00012605689698830247,2.7998059522360563e-05,-0.00016058632172644138,-0.00016153923934325576,-0.0002124020829796791,0.0,-6.564334034919739e-05,8.340069325640798e-05,0.00017646027845330536,0.00022305289166979492,7.136678323149681e-05,-0.00013485609088093042,-0.0002830339362844825,-0.000354256306309253
80156,0.1,3,2,3.6954195820726454e-05,4,3.576169547159225e-07,3.933768311981112e-06,2,1.6688791220076382e-06,7.390728569589555e-06,7.402651135635097e-06,1.097286894946592e-05,6.2463559515890665e-06,9.214578312821686e-06,1.0847701560123824e-05,9.655641406425275e-06,1.1920601536985487e-06,1.8596185782371322e-06,4.112617261853302e-06,0.0,-3.456938429735601e-06,2.384098479524255e-06,3.5761513572651893e-06,3.933768311981112e-06,2.8609210858121514e-06,-5.483409040607512e-06,-6.794656655983999e-06,-7.748287316644564e-06,0.0,-5.245001375442371e-06,7.390728569589555e-06,4.052973963553086e-06,5.721849447581917e-06,4.64899858343415e-06,-1.4304485375760123e-05,-6.9138623075559735e-06,-9.655548637965694e-06
80169,0.1,3,2,0.00011812942830147222,4,5.959882400929928e-07,2.014419442275539e-05,6,3.4566910471767187e-06,8.462899131700397e-06,2.6139872716157697e-05,3.705847848323174e-05,3.199252387275919e-05,4.252379585523158e-05,2.7653673896566033e-05,2.3839325876906514e-05,3.814348019659519e-06,7.4917579695465975e-06,1.792181865312159e-05,0.0,-9.177987521979958e-06,1.9548206182662398e-05,1.346915087196976e-05,2.014419442275539e-05,9.535659046377987e-06,-3.3850861655082554e-05,-2.145491453120485e-05,-3.289733285782859e-05,0.0,-4.529407306108624e-06,-1.370735844830051e-05,5.006208084523678e-06,4.887013346888125e-06,3.456669219303876e-06,8.462899131700397e-06,-9.535571734886616e-06,-1.0369934898335487e-05
80538,0.1,0,0,0.033425476402044296,4,0.0018341373652219772,0.008161311969161034,6,0.0003155022859573364,0.0003755725920200348,0.009656036272644997,0.016919057816267014,0.004870439879596233,0.007098582107573748,0.008434036746621132,0.007591107860207558,0.0008429288864135742,0.0011094611836597323,0.0033726319670677185,0.0,-0.0020119845867156982,-5.879625678062439e-05,0.006327174603939056,0.008161311969161034,0.002285132184624672,1.5910714864730835e-05,-0.00943225622177124,-0.01250338926911354,0.0,6.0070306062698364e-05,-0.00034961476922035217,-0.00041991472244262695,-0.00047373026609420776,-0.00012208521366119385,0.0003755725920200348,5.499646067619324e-05,-0.00033889710903167725
80586,0.1,0,2,4.1126360883936286e-05,4,7.152302714530379e-07,2.741708158282563e-06,4,3.337743692100048e-06,7.748316420475021e-06,7.581432328152005e-06,1.2176804375485517e-05,1.0209912034042645e-05,1.2325811439950485e-05,1.0013220162363723e-05,1.0013220162363723e-05,0.0,2.8549857233883813e-06,6.007984666211996e-06,0.0,-7.152229954954237e-07,1.1920456017833203e-06,2.0264778868295252e-06,2.741708158282563e-06,8.344322850462049e-07,-1.7880629457067698e-06,-2.980104909511283e-06,-4.5297565520741045e-06,0.0,-2.145676262443885e-06,-8.344286470673978e-07,4.410572728374973e-06,7.748316420475021e-06,2.3840912035666406e-06,3.576133167371154e-07,-6.6754219005815685e-06,-1.2516382412286475e-05
81186,0.1,0,2,0.009146220982074738,4,0.0016615493223071098,0.0033332188613712788,4,0.0013708565384149551,0.0038995412178337574,0.003913816995918751,0.0048056598752737045,0.0034226365387439728,0.004189305938780308,0.005826157052069902,0.005826157052069902,0.0,0.00033984737819992006,0.0008724572835490108,0.0,-0.0003675343468785286,-0.0003066025674343109,0.001671669539064169,0.0033332188613712788,0.00042734574526548386,0.00035230815410614014,-0.002654734067618847,-0.007367704063653946,0.0,-0.0007061315700411797,-0.0010483907535672188,0.0025286846794188023,0.0038995412178337574,0.0008010836318135262,0.0011511901393532753,-0.004150518216192722,-0.006773505359888077
81267,0.1,3,2,0.0014886498684063554,4,1.571641769260168e-05,0.0002730966079980135,6,0.00012084061745554209,0.00025273673236370087,0.000527322175912559,0.0006309850723482668,0.0004932208685204387,0.0006584098446182907,0.00047898024786263704,0.00037287757731974125,0.0001061026705428958,6.659790960839018e-05,0.00016553659224882722,0.0,-0.00011057464871555567,0.00012058659922331572,0.0002573801903054118,0.0002730966079980135,0.00011796760372817516,-0.0001898379996418953,-0.000435324152931571,-0.00047268334310501814,0.0,-5.0468253903090954e-05,-0.0003221676452085376,8.67780763655901e-05,0.00013189611490815878,4.844716750085354e-05,0.00025273673236370087,-0.00014354230370372534,-0.00020757026504725218
81829,0.1,0,0,0.5684971213340759,4,0.022309035062789917,0.09447133541107178,4,0.026925265789031982,0.09469294548034668,0.21084444224834442,0.26197946071624756,0.10184762626886368,0.13358546793460846,0.17280840873718262,0.17280840873718262,0.0,0.027257243171334267,0.05597992241382599,0.0,-0.026025831699371338,0.03192627429962158,0.07216230034828186,0.09447133541107178,0.03102010488510132,-0.03986775875091553,-0.09385013580322266,-0.1236618161201477,0.0,-0.02960658073425293,0.034856319427490234,0.0677676796913147,0.09469294548034668,0.034693777561187744,-0.04483312368392944,-0.08745306730270386,-0.12153202295303345
81898,0.1,0,6,0.0060971686616539955,4,9.18479636311531e-05,0.00028878869488835335,4,0.000155547633767128,0.0006943242624402046,0.002349423710256815,0.0027031931094825268,0.0018117644358426332,0.0022057360038161278,0.0009676585905253887,0.0009676585905253887,0.0,0.00013712614600080997,0.0004529582802206278,0.0,-6.800796836614609e-05,0.00013235630467534065,0.00019694073125720024,0.00028878869488835335,8.033588528633118e-05,-0.0001801988109946251,-0.0002862177789211273,-0.00044990330934524536,0.0,-0.00025316979736089706,0.000369503628462553,0.0005387766286730766,0.0006943242624402046,0.0002956627868115902,-0.0004818793386220932,-0.000724507961422205,-0.0009470731019973755
82083,0.1,0,6,0.001508051878772676,4,0.0,3.249559085816145e-05,8,0.0,0.00012379849795252085,0.00034432834945619106,0.000526457850355655,0.00039037951501086354,0.0005232603289186954,0.000148679013364017,8.653826080262661e-05,6.21407525613904e-05,5.86888418183662e-05,0.0001750958908814937,0.0,-2.4400767870247364e-05,3.249559085816145e-05,3.249559085816145e-05,3.249559085816145e-05,2.6305904611945152e-05,-4.761072341352701e-05,-4.761072341352701e-05,-4.761072341352701e-05,0.0,9.891844820231199e-05,-0.0001299720024690032,-0.0001299720024690032,-0.0001299720024690032,-0.0001383029157295823,0.00012379849795252085,0.00012379849795252085,0.00012379849795252085
82137,0.1,3,6,0.004970574285835028,4,6.147567182779312e-05,0.0005425880663096905,6,0.0014574010856449604,0.0016639363020658493,0.001395302009768784,0.001990959048271179,0.0012759750243276358,0.00179155298974365,0.0019625648856163025,0.0015476224943995476,0.0004149423912167549,0.00026938930386677384,0.0009816099191084504,0.0,-0.00022878870368003845,-0.00014600856229662895,0.00048111239448189735,0.0005425880663096905,0.0002551800571382046,-0.00018704356625676155,-0.0006896457634866238,-0.0008344869129359722,0.0,-4.4125132262706757e-05,-0.0031571355648338795,6.630970165133476e-05,0.0002065352164208889,4.068668931722641e-05,0.0016639363020658493,-0.00011363020166754723,-0.0002885567955672741
82385,0.1,2,0,0.1275952011346817,4,0.012846894562244415,0.04286839812994003,4,0.010326817631721497,0.034962013363838196,0.04124278575181961,0.0574810765683651,0.02370736375451088,0.03536580502986908,0.06412471830844879,0.06412471830844879,0.0,0.004667668603360653,0.015564726665616035,0.0,-0.010217145085334778,0.02626875787973404,0.030021503567695618,0.04286839812994003,0.012188680469989777,-0.03301607072353363,-0.0407637357711792,-0.0632183700799942,0.0,-0.015387848019599915,0.01971728354692459,0.0246351957321167,0.034962013363838196,0.016537681221961975,-0.021803155541419983,-0.03532940149307251,-0.055494800209999084
82558,0.1,0,9,0.01387921441346407,7,0.00012956373393535614,0.0010132286697626114,6,0.00015656184405088425,0.0005949446931481361,0.005284142214804888,0.0062225195579230785,0.003040134906768799,0.003718415042385459,0.0015796907246112823,0.00021458137780427933,0.001365109346807003,0.00029018818167969584,0.0007417506421916187,0.0,0.0002391580492258072,0.0005850624293088913,-0.0015864726155996323,-0.001983136869966984,-0.0003221966326236725,-0.0008398927748203278,0.0010132286697626114,0.0008836649358272552,0.0,-0.00020536687225103378,-0.0005537010729312897,0.0004025101661682129,0.0004383828490972519,0.00019835401326417923,0.0005949446931481361,-0.0007040910422801971,-0.0009135417640209198
82652,0.1,0,2,1.883488948806189e-05,4,9.536579455016181e-07,3.099386958638206e-06,4,1.7881138774100691e-06,5.483538188855164e-06,3.0278624763013795e-06,3.4868112379626837e-06,4.279541371943196e-06,5.6027456594165415e-06,7.390863174805418e-06,7.390863174805418e-06,0.0,4.1126685346171143e-07,1.2040000001434237e-06,0.0,-3.576224116841331e-07,1.3112767192069441e-06,2.145729013136588e-06,3.099386958638206e-06,8.344486559508368e-07,-1.6688973119016737e-06,-3.099379682680592e-06,-4.887477189186029e-06,0.0,-1.4304841897683218e-06,3.5762059269472957e-07,3.6954243114450946e-06,5.483538188855164e-06,1.788106601452455e-06,-2.384149411227554e-07,-5.602716555586085e-06,-9.178900654660538e-06
82711,0.1,0,0,1.4281070232391357,6,0.0019952058792114258,0.01244509220123291,8,0.0053424835205078125,0.03234982490539551,0.22651419043540955,0.325727641582489,0.11462382972240448,0.15250654518604279,0.044640302658081055,0.018504977226257324,0.02613532543182373,0.05091096833348274,0.1086457222700119,0.0,-0.0026262998580932617,-0.009964585304260254,0.009865522384643555,0.010449886322021484,0.003535151481628418,0.01244509220123291,-0.009448051452636719,-0.007095694541931152,0.0,0.010868310928344727,0.005095481872558594,-0.02328205108642578,-0.028899192810058594,-0.013486981391906738,-0.006314754486083984,0.027007341384887695,0.03234982490539551
83478,0.1,0,10,0.004619165789335966,4,0.0004999386146664619,0.0012483694590628147,4,0.00032820203341543674,0.0008522227872163057,0.0012407852336764336,0.0017756541492417455,0.0010809554951265454,0.0015716212801635265,0.0018381881527602673,0.0018381881527602673,0.0,0.00023694965057075024,0.0004967093118466437,0.0,-0.00015982193872332573,9.244075044989586e-05,0.0007484308443963528,0.0012483694590628147,0.0001864321529865265,-0.00012019509449601173,-0.0009980248287320137,-0.0017438470385968685,0.0,-0.0001650420017540455,-0.00015044910833239555,0.000524020753800869,0.0008522227872163057,0.00018999259918928146,0.0001712408848106861,-0.0007096901535987854,-0.0011184555478394032
83530,0.1,2,1,0.7095507979393005,4,0.006805479526519775,0.02924865484237671,4,0.018006086349487305,0.030204594135284424,0.12439872324466705,0.16272084414958954,0.12331483513116837,0.1557919830083847,0.05942875146865845,0.05942875146865845,0.0,0.044266700744628906,0.11910687386989594,0.0,-0.007742404937744141,0.022443175315856934,0.013930320739746094,0.02924865484237671,0.009279370307922363,-0.03062039613723755,-0.017335891723632812,-0.03644675016403198,0.0,-0.006195664405822754,0.009033024311065674,0.01219850778579712,0.030204594135284424,0.009216904640197754,-0.0027832984924316406,-0.011266648769378662,-0.023326098918914795
83696,0.1,0,0,0.16660083830356598,4,0.014861389994621277,0.049412861466407776,4,0.01305358111858368,0.03572244942188263,0.03754713013768196,0.05476633459329605,0.031953636556863785,0.04191996902227402,0.07400719821453094,0.07400719821453094,0.0,0.007125251926481724,0.018776534125208855,0.0,-0.00826120376586914,-0.005739390850067139,0.0345514714717865,0.049412861466407776,0.009608432650566101,0.006733685731887817,-0.05044861137866974,-0.07280439138412476,0.0,-0.007428646087646484,-0.007711589336395264,0.02266886830329895,0.03572244942188263,0.00878499448299408,0.009088829159736633,-0.029058948159217834,-0.043071672320365906
84126,0.1,0,2,0.0003446938644628972,4,3.2058131182566285e-05,7.495962199755013e-05,4,7.031019777059555e-06,1.8828752217814326e-05,0.00012172597780590877,0.0001465519017074257,8.841494855005294e-05,0.0001132758116000332,8.938016253523529e-05,8.938016253523529e-05,0.0,1.5667286788811907e-05,5.0624588766368106e-05,0.0,-1.5015073586255312e-05,2.9315822757780552e-05,4.2901490814983845e-05,7.495962199755013e-05,1.727955532260239e-05,-4.218463436700404e-05,-6.39912614133209e-05,-0.00012523791519924998,0.0,-6.077549187466502e-06,1.1797732440754771e-05,1.0129355359822512e-05,1.8828752217814326e-05,6.315938662737608e-06,-1.882837386801839e-05,-1.9781728042289615e-05,-3.384318551979959e-05
84510,0.1,1,10,0.0023636280093342066,4,0.00017106789164245129,0.00037504988722503185,4,0.00020223716273903847,0.0003964651841670275,0.00042295371531508863,0.0006932447431609035,0.00042888717143796384,0.0006092328694649041,0.0007084662793204188,0.0007084662793204188,0.0,9.960228635463864e-05,0.00024911464424803853,0.0,-8.621904999017715e-05,0.00019565550610423088,0.00020398199558258057,0.00037504988722503185,9.776349179446697e-05,-0.00031629810109734535,-0.00029644323512911797,-0.0006158566102385521,0.0,-0.0001227259635925293,0.00017020013183355331,0.000194228021427989,0.0003964651841670275,0.00013344595208764076,-0.0003067867364734411,-0.000283246161416173,-0.0006267912685871124
84581,0.1,0,10,0.005935305263847113,4,0.0005458625964820385,0.002073714043945074,4,0.0005216095596551895,0.0015399572439491749,0.00135031680110842,0.0017284501809626818,0.0014747048262506723,0.0018789359601214528,0.003083716379478574,0.003083716379478574,0.0,0.00015633318980690092,0.00036049855407327414,0.0,-0.00042474642395973206,-5.356268957257271e-05,0.0015278514474630356,0.002073714043945074,0.00047460198402404785,5.9845857322216034e-05,-0.002701317425817251,-0.004034726414829493,0.0,-0.0003976202569901943,-0.00021731248125433922,0.0010183476842939854,0.0015399572439491749,0.00045302417129278183,0.00024722935631871223,-0.001541612669825554,-0.002481470350176096
84942,0.1,1,1,0.0006361367995850742,4,4.765461198985577e-06,2.0729436073452234e-05,4,3.050145460292697e-05,0.00012235756730660796,0.0001856820599641651,0.0002653394767548889,0.0002012971817748621,0.0002635818091221154,0.00012736179633066058,0.0001261702855117619,1.1915108188986778e-06,6.431221117964014e-05,0.00021077274868730456,0.0,-9.173236321657896e-06,5.241890903562307e-06,1.5963974874466658e-05,2.0729436073452234e-05,9.054201655089855e-06,-3.419071435928345e-05,-3.08551243506372e-05,-5.27747324667871e-05,0.0,-4.45549376308918e-05,9.185611270368099e-05,7.195922080427408e-05,0.00012235756730660796,4.765449557453394e-05,-0.00016736856196075678,-0.00011078803800046444,-0.00020870007574558258
84993,0.1,2,0,0.15903432667255402,4,0.010588251054286957,0.04397349804639816,4,0.009686313569545746,0.038345642387866974,0.03985275700688362,0.07563343644142151,0.030391033738851547,0.04236912727355957,0.07304199039936066,0.07304199039936066,0.0,0.0054054888896644115,0.012832134030759335,0.0,-0.010438963770866394,-0.005812168121337891,0.033385246992111206,0.04397349804639816,0.011932790279388428,0.0024735182523727417,-0.047570303082466125,-0.06177285313606262,0.0,-0.015199288725852966,0.015896499156951904,0.028659328818321228,0.038345642387866974,0.01673874258995056,-0.02296048402786255,-0.03812606632709503,-0.04946644604206085
85304,0.1,3,2,0.00044252615771256387,4,1.692198566161096e-05,0.00011320511111989617,4,2.0736450096592307e-05,0.00016635635984130204,0.0001602665288373828,0.0001745736226439476,0.00012741047248709947,0.00016590945597272366,0.00023619616695214063,0.00023619616695214063,0.0,8.074765901255887e-06,2.195971683249809e-05,0.0,-3.2648356864228845e-05,3.419851418584585e-05,9.628312545828521e-05,0.00011320511111989617,3.598592593334615e-05,-6.898926221765578e-05,-0.00016871144180186093,-0.00021052747615613043,0.0,-7.029992411844432e-05,6.19633065070957e-05,0.00014561990974470973,0.00016635635984130204,7.268812623806298e-05,-0.00010044392547570169,-0.00025043569621630013,-0.0002920100523624569
85588,0.1,1,10,0.28404170274734497,4,0.015256837010383606,0.05229544639587402,2,0.02998022735118866,0.05093739926815033,0.12279567867517471,0.1448538899421692,0.04197872057557106,0.07096066325902939,0.09447494149208069,0.06046336889266968,0.03401157259941101,0.02193497121334076,0.046564981341362,0.0,-0.011796802282333374,0.011346876621246338,0.03703860938549042,0.05229544639587402,0.012669265270233154,-0.013587892055511475,-0.05730000138282776,-0.07749280333518982,0.0,0.006933242082595825,0.05093739926815033,-0.02773529291152954,-0.032557159662246704,-0.010706514120101929,-0.08725333213806152,0.02095717191696167,0.01638731360435486
86394,0.1,3,0,3.2104790210723877,2,0.08888769149780273,0.10954761505126953,4,0.06568694114685059,0.23668313026428223,0.3371616303920746,0.5326574444770813,0.21983914077281952,0.4310104548931122,0.34734129905700684,0.28269290924072266,0.06464838981628418,0.1485043466091156,0.4142991304397583,0.0,0.0029058456420898438,0.10954761505126953,-0.017194509506225586,0.014725446701049805,-0.0032320022583007812,-0.12670063972473145,0.020659923553466797,-0.007291316986083984,0.0,-0.06918787956237793,0.17099618911743164,0.1599898338317871,0.23668313026428223,0.10200619697570801,-0.16364622116088867,-0.12099099159240723,-0.1710193157196045
86782,0.1,0,8,0.00989224947988987,6,7.441267371177673e-06,0.0006802361458539963,4,0.000653853639960289,0.002576853148639202,0.0037854250986129045,0.004722578451037407,0.0030254595912992954,0.003678268985822797,0.003170151263475418,0.0030441703274846077,0.0001259809359908104,0.0005268504610285163,0.00130207440815866,0.0,-0.0002532731741666794,-0.0009541008621454239,0.0006727948784828186,0.0004701288416981697,0.0002479059621691704,0.0006802361458539963,-0.0016187308356165886,-0.001887146383523941,0.0,-0.0011003147810697556,0.0007598493248224258,0.0019229995086789131,0.002576853148639202,0.0011862553656101227,-0.0010241447016596794,-0.0029632626101374626,-0.0042967041954398155
87196,0.1,0,6,0.0008636558777652681,4,2.453703200444579e-05,5.812558811157942e-05,4,5.741819040849805e-05,0.00018415541853755713,0.00019677232194226235,0.0002657974255271256,0.00021231398568488657,0.0003123815404251218,0.00022906780941411853,0.00022906780941411853,0.0,4.6411492803599685e-05,0.00014637572166975588,0.0,-1.1791475117206573e-05,3.358855610713363e-05,3.204011591151357e-05,5.812558811157942e-05,1.3578217476606369e-05,-4.7760491725057364e-05,-5.0976232159882784e-05,-9.408959886059165e-05,0.0,-5.4787436965852976e-05,-8.253729902207851e-05,0.00012673722812905908,0.00018415541853755713,6.015051621943712e-05,8.385442197322845e-05,-0.00018817040836438537,-0.0002635476994328201
87399,0.1,0,3,0.07318484783172607,4,0.00452219694852829,0.01660715788602829,4,0.0007710382342338562,0.004999540746212006,0.01634194143116474,0.024899806827306747,0.011226920410990715,0.01581980101764202,0.022511407732963562,0.022511407732963562,0.0,0.0033551391679793596,0.009341631084680557,0.0,-0.0035991668701171875,0.003511093556880951,0.0120849609375,0.01660715788602829,0.004001326858997345,-0.004639133810997009,-0.022157974541187286,-0.033211156725883484,0.0,-0.0007901117205619812,-0.004194147884845734,0.002343319356441498,0.004999540746212006,0.0009261295199394226,0.004228502511978149,-0.0031673088669776917,-0.0072321817278862
88168,0.1,0,0,1.3619117736816406,8,0.05647778511047363,0.3269057273864746,8,0.011953473091125488,0.05725133419036865,0.29626768827438354,0.3712172210216522,0.1066034808754921,0.1829688847064972,0.37431639432907104,0.37431639432907104,0.0,0.05114210769534111,0.11333127319812775,0.0,0.0623936653137207,0.11150884628295898,-0.2759057283401489,-0.3744242191314697,-0.07905793190002441,-0.14452743530273438,0.270427942276001,0.3269057273864746,0.0,0.015950560569763184,0.012168288230895996,-0.04192817211151123,-0.058722734451293945,-0.01963984966278076,-0.014439582824707031,0.045297861099243164,0.05725133419036865
88296,0.1,3,0,0.036225877702236176,5,0.00025411322712898254,0.00025411322712898254,6,0.00027342885732650757,0.001104995608329773,0.007760435342788696,0.012335746549069881,0.0055482042953372,0.008236014284193516,0.002132747322320938,0.0,0.002132747322320938,0.0015177581226453185,0.00439436174929142,0.0,-0.0008531585335731506,-0.0002404823899269104,-0.00019301101565361023,-0.0002147369086742401,0.00025411322712898254,-0.0034346282482147217,-0.0022930502891540527,-0.003817003220319748,0.0,0.0003530159592628479,-0.0016631223261356354,-0.0010781623423099518,-0.0008124932646751404,-0.0008942820131778717,0.001104995608329773,0.0008315667510032654,6.565079092979431e-05
88510,0.1,2,6,0.0714491531252861,4,0.003976702690124512,0.02230839431285858,4,0.0034063495695590973,0.012444395571947098,0.02486662194132805,0.031617421656847,0.016262618824839592,0.021128766238689423,0.031026560813188553,0.031026560813188553,0.0,0.00477841729298234,0.011984278447926044,0.0,-0.005787834525108337,0.004850417375564575,0.01833169162273407,0.02230839431285858,0.006153814494609833,-0.00824272632598877,-0.03138372302055359,-0.03924313187599182,0.0,-0.004277125000953674,0.003012336790561676,0.009038046002388,0.012444395571947098,0.004769228398799896,-0.004804924130439758,-0.012862466275691986,-0.017574280500411987
88950,0.1,3,4,0.00020430385484360158,2,2.5506888050585985e-05,6.436194234993309e-05,6,1.2156946468167007e-05,1.2156946468167007e-05,7.457099854946136e-05,9.397578105563298e-05,6.269956065807492e-05,0.00010423862840980291,7.342062599491328e-05,3.921262396033853e-05,3.420800203457475e-05,1.2807754501409363e-05,3.195143290213309e-05,0.0,-1.9546132534742355e-05,6.436194234993309e-05,3.0511815566569567e-05,3.88550542993471e-05,1.9308150513097644e-05,-0.00013729161582887173,-5.208246875554323e-05,-6.75755727570504e-05,0.0,-1.6685808077454567e-06,-3.563566133379936e-05,-2.502871211618185e-06,-4.17146657127887e-06,-2.0261359168216586e-06,1.2156946468167007e-05,-5.0057569751515985e-06,-6.912698154337704e-06
89921,0.1,0,8,0.004503584001213312,2,0.00017209677025675774,0.00020152796059846878,4,0.0005137869156897068,0.001276436960324645,0.0016448739916086197,0.002138451673090458,0.0014463025145232677,0.0019745351746678352,0.001421414315700531,0.001148589188233018,0.0002728251274675131,0.0002588751376606524,0.0006543543422594666,0.0,6.052199751138687e-06,0.00020152796059846878,-7.91521742939949e-05,-0.00017123157158493996,-1.0324642062187195e-05,-0.00027350569143891335,2.9431190341711044e-05,-1.1869706213474274e-06,0.0,-0.0002652006223797798,-0.00016838405281305313,0.0007626500446349382,0.001276436960324645,0.00030931131914258003,0.00020223995670676231,-0.0010369070805609226,-0.0017626481130719185
90485,0.1,1,0,0.3307672142982483,6,0.03129354119300842,0.06424501538276672,4,0.016756832599639893,0.07058745622634888,0.08161552995443344,0.13002298772335052,0.06244783475995064,0.08123455941677094,0.12156333029270172,0.0954228937625885,0.02614043653011322,0.011354108341038227,0.02738947793841362,0.0,-0.009480386972427368,-0.06716841459274292,0.027551501989364624,0.0329514741897583,0.010747551918029785,0.06424501538276672,-0.03827837109565735,-0.04676768183708191,0.0,-0.03244805335998535,-0.0020082294940948486,0.053830623626708984,0.07058745622634888,0.03496620059013367,0.004069238901138306,-0.07617175579071045,-0.10087397694587708
91482,0.1,0,7,0.02469828724861145,8,0.0007724743336439133,0.0009913761168718338,6,0.0010321661829948425,0.0018635988235473633,0.009931560605764389,0.011770844459533691,0.007001438643783331,0.008884964510798454,0.002759324386715889,0.0020112376660108566,0.0007480867207050323,0.001352905761450529,0.004427018575370312,0.0,7.396936416625977e-05,-0.00017408840358257294,-0.00020408816635608673,-0.0012554973363876343,-0.00010036304593086243,0.00016748718917369843,0.00021890178322792053,0.0009913761168718338,0.0,0.00031126849353313446,-0.0019043609499931335,-0.0013629347085952759,-0.002675529569387436,-0.0004325471818447113,0.0018635988235473633,0.0005237236618995667,0.0008314326405525208
92228,0.1,3,6,1.3643808364868164,8,0.02917766571044922,0.7898527383804321,8,0.027613580226898193,0.3674139380455017,0.6367999315261841,0.7046266794204712,0.38868260383605957,0.4981459379196167,0.9428572654724121,0.9428572654724121,0.0,0.037801455706357956,0.14751721918582916,0.0,0.347564697265625,-1.0283467769622803,-1.0468597412109375,-1.1573998928070068,-0.5049430131912231,0.7606750726699829,0.7571040987968445,0.7898527383804321,0.0,0.17073678970336914,-0.05269598960876465,-0.3887594938278198,-0.4428744316101074,-0.23315393924713135,0.051267147064208984,0.3398003578186035,0.3674139380455017
93103,0.1,0,0,0.2452714443206787,4,0.01854988932609558,0.052588194608688354,4,0.004702553153038025,0.011259585618972778,0.06694182008504868,0.1181863471865654,0.03922270983457565,0.05580800399184227,0.06207403540611267,0.06207403540611267,0.0,0.011495618149638176,0.02431970089673996,0.0,-0.01032063364982605,0.0015592724084854126,0.03403830528259277,0.052588194608688354,0.012113511562347412,-0.0022317618131637573,-0.04672551155090332,-0.07457593083381653,0.0,-0.002619609236717224,-0.0014142543077468872,0.006557032465934753,0.011259585618972778,0.003172263503074646,0.0015511512756347656,-0.007687091827392578,-0.01181367039680481
93155,0.1,1,0,0.06650805473327637,4,0.0007454752922058105,0.0123511403799057,4,0.001987844705581665,0.007749438285827637,0.014292038977146149,0.019688306376338005,0.009691561572253704,0.013254590332508087,0.0196993388235569,0.0196993388235569,0.0,0.0017444448312744498,0.005304704885929823,0.0,-0.004755623638629913,-0.005079716444015503,0.01160566508769989,0.0123511403799057,0.00518311932682991,0.004185877740383148,-0.019548051059246063,-0.02075028419494629,0.0,-0.0024045631289482117,0.0006260424852371216,0.005761593580245972,0.007749438285827637,0.0027886703610420227,-0.0008751973509788513,-0.007600635290145874,-0.010191172361373901
93472,0.1,0,0,0.04694225639104843,4,0.0023616962134838104,0.008214469999074936,4,0.0009239464998245239,0.0028232038021087646,0.01532938051968813,0.019751954823732376,0.0069393860176205635,0.011310000903904438,0.010449457913637161,0.010449457913637161,0.0,0.001483200117945671,0.0048490408807992935,0.0,-0.0024092383682727814,0.002669345587491989,0.0058527737855911255,0.008214469999074936,0.0027726776897907257,-0.0034973807632923126,-0.008200570940971375,-0.012115202844142914,0.0,-0.0014942586421966553,0.0005248300731182098,0.0018992573022842407,0.0028232038021087646,0.0015454776585102081,-0.000764060765504837,-0.0029410384595394135,-0.004632685333490372
93477,0.1,0,8,0.02712823636829853,4,0.0021315161138772964,0.010316288098692894,6,0.00436989963054657,0.00629429891705513,0.010694011114537716,0.01392396166920662,0.008222512900829315,0.010948513634502888,0.014194230549037457,0.00929252803325653,0.004901702515780926,0.001678749918937683,0.004628646653145552,0.0,-0.0035488586872816086,-0.002422783523797989,0.008184771984815598,0.010316288098692894,0.0037529338151216507,0.002508338540792465,-0.014616718515753746,-0.02043679542839527,0.0,0.0007816925644874573,-0.006419898942112923,-0.0008356813341379166,-0.0014663301408290863,-0.000864662230014801,0.00629429891705513,0.0012175478041172028,0.0019243992865085602
93498,0.1,0,4,0.0015863704029470682,3,1.702224835753441e-05,0.00014342984650284052,4,0.0001314865075983107,0.000735458976123482,0.0004979406949132681,0.0006807900499552488,0.0006740533863194287,0.0008978818077594042,0.0007698817644268274,0.0007442730129696429,2.5608751457184553e-05,6.595935701625422e-05,0.00016453290299978107,0.0,-4.772597458213568e-05,3.213598392903805e-05,0.00014342984650284052,0.0001264075981453061,4.665704909712076e-05,-7.521803490817547e-05,-0.0003636599285528064,-0.0004093460738658905,0.0,-0.00024895952083170414,-5.3081661462783813e-05,0.0006039724685251713,0.000735458976123482,0.0002602123422548175,6.224960088729858e-05,-0.0011091302148997784,-0.0013680355623364449
94257,0.1,3,0,0.13493172824382782,8,0.006262741982936859,0.04471724480390549,2,0.05175803601741791,0.05859658122062683,0.058247536420822144,0.06974716484546661,0.05526379495859146,0.06394485384225845,0.08249896764755249,0.04741264879703522,0.03508631885051727,0.003363545285537839,0.01086685061454773,0.0,0.015345439314842224,-0.02036339044570923,-0.06673702597618103,-0.09251639246940613,-0.02333928644657135,0.009380847215652466,0.03845450282096863,0.04471724480390549,0.0,0.0013856887817382812,0.05859658122062683,-0.005567461252212524,-0.0023393481969833374,-0.0013711899518966675,-0.10733859241008759,0.006838545203208923,0.0038107335567474365
94417,0.1,3,6,0.012228045612573624,4,0.00018905382603406906,0.0022250842303037643,4,0.000566151924431324,0.0025020046159625053,0.003773290663957596,0.005572348367422819,0.0032962083350867033,0.004842884838581085,0.004338152706623077,0.004338152706623077,0.0,0.0006248810095712543,0.0016299461713060737,0.0,-0.0006281724199652672,0.0020360304042696953,0.0017685582861304283,0.0022250842303037643,0.0006980923935770988,-0.003528466448187828,-0.002771886996924877,-0.0035648420453071594,0.0,-0.0007392624393105507,0.0012019965797662735,0.0019358526915311813,0.0025020046159625053,0.0008752252906560898,-0.0015796860679984093,-0.0023456262424588203,-0.0029688049107789993
94718,0.1,3,2,0.00016985881666187197,4,8.701172191649675e-06,4.755756526719779e-05,4,3.933353582397103e-06,2.979770943056792e-05,6.713550828862935e-05,7.655209628865123e-05,3.4845601476263255e-05,5.635417619487271e-05,6.925124034751207e-05,6.925124034751207e-05,0.0,3.832253241853323e-06,1.4327643839351367e-05,0.0,-2.3479966330341995e-05,2.7056288672611117e-05,3.885639307554811e-05,4.755756526719779e-05,2.3957283701747656e-05,-4.767447535414249e-05,-6.579018372576684e-05,-8.593160600867122e-05,0.0,-1.8116566934622824e-05,1.1323034414090216e-05,2.5864355848170817e-05,2.979770943056792e-05,1.9189625163562596e-05,-2.2884021745994687e-05,-3.790139453485608e-05,-4.397978773340583e-05
94935,0.1,0,2,0.00022754464589525014,4,1.2514283298514783e-05,1.8950144294649363e-05,4,9.653871529735625e-06,1.716238330118358e-05,6.484915502369404e-05,7.454527076333761e-05,4.692914808401838e-05,6.365722219925374e-05,3.4801807487383485e-05,3.4801807487383485e-05,0.0,6.460289114329498e-06,1.6639540262985975e-05,0.0,-3.456269041635096e-06,-3.217908670194447e-06,6.435860996134579e-06,1.8950144294649363e-05,4.052199074067175e-06,3.5754783311858773e-06,-8.342714863829315e-06,-2.6815614546649158e-05,0.0,-5.2440009312704206e-06,-6.197456968948245e-06,7.5085117714479566e-06,1.716238330118358e-05,5.959125701338053e-06,7.150956662371755e-06,-9.653711458668113e-06,-2.324023807886988e-05
94991,0.1,0,6,0.001261987374164164,4,8.108862675726414e-05,0.0001583609264343977,4,0.00014448206638917327,0.0005123228183947504,0.0003100590838585049,0.0004439087933860719,0.00036558214924298227,0.0005322518991306424,0.0006078615551814437,0.0006078615551814437,0.0,5.9556623455137014e-05,0.00014597564586438239,0.0,-2.1668500266969204e-05,2.297863829880953e-05,7.727229967713356e-05,0.0001583609264343977,2.5479006581008434e-05,-2.6192632503807545e-05,-0.00011500436812639236,-0.0002607051283121109,0.0,-0.00012786115985363722,0.0001200186088681221,0.0003678407520055771,0.0005123228183947504,0.00014573882799595594,-0.0001642878632992506,-0.0005910720210522413,-0.000870299176312983
95492,0.1,1,0,3.840467691421509,8,0.03338885307312012,0.09656333923339844,6,0.012141942977905273,0.03473782539367676,0.26085156202316284,0.576240062713623,0.17619261145591736,0.29804766178131104,0.13721084594726562,0.08407354354858398,0.05313730239868164,0.11732302606105804,0.268352746963501,0.0,0.011893987655639648,0.026722431182861328,-0.05016756057739258,-0.08031845092773438,-0.01412200927734375,-0.02911853790283203,0.06317448616027832,0.09656333923339844,0.0,-0.0066831111907958984,-0.022124290466308594,0.022595882415771484,0.022531747817993164,0.00952601432800293,0.03473782539367676,-0.020886898040771484,-0.016022443771362305
95557,0.1,3,0,0.07679229974746704,4,0.005591239780187607,0.014502491801977158,4,0.0027806535363197327,0.009028881788253784,0.019740821793675423,0.031052200123667717,0.010793876834213734,0.014495685696601868,0.0219639353454113,0.0219639353454113,0.0,0.003401282476261258,0.007553862873464823,0.0,-0.0030088797211647034,0.006725579500198364,0.00891125202178955,0.014502491801977158,0.0034882426261901855,-0.010285869240760803,-0.012156099081039429,-0.020177215337753296,0.0,-0.0030791014432907104,0.00142747163772583,0.0062482282519340515,0.009028881788253784,0.0034273117780685425,-0.004333965480327606,-0.008858472108840942,-0.012610353529453278
96126,0.1,1,0,0.3466416895389557,4,0.023568347096443176,0.10839451849460602,4,0.01965293288230896,0.09203028678894043,0.10585002601146698,0.15181715786457062,0.0652645006775856,0.10291952639818192,0.1743672788143158,0.1743672788143158,0.0,0.014378043822944164,0.0374157540500164,0.0,-0.029317468404769897,0.014233142137527466,0.08482617139816284,0.10839451849460602,0.03218662738800049,-0.01949155330657959,-0.12702754139900208,-0.1624722182750702,0.0,-0.0359589159488678,-0.009931623935699463,0.07237735390663147,0.09203028678894043,0.03892296552658081,0.006679743528366089,-0.10423234105110168,-0.12941989302635193
96228,0.1,3,2,8.153582894010469e-05,4,4.768051439896226e-06,1.633047213545069e-05,6,6.556045264005661e-06,1.323124160990119e-05,2.1223713702056557e-05,2.650437454576604e-05,1.920920294651296e-05,2.4758055587881245e-05,2.6462654204806313e-05,2.1694555471185595e-05,4.768098733620718e-06,3.7489521673705895e-06,8.612430065113585e-06,0.0,-6.079157174099237e-06,1.1562420695554465e-05,1.1204821930732578e-05,1.633047213545069e-05,6.198395567480475e-06,-2.240926551166922e-05,-1.9786930351983756e-05,-2.9680253646802157e-05,0.0,-3.218381607439369e-06,-2.1336498321034014e-05,5.721594789065421e-06,6.675196345895529e-06,3.2183961593545973e-06,1.323124160990119e-05,-8.93992546480149e-06,-1.1204698239453137e-05
96389,0.1,3,6,0.023792939260601997,4,0.00044134072959423065,0.0037540439516305923,4,0.0007919240742921829,0.006307894363999367,0.0066899498924613,0.009546286426484585,0.006304659880697727,0.008835927583277225,0.009073714725673199,0.009073714725673199,0.0,0.0016307110199704766,0.0038981649558991194,0.0,-0.0012651197612285614,0.0010685995221138,0.0033127032220363617,0.0037540439516305923,0.0014484450221061707,-0.001809529960155487,-0.004723541438579559,-0.005436856299638748,0.0,-0.002734370529651642,0.004529839381575584,0.005515970289707184,0.006307894363999367,0.003008738160133362,-0.007161229848861694,-0.008138639852404594,-0.009491411969065666
97174,0.1,3,2,0.0005850272136740386,4,1.6087433323264122e-05,0.00023199160932563245,4,3.276870120316744e-05,0.00017944024875760078,0.00022511060524266213,0.0002872629265766591,0.00013170597958378494,0.0001914160093292594,0.0003461603191681206,0.0003461603191681206,0.0,1.6970087017398328e-05,5.7526674936525524e-05,0.0,-5.039479583501816e-05,0.00021590417600236833,0.00016156627680175006,0.00023199160932563245,5.385250551626086e-05,-0.0004629883333109319,-0.0002931595081463456,-0.0004750157822854817,0.0,-4.836951848119497e-05,0.00014667154755443335,0.00012927476200275123,0.00017944024875760078,5.2780203986912966e-05,-0.00027243513613939285,-0.00021216511959210038,-0.00030638003954663873
97375,0.1,3,6,0.007885516621172428,2,0.0003168904222548008,0.0017695091664791107,4,0.0005289595574140549,0.0023604370653629303,0.001576817943714559,0.002822096459567547,0.0023079090751707554,0.0031940541230142117,0.0035910573787987232,0.0034062606282532215,0.0001847967505455017,0.0004241949936840683,0.0012157064629718661,0.0,-0.0004090219736099243,0.0017695091664791107,0.0011252905242145061,0.00145261874422431,0.000457229558378458,-0.0033368198201060295,-0.0016062753275036812,-0.0022044237703084946,0.0,-0.0009475080296397209,0.0008952543139457703,0.0018314775079488754,0.0023604370653629303,0.0010131662711501122,-0.0010549109429121017,-0.0026193875819444656,-0.003465300425887108
97604,0.1,0,6,4.397755146026611,8,0.0,0.020969867706298828,7,0.0,4.76837158203125e-07,0.7932186126708984,0.8900408744812012,0.4845622479915619,0.6632996201515198,0.02097034454345703,0.020969867706298828,4.76837158203125e-07,0.1459316909313202,0.3724655508995056,0.0,0.01128530502319336,-0.017357826232910156,-0.017357826232910156,-0.017357826232910156,-0.013934612274169922,0.020969867706298828,0.020969867706298828,0.020969867706298828,0.0,4.76837158203125e-07,4.76837158203125e-07,4.76837158203125e-07,4.76837158203125e-07,4.76837158203125e-07,4.76837158203125e-07,4.76837158203125e-07,0.0
1034,0.2,2,6,0.015241583809256554,4,0.00038167834281921387,0.008194619789719582,6,0.0005614785477519035,0.0020317798480391502,0.00831691361963749,0.009979440830647945,0.0058153243735432625,0.009241786785423756,0.009194061160087585,0.00744655029848218,0.0017475108616054058,0.0010872429702430964,0.0026175889652222395,0.0,-0.0042945221066474915,0.007812941446900368,0.006842894479632378,0.008194619789719582,0.004458678886294365,-0.028721073642373085,-0.020394103601574898,-0.02713841386139393,0.0,0.0006781332194805145,-0.0027070045471191406,-0.002148570492863655,-0.0023936256766319275,-0.0017679817974567413,0.0020317798480391502,0.0014703013002872467,0.0009220633655786514
1517,0.2,0,0,0.028113214299082756,4,0.0028438419103622437,0.010020265355706215,4,0.0015267543494701385,0.003614984452724457,0.00962122157216072,0.013611877337098122,0.006825030781328678,0.010900624096393585,0.011894702911376953,0.011894702911376953,0.0,0.0012814992805942893,0.004035003017634153,0.0,-0.0019422955811023712,0.00011463649570941925,0.007176423445343971,0.010020265355706215,0.0025616399943828583,-0.0006370414048433304,-0.016940610483288765,-0.02336401306092739,0.0,-0.0008730757981538773,-0.0003328230232000351,0.0020882301032543182,0.003614984452724457,0.0012119375169277191,0.0001188088208436966,-0.0038080867379903793,-0.006270097568631172
2059,0.2,0,0,0.03685593232512474,4,0.004446404054760933,0.012835327535867691,8,2.8077512979507446e-05,0.0014849789440631866,0.01463329792022705,0.018635321408510208,0.0075483559630811214,0.011467577889561653,0.013676060363650322,0.010837104171514511,0.002838956192135811,0.0035008967388421297,0.008865113370120525,0.0,-0.0022595152258872986,-0.006100356578826904,0.008388923481106758,0.012835327535867691,0.0031620971858501434,0.00760587677359581,-0.015322837978601456,-0.023882675915956497,0.0,0.00039957091212272644,0.0008057430386543274,-0.0018248334527015686,-0.0032284073531627655,-0.000740688294172287,-0.001536928117275238,0.0014569014310836792,0.0014849789440631866
2405,0.2,0,0,0.028378600254654884,2,0.0007758047431707382,0.002070605754852295,4,0.00041309744119644165,0.001910381019115448,0.011508665978908539,0.016726642847061157,0.00835116021335125,0.013518912717700005,0.0036467015743255615,0.002830512821674347,0.0008161887526512146,0.00200415076687932,0.006093497853726149,0.0,-0.0004083719104528427,0.002070605754852295,0.0007679592818021774,0.0012948010116815567,0.0005781445652246475,-0.003592928871512413,-0.0013986621052026749,-0.0025543030351400375,0.0,-0.0010178983211517334,-0.0008231773972511292,0.0014972835779190063,0.001910381019115448,0.001252220943570137,-3.059022128582001e-05,-0.003381500020623207,-0.005807502195239067
2505,0.2,3,6,0.01846177503466606,6,0.0006904173642396927,0.001795310527086258,4,0.0003242790699005127,0.005566956475377083,0.008419271558523178,0.011000468395650387,0.009577213786542416,0.013810374774038792,0.0068250615149736404,0.005073990672826767,0.0017510708421468735,0.0009365255245938897,0.0025825530756264925,0.0,0.00039364583790302277,-0.0020157750695943832,-0.0012750327587127686,-0.000691751018166542,-0.0007663611322641373,0.001795310527086258,0.0011048931628465652,0.0002160593867301941,0.0,-0.0036217886954545975,0.00524267740547657,0.004825952462852001,0.005566956475377083,0.00445500947535038,-0.009159650653600693,-0.008775860071182251,-0.00988553836941719
2701,0.2,2,2,0.39911386370658875,4,0.010954082012176514,0.025596827268600464,8,0.009655565023422241,0.06536373496055603,0.16838142275810242,0.21265801787376404,0.15344922244548798,0.19832225143909454,0.08739131689071655,0.04707002639770508,0.040321290493011475,0.016000892966985703,0.04322771728038788,0.0,-0.011258542537689209,-0.001054525375366211,0.01464274525642395,0.025596827268600464,0.012931197881698608,-0.00790858268737793,-0.03546363115310669,-0.055218636989593506,0.0,0.03105136752128601,-0.037331342697143555,-0.039767563343048096,-0.04893466830253601,-0.04791197180747986,0.05260300636291504,0.05570816993713379,0.06536373496055603
2931,0.2,0,2,0.00029976642690598965,8,0.0,4.004311631433666e-05,1,2.383312676101923e-07,2.383312676101923e-07,0.00011216094571864232,0.00015828097821213305,0.00014977698447182775,0.00018046887998934835,4.004311631433666e-05,3.75403615180403e-05,2.502754796296358e-06,1.811176298360806e-05,4.518072455539368e-05,0.0,1.9187136786058545e-05,-3.658561035990715e-05,-3.658561035990715e-05,-3.658561035990715e-05,-3.46789020113647e-05,4.004311631433666e-05,4.004311631433666e-05,4.004311631433666e-05,0.0,2.383312676101923e-07,-1.668435288593173e-06,-1.668435288593173e-06,-1.668435288593173e-06,-3.098510205745697e-06,-9.533832781016827e-07,-9.533832781016827e-07,-9.533832781016827e-07
3232,0.2,3,2,0.056679632514715195,4,0.001203645020723343,0.0033867433667182922,2,0.002326950430870056,0.004713829606771469,0.01264296006411314,0.02475636452436447,0.02904917672276497,0.032336052507162094,0.007338464260101318,0.00527668371796608,0.0020617805421352386,0.002552717225626111,0.008432334288954735,0.0,-0.0018209777772426605,-0.002763081341981888,0.0021830983459949493,0.0033867433667182922,0.0016214214265346527,-0.003499917685985565,-0.00810612365603447,-0.011704083532094955,0.0,-2.0500272512435913e-05,0.004713829606771469,-5.361810326576233e-05,0.002386879175901413,0.0011822953820228577,-0.0029523372650146484,0.002123720943927765,-0.0007747821509838104
3373,0.2,1,6,0.0008531744824722409,4,9.292946197092533e-05,0.00032152316998690367,4,0.0001215054071508348,0.00018975645070895553,0.0005023324047215283,0.0005490463227033615,0.00034114933805540204,0.00041517033241689205,0.00043019017903134227,0.00043019017903134227,0.0,3.8202888390515e-05,0.00010402066982351243,0.0,-0.00010123633546754718,-7.99180124886334e-05,0.00022859370801597834,0.00032152316998690367,0.00012757244985550642,8.85009067133069e-05,-0.0005577445263043046,-0.000921468366868794,0.0,-5.5740762036293745e-05,-6.741262041032314e-05,5.348079139366746e-05,0.00018975645070895553,6.825104355812073e-05,4.966912092640996e-05,-0.0001418470637872815,-0.0004171469481661916
3406,0.2,2,6,9.910160064697266,8,0.06843376159667969,0.1666097640991211,8,0.00032711029052734375,0.12103557586669922,1.313034176826477,1.597533106803894,1.050066590309143,1.4112707376480103,0.29042625427246094,0.29042625427246094,0.0,0.29310283064842224,0.6289826035499573,0.0,0.052867889404296875,-0.027994155883789062,-0.05431938171386719,-0.09677505493164062,-0.066497802734375,0.07796001434326172,0.0981760025024414,0.1666097640991211,0.0,0.03591632843017578,-0.01881694793701172,0.013904571533203125,-0.042962074279785156,-0.0011243820190429688,0.12070846557617188,0.025269508361816406,0.12103557586669922
3412,0.2,2,6,0.006850802339613438,4,0.0008357600308954716,0.002552900929003954,4,0.0006958909798413515,0.0031912249978631735,0.004787595011293888,0.00523013062775135,0.0029897429049015045,0.003974853549152613,0.004549969919025898,0.004549969919025898,0.0,0.0001708611089270562,0.0004702700243797153,0.0,-0.001143873669207096,0.00020212121307849884,0.0017171408981084824,0.002552900929003954,0.0013863048516213894,-0.0004711030051112175,-0.0038580400869250298,-0.007000548765063286,0.0,-0.002043427899479866,0.002495334018021822,0.0022497917525470257,0.0031912249978631735,0.002191293053328991,-0.006468522362411022,-0.005055234767496586,-0.008356262929737568
3752,0.2,3,6,0.010682187043130398,5,0.0005850344896316528,0.00541262049227953,5,0.0008185016922652721,0.0038485522381961346,0.007451266050338745,0.00817867461591959,0.0041529228910803795,0.006113565992563963,0.006918450817465782,0.006918450817465782,0.0,0.00038676359690725803,0.0008897652151063085,0.0,-0.009725752286612988,0.0041824886575341225,0.004374493379145861,0.004827586002647877,0.00541262049227953,-0.017223190516233444,-0.015344074927270412,-0.018911540508270264,0.0,-0.0052053919062018394,0.0030300505459308624,0.002367904409766197,0.0029074987396597862,0.0038485522381961346,-0.007636216469109058,-0.004984199069440365,-0.006458514370024204
4494,0.2,0,6,0.10142058879137039,4,0.001102350652217865,0.008228592574596405,4,0.007437765598297119,0.02270348370075226,0.038398586213588715,0.05378156527876854,0.04265083372592926,0.06094951182603836,0.0291660875082016,0.0291660875082016,0.0,0.005821730010211468,0.0184448454529047,0.0,-0.002959303557872772,0.00712624192237854,0.005911871790885925,0.008228592574596405,0.004179440438747406,-0.013122022151947021,-0.009688235819339752,-0.014154694974422455,0.0,-0.011519528925418854,0.009521789848804474,0.01526571810245514,0.02270348370075226,0.015192009508609772,-0.014052629470825195,-0.027208782732486725,-0.04316996783018112
5115,0.2,3,6,0.9633503556251526,6,0.12461358308792114,0.5632617473602295,6,0.026727616786956787,0.375845730304718,0.6404706239700317,0.7301382422447205,0.5428042411804199,0.6998510956764221,0.7527740001678467,0.7527740001678467,0.0,0.027609188109636307,0.08776433765888214,0.0,0.16651755571365356,-0.7418301701545715,-0.42875081300735474,-0.5397631525993347,-0.29215437173843384,0.5632617473602295,0.3891230821609497,0.43864816427230835,0.0,0.24752295017242432,-0.7379264235496521,-0.4950255751609802,-0.5734793543815613,-0.6261997818946838,0.375845730304718,0.3326879143714905,0.34911811351776123
5140,0.2,1,0,0.011469616554677486,4,0.00046478211879730225,0.0022258302196860313,2,0.0006163511425256729,0.000684116967022419,0.0046384925954043865,0.0066886902786791325,0.0018447221955284476,0.003828753950074315,0.002625248394906521,0.0005904845893383026,0.0020347638055682182,0.0010466957464814186,0.0025987860281020403,0.0,-0.0005318326875567436,-9.203609079122543e-05,0.001761048100888729,0.0022258302196860313,0.0006921356543898582,-0.00032026413828134537,-0.004231740720570087,-0.005445481278002262,0.0,6.776582449674606e-05,0.000684116967022419,-0.0020275525748729706,-0.0025504324585199356,-0.0006584459915757179,-0.0033526215702295303,-0.001238187775015831,-0.0017299521714448929
5457,0.2,1,9,0.0057856240309774876,2,0.00019090576097369194,0.0017891423776745796,6,0.00010620895773172379,0.00018064351752400398,0.0031222407706081867,0.0038156178779900074,0.0008953280630521476,0.001780989463441074,0.0022396009881049395,0.0008069835603237152,0.0014326174277812243,0.00035706418566405773,0.0009874561801552773,0.0,-0.0002929423935711384,0.0017891423776745796,0.000768433790653944,0.0015982366167008877,0.0004061376675963402,-0.004577477928251028,-0.0014437353238463402,-0.003984804730862379,0.0,-8.651986718177795e-06,-0.0021072248928248882,7.44345597922802e-05,-0.0005602128803730011,-8.296221494674683e-06,0.00018064351752400398,-0.00017195986583828926,-0.00024353200569748878
5635,0.2,3,0,0.28269320726394653,5,0.009584903717041016,0.02462974190711975,5,0.022794976830482483,0.05712321400642395,0.10301699489355087,0.14796707034111023,0.07712124288082123,0.09820038080215454,0.07645563781261444,0.07645563781261444,0.0,0.02807711996138096,0.055794138461351395,0.0,-0.018658608198165894,0.014425128698348999,0.01383557915687561,0.015044838190078735,0.02462974190711975,-0.024996846914291382,-0.022887080907821655,-0.02494513988494873,0.0,-0.04699355363845825,0.03432823717594147,0.024486005306243896,0.027359098196029663,0.05712321400642395,-0.05610659718513489,-0.040463805198669434,-0.04436284303665161
5776,0.2,3,0,0.04538675397634506,2,1.1175870895385742e-07,0.00788898766040802,8,0.0,0.0,0.01874786615371704,0.031643591821193695,0.009826461784541607,0.015549828298389912,0.00788898766040802,0.00788898766040802,0.0,0.002701063174754381,0.006465221755206585,0.0,-0.00545506551861763,0.00788898766040802,0.007888875901699066,0.007888875901699066,0.007045634090900421,-0.014910873025655746,-0.014910873025655746,-0.014910873025655746,0.0,0.0,0.0,0.0,0.0,0.0,0.0,0.0,0.0
5926,0.2,3,2,0.1194031834602356,5,0.0003035515546798706,0.009725227952003479,5,0.0046771615743637085,0.025514855980873108,0.04252173379063606,0.056771937757730484,0.0540960319340229,0.06479847431182861,0.034833118319511414,0.034833118319511414,0.0,0.006261018570512533,0.019008273258805275,0.0,-0.009564071893692017,0.002797462046146393,0.006962038576602936,0.009421676397323608,0.009725227952003479,-0.007401272654533386,-0.01417185366153717,-0.019724130630493164,0.0,-0.017083734273910522,-0.0012659505009651184,0.014785438776016235,0.0208376944065094,0.025514855980873108,0.003642924129962921,-0.021848678588867188,-0.02942870557308197
6530,0.2,0,2,0.0003302744007669389,4,5.780438368674368e-05,0.00014956944505684078,4,8.950989285949618e-05,0.00019307392358314246,0.00015658406482543796,0.00019524323579389602,0.00014228737563826144,0.000179825714440085,0.00025529455160722136,0.00025529455160722136,0.0,1.198520931211533e-05,3.4615342883626e-05,0.0,-2.883869456127286e-05,5.398545181378722e-05,9.17650613700971e-05,0.00014956944505684078,3.682420356199145e-05,-0.0001245248131453991,-0.00026857294142246246,-0.0006041281740181148,0.0,-4.74285043310374e-05,5.029098247177899e-05,0.00010356403072364628,0.00019307392358314246,5.9348385548219085e-05,-0.00010224257130175829,-0.00026428396813571453,-0.0006818960537202656
7004,0.2,3,2,1.5735502529423684e-05,5,2.026530637522228e-06,3.57622866431484e-06,5,2.1457390175783075e-06,3.57622866431484e-06,4.041140527988318e-06,5.370308372221189e-06,3.3795363378885668e-06,4.905397418042412e-06,6.675637450825889e-06,6.675637450825889e-06,0.0,8.821398296277039e-07,2.2649460333923344e-06,0.0,-5.245112333795987e-06,1.192074705613777e-06,1.0728672350523993e-06,1.549698026792612e-06,3.57622866431484e-06,-2.384145773248747e-06,-2.384145773248747e-06,-3.3378018997609615e-06,0.0,-7.5100379035575315e-06,5.960373528068885e-07,9.536597644910216e-07,1.4304896467365324e-06,3.57622866431484e-06,-1.6689027688698843e-06,-1.788110239431262e-06,-2.8609738365048543e-06
7026,0.2,3,2,0.000278195773717016,5,3.4682772820815444e-05,8.998201519716531e-05,6,3.3727745176292956e-05,4.3381049181334674e-05,0.00013639475218951702,0.00018003175500780344,0.00012756312207784504,0.00017441755335312337,0.000116680224891752,9.451112418901175e-05,2.2169100702740252e-05,3.303549237898551e-05,9.011629299493507e-05,0.0,-9.819632396101952e-05,2.633826807141304e-05,4.3142688809894025e-05,5.5299242376349866e-05,8.998201519716531e-05,-5.07677614223212e-05,-8.67564813233912e-05,-0.00011702411575242877,0.0,-1.620783586986363e-05,-3.599055344238877e-05,8.223170880228281e-06,9.653304005041718e-06,6.554706487804651e-06,4.3381049181334674e-05,-1.3585988199338317e-05,-1.7637910787016153e-05
7328,0.2,3,2,5.173549288883805e-05,5,6.1986138462089e-06,1.1562769941519946e-05,6,3.0992923711892217e-06,5.721765774069354e-06,1.7374019080307335e-05,2.8561476938193664e-05,1.669455014052801e-05,2.6499204977881163e-05,1.5734935004729778e-05,2.622473402880132e-06,1.3112461601849645e-05,3.1172417038760614e-06,8.141814760165289e-06,0.0,-1.1324234947096556e-05,5.00654277857393e-06,5.00654277857393e-06,5.364156095311046e-06,1.1562769941519946e-05,-9.059396688826382e-06,-9.059396688826382e-06,-9.774608770385385e-06,0.0,2.622473402880132e-06,-6.913756806170568e-06,-3.0992778192739934e-06,-2.9800758056808263e-06,-1.5615485608577728e-05,5.721765774069354e-06,2.503267751308158e-06,1.5496407286264002e-06
7540,0.2,1,0,1.283864140510559,8,0.06711351871490479,0.18481814861297607,8,0.016812443733215332,0.1220099925994873,0.4871486723423004,0.6368682980537415,0.3468720018863678,0.5222228169441223,0.28994160890579224,0.28994160890579224,0.0,0.15556347370147705,0.34461501240730286,0.0,0.04471290111541748,0.0034912824630737305,-0.08993232250213623,-0.15133535861968994,-0.07213711738586426,-0.012196063995361328,0.11770462989807129,0.18481814861297607,0.0,0.05873918533325195,-0.013638615608215332,-0.07588112354278564,-0.09202980995178223,-0.09213483333587646,0.019237399101257324,0.10519754886627197,0.1220099925994873
8092,0.2,0,0,0.47523123025894165,2,0.04834291338920593,0.06436941027641296,4,0.03462916612625122,0.15378674864768982,0.20931021869182587,0.28931549191474915,0.16270485520362854,0.22040227055549622,0.19950544834136963,0.12901991605758667,0.07048553228378296,0.03905252367258072,0.08473645150661469,0.0,0.0014154016971588135,0.06436941027641296,-0.0030692219734191895,0.012274622917175293,2.1219253540039062e-05,-0.09064334630966187,0.01602649688720703,0.0008248388767242432,0.0,-0.034756481647491455,-0.030709266662597656,0.1191575825214386,0.15378674864768982,0.06279149651527405,0.054588764905929565,-0.10437017679214478,-0.11449927091598511
8903,0.2,3,0,0.03307516127824783,4,0.0015931297093629837,0.008248019963502884,4,0.003635607659816742,0.008447470143437386,0.011675604619085789,0.018966050818562508,0.007348500192165375,0.011561182327568531,0.014991812407970428,0.014991812407970428,0.0,0.002224820200353861,0.006123166065663099,0.0,-0.002285204827785492,0.0066548902541399,0.004140404984354973,0.008248019963502884,0.003054354339838028,-0.007983546704053879,-0.007475990802049637,-0.01653001829981804,0.0,-0.003670811653137207,0.0016768164932727814,0.004811862483620644,0.008447470143437386,0.00466063991189003,-0.001872718334197998,-0.008775319904088974,-0.01600896194577217
9052,0.2,1,9,0.0083291782066226,6,0.00033356714993715286,0.004632068797945976,2,0.001214697491377592,0.0012741643004119396,0.005008726846426725,0.005800411570817232,0.0024348075967282057,0.003743831068277359,0.005163941066712141,0.003869266714900732,0.001294674351811409,0.0006466542836278677,0.0015102479374036193,0.0,-0.0009061042219400406,-0.0063185058534145355,0.003331559244543314,0.004298501648008823,0.0012155724689364433,0.004632068797945976,-0.007636656053364277,-0.009864446707069874,0.0,3.7122517824172974e-05,0.0012741643004119396,-0.0006510643288493156,-0.0008600391447544098,-0.00012495089322328568,-0.0028007375076413155,5.9466809034347534e-05,-0.0005506379529833794
9207,0.2,0,6,0.026905221864581108,4,0.0009367335587739944,0.005581282079219818,4,0.00012593157589435577,0.0020847097039222717,0.012867982499301434,0.015846433117985725,0.011726638302206993,0.018627412617206573,0.00724777951836586,0.00724777951836586,0.0,0.0018997822189703584,0.004794728942215443,0.0,-0.0029765237122774124,0.0029666684567928314,0.004644548520445824,0.005581282079219818,0.003743870183825493,-0.0054688286036252975,-0.00932169146835804,-0.011898020282387733,0.0,-0.0015769638121128082,0.00043897703289985657,0.0015888679772615433,0.0020847097039222717,0.001958778128027916,-0.0009950529783964157,-0.0028205476701259613,-0.0038851629942655563
9457,0.2,3,0,0.015211292542517185,5,0.0001541515812277794,0.0015574777498841286,5,0.0024506403133273125,0.004803949035704136,0.0072851949371397495,0.010816935449838638,0.004130812827497721,0.006163530983030796,0.006147407926619053,0.006147407926619053,0.0,0.0015325751155614853,0.004893207922577858,0.0,-0.003457016311585903,0.0010882755741477013,0.0010940348729491234,0.0014033261686563492,0.0015574777498841286,-0.004415291361510754,-0.0033873962238430977,-0.005066405050456524,0.0,-0.005316943861544132,0.0023397747427225113,0.0016472050920128822,0.0023533087223768234,0.004803949035704136,-0.004379988647997379,-0.0028563691303133965,-0.004225791431963444
9522,0.2,0,0,0.024919351562857628,4,0.0011993013322353363,0.005394000560045242,4,0.0015835482627153397,0.004391932860016823,0.01027284748852253,0.013980867341160774,0.0057255569845438,0.00914376974105835,0.008406715467572212,0.008406715467572212,0.0,0.0011678666342049837,0.004873952362686396,0.0,-0.001191113144159317,-0.0033037345856428146,0.004064982756972313,0.005394000560045242,0.0016088001430034637,0.004194699227809906,-0.008942404761910439,-0.013259878382086754,0.0,-0.0012233983725309372,-0.0011086519807577133,0.002808384597301483,0.004391932860016823,0.0016337241977453232,0.0012573786079883575,-0.005042800679802895,-0.007423883303999901
9664,0.2,1,8,1.179269552230835,4,0.003404855728149414,0.7217376232147217,4,0.01894378662109375,0.17978155612945557,0.808752715587616,0.959047794342041,0.5901439189910889,0.7870171070098877,0.8073418140411377,0.804642915725708,0.0026988983154296875,0.07343044131994247,0.281982958316803,0.0,-0.12860870361328125,0.12884306907653809,0.7183327674865723,0.7217376232147217,0.21912157535552979,0.001109004020690918,-0.6441754102706909,-0.5477508306503296,0.0,-0.05240774154663086,0.13303685188293457,0.16083776950836182,0.17978155612945557,0.08548152446746826,-0.18544721603393555,-0.20880675315856934,-0.19464027881622314
10681,0.2,3,2,1.883488948806189e-05,2,1.0728708730312064e-06,7.629279025422875e-06,2,3.3378182706655934e-06,7.986903256096411e-06,4.935184733767528e-06,7.77828972786665e-06,5.698113909602398e-06,8.076309313764796e-06,1.1920774340978824e-05,1.1920774340978824e-05,0.0,1.084792074834695e-06,3.1172787657851586e-06,0.0,-4.053032171213999e-06,7.629279025422875e-06,4.1722541936906055e-06,6.556408152391668e-06,4.291461664251983e-06,-3.0158927984302863e-05,-1.001334203465376e-05,-2.09802201425191e-05,0.0,-2.9801722121192142e-06,7.986903256096411e-06,1.3112767192069441e-06,4.649084985430818e-06,2.5033496058313176e-06,-2.765565295703709e-05,-4.1722378227859735e-06,-1.2874279491370544e-05
11027,0.2,2,2,2.313966989517212,8,0.0424649715423584,0.5303909778594971,8,0.07332754135131836,0.31280040740966797,0.6578838229179382,1.037395715713501,0.5951615571975708,0.7405064105987549,0.7812131643295288,0.7812131643295288,0.0,0.07147067040205002,0.1815633475780487,0.0,0.11704683303833008,-0.28368330001831055,-0.33715152740478516,-0.3730149269104004,-0.17184972763061523,0.4340026378631592,0.48792600631713867,0.5303909778594971,0.0,0.09541463851928711,0.05430126190185547,-0.3126819133758545,-0.4441640377044678,-0.16559386253356934,-0.1274113655090332,0.2394728660583496,0.31280040740966797
11462,0.2,1,2,2.6410181522369385,7,0.009711265563964844,0.7719426155090332,6,0.247544527053833,0.4473447799682617,0.7904843091964722,1.0585004091262817,0.6472679376602173,0.9231656789779663,1.0566397905349731,0.773141622543335,0.2834981679916382,0.38511934876441956,0.7376562356948853,0.0,0.14386820793151855,-0.19615530967712402,-0.9430842399597168,-1.047435998916626,-0.22775793075561523,0.17628240585327148,0.7719426155090332,0.7622313499450684,0.0,0.049512386322021484,-0.28137993812561035,-0.10539412498474121,-0.04868721961975098,-0.06162142753601074,0.4473447799682617,0.1998002529144287,0.18648123741149902
11911,0.2,0,0,0.40670934319496155,4,0.04474717378616333,0.11308106780052185,4,0.0365467369556427,0.0931822657585144,0.20363211631774902,0.29487594962120056,0.12287207692861557,0.14322611689567566,0.18181762099266052,0.18181762099266052,0.0,0.01746947690844536,0.060080185532569885,0.0,-0.01969286799430847,0.006757497787475586,0.06833389401435852,0.11308106780052185,0.030199706554412842,-0.010180920362472534,-0.11532053351402283,-0.20321491360664368,0.0,-0.020506680011749268,-0.016099631786346436,0.056635528802871704,0.0931822657585144,0.03357622027397156,0.0257682204246521,-0.07238194346427917,-0.11191317439079285
12006,0.2,3,2,2.0503786799963564e-05,4,5.960373528068885e-07,4.76828427053988e-06,4,9.536597644910216e-07,5.483529093908146e-06,8.267028533737175e-06,9.196850442094728e-06,6.5325561990903225e-06,7.90940521255834e-06,9.298176337324549e-06,9.298176337324549e-06,0.0,5.543180350287003e-07,1.4722205605721683e-06,0.0,-3.933819243684411e-06,1.3112749002175406e-06,4.172246917732991e-06,4.76828427053988e-06,3.695418854476884e-06,-6.198737537488341e-06,-1.2755052011925727e-05,-1.549677108414471e-05,0.0,-5.245088686933741e-06,2.3841312213335186e-07,4.529869329417124e-06,5.483529093908146e-06,4.410661858855747e-06,-6.794767614337616e-06,-1.2993463315069675e-05,-1.573518238728866e-05
12837,0.2,0,8,4.005352093372494e-05,7,2.3840766516514122e-07,9.536379366181791e-07,4,1.1920456017833203e-06,1.4304569049272686e-06,8.946344678406604e-06,1.3416560250334442e-05,1.8995426216861233e-05,2.2965015887166373e-05,2.3840948415454477e-06,1.3112512533552945e-06,1.0728435881901532e-06,2.6225557121506426e-06,6.437192496377975e-06,0.0,2.3841130314394832e-07,-4.7681533033028245e-07,-7.152266334742308e-07,-2.3840766516514122e-07,-3.576133167371154e-07,7.152302714530379e-07,9.536379366181791e-07,3.576169547159225e-07,0.0,-2.3840766516514122e-07,-2.3840766516514122e-07,-2.3840766516514122e-07,1.4304569049272686e-06,2.3841130314394832e-07,2.3841130314394832e-07,2.3841130314394832e-07,-2.2648819140158594e-06
13263,0.2,3,4,0.10944686084985733,4,0.005717169493436813,0.059277135878801346,4,0.0028520971536636353,0.06616687774658203,0.07460390776395798,0.09136539697647095,0.058274250477552414,0.07299388200044632,0.08992548286914825,0.08992548286914825,0.0,0.004308362025767565,0.011060493998229504,0.0,-0.03606439381837845,0.05355996638536453,0.05306171253323555,0.059277135878801346,0.03635508567094803,-0.1508977711200714,-0.13835376501083374,-0.15503257513046265,0.0,-0.06578642874956131,0.05379514768719673,0.0633147805929184,0.06616687774658203,0.057709239423274994,-0.1480129361152649,-0.1651707887649536,-0.17585724592208862
14103,0.2,3,11,0.45734649896621704,8,0.012286752462387085,0.11889421939849854,2,0.0033455193042755127,0.04764580726623535,0.12454104423522949,0.1416953057050705,0.15179646015167236,0.25312361121177673,0.1517062485218048,0.08980703353881836,0.06189921498298645,0.03655538707971573,0.08525392413139343,0.0,0.05245223641395569,-0.09984135627746582,-0.07989591360092163,-0.12444436550140381,-0.09291547536849976,0.10660746693611145,0.08802646398544312,0.11889421939849854,0.0,-0.039566099643707275,0.04764580726623535,0.04430028796195984,0.018569916486740112,0.04213646054267883,-0.09496206045150757,-0.07657384872436523,-0.03653913736343384
14580,0.2,1,0,0.038530055433511734,6,0.005035921931266785,0.005046475678682327,4,0.001288069412112236,0.012337949126958847,0.015825795009732246,0.0204763300716877,0.007743971887975931,0.013058752752840519,0.016036473214626312,0.015857340767979622,0.00017913244664669037,0.001780803082510829,0.005106022115796804,0.0,1.0553747415542603e-05,-0.005474582314491272,-0.0037415027618408203,-0.007594741880893707,-0.0004502236843109131,0.005046475678682327,-0.0021830610930919647,-0.0019417665898799896,0.0,-0.003655906766653061,-0.015050549060106277,0.009704282507300377,0.012337949126958847,0.004939958453178406,0.011049879714846611,-0.015834730118513107,-0.01740959659218788
14929,0.2,0,6,0.5287249088287354,8,0.0,0.4323105812072754,8,0.0,0.0973743200302124,0.42086857557296753,0.4458889365196228,0.24221067130565643,0.3111172020435333,0.44737398624420166,0.4473738670349121,1.1920928955078125e-07,0.0165926031768322,0.042531199753284454,0.0,0.2567163407802582,-0.978588342666626,-0.9785878658294678,-0.978588342666626,-0.7261528968811035,0.43231046199798584,0.4323105812072754,0.4323105812072754,0.0,0.05043908953666687,-0.07843667268753052,-0.07843685150146484,-0.07843667268753052,-0.0784832239151001,0.09737417101860046,0.0973743200302124,0.0973743200302124
14937,0.2,3,2,2.825220326485578e-05,4,3.57618773705326e-07,3.456978447502479e-06,4,2.0265179045964032e-06,9.298106306232512e-06,7.623252713528927e-06,1.2719353435386438e-05,1.1449797057139222e-05,1.4000834198668599e-05,1.1920663382625207e-05,1.1920663382625207e-05,0.0,2.288783889525803e-06,7.778270628477912e-06,0.0,-2.503320502000861e-06,1.9072977011092007e-06,3.099359673797153e-06,3.456978447502479e-06,2.503327777958475e-06,-8.701992555870675e-06,-8.940403859014623e-06,-1.1443700714153238e-05,0.0,-6.198688424774446e-06,1.7880920495372266e-06,7.271588401636109e-06,9.298106306232512e-06,6.913967808941379e-06,-6.0794827732024714e-06,-1.645027987251524e-05,-2.2529666239279322e-05
15048,0.2,2,0,0.11247150599956512,6,0.0027244091033935547,0.019018791615962982,4,0.002685941755771637,0.02605549991130829,0.059296201914548874,0.07699667662382126,0.04211866110563278,0.0638500228524208,0.04210952669382095,0.035779014229774475,0.006330512464046478,0.004903520457446575,0.017915429547429085,0.0,-0.0066427141427993774,-0.02561531960964203,0.015497550368309021,0.016294382512569427,0.00865289568901062,0.019018791615962982,-0.02989521622657776,-0.03397257626056671,0.0,-0.01668781042098999,-0.00810464471578598,0.02336955815553665,0.02605549991130829,0.019010864198207855,0.00517679750919342,-0.046939268708229065,-0.0551275908946991
15323,0.2,0,6,0.0036860634572803974,2,3.3496180549263954e-05,0.00010476121678948402,4,2.1622981876134872e-05,0.0003216827753931284,0.0015421196585521102,0.00200877757743001,0.001441923901438713,0.002136272843927145,0.000416377792134881,0.0003860793076455593,3.029848448932171e-05,0.00023994284856598824,0.000655011273920536,0.0,-3.634323365986347e-05,0.00010476121678948402,5.7249097153544426e-05,7.126503624022007e-05,4.917220212519169e-05,-0.00019844621419906616,-9.465566836297512e-05,-0.00011923862621188164,0.0,-0.000176240224391222,-0.0003092312254011631,0.00023008533753454685,0.0003216827753931284,0.0002210566308349371,0.0003000597935169935,-0.0004222593270242214,-0.0006158738397061825
15394,0.2,3,2,0.13627420365810394,4,0.006778165698051453,0.019911453127861023,4,0.009526550769805908,0.030299603939056396,0.044409144669771194,0.06125734746456146,0.05502631142735481,0.06551522016525269,0.045237451791763306,0.045237451791763306,0.0,0.006877157837152481,0.0161543358117342,0.0,-0.01031176745891571,0.012761831283569336,0.012922301888465881,0.019911453127861023,0.01313328742980957,-0.0296127051115036,-0.02645905315876007,-0.0418996661901474,0.0,-0.012309268116950989,0.02077305316925049,0.0167665034532547,0.030299603939056396,0.018560364842414856,-0.02689214050769806,-0.020430833101272583,-0.03900840878486633
15483,0.2,3,2,0.0002004899288294837,5,3.098903107456863e-06,3.1584626412950456e-05,5,1.01311452453956e-05,4.2311716242693365e-05,5.777102705906145e-05,9.130019316216931e-05,8.74204415595159e-05,0.00010689118062146008,6.603088695555925e-05,6.603088695555925e-05,0.0,8.731271009310149e-06,3.705217022798024e-05,0.0,-2.6577981770969927e-05,2.538682019803673e-05,2.6936264475807548e-05,2.8485723305493593e-05,3.1584626412950456e-05,-5.291691923048347e-05,-5.410869198385626e-05,-5.9352561947889626e-05,0.0,-3.682760871015489e-05,3.182301588822156e-05,2.6221139705739915e-05,3.2180570997297764e-05,4.2311716242693365e-05,-6.0782695072703063e-05,-4.7553839976899326e-05,-5.9352561947889626e-05
15633,0.2,0,11,0.7847799062728882,4,0.11725878715515137,0.25067925453186035,4,0.057148754596710205,0.10601890087127686,0.30541813373565674,0.400428831577301,0.2581811845302582,0.37291058897972107,0.33142903447151184,0.33142903447151184,0.0,0.06538752466440201,0.14554676413536072,0.0,-0.027649760246276855,-0.05001187324523926,0.13342046737670898,0.25067925453186035,0.04083383083343506,0.0720871090888977,-0.20510905981063843,-0.33272361755371094,0.0,-0.015115857124328613,0.004661381244659424,0.04887014627456665,0.10601890087127686,0.02284848690032959,-0.004844844341278076,-0.06129533052444458,-0.10309731960296631
15856,0.2,1,2,0.000196556793525815,4,1.5494588296860456e-06,2.8605005354620516e-05,4,2.503031282685697e-06,5.232395778875798e-05,8.327281102538109e-05,0.0001099073197110556,7.184794958448038e-05,9.652136941440403e-05,7.365956844296306e-05,7.365956844296306e-05,0.0,1.341578445135383e-05,4.6088061935734004e-05,0.0,-2.3240980226546526e-05,1.8235601601190865e-05,2.705554652493447e-05,2.8605005354620516e-05,2.431419852655381e-05,-5.184451583772898e-05,-6.757609662599862e-05,-7.401168113574386e-05,0.0,-4.743484896607697e-05,4.8033049097284675e-05,4.0404818719252944e-05,5.232395778875798e-05,4.982092650607228e-05,-0.00011536525562405586,-8.91470699571073e-05,-0.00012370728654786944
16034,0.2,0,6,0.004469405394047499,7,2.3033469915390015e-05,0.0004348107613623142,4,0.0004618356470018625,0.0013913949951529503,0.0019345900509506464,0.002670743502676487,0.0017068100860342383,0.0022437921725213528,0.0017127979081124067,0.0009909747168421745,0.0007218231912702322,0.000310141418594867,0.0008397009805776179,0.0,0.0001027798280119896,-7.523922249674797e-05,-0.00042228493839502335,-0.0005464800633490086,-0.0001731361262500286,8.02292488515377e-05,0.0004348107613623142,0.0004117772914469242,0.0,-0.00044399360194802284,-0.0006795548833906651,0.0009295593481510878,0.0013913949951529503,0.0005682713817805052,0.0007364286575466394,-0.0018694428727030754,-0.0029937871731817722
17018,0.2,0,6,0.00980265624821186,2,0.00011794082820415497,0.0001606745645403862,4,0.001371694728732109,0.005081092473119497,0.003555478062480688,0.005228281486779451,0.004361563362181187,0.005970318801701069,0.005152520723640919,0.004835047293454409,0.0003174734301865101,0.0005173633107915521,0.00181634072214365,0.0,4.273373633623123e-05,0.0001606745645403862,-0.0003578523173928261,-0.0005079424008727074,-0.00013515446335077286,-0.0003846390172839165,-0.00015875976532697678,-0.000597137026488781,0.0,-0.0020875949412584305,-0.0012758579105138779,0.0037093977443873882,0.005081092473119497,0.002516845241189003,0.0016310783103108406,-0.008291814476251602,-0.012525983154773712
17214,0.2,1,7,0.19111976027488708,7,0.011897571384906769,0.07041216641664505,6,0.0077179670333862305,0.03366050124168396,0.10928767919540405,0.12480268627405167,0.09684128314256668,0.11797638982534409,0.08348812162876129,0.07681956142187119,0.006668560206890106,0.01572040095925331,0.04610712081193924,0.0,0.017357558012008667,-0.00030601024627685547,-0.22023683786392212,-0.24615490436553955,-0.03183761239051819,-0.04794903099536896,0.07041216641664505,0.05851459503173828,0.0,0.008890554308891296,-0.044388845562934875,-0.05030347406864166,-0.07263988256454468,-0.016039982438087463,0.03366050124168396,0.02594253420829773,0.024428516626358032
18254,0.2,3,2,0.00016807096835691482,2,9.41626785788685e-06,3.79028933821246e-05,5,7.866823580116034e-06,4.553132748696953e-05,8.591546065872535e-05,0.0001091296726372093,7.722587906755507e-05,0.00010215040674665943,7.342327444348484e-05,6.627141556236893e-05,7.151858881115913e-06,9.387205864186399e-06,2.3101621991372667e-05,0.0,-2.753234002739191e-05,3.79028933821246e-05,2.8486625524237752e-05,2.693712303880602e-05,2.800986112561077e-05,-0.00010666869638953358,-7.306034967768937e-05,-7.294116949196905e-05,0.0,-4.898558836430311e-05,2.8963404474779963e-05,3.575741720851511e-05,3.76645039068535e-05,4.553132748696953e-05,-7.568231376353651e-05,-8.247555524576455e-05,-9.200988279189914e-05
18528,0.2,3,6,0.009641273878514767,4,5.316641181707382e-05,0.000726248137652874,4,4.586018621921539e-05,0.0011294614523649216,0.00415471475571394,0.005587968043982983,0.004365505650639534,0.006427272222936153,0.001782132312655449,0.001782132312655449,0.0,0.0005230067763477564,0.0010936048347502947,0.0,-0.0008237576112151146,-0.00019124802201986313,0.0006652846932411194,0.000726248137652874,0.0006730817258358002,-0.001090330071747303,-0.0019438285380601883,-0.002108667977154255,0.0,-0.0011391546577215195,-0.00034528132528066635,0.0006448458880186081,0.0011294614523649216,0.0010836012661457062,-5.123857408761978e-05,-0.0015355609357357025,-0.002459111623466015
18778,0.2,3,2,0.00020668754586949944,4,1.3349548680707812e-05,7.19901145203039e-05,4,1.0608418961055577e-05,9.797458187676966e-05,9.125203359872103e-05,0.00011069888569181785,9.404717275174335e-05,0.00011231400276301429,0.00013945577666163445,0.00013945577666163445,0.0,7.253335752466228e-06,2.2123896997072734e-05,0.0,-4.83877956867218e-05,5.053557106293738e-05,5.864056583959609e-05,7.19901145203039e-05,4.910527786705643e-05,-0.0001505188993178308,-0.00017780769849196076,-0.0002468009479343891,0.0,-0.00010344691690988839,7.365882629528642e-05,8.736616291571409e-05,9.797458187676966e-05,8.629341027699411e-05,-0.00020307002705521882,-0.0002651507093105465,-0.0003206745022907853
18995,0.2,2,8,0.0009192770230583847,6,0.00012017891276627779,0.00012017891276627779,4,8.494482608512044e-05,0.0003567674430087209,0.0004158788360655308,0.0005252726259641349,0.0004359243903309107,0.0005144348251633346,0.0004183658747933805,0.0002725374069996178,0.00014582846779376268,8.764923404669389e-05,0.00022656093642581254,0.0,-3.930239472538233e-06,-0.0012071807868778706,-1.9651255570352077e-05,-0.00013862253399565816,-5.085428711026907e-05,0.00012017891276627779,-0.00012171251000836492,-0.0001000387710519135,0.0,-0.00025448371889069676,0.00026884430553764105,0.00026562775019556284,0.0003567674430087209,0.00027182261692360044,-0.0008151436340995133,-0.0005973450024612248,-0.0008621486485935748
19266,0.2,3,2,5.329645156860352,6,0.010742425918579102,2.0492184162139893,8,0.04289722442626953,0.27628326416015625,2.38969349861145,2.7038941383361816,0.7725216746330261,1.0731148719787598,2.327357530593872,2.3144500255584717,0.01290750503540039,0.16104868054389954,0.3457549214363098,0.0,1.3741450309753418,-1.3839435577392578,-1.213498592376709,-1.3724136352539062,-1.8128104209899902,2.0492184162139893,1.8199107646942139,2.03847599029541,0.0,0.2224559783935547,-0.1462717056274414,-0.16530323028564453,-0.1973590850830078,-0.3187828063964844,0.2139749526977539,0.23338603973388672,0.27628326416015625
19776,0.2,0,8,0.014120313338935375,4,0.0017339512705802917,0.00673308689147234,4,0.0022136070765554905,0.008843868970870972,0.006670041475445032,0.008415428921580315,0.008154153823852539,0.00993126817047596,0.011493413709104061,0.011493413709104061,0.0,0.0006179959746077657,0.0027681346982717514,0.0,-0.0013147369027137756,-0.0005189124494791031,0.004999135620892048,0.00673308689147234,0.0017415452748537064,0.0005819816142320633,-0.013207686133682728,-0.01781068742275238,0.0,-0.0023260703310370445,-0.004276624880731106,0.006630261894315481,0.008843868970870972,0.003031659871339798,0.004809914156794548,-0.01336658839136362,-0.016017325222492218
19803,0.2,0,0,0.04733993858098984,6,0.005004942417144775,0.009590055793523788,4,0.001278761774301529,0.0059935227036476135,0.022862449288368225,0.03464163467288017,0.017801593989133835,0.02435009926557541,0.015785302966833115,0.010707501322031021,0.0050778016448020935,0.0023797843605279922,0.008182249963283539,0.0,-0.0003927461802959442,-0.008295763283967972,0.004585113376379013,-0.003960411995649338,0.0006387308239936829,0.009590055793523788,-0.00822889432311058,-0.002667192369699478,0.0,-0.0014516562223434448,-0.0009408555924892426,0.004714760929346085,0.0059935227036476135,0.0020213089883327484,0.0012437142431735992,-0.00825832411646843,-0.012946799397468567
19832,0.2,1,7,4.543517112731934,4,0.1646738052368164,0.5611238479614258,6,0.17528104782104492,0.17528104782104492,0.8011635541915894,1.2115874290466309,0.6180651783943176,1.0260244607925415,0.7588086128234863,0.06681489944458008,0.6919937133789062,0.2558535933494568,0.7372867465019226,0.0,-0.10515737533569336,-0.018480300903320312,0.3964500427246094,0.5611238479614258,0.1614236831665039,-0.03837156295776367,-0.4832644462585449,-0.5804753303527832,0.0,-0.022392749786376953,-0.06124401092529297,-0.14445161819458008,-0.18483257293701172,-0.05203866958618164,0.17528104782104492,-0.08153915405273438,-0.09955310821533203
19843,0.2,3,2,3.71926071238704e-05,4,5.960300768492743e-07,8.225169949582778e-06,4,1.0728599590947852e-06,1.4185479813022539e-05,6.699337973259389e-06,9.786767805053387e-06,1.1759630979213398e-05,1.4960322005208582e-05,1.9668994355015457e-05,1.9668994355015457e-05,0.0,1.7582976852281718e-06,4.887474005954573e-06,0.0,-3.933753760065883e-06,4.887409886578098e-06,7.629139872733504e-06,8.225169949582778e-06,4.649002221412957e-06,-1.2516429706010967e-05,-1.9430201064096764e-05,-2.2648666345048696e-05,0.0,-9.774750651558861e-06,8.940403859014623e-06,1.3112619853927754e-05,1.4185479813022539e-05,1.0013258361141197e-05,-2.3006272385828197e-05,-3.647601988632232e-05,-3.945602657040581e-05
20101,0.2,3,0,0.07694993168115616,4,0.0014949887990951538,0.011959843337535858,6,0.0034832581877708435,0.011066801846027374,0.03336181491613388,0.04879751428961754,0.023060817271471024,0.03282200172543526,0.02164274826645851,0.014621928334236145,0.007020819932222366,0.006634677294641733,0.012517477385699749,0.0,-0.00713704526424408,-0.003960758447647095,0.005518198013305664,0.011959843337535858,0.010464854538440704,0.005137577652931213,-0.008575975894927979,-0.018949314951896667,0.0,0.007542729377746582,-0.0086173415184021,-0.0038599297404289246,-0.0058799609541893005,-0.01211559772491455,0.011066801846027374,0.005635969340801239,0.007583543658256531
21158,0.2,1,1,0.004720377270132303,4,3.429735079407692e-05,0.00025263335555791855,4,0.00011456524953246117,0.0006696353666484356,0.0023198884446173906,0.0031266575679183006,0.0024139632005244493,0.0029667741619050503,0.0008868114091455936,0.0008868114091455936,0.0,0.0005300029879435897,0.0018105395138263702,0.0,-0.00011460762470960617,-3.096694126725197e-05,0.00021833600476384163,0.00025263335555791855,0.00016267923638224602,9.017065167427063e-06,-0.000362996943295002,-0.00042680418118834496,0.0,-0.0003975103609263897,-0.0004442376084625721,0.0004876428283751011,0.0006696353666484356,0.0005059237591922283,0.0005550701171159744,-0.0009025032632052898,-0.0013251309283077717
21579,0.2,0,6,0.012732521630823612,4,0.0,0.0028651785105466843,5,0.0004714401438832283,0.006346410606056452,0.006263354327529669,0.007461798842996359,0.0054357158951461315,0.007524976972490549,0.00769243948161602,0.007487620692700148,0.00020481878891587257,0.0007253804942592978,0.0018517451826483011,0.0,-0.001973899081349373,0.0028651785105466843,0.0028651785105466843,0.0028651785105466843,0.002429591491818428,-0.005604141391813755,-0.005604141391813755,-0.005604141391813755,0.0,-0.0077091725543141365,0.0058749704621732235,0.0058749704621732235,0.0058749704621732235,0.006346410606056452,-0.016263611614704132,-0.016263611614704132,-0.016263611614704132
21616,0.2,1,2,0.01290917582809925,4,0.0008006524294614792,0.002994263544678688,7,0.00045896321535110474,0.007715268060564995,0.0071226670406758785,0.008331929333508015,0.007066169288009405,0.008818352594971657,0.009047465398907661,0.006007228046655655,0.0030402373522520065,0.0007240761769935489,0.0018569824751466513,0.0,-0.0012642638757824898,0.0009338762611150742,0.002193611115217209,0.002994263544678688,0.0015519950538873672,-0.002431493252515793,-0.0051255859434604645,-0.007263731211423874,0.0,0.0041320426389575005,-0.012914156541228294,-0.01441766507923603,-0.012449484318494797,-0.010607026517391205,0.00725630484521389,0.007715268060564995,0.0070456862449646
22047,0.2,3,6,1.747223138809204,4,0.036220550537109375,0.6401848793029785,2,0.08549845218658447,0.33565783500671387,1.2309777736663818,1.3857662677764893,0.5732517838478088,0.8477069735527039,0.9084932804107666,0.8365985155105591,0.07189476490020752,0.09569251537322998,0.2682207226753235,0.0,-0.22018516063690186,0.0950937271118164,0.6039643287658691,0.6401848793029785,0.3225642442703247,-0.12104260921478271,-0.8694541454315186,-0.8582181930541992,0.0,-0.10881567001342773,0.33565783500671387,0.24300289154052734,0.2501593828201294,0.16599690914154053,-0.45645594596862793,-0.29328131675720215,-0.27840185165405273
22049,0.2,0,6,0.0008247073274105787,4,2.9663497116416693e-05,0.00017963553545996547,8,3.335473593324423e-05,0.0001270995126105845,0.00033673871075734496,0.00044260130380280316,0.00020009151194244623,0.0003991434059571475,0.0002907922607846558,9.636546019464731e-05,0.0001944268005900085,7.744539470877498e-05,0.0002082223363686353,0.0,-3.859121352434158e-05,-0.00012636883184313774,0.00012233451707288623,0.00017963553545996547,5.205284105613828e-05,0.00014997203834354877,-0.00027165538631379604,-0.00046025810297578573,0.0,3.168405964970589e-05,2.0725536160171032e-05,-0.00014863949036225677,-0.0003413138911128044,-6.396055687218904e-05,-6.920110899955034e-05,9.374477667734027e-05,0.0001270995126105845
22198,0.2,0,6,0.020060745999217033,4,0.0019113356247544289,0.007231478579342365,4,0.0031594308093190193,0.009386814199388027,0.007909784093499184,0.012288824655115604,0.00955099519342184,0.012021573260426521,0.013281101360917091,0.013281101360917091,0.0,0.0009584376821294427,0.0028723522555083036,0.0,-0.0015502218157052994,0.0017127301543951035,0.005320142954587936,0.007231478579342365,0.0019943732768297195,-0.0031368304044008255,-0.013081075623631477,-0.02099212445318699,0.0,-0.0024338848888874054,-0.0009171366691589355,0.006227383390069008,0.009386814199388027,0.003187023103237152,0.0011908598244190216,-0.012974048033356667,-0.01941871829330921
22254,0.2,2,6,0.001303419005125761,2,0.00020703335758298635,0.0006709753652103245,4,7.824786007404327e-05,0.0004143937840126455,0.0006263223476707935,0.000807244039606303,0.0004024570225737989,0.0005641731549985707,0.0008770982967689633,0.0007391222752630711,0.00013797602150589228,8.359194180229679e-05,0.0002604962792247534,0.0,-0.00013964064419269562,0.0006709753652103245,0.00032328383531421423,0.00046394200762733817,0.0001708570634946227,-0.0028191502206027508,-0.0007197796367108822,-0.001074004452675581,0.0,-0.00018987315706908703,-0.0001741608139127493,0.0003361459239386022,0.0004143937840126455,0.00022729986812919378,-0.0002716443268582225,-0.0007137120701372623,-0.0008477813098579645
23662,0.2,2,6,0.010736203752458096,4,0.00020425673574209213,0.0012153638526797295,4,0.0002243807539343834,0.0004030698910355568,0.005531754344701767,0.0069224354811012745,0.004026133567094803,0.00602415157482028,0.001582304947078228,0.001582304947078228,0.0,0.0009222091175615788,0.0023652827367186546,0.0,-0.0007951641455292702,0.00030302442610263824,0.0009117089211940765,0.0012153638526797295,0.0010111071169376373,-0.0007072491571307182,-0.001649392768740654,-0.0022759372368454933,0.0,-0.00038451608270406723,-0.000269448384642601,5.9913843870162964e-05,0.0004030698910355568,0.0001786891371011734,-0.00022440776228904724,-0.0004069153219461441,-0.0010031340643763542
23685,0.2,2,6,0.13828273117542267,8,0.00028659403324127197,0.01645646244287491,3,0.0003941580653190613,0.04429998993873596,0.0698293074965477,0.0926448330283165,0.08245991170406342,0.10583294928073883,0.0536717027425766,0.03540436178445816,0.01826734095811844,0.004680119454860687,0.010385924018919468,0.0,0.0068833231925964355,-0.021656349301338196,-0.014445692300796509,-0.016789451241493225,-0.012120619416236877,0.014205165207386017,0.016169868409633636,0.01645646244287491,0.0,-0.019472122192382812,0.01609126478433609,0.04429998993873596,0.0439058318734169,0.03613244742155075,0.003664270043373108,-0.04218593239784241,-0.03284056484699249
24587,0.2,1,0,0.023332679644227028,4,0.0014254003763198853,0.0036082621663808823,6,0.0001063179224729538,0.001062912866473198,0.006540605332702398,0.0113801509141922,0.00501294806599617,0.007613108493387699,0.005149940028786659,0.004551585763692856,0.0005983542650938034,0.0010619149543344975,0.0027666324749588966,0.0,-0.0007764864712953568,-0.0017888545989990234,0.002182861790060997,0.0036082621663808823,0.0010176803916692734,-0.0005901604890823364,-0.004589620977640152,-0.008734328672289848,0.0,-0.00038831867277622223,-0.002144172787666321,0.0005106907337903976,0.0009565949440002441,0.00039942190051078796,0.001062912866473198,-0.0015617888420820236,-0.0032662544399499893
24865,0.2,0,8,0.003335509682074189,4,0.0005460148677229881,0.0006227705162018538,4,0.00023084646090865135,0.001120076747611165,0.0018053965177387,0.002237742068246007,0.0016975918551906943,0.0020542116835713387,0.0015055343974381685,0.0015055343974381685,0.0,7.856584852561355e-05,0.00027560529997572303,0.0,-9.730271995067596e-05,-0.0002084940206259489,-0.00010371790267527103,0.0006227705162018538,7.675564847886562e-05,-1.782318577170372e-06,-0.00023153843358159065,-0.001651671016588807,0.0,-0.0006810377817600965,0.0007719839923083782,0.0008892302867025137,0.001120076747611165,0.0007998079527169466,-0.0015468087512999773,-0.0018561447504907846,-0.0025344982277601957
25420,0.2,1,8,0.0011364913079887629,6,0.0003347567981109023,0.0006428483175113797,4,2.1077576093375683e-05,7.966358680278063e-05,0.0006480946321971714,0.0007416169974021614,0.00044437675387598574,0.0006679000216536224,0.0007180350366979837,0.0006485675694420934,6.946746725589037e-05,0.00011048157466575503,0.00036437492235563695,0.0,0.00011681823525577784,-0.002359402133151889,-0.0012933772522956133,-0.0017847528215497732,-0.00030811585020273924,0.0006428483175113797,0.0002712870482355356,0.0003080915194004774,0.0,-5.608226638287306e-05,-0.000197524088434875,5.8586010709404945e-05,7.966358680278063e-05,3.846152685582638e-05,4.191487096250057e-05,-0.0002694280119612813,-0.0003118059830740094
25863,0.2,0,2,0.0005934861255809665,4,2.3827888071537018e-06,2.0849460270255804e-05,4,1.4778372133150697e-05,0.0003580754855647683,0.00027121591847389936,0.00034516246523708105,0.0003240152436774224,0.00040439635631628335,0.00036737165646627545,0.00036737165646627545,0.0,3.129314063698985e-05,6.50996298645623e-05,0.0,-9.17364377528429e-06,1.4177581761032343e-05,1.8466671463102102e-05,2.0849460270255804e-05,1.02460035122931e-05,-2.906937152147293e-05,-6.25457614660263e-05,-0.00010150088928639889,0.0,-0.0002353900927118957,0.00019254646031185985,0.0003432971134316176,0.0003580754855647683,0.0002237672742921859,-0.0005368134006857872,-0.001450174837373197,-0.0013889054534956813
26222,0.2,0,0,0.1715787798166275,4,0.007080480456352234,0.035428255796432495,4,0.0031836777925491333,0.026256874203681946,0.09836757183074951,0.13173770904541016,0.05936894938349724,0.07890380173921585,0.058930136263370514,0.058930136263370514,0.0,0.010738592594861984,0.022989796474575996,0.0,-0.016020670533180237,0.01090182363986969,0.02834777534008026,0.035428255796432495,0.019936516880989075,-0.020978614687919617,-0.05454009771347046,-0.0698123425245285,0.0,-0.02036917209625244,0.017481878399848938,0.021547287702560425,0.026256874203681946,0.023073196411132812,-0.03394068777561188,-0.04339848458766937,-0.05445137619972229
26605,0.2,2,2,9.572047565598041e-05,4,1.0609055607346818e-05,4.6965065848780796e-05,4,7.2712209657765925e-06,2.4555061827413738e-05,5.340208736015484e-05,6.218746420927346e-05,2.7141766622662544e-05,4.0367176552535966e-05,5.7335822930326685e-05,5.7335822930326685e-05,0.0,4.4344419620756526e-06,9.119217793340795e-06,0.0,-1.847550447564572e-05,1.3827047951053828e-05,3.635601024143398e-05,4.6965065848780796e-05,2.0502244296949357e-05,-4.6009328798390925e-05,-0.00012610340490937233,-0.0002066677698167041,0.0,-1.2515702110249549e-05,2.741551725193858e-06,1.7283840861637145e-05,2.4555061827413738e-05,1.2992648407816887e-05,-4.5532549847848713e-05,-5.661739851348102e-05,-7.306563202291727e-05
26693,0.2,1,8,2.4312057495117188,7,0.005910634994506836,0.5871987342834473,8,0.010774850845336914,0.4095454216003418,1.287474274635315,1.5535728931427002,0.6351919770240784,0.8332877159118652,0.9003496170043945,0.8927366733551025,0.007612943649291992,0.2148819863796234,0.6509242653846741,0.0,0.14092230796813965,-0.23381781578063965,-0.7027385234832764,-0.7901222705841064,-0.23657488822937012,0.1957073211669922,0.5871987342834473,0.5812880992889404,0.0,0.12023353576660156,-0.12673473358154297,-0.38701415061950684,-0.45593762397766113,-0.1869359016418457,0.20913243293762207,0.3987705707550049,0.4095454216003418
26759,0.2,1,6,0.017705366015434265,4,0.0002407897263765335,0.0010797008872032166,5,0.0001340564340353012,0.0015042126178741455,0.008277003653347492,0.01040120143443346,0.006595304701477289,0.008803575299680233,0.002455916255712509,0.002378080040216446,7.783621549606323e-05,0.0011059939861297607,0.002574247308075428,0.0,-0.0007009357213973999,0.0002400018274784088,0.000838911160826683,0.0010797008872032166,0.0007343608886003494,-0.0013694502413272858,-0.002327103167772293,-0.002805819734930992,0.0,-0.0013685151934623718,0.000664861872792244,0.0011474695056676865,0.0013701561838388443,0.0015042126178741455,-0.001508619636297226,-0.0023253504186868668,-0.0027426350861787796
26788,0.2,3,2,4.017272294731811e-05,4,1.6688863979652524e-06,1.454305493098218e-05,2,3.4569693525554612e-06,1.2874168533016928e-05,2.1206706151133403e-05,2.3274949853657745e-05,9.238396160071716e-06,1.4429808288696222e-05,2.324514753127005e-05,2.0384177332744002e-05,2.860970198526047e-06,1.2755187981383642e-06,3.373564140929375e-06,0.0,-1.335081469733268e-05,8.821170922601596e-06,1.2874168533016928e-05,1.454305493098218e-05,1.1920519682462327e-05,-3.790631308220327e-05,-4.124390397919342e-05,-5.280620098346844e-05,0.0,-7.986669515958056e-06,1.2874168533016928e-05,7.03308978700079e-06,9.417199180461466e-06,8.582759619457647e-06,-3.850231587421149e-05,-1.466204776079394e-05,-2.0622166630346328e-05
27670,0.2,3,0,0.00140865717548877,5,0.00017064943676814437,0.0004544845432974398,5,0.00017777225002646446,0.00033241906203329563,0.00047574727796018124,0.0005865702987648547,0.00037809202331118286,0.000503535324241966,0.000674359209369868,0.000674359209369868,0.0,9.619611955713481e-05,0.0002805172698572278,0.0,-0.0005305461818352342,0.00026287813670933247,0.00025763886515051126,0.00028383510652929544,0.0004544845432974398,-0.0005635026609525084,-0.0005309031112119555,-0.0006024065660312772,0.0,-0.00040894292760640383,0.0001445267116650939,0.00013166852295398712,0.00015464681200683117,0.00033241906203329563,-0.0002726869424805045,-0.0002523361472412944,-0.00030243874061852694
27796,0.2,1,0,0.00561387138441205,4,4.784204065799713e-05,0.001480261329561472,4,0.0003891116939485073,0.0018660491332411766,0.0016045237425714731,0.0035911554004997015,0.0015493212267756462,0.0021764219272881746,0.002876047510653734,0.002876047510653734,0.0,0.0005728776450268924,0.0012807537568733096,0.0,-0.00046824943274259567,-0.0007942710071802139,0.0014324192889034748,0.001480261329561472,0.0005892082117497921,0.0007024891674518585,-0.0030612782575190067,-0.0028636627830564976,0.0,-0.0005419454537332058,-0.0009583081118762493,0.0014769374392926693,0.0018660491332411766,0.000720638781785965,0.0007695145905017853,-0.0023178881965577602,-0.0024939733557403088
28418,0.2,3,6,0.00929244700819254,7,0.00016735680401325226,0.0029091788455843925,4,0.0007653068751096725,0.0012777848169207573,0.004728597588837147,0.005892535205930471,0.0053123896941542625,0.006779062561690807,0.004327328875660896,0.0018032235093414783,0.002524105366319418,0.0002152475790353492,0.0006635974277742207,0.0,0.0019422592595219612,-0.0135023919865489,-0.006854983977973461,-0.006190494634211063,-0.008774043060839176,0.0027418220415711403,0.0029091788455843925,0.0020879418589174747,0.0,-0.0014406898990273476,0.0002980269491672516,0.00014173798263072968,0.0012777848169207573,0.0005124779418110847,-0.0027260808274149895,-0.0008175550028681755,-0.0030693653970956802
28628,0.2,0,0,3.724072217941284,4,0.07307863235473633,0.18874645233154297,4,0.007942676544189453,0.0789794921875,0.49161896109580994,0.8490042686462402,0.3367222249507904,0.46825167536735535,0.266599178314209,0.266599178314209,0.0,0.15080907940864563,0.40991225838661194,0.0,-0.03284287452697754,-0.021732807159423828,0.11566781997680664,0.18874645233154297,0.04850316047668457,0.0367741584777832,-0.15064001083374023,-0.21709918975830078,0.0,-0.022777795791625977,-0.06048226356506348,0.056449174880981445,0.0789794921875,0.031392574310302734,0.07103681564331055,-0.08345603942871094,-0.09132814407348633
28834,0.2,3,2,3.576214658096433e-05,4,5.960282578598708e-07,3.099336026934907e-06,5,5.960282578598708e-07,2.9801303753629327e-06,1.5174917280091904e-05,1.7809388737077825e-05,8.183464160538279e-06,1.2874224921688437e-05,5.9602680266834795e-06,5.364239768823609e-06,5.960282578598708e-07,4.1960856833611615e-06,1.3726639735978097e-05,0.0,-2.503304131096229e-06,-3.9337573980446905e-06,2.2648964659310877e-06,3.099336026934907e-06,2.503307769075036e-06,2.2648964659310877e-06,-5.364214302971959e-06,-7.152277248678729e-06,0.0,-3.0993251129984856e-06,-8.34435923025012e-07,1.7880774976219982e-06,2.384102117503062e-06,2.9801303753629327e-06,-8.34435923025012e-07,-4.172168701188639e-06,-5.364214302971959e-06
28967,0.2,1,11,2.498013734817505,4,0.17560601234436035,0.7968921661376953,8,0.06302952766418457,0.3070826530456543,0.673872709274292,1.2676782608032227,0.561507523059845,0.8256065249443054,1.0930501222610474,0.41840243339538574,0.6746476888656616,0.30789053440093994,0.573966383934021,0.0,-0.15709853172302246,0.0016570091247558594,0.621286153793335,0.7968921661376953,0.24799704551696777,0.027177810668945312,-0.6153581142425537,-0.659095048904419,0.0,0.08790993690490723,-0.20336341857910156,-0.23929691314697266,-0.4110572338104248,-0.14876937866210938,0.24405312538146973,0.21855592727661133,0.3070826530456543
29626,0.2,0,2,0.0008753282018005848,4,0.00010173971531912684,0.00028720335103571415,4,0.0001687324547674507,0.0005574475508183241,0.000282350170891732,0.00037442301982082427,0.00043424064642749727,0.0005035477806814015,0.0006601786008104682,0.0006601786008104682,0.0,4.2280316847609356e-05,0.0001128360308939591,0.0,-5.764520028606057e-05,-8.49182833917439e-05,0.0001854636357165873,0.00028720335103571415,7.408601231873035e-05,0.00010898697655647993,-0.00045380613300949335,-0.0009585737716406584,0.0,-0.00018030870705842972,-9.551766561344266e-05,0.0003887150960508734,0.0005574475508183241,0.00021524587646126747,0.0001301902229897678,-0.0010268721962347627,-0.0017889041919261217
29666,0.2,0,0,0.07955680042505264,6,0.0014406070113182068,0.004119887948036194,4,0.004365302622318268,0.010417327284812927,0.024599339812994003,0.04459911957383156,0.018329424783587456,0.02618866227567196,0.01399693638086319,0.010849609971046448,0.003147326409816742,0.004049761686474085,0.008998868055641651,0.0,-0.0010395050048828125,-0.0030183717608451843,0.002679280936717987,0.000678621232509613,0.0011413171887397766,0.004119887948036194,-0.010004132986068726,-0.012213021516799927,0.0,-0.0022175610065460205,-0.003798358142375946,0.006052024662494659,0.010417327284812927,0.0031461119651794434,0.005334325134754181,-0.009130463004112244,-0.0132874995470047
29872,0.2,3,0,0.01585003174841404,4,0.0009768037125468254,0.004331744275987148,6,0.0013385461643338203,0.001803182065486908,0.006814143154770136,0.010705697350203991,0.004083338659256697,0.006734742317348719,0.00566710252314806,0.004592921584844589,0.0010741809383034706,0.0014424874680116773,0.0037242162507027388,0.0,-0.001984739676117897,0.0005651265382766724,0.003354940563440323,0.004331744275987148,0.0025778785347938538,-0.0012802407145500183,-0.006292182952165604,-0.008692866191267967,0.0,6.31287693977356e-05,-0.0020058192312717438,-0.0007807929068803787,0.00041697733104228973,-0.00039228983223438263,0.001803182065486908,0.0004646359011530876,-0.0011782851070165634
30101,0.2,0,2,0.00034540885826572776,4,2.9914095648564398e-05,0.00011166675540152937,4,5.5179843911901116e-05,0.00011834094766527414,0.0001351585378870368,0.00018665855168364942,0.0001682084985077381,0.000213899853406474,0.00019116394105367362,0.00019116394105367362,0.0,2.8487473173299804e-05,5.6493339798180386e-05,0.0,-2.526331809349358e-05,-3.9563048630952835e-05,8.175265975296497e-05,0.00011166675540152937,3.2771757105365396e-05,4.909848212264478e-05,-0.0002585613983683288,-0.000518961634952575,0.0,-2.121171564795077e-05,-6.5542408265173435e-06,6.316110375337303e-05,0.00011834094766527414,2.8600741643458605e-05,7.626775186508894e-06,-0.00012321225949563086,-0.00021638587350025773
30236,0.2,0,2,0.0023905052803456783,4,0.0,0.0008363899542018771,5,8.566153701394796e-05,0.0004608201561495662,0.001526386709883809,0.001791014801710844,0.0010337209096178412,0.0013182326219975948,0.0011276844888925552,0.0010745857143774629,5.309877451509237e-05,9.294143092120066e-05,0.0002369933936279267,0.0,-0.000730287516489625,0.0008363899542018771,0.0008363899542018771,0.0008363899542018771,0.0007261796854436398,-0.002445072401314974,-0.002445072401314974,-0.002445072401314974,0.0,-0.00042458996176719666,0.0003751586191356182,0.0003751586191356182,0.0003751586191356182,0.0004608201561495662,-0.0007870905101299286,-0.0007870905101299286,-0.0007870905101299286
30500,0.2,0,2,0.00018880968855228275,4,1.966724084923044e-05,8.236146095441654e-05,4,1.2872405932284892e-05,2.4314402253367007e-05,0.00011177374108228832,0.00012958826846443117,4.113233444513753e-05,6.305180431809276e-05,9.475798287894577e-05,9.475798287894577e-05,0.0,5.960056569165317e-06,1.7307585949311033e-05,0.0,-2.8127687983214855e-05,4.564957635011524e-05,6.26942201051861e-05,8.236146095441654e-05,3.420718712732196e-05,-0.00010023107461165637,-0.0001650600606808439,-0.00026336812879890203,0.0,-9.773269994184375e-06,-1.430234988220036e-06,1.1441996321082115e-05,2.4314402253367007e-05,1.0846051736734807e-05,-1.084593532141298e-05,-3.289501182734966e-05,-6.566975207533687e-05
31073,0.2,3,2,0.0008799732895568013,4,1.2268777936697006e-05,9.064254118129611e-05,4,1.9655912183225155e-05,0.00019916240125894547,0.00031812844099476933,0.00043400353752076626,0.0005093970103189349,0.00055518071167171,0.0002674252027645707,0.0002674252027645707,0.0,4.0442544559482485e-05,0.00010067228140542284,0.0,-6.157514872029424e-05,-5.836132913827896e-06,7.206073496490717e-05,9.064254118129611e-05,7.83737632445991e-05,-1.2982345651835203e-05,-0.00013183988630771637,-0.000169113976880908,0.0,-0.00015041755978018045,-6.967369699850678e-05,0.00013995746849104762,0.00019916240125894547,0.0001795064890757203,8.909404277801514e-05,-0.00025889952667057514,-0.0003963010385632515
31159,0.2,0,0,0.12212974578142166,4,0.006321758031845093,0.024082131683826447,4,0.007375746965408325,0.024437658488750458,0.055776964873075485,0.07927298545837402,0.03198104724287987,0.04611765593290329,0.043597444891929626,0.043597444891929626,0.0,0.006775482092052698,0.015433772467076778,0.0,-0.008941791951656342,0.0030179619789123535,0.017760373651981354,0.024082131683826447,0.01177922636270523,-0.005461253225803375,-0.03333926945924759,-0.04753521829843521,0.0,-0.013277582824230194,0.009209111332893372,0.017061911523342133,0.024437658488750458,0.015924111008644104,-0.01653764396905899,-0.03301104158163071,-0.04802604764699936
31677,0.2,3,6,0.012694739736616611,4,0.000312095507979393,0.004500814713537693,4,0.000691734254360199,0.003554188646376133,0.008873696438968182,0.009577273391187191,0.006626061163842678,0.008314915001392365,0.006748294923454523,0.006748294923454523,0.0,0.0003056407440453768,0.0009539654129184783,0.0,-0.0018675364553928375,0.0041887192055583,0.0036351075395941734,0.004500814713537693,0.0023302221670746803,-0.012166355736553669,-0.007834547199308872,-0.010428172536194324,0.0,-0.0013785576447844505,0.0017736293375492096,0.002862454392015934,0.003554188646376133,0.0018910784274339676,-0.004920792765915394,-0.0038691358640789986,-0.004621720872819424
32337,0.2,0,4,0.0011743560899049044,4,0.00015501183224841952,0.0007395751308649778,4,0.00014758645556867123,0.0004771056701429188,0.0006288523436523974,0.0008117813267745078,0.0006127243395894766,0.0007993582403287292,0.0009164204820990562,0.0009164204820990562,0.0,4.6268491132650524e-05,0.00011393933527870104,0.0,-0.0002113258233293891,0.00012776954099535942,0.0005845632986165583,0.0007395751308649778,0.0002556745894253254,-0.00024406251031905413,-0.0020132213830947876,-0.003103366820141673,0.0,-0.00014465884305536747,-9.620352648198605e-05,0.0003295192145742476,0.0004771056701429188,0.00018100172746926546,0.00010585819836705923,-0.0007420032052323222,-0.0011158906854689121
32725,0.2,3,6,0.024368520826101303,6,0.0008264407515525818,0.003191158175468445,8,3.0972063541412354e-05,0.0045635756105184555,0.010803868994116783,0.013791562058031559,0.008209127001464367,0.01193141657859087,0.006880665197968483,0.006880665197968483,0.0,0.0009130600956268609,0.003076201071962714,0.0,0.0015743821859359741,-0.002882571890950203,-0.0013934727758169174,-0.001973610371351242,-0.0028321072459220886,0.003191158175468445,0.0017682947218418121,0.002364717423915863,0.0,0.004426144063472748,-0.004021666944026947,-0.003350423648953438,-0.004032675176858902,-0.009262379258871078,0.004532603546977043,0.00397191196680069,0.0045635756105184555
33202,0.2,2,6,8.632805824279785,8,0.19768714904785156,0.7631969451904297,6,0.2642655372619629,1.0138225555419922,1.610215187072754,1.8442270755767822,1.1315315961837769,1.4607553482055664,1.774057388305664,1.512131690979004,0.26192569732666016,0.2583460807800293,0.7800301313400269,0.0,0.12521839141845703,0.022203445434570312,-0.39745521545410156,-0.5672369003295898,-0.18681716918945312,0.06583690643310547,0.5655097961425781,0.7631969451904297,0.0,0.2115764617919922,-0.6739616394042969,-0.47806835174560547,-0.6836585998535156,-0.31653785705566406,1.0138225555419922,0.5944700241088867,0.7495570182800293
33345,0.2,3,6,5.676481246948242,8,0.03018045425415039,0.21580123901367188,6,0.11375141143798828,0.32343196868896484,0.8003617525100708,1.1194651126861572,0.5619921088218689,0.7041314840316772,0.5426468849182129,0.41091442108154297,0.13173246383666992,0.2474757730960846,0.6294906139373779,0.0,0.08553457260131836,-0.018833160400390625,-0.11148500442504883,-0.12716197967529297,-0.11597967147827148,0.06333684921264648,0.18562078475952148,0.21580123901367188,0.0,0.1231846809387207,-0.2054758071899414,-0.12932062149047852,-0.10851049423217773,-0.1538395881652832,0.32343196868896484,0.20968055725097656,0.18849611282348633
33825,0.2,3,0,0.28791186213493347,5,0.0629214197397232,0.12937447428703308,5,0.07268407940864563,0.11920735239982605,0.17001351714134216,0.1977405995130539,0.10899213701486588,0.12990835309028625,0.1970328390598297,0.1970328390598297,0.0,0.018579253926873207,0.04257085546851158,0.0,-0.12296941876411438,0.060886964201927185,0.05372031033039093,0.06645305454730988,0.12937447428703308,-0.10473626852035522,-0.09337013959884644,-0.11747989058494568,0.0,-0.10277169942855835,0.04652327299118042,0.03035128116607666,0.042992979288101196,0.11920735239982605,-0.0707559883594513,-0.047645360231399536,-0.06637760996818542
34598,0.2,0,2,0.00262214383110404,4,0.00042026862502098083,0.0012644376838579774,4,0.0002941201673820615,0.0016586817800998688,0.001282832701690495,0.0014165443135425448,0.001411220757290721,0.0017245671479031444,0.0021097944118082523,0.0021097944118082523,0.0,3.961225229431875e-05,0.00013337319251149893,0.0,-0.00024038110859692097,-3.875955007970333e-05,0.0008441690588369966,0.0012644376838579774,0.00031346199102699757,4.351744428277016e-05,-0.00235305679962039,-0.004920321982353926,0.0,-0.0005553329829126596,-0.0003487833309918642,0.0013645616127178073,0.0016586817800998688,0.0006662835367023945,0.00045155431143939495,-0.003361273091286421,-0.0037086494266986847
35235,0.2,0,2,0.00010513706365600228,4,1.62115138664376e-05,5.459360181703232e-05,2,3.5759148886427283e-07,2.5031331460922956e-06,4.8859983508009464e-05,6.078027217881754e-05,3.0979754228610545e-05,4.378788798931055e-05,5.518961916095577e-05,4.267334588803351e-05,1.2516273272922263e-05,7.3787277869996615e-06,2.2308911866275594e-05,0.0,-1.1562020517885685e-05,-1.4661098248325288e-05,3.838208795059472e-05,5.459360181703232e-05,1.489970600232482e-05,1.8118065781891346e-05,-0.00011632927635218948,-0.0002244223142042756,0.0,1.668755430728197e-06,2.5031331460922956e-06,-1.7402577213943005e-05,-3.432808443903923e-05,-3.695095074363053e-06,-7.2709808591753244e-06,2.145541657228023e-06,-1.0131676390301436e-05
35633,0.2,2,0,0.16944974660873413,2,0.017979472875595093,0.0245799720287323,4,0.004949018359184265,0.03473563492298126,0.06185107305645943,0.09966608881950378,0.0400511771440506,0.05796341970562935,0.054654158651828766,0.040743544697761536,0.01391061395406723,0.012777003459632397,0.03137923404574394,0.0,-0.00391329824924469,0.0245799720287323,0.004448488354682922,0.006600499153137207,0.004897668957710266,-0.0459187775850296,-0.009668439626693726,-0.01335403323173523,0.0,-0.02413877844810486,0.008416131138801575,0.028231635689735413,0.03473563492298126,0.029786616563796997,-0.023325413465499878,-0.051181256771087646,-0.06578509509563446
36521,0.2,0,0,3.7449519634246826,2,0.021953821182250977,0.08515739440917969,6,0.2223670482635498,0.3250718116760254,0.780901312828064,0.994208037853241,0.4287974238395691,0.6095439195632935,0.40983009338378906,0.21191954612731934,0.19791054725646973,0.1512521207332611,0.4820799231529236,0.0,-0.012467622756958008,0.08515739440917969,0.02936577796936035,0.06320357322692871,0.019500732421875,-0.11885285377502441,-0.03731703758239746,-0.07153177261352539,0.0,0.022036075592041016,-0.2107996940612793,0.0004024505615234375,-0.02315974235534668,-0.019854307174682617,0.3250718116760254,0.03865647315979004,0.10270476341247559
37297,0.2,1,6,0.0008973624208010733,4,2.894329372793436e-05,6.407912587746978e-05,6,0.00013483758084475994,0.00016913964645937085,0.0003249788424000144,0.00041664732270874083,0.0003129671677015722,0.00046157464385032654,0.00022238882957026362,0.00016270705964416265,5.968176992610097e-05,8.052854536799714e-05,0.0002649451489560306,0.0,-1.5244993846863508e-05,-1.6793259419500828e-05,3.513583214953542e-05,6.407912587746978e-05,1.9771221559494734e-05,-1.0480929631739855e-05,-8.182000601664186e-05,-0.00013112305896356702,0.0,1.5007040929049253e-05,-0.00024936924455687404,-0.00010909180855378509,-5.442829569801688e-05,-4.4543296098709106e-05,0.00016913964645937085,3.430206561461091e-05,-6.133579881861806e-05
37477,0.2,0,4,0.8030327558517456,4,0.02707117795944214,0.09594982862472534,4,0.0848192572593689,0.31046587228775024,0.5325117707252502,0.6333370208740234,0.3889612555503845,0.5999134182929993,0.3826439380645752,0.3826439380645752,0.0,0.05425591394305229,0.1819118857383728,0.0,-0.019299328327178955,-0.01697605848312378,0.0688786506652832,0.09594982862472534,0.02471846342086792,0.01747041940689087,-0.13873010873794556,-0.16674089431762695,0.0,-0.08872789144515991,0.017470836639404297,0.22564661502838135,0.31046587228775024,0.1357617974281311,-0.017976701259613037,-0.2510637044906616,-0.29194116592407227
37752,0.2,0,8,0.0037137367762625217,4,0.00045000214595347643,0.0023216265253722668,4,0.00041578570380806923,0.001305511686950922,0.0023301655892282724,0.0026379870250821114,0.0017072821501642466,0.0020637877751141787,0.002808870980516076,0.002808870980516076,0.0,0.0001477676851209253,0.0003503067418932915,0.0,-0.0006400700658559799,-0.0005417885258793831,0.0018716243794187903,0.0023216265253722668,0.0007753765676170588,0.0006429760251194239,-0.006181581411510706,-0.008511953055858612,0.0,-0.00035410141572356224,-0.0005144868046045303,0.0008897259831428528,0.001305511686950922,0.00044226902537047863,0.0005982916336506605,-0.0019305995665490627,-0.0028722984716296196
38211,0.2,0,1,0.3793213367462158,3,0.008924305438995361,0.05642315745353699,8,0.04818522930145264,0.13317987322807312,0.20674295723438263,0.2711443603038788,0.15369541943073273,0.2015492469072342,0.172548308968544,0.13262921571731567,0.03991909325122833,0.0416516475379467,0.10564456880092621,0.0,-0.01318824291229248,0.047498852014541626,0.05642315745353699,0.018988192081451416,0.01973140239715576,-0.07775822281837463,-0.08945900201797485,-0.01643279194831848,0.0,0.03485885262489319,-0.033368319272994995,-0.08506783843040466,-0.16972589492797852,-0.06167161464691162,0.040625959634780884,0.08499464392662048,0.13317987322807312
39142,0.2,2,10,0.0007999319350346923,6,5.0745089538395405e-05,7.540197111666203e-05,4,7.637264207005501e-05,0.000308314454741776,0.0001386847288813442,0.0002538104890845716,0.0002688613021746278,0.00039728826959617436,0.0003445369366090745,0.00029937824001535773,4.515869659371674e-05,0.00011834224278572947,0.00023392548609990627,0.0,-8.576142136007547e-06,-0.00022986356634646654,2.465688157826662e-05,2.0845152903348207e-05,8.09977063909173e-06,7.540197111666203e-05,-7.658737013116479e-05,-0.00011779676424339414,0.0,-0.00015412160428240895,-0.0001425692462362349,0.00023194181267172098,0.000308314454741776,0.0001753511605784297,3.1327479518949986e-05,-0.00046634150203317404,-0.0006526506040245295
41302,0.2,0,0,0.04115298017859459,2,0.0002584904432296753,0.0029887817800045013,7,0.001398332417011261,0.008078396320343018,0.015163486823439598,0.021417345851659775,0.012846964411437511,0.017209047451615334,0.011632399633526802,0.0017530471086502075,0.009879352524876595,0.0012284857220947742,0.003943154588341713,0.0,-0.0009575523436069489,0.0029887817800045013,0.001976318657398224,0.002730291336774826,0.0010715015232563019,-0.005868211388587952,-0.009162649512290955,-0.01127491146326065,0.0,0.0019292086362838745,-0.005480874329805374,-0.012512363493442535,-0.016293328255414963,-0.0034637227654457092,0.006680063903331757,0.008078396320343018,0.006323099136352539
41789,0.2,0,0,0.006592074874788523,2,0.0005996907129883766,0.0006637610495090485,2,0.0001545674167573452,0.00021780887618660927,0.0022193840704858303,0.0033530383370816708,0.0016037378227338195,0.002570985583588481,0.0008385707624256611,0.0008385707624256611,0.0,0.0006701499223709106,0.001238216063939035,0.0,-6.80927187204361e-05,0.0006637610495090485,-3.3159740269184113e-06,-2.4987850338220596e-05,6.407033652067184e-05,-0.001257013063877821,-0.0002805120311677456,-0.0006050923839211464,0.0,-5.636923015117645e-05,0.00021780887618660927,6.324145942926407e-05,3.20938415825367e-05,5.578016862273216e-05,-0.00038587627932429314,-0.00019940966740250587,-0.0003367471508681774
42197,0.2,2,0,0.0016747985500842333,2,0.00024230789858847857,0.0006286883726716042,4,3.6909361369907856e-05,0.00046043586917221546,0.00033797379001043737,0.0006899831350892782,0.00042922570719383657,0.0006600736523978412,0.0009337106603197753,0.0008911853656172752,4.2525294702500105e-05,0.00017771309649106115,0.00040075983270071447,0.0,-0.00010674609802663326,0.0006286883726716042,0.0001979329390451312,0.0003863804740831256,0.00013270473573356867,-0.0014873489271849394,-0.0004990026354789734,-0.0011023750994354486,0.0,-0.00018682796508073807,0.0004235265078023076,0.0002838786458596587,0.00046043586917221546,0.00023150083143264055,-0.0007189176976680756,-0.000519223976880312,-0.0008108420297503471
42386,0.2,0,0,4.593730926513672,8,0.0,0.26515722274780273,7,9.5367431640625e-07,0.08229923248291016,1.171076774597168,1.4625020027160645,0.5590803027153015,0.7339251041412354,0.34714412689208984,0.34714317321777344,9.5367431640625e-07,0.1974308341741562,0.4838741719722748,0.0,0.11420965194702148,-0.18491458892822266,-0.18491458892822266,-0.18491554260253906,-0.17198562622070312,0.26515722274780273,0.26515722274780273,0.26515722274780273,0.0,0.04403495788574219,-0.04557037353515625,-0.04556989669799805,-0.045569419860839844,-0.055478572845458984,0.08229827880859375,0.08229923248291016,0.08229827880859375
42477,0.2,0,1,0.3431450426578522,4,0.026622489094734192,0.09819228947162628,8,0.00025832653045654297,0.007366776466369629,0.15816372632980347,0.23268455266952515,0.11381778866052628,0.15420842170715332,0.10479341447353363,0.0993133932352066,0.005480021238327026,0.05905095487833023,0.13009168207645416,0.0,-0.010078966617584229,0.011068344116210938,0.07156980037689209,0.09819228947162628,0.018426090478897095,-0.016787618398666382,-0.06384876370429993,-0.06086656451225281,0.0,0.002394378185272217,0.007108449935913086,-0.009991705417633057,-0.025522172451019287,-0.0037708580493927,-0.010891526937484741,0.0016519129276275635,0.007366776466369629
43364,0.2,2,2,7.497983460780233e-05,4,1.5496261767111719e-06,1.096649793908e-05,2,2.02643423108384e-06,1.5019359125290066e-05,2.4650964405736886e-05,3.259587174397893e-05,2.9550234103226103e-05,3.890179141308181e-05,2.4317170755239204e-05,2.2767530026612803e-05,1.5496407286264002e-06,5.048354523751186e-06,1.2367595445539337e-05,0.0,-4.2911997297778726e-06,9.416871762368828e-06,7.390452083200216e-06,1.096649793908e-05,5.12562837684527e-06,-2.44357725023292e-05,-2.181342279072851e-05,-3.492509131319821e-05,0.0,-6.794391083531082e-06,1.5019359125290066e-05,1.1562500731088221e-05,1.2992924894206226e-05,8.105656888801605e-06,-5.494985089171678e-05,-3.1706789741292596e-05,-3.7070618418511e-05
43614,0.2,1,2,0.0005479741375893354,4,7.388036465272307e-06,0.00015311173046939075,3,9.412877261638641e-06,5.337793845683336e-05,0.0002828408614732325,0.0003347852034494281,0.00021192133135627955,0.0003100011090282351,0.00018814604845829308,0.00018051941879093647,7.62662966735661e-06,2.9081531465635635e-05,7.672888750676066e-05,0.0,-7.755972910672426e-05,0.00014572369400411844,0.000123559933854267,0.00015311173046939075,9.329407475888729e-05,-0.0003970281104557216,-0.0002960289712063968,-0.0003888103528879583,0.0,-4.4916290789842606e-05,-2.5019922759383917e-05,5.337793845683336e-05,4.396506119519472e-05,4.146294668316841e-05,-5.790230352431536e-05,-0.00013748271157965064,-0.00013581494567915797
43791,0.2,0,2,0.0002755738969426602,4,4.314478428568691e-05,8.914794307202101e-05,4,2.955713716801256e-05,6.149693217594177e-05,0.00014160953287500888,0.000149613362737,0.00011081062257289886,0.00014100161206442863,0.00012979155872017145,0.00012979155872017145,0.0,7.050621206872165e-06,1.7361588106723502e-05,0.0,-2.4192529963329434e-05,-3.408387419767678e-05,4.60031587863341e-05,8.914794307202101e-05,2.860274980776012e-05,2.109445631504059e-05,-0.00013728183694183826,-0.00031552943983115256,0.0,-2.0974839571863413e-05,6.4355554059147835e-06,3.1939795007929206e-05,6.149693217594177e-05,2.729176776483655e-05,-1.3466866221278906e-05,-6.220818613655865e-05,-0.00014288234524428844
45679,0.2,1,0,0.042251672595739365,4,0.002640804275870323,0.014287754893302917,2,0.0015904046595096588,0.0015904046595096588,0.014953553676605225,0.020545775070786476,0.007789579685777426,0.014162450097501278,0.015337631106376648,0.012522200122475624,0.002815430983901024,0.003215581178665161,0.007707348559051752,0.0,-0.004631321877241135,-0.00923280417919159,0.011646950617432594,0.014287754893302917,0.005682904273271561,0.008486032485961914,-0.030126582831144333,-0.03972852602601051,0.0,-0.0007588602602481842,0.0015904046595096588,-0.0008061304688453674,-0.000742986798286438,-0.00015414878726005554,-0.005387924611568451,-0.0021830573678016663,-0.0034407973289489746
45921,0.2,0,0,0.022321177646517754,4,0.0016183201223611832,0.00534888356924057,6,0.00015377812087535858,0.00015377812087535858,0.007178298197686672,0.009952549822628498,0.00515770073980093,0.007318877149373293,0.005545569583773613,0.004848433658480644,0.0006971359252929688,0.0016368447104468942,0.003834581933915615,0.0,-0.0014849156141281128,-0.00041598081588745117,0.003730563446879387,0.00534888356924057,0.0019774828106164932,0.0002679303288459778,-0.007181694731116295,-0.010944722220301628,0.0,-2.7976930141448975e-06,-0.00018743984401226044,-0.00011552311480045319,-0.00046200864017009735,-9.908713400363922e-05,0.00015377812087535858,-0.00017776526510715485,-0.0001612156629562378
45949,0.2,0,0,0.22455647587776184,4,0.0,0.0479937344789505,5,0.009051084518432617,0.05353836715221405,0.1128586083650589,0.1378108263015747,0.08404646068811417,0.10613735020160675,0.09095869958400726,0.08468644320964813,0.006272256374359131,0.012855561450123787,0.027056969702243805,0.0,-0.031819671392440796,0.0479937344789505,0.0479937344789505,0.0479937344789505,0.040007948875427246,-0.09101873636245728,-0.09101882576942444,-0.09101882576942444,0.0,-0.046229809522628784,0.04448728263378143,0.04448728263378143,0.04448719322681427,0.05353836715221405,-0.08554258942604065,-0.08554232120513916,-0.08554258942604065
46026,0.2,3,10,0.0005920564290136099,4,5.957088433206081e-06,2.5615154299885035e-05,5,2.2638123482465744e-06,8.947716560214758e-05,0.00010912744619417936,0.00022702678688801825,0.00018204971274826676,0.00024149357341229916,0.00010889870463870466,0.00010889870463870466,0.0,8.26707182568498e-05,0.00017833546735346317,0.0,-2.8354639653116465e-05,-2.263637725263834e-06,1.930061262100935e-05,2.5615154299885035e-05,1.9658065866678953e-05,-4.848832031711936e-05,-6.206938996911049e-05,-7.767544593662024e-05,0.0,-8.708663517609239e-05,3.681454109027982e-05,4.622689448297024e-05,8.7213353253901e-05,8.947716560214758e-05,-9.292393224313855e-05,-9.494909318163991e-05,-0.00018000241834670305
46393,0.2,0,0,0.016445914283394814,5,0.00027322396636009216,0.0005552861839532852,4,0.000994066707789898,0.0060700709000229836,0.005155467893928289,0.007344330660998821,0.0039083040319383144,0.006105258595198393,0.006810425780713558,0.004047130234539509,0.0027632955461740494,0.001006293692626059,0.0030268896371126175,0.0,-0.0007315818220376968,-0.0003899466246366501,-0.00013050809502601624,-0.0006883423775434494,0.0005552861839532852,0.00028206221759319305,-0.004477567970752716,-0.004357317462563515,0.0,-0.0019579287618398666,-2.356991171836853e-05,0.005076004192233086,0.0060700709000229836,0.0025672875344753265,-0.0001502055674791336,-0.008746298030018806,-0.009134477004408836
46974,0.2,1,6,0.014266167767345905,4,0.0006846264004707336,0.0007855817675590515,4,0.0008829878643155098,0.003836173564195633,0.008524277247488499,0.009623576886951923,0.006394144147634506,0.007921621203422546,0.00445749145001173,0.00445749145001173,0.0,0.0005553000955842435,0.001614272128790617,0.0,-0.0002931710332632065,-0.000800582580268383,-0.0016900459304451942,0.0007855817675590515,0.00010095536708831787,-0.0010904669761657715,-0.0019780313596129417,-0.008651361800730228,0.0,-0.0007296549156308174,-0.00346484687179327,0.001751769334077835,0.003836173564195633,0.0010181302204728127,0.002953185699880123,-0.003194042481482029,-0.007226265035569668
46979,0.2,0,11,0.5671023726463318,8,0.020834922790527344,0.21193459630012512,8,0.0032155513763427734,0.054937899112701416,0.18129219114780426,0.2325199395418167,0.16151723265647888,0.22562354803085327,0.2284482717514038,0.22447529435157776,0.00397297739982605,0.06457001715898514,0.13241522014141083,0.0,0.044227004051208496,0.04004734754562378,-0.3368772268295288,-0.554756224155426,-0.08036226034164429,-0.07171589136123657,0.19109967350959778,0.21193459630012512,0.0,0.015267431735992432,0.03471553325653076,-0.06514281034469604,-0.1056051254272461,-0.02414727210998535,-0.062240540981292725,0.05172234773635864,0.054937899112701416
47059,0.2,1,2,0.35123568773269653,6,0.03463095426559448,0.0696973204612732,8,0.008135437965393066,0.13988587260246277,0.3130400478839874,0.3226206600666046,0.11056698858737946,0.14521032571792603,0.18100577592849731,0.10611526668071747,0.07489050924777985,0.003968925680965185,0.009096154943108559,0.0,-0.005688101053237915,-0.05748060345649719,0.029944032430648804,0.03506636619567871,0.008830606937408447,0.0696973204612732,-0.040815770626068115,-0.044811636209487915,0.0,0.043931037187576294,-0.016085833311080933,-0.1544315218925476,-0.1848103404045105,-0.07976597547531128,0.02042025327682495,0.1317504346370697,0.13988587260246277
47224,0.2,0,2,0.0007440659101121128,0,3.573950380086899e-07,0.0,8,0.0,7.266621105372906e-05,0.00038762952317483723,0.0004721745499409735,0.0003260163648519665,0.0004029888950753957,7.266621105372906e-05,5.860906094312668e-05,1.4057150110602379e-05,4.452010034583509e-05,0.00011355614697095007,0.0,-3.573950380086899e-07,-5.836889613419771e-06,-5.836889613419771e-06,-5.836889613419771e-06,-5.122157745063305e-06,-9.886978659778833e-06,-9.886978659778833e-06,-9.886978659778833e-06,0.0,4.8364163376390934e-05,-6.432307418435812e-05,-6.432307418435812e-05,-6.432307418435812e-05,-9.445822797715664e-05,7.266621105372906e-05,7.266621105372906e-05,7.266621105372906e-05
49016,0.2,2,2,0.0004911408759653568,6,0.00014966673916205764,0.00016420325846411288,4,7.6268333941698074e-06,0.0001602706324774772,0.0003012944362126291,0.000335763645125553,0.0001525076077086851,0.00021774791821371764,0.0002774214663077146,0.00013143193791620433,0.00014598952839151025,1.4064654351386707e-05,3.243783430662006e-05,0.0,1.39407638926059e-05,-0.0002782974042929709,-5.05186035297811e-05,-4.194019129499793e-05,-3.181269858032465e-05,0.00016420325846411288,1.453651930205524e-05,-1.548946602270007e-05,0.0,-0.00011962017742916942,0.00015264379908330739,0.00011880038073286414,0.0001602706324774772,0.00011022054241038859,-0.0004113429458811879,-0.0003445246256887913,-0.00047517940402030945
49506,0.2,3,2,4.482168878894299e-05,4,3.5761859180638567e-06,2.0503290215856396e-05,4,4.649045877158642e-06,2.2172180251800455e-05,1.1479413842607755e-05,1.6098623746074736e-05,1.333901582256658e-05,1.7797307009459473e-05,3.194716919097118e-05,3.194716919097118e-05,0.0,1.829814550546871e-06,6.2284921114041936e-06,0.0,-5.840975063620135e-06,1.692710429779254e-05,1.6092662917799316e-05,2.0503290215856396e-05,7.271468348335475e-06,-8.618073479738086e-05,-5.244836211204529e-05,-8.749186235945672e-05,0.0,-7.748225471004844e-06,-5.36416337126866e-06,1.7523134374641813e-05,2.2172180251800455e-05,9.65556682785973e-06,-7.033006113488227e-06,-4.350849485490471e-05,-6.043457688065246e-05
49553,0.2,0,6,5.568780422210693,8,0.23598241806030273,0.5084943771362305,8,0.10695600509643555,0.6406149864196777,0.7259904742240906,1.0719019174575806,0.7577283978462219,1.213433861732483,1.1785998344421387,1.1785998344421387,0.0,0.23692946135997772,0.5165855884552002,0.0,0.053666114807128906,-0.1407322883605957,-0.1496586799621582,-0.2665524482727051,-0.07626819610595703,0.22646093368530273,0.27251195907592773,0.5084943771362305,0.0,0.14399242401123047,0.10651922225952148,-0.41384458541870117,-0.5716457366943359,-0.2196044921875,-0.14677858352661133,0.5336589813232422,0.6406149864196777
50880,0.2,0,4,0.01421798299998045,8,2.764817327260971e-05,0.005343602038919926,7,0.0001608068123459816,0.0017359601333737373,0.009138446301221848,0.010822206735610962,0.006152410060167313,0.009608324617147446,0.00590925756841898,0.005576279014348984,0.0003329785540699959,0.001281023840419948,0.003179239807650447,0.0,0.001264442689716816,0.003105279989540577,-0.010180785320699215,-0.015518895350396633,-0.002392205409705639,-0.006223008967936039,0.005315953865647316,0.005343602038919926,0.0,0.0006983503699302673,0.0015751533210277557,-0.0035206442698836327,-0.0053261881694197655,-0.0014783283695578575,-0.003616788424551487,0.0017359601333737373,0.0012253755703568459
51075,0.2,3,0,0.06145789846777916,6,0.005652077496051788,0.025441743433475494,6,0.0036329925060272217,0.013627476990222931,0.04138634353876114,0.047014735639095306,0.01979895867407322,0.032825879752635956,0.028377778828144073,0.028377778828144073,0.0,0.0022640759125351906,0.005121961701661348,0.0,0.007910400629043579,-0.08006924390792847,-0.04108140245079994,-0.054979126900434494,-0.018571313470602036,0.025441743433475494,0.017736781388521194,0.019789665937423706,0.0,0.0061216168105602264,-0.050463560968637466,-0.03377871587872505,-0.04393978789448738,-0.018769141286611557,0.013627476990222931,0.00999448448419571,0.009916018694639206
51102,0.2,0,2,0.0003325386205688119,4,4.3500709580257535e-05,0.0001089269935619086,4,2.33596219914034e-05,0.00011357512266840786,0.0001412685087416321,0.00020400946959853172,0.0001755648263497278,0.00021774668130092323,0.00018687547708395869,0.00018687547708395869,0.0,3.665887197712436e-05,9.245341061614454e-05,0.0,-1.4538585674017668e-05,7.746071787551045e-06,6.542628398165107e-05,0.0001089269935619086,1.9067316316068172e-05,-1.6087782569229603e-05,-0.0001799300080165267,-0.00041426706593483686,0.0,-2.574030077084899e-05,1.3704615412279963e-05,9.021550067700446e-05,0.00011357512266840786,3.3606396755203605e-05,-2.538281842134893e-05,-0.0001968488795682788,-0.00021531636593863368
51255,0.2,3,2,0.000780754373408854,2,0.00014122185530140996,0.0005597647977992892,4,7.397623267024755e-05,0.00010494689922779799,0.000456696143373847,0.0005185105255804956,0.00031763987499289215,0.0005264775245450437,0.0005981423892080784,0.0004805112548638135,0.00011763113434426486,6.712735921610147e-05,0.00022473618446383625,0.0,-0.0001488842535763979,0.0005597647977992892,0.00030117121059447527,0.00041854294249787927,0.00017630757065489888,-0.0030441423878073692,-0.0008809530409052968,-0.0016694493824616075,0.0,-2.5490589905530214e-05,-0.00026404589880257845,2.930301707237959e-05,0.00010494689922779799,3.097066655755043e-05,-2.5371438823640347e-05,-8.171045919880271e-05,-0.0002315351739525795
52029,0.2,0,0,1.625922441482544,8,0.02279520034790039,0.09512114524841309,8,0.02922344207763672,0.08803009986877441,0.5690817832946777,0.7258187532424927,0.4160690903663635,0.569411039352417,0.17093968391418457,0.17093968391418457,0.0,0.04929204285144806,0.14570829272270203,0.0,0.02746737003326416,-0.02232682704925537,-0.05236542224884033,-0.06689596176147461,-0.04178428649902344,0.018767237663269043,0.0723259449005127,0.09512114524841309,0.0,0.03563129901885986,0.026069283485412598,-0.04342162609100342,-0.06599843502044678,-0.05463111400604248,-0.03823518753051758,0.058806657791137695,0.08803009986877441
52439,0.2,1,0,0.015678472816944122,6,0.0003542788326740265,0.00046565383672714233,2,0.0010394630953669548,0.0035091908648610115,0.004867993760854006,0.007271698676049709,0.0035240105353295803,0.004971942398697138,0.0038829371333122253,0.002909463830292225,0.0009734733030200005,0.0013283233856782317,0.0029863459058105946,0.0,0.00011137500405311584,-0.0007333178073167801,-0.0007926523685455322,-0.0011521130800247192,-0.00029111653566360474,0.00046565383672714233,3.849156200885773e-05,-0.00012204237282276154,0.0,-0.0010687671601772308,0.0035091908648610115,0.001833353191614151,0.0024697277694940567,0.0013749347999691963,-0.007702769711613655,-0.003443358466029167,-0.004772331565618515
52511,0.2,2,9,0.012588798999786377,6,0.002056756056845188,0.0038882410153746605,4,0.0009106053039431572,0.002328699454665184,0.006719665136188269,0.008495151065289974,0.004556724335998297,0.0067667532712221146,0.0057748183608055115,0.00380126666277647,0.0019735516980290413,0.0011373204179108143,0.003669141326099634,0.0,-0.0006468864157795906,-0.006822211667895317,0.001463952474296093,0.0018314849585294724,0.0007906714454293251,0.0038882410153746605,-0.003745121881365776,-0.005474647507071495,0.0,-0.0007722843438386917,-0.0026185009628534317,0.0014180941507220268,0.002328699454665184,0.00096115842461586,-0.0009938692674040794,-0.002960575744509697,-0.0051601342856884
53392,0.2,1,10,0.056507956236600876,8,0.00037424638867378235,0.0034830793738365173,6,0.007379993796348572,0.00852583721280098,0.031116340309381485,0.03607857972383499,0.02777312695980072,0.03498612716794014,0.009573318064212799,0.009338010102510452,0.0002353079617023468,0.0031291223131120205,0.009372256696224213,0.0,0.0008106902241706848,-0.003047078847885132,-0.0022569559514522552,-0.0028935298323631287,-0.001253567636013031,0.0021439604461193085,0.003108832985162735,0.0034830793738365173,0.0,0.0011458434164524078,-0.008697595447301865,-0.004387471824884415,-0.006809469312429428,-0.0035154446959495544,0.00852583721280098,-0.0024649985134601593,-0.004726942628622055
53728,0.2,0,0,0.1110408753156662,4,0.004030361771583557,0.027121812105178833,4,0.0030462369322776794,0.017861805856227875,0.04898769408464432,0.07071790099143982,0.022244926542043686,0.03657742589712143,0.04018457978963852,0.04018457978963852,0.0,0.0073028444312512875,0.022447001188993454,0.0,-0.00931694358587265,0.020782828330993652,0.023091450333595276,0.027121812105178833,0.013098098337650299,-0.03513668477535248,-0.039109840989112854,-0.04660046100616455,0.0,-0.0090109184384346,0.013130955398082733,0.014815568923950195,0.017861805856227875,0.01285342127084732,-0.020774781703948975,-0.023419618606567383,-0.027114570140838623
54086,0.2,0,8,0.0002851079625543207,6,1.1917436495423317e-06,1.1917436495423317e-06,4,3.813939110841602e-05,0.00010559488146100193,0.00010566679702606052,0.0001384436181979254,0.00012317553046159446,0.0001514773175586015,0.00010714432573877275,8.509478357154876e-05,2.204954216722399e-05,2.0710029275505804e-05,6.218477210495621e-05,0.0,-3.5754055716097355e-07,-3.0985684134066105e-06,-5.243724444881082e-06,-2.907836460508406e-05,-8.342321962118149e-07,1.1917436495423317e-06,-1.3585900887846947e-05,-3.2653508242219687e-05,0.0,-2.5622372049838305e-05,-3.765869769267738e-05,6.745549035258591e-05,0.00010559488146100193,3.39655380230397e-05,4.7313704271800816e-05,-0.00013573147589340806,-0.00021770960302092135
54194,0.2,0,8,6.615896563744172e-05,6,5.960027920082211e-07,5.960027920082211e-07,3,1.1920201359316707e-07,4.768065991811454e-06,2.538426997489296e-05,3.146966264466755e-05,2.5282948627136648e-05,3.260807352489792e-05,5.1256720325909555e-06,4.52966196462512e-06,5.960100679658353e-07,6.74704142511473e-06,1.5377470845123753e-05,0.0,-3.576060407795012e-07,-8.344140951521695e-07,-3.576060407795012e-07,-4.648842150345445e-06,-1.1920201359316707e-07,5.960027920082211e-07,-3.2184325391426682e-06,-7.1520626079291105e-06,0.0,-2.0264196791686118e-06,-3.6952405935153365e-06,4.768065991811454e-06,4.648863978218287e-06,2.622429747134447e-06,4.172055923845619e-06,-1.2158467143308371e-05,-2.1575222490355372e-05
54663,0.2,0,0,3.3807103633880615,3,0.005513668060302734,0.05523252487182617,4,0.010707855224609375,0.07890605926513672,0.5144553780555725,0.741917610168457,0.3899836242198944,0.5294062495231628,0.20183730125427246,0.20183730125427246,0.0,0.09596715867519379,0.3072354197502136,0.0,-0.01918172836303711,0.04676985740661621,0.05523252487182617,0.04971885681152344,0.02695465087890625,-0.06235027313232422,-0.128889799118042,-0.17833542823791504,0.0,-0.03027200698852539,0.022561311721801758,0.06819820404052734,0.07890605926513672,0.043296098709106445,-0.04502463340759277,-0.11007046699523926,-0.13373875617980957
54703,0.2,2,11,0.08607874810695648,8,0.012306265532970428,0.05274504795670509,6,0.0072204358875751495,0.039045047014951706,0.04325317218899727,0.0594705268740654,0.029606234282255173,0.039265140891075134,0.06498192250728607,0.061431169509887695,0.0035507529973983765,0.004092940595000982,0.014095363207161427,0.0,0.015290193259716034,-0.09467093646526337,-0.06095549464225769,-0.14983727037906647,-0.03151130676269531,0.03502315655350685,0.040438782423734665,0.05274504795670509,0.0,0.010583139955997467,-0.1112973541021347,-0.027130089700222015,-0.07123109698295593,-0.021714620292186737,0.039045047014951706,0.021388083696365356,0.031824611127376556
54721,0.2,2,11,0.13087190687656403,8,0.0203545019030571,0.0836031436920166,6,0.014553651213645935,0.06663143634796143,0.07460138201713562,0.09494855999946594,0.055470824241638184,0.06698408722877502,0.10605290532112122,0.09962641447782516,0.006426490843296051,0.0065252408385276794,0.02171858213841915,0.0,0.022436901926994324,-0.1284160166978836,-0.08513861894607544,-0.20445619523525238,-0.04412633180618286,0.05559718608856201,0.0632486417889595,0.0836031436920166,0.0,0.012369424104690552,-0.14212064445018768,-0.02372138202190399,-0.08367635309696198,-0.02154509723186493,0.06663143634796143,0.02553301304578781,0.05207778513431549
55286,0.2,0,6,5.522061824798584,8,0.351625919342041,0.9259676933288574,4,0.03394031524658203,0.1243901252746582,0.9044189453125,1.1793091297149658,0.6128584146499634,1.180153250694275,1.0745038986206055,0.7725319862365723,0.3019719123840332,0.2144605666399002,0.6805054545402527,0.0,0.10054922103881836,-0.3190631866455078,-0.36997175216674805,-0.6376757621765137,-0.1455526351928711,0.4930262565612793,0.5743417739868164,0.9259676933288574,0.0,-0.021718978881835938,-0.05399799346923828,0.0746316909790039,0.1243901252746582,0.026465415954589844,0.09044981002807617,-0.12206888198852539,-0.12976741790771484
55482,0.2,0,0,1.50056791305542,6,0.011809945106506348,0.11749255657196045,4,0.21698498725891113,0.2717463970184326,1.011528730392456,1.10374116897583,0.7275868654251099,0.8409227132797241,0.3865821361541748,0.3687223196029663,0.017859816551208496,0.062382329255342484,0.12046125531196594,0.0,0.0037736892700195312,-0.08212554454803467,-0.035892486572265625,0.1056826114654541,-0.006052613258361816,0.11749255657196045,0.04764413833618164,-0.13756299018859863,0.0,-0.02674579620361328,-0.02684617042541504,0.054761409759521484,0.2717463970184326,0.044892311096191406,0.04773986339569092,-0.047739624977111816,-0.24407899379730225
55567,0.2,0,0,0.008828180842101574,5,1.500733196735382e-05,1.500733196735382e-05,6,1.751817762851715e-05,0.0017149304039776325,0.003067376557737589,0.0038654236122965813,0.002687083324417472,0.00397463608533144,0.0017890292219817638,0.0017890292219817638,0.0,0.000697858224157244,0.001725321519188583,0.0,-7.1721151471138e-05,-7.928255945444107e-05,-5.376152694225311e-05,-3.497488796710968e-05,1.500733196735382e-05,-6.120558828115463e-05,-0.0003965888172388077,-0.0008963253349065781,0.0,-0.0009344564750790596,-0.0015147458761930466,0.0014346828684210777,0.0016974122263491154,0.0009905658662319183,0.0017149304039776325,-0.0037420187145471573,-0.004596066661179066
56054,0.2,0,6,0.023890484124422073,4,0.0004666280001401901,0.006741579622030258,4,0.0004584686830639839,0.009642532095313072,0.012788115069270134,0.015645472332835197,0.01242105383425951,0.016987614333629608,0.01383158192038536,0.01383158192038536,0.0,0.0011115368688479066,0.0031212845351547003,0.0,-0.002715878188610077,0.004396464675664902,0.006274951621890068,0.006741579622030258,0.0033477656543254852,-0.01035391166806221,-0.015906929969787598,-0.01770307868719101,0.0,-0.005282927304506302,0.009184063412249088,0.007844053208827972,0.009642532095313072,0.006261363625526428,-0.025380782783031464,-0.014925487339496613,-0.018196959048509598
56365,0.2,0,1,1.4626983404159546,4,0.30093932151794434,0.9148862957954407,4,0.29830604791641235,0.885834276676178,0.6662138104438782,0.9252467751502991,0.6270076036453247,1.0281656980514526,1.3044707775115967,1.3044707775115967,0.0,0.21184535324573517,0.5331712961196899,0.0,-0.09488213062286377,0.07858407497406006,0.6139469742774963,0.9148862957954407,0.14049434661865234,-0.12572252750396729,-0.8092070817947388,-0.9699491262435913,0.0,-0.11095952987670898,-0.06404268741607666,0.5875282287597656,0.885834276676178,0.1684284210205078,0.10360753536224365,-0.649825930595398,-0.7061859369277954
56420,0.2,2,1,0.0007566926069557667,4,9.650830179452896e-06,0.0002305220696143806,4,4.764879122376442e-07,6.30159629508853e-05,0.0004752968088723719,0.0005955108208581805,0.0003728595038410276,0.000527342373970896,0.0002718667674344033,0.0002718667674344033,0.0,5.4669013479724526e-05,0.00014024540723767132,0.0,-0.00013840687461197376,0.00021860748529434204,0.0002208712394349277,0.0002305220696143806,0.00015617732424288988,-0.0005230343667790294,-0.0005338684422895312,-0.000569227384403348,0.0,-7.15880305506289e-05,3.597460454329848e-05,5.8846548199653625e-05,6.30159629508853e-05,6.253947503864765e-05,-0.00011387141421437263,-0.00015782041009515524,-0.00017425609985366464
57020,0.2,3,2,0.05596422404050827,6,0.008892558515071869,0.0135280080139637,2,0.0006533078849315643,0.026512395590543747,0.01255980134010315,0.018089313060045242,0.026765385642647743,0.03116333857178688,0.036264002323150635,0.02299102023243904,0.013272982090711594,0.0031978257466107607,0.0076452745124697685,0.0,0.0009823963046073914,-0.02357122302055359,-0.0016487650573253632,-0.006008658558130264,-0.0017054788768291473,0.0135280080139637,0.0017162971198558807,0.0046354494988918304,0.0,-0.006014596670866013,0.026512395590543747,0.008987616747617722,0.025859087705612183,0.008257225155830383,-0.0237119123339653,-0.01374855637550354,-0.03437409549951553
57529,0.2,0,9,4.370781421661377,4,0.08088493347167969,0.2799553871154785,4,0.11971449851989746,0.478318452835083,1.2726689577102661,1.6556241512298584,0.7291505932807922,1.1156026124954224,0.7773008346557617,0.7773008346557617,0.0,0.21548804640769958,0.5349013805389404,0.0,-0.06388664245605469,0.15938615798950195,0.19907045364379883,0.2799553871154785,0.10788679122924805,-0.2201366424560547,-0.20391559600830078,-0.24010181427001953,0.0,-0.16282367706298828,0.1709156036376953,0.35860395431518555,0.478318452835083,0.3089451789855957,-0.2285451889038086,-0.3328561782836914,-0.38933372497558594
57820,0.2,3,2,0.00022957073815632612,4,1.3110984582453966e-06,7.341876334976405e-05,4,5.363603122532368e-06,8.021265966817737e-05,0.00011504121357575059,0.00014819583157077432,9.560061153024435e-05,0.00012491641973610967,0.00012538724695332348,0.00012276491906959563,2.6223278837278485e-06,1.849982982093934e-05,4.757281203637831e-05,0.0,-2.7888178010471165e-05,7.210766489151865e-05,7.115413609426469e-05,7.341876334976405e-05,3.527847002260387e-05,-0.00020306538499426097,-0.00019031543342862278,-0.00020306538499426097,0.0,-3.456215199548751e-05,-9.772877092473209e-06,7.4849056545645e-05,8.021265966817737e-05,4.1714549297466874e-05,1.7877318896353245e-06,-0.00017482459952589124,-0.0002004439156735316
58003,0.2,0,0,0.1291806846857071,4,0.019456833600997925,0.06350237876176834,4,0.007688365876674652,0.022805579006671906,0.06125839799642563,0.07820909470319748,0.04310259222984314,0.06562244147062302,0.07562121003866196,0.07562121003866196,0.0,0.01068221777677536,0.03401035815477371,0.0,-0.016421467065811157,0.015812084078788757,0.044045545160770416,0.06350237876176834,0.021668411791324615,-0.027554109692573547,-0.0893903374671936,-0.14802004396915436,0.0,-0.006353646516799927,-0.008928671479225159,0.015117213129997253,0.022805579006671906,0.008911862969398499,0.013059273362159729,-0.02394324541091919,-0.03350992500782013
58100,0.2,2,2,0.0007452571298927069,6,0.0001455903402529657,0.0002450608881190419,4,6.07676338404417e-06,0.0002699634642340243,0.0005033573834225535,0.0005284210783429444,0.00033777632052078843,0.0003996516461484134,0.00043571850983425975,0.00019442354096099734,0.0002412949688732624,2.3456539565813728e-05,6.310429307632148e-05,0.0,4.610070027410984e-05,-0.00039444922003895044,-0.00016484915977343917,-0.00012387760216370225,-0.00010374857811257243,0.0002450608881190419,9.947054786607623e-05,4.7530222218483686e-05,0.0,-0.00029180257115513086,0.00024744385154917836,0.00025149498833343387,0.0002699634642340243,0.0002638867008499801,-0.0006718520307913423,-0.0006944694323465228,-0.0007785066263750196
58419,0.2,0,2,0.00019727191829588264,4,2.062062412733212e-05,8.236076246248558e-05,4,2.2765438188798726e-05,5.339665221981704e-05,0.00010303553426638246,0.00012239936040714383,7.014341827016324e-05,8.889270247891545e-05,0.00011359049676684663,0.00011359049676684663,0.0,6.0375186876626685e-06,1.7689753804006614e-05,0.0,-3.384817682672292e-05,1.966585114132613e-05,6.174013833515346e-05,8.236076246248558e-05,3.9332080632448196e-05,-3.956888394895941e-05,-0.00017387692059855908,-0.00029649020871147513,0.0,-1.9903818611055613e-05,-7.985407137311995e-06,3.063121403101832e-05,5.339665221981704e-05,2.5267712771892548e-05,7.031994755379856e-06,-6.245139229577035e-05,-0.0001234688243130222
59403,0.2,3,4,0.016418708488345146,7,0.00047317054122686386,0.008686485700309277,3,1.4676712453365326e-05,0.001230546273291111,0.011639947071671486,0.01342928409576416,0.010325509123504162,0.012162999249994755,0.009891295805573463,0.005333473905920982,0.004557821899652481,0.0002862800902221352,0.0007253045914694667,0.0,0.004663935862481594,-0.04879152774810791,-0.03378933668136597,-0.04293470084667206,-0.014778949320316315,0.007588164880871773,0.008686485700309277,0.008213315159082413,0.0,-0.002017553895711899,0.0011309850960969925,0.001230546273291111,0.0009645251557230949,0.0012158695608377457,-0.005150025710463524,-0.004190107807517052,-0.004888193681836128
59934,0.2,0,0,1.3154776096343994,8,0.08770179748535156,0.3325986862182617,4,0.0060721635818481445,0.0319666862487793,0.4889032244682312,0.7508676648139954,0.34933528304100037,0.5021214485168457,0.36728495359420776,0.29129743576049805,0.07598751783370972,0.06240237504243851,0.1891443133354187,0.0,0.051354289054870605,0.016202330589294434,-0.19150960445404053,-0.3102297782897949,-0.07828330993652344,-0.023396968841552734,0.24489688873291016,0.3325986862182617,0.0,-0.004977703094482422,-0.016968488693237305,0.02448141574859619,0.0319666862487793,0.00745391845703125,0.025894522666931152,-0.0250016450881958,-0.023742318153381348
60012,0.2,0,0,0.017786173149943352,3,5.154125392436981e-05,0.00029738061130046844,4,0.0008030897006392479,0.002401246689260006,0.007514640688896179,0.011166892014443874,0.005565984640270472,0.0073950462974607944,0.002603646367788315,0.0024838922545313835,0.0001197541132569313,0.0010516506154090166,0.0025818634312599897,0.0,-0.00012178532779216766,0.00024583935737609863,0.00029738061130046844,0.00018118135631084442,0.00023354031145572662,-0.0004410482943058014,-0.0004866998642683029,-0.0009057708084583282,0.0,-0.0008483212441205978,-0.001066751778125763,0.001598156988620758,0.002401246689260006,0.0012098681181669235,0.001489078626036644,-0.00288301520049572,-0.004830719903111458
60312,0.2,2,2,0.0010184821439906955,4,3.2402866054326296e-05,0.00035458762431517243,4,6.134953582659364e-05,0.00034434249391779304,0.0006228890852071345,0.0006894709658809006,0.0004377588047645986,0.0005486816517077386,0.0005752410506829619,0.0005752410506829619,0.0,3.107020529569127e-05,9.647652768762782e-05,0.0,-0.0001343222102150321,0.00016935734311118722,0.00032218475826084614,0.00035458762431517243,0.00016304466407746077,-0.0005518203834071755,-0.0008576607797294855,-0.0010136390337720513,0.0,-0.0002127875341102481,0.00014267751248553395,0.0002829929580911994,0.00034434249391779304,0.0002220045425929129,-0.00036541419103741646,-0.0006745248101651669,-0.000846356968395412
61585,0.2,0,0,0.003185557434335351,4,7.130671292543411e-06,0.0001472414005547762,6,0.00010102684609591961,0.0002606285270303488,0.0011334001319482923,0.0014273248380050063,0.0005798939964734018,0.0010449327528476715,0.000395782757550478,0.00021676975302398205,0.00017901300452649593,0.0002586686168797314,0.0005960263661108911,0.0,-7.901876233518124e-05,0.00011955038644373417,0.00014011072926223278,0.0001472414005547762,8.936435915529728e-05,-0.00025485805235803127,-0.0005432625766843557,-0.0009155233856290579,0.0,-0.00010575307533144951,-0.00020757457241415977,0.00012798840180039406,0.00015960168093442917,9.685126133263111e-05,0.0002606285270303488,-0.00044028740376234055,-0.0007477558683604002
62493,0.2,3,10,0.0005857420619577169,3,1.0246760211884975e-05,7.899256888777018e-05,4,2.7409405447542667e-06,0.0002671463880687952,0.0001421025808667764,0.00019440686446614563,0.00020730658434331417,0.00025132650625891984,0.00031112157739698887,0.00030397099908441305,7.150578312575817e-06,3.731857941602357e-05,8.623104804428294e-05,0.0,-3.383506555110216e-05,-0.00012627989053726196,7.899256888777018e-05,6.87458086758852e-05,4.0150771383196115e-05,-6.886024493724108e-05,-0.000216333894059062,-0.0002660030731931329,0.0,-0.00014998536789789796,0.00026440544752404094,0.00018075091065838933,0.0002671463880687952,0.00015513162361457944,-0.00045489019248634577,-0.00046691775787621737,-0.00074982107616961
62723,0.2,3,2,3.349725011503324e-05,4,9.536561265122145e-07,1.5139188690227456e-05,4,2.1457199181895703e-06,1.2635842722374946e-05,1.2188816981506534e-05,1.361929844279075e-05,9.405344826518558e-06,1.1992126019322313e-05,2.193401633121539e-05,2.193401633121539e-05,0.0,1.4722102150699357e-06,3.951723556383513e-06,0.0,-7.152291800593957e-06,1.4185532563715242e-05,9.178851541946642e-06,1.5139188690227456e-05,7.271550202858634e-06,-8.200987940654159e-05,-2.717843744903803e-05,-7.795722194714472e-05,0.0,-8.701947081135586e-06,5.960282578598708e-06,1.0490122804185376e-05,1.2635842722374946e-05,8.702025297679938e-06,-2.0383897208375856e-05,-2.7655245503410697e-05,-3.695295890793204e-05
62753,0.2,3,4,0.0026899129152297974,2,0.000713090063072741,0.0011813848977908492,6,0.00011488469317555428,0.00038836710155010223,0.0018916856497526169,0.0021979319863021374,0.0012525056954473257,0.0015819641994312406,0.0013606594875454903,0.0009526361245661974,0.00040802336297929287,8.573281957069412e-05,0.00023382595099974424,0.0,-0.000558147206902504,0.0011813848977908492,0.0004682948347181082,0.0001493359450250864,0.0004558057989925146,-0.003697856329381466,-0.0015258463099598885,-0.001057078130543232,0.0,0.00020581833086907864,-0.00045868754386901855,-0.0003543454222381115,-0.0004103207029402256,-0.0006099524907767773,0.00038836710155010223,0.0002510063350200653,0.00027348240837454796
62941,0.2,3,6,0.0008289953111670911,3,2.8833630494773388e-05,0.00032236496917903423,3,1.667597098276019e-05,3.6924961023032665e-05,0.0004555773048195988,0.0005190634401515126,0.00036631611874327064,0.00044896884355694056,0.00034953129943460226,0.00034953129943460226,0.0,2.7334142941981554e-05,9.659602073952556e-05,0.0,-0.00020520639372989535,0.00029353133868426085,0.00032236496917903423,0.00028864643536508083,0.00021942559396848083,-0.0008900738903321326,-0.000943386519793421,-0.0007482104119844735,0.0,-4.514184547588229e-05,-0.00012791651533916593,3.6924961023032665e-05,1.2387579772621393e-05,2.0248990040272474e-05,-5.383649840950966e-05,-0.00013172754552215338,-0.00013256119564175606
62978,0.2,0,0,0.03927982226014137,4,0.0025498811155557632,0.011480294167995453,6,0.00038473308086395264,0.00038473308086395264,0.021036017686128616,0.024370210245251656,0.013829806819558144,0.018327947705984116,0.011578386649489403,0.010680042207241058,0.0008983444422483444,0.001401397050358355,0.005465889815241098,0.0,-0.0032893791794776917,0.0010756924748420715,0.00893041305243969,0.011480294167995453,0.0042899250984191895,-0.0024655908346176147,-0.022247351706027985,-0.03069242462515831,0.0,-0.0001640021800994873,-0.0003766752779483795,-0.0003742687404155731,-0.0006512738764286041,-0.00010154396295547485,0.00038473308086395264,-0.001620408147573471,-0.0036417506635189056
63364,0.2,3,2,8.189342770492658e-05,4,2.6224879547953606e-06,3.9217411540448666e-05,4,6.317855877568945e-06,4.7442536015296355e-05,3.542672857292928e-05,4.1607458115322515e-05,3.3769800211302936e-05,3.9837272197473794e-05,6.425060564652085e-05,6.425060564652085e-05,0.0,2.229146275567473e-06,6.544360985571984e-06,0.0,-1.668779441388324e-05,3.6594923585653305e-05,2.3720986064290628e-05,3.9217411540448666e-05,1.8952901882585138e-05,-0.00015554329729638994,-5.983637674944475e-05,-0.00015840362175367773,0.0,-3.8858292100485414e-05,3.754855424631387e-05,4.112468013772741e-05,4.7442536015296355e-05,3.433005258557387e-05,-0.0001178813909064047,-0.00012360227992758155,-0.0001537555654067546
64411,0.2,0,6,0.06439327448606491,4,0.00857619196176529,0.054760973900556564,6,0.00409921258687973,0.014832906424999237,0.04743681475520134,0.050813477486371994,0.022057300433516502,0.03735432028770447,0.05718320608139038,0.05676669254899025,0.0004165135324001312,0.001244602375663817,0.0032015391625463963,0.0,-0.018054895102977753,0.0024140067398548126,0.046184781938791275,0.054760973900556564,0.020530331879854202,-0.0038788840174674988,-0.22330141067504883,-0.3221990168094635,0.0,-0.0018343329429626465,-0.013336963951587677,0.008057139813899994,0.010733693838119507,0.002478882670402527,0.014832906424999237,-0.016254723072052002,-0.01956217736005783
64676,0.2,0,6,0.032583847641944885,4,0.0031626224517822266,0.009813245385885239,4,0.0026162751019001007,0.014574140310287476,0.01891426555812359,0.020880242809653282,0.016771286725997925,0.01904318295419216,0.019247230142354965,0.019247230142354965,0.0,0.0008996229735203087,0.001999304862692952,0.0,-0.0027594901621341705,0.0015008188784122467,0.006650622934103012,0.009813245385885239,0.003525182604789734,-0.003917798399925232,-0.015866409987211227,-0.028357118368148804,0.0,-0.006485972553491592,0.008719554170966148,0.011957865208387375,0.014574140310287476,0.007772522047162056,-0.01934460550546646,-0.027950674295425415,-0.0332765132188797
64752,0.2,3,2,0.00010847456724150106,4,9.297811629949138e-06,5.7811903388937935e-05,2,2.2409745724871755e-05,4.8275687731802464e-05,6.163239595480263e-05,7.211043703136966e-05,2.814271647366695e-05,4.70538652734831e-05,7.92687205830589e-05,6.973229756113142e-05,9.536423021927476e-06,7.1761105573386885e-06,1.938840068760328e-05,0.0,-3.170573472743854e-05,3.5044344258494675e-05,4.85140917589888e-05,5.7811903388937935e-05,3.19451282848604e-05,-0.00017579918494448066,-0.00018080451991409063,-0.0002733990550041199,0.0,-1.4065073628444225e-05,4.8275687731802464e-05,1.847560633905232e-05,2.586594200693071e-05,1.58532420755364e-05,-0.00011740152694983408,-4.398248711368069e-05,-6.72244859742932e-05
65464,0.2,0,2,3.302042750874534e-05,4,7.15233909431845e-07,2.7417263481765985e-06,4,2.264923750772141e-06,1.0490126442164183e-05,1.0746423868113197e-05,1.4787532563786954e-05,9.834491720539518e-06,1.3160357411834411e-05,1.2278225767659023e-05,1.2278225767659023e-05,0.0,1.656981794440071e-06,4.29145984526258e-06,0.0,-9.536415745969862e-07,1.0728472261689603e-06,2.0264924387447536e-06,2.7417263481765985e-06,1.3112585293129086e-06,-1.549669832456857e-06,-5.721842171624303e-06,-1.0728424967965111e-05,0.0,-5.84104418521747e-06,-2.7417190722189844e-06,8.225202691392042e-06,1.0490126442164183e-05,6.198697519721463e-06,3.218548954464495e-06,-2.1337531507015228e-05,-3.218492929590866e-05
65798,0.2,0,0,0.14947062730789185,6,0.007368102669715881,0.00777512788772583,4,0.008544161915779114,0.016567423939704895,0.050573039799928665,0.08106859773397446,0.0361563116312027,0.059768080711364746,0.02414877712726593,0.012123063206672668,0.012025713920593262,0.00803370214998722,0.01904958114027977,0.0,-0.0004299432039260864,-0.005436986684799194,-0.0006701350212097168,-0.004954531788825989,0.00040702521800994873,0.00777512788772583,-0.005990535020828247,-0.010919824242591858,0.0,-0.0024401992559432983,-0.0004481077194213867,0.008023262023925781,0.016567423939704895,0.003574177622795105,0.0005323290824890137,-0.011410564184188843,-0.017975106835365295
65816,0.2,0,6,0.00311924796551466,8,0.0,0.0,8,0.0,0.0,0.0010907775722444057,0.0014440573286265135,0.0011277690064162016,0.0014533973298966885,0.0,0.0,0.0,0.00022713704674970359,0.0006412644288502634,0.0,0.0,0.0,0.0,0.0,0.0,0.0,0.0,0.0,0.0,0.0,0.0,0.0,0.0,0.0,0.0,0.0,0.0
65870,0.2,0,4,0.0010313435923308134,4,0.0001085256808437407,0.00040438008727505803,4,4.335952689871192e-05,0.00030121486634016037,0.0006479319417849183,0.000800908834207803,0.0003944173804484308,0.0005599044961854815,0.0005586713086813688,0.0005586713086813688,0.0,6.129012035671622e-05,0.00017187645426020026,0.0,-0.00011919834651052952,9.146257070824504e-05,0.00029585440643131733,0.00040438008727505803,0.00015017925761640072,-0.00020171201322227716,-0.0007541279774159193,-0.001283522928133607,0.0,-0.00014598923735320568,-0.0002233810955658555,0.00025785533944144845,0.00030121486634016037,0.00016339990543201566,0.00018960353918373585,-0.0006433359812945127,-0.0008550320053473115
66141,0.2,3,2,1.0935214757919312,8,0.035260021686553955,0.20317167043685913,8,0.01839900016784668,0.03815639019012451,0.416370153427124,0.4577527642250061,0.25850337743759155,0.3229893743991852,0.22196698188781738,0.22196698188781738,0.0,0.023868992924690247,0.07393601536750793,0.0,0.0412060022354126,-0.016484975814819336,-0.1019662618637085,-0.13319706916809082,-0.057103872299194336,0.06629157066345215,0.16791164875030518,0.20317167043685913,0.0,0.01750028133392334,-0.02513730525970459,-0.042533159255981445,-0.07079291343688965,-0.0340656042098999,0.019536137580871582,0.019757390022277832,0.03815639019012451
66449,0.2,0,0,0.5487809181213379,4,0.048125237226486206,0.1198326051235199,4,0.050071120262145996,0.16718623042106628,0.18445950746536255,0.23752637207508087,0.14657677710056305,0.19969497621059418,0.2674005329608917,0.2674005329608917,0.0,0.034053340554237366,0.08042534440755844,0.0,-0.02085137367248535,-0.009209156036376953,0.07170736789703369,0.1198326051235199,0.030391335487365723,0.014003276824951172,-0.11984968185424805,-0.20445871353149414,0.0,-0.05503547191619873,0.001559436321258545,0.11711511015892029,0.16718623042106628,0.07598230242729187,-0.0017802119255065918,-0.17680519819259644,-0.22388827800750732
66711,0.2,2,10,0.00791449286043644,4,1.053372398018837e-05,0.0007624193094670773,4,0.001023744698613882,0.004335447214543819,0.0029208953492343426,0.004763886332511902,0.0030571601819247007,0.004057709127664566,0.004690791480243206,0.004669046960771084,2.1744519472122192e-05,0.0009175624581985176,0.0026465924456715584,0.0,-0.00024585239589214325,-0.001595010980963707,0.0006606350652873516,0.0007624193094670773,0.00028992071747779846,0.0007518855854868889,-0.001614612527191639,-0.0022392896935343742,0.0,-0.0019613495096564293,-2.8386712074279785e-06,0.0033117025159299374,0.004335447214543819,0.002245501149445772,-0.0007814560085535049,-0.007991153746843338,-0.011269789189100266
67349,0.2,0,2,0.2760295569896698,4,0.005975157022476196,0.025646090507507324,8,0.021400123834609985,0.05628103017807007,0.10770492255687714,0.1337652951478958,0.13347916305065155,0.15310512483119965,0.06776213645935059,0.02381664514541626,0.043945491313934326,0.010216088965535164,0.025986235588788986,0.0,-0.004908770322799683,0.010480374097824097,0.019670933485031128,0.025646090507507324,0.006668448448181152,-0.018545687198638916,-0.043096452951431274,-0.07347473502159119,0.0,0.0050789713859558105,0.013951390981674194,-0.018882960081100464,-0.03125771880149841,-0.007135629653930664,-0.015411734580993652,0.03488090634346008,0.05628103017807007
68167,0.2,1,2,0.00012957210128661245,4,0.0,4.994346818421036e-05,4,1.4661542081739753e-05,5.494987271958962e-05,7.467774412361905e-05,8.367757982341573e-05,4.363194602774456e-05,6.660177314188331e-05,8.165111648850143e-05,8.09358898550272e-05,7.152266334742308e-07,3.3615583561186213e-06,1.2915746083308477e-05,0.0,-1.3349621440283954e-05,-7.628375897184014e-06,4.994346818421036e-05,4.994346818421036e-05,1.6687277820892632e-05,-3.063234908040613e-05,-0.00020356236200314015,-0.0002150025829905644,0.0,-1.3468816177919507e-05,9.654744644649327e-06,4.028833063784987e-05,5.494987271958962e-05,1.728325878502801e-05,-3.861806180793792e-05,-0.00010691116040106863,-0.00016340140427928418
68237,0.2,0,0,2.617868661880493,8,0.0,0.11475753784179688,5,0.0432896614074707,0.1450192928314209,0.8697635531425476,1.0513240098953247,0.3846796452999115,0.5887947082519531,0.2574894428253174,0.07794475555419922,0.17954468727111816,0.11020195484161377,0.33039698004722595,0.0,0.047353506088256836,-0.07433509826660156,-0.07433533668518066,-0.07433581352233887,-0.06801962852478027,0.11475706100463867,0.11475753784179688,0.11475753784179688,0.0,-0.09593033790588379,0.10172891616821289,0.10172891616821289,0.1017296314239502,0.1450192928314209,-0.1477344036102295,-0.1477344036102295,-0.1477346420288086
68581,0.2,0,2,0.016152827069163322,4,0.0023788735270500183,0.005458609201014042,4,0.0015259133651852608,0.009621979668736458,0.009699596092104912,0.012411525472998619,0.008756826631724834,0.01094477716833353,0.011893147602677345,0.011893147602677345,0.0,0.0007529300055466592,0.002453926019370556,0.0,-0.001018458977341652,-0.0008856859058141708,0.0030797356739640236,0.005458609201014042,0.0013553723692893982,0.0011038081720471382,-0.006569415330886841,-0.014788167551159859,0.0,-0.0045366790145635605,0.006299648433923721,0.008096066303551197,0.009621979668736458,0.005006053484976292,-0.016957392916083336,-0.024783791974186897,-0.031838953495025635
68960,0.2,0,4,1.1003140211105347,4,0.009340286254882812,0.342831552028656,6,0.01665663719177246,0.048699259757995605,0.7247969508171082,0.8121055960655212,0.5282086133956909,0.7078322768211365,0.3653162717819214,0.3653162717819214,0.0,0.10600564628839493,0.2823227643966675,0.0,-0.05581939220428467,0.09378397464752197,0.3334912657737732,0.342831552028656,0.08206236362457275,-0.11930429935455322,-0.4321051836013794,-0.34147465229034424,0.0,-0.00010526180267333984,-0.03557932376861572,0.007133126258850098,0.01525890827178955,-0.00011050701141357422,0.048699259757995605,0.024283409118652344,0.032042622566223145
69021,0.2,0,6,0.003765874309465289,4,0.00023315893486142159,0.0007575084455311298,4,0.0001650843769311905,0.0008394003380089998,0.001523066544905305,0.00206389999948442,0.001209664042107761,0.0018662321381270885,0.0014342383947223425,0.0014342383947223425,0.0,0.00021425317390821874,0.0006889133364893496,0.0,-0.0002775064203888178,0.00042204768396914005,0.0005243495106697083,0.0007575084455311298,0.00036787125281989574,-0.0007830422837287188,-0.0010586704593151808,-0.0017372725997120142,0.0,-0.00046579143963754177,0.00016473536379635334,0.0006743159610778093,0.0008394003380089998,0.0005824558902531862,-0.00033615645952522755,-0.0013338669668883085,-0.0018249994609504938
69374,0.2,3,2,1.6569954823353328e-05,4,0.0,2.5033577912836336e-06,4,5.960382623015903e-07,3.099396053585224e-06,3.3199303288711235e-06,4.446443199412897e-06,4.672939212468918e-06,6.139196102594724e-06,5.364344360714313e-06,5.364344360714313e-06,0.0,6.675654162791034e-07,2.509335899958387e-06,0.0,-1.4304860087577254e-06,2.026526999543421e-06,2.5033577912836336e-06,2.5033577912836336e-06,1.7881120584206656e-06,-6.5563799580559134e-06,-5.841140591655858e-06,-6.317966835922562e-06,0.0,-2.5033496058313176e-06,1.9073195289820433e-06,2.5033577912836336e-06,3.099396053585224e-06,2.5033577912836336e-06,-9.059713192982599e-06,-6.317966835922562e-06,-9.417331966687925e-06
69461,0.2,2,2,0.0006121906917542219,4,3.50303016602993e-05,0.00013868429232388735,4,9.092455729842186e-05,0.00030432050698436797,0.00026248139329254627,0.00034921380574814975,0.00031448088702745736,0.0003720366512425244,0.0003714169142767787,0.0003714169142767787,0.0,3.315731737529859e-05,9.056782437255606e-05,0.0,-4.50325314886868e-05,5.456589860841632e-05,0.00010365399066358805,0.00013868429232388735,5.8855104725807905e-05,-0.00010590656893327832,-0.00021632818970829248,-0.0003189962008036673,0.0,-0.00012794422218576074,3.7290388718247414e-05,0.0002133959496859461,0.00030432050698436797,0.00015191035345196724,-6.897753337398171e-05,-0.0005127504700794816,-0.0008984798332676291
70377,0.2,0,2,0.00021789084712509066,1,3.575551090762019e-07,4.64817276224494e-06,6,2.824721741490066e-05,4.111909947823733e-05,4.470099520403892e-05,7.588692824356258e-05,0.00011305198131594807,0.000141617696499452,4.1953418985940516e-05,3.754346107598394e-05,4.4099579099565744e-06,1.7778434994397685e-05,3.555700823199004e-05,0.0,4.64817276224494e-06,-9.653798770159483e-06,-3.003374149557203e-05,-3.7661215174011886e-05,-1.1203170288354158e-05,3.694702172651887e-06,4.290617653168738e-06,-1.9069149857386947e-05,0.0,1.1918455129489303e-06,-3.694613405968994e-05,-1.0488074622116983e-05,1.287188206333667e-05,-2.9795774025842547e-06,4.111909947823733e-05,6.435919203795493e-06,-3.444337926339358e-05
70795,0.2,0,10,0.9684626460075378,2,0.26946890354156494,0.330469012260437,2,0.07304602861404419,0.1464787721633911,0.6381288170814514,0.7221871614456177,0.37299469113349915,0.5046684145927429,0.42883843183517456,0.42883843183517456,0.0,0.02218012511730194,0.06613023579120636,0.0,-0.024430453777313232,0.330469012260437,0.055157601833343506,0.06100010871887207,0.03714466094970703,-0.6775063872337341,-0.07798248529434204,-0.10322219133377075,0.0,0.016526341438293457,0.1464787721633911,-0.0724838376045227,-0.09441035985946655,-0.029983341693878174,-0.29826289415359497,0.07343274354934692,0.058870911598205566
71521,0.2,3,2,3.9934315282152966e-05,4,2.0265015336917713e-06,1.2516555216279812e-05,4,2.622542524477467e-06,1.7404014215571806e-05,1.1199332220712677e-05,1.5329820598708466e-05,1.1896686373802368e-05,1.5174852705968078e-05,2.3364360458799638e-05,2.3364360458799638e-05,0.0,2.4079749891825486e-06,5.3166018005867954e-06,0.0,-3.4569238778203726e-06,8.701968909008428e-06,1.049005368258804e-05,1.2516555216279812e-05,4.648987669497728e-06,-3.0873492505634204e-05,-3.206550536560826e-05,-4.505829929257743e-05,0.0,-6.913836841704324e-06,1.4781471691094339e-05,1.4662266039522365e-05,1.7404014215571806e-05,8.225146302720532e-06,-3.552232010406442e-05,-4.0647919377079234e-05,-4.875345985055901e-05
72448,0.2,1,6,0.2447490394115448,2,0.0005481690168380737,0.011838972568511963,0,8.940696716308594e-08,0.0,0.18389371037483215,0.1947402060031891,0.13171841204166412,0.1488533318042755,0.011839166283607483,0.01183868944644928,4.76837158203125e-07,0.007809226866811514,0.023898279294371605,0.0,-0.008574604988098145,0.011838972568511963,0.009371548891067505,0.009806230664253235,0.01129080355167389,-0.02153688669204712,-0.016459763050079346,-0.017350226640701294,0.0,-2.682209014892578e-07,-2.682209014892578e-07,-2.682209014892578e-07,-2.682209014892578e-07,-3.725290298461914e-07,-2.682209014892578e-07,-8.940696716308594e-08,-1.7881393432617188e-07
72562,0.2,0,2,0.00043299360550008714,4,0.0,1.8946273485198617e-05,8,0.0,0.0,0.00021175970323383808,0.00022378530411515385,0.00018216193711850792,0.00021879149426240474,1.8946273485198617e-05,1.8946273485198617e-05,0.0,1.289669035031693e-05,3.6133689718553796e-05,0.0,-1.3941345969215035e-05,1.8946273485198617e-05,1.8946273485198617e-05,1.8946273485198617e-05,1.8827093299478292e-05,-3.324443241581321e-05,-3.324443241581321e-05,-3.324443241581321e-05,0.0,0.0,0.0,0.0,0.0,0.0,0.0,0.0,0.0
72735,0.2,0,0,0.007687389384955168,4,0.0009615989401936531,0.004144692327827215,4,0.0009425859898328781,0.0034886053763329983,0.0036846871953457594,0.005477755330502987,0.00298527954146266,0.0037826434709131718,0.005680013447999954,0.005680013447999954,0.0,0.00035443081287667155,0.0008805256802588701,0.0,-0.0011926623992621899,-0.00025726156309247017,0.003183093387633562,0.004144692327827215,0.0014870259910821915,0.00030631618574261665,-0.008360331878066063,-0.012448014691472054,0.0,-0.0015706880949437618,-0.00045533711090683937,0.00254601938650012,0.0034886053763329983,0.0018652617000043392,0.0005031228065490723,-0.005640287417918444,-0.00861920416355133
72943,0.2,0,2,0.06283873319625854,4,0.0026330165565013885,0.003735087811946869,6,0.010441135615110397,0.015614889562129974,0.026762593537569046,0.03492247313261032,0.03314679116010666,0.04068281501531601,0.018524877727031708,0.016183488070964813,0.0023413896560668945,0.0021569482050836086,0.007036019116640091,0.0,-0.0008587241172790527,-0.0014054253697395325,0.0011020712554454803,0.003735087811946869,0.000960424542427063,0.0010567978024482727,-0.005102910101413727,-0.01261022686958313,0.0,7.680058479309082e-05,-0.012936949729919434,-0.0008175596594810486,0.005173753947019577,-1.4327466487884521e-05,0.015614889562129974,0.0019170567393302917,-0.004514537751674652
73134,0.2,2,10,0.0007726544863544405,4,3.51470080204308e-05,0.00022920779883861542,4,9.389160550199449e-05,0.000337396893883124,0.0001597340451553464,0.00027254168526269495,0.00018388904572930187,0.00029871336300857365,0.00046061325701884925,0.00046061325701884925,0.0,4.920768697047606e-05,0.00015337238437496126,0.0,-9.659939678385854e-05,-6.3131446950137615e-06,0.00019406079081818461,0.00022920779883861542,0.00011209561489522457,-0.0001052940497174859,-0.0005362410447560251,-0.0007550371228717268,0.0,-0.00015245837857946754,-1.9654107745736837e-05,0.0002435052883811295,0.000337396893883124,0.00018000236013904214,-0.00022474891738966107,-0.0005395744810812175,-0.0008471600594930351
73321,0.2,1,6,0.004439260810613632,2,1.1280179023742676e-05,0.0004884926602244377,4,2.8625130653381348e-05,0.0008178106509149075,0.0017282102489843965,0.0022706107702106237,0.001730627380311489,0.002447934355586767,0.0013784829061478376,0.001238255761563778,0.00014022714458405972,0.00035595978260971606,0.0008897155639715493,0.0,-0.00018619373440742493,0.0004884926602244377,0.0004355362616479397,0.00047721248120069504,0.00023822160437703133,-0.001458004117012024,-0.0009619235061109066,-0.0011207913048565388,0.0,-0.00039880815893411636,2.610962837934494e-06,0.0007891855202615261,0.0008178106509149075,0.0004598768427968025,-0.0008818875066936016,-0.001655064057558775,-0.0017991317436099052
73591,0.2,0,6,0.0025150116998702288,6,1.879199407994747e-05,0.0002328525297343731,4,0.0003707876894623041,0.0012201645877212286,0.0007694967207498848,0.001131997094489634,0.0010371600510552526,0.001358569716103375,0.0013517290353775024,0.0010056504979729652,0.0003460785374045372,0.0002067543100565672,0.00042555617983452976,0.0,6.552133709192276e-05,-0.0002015319187194109,-0.00026156753301620483,-0.0004210900515317917,-0.00013007898814976215,0.0002328525297343731,0.0001836137380450964,0.00021406053565442562,0.0,-0.000507972901687026,-7.086782716214657e-05,0.0008493768982589245,0.0012201645877212286,0.0005937742535024881,4.0786806493997574e-05,-0.0019488160032778978,-0.0032293659169226885
74668,0.2,2,1,1.2021291255950928,6,0.05323958396911621,0.389493465423584,6,0.10814136266708374,0.43080347776412964,0.4436280131340027,0.6143555641174316,0.38239049911499023,0.4973587393760681,0.6667695045471191,0.6667695045471191,0.0,0.13127145171165466,0.2500304579734802,0.0,0.15904605388641357,-0.8846902847290039,-0.6471132040023804,-0.8202638626098633,-0.39302897453308105,0.389493465423584,0.3068088889122009,0.3362538814544678,0.0,0.14799952507019043,-0.5688713788986206,-0.38059449195861816,-0.49580299854278564,-0.2978113889694214,0.43080347776412964,0.28520268201828003,0.3226621150970459
75275,0.2,0,2,0.00029952809563837945,4,5.4588395869359374e-05,0.0001537457574158907,4,4.8031171900220215e-05,0.00011179108696524054,0.0001696106482995674,0.00020762195345014334,0.00010764983016997576,0.00015524162154179066,0.00020201964071020484,0.00020201964071020484,0.0,1.8564993297331966e-05,5.54375619685743e-05,0.0,-3.1222967663779855e-05,-2.0020961528643966e-05,9.915736154653132e-05,0.0001537457574158907,4.063904634676874e-05,2.6218534912914038e-05,-0.0002717980241868645,-0.0007079979404807091,0.0,-2.7052010409533978e-05,-1.5849946066737175e-05,6.375991506502032e-05,0.00011179108696524054,3.563356585800648e-05,2.025972935371101e-05,-0.0001459769846405834,-0.00034280362888239324
76334,0.2,0,2,0.00099323526956141,4,0.00010625820141285658,0.0003264816477894783,4,0.00014012039173394442,0.0005657229339703918,0.00036642473423853517,0.0005320970085449517,0.0004819172027055174,0.0006697953213006258,0.0007108683348633349,0.0007108683348633349,0.0,6.233317981241271e-05,0.00017295937868766487,0.0,-4.823063500225544e-05,3.2155076041817665e-06,0.00022022344637662172,0.0003264816477894783,6.419210694730282e-05,-9.884475730359554e-06,-0.0005567142507061362,-0.0010206836741417646,0.0,-0.0001396838342770934,-0.00010622339323163033,0.00042560254223644733,0.0005657229339703918,0.00017555552767589688,0.00013910792768001556,-0.0010202077683061361,-0.001284523168578744
76380,0.2,0,2,0.00039176418795250356,4,5.876095383428037e-05,0.0002639800077304244,4,7.973215542733669e-05,0.00019520739442668855,0.00022582705423701555,0.0002684855426196009,0.00014282735355664045,0.00019599405641201884,0.00032655883114784956,0.00032655883114784956,0.0,4.072174851899035e-05,0.00012386759044602513,0.0,-7.387806545011699e-05,4.754701512865722e-05,0.00020521905389614403,0.0002639800077304244,8.830337901599705e-05,-9.234674507752061e-05,-0.0008020000532269478,-0.0015674274181947112,0.0,-4.3493404518812895e-05,-1.858919858932495e-05,0.00011547523899935186,0.00019520739442668855,5.660383612848818e-05,2.18070053961128e-05,-0.000269152078544721,-0.0005683632334694266
76455,0.2,0,0,0.1312253475189209,4,0.007017455995082855,0.020416639745235443,4,0.019885681569576263,0.07188653945922852,0.052004504948854446,0.06877251714468002,0.05101747065782547,0.06482944637537003,0.0816999226808548,0.0816999226808548,0.0,0.006554179824888706,0.01988927274942398,0.0,-0.003013044595718384,-0.007181227207183838,0.013399183750152588,0.020416639745235443,0.004323333501815796,0.0099472776055336,-0.023801714181900024,-0.03870035707950592,0.0,-0.01751500368118286,-0.022603899240493774,0.05200085788965225,0.07188653945922852,0.02331586182117462,0.029389619827270508,-0.09645150601863861,-0.11563657224178314
76499,0.2,2,8,0.0004483648226596415,4,4.9337249947711825e-05,0.0001608733437024057,6,3.336471854709089e-05,4.873593570664525e-05,0.0002186824567615986,0.00029444173560477793,0.0001381417241645977,0.0002234421845059842,0.00018232507864013314,0.00016659375978633761,1.573131885379553e-05,3.773325079237111e-05,0.00010048169497167692,0.0,-6.708246655762196e-05,0.00010724601452238858,0.00011153609375469387,0.0001608733437024057,7.733513484708965e-05,-0.000500448455568403,-0.00028319336706772447,-0.0005385585245676339,0.0,-2.0732899429276586e-05,-0.00022410706151276827,1.5371217159554362e-05,2.1448067855089903e-06,1.263059675693512e-05,4.873593570664525e-05,-7.065694080665708e-05,-0.00011104706209152937
77987,0.2,1,0,0.4269666075706482,4,0.009485960006713867,0.04993623495101929,4,0.014676421880722046,0.07064786553382874,0.13197532296180725,0.19170190393924713,0.1020374745130539,0.14863181114196777,0.1108713150024414,0.1108713150024414,0.0,0.018397610634565353,0.07820744067430496,0.0,-0.018407464027404785,-0.024997562170028687,0.04045027494430542,0.04993623495101929,0.01954329013824463,0.026529967784881592,-0.11679971218109131,-0.15031850337982178,0.0,-0.024077683687210083,-0.004817873239517212,0.05597144365310669,0.07064786553382874,0.036071181297302246,-0.00521010160446167,-0.07676446437835693,-0.0887414813041687
79560,0.2,1,0,0.09356019645929337,4,0.008922271430492401,0.023876547813415527,2,0.00692719966173172,0.02010282129049301,0.03750184550881386,0.05847972258925438,0.026180431246757507,0.041404735296964645,0.03780588135123253,0.03467636555433273,0.0031295157968997955,0.009190565906465054,0.021631406620144844,0.0,-0.00551026314496994,0.014292426407337189,0.014954276382923126,0.023876547813415527,0.007418997585773468,-0.027428612112998962,-0.02874983847141266,-0.046588920056819916,0.0,-0.004000306129455566,0.02010282129049301,0.008828245103359222,0.013175621628761292,0.005581408739089966,-0.040259815752506256,-0.013048849999904633,-0.018297411501407623
79759,0.2,1,4,0.0005907459417358041,4,4.825933137908578e-05,0.0001914745371323079,4,7.102952804416418e-05,0.00035605038283392787,0.00028829509392380714,0.0003877829294651747,0.00032211054349318147,0.0003963404451496899,0.00041898011113516986,0.00041516608325764537,3.814027877524495e-06,3.523598934407346e-05,0.00010259213740937412,0.0,-4.8369227442890406e-05,0.0001432152057532221,0.00014071294572204351,0.0001914745371323079,5.980953574180603e-05,-0.0004776328569278121,-0.00044405111111700535,-0.00055098463781178,0.0,-0.00012699398212134838,0.00013821068569086492,0.0002850208547897637,0.00035605038283392787,0.00014833893510513008,-0.0003547326778061688,-0.0007329120999202132,-0.0008785015670582652
80156,0.2,3,2,3.6954195820726454e-05,4,3.576169547159225e-07,6.317877705441788e-06,2,2.3841239453759044e-06,1.1682146578095853e-05,1.1783474292315077e-05,1.741002415656112e-05,9.804653018363751e-06,1.3118582501192577e-05,1.645040902076289e-05,1.4423894754145294e-05,2.026514266617596e-06,2.294734258612152e-06,5.060328476247378e-06,0.0,-6.794656655983999e-06,3.5761513572651893e-06,5.960260750725865e-06,6.317877705441788e-06,5.602643796009943e-06,-1.5377314412035048e-05,-1.764216722222045e-05,-2.0622232113964856e-05,0.0,-1.0489977285033092e-05,1.1682146578095853e-05,6.7947003117296845e-06,9.298022632719949e-06,8.701992555870675e-06,-4.0767241443973035e-05,-1.7403763195034117e-05,-2.5390319933649153e-05
80169,0.2,3,2,0.00011812942830147222,4,1.549589796923101e-06,3.301761898910627e-05,6,4.767847713083029e-06,1.2038784916512668e-05,4.087292109034024e-05,5.7459699746686965e-05,4.8394460463896394e-05,6.111325637903064e-05,4.267279291525483e-05,3.754719364224002e-05,5.125599273014814e-06,8.87466740095988e-06,2.443643461447209e-05,0.0,-1.7759921320248395e-05,3.146802919218317e-05,2.217055589426309e-05,3.301761898910627e-05,1.942900416906923e-05,-0.00010083406959893182,-5.5185861128848046e-05,-8.629360672784969e-05,0.0,-9.058792784344405e-06,-3.230137372156605e-05,7.270937203429639e-06,6.794150976929814e-06,5.363799573387951e-06,1.2038784916512668e-05,-2.479229442542419e-05,-2.8129674319643527e-05
80538,0.2,0,0,0.033425476402044296,4,0.0024170801043510437,0.01311437040567398,6,0.0006903037428855896,0.0007653608918190002,0.014990638010203838,0.023106679320335388,0.008283328264951706,0.011220768094062805,0.013593534007668495,0.011869341135025024,0.0017241928726434708,0.0012420093407854438,0.005159079097211361,0.0,-0.0037922002375125885,-0.0001394897699356079,0.010697290301322937,0.01311437040567398,0.004894860088825226,2.9399991035461426e-05,-0.024101082235574722,-0.031509313732385635,0.0,7.505714893341064e-05,-0.0006895437836647034,-0.0011439472436904907,-0.0019642338156700134,-0.0003864951431751251,0.0007653608918190002,-0.00047153979539871216,-0.0015981458127498627
80586,0.2,0,2,4.1126360883936286e-05,4,1.1920492397621274e-06,4.648984031518921e-06,4,5.364252501749434e-06,1.2754951967508532e-05,1.181323477794649e-05,1.8745067791314796e-05,1.5973520930856466e-05,1.912056904984638e-05,1.621193041501101e-05,1.621193041501101e-05,0.0,3.7788554436701816e-06,8.141816579154693e-06,0.0,-1.3112439773976803e-06,2.0264778868295252e-06,3.456934791756794e-06,4.648984031518921e-06,1.788070221664384e-06,-4.5297565520741045e-06,-7.867456588428468e-06,-1.2635584425879642e-05,0.0,-4.052937583765015e-06,-1.7880629457067698e-06,7.3906994657590985e-06,1.2754951967508532e-05,5.006597348256037e-06,0.0,-1.6807676729513332e-05,-3.361506969667971e-05
81186,0.2,0,2,0.009146220982074738,4,0.002344409003853798,0.005161968991160393,4,0.0019517517648637295,0.006128347013145685,0.005819514859467745,0.006801098585128784,0.005351095460355282,0.006242907606065273,0.00783018209040165,0.00783018209040165,0.0,0.00027400872204452753,0.000705547456163913,0.0,-0.000685238279402256,-0.0005719102919101715,0.002817559987306595,0.005161968991160393,0.0009217914193868637,0.0007567526772618294,-0.0075507257133722305,-0.026114724576473236,0.0,-0.0013392185792326927,-0.0020481785759329796,0.004176595248281956,0.006128347013145685,0.0017232587561011314,0.002412044908851385,-0.011147595942020416,-0.01746455393731594
81267,0.2,3,2,0.0014886498684063554,4,1.5718862414360046e-05,0.0004338464932516217,6,0.0002204005140811205,0.00043872895184904337,0.0008043112466111779,0.0009321211837232113,0.0007707251934334636,0.0009736255742609501,0.000773292442318052,0.0005715166334994137,0.00020177580881863832,6.47119086352177e-05,0.00017120786651503295,0.0,-0.0002120925346389413,0.00020380341447889805,0.0004181276308372617,0.0004338464932516217,0.00024321186356246471,-0.0004987384891137481,-0.0012036407133564353,-0.0013499822234734893,0.0,-9.926781058311462e-05,-0.0007037074537947774,0.00014451518654823303,0.00021832843776792288,0.00010380125604569912,0.00043872895184904337,-0.00037214369513094425,-0.0005321692442521453
81829,0.2,0,0,0.5684971213340759,4,0.03838735818862915,0.16144412755966187,4,0.04729434847831726,0.16802901029586792,0.3405642807483673,0.4058828055858612,0.17147786915302277,0.22302697598934174,0.2823118269443512,0.2823118269443512,0.0,0.03039257600903511,0.056340254843235016,0.0,-0.048391640186309814,0.05784010887145996,0.12305676937103271,0.16144412755966187,0.06837254762649536,-0.09673178195953369,-0.21140974760055542,-0.26463377475738525,0.0,-0.05507904291152954,0.06249213218688965,0.12073466181755066,0.16802901029586792,0.07564589381217957,-0.10544723272323608,-0.20719122886657715,-0.2718338370323181
81898,0.2,0,6,0.0060971686616539955,4,0.00014864234253764153,0.0004960997030138969,4,0.0002724560908973217,0.0012261196970939636,0.0033450941555202007,0.0038104725535959005,0.0030043188016861677,0.0036038311664015055,0.0016568396240472794,0.0016568396240472794,0.0,0.0001597516966285184,0.0004901366773992777,0.0,-0.00013091694563627243,0.0002373531460762024,0.0003474573604762554,0.0004960997030138969,0.00017679482698440552,-0.00043391529470682144,-0.0007021306082606316,-0.0011463924311101437,0.0,-0.0004707472398877144,0.0006568576209247112,0.0009536636061966419,0.0012261196970939636,0.0006388365291059017,-0.001127575058490038,-0.0017154887318611145,-0.002247733063995838
82083,0.2,0,6,0.001508051878772676,4,0.0,5.487410817295313e-05,8,0.0,0.00022344361059367657,0.0005424056435003877,0.0008197717252187431,0.000640084152109921,0.000844163354486227,0.0002592800883576274,0.00013558391947299242,0.00012369616888463497,7.348457438638434e-05,0.00019241745758336037,0.0,-4.665856249630451e-05,5.487410817295313e-05,5.487410817295313e-05,5.487410817295313e-05,5.368376150727272e-05,-0.00011985574383288622,-0.00011985574383288622,-0.00011985574383288622,0.0,0.0001535599585622549,-0.00025290611665695906,-0.00025290611665695906,-0.00025290611665695906,-0.00033584528136998415,0.00022344361059367657,0.00022344361059367657,0.00022344361059367657
82137,0.2,3,6,0.004970574285835028,4,5.567632615566254e-05,0.0008262796327471733,6,0.002292328281328082,0.0025580681394785643,0.002180251758545637,0.003027694532647729,0.002077117096632719,0.0027815578505396843,0.0029096633661538363,0.002189239952713251,0.0007204234134405851,0.0003110555117018521,0.001043573021888733,0.0,-0.0004331003874540329,-0.0011533712968230247,0.0007706033065915108,0.0008262796327471733,0.0005282275378704071,-0.0007684696465730667,-0.0016810670495033264,-0.002034840639680624,0.0,-8.753640577197075e-05,-0.009313691407442093,9.335670620203018e-05,0.0002657398581504822,6.369967013597488e-05,0.0025580681394785643,-0.0002835760824382305,-0.000712997280061245
82385,0.2,2,0,0.1275952011346817,4,0.017928406596183777,0.06808789819478989,4,0.01453825831413269,0.05308897793292999,0.0673632025718689,0.08806463330984116,0.0396287627518177,0.05733561888337135,0.09051904082298279,0.09051904082298279,0.0,0.0055349101312458515,0.019803157076239586,0.0,-0.019277766346931458,0.047386638820171356,0.05015949159860611,0.06808789819478989,0.0267331525683403,-0.07615011930465698,-0.11247420310974121,-0.16481052339076996,0.0,-0.02967175841331482,0.034434378147125244,0.0385507196187973,0.05308897793292999,0.032974161207675934,-0.044756367802619934,-0.09149466454982758,-0.14181090891361237
82558,0.2,0,9,0.01387921441346407,7,0.0004039080813527107,0.001536005176603794,6,0.0006337994709610939,0.0012452127411961555,0.008123988285660744,0.00923021137714386,0.0050302729941904545,0.0061141508631408215,0.0025707120075821877,8.782558143138885e-05,0.002482886426150799,0.0002888835151679814,0.0010342308087274432,0.0,0.0004143891856074333,0.0010312339290976524,-0.003696025349199772,-0.005219577811658382,-0.0007810397073626518,-0.0022394778206944466,0.001536005176603794,0.0011320970952510834,0.0,-0.0004048161208629608,-0.0010616471990942955,0.0006114132702350616,0.0005016634240746498,0.00039333663880825043,0.0012452127411961555,-0.0018065357580780983,-0.0023921942338347435
82652,0.2,0,2,1.883488948806189e-05,4,1.0728681445471011e-06,4.649084985430818e-06,4,2.384158506174572e-06,8.702150807948783e-06,4.535837888397509e-06,5.2868458624288905e-06,6.723299065924948e-06,8.588904165662825e-06,1.1086315680586267e-05,1.1086315680586267e-05,0.0,6.198820869940391e-07,2.0265345028747106e-06,0.0,-9.536561265122145e-07,2.145729013136588e-06,3.576216840883717e-06,4.649084985430818e-06,1.6688991308910772e-06,-4.410650944919325e-06,-8.46366492623929e-06,-1.3708715414395556e-05,0.0,-2.7417590899858624e-06,3.5762059269472957e-07,6.317992301774211e-06,8.702150807948783e-06,3.576216840883717e-06,-9.536561265122145e-07,-1.5377590898424387e-05,-2.574839163571596e-05
82711,0.2,0,0,1.4281070232391357,6,0.00343930721282959,0.028370261192321777,8,0.009004712104797363,0.0674445629119873,0.4366890490055084,0.6167466640472412,0.23600049316883087,0.3179502785205841,0.12370991706848145,0.02260613441467285,0.1011037826538086,0.09457647800445557,0.20153799653053284,0.0,-0.004630684852600098,-0.018110036849975586,0.02052009105682373,0.024930953979492188,0.008457303047180176,0.028370261192321777,-0.017186403274536133,-0.01448512077331543,0.0,0.019797801971435547,0.009282350540161133,-0.043453216552734375,-0.05458533763885498,-0.030629754066467285,-0.013395547866821289,0.05843985080718994,0.0674445629119873
83478,0.2,0,10,0.004619165789335966,4,0.0007390456739813089,0.002019493840634823,4,0.0004435738082975149,0.0013447273522615433,0.001944410614669323,0.0027035383973270655,0.0017116973176598549,0.0024690539576113224,0.002703163307160139,0.002703163307160139,0.0,0.00030366439023055136,0.0009487925563007593,0.0,-0.00029791053384542465,0.00016590068116784096,0.001280448166653514,0.002019493840634823,0.00042026303708553314,-0.00028201472014188766,-0.002502488438040018,-0.004827634897083044,0.0,-0.00030917953699827194,-0.00028284499421715736,0.0009011535439640284,0.0013447273522615433,0.00041100382804870605,0.0003670826554298401,-0.0017208671197295189,-0.00267374562099576
83530,0.2,2,1,0.7095507979393005,4,0.016162991523742676,0.05285370349884033,4,0.03609156608581543,0.05979079008102417,0.2141520082950592,0.2795197665691376,0.23128041625022888,0.28775927424430847,0.11021703481674194,0.11021703481674194,0.0,0.06549990177154541,0.1763245314359665,0.0,-0.014297306537628174,0.036690711975097656,0.026009738445281982,0.05285370349884033,0.021291673183441162,-0.07447582483291626,-0.03969407081604004,-0.08534085750579834,0.0,-0.011113524436950684,0.018739521503448486,0.02369922399520874,0.05979079008102417,0.022438406944274902,0.002166152000427246,-0.02228713035583496,-0.036359190940856934
83696,0.2,0,0,0.16660083830356598,4,0.02218777686357498,0.08013179898262024,4,0.023606792092323303,0.06407369673252106,0.06140052154660225,0.08885163813829422,0.05507951229810715,0.07138533145189285,0.11297041177749634,0.11297041177749634,0.0,0.00934999156743288,0.025113210082054138,0.0,-0.015425771474838257,-0.010681629180908203,0.05794402211904526,0.08013179898262024,0.020888522267341614,0.01460963487625122,-0.12357653677463531,-0.17276830971240997,0.0,-0.01378023624420166,-0.014320164918899536,0.040466904640197754,0.06407369673252106,0.019297942519187927,0.0199129581451416,-0.06613656878471375,-0.09293441474437714
84126,0.2,0,2,0.0003446938644628972,4,4.9578826292417943e-05,0.00012275080371182412,4,3.336783265694976e-06,2.2761407308280468e-05,0.00018345867283642292,0.00021607532107736915,0.00014156433462630957,0.00017729034880176187,0.00013562262756749988,0.00013562262756749988,0.0,1.6425243302364834e-05,5.432264515548013e-05,0.0,-2.8242444386705756e-05,5.052861524745822e-05,7.317197741940618e-05,0.00012275080371182412,3.730037133209407e-05,-0.00010605406714603305,-0.0001652726496104151,-0.00035315219429321587,0.0,-1.1916738003492355e-05,1.9424624042585492e-05,1.4181132428348064e-05,2.2761407308280468e-05,1.239357516169548e-05,-5.183680332265794e-05,-5.267094820737839e-05,-8.54399404488504e-05
84510,0.2,1,10,0.0023636280093342066,4,0.0002779541537165642,0.0006375375669449568,4,0.0003281678073108196,0.0006664558313786983,0.0006930070230737329,0.0010901812929660082,0.0007153446204029024,0.001003481331281364,0.0011125941528007388,0.0011125941528007388,0.0,0.0001532854075776413,0.00040090401307679713,0.0,-0.00016291788779199123,0.00033519486896693707,0.0003595834132283926,0.0006375375669449568,0.00021302234381437302,-0.0007741583976894617,-0.0007474201265722513,-0.0016282231081277132,0.0,-0.00023330934345722198,0.00025465688668191433,0.0003382880240678787,0.0006664558313786983,0.00028463476337492466,-0.0008585283067077398,-0.0006895437836647034,-0.0015918898861855268
84581,0.2,0,10,0.005935305263847113,4,0.0007539205253124237,0.0032090130262076855,4,0.0008381698280572891,0.0025330251082777977,0.002134182956069708,0.0027194905560463667,0.0024000811390578747,0.002973768161609769,0.0044336807914078236,0.0044336807914078236,0.0,0.00020794128067791462,0.0005545559688471258,0.0,-0.0008058571256697178,-0.00010143453255295753,0.0024550925008952618,0.0032090130262076855,0.001005654688924551,0.00012242188677191734,-0.007974240928888321,-0.012317316606640816,0.0,-0.0007483088411390781,-0.00041763903573155403,0.0016948552802205086,0.0025330251082777977,0.0009308066219091415,0.0004883548244833946,-0.003840318415313959,-0.005781764630228281
84942,0.2,1,1,0.0006361367995850742,3,2.3827305994927883e-06,2.203992335125804e-05,4,5.206998321227729e-05,0.000192180770682171,0.00028456965810619295,0.0004018047475256026,0.0003045236808247864,0.00039486843161284924,0.000192180770682171,0.0001588175364304334,3.3363234251737595e-05,9.095024870475754e-05,0.00033523605088703334,0.0,-1.786986831575632e-05,-1.0245421435683966e-05,2.203992335125804e-05,1.965719275176525e-05,1.6917067114263773e-05,-0.0001126939314417541,-8.541508577764034e-05,-0.00015450420323759317,0.0,-8.55341786518693e-05,0.0001401107874698937,0.00011961715063080192,0.000192180770682171,9.757507359609008e-05,-0.00047213368816301227,-0.00028671318432316184,-0.0005679862224496901
84993,0.2,2,0,0.15903432667255402,4,0.017744258046150208,0.07529164850711823,4,0.01649431884288788,0.06690241396427155,0.06646771728992462,0.11468511819839478,0.051804669201374054,0.07279518246650696,0.11219501495361328,0.11219501495361328,0.0,0.007111349143087864,0.022287936881184578,0.0,-0.01959282159805298,-0.013580486178398132,0.05754739046096802,0.07529164850711823,0.025759100914001465,6.04093074798584e-05,-0.1159081906080246,-0.14651592075824738,0.0,-0.028811350464820862,0.027496114373207092,0.05040809512138367,0.06690241396427155,0.03599269688129425,-0.05543389916419983,-0.08891366422176361,-0.11045153439044952
85304,0.2,3,2,0.00044252615771256387,4,2.2166757844388485e-05,0.00017624805332161486,4,2.9081391403451562e-05,0.0002618212020024657,0.00024297791242133826,0.0002612491080071777,0.0002048990863841027,0.0002563266607467085,0.0003310716710984707,0.0003310716710984707,0.0,7.562980954389786e-06,2.06503664230695e-05,0.0,-6.243606912903488e-05,4.182482371106744e-05,0.00015408129547722638,0.00017624805332161486,7.423729402944446e-05,-0.00020194993703626096,-0.0004797283618245274,-0.0006220419891178608,0.0,-0.0001379737805109471,9.997733286581933e-05,0.00023273981059901416,0.0002618212020024657,0.00014585824101231992,-0.0002511504862923175,-0.0006895593833178282,-0.0007967206183820963
85588,0.2,1,10,0.28404170274734497,4,0.028227493166923523,0.09464488923549652,2,0.048110947012901306,0.08374054729938507,0.18843555450439453,0.2143859714269638,0.07041171938180923,0.11860239505767822,0.151550754904747,0.09979484975337982,0.05175590515136719,0.02374228835105896,0.05998307839035988,0.0,-0.023181408643722534,0.02080652117729187,0.066417396068573,0.09464488923549652,0.027613908052444458,-0.03134778141975403,-0.12769651412963867,-0.16626644134521484,0.0,0.012078553438186646,0.08374054729938507,-0.0584254264831543,-0.08000388741493225,-0.026682883501052856,-0.2263597846031189,0.035629600286483765,0.021841824054718018
86394,0.2,3,0,3.2104790210723877,2,0.16681408882141113,0.20863842964172363,4,0.15532159805297852,0.5364651679992676,0.6702032685279846,1.032692551612854,0.4692568778991699,0.9185680747032166,0.7465202808380127,0.5955300331115723,0.15099024772644043,0.29847076535224915,0.8065575361251831,0.0,0.005327939987182617,0.20863842964172363,-0.024015188217163086,0.036347150802612305,-0.005430459976196289,-0.27735352516174316,0.0418243408203125,-0.012835502624511719,0.0,-0.11555171012878418,0.38114356994628906,0.33234453201293945,0.5364651679992676,0.24366211891174316,-0.29813408851623535,-0.21294021606445312,-0.29639291763305664
86782,0.2,0,8,0.00989224947988987,6,0.00019010156393051147,0.001052134670317173,4,0.0009600808843970299,0.004151309374719858,0.005659797694534063,0.006850881036370993,0.004898947197943926,0.005748658441007137,0.0048635536804795265,0.004599441308528185,0.00026411237195134163,0.000544187962077558,0.0014318382600322366,0.0,-0.0005726637318730354,-0.0019671376794576645,0.0008620331063866615,0.0002521565183997154,0.0004537142813205719,0.001052134670317173,-0.004762718454003334,-0.005683768540620804,0.0,-0.002118975855410099,0.0013338681310415268,0.0031912284903228283,0.004151309374719858,0.0023982934653759003,-0.0024735666811466217,-0.008186064660549164,-0.01152200810611248
87196,0.2,0,6,0.0008636558777652681,4,3.3947930205613375e-05,9.302643593400717e-05,4,9.507132926955819e-05,0.0003042439930140972,0.00031524960650131106,0.0004225954180583358,0.0003431259247008711,0.0004939967184327543,0.0003621489740908146,0.0003621489740908146,0.0,6.533465057145804e-05,0.00020049601153004915,0.0,-2.2391730453819036e-05,5.907850572839379e-05,5.2169954869896173e-05,9.302643593400717e-05,2.941972343251109e-05,-0.00011278735473752022,-0.00013327115448191762,-0.0002479487447999418,0.0,-0.00010480813216418028,-0.00015851802891120315,0.00020917266374453902,0.0003042439930140972,0.00012590334517881274,0.00016723934095352888,-0.0004797644796781242,-0.0006303504924289882
87399,0.2,0,3,0.07318484783172607,4,0.006365861743688583,0.025561615824699402,4,0.0006861165165901184,0.008699364960193634,0.026394182816147804,0.03976632282137871,0.018977617844939232,0.026518408209085464,0.03552244231104851,0.03552244231104851,0.0,0.004389184061437845,0.013686014339327812,0.0,-0.006835781037807465,0.006249129772186279,0.01919575408101082,0.025561615824699402,0.00835060328245163,-0.011000320315361023,-0.06247721612453461,-0.0911790132522583,0.0,-0.0014699697494506836,-0.009105674922466278,0.0038467124104499817,0.008699364960193634,0.0020208656787872314,0.008013248443603516,-0.007347233593463898,-0.016219548881053925
88168,0.2,0,0,1.3619117736816406,8,0.05893474817276001,0.5751007795333862,8,0.01791858673095703,0.11031937599182129,0.5396636128425598,0.6493344306945801,0.2132887840270996,0.3568093776702881,0.6337382197380066,0.6337382197380066,0.0,0.08377593755722046,0.1962597370147705,0.0,0.11274862289428711,0.19950366020202637,-0.5384401082992554,-0.7593741416931152,-0.18203330039978027,-0.33684027194976807,0.5161660313606262,0.5751007795333862,0.0,0.029107332229614258,0.0224379301071167,-0.07863163948059082,-0.111655592918396,-0.04421639442443848,-0.03217756748199463,0.09240078926086426,0.11031937599182129
88296,0.2,3,0,0.036225877702236176,0,0.0007272548973560333,0.0,6,0.0006289072334766388,0.002374265342950821,0.012427140958607197,0.019286660477519035,0.009537246078252792,0.014187830500304699,0.0035171881318092346,0.0,0.0035171881318092346,0.002257697284221649,0.0064917029812932014,0.0,-0.002055928111076355,-0.002508901059627533,-0.001815997064113617,-0.0025157853960990906,-0.0007272548973560333,-0.011318124830722809,-0.00799742341041565,-0.013560902327299118,0.0,0.0006057210266590118,-0.0034316517412662506,-0.0022345520555973053,-0.0018652267754077911,-0.0024154335260391235,0.002374265342950821,0.0017453581094741821,-6.690993905067444e-05
88510,0.2,2,6,0.0714491531252861,4,0.005812793970108032,0.03613676875829697,4,0.006002102047204971,0.021862011402845383,0.03939059004187584,0.04823830723762512,0.027601832523941994,0.03600802272558212,0.04731403663754463,0.04731403663754463,0.0,0.005374570842832327,0.01387223694473505,0.0,-0.010894067585468292,0.008540458977222443,0.030323974788188934,0.03613676875829697,0.013080436736345291,-0.020837992429733276,-0.08660650998353958,-0.10983101278543472,0.0,-0.00807594507932663,0.0052861496806144714,0.01585990935564041,0.021862011402845383,0.010295998305082321,-0.011985845863819122,-0.030287735164165497,-0.03946220129728317
88950,0.2,3,4,0.00020430385484360158,2,3.420883876970038e-05,9.785562724573538e-05,0,4.6482018660753965e-06,0.0,0.00011095574882347137,0.00013670852058567107,9.371420310344547e-05,0.0001469598792027682,0.0001008355466183275,5.339628842193633e-05,4.7439258196391165e-05,1.3493588994606398e-05,3.1010727980174124e-05,0.0,-3.7780904676765203e-05,9.785562724573538e-05,5.0178117817267776e-05,6.3646788476035e-05,3.897423448506743e-05,-0.00045029845205135643,-0.0001355040876660496,-0.00017971472698263824,0.0,-4.6482018660753965e-06,-0.00010225543519482017,-8.342904038727283e-06,-1.3586992281489074e-05,-8.700459147803485e-06,-5.363297532312572e-06,-1.859267649706453e-05,-2.5147703127004206e-05
89921,0.2,0,8,0.004503584001213312,2,0.00034718355163931847,0.00035679619759321213,4,0.0008527503814548254,0.0021921666339039803,0.0024727454874664545,0.0030841119587421417,0.0023458886425942183,0.0030400739051401615,0.002378553617745638,0.0018939245492219925,0.0004846290685236454,0.00030371936736628413,0.0007773556280881166,0.0,9.612645953893661e-06,0.00035679619759321213,-0.00020753871649503708,-0.0005433778278529644,-2.682022750377655e-05,-0.0006647077389061451,-2.1005049347877502e-05,-0.00018285959959030151,0.0,-0.0004953397437930107,-0.0003099278546869755,0.0013394162524491549,0.0021921666339039803,0.0006731057073920965,0.000448805745691061,-0.0024886908940970898,-0.004058934282511473
90485,0.2,1,0,0.3307672142982483,6,0.06547276675701141,0.12150250375270844,4,0.027842581272125244,0.12225453555583954,0.1357956826686859,0.2033056765794754,0.11065281927585602,0.1393335461616516,0.20040100812911987,0.15769368410110474,0.04270732402801514,0.015387405641376972,0.03776813670992851,0.0,-0.017611056566238403,-0.13716429471969604,0.04858282208442688,0.05602973699569702,0.02346011996269226,0.12150250375270844,-0.09023424983024597,-0.10979267954826355,0.0,-0.061891525983810425,-0.003298342227935791,0.0944119542837143,0.12225453555583954,0.07355847954750061,0.011659830808639526,-0.18050861358642578,-0.2360793948173523
91482,0.2,0,7,0.02469828724861145,8,0.0012105442583560944,0.00144212506711483,6,0.003217509016394615,0.003865515813231468,0.015094664879143238,0.017124662175774574,0.010741328820586205,0.013817749917507172,0.005186498165130615,0.0038481205701828003,0.001338377594947815,0.0015811317134648561,0.005097042769193649,0.0,0.00012968294322490692,-0.0005463510751724243,-0.0008276049047708511,-0.0036557484418153763,-0.000213623046875,0.00011526048183441162,0.00023158080875873566,0.00144212506711483,0.0,0.0005723647773265839,-0.00377555750310421,-0.003902072086930275,-0.007775012403726578,-0.001162683591246605,0.003865515813231468,0.00015887990593910217,0.000648006796836853
92228,0.2,3,6,1.3643808364868164,6,0.008652567863464355,1.12198007106781,8,0.031714677810668945,0.6207430362701416,0.971388041973114,1.0381871461868286,0.6806562542915344,0.817686915397644,1.2083238363265991,1.1858514547348022,0.022472381591796875,0.03456072881817818,0.1426161825656891,0.0,0.5852445960044861,-2.1031672954559326,-2.1674766540527344,-2.4300403594970703,-1.211111307144165,1.12198007106781,1.0983456373214722,1.1133275032043457,0.0,0.29886162281036377,-0.09712672233581543,-0.8176712989807129,-0.9611835479736328,-0.5519610643386841,0.10967636108398438,0.5890283584594727,0.6207430362701416
93103,0.2,0,0,0.2452714443206787,4,0.029569417238235474,0.08866609632968903,4,0.00940065085887909,0.022257119417190552,0.10825850069522858,0.17648790776729584,0.06942552328109741,0.09521525353193283,0.1040048897266388,0.1040048897266388,0.0,0.01550532877445221,0.034109629690647125,0.0,-0.019206702709197998,0.002676337957382202,0.05909667909145355,0.08866609632968903,0.026492640376091003,-0.005094647407531738,-0.1090051531791687,-0.1721462607383728,0.0,-0.004815280437469482,-0.002691715955734253,0.012856468558311462,0.022257119417190552,0.007342293858528137,0.003192201256752014,-0.016277790069580078,-0.021059900522232056
93155,0.2,1,0,0.06650805473327637,4,0.0007603354752063751,0.019748371094465256,4,0.0037116818130016327,0.013920336961746216,0.023254519328475,0.03184634819626808,0.017037102952599525,0.022734511643648148,0.031052298843860626,0.031052298843860626,0.0,0.0026026724372059107,0.009465436451137066,0.0,-0.009074658155441284,-0.010362066328525543,0.01898803561925888,0.019748371094465256,0.00989893451333046,0.0064469315111637115,-0.04890303313732147,-0.05071543902158737,0.0,-0.004494495689868927,0.0005857497453689575,0.010208655148744583,0.013920336961746216,0.006047029048204422,-0.0021592900156974792,-0.018771260976791382,-0.024171538650989532
93472,0.2,0,0,0.04694225639104843,4,0.003783389925956726,0.01395152136683464,4,0.00151737779378891,0.004848413169384003,0.023818816989660263,0.029324471950531006,0.011647285893559456,0.01825888827443123,0.016490621492266655,0.016490621492266655,0.0,0.0015946474159136415,0.005929207894951105,0.0,-0.004517197608947754,0.0047664642333984375,0.010168131440877914,0.01395152136683464,0.005983438342809677,-0.008300632238388062,-0.02032698690891266,-0.03087279200553894,0.0,-0.002928677946329117,0.0008870139718055725,0.0033310353755950928,0.004848413169384003,0.0032829903066158295,-0.0019104182720184326,-0.00737183541059494,-0.012142173945903778
93477,0.2,0,8,0.02712823636829853,4,0.0025560110807418823,0.015495646744966507,6,0.008813923224806786,0.012031190097332,0.01603309065103531,0.019743481650948524,0.013392692431807518,0.01701677404344082,0.020565057173371315,0.014742285944521427,0.005822771228849888,0.0015790971228852868,0.004655760247260332,0.0,-0.006886659190058708,-0.004808539524674416,0.012939635664224625,0.015495646744966507,0.007707171142101288,0.004811720922589302,-0.04330696910619736,-0.06475762277841568,0.0,0.0014458280056715012,-0.012890251353383064,-0.001506296917796135,-0.0028790347278118134,-0.0018667392432689667,0.012031190097332,0.0021714437752962112,0.003217266872525215
93498,0.2,0,4,0.0015863704029470682,3,2.0473613403737545e-05,0.00011390901636332273,4,0.00018455093959346414,0.0011136981192976236,0.0007214833749458194,0.000969479966443032,0.0010139007354155183,0.0012579252943396568,0.0011207282077521086,0.0009029387147165835,0.00021778949303552508,6.373134965542704e-05,0.00022216937213670462,0.0,-9.1522466391325e-05,3.511167597025633e-05,0.00011390901636332273,-0.00013614993076771498,9.343540295958519e-05,-0.00025871663819998503,-0.0010600280947983265,-0.0011282709892839193,0.0,-0.0004813212435692549,-0.00010092416778206825,0.0009291471797041595,0.0011136981192976236,0.0005233503179624677,0.00014033482875674963,-0.0030497636180371046,-0.003595559624955058
94257,0.2,3,0,0.13493172824382782,8,0.00721827894449234,0.06761534512042999,2,0.07539234310388565,0.08858930319547653,0.08583631366491318,0.09972694516181946,0.08488920331001282,0.09268216043710709,0.10791835933923721,0.0730074793100357,0.03491088002920151,0.002725075464695692,0.00907992385327816,0.0,0.026032842695713043,-0.05211961269378662,-0.18093757331371307,-0.28321051597595215,-0.0645444244146347,0.009127587080001831,0.06039706617593765,0.06761534512042999,0.0,0.0028948932886123657,0.08858930319547653,-0.010821700096130371,-0.004066139459609985,-0.0030049383640289307,-0.28205448389053345,0.013196960091590881,0.0071438997983932495
94417,0.2,3,6,0.012228045612573624,4,0.00039592012763023376,0.0037994487211108208,4,0.0010187206789851189,0.004538526758551598,0.005915035959333181,0.008239385671913624,0.005482797045260668,0.007576338946819305,0.0069519574753940105,0.0069519574753940105,0.0,0.0006716380594298244,0.001709182164631784,0.0,-0.00118302833288908,0.003403528593480587,0.003075800836086273,0.0037994487211108208,0.0014367671683430672,-0.009436232969164848,-0.006928520277142525,-0.008999500423669815,0.0,-0.0013732034713029861,0.0021195774897933006,0.0035198060795664787,0.004538526758551598,0.0018962090834975243,-0.003759961575269699,-0.005185890942811966,-0.006478289142251015
94718,0.2,3,2,0.00016985881666187197,4,1.2873315426986665e-05,7.640309922862798e-05,4,6.674912583548576e-06,5.16101936227642e-05,9.983776544686407e-05,0.00011183537571923807,5.674767817254178e-05,8.851370512275025e-05,0.0001048918638844043,0.0001048918638844043,0.0,3.951582129957387e-06,1.6271094864350744e-05,0.0,-4.5886728912591934e-05,4.362415347713977e-05,6.352978380164132e-05,7.640309922862798e-05,4.8272733693011105e-05,-0.0001324102486250922,-0.00018401093257125467,-0.0002505040029063821,0.0,-3.480259329080582e-05,1.6924997908063233e-05,4.4935281039215624e-05,5.16101936227642e-05,3.992913116235286e-05,-6.0546197346411645e-05,-9.57042066147551e-05,-0.00011143552546855062
94935,0.2,0,2,0.00022754464589525014,4,2.1691637812182307e-05,3.3252377761527896e-05,4,1.465974492020905e-05,3.0391922337003052e-05,0.00010133387695532292,0.00011550611816346645,7.618430390721187e-05,0.00010132190072908998,5.959285772405565e-05,5.959285772405565e-05,0.0,8.492909728374798e-06,2.0132858480792493e-05,0.0,-6.197456968948245e-06,-5.839901859872043e-06,1.1560739949345589e-05,3.3252377761527896e-05,8.938703103922307e-06,8.104427251964808e-06,-1.9188140868209302e-05,-6.495216803159565e-05,0.0,-9.772891644388437e-06,-1.144141424447298e-05,1.334850094281137e-05,3.0391922337003052e-05,1.334850094281137e-05,1.5732177416794002e-05,-2.2644366254098713e-05,-5.541816062759608e-05
94991,0.2,0,6,0.001261987374164164,4,0.00012551259715110064,0.00025731953792274,4,0.00021124084014445543,0.0008125501917675138,0.0004804590716958046,0.0006946170469745994,0.0005927045713178813,0.0008136346004903316,0.0009045426268130541,0.0009045426268130541,0.0,7.343456672970206e-05,0.0002034137723967433,0.0,-4.059821367263794e-05,4.024279769510031e-05,0.00013180694077163935,0.00025731953792274,5.512579809874296e-05,-6.738502997905016e-05,-0.00030867219902575016,-0.000729684135876596,0.0,-0.0002459455281496048,0.00020515965297818184,0.0006013093516230583,0.0008125501917675138,0.0003063856274820864,-0.00040388538036495447,-0.0016844550846144557,-0.002405904233455658
95492,0.2,1,0,3.840467691421509,8,0.07081007957458496,0.21103334426879883,6,0.006838321685791016,0.08787155151367188,0.5772823095321655,1.2347595691680908,0.3716929852962494,0.6275236010551453,0.32575273513793945,0.2046191692352295,0.12113356590270996,0.25436630845069885,0.5627697706222534,0.0,0.022039413452148438,0.0508885383605957,-0.08626604080200195,-0.14127874374389648,-0.031089067459106445,-0.05974769592285156,0.14022326469421387,0.21103334426879883,0.0,-0.01150369644165039,-0.0412449836730957,0.04214763641357422,0.08103322982788086,0.019661426544189453,0.08787155151367188,-0.0337677001953125,-0.01555490493774414
95557,0.2,3,0,0.07679229974746704,4,0.0091581791639328,0.024591125547885895,4,0.005724471062421799,0.017516296356916428,0.032840706408023834,0.048809196799993515,0.01858530566096306,0.02498234249651432,0.03640851750969887,0.03640851750969887,0.0,0.0044559938833117485,0.010133354924619198,0.0,-0.005551248788833618,0.01025613397359848,0.015432946383953094,0.024591125547885895,0.007542699575424194,-0.02559162676334381,-0.029268503189086914,-0.048029035329818726,0.0,-0.005821943283081055,0.0022627338767051697,0.011791825294494629,0.017516296356916428,0.007055394351482391,-0.011103950440883636,-0.021952271461486816,-0.02906166762113571
96126,0.2,1,0,0.3466416895389557,4,0.037884071469306946,0.18352526426315308,4,0.03104938566684723,0.15678945183753967,0.17322100698947906,0.23896527290344238,0.11065880954265594,0.17118270695209503,0.2578239440917969,0.2578239440917969,0.0,0.018064865842461586,0.06018485128879547,0.0,-0.05532988905906677,0.02677440643310547,0.14564119279384613,0.18352526426315308,0.06886047124862671,-0.04575282335281372,-0.30279746651649475,-0.38027194142341614,0.0,-0.06856843829154968,-0.020857006311416626,0.12574006617069244,0.15678945183753967,0.08142983913421631,0.009246796369552612,-0.2423659861087799,-0.2949168384075165
96228,0.2,3,2,8.153582894010469e-05,4,7.032918801996857e-06,2.455541107337922e-05,6,9.297698852606118e-06,1.8833707144949585e-05,3.2989039027597755e-05,4.057039404870011e-05,2.9973205528222024e-05,3.8734651752747595e-05,3.802538412855938e-05,3.194599412381649e-05,6.079390004742891e-06,4.440397333382862e-06,1.0204034879279789e-05,0.0,-1.1681491741910577e-05,1.6688078176230192e-05,1.752249227138236e-05,2.455541107337922e-05,1.2516029528342187e-05,-6.746467988705263e-05,-5.7690929679665715e-05,-9.070676605915651e-05,0.0,-5.959962436463684e-06,-5.351917207008228e-05,8.82080348674208e-06,9.536008292343467e-06,6.198395567480475e-06,1.8833707144949585e-05,-2.4197222955990583e-05,-3.0872215575072914e-05
96389,0.2,3,6,0.023792939260601997,4,0.0007140561938285828,0.006433948874473572,4,0.0012360597029328346,0.010601723566651344,0.010783718898892403,0.014691289514303207,0.010338200256228447,0.013915441930294037,0.01418271753937006,0.01418271753937006,0.0,0.0019240572582930326,0.00461815157905221,0.0,-0.002377217635512352,0.0017360784113407135,0.005719892680644989,0.006433948874473572,0.0031166281551122665,-0.004975037649273872,-0.011916136369109154,-0.013883242383599281,0.0,-0.005211183801293373,0.007481183856725693,0.00936566386371851,0.010601723566651344,0.006292432546615601,-0.018327420577406883,-0.020522737875580788,-0.02397315762937069
97174,0.2,3,2,0.0005850272136740386,4,4.2785482946783304e-05,0.0003576017334125936,4,5.839351797476411e-05,0.000288478477159515,0.00033887376775965095,0.0004124747356399894,0.00021175814617890865,0.0002962307771667838,0.00047416871530003846,0.00047416871530003846,0.0,1.7299767932854593e-05,6.021553781465627e-05,0.0,-9.590276749804616e-05,0.0003148162504658103,0.00026094968779943883,0.0003576017334125936,0.00011295065633021295,-0.001667634816840291,-0.0008504139841534197,-0.001549281645566225,0.0,-9.268632857128978e-05,0.00023008495918475091,0.00021471251966431737,0.000288478477159515,0.00011092505883425474,-0.0007702980074100196,-0.0005613472894765437,-0.0008111305651254952
97375,0.2,3,6,0.007885516621172428,2,0.00039523979648947716,0.002821949776262045,4,0.0008330889977514744,0.004083183594048023,0.002470998791977763,0.004355214536190033,0.003759567392989993,0.0049582673236727715,0.005397022236138582,0.005262778140604496,0.00013424409553408623,0.0005005736602470279,0.0013955755857750773,0.0,-0.0007741516456007957,0.002821949776262045,0.0019577955827116966,0.0024267099797725677,0.0010004984214901924,-0.009478277526795864,-0.003944419324398041,-0.005559784360229969,0.0,-0.0018336772918701172,0.0016688043251633644,0.003250094596296549,0.004083183594048023,0.0021775271743535995,-0.002421070821583271,-0.006038489751517773,-0.008083485998213291
97604,0.2,0,6,4.397755146026611,8,0.0,0.0471491813659668,7,0.0,4.76837158203125e-07,1.4928356409072876,1.6510831117630005,0.9495174288749695,1.2663369178771973,0.047149658203125,0.0471491813659668,4.76837158203125e-07,0.251816987991333,0.6773556470870972,0.0,0.020662307739257812,-0.031816959381103516,-0.031816959381103516,-0.031816959381103516,-0.03134584426879883,0.047148704528808594,0.0471491813659668,0.0471491813659668,0.0,0.0,4.76837158203125e-07,4.76837158203125e-07,4.76837158203125e-07,4.76837158203125e-07,4.76837158203125e-07,4.76837158203125e-07,0.0
