node_id,epsilon,degree_bucket,predicted_class,baseline_ce,best_text_action,best_text_margin,text_node_oracle,best_visual_action,best_visual_margin,visual_node_oracle,shuffled_text_oracle_mean,shuffled_text_oracle_q95,shuffled_visual_oracle_mean,shuffled_visual_oracle_q95,best_joint_separate_utility,best_joint_shared_utility,modality_headroom,shuffled_modality_headroom_mean,shuffled_modality_headroom_q95,structural_text_U_0,structural_text_U_1,structural_text_U_2,structural_text_U_3,structural_text_U_4,structural_text_U_5,structural_text_U_6,structural_text_U_7,structural_text_U_8,structural_visual_U_0,structural_visual_U_1,structural_visual_U_2,structural_visual_U_3,structural_visual_U_4,structural_visual_U_5,structural_visual_U_6,structural_visual_U_7,structural_visual_U_8
101,0.1,0,1,0.019770117476582527,4,0.0007395092397928238,0.0018433071672916412,4,0.0013265777379274368,0.0032518524676561356,0.006285707000643015,0.0073919761925935745,0.005705437157303095,0.007109277881681919,0.005348716862499714,0.005348716862499714,0.0,0.0006300562527030706,0.002107326639816165,0.0,-0.0003951955586671829,-0.0012822393327951431,0.0004299599677324295,0.0018433071672916412,8.917972445487976e-05,0.0011037979274988174,-0.0010939426720142365,-0.003155916929244995,0.0,-0.0022257547825574875,0.00015756115317344666,0.0018530264496803284,0.0032518524676561356,0.0019252747297286987,-0.0002992730587720871,-0.003006311133503914,-0.005907991901040077
257,0.1,3,0,3.834249496459961,5,0.03649735450744629,0.23607873916625977,8,0.060530662536621094,0.2552371025085449,0.2798691689968109,0.39195016026496887,0.6173306703567505,0.846513032913208,0.5007684230804443,0.12948083877563477,0.37128758430480957,0.02867642603814602,0.1678059995174408,0.0,-0.19430875778198242,0.19958138465881348,0.11840128898620605,0.1396317481994629,0.23607873916625977,-0.22128534317016602,-0.13466286659240723,-0.15147137641906738,0.0,0.19470643997192383,-0.06755280494689941,-0.16793012619018555,-0.24899864196777344,-0.24423646926879883,0.08477449417114258,0.18564295768737793,0.2552371025085449
295,0.1,0,1,0.0033481037244200706,4,0.00041456008329987526,0.0008508097380399704,4,0.00031074206344783306,0.0007046775426715612,0.0006877731648273766,0.0008967524045147002,0.000732190441340208,0.0009153694845736027,0.0013645223807543516,0.0013645223807543516,0.0,0.00013477953325491399,0.00030530712683685124,0.0,-0.00017119175754487514,-0.00023307977244257927,0.00043624965474009514,0.0008508097380399704,0.00019379914738237858,0.00025119748897850513,-0.000646715983748436,-0.0014969645999372005,0.0,-0.00015289802104234695,-0.00017594336532056332,0.0003939354792237282,0.0007046775426715612,0.00017098337411880493,0.0001908282283693552,-0.0005901968106627464,-0.001078102272003889
361,0.1,3,1,0.0009394046501256526,6,2.1438172552734613e-05,3.858830314129591e-05,5,5.681556649506092e-05,0.0001353037660010159,0.00012710950977634639,0.00018623200594447553,0.0002498221001587808,0.00033701895154081285,0.0001685369643382728,9.016075637191534e-05,7.837620796635747e-05,3.118926542811096e-05,8.492838969687e-05,0.0,1.7150130588561296e-05,-3.6800396628677845e-05,4.644796717911959e-06,-1.7864513210952282e-06,-5.061511183157563e-05,3.858830314129591e-05,-8.813163731247187e-06,-2.739252522587776e-06,0.0,-0.0001555290655232966,3.191857831552625e-05,3.7278165109455585e-05,7.848819950595498e-05,0.0001353037660010159,-4.83523472212255e-05,-4.859053296968341e-05,-0.0001053956220857799
368,0.1,0,1,0.015434346161782742,4,0.0008125724270939827,0.002340429462492466,4,7.823016494512558e-05,0.0007103057578206062,0.003570662811398506,0.004610307980328798,0.006347614340484142,0.007935420610010624,0.0029619773849844933,0.0029619773849844933,0.0,0.0009138088789768517,0.0021358616650104523,0.0,-0.0013914341107010841,-0.0010718414559960365,0.0015278570353984833,0.002340429462492466,0.001328607089817524,0.0011505503207445145,-0.002318919636309147,-0.0038740066811442375,0.0,-0.0008586430922150612,0.00010025128722190857,0.0003310767933726311,0.0007103057578206062,0.0006320755928754807,-0.00022006873041391373,-0.0007291538640856743,-0.0017297910526394844
419,0.1,1,1,0.00686512840911746,4,7.295887917280197e-05,0.0004271375946700573,5,0.0004072627052664757,0.0030866656452417374,0.0009226821130141616,0.0012854868546128273,0.0030592167750000954,0.0036568157374858856,0.003326589008793235,0.003286676947027445,3.9912061765789986e-05,0.0003101475303992629,0.0007153321639634669,0.0,-0.0004432857967913151,-3.610923886299133e-05,0.0003541787154972553,0.0004271375946700573,0.0003522834740579128,-6.535090506076813e-05,-0.0005269497632980347,-0.000681951642036438,0.0,-0.00516859395429492,0.0018250462599098682,0.0021559041924774647,0.0026794029399752617,0.0030866656452417374,-0.0032866480760276318,-0.003851851914077997,-0.005232430528849363
498,0.1,0,1,0.0006814065272919834,5,2.263521309942007e-06,4.3601845391094685e-05,5,1.024582888931036e-05,8.470367174595594e-05,0.00012126818910473958,0.00016527416300959885,0.00010196133371209726,0.0001337004650849849,0.00012699863873422146,0.00012699863873422146,0.0,2.4146047508111224e-05,6.800893606850877e-05,0.0,-5.122373113408685e-05,2.1562445908784866e-05,2.180068986490369e-05,4.133832408115268e-05,4.3601845391094685e-05,-3.3593561965972185e-05,-3.156840102747083e-05,-5.825189873576164e-05,0.0,-0.00011030648602172732,2.847204450517893e-05,5.992321530357003e-05,7.445784285664558e-05,8.470367174595594e-05,-5.408265860751271e-05,-9.08905640244484e-05,-0.0001156666548922658
520,0.1,0,1,0.02705015242099762,4,0.003659559413790703,0.00957529991865158,4,0.001636577770113945,0.006295140832662582,0.012310048565268517,0.013560069724917412,0.006614060141146183,0.008426118642091751,0.013683305121958256,0.013683305121958256,0.0,0.0010378154693171382,0.002771031344309449,0.0,-0.004461746662855148,-0.0018312148749828339,0.005915740504860878,0.00957529991865158,0.00441531278192997,0.0017141569405794144,-0.009293559938669205,-0.01618850603699684,0.0,-0.005239643156528473,0.001455351710319519,0.002509813755750656,0.006295140832662582,0.004658563062548637,-0.0027458555996418,-0.003872927278280258,-0.01051914319396019
569,0.1,0,1,0.00444970466196537,5,5.937181413173676e-07,5.6611839681863785e-05,6,0.0002459532115608454,0.0008014109916985035,0.0006647739792242646,0.0010497651528567076,0.0012482625897973776,0.0017504411516711116,0.0008598500862717628,0.0007638786919414997,9.597139433026314e-05,0.00023123160644900054,0.0006617851904593408,0.0,-0.00011107837781310081,1.6615260392427444e-05,3.0382536351680756e-05,5.601812154054642e-05,5.6611839681863785e-05,-5.043810233473778e-05,-6.764568388462067e-05,-0.00013053975999355316,0.0,0.0005554577801376581,-0.0008704951032996178,-0.00043380027636885643,-0.00030579185113310814,-0.0010132514871656895,0.0008014109916985035,0.0003641764633357525,0.00012972531840205193
575,0.1,0,1,0.016549570485949516,4,0.0003384128212928772,0.001621040515601635,4,0.0002903193235397339,0.003388119861483574,0.004228984005749226,0.00535561190918088,0.005143788643181324,0.006268422584980726,0.004664148204028606,0.004664148204028606,0.0,0.0009146014344878495,0.002669429173693061,0.0,-0.0007883310317993164,0.00021295249462127686,0.0012826276943087578,0.001621040515601635,0.0008187573403120041,-0.00041369907557964325,-0.0019230879843235016,-0.0024584606289863586,0.0,-0.0007090102881193161,-0.0032767634838819504,0.002637202851474285,0.003388119861483574,0.0007518716156482697,0.00309780053794384,-0.00325666181743145,-0.003895627334713936
638,0.1,1,1,0.00016068121476564556,5,3.5757984733209014e-06,2.9202012228779495e-05,5,4.0525628719478846e-06,2.860603854060173e-05,1.70503044500947e-05,2.2002750483807176e-05,1.336132572760107e-05,2.3433058231603354e-05,5.2445036999415606e-05,5.2445036999415606e-05,0.0,4.505503511609277e-06,1.4708366506965831e-05,0.0,-3.7067438825033605e-05,1.549483567941934e-05,2.121606667060405e-05,2.5626213755458593e-05,2.9202012228779495e-05,-2.4314489564858377e-05,-3.444535832386464e-05,-4.266915493644774e-05,0.0,-4.3384265154600143e-05,1.2991804396733642e-05,1.74019078258425e-05,2.4553475668653846e-05,2.860603854060173e-05,-2.1453990484587848e-05,-2.94395285891369e-05,-4.445693048182875e-05
684,0.1,0,0,0.032879773527383804,7,3.405474126338959e-05,0.00419091060757637,2,0.0007678493857383728,0.0031647663563489914,0.005680023226886988,0.007675258442759514,0.011027676984667778,0.013964692130684853,0.006555523723363876,0.0064360518008470535,0.00011947192251682281,0.0014331568963825703,0.0032478070352226496,0.0,0.0009835287928581238,0.00375916063785553,-0.00607757642865181,-0.009403098374605179,-0.0018464848399162292,-0.005905922502279282,0.00419091060757637,0.004156855866312981,0.0,-0.0022838078439235687,0.0031647663563489914,0.00014616549015045166,0.0011326074600219727,0.0023969169706106186,-0.0046585239470005035,-0.0007571205496788025,-0.0021987520158290863
754,0.1,0,1,0.0013105622492730618,4,8.609483484178782e-05,0.00026909634470939636,6,1.524016261100769e-05,9.774742648005486e-05,0.0004015110316686332,0.0004686256870627403,0.00017560778360348195,0.00024157617008313537,0.00034459924791008234,0.00034352741204202175,1.0718358680605888e-06,4.472608998185024e-05,0.00015472687664441764,0.0,-0.00018856243696063757,0.00010643922723829746,0.0001438265899196267,0.00026909634470939636,0.00018300150986760855,-0.00016594631597399712,-0.00021248729899525642,-0.00045027665328234434,0.0,4.643108695745468e-06,-0.00010857055895030499,1.0595773346722126e-05,8.250726386904716e-05,-3.345333971083164e-05,9.774742648005486e-05,-3.9405771531164646e-05,-0.00017463567201048136
767,0.1,0,8,5.462348937988281,7,0.009572982788085938,0.32834339141845703,2,0.07267379760742188,0.28415393829345703,0.45076531171798706,0.6596513390541077,0.6007358431816101,0.8121984601020813,0.598236083984375,0.5228514671325684,0.07538461685180664,0.1477680504322052,0.3547367453575134,0.0,0.10710573196411133,0.20938491821289062,-0.2919440269470215,-0.31714296340942383,-0.12092924118041992,-0.18172359466552734,0.32834339141845703,0.3187704086303711,0.0,0.06443500518798828,0.28415393829345703,-0.24446630477905273,-0.27239084243774414,-0.0845489501953125,-0.34850597381591797,0.21148014068603516,0.20971107482910156
794,0.1,1,1,0.5486757755279541,5,0.020932286977767944,0.06045439839363098,6,0.022777855396270752,0.05693542957305908,0.22705522179603577,0.26233819127082825,0.25752365589141846,0.300098180770874,0.11448708176612854,0.07163062691688538,0.042856454849243164,0.018035057932138443,0.06550072878599167,0.0,-0.0582888126373291,0.010283887386322021,0.02993828058242798,0.03952211141586304,0.06045439839363098,-0.014638423919677734,-0.038402557373046875,-0.051013052463531494,0.0,0.006891787052154541,-0.07571154832839966,0.011663436889648438,0.03415757417678833,-0.01915031671524048,0.05693542957305908,-0.0190545916557312,-0.04783129692077637
927,0.1,0,1,0.017369886860251427,4,0.0022198716178536415,0.006343956105411053,4,0.0012505389750003815,0.004670203663408756,0.0069649056531488895,0.007924508303403854,0.005123557988554239,0.006623243913054466,0.009291131049394608,0.009291131049394608,0.0,0.0007747768540866673,0.00202118675224483,0.0,-0.004710528999567032,0.00037755072116851807,0.00395940151065588,0.006343956105411053,0.004124084487557411,-0.0006379466503858566,-0.006479624658823013,-0.012155091390013695,0.0,-0.004762999713420868,-0.0002310052514076233,0.0026705143973231316,0.004670203663408756,0.003419664688408375,-6.41997903585434e-05,-0.004510529339313507,-0.008649986237287521
1144,0.1,2,1,0.0007035640883259475,4,2.9782531782984734e-06,3.955041756853461e-05,7,1.1317199096083641e-05,3.3355667255818844e-05,9.460822911933064e-05,0.0001262392761418596,0.0001421572669642046,0.00019191164756193757,7.31457257643342e-05,3.216438926756382e-05,4.098133649677038e-05,1.537047137389891e-05,4.054650344187394e-05,0.0,-4.5266642700880766e-05,-8.338829502463341e-07,3.5738281439989805e-05,3.955041756853461e-05,3.657216439023614e-05,-6.909249350428581e-06,-6.253889296203852e-05,-7.445062510669231e-05,0.0,2.2038468159735203e-05,-2.096587559208274e-05,-3.275898052379489e-05,-6.313610356301069e-06,-3.549875691533089e-05,1.8702878151088953e-05,3.3355667255818844e-05,5.95638994127512e-07
1154,0.1,2,1,0.0010839784517884254,5,5.8606325183063745e-05,0.0003524202620610595,6,6.430433131754398e-06,2.4173641577363014e-05,0.0003284238919150084,0.0003828743356280029,9.378125832881778e-05,0.00017103762365877628,0.00036981224548071623,0.00035563658457249403,1.4175660908222198e-05,3.576080780476332e-05,9.50072644627653e-05,0.0,-0.0004658519756048918,0.00019995559705421329,0.0002087693428620696,0.00029381393687799573,0.0003524202620610595,-0.000323012238368392,-0.00032705964986234903,-0.0005060815019533038,0.0,-2.0481529645621777e-05,-3.941473551094532e-05,1.369439996778965e-05,1.7743208445608616e-05,-1.428881660103798e-06,2.4173641577363014e-05,-2.33394093811512e-05,-3.51279741153121e-05
1158,0.1,0,1,0.3130711317062378,4,0.019168570637702942,0.12588255107402802,4,0.024875938892364502,0.2007133960723877,0.12138257175683975,0.139763742685318,0.15921011567115784,0.18468992412090302,0.24795392155647278,0.24795392155647278,0.0,0.01323989313095808,0.037119992077350616,0.0,-0.05748945474624634,0.010456115007400513,0.10671398043632507,0.12588255107402802,0.0595678985118866,-0.01744171977043152,-0.17569804191589355,-0.2032177448272705,0.0,-0.26080405712127686,0.0421387255191803,0.17334984242916107,0.2007133960723877,0.1758374571800232,-0.05544683337211609,-0.34974169731140137,-0.42150425910949707
1173,0.1,0,1,0.0049649993889033794,4,0.0002530883066356182,0.0004197615198791027,4,0.0001286114566028118,0.0012095761485397816,0.0008754972368478775,0.0010410546092316508,0.001528207678347826,0.0018178131431341171,0.0015495321713387966,0.0015495321713387966,0.0,0.00017436481721233577,0.00035345746437087655,0.0,-0.0002032923512160778,-0.00012798141688108444,0.00012325262650847435,0.0004197615198791027,0.0001666732132434845,0.00013820035383105278,-0.00019736215472221375,-0.0006590667180716991,0.0,-0.00125396391376853,0.00021614693105220795,0.0006843092851340771,0.0012095761485397816,0.0010809646919369698,-0.00029199710115790367,-0.001024342142045498,-0.0020869364961981773
1199,0.1,0,1,0.1507970243692398,7,0.004407912492752075,0.014339849352836609,7,0.005493968725204468,0.015741974115371704,0.06373844295740128,0.07198099792003632,0.07011207193136215,0.08260446786880493,0.026247091591358185,0.026247091591358185,0.0,0.004002091474831104,0.0136732067912817,0.0,0.00321371853351593,0.009931936860084534,-0.029979825019836426,-0.02421543002128601,-0.005283862352371216,-0.01728445291519165,0.014339849352836609,0.008270680904388428,0.0,0.003373757004737854,0.00745198130607605,-0.02241075038909912,-0.016371801495552063,-0.00453360378742218,-0.010782197117805481,0.015741974115371704,0.010248005390167236
1202,0.1,0,1,0.0005551227368414402,1,7.744703907519579e-06,5.695200525224209e-05,4,1.3939919881522655e-05,2.132682129740715e-05,7.654661021661013e-05,0.00010272450890624896,0.00010989190923282877,0.00013622560072690248,7.970992010086775e-05,4.324986366555095e-05,3.64600564353168e-05,2.9635451937792823e-05,7.593510235892609e-05,0.0,5.695200525224209e-05,-5.254073766991496e-05,-5.2898190915584564e-05,-4.908576374873519e-05,-9.757350198924541e-05,4.765833728015423e-05,4.920730134472251e-05,4.324986366555095e-05,0.0,-2.5615445338189602e-05,-4.408298991620541e-06,6.671994924545288e-06,2.132682129740715e-05,7.386901415884495e-06,-1.7871498130261898e-06,-1.644162693992257e-05,-3.931648097932339e-05
1208,0.1,2,1,0.14532025158405304,8,0.00893353670835495,0.027869783341884613,2,0.019160322844982147,0.04035351425409317,0.04619184881448746,0.05438176169991493,0.06319954246282578,0.0769553855061531,0.05922214686870575,0.04407665133476257,0.015145495533943176,0.0037630763836205006,0.011838802136480808,0.0,0.01386973261833191,0.0004564523696899414,-0.022630617022514343,-0.03629368543624878,-0.024716079235076904,-0.004385843873023987,0.018936246633529663,0.027869783341884613,0.0,-0.01677154004573822,0.04035351425409317,0.0022835731506347656,-0.02640300989151001,0.016926437616348267,-0.07087084650993347,-0.003930151462554932,0.021193191409111023
1402,0.1,0,1,0.0007587176514789462,5,1.2746488209813833e-05,6.492191459983587e-05,4,4.52663516625762e-06,3.537890734151006e-05,0.0001677699910942465,0.00021926831686869264,0.00010425292566651478,0.00016068047261796892,9.768223389983177e-05,6.873393431305885e-05,2.894829958677292e-05,2.5151774025289342e-05,0.00010023807408288121,0.0,-6.37265620753169e-05,5.217542639002204e-05,3.085227217525244e-05,3.466417547315359e-05,6.492191459983587e-05,-7.563759572803974e-05,-4.2167201172560453e-05,-4.859932232648134e-05,0.0,-1.2626522220671177e-05,-3.0970433726906776e-05,1.1197233106940985e-05,3.537890734151006e-05,-5.3603434935212135e-06,3.085227217525244e-05,-2.0488223526626825e-05,-5.765189416706562e-05
1457,0.1,0,1,0.011893314309418201,8,0.0002024201676249504,0.0008823564276099205,4,0.0005597304552793503,0.0014463318511843681,0.002445249818265438,0.0031266245059669018,0.00394990760833025,0.00491400808095932,0.0022813212126493454,0.0003373175859451294,0.001944003626704216,0.0006146166124381125,0.0011980378767475486,0.0,0.00038575101643800735,-4.9474649131298065e-05,-0.001182718202471733,-0.0020439764484763145,-0.0006030714139342308,-0.00010424759238958359,0.0006799362599849701,0.0008823564276099205,0.0,-0.0008989982306957245,0.00025082752108573914,0.000627598725259304,0.0014463318511843681,0.0008866013959050179,-0.0004887506365776062,-0.0009044120088219643,-0.002163526602089405
1473,0.1,1,1,0.002544738817960024,6,9.33732371777296e-05,0.00038842344656586647,4,0.00013263104483485222,0.0004480204079300165,0.0007552840979769826,0.0008779377676546574,0.000464507145807147,0.0005846909480169415,0.000754269422031939,0.0006752591580152512,7.901026401668787e-05,6.767916784156114e-05,0.00017070760077331215,0.0,6.801681593060493e-05,-0.0003791202325373888,-6.53974711894989e-06,0.00029505020938813686,-8.48954077810049e-05,0.00038842344656586647,5.112960934638977e-06,-0.00042773340828716755,0.0,-0.00028557213954627514,-0.0001929663121700287,0.0003153893630951643,0.0004480204079300165,0.00027816067449748516,0.00019371719099581242,-0.0004788399673998356,-0.0007301748264580965
1524,0.1,2,1,0.0011073178611695766,5,4.7159381210803986e-05,0.00012277637142688036,5,0.00018581358017399907,0.00037766562309116125,0.0001727972412481904,0.00024375133216381073,0.00022903112403582782,0.0003231210575904697,0.0004577190848067403,0.0004577190848067403,0.0,6.003929229336791e-05,0.00017975075752474368,0.0,-0.000135024543851614,4.334514960646629e-05,4.715577233582735e-05,7.561699021607637e-05,0.00012277637142688036,-6.263272371143103e-05,-6.4061488956213e-05,-0.00010371091775596142,0.0,-0.0005941385170444846,0.00014992966316640377,0.00015874276868999004,0.00019185204291716218,0.00037766562309116125,-0.00022645946592092514,-0.00023526919540017843,-0.00029503018595278263
1538,0.1,2,1,0.0012435331009328365,4,8.33545345813036e-06,0.00014645594637840986,4,8.694070857018232e-06,0.000306391273625195,0.00019403640180826187,0.0002622129686642438,0.00029393547447398305,0.00036220799665898085,0.00039762421511113644,0.00039762421511113644,0.0,6.001159272273071e-05,0.00020650206715799868,0.0,-9.512528777122498e-05,-0.00025011610705405474,0.0001381204929202795,0.00014645594637840986,8.060771506279707e-05,1.845473889261484e-05,-0.00021023978479206562,-0.00023238034918904305,0.0,-0.000291776261292398,0.0002842393587343395,0.0002976972027681768,0.000306391273625195,0.0002672089613042772,-0.0005031448090448976,-0.0004605414578691125,-0.00045518612023442984
1663,0.1,0,1,0.0034836577251553535,4,4.8475107178092e-05,0.00016501941718161106,5,0.00010270252823829651,0.0006737930234521627,0.0005024975398555398,0.0007599572418257594,0.0010169208981096745,0.0013164691627025604,0.0007901783101260662,0.0007168266456574202,7.335166446864605e-05,0.00013901936472393572,0.00030536335543729365,0.0,-0.0001006140373647213,-0.00010619685053825378,0.00011654431000351906,0.00016501941718161106,7.508113048970699e-05,9.3020498752594e-05,-0.00017378153279423714,-0.000255851075053215,0.0,-0.0007353066466748714,0.00043690367601811886,0.00026946282014250755,0.0005710904952138662,0.0006737930234521627,-0.0006526829674839973,-0.00037401472218334675,-0.0008624340407550335
1724,0.1,1,1,0.0008276851149275899,4,3.7164660170674324e-05,7.682933937758207e-05,4,6.599939661100507e-05,0.00021620921324938536,0.00011021961836377159,0.00015289023576769978,0.00016418429731857032,0.0002265562943648547,0.0002787578268907964,0.0002787578268907964,0.0,3.027869388461113e-05,6.287489668466151e-05,0.0,-3.28739988617599e-05,-7.146620191633701e-06,3.966467920690775e-05,7.682933937758207e-05,3.0731025617569685e-05,-9.290582966059446e-06,-6.20547216385603e-05,-0.0001241056015715003,0.0,-0.00013684877194464207,-1.6675330698490143e-06,0.0001502098166383803,0.00021620921324938536,0.00012960081221535802,-1.0243442375212908e-05,-0.00024736218620091677,-0.00038846349343657494
1816,0.1,1,1,0.015101390890777111,6,8.162856101989746e-05,0.00028232391923666,5,0.0003391886129975319,0.001768890768289566,0.002509716432541609,0.003364021424204111,0.006640687584877014,0.007975701242685318,0.0021645603701472282,0.0010923920199275017,0.0010721683502197266,0.00046480345190502703,0.0017014165641739964,0.0,0.00020069535821676254,-0.00035020988434553146,-0.00021204259246587753,-0.00018586218357086182,-0.0005618268623948097,0.00028232391923666,0.00014138687402009964,8.830614387989044e-05,0.0,-0.002253265120089054,0.0014297021552920341,0.001362677663564682,0.0012878980487585068,0.001768890768289566,-0.0021958546712994576,-0.002075168304145336,-0.0019917329773306847
1856,0.1,0,1,0.009895672090351582,4,0.00019412394613027573,0.001696544699370861,4,6.465427577495575e-05,0.003233846742659807,0.0029512355104088783,0.0035163371358066797,0.0034436644054949284,0.0039953202940523624,0.004311081022024155,0.0042432751506567,6.780587136745453e-05,0.0004225985030643642,0.001048930804245174,0.0,-0.0008908892050385475,0.00027895625680685043,0.0015024207532405853,0.001696544699370861,0.0008910922333598137,-0.00048819370567798615,-0.0026759393513202667,-0.00268676970154047,0.0,-0.002971608191728592,0.0013843327760696411,0.0031691924668848515,0.003233846742659807,0.0026269028894603252,-0.002049354836344719,-0.006213518790900707,-0.005255035124719143
1981,0.1,0,5,0.32704898715019226,4,0.0044577717781066895,0.016315758228302002,4,0.05304722487926483,0.09699757397174835,0.06211727857589722,0.0980665311217308,0.12299957126379013,0.1434459686279297,0.11539043486118317,0.11539043486118317,0.0,0.013398866169154644,0.04527097940444946,0.0,-0.010674834251403809,0.0028102099895477295,0.011857986450195312,0.016315758228302002,0.008187949657440186,-0.005216002464294434,-0.02204170823097229,-0.0390411913394928,0.0,-0.024894237518310547,-0.0203324556350708,0.04395034909248352,0.09699757397174835,0.025382190942764282,0.021403014659881592,-0.06454196572303772,-0.13910895586013794
2070,0.1,0,3,0.06047527492046356,4,0.0012510456144809723,0.005278300493955612,4,0.0031043067574501038,0.018403030931949615,0.012106585316359997,0.017565391957759857,0.022171493619680405,0.029109356924891472,0.02298692613840103,0.02298692613840103,0.0,0.005035086534917355,0.00859341211616993,0.0,-0.0019250810146331787,-0.0010967366397380829,0.00402725487947464,0.005278300493955612,0.0020235739648342133,0.0011427626013755798,-0.007458791136741638,-0.00955720990896225,0.0,-0.0024816691875457764,-0.011805951595306396,0.015298724174499512,0.018403030931949615,0.0028348304331302643,0.011885449290275574,-0.020578987896442413,-0.021771766245365143
2077,0.1,1,5,0.008563818410038948,5,0.0008883234113454819,0.002426721155643463,4,0.0003437008708715439,0.0015378058888018131,0.0020982413552701473,0.002828383818268776,0.002946909051388502,0.00390896201133728,0.0034675165079534054,0.0027625495567917824,0.000704966951161623,0.0005843773251399398,0.0011658264556899667,0.0,-0.003294861875474453,0.0011215689592063427,0.0010359049774706364,0.0015383977442979813,0.002426721155643463,-0.001715395599603653,-0.001561642624437809,-0.0025229481980204582,0.0,-0.0006085075438022614,-0.0012702373787760735,0.0005368571728467941,0.0015378058888018131,0.0001656021922826767,0.0011941050179302692,-0.0008376352488994598,-0.002516346052289009
2088,0.1,2,12,8.464428901672363,8,0.053466796875,0.3458232879638672,2,0.09127044677734375,0.20630645751953125,0.5281434059143066,0.7068659663200378,0.4591556191444397,0.6604515910148621,0.5490484237670898,0.4499998092651367,0.09904861450195312,0.1191723570227623,0.37526872754096985,0.0,0.18154335021972656,-0.039023399353027344,-0.25656986236572266,-0.3095273971557617,-0.2099008560180664,0.0674600601196289,0.2923564910888672,0.3458232879638672,0.0,-0.03532123565673828,0.20630645751953125,0.0064716339111328125,-0.08621692657470703,0.06904125213623047,-0.19164466857910156,0.02869129180908203,0.1150360107421875
2202,0.1,2,3,0.004670069552958012,2,7.218308746814728e-05,0.0006085238419473171,4,0.00037609622813761234,0.0010379294399172068,0.0005749917472712696,0.0009251717128790915,0.0012524551711976528,0.0017287736991420388,0.001533114816993475,0.0013304012827575207,0.00020271353423595428,0.0002705855877138674,0.0006860852590762079,0.0,-0.0006672050803899765,0.0006085238419473171,0.0003490219824016094,0.00039341533556580544,0.0005363407544791698,-0.0010570031590759754,-0.0005830135196447372,-0.0006889039650559425,0.0,-0.0005428125150501728,-0.0009433277882635593,0.0006618332117795944,0.0010379294399172068,0.0004801889881491661,0.0004131197929382324,-0.0010259482078254223,-0.001555528026074171
2270,0.1,0,12,7.112250804901123,8,0.08215093612670898,0.5606880187988281,2,0.02979135513305664,0.06423282623291016,0.529679000377655,0.7549015283584595,0.5298089981079102,0.7019476294517517,0.614201545715332,0.5784235000610352,0.035778045654296875,0.12249429523944855,0.268901526927948,0.0,0.26790761947631836,-0.2844271659851074,-0.43094396591186523,-0.5868372917175293,-0.31282567977905273,0.34780216217041016,0.47853708267211914,0.5606880187988281,0.0,-0.018444061279296875,0.06423282623291016,0.00884866714477539,-0.015282630920410156,0.031160354614257812,-0.06869840621948242,0.015984535217285156,0.034441471099853516
2272,0.1,0,1,0.9519830942153931,6,0.046049654483795166,0.10785561800003052,4,0.15426582098007202,0.46388399600982666,0.35289719700813293,0.39657413959503174,0.29061105847358704,0.37840452790260315,0.5272692441940308,0.5049978494644165,0.022271394729614258,0.06546977162361145,0.1661875993013382,0.0,0.026982426643371582,-0.099822998046875,0.012836098670959473,0.06180596351623535,-0.03621971607208252,0.10785561800003052,-0.018990516662597656,-0.06754684448242188,0.0,-0.2923334836959839,0.12428349256515503,0.30961817502975464,0.46388399600982666,0.30393242835998535,-0.15264534950256348,-0.41744494438171387,-0.614274263381958
2336,0.1,0,3,0.0218940619379282,4,0.0019332356750965118,0.005994867533445358,7,0.00060281902551651,0.001995973289012909,0.006622284650802612,0.007925596088171005,0.007327667437493801,0.009285087697207928,0.007551743648946285,0.005241548642516136,0.002310195006430149,0.0009456129628233612,0.002713219728320837,0.0,-0.002770613878965378,0.0004176143556833267,0.0040616318583488464,0.005994867533445358,0.002852344885468483,-0.000628892332315445,-0.006070088595151901,-0.00909801572561264,0.0,0.0010643266141414642,-0.001498708501458168,-0.0026794280856847763,-0.0007597748190164566,-0.0018582511693239212,0.001393154263496399,0.001995973289012909,-0.000345742329955101
2409,0.1,2,5,5.82129430770874,2,0.048958778381347656,0.28868865966796875,2,0.10625743865966797,0.2055821418762207,0.6021140813827515,0.8438618183135986,0.718997597694397,0.8994590044021606,0.4874730110168457,0.4874730110168457,0.0,0.16544775664806366,0.47110384702682495,0.0,-0.12889909744262695,0.28868865966796875,0.2397298812866211,0.2099161148071289,0.19823360443115234,-0.21473121643066406,-0.18259334564208984,-0.13881301879882812,0.0,-0.06085634231567383,0.2055821418762207,0.09932470321655273,0.08539533615112305,0.09574651718139648,-0.08384132385253906,-0.07024765014648438,-0.054862022399902344
2467,0.1,3,16,5.084542274475098,2,0.11258697509765625,0.1775035858154297,6,0.17084598541259766,0.6224322319030762,0.2605149447917938,0.4665709435939789,0.44575101137161255,0.6754641532897949,0.7840747833251953,0.4355888366699219,0.34848594665527344,0.19362731277942657,0.34889787435531616,0.0,-0.055268287658691406,0.1775035858154297,-0.03936052322387695,-0.04552507400512695,0.06491661071777344,-0.2044210433959961,0.027237892150878906,0.034094810485839844,0.0,0.4515862464904785,-0.6548757553100586,-0.5306839942932129,-0.31449079513549805,-0.6571669578552246,0.6224322319030762,0.4249448776245117,0.2668585777282715
2488,0.1,2,5,0.004460148513317108,4,0.00013233348727226257,0.0010134365875273943,4,9.540095925331116e-05,0.0011175100225955248,0.0010202499106526375,0.001497571007348597,0.0017621328588575125,0.0025552231818437576,0.0018470410723239183,0.0018470410723239183,0.0,0.00022776133846491575,0.000666096224449575,0.0,-0.000750124454498291,0.0006506899371743202,0.0008811031002551317,0.0010134365875273943,0.0007340600714087486,-0.0014086742885410786,-0.001412584912031889,-0.0016334657557308674,0.0,-0.0009276377968490124,-0.0006722081452608109,0.0010221090633422136,0.0011175100225955248,0.0007636332884430885,5.708588287234306e-05,-0.0016861902549862862,-0.0018117697909474373
2530,0.1,3,4,0.5704168081283569,4,0.010769784450531006,0.022312641143798828,5,0.008734822273254395,0.12173813581466675,0.07337139546871185,0.1360873579978943,0.11110522598028183,0.16777612268924713,0.13992804288864136,0.13282954692840576,0.007098495960235596,0.032560110092163086,0.09568756818771362,0.0,-0.03153705596923828,-0.004540801048278809,0.008855104446411133,0.022312641143798828,0.011542856693267822,-0.016748666763305664,-0.02426820993423462,-0.04277318716049194,0.0,-0.14434587955474854,0.07093226909637451,0.1026633083820343,0.11300331354141235,0.12173813581466675,-0.141529381275177,-0.1348305344581604,-0.1370398998260498
2595,0.1,3,12,5.411191940307617,5,0.05905771255493164,0.24636602401733398,1,0.07374143600463867,0.49499082565307617,0.3636818826198578,0.5229938626289368,0.6866649389266968,1.1813570261001587,0.7468357086181641,0.3543682098388672,0.3924674987792969,0.17805272340774536,0.5562721490859985,0.0,-0.12483978271484375,0.18730831146240234,0.015847206115722656,0.02237701416015625,0.24636602401733398,-0.1970081329345703,-0.0007305145263671875,-0.0028772354125976562,0.0,0.49499082565307617,-0.332399845123291,-0.13588714599609375,-0.05655336380004883,-0.5051994323730469,0.4212493896484375,0.16524314880371094,0.07353067398071289
2692,0.1,3,5,0.0925632119178772,8,0.002331681549549103,0.025005348026752472,1,0.006193347275257111,0.028944388031959534,0.022365791723132133,0.03577355667948723,0.044388141483068466,0.06778094917535782,0.04476597532629967,0.04011823982000351,0.004647735506296158,0.007919264025986195,0.022639678791165352,0.0,0.01711469143629074,-0.03751373291015625,-0.037290558218955994,-0.04667218029499054,-0.03218856453895569,0.019016563892364502,0.02267366647720337,0.025005348026752472,0.0,0.028944388031959534,-0.03464503586292267,-0.02106260508298874,-0.03054872155189514,-0.06212577223777771,0.016096197068691254,0.01707489788532257,0.022751040756702423
2703,0.1,1,3,0.007817033678293228,5,8.154613897204399e-05,0.0006602257490158081,4,0.0007363981567323208,0.0024319742806255817,0.0010821390897035599,0.0018739545485004783,0.001971134450286627,0.0026504623237997293,0.0027953358367085457,0.0027075670659542084,8.776877075433731e-05,0.0005547180771827698,0.0015210125129669905,0.0,-0.0006391052156686783,0.0005711056292057037,0.0005492111667990685,0.0005786796100437641,0.0006602257490158081,-0.0009625814855098724,-0.0008224248886108398,-0.000857052393257618,0.0,-0.0015312768518924713,-0.0010823952034115791,0.001695576123893261,0.0024319742806255817,0.0014019026421010494,0.0008367151021957397,-0.0027175964787602425,-0.004160032607614994
2721,0.1,0,3,0.16919653117656708,1,0.004804879426956177,0.022350534796714783,6,0.0010961294174194336,0.0062741488218307495,0.03368227183818817,0.04505886882543564,0.050947897136211395,0.07034747302532196,0.027935773134231567,0.026108086109161377,0.0018276870250701904,0.00930765736848116,0.031007729470729828,0.0,0.022350534796714783,-0.015905827283859253,-0.016803547739982605,-0.015456169843673706,-0.03536786139011383,0.01636926829814911,0.017545655369758606,0.015305966138839722,0.0,0.004160001873970032,-0.007110893726348877,-0.005246371030807495,0.0015640705823898315,-0.007389083504676819,0.0062741488218307495,0.005178019404411316,-0.0030245929956436157
2848,0.1,0,16,2.397325038909912,4,0.020663976669311523,0.13535737991333008,3,0.06920576095581055,0.18680095672607422,0.20576795935630798,0.32329970598220825,0.18813759088516235,0.3164712190628052,0.3147735595703125,0.2956051826477051,0.019168376922607422,0.18468865752220154,0.3429032862186432,0.0,-0.028349637985229492,5.8650970458984375e-05,0.11469340324401855,0.13535737991333008,0.03430891036987305,-0.0010590553283691406,-0.1243438720703125,-0.1150350570678711,0.0,-0.025676250457763672,-0.028793811798095703,0.18680095672607422,0.11759519577026367,0.031636714935302734,0.03792142868041992,-0.1679229736328125,-0.09331655502319336
3008,0.1,0,5,0.02184612676501274,6,0.0019347723573446274,0.003050057217478752,6,0.0001225210726261139,0.00242447666823864,0.008650260046124458,0.011601779609918594,0.009050299413502216,0.011735157109797001,0.005007218569517136,0.005007218569517136,0.0,0.0012976268772035837,0.0034383460879325867,0.0,2.2510066628456116e-05,-0.0036901086568832397,0.0011152848601341248,0.0003525279462337494,-0.000936826691031456,0.003050057217478752,-0.001784762367606163,-0.0011628568172454834,0.0,0.002301955595612526,-0.003524038940668106,-0.0013745110481977463,-0.0017023291438817978,-0.00448334775865078,0.00242447666823864,0.00117436982691288,0.0012507401406764984
3050,0.1,2,5,0.0005502378917299211,4,1.8944934708997607e-05,6.600780761800706e-05,6,8.57870327308774e-06,4.789693048223853e-05,0.00013493388541974127,0.0001845944789238274,0.000136598086101003,0.00021746101265307516,0.00010258800466544926,9.794093784876168e-05,4.647066816687584e-06,5.200980740482919e-05,0.0001023759541567415,0.0,-5.5281154345721006e-05,1.4297373127192259e-05,4.479906056076288e-05,6.600780761800706e-05,4.706287290900946e-05,-3.383622970432043e-05,-7.243675645440817e-05,-0.00010686618043109775,0.0,-4.432047717273235e-05,-6.588432006537914e-05,-8.33999365568161e-06,3.931822720915079e-05,-9.054510155692697e-05,4.789693048223853e-05,-5.837995558977127e-06,-7.279415149241686e-05
3069,0.1,2,4,0.12657959759235382,3,0.0003395453095436096,0.014388516545295715,3,0.0003103911876678467,0.0029021427035331726,0.017150532454252243,0.02564253844320774,0.028982510790228844,0.041323818266391754,0.014388516545295715,0.012313641607761383,0.0020748749375343323,0.007625699043273926,0.01865374855697155,0.0,-0.005957186222076416,-0.0032279938459396362,0.014388516545295715,0.014048971235752106,0.005881510674953461,0.0017172321677207947,-0.02243049442768097,-0.01899164915084839,0.0,-0.00810191035270691,-0.0022292137145996094,0.0029021427035331726,0.002591751515865326,0.0014331787824630737,-0.004781022667884827,-0.019510820508003235,-0.013013243675231934
3186,0.1,0,8,3.583242654800415,7,0.06774544715881348,0.25515007972717285,2,0.037015676498413086,0.08723783493041992,0.31511250138282776,0.41248252987861633,0.381060928106308,0.5473796725273132,0.3648099899291992,0.18567943572998047,0.17913055419921875,0.13498413562774658,0.34828442335128784,0.0,0.06550478935241699,0.010883569717407227,-0.3463585376739502,-0.2957479953765869,-0.08688712120056152,-0.018733501434326172,0.25515007972717285,0.18740463256835938,0.0,-0.054259538650512695,0.08723783493041992,0.016531705856323242,-0.0008103847503662109,0.050222158432006836,-0.10810542106628418,-0.033179521560668945,-0.020748138427734375
3213,0.1,3,5,0.025125719606876373,2,0.004020016640424728,0.00703686848282814,6,0.0052505433559417725,0.0064957886934280396,0.0063945092260837555,0.01004739385098219,0.010165205225348473,0.015883294865489006,0.01142757385969162,0.002615002915263176,0.008812570944428444,0.0023785773664712906,0.006274393294006586,0.0,-0.003540901467204094,0.00703686848282814,0.0020509157329797745,0.0007424242794513702,0.003016851842403412,-0.012057382613420486,-0.0037508979439735413,-0.0024955905973911285,0.0,0.0007519647479057312,-0.017306268215179443,0.001245245337486267,-5.3124502301216125e-05,-0.003689514473080635,0.0064957886934280396,-0.002700474113225937,-0.00145789235830307
3300,0.1,1,3,0.4804007112979889,4,5.46872615814209e-05,0.014316737651824951,8,0.016976594924926758,0.03044930100440979,0.15395160019397736,0.1848461925983429,0.16607466340065002,0.20424309372901917,0.047111690044403076,0.0,0.047111690044403076,0.020533893257379532,0.062195952981710434,0.0,-0.013422578573226929,-0.019897907972335815,0.01426205039024353,0.014316737651824951,0.010101914405822754,-0.011595338582992554,-0.0441150963306427,-0.0436607301235199,0.0,0.010084271430969238,-0.000728309154510498,-0.025513440370559692,-0.05094596743583679,-0.014781177043914795,-0.03189393877983093,0.013472706079483032,0.03044930100440979
3302,0.1,2,3,0.005215728189796209,4,2.3838598281145096e-05,0.00010187318548560143,2,0.0006763343699276447,0.000894324854016304,0.0011818024795502424,0.001887439051643014,0.0011274252319708467,0.001785880420356989,0.0010355818085372448,0.0005646436475217342,0.00047093816101551056,0.0005197058198973536,0.0012070861412212253,0.0,-2.8698239475488663e-05,-0.0003811917267739773,-3.747362643480301e-05,0.00010187318548560143,-2.442905679345131e-05,7.803458720445633e-05,-2.3717526346445084e-05,-0.00021580886095762253,0.0,-8.182600140571594e-06,0.000894324854016304,-0.0003837994299829006,-0.0002536303363740444,-5.170376971364021e-05,-0.0014070188626646996,0.0002179904840886593,6.285402923822403e-05
3407,0.1,0,5,1.9539690017700195,1,0.08612358570098877,0.3223381042480469,1,0.08764076232910156,0.1860349178314209,0.26686805486679077,0.3991796672344208,0.3638738691806793,0.5453655123710632,0.4854685068130493,0.4854685068130493,0.0,0.08443078398704529,0.263264924287796,0.0,0.3223381042480469,-0.22065210342407227,-0.22065186500549316,-0.22065114974975586,-0.43843984603881836,0.23621416091918945,0.2362145185470581,0.2362145185470581,0.0,0.1860349178314209,-0.08116602897644043,-0.08116602897644043,-0.08116602897644043,-0.2126154899597168,0.09839391708374023,0.09839415550231934,0.09839391708374023
3420,0.1,0,5,3.359138011932373,7,0.04503631591796875,0.20186614990234375,8,0.039202213287353516,0.29713916778564453,0.4018372595310211,0.5056983232498169,0.6220744848251343,0.8787278532981873,0.5002720355987549,0.46071410179138184,0.03955793380737305,0.1572362184524536,0.4194616377353668,0.0,0.047502994537353516,-0.007464170455932617,-0.2222456932067871,-0.20194005966186523,-0.06043553352355957,0.012877702713012695,0.20186614990234375,0.156829833984375,0.0,0.09918999671936035,0.11508655548095703,-0.22632336616516113,-0.3025691509246826,-0.11092138290405273,-0.14331912994384766,0.257936954498291,0.29713916778564453
3525,0.1,2,5,0.010145404376089573,5,0.00012305984273552895,0.0027787676081061363,4,0.0003397474065423012,0.00193007942289114,0.0030001276172697544,0.004103829152882099,0.0032834913581609726,0.004856966435909271,0.004242332652211189,0.004081293474882841,0.00016103917732834816,0.0007372274994850159,0.001873641274869442,0.0,-0.0035423943772912025,0.0010870713740587234,0.0019653132185339928,0.0026557077653706074,0.0027787676081061363,-0.0018849018961191177,-0.003105456940829754,-0.004419456236064434,0.0,-0.0014590229839086533,-0.0013240939006209373,0.0015903320163488388,0.00193007942289114,0.0012300247326493263,0.0008046524599194527,-0.0023031821474432945,-0.0028074299916625023
3568,0.1,0,7,3.882430076599121,7,0.05831170082092285,0.3146238327026367,7,0.04195451736450195,0.1505427360534668,0.32507961988449097,0.44100770354270935,0.2877642512321472,0.39351874589920044,0.41512131690979004,0.41512131690979004,0.0,0.12727002799510956,0.2463492453098297,0.0,0.09988212585449219,-0.024095535278320312,-0.45235443115234375,-0.40305137634277344,-0.13814735412597656,0.020218372344970703,0.3146238327026367,0.25631213188171387,0.0,0.045318603515625,-0.007840633392333984,-0.18975830078125,-0.13732671737670898,-0.05904865264892578,0.015507698059082031,0.1505427360534668,0.10858821868896484
3802,0.1,0,13,2.5541698932647705,3,0.0064165592193603516,0.09197473526000977,3,0.03746366500854492,0.3201286792755127,0.32481083273887634,0.42449116706848145,0.7908726930618286,0.870774507522583,0.42841196060180664,0.4018895626068115,0.026522397994995117,0.06645597517490387,0.19162756204605103,0.0,-0.018397808074951172,-0.08974099159240723,0.09197473526000977,0.0761263370513916,0.019172191619873047,0.08555817604064941,-0.07512927055358887,-0.05485224723815918,0.0,-0.1267082691192627,-0.03584027290344238,0.3201286792755127,0.2826650142669678,0.14984440803527832,0.05166316032409668,-0.3157784938812256,-0.2448437213897705
3812,0.1,2,3,0.09644205123186111,5,0.0028131529688835144,0.015149600803852081,5,0.00896415114402771,0.045429278165102005,0.021331345662474632,0.030188733711838722,0.038631804287433624,0.048060864210128784,0.05367717519402504,0.05367717519402504,0.0,0.0027372692711651325,0.006857424974441528,0.0,-0.016113609075546265,-0.0031158626079559326,0.011571668088436127,0.012336447834968567,0.015149600803852081,0.002822473645210266,-0.016056515276432037,-0.01703457534313202,0.0,-0.08749114722013474,0.02970101684331894,0.027427852153778076,0.036465127021074295,0.045429278165102005,-0.06489118188619614,-0.04940297454595566,-0.07206154614686966
3866,0.1,0,7,0.22549834847450256,3,0.009145036339759827,0.053275421261787415,3,0.008853301405906677,0.06077933311462402,0.05900406837463379,0.07391883432865143,0.05071118474006653,0.06729255616664886,0.10163361579179764,0.10163361579179764,0.0,0.009476237930357456,0.029381640255451202,0.0,-0.010543182492256165,-0.002111569046974182,0.053275421261787415,0.04413038492202759,0.012331381440162659,0.0021539777517318726,-0.06534117460250854,-0.041671931743621826,0.0,-0.014123886823654175,-0.005139544606208801,0.06077933311462402,0.051926031708717346,0.015773847699165344,0.005417913198471069,-0.09345048666000366,-0.05527094006538391
3884,0.1,3,7,0.6423463225364685,7,0.0198514461517334,0.09420150518417358,4,0.048115313053131104,0.1248161792755127,0.18029803037643433,0.2313329577445984,0.2453758716583252,0.31965839862823486,0.20353445410728455,0.05358213186264038,0.14995232224464417,0.04770805686712265,0.11731567233800888,0.0,0.0675542950630188,-0.10905534029006958,-0.1273254156112671,-0.10999542474746704,-0.11800378561019897,0.07118147611618042,0.09420150518417358,0.07435005903244019,0.0,-0.06010192632675171,-0.0036392807960510254,0.07021075487136841,0.1248161792755127,0.07670086622238159,-0.009452641010284424,-0.06689059734344482,-0.11953818798065186
3898,0.1,3,7,0.026647338643670082,2,0.0007430296391248703,0.0012007001787424088,5,0.0018293708562850952,0.010625777766108513,0.007342546246945858,0.011606146581470966,0.008431946858763695,0.011622543446719646,0.011537493206560612,0.011105827055871487,0.00043166615068912506,0.002258115215227008,0.005449729040265083,0.0,-0.0008765589445829391,0.0012007001787424088,-2.3795291781425476e-05,-8.357688784599304e-06,0.00045767053961753845,-0.0021336115896701813,-0.0002590436488389969,-0.0004203338176012039,0.0,-0.014617519453167915,0.004885191097855568,0.00781254656612873,0.008796406909823418,0.010625777766108513,-0.009349612519145012,-0.012785254046320915,-0.014520740136504173
3958,0.1,1,8,0.0007694382802583277,4,5.1944050937891006e-05,0.00019513367442414165,5,2.5138724595308304e-05,0.00020871579181402922,0.00022483717475552112,0.00030505904578603804,0.00018696901679504663,0.0002975940878968686,0.0003582507779356092,0.00033847035956569016,1.978041836991906e-05,3.248741268180311e-05,0.00011618612916208804,0.0,-9.71952686086297e-05,8.79126600921154e-05,0.00014318962348625064,0.00019513367442414165,9.815773228183389e-05,-0.00016317778499796987,-0.00023225235054269433,-0.00031584996031597257,0.0,-0.00033252110006287694,4.216853994876146e-05,0.000175118213519454,0.0001835770672187209,0.00020871579181402922,-0.00011005863780155778,-0.0003310921019874513,-0.0003512161201797426
3970,0.1,0,8,0.03451564535498619,4,0.0009345188736915588,0.009582223370671272,3,0.0009397510439157486,0.00859682448208332,0.01283092051744461,0.015298133715987206,0.012426679953932762,0.016421901062130928,0.015395918861031532,0.014846980571746826,0.0005489382892847061,0.0021379091776907444,0.004051215946674347,0.0,-0.003457598388195038,0.0012135393917560577,0.008647704496979713,0.009582223370671272,0.0037579741328954697,-0.0017313845455646515,-0.013634398579597473,-0.013011988252401352,0.0,-0.0013079941272735596,-0.006030812859535217,0.00859682448208332,0.007657073438167572,0.001310400664806366,0.005896750837564468,-0.01454918459057808,-0.010632418096065521
4034,0.1,2,0,1.6137322187423706,6,0.06582355499267578,0.5106720924377441,2,0.16191303730010986,0.28280723094940186,0.4862673282623291,0.6555033922195435,0.4116653501987457,0.6720224618911743,0.7102985382080078,0.46624135971069336,0.24405717849731445,0.09165479987859726,0.3179534673690796,0.0,0.35091209411621094,-0.6036030054092407,-0.6082416772842407,-0.6240526437759399,-0.5518156290054321,0.5106720924377441,0.44484853744506836,0.42907392978668213,0.0,-0.06783485412597656,0.28280723094940186,0.0022177696228027344,-0.030517101287841797,0.12089419364929199,-0.29456937313079834,0.012308359146118164,0.04614579677581787
4040,0.1,0,8,0.0013572300085797906,4,2.7501024305820465e-05,5.273951683193445e-05,5,5.714362487196922e-06,5.714362487196922e-06,0.00036304612876847386,0.0004964386462233961,0.00039562382153235376,0.0005462920526042581,7.464562077075243e-05,2.6071793399751186e-05,4.8573827371001244e-05,6.566478259628639e-05,0.0001630383776500821,0.0,-2.702337224036455e-05,-2.7737696655094624e-05,9.880983270704746e-06,5.273951683193445e-05,2.5238492526113987e-05,1.559534575790167e-05,-0.00012380187399685383,-0.0001549879088997841,0.0,-1.0476098395884037e-05,-8.333008736371994e-07,-3.0237599276006222e-05,-7.261871360242367e-06,5.714362487196922e-06,-1.3928394764661789e-05,-4.797498695552349e-05,-4.202290438115597e-05
4113,0.1,0,8,0.0049441223964095116,6,2.847006544470787e-05,5.860067903995514e-05,4,8.625257760286331e-05,0.00021603284403681755,0.0015407036989927292,0.0021295566111803055,0.0019375365227460861,0.002368783811107278,0.00025672977790236473,0.00018767686560750008,6.905291229486465e-05,0.0003071793762501329,0.0009278805810026824,0.0,3.013061359524727e-05,-5.5631622672080994e-05,-0.0003671841695904732,-0.00016546295955777168,-7.271207869052887e-05,5.860067903995514e-05,1.126900315284729e-05,-7.887976244091988e-05,0.0,-5.088699981570244e-05,-0.000120511744171381,-4.06862236559391e-05,0.00021603284403681755,3.0011869966983795e-05,0.00012978026643395424,-0.0002804999239742756,-0.0003069448284804821
4146,0.1,2,7,0.0002698534226510674,4,8.700473699718714e-06,6.721816316712648e-05,5,5.243928171694279e-06,2.943718573078513e-05,3.9472295611631125e-05,5.946520468569361e-05,2.9538548915297724e-05,4.151025495957583e-05,8.295071893371642e-05,8.295071893371642e-05,0.0,1.2830030755139887e-05,4.079647987964563e-05,0.0,-4.3617881601676345e-05,4.004432412330061e-05,5.851768946740776e-05,6.721816316712648e-05,4.2070416384376585e-05,-7.460208144038916e-05,-9.545631473883986e-05,-0.00010594286140985787,0.0,-0.00010773030226118863,8.819159120321274e-06,1.3943819794803858e-05,2.4193257559090853e-05,2.943718573078513e-05,-4.802722833119333e-05,-3.467994974926114e-05,-5.5892509408295155e-05
4272,0.1,0,8,9.786603914108127e-05,4,2.6223642635159194e-06,8.10547498986125e-06,6,6.317502993624657e-06,7.271082722581923e-06,2.00730992219178e-05,2.7356227292330004e-05,2.1938580175628886e-05,3.089649908361025e-05,1.3231023331172764e-05,3.575936716515571e-06,9.655086614657193e-06,7.5990965342498384e-06,1.53770852193702e-05,0.0,-3.933513653464615e-06,-1.3588432921096683e-05,5.4831107263453305e-06,8.10547498986125e-06,3.6951314541511238e-06,-7.151829777285457e-07,-1.4542005374096334e-05,-1.8117876606993377e-05,0.0,9.535797289572656e-07,-1.4542005374096334e-05,-3.0991286621429026e-06,-2.9799339245073497e-06,-2.145556209143251e-06,7.271082722581923e-06,-2.860739186871797e-06,-1.9071594579145312e-06
4364,0.1,3,7,0.0012694880133494735,4,3.572908462956548e-05,0.0003450897056609392,4,1.6674166545271873e-06,0.00037272111512720585,0.0001669873745413497,0.00021799522801302373,0.0002474604407325387,0.0003762585110962391,0.0006095247808843851,0.0006094056880101562,1.1909287422895432e-07,5.0794962589861825e-05,0.00013533906894735992,0.0,-0.0003083128249272704,0.00026613008230924606,0.00030936062103137374,0.0003450897056609392,0.0002713700523599982,-0.000592257478274405,-0.0005233612610027194,-0.0005528718465939164,0.0,-0.0005084867589175701,0.00033532362431287766,0.0003394921077415347,0.00037272111512720585,0.00037105369847267866,-0.0006962470943108201,-0.0006143889622762799,-0.0006475851405411959
4392,0.1,2,7,0.04978371784090996,3,0.001830410212278366,0.005157895386219025,4,0.00030596740543842316,0.02479378879070282,0.006411640904843807,0.0104893883690238,0.02299724891781807,0.029175251722335815,0.027765104547142982,0.027378607541322708,0.00038649700582027435,0.002244164003059268,0.006497000809758902,0.0,-0.0027296915650367737,0.00047670677304267883,0.005157895386219025,0.0033274851739406586,0.0026638098061084747,-0.005171030759811401,-0.01007082313299179,-0.007605522871017456,0.0,-0.015660252422094345,0.008950319141149521,0.024487821385264397,0.02479378879070282,0.014618869870901108,-0.014239739626646042,-0.03974920138716698,-0.03670347109436989
4489,0.1,1,7,0.0026246407069265842,4,0.000262383371591568,0.0009542455663904548,4,0.0003145216032862663,0.0006614038720726967,0.0006272239261306822,0.000783533847425133,0.0005197954596951604,0.0007009168621152639,0.0013545573456212878,0.0013545573456212878,0.0,0.00014073436614125967,0.00033283146331086755,0.0,-0.000714433379471302,0.0004371602553874254,0.0006918621947988868,0.0009542455663904548,0.0006096509750932455,-0.0007676596287637949,-0.0012238877825438976,-0.001769757829606533,0.0,-0.0002705724909901619,-1.1413823813199997e-05,0.00034688226878643036,0.0006614038720726967,0.00026743486523628235,-3.257719799876213e-05,-0.0005284755025058985,-0.0010685489978641272
4517,0.1,0,17,5.417699337005615,8,0.11090993881225586,0.6814489364624023,8,0.06797266006469727,0.5689277648925781,0.5112689137458801,0.7011834979057312,0.6807423830032349,0.9271165132522583,1.232560157775879,1.232560157775879,0.0,0.16225922107696533,0.3792576491832733,0.0,0.2722792625427246,0.2319812774658203,-0.5090556144714355,-0.6400656700134277,-0.3287382125854492,-0.2642998695373535,0.5705389976501465,0.6814489364624023,0.0,0.4841012954711914,-0.019823074340820312,-0.45047521591186523,-0.5359745025634766,-0.5476589202880859,0.053118228912353516,0.5009551048278809,0.5689277648925781
4531,0.1,0,8,0.5628800392150879,4,0.027903109788894653,0.18502044677734375,4,0.03266638517379761,0.2205410599708557,0.2043297290802002,0.23523440957069397,0.2371326982975006,0.28599974513053894,0.3407937288284302,0.3407937288284302,0.0,0.024602552875876427,0.06719517707824707,0.0,-0.07467186450958252,-0.017524540424346924,0.1571173369884491,0.18502044677734375,0.08031857013702393,0.018151164054870605,-0.21895921230316162,-0.23059958219528198,0.0,-0.11764591932296753,0.00438380241394043,0.1878746747970581,0.2205410599708557,0.12344682216644287,-0.005639433860778809,-0.25924593210220337,-0.2673567533493042
4553,0.1,0,17,4.086178302764893,8,0.04132819175720215,0.14591670036315918,1,0.01398015022277832,0.11634349822998047,0.42943495512008667,0.5714588165283203,0.5205917954444885,0.7719693183898926,0.2614760398864746,0.1910877227783203,0.0703883171081543,0.10735416412353516,0.3754965364933014,0.0,0.07484817504882812,-0.01883411407470703,-0.08198785781860352,-0.11476993560791016,-0.08147764205932617,0.023797035217285156,0.10458850860595703,0.14591670036315918,0.0,0.11634349822998047,-0.0840754508972168,-0.046178340911865234,-0.020078659057617188,-0.1326456069946289,0.10236334800720215,0.05672788619995117,0.025975704193115234
4669,0.1,3,19,0.7859988212585449,2,0.005387842655181885,0.21997863054275513,6,0.03555333614349365,0.16589516401290894,0.2889741361141205,0.39029014110565186,0.37080511450767517,0.4975586235523224,0.3591344952583313,0.31091243028640747,0.04822206497192383,0.051767706871032715,0.1367924064397812,0.0,-0.16201096773147583,0.21997863054275513,0.21125257015228271,0.21459078788757324,0.19788521528244019,-0.2621469497680664,-0.2202305793762207,-0.2070332169532776,0.0,-0.024031341075897217,-0.1795690655708313,0.13034182786941528,0.05283856391906738,0.029946088790893555,0.16589516401290894,-0.12262439727783203,-0.04165244102478027
4745,0.1,0,8,0.002816402819007635,6,0.0007228453177958727,0.0008166413754224777,6,7.635122165083885e-05,0.0004854805301874876,0.0009674289030954242,0.0012538605369627476,0.001115430728532374,0.0014818933559581637,0.0011776648461818695,0.0011776648461818695,0.0,0.0002761739888228476,0.0006317608058452606,0.0,6.015202961862087e-05,-0.0010740440338850021,9.379605762660503e-05,4.2082276195287704e-05,-9.533250704407692e-05,0.0008166413754224777,-0.00017888937145471573,-0.0001104278489947319,0.0,0.00025596865452826023,-0.0006691557355225086,-0.0007417364977300167,-0.0006478913128376007,-0.00041704182513058186,0.0004854805301874876,0.00040912930853664875,0.0003198222257196903
4778,0.1,0,11,1.3360047340393066,4,0.05969822406768799,0.13310503959655762,4,0.06281089782714844,0.22574734687805176,0.4894047677516937,0.6307918429374695,0.5269345045089722,0.6714147925376892,0.3438776731491089,0.3438776731491089,0.0,0.10070312023162842,0.30403807759284973,0.0,-0.03121495246887207,0.013837933540344238,0.07340681552886963,0.13310503959655762,0.05857980251312256,0.0138397216796875,-0.04063594341278076,-0.07249689102172852,0.0,-0.12308895587921143,0.14319252967834473,0.16293644905090332,0.22574734687805176,0.15445244312286377,-0.16520202159881592,-0.16288042068481445,-0.19670581817626953
4852,0.1,3,7,0.06697997450828552,2,0.017501067370176315,0.034180376678705215,2,0.008868113160133362,0.013193637132644653,0.029872838407754898,0.03856538608670235,0.023508593440055847,0.03470655903220177,0.040410175919532776,0.040410175919532776,0.0,0.002605207497254014,0.007511184550821781,0.0,-0.01630707085132599,0.034180376678705215,0.006103839725255966,0.0026492923498153687,0.0166793093085289,-0.07578079402446747,-0.006570771336555481,-0.0028863325715065002,0.0,-0.012316972017288208,0.013193637132644653,-0.0029025673866271973,-0.011367164552211761,-0.00030788034200668335,-0.030958041548728943,-0.0019601285457611084,0.0043255239725112915
4964,0.1,0,8,0.1287233978509903,4,0.01199360191822052,0.04133866727352142,4,0.014205925166606903,0.03788670897483826,0.03143776208162308,0.04214078560471535,0.05728467181324959,0.07332532107830048,0.06626424193382263,0.06626424193382263,0.0,0.0055110882967710495,0.01494197454303503,0.0,-0.01592513918876648,-0.013233602046966553,0.029345065355300903,0.04133866727352142,0.01598358154296875,0.0131869837641716,-0.0468703955411911,-0.06776230037212372,0.0,-0.010742217302322388,-0.0020308494567871094,0.023680783808231354,0.03788670897483826,0.012344837188720703,0.0023896098136901855,-0.03093118965625763,-0.04378357529640198
5163,0.1,3,7,0.0007140470552258193,5,8.696806617081165e-06,9.137240704149008e-05,5,4.753738176077604e-05,0.00016690691700205207,0.00011002974497387186,0.0001766410277923569,8.848984725773335e-05,0.00014469273446593434,0.0002448301820550114,0.0002448301820550114,0.0,2.120773569913581e-05,7.702298898948357e-05,0.0,-0.00012840767158195376,3.264052793383598e-05,6.76648342050612e-05,8.267560042440891e-05,9.137240704149008e-05,-6.59926445223391e-05,-0.00010863540228456259,-0.00013174267951399088,0.0,-0.0003602858050726354,0.00011555710807442665,0.00010507303522899747,0.00011936953524127603,0.00016690691700205207,-0.00025715609081089497,-0.00020153785590082407,-0.00021618709433823824
5283,0.1,0,7,0.06834553182125092,5,0.00020950287580490112,0.002627037465572357,4,0.0024818331003189087,0.010967995971441269,0.014281931333243847,0.019649134948849678,0.026074934750795364,0.03313315287232399,0.013250540941953659,0.013071287423372269,0.00017925351858139038,0.0024288760032504797,0.004915852099657059,0.0,-0.0025732889771461487,0.0007315129041671753,0.0016624853014945984,0.002417534589767456,0.002627037465572357,-0.0009296536445617676,-0.0022866353392601013,-0.0035885274410247803,0.0,-0.009739458560943604,-0.007194407284259796,0.006354387849569321,0.010967995971441269,0.00848616287112236,0.007262241095304489,-0.009104520082473755,-0.016837559640407562
5336,0.1,2,7,0.0025076393503695726,4,0.00019933795556426048,0.00031778006814420223,5,2.4027423933148384e-05,0.00032467907294631004,0.0006794115761294961,0.000867973081767559,0.00044986832654103637,0.0006165638333186507,0.0005403575487434864,0.0005402385722845793,1.1897645890712738e-07,0.00010871519043575972,0.0004666333261411637,0.0,-9.369710460305214e-05,-0.00013792677782475948,0.00010310090146958828,0.00031778006814420223,6.38570636510849e-05,0.00011844211257994175,-0.00015801982954144478,-0.00047018122859299183,0.0,-0.00047160754911601543,0.00018409080803394318,0.00013758917339146137,0.00030065164901316166,0.00032467907294631004,-0.0003221961669623852,-0.00024207285605370998,-0.0005382827948778868
5577,0.1,0,8,0.0008518642862327397,5,5.6584831327199936e-05,0.00018141762120649219,5,1.4889345038682222e-05,6.801285780966282e-05,0.00020688962831627578,0.0002732646535150707,0.00023755575239192694,0.00035319311427883804,0.0002349081332795322,0.0002349081332795322,0.0,3.514360651024617e-05,0.00010522449883865193,0.0,-0.00021222751820459962,0.00011959136463701725,8.862011600285769e-05,0.00012483278987929225,0.00018141762120649219,-0.00018340913811698556,-0.00012981909094378352,-0.00018829171312972903,0.0,-8.325284579768777e-05,2.3702741600573063e-05,4.20459546148777e-05,5.3123512770980597e-05,6.801285780966282e-05,-3.8947444409132004e-05,-6.0743128415197134e-05,-7.884623482823372e-05
5683,0.1,0,7,0.012045499868690968,4,0.0030372506007552147,0.003384414128959179,4,0.0005597807466983795,0.0008446173742413521,0.0030639462638646364,0.004032712429761887,0.002181965159252286,0.0030786078423261642,0.003984836861491203,0.003984836861491203,0.0,0.0003784982836805284,0.0011263061314821243,0.0,-0.00024825427681207657,-0.0003015948459506035,0.0003210073336958885,0.003384414128959179,0.0002950867637991905,0.00034716352820396423,-0.00044064316898584366,-0.004066857509315014,0.0,3.6630779504776e-05,-0.00028440356254577637,-0.00041132792830467224,0.0008446173742413521,-0.00012625474482774734,0.00028483662754297256,6.91395252943039e-05,-0.0010488871484994888
5734,0.1,1,7,0.09947363287210464,4,0.0072196125984191895,0.031605616211891174,3,0.0034705176949501038,0.01850346475839615,0.03166835755109787,0.04049268737435341,0.027595248073339462,0.03787439316511154,0.04554462805390358,0.04254318028688431,0.003001447767019272,0.006755960639566183,0.03351273760199547,0.0,-0.005528412759304047,-0.008470527827739716,0.024386003613471985,0.031605616211891174,0.007175937294960022,0.01023876667022705,-0.029610134661197662,-0.03434658795595169,0.0,-0.008789904415607452,0.004521772265434265,0.01850346475839615,0.015032947063446045,0.00944608449935913,-0.0065657272934913635,-0.031421490013599396,-0.01933460682630539
5802,0.1,0,7,0.14597629010677338,3,0.008768491446971893,0.04951898008584976,6,0.007570691406726837,0.026077382266521454,0.0514560341835022,0.06175677478313446,0.03474719449877739,0.051705751568078995,0.06681457906961441,0.05759485810995102,0.009219720959663391,0.0063351779244840145,0.018676025792956352,0.0,-0.015189141035079956,0.01625266671180725,0.04951898008584976,0.04075048863887787,0.01709611713886261,-0.022951051592826843,-0.058665335178375244,-0.043238118290901184,0.0,-0.0005329698324203491,-0.02822546660900116,0.012960061430931091,0.018506690859794617,0.0004833787679672241,0.026077382266521454,-0.012781113386154175,-0.017214059829711914
5992,0.1,0,7,0.12339679151773453,6,0.002133317291736603,0.007199704647064209,5,0.0014300718903541565,0.019443660974502563,0.0329294353723526,0.03982730209827423,0.028775300830602646,0.035606749355793,0.02541229873895645,0.021894775331020355,0.003517523407936096,0.005606389604508877,0.01507469080388546,0.0,-0.0011917650699615479,-0.006295107305049896,0.0026460886001586914,0.005066387355327606,0.0013355165719985962,0.007199704647064209,-0.0033463314175605774,-0.006588362157344818,0.0,-0.027472399175167084,0.005353115499019623,0.013928450644016266,0.018013589084148407,0.019443660974502563,-0.007855214178562164,-0.023569829761981964,-0.033554352819919586
6008,0.1,3,8,0.026095250621438026,5,0.004016740247607231,0.007916374132037163,5,0.004911748692393303,0.013323182240128517,0.00828020554035902,0.010871986858546734,0.011937884613871574,0.015554388985037804,0.01678461581468582,0.01678461581468582,0.0,0.0025199241936206818,0.008663367480039597,0.0,-0.011707434430718422,0.0014506950974464417,0.002842932939529419,0.0038996338844299316,0.007916374132037163,-0.00213073194026947,-0.00406297855079174,-0.005765201523900032,0.0,-0.022900229319930077,0.005829820409417152,0.005850613117218018,0.008411433547735214,0.013323182240128517,-0.009235313162207603,-0.009194692596793175,-0.014492416754364967
6010,0.1,2,8,0.01759433187544346,5,0.0010205181315541267,0.006112577393651009,7,0.0009318199008703232,0.0014005675911903381,0.006009374279528856,0.007551904767751694,0.006523278541862965,0.008825412020087242,0.007103229872882366,0.005960211157798767,0.001143018715083599,0.001933442079462111,0.005259326193481684,0.0,-0.008472232148051262,0.005046382546424866,0.005092059262096882,0.00481814332306385,0.006112577393651009,-0.009153056889772415,-0.00910930149257183,-0.008215757086873055,0.0,-3.349967300891876e-05,0.00046874769032001495,-0.0014638770371675491,0.00023018568754196167,-0.00010377354919910431,-0.0006760824471712112,0.0014005675911903381,-0.0006666015833616257
6141,0.1,0,8,0.32895299792289734,4,0.01703810691833496,0.03151029348373413,4,0.015726298093795776,0.12583737075328827,0.0757577121257782,0.09761857241392136,0.14481663703918457,0.16786783933639526,0.14699475467205048,0.14699475467205048,0.0,0.011743884533643723,0.045216239988803864,0.0,-0.009619027376174927,-0.0027406513690948486,0.01447218656539917,0.03151029348373413,0.009839892387390137,0.0011602342128753662,-0.025949090719223022,-0.048272520303726196,0.0,-0.05040779709815979,-0.023279279470443726,0.11011107265949249,0.12583737075328827,0.05505165457725525,0.026894569396972656,-0.1489146649837494,-0.14549508690834045
6292,0.1,0,7,0.020390652120113373,3,0.001662086695432663,0.008649075403809547,3,0.0008892491459846497,0.009844815358519554,0.005440040957182646,0.007155160885304213,0.007342068012803793,0.01036975160241127,0.014185313135385513,0.014185313135385513,0.0,0.001365302363410592,0.0037880002055317163,0.0,-0.0019019637256860733,0.00017487071454524994,0.008649075403809547,0.0069869887083768845,0.0020905081182718277,-0.0004612654447555542,-0.015618141740560532,-0.008939746767282486,0.0,-0.0032490845769643784,-0.005177771672606468,0.009844815358519554,0.008955566212534904,0.0033973772078752518,0.004261519759893417,-0.01622086763381958,-0.0129975825548172
6314,0.1,3,7,0.0003660247311927378,5,2.3478030925616622e-05,0.00011404804536141455,3,7.149938028305769e-07,1.9900850020349026e-05,6.498929724330083e-05,9.463988681090996e-05,3.534528877935372e-05,6.206338730407879e-05,0.0001247742329724133,0.00012215226888656616,2.6219640858471394e-06,2.356087316002231e-05,5.204475382925011e-05,0.0,-0.00017634965479373932,8.949742186814547e-05,7.507717236876488e-05,9.057001443579793e-05,0.00011404804536141455,-0.00020029745064675808,-0.00012964382767677307,-0.00015442678704857826,0.0,-3.07442678604275e-05,8.699134923517704e-06,1.9900850020349026e-05,1.4299992471933365e-05,1.918585621751845e-05,-6.1010970966890454e-05,-3.980053588747978e-05,-3.551074769347906e-05
6489,0.1,0,11,0.015546675771474838,4,0.00043780170381069183,0.003464781679213047,3,0.00044063571840524673,0.002415579743683338,0.0025528385303914547,0.003758338512852788,0.003867281600832939,0.005641772877424955,0.005229823291301727,0.004897041246294975,0.000332782045006752,0.0006820446578785777,0.0020234945695847273,0.0,-0.0009778030216693878,-0.001351192593574524,0.003026979975402355,0.003464781679213047,0.001107415184378624,0.0014475192874670029,-0.004841523244976997,-0.004646793007850647,0.0,-0.0004935376346111298,-0.0010958723723888397,0.002415579743683338,0.0019749440252780914,0.0005865544080734253,0.001268991269171238,-0.002908194437623024,-0.001856951043009758
6535,0.1,2,9,0.0003159739135298878,6,4.087729030288756e-05,5.5654702009633183e-05,4,1.1917552910745144e-05,3.789731999859214e-05,3.9673090213909745e-05,5.7776076573645696e-05,3.6848643503617495e-05,5.6256558309542015e-05,8.56880797073245e-05,5.0530070438981056e-05,3.515800926834345e-05,2.149389729311224e-05,5.6478082115063444e-05,0.0,-7.150258170440793e-06,-0.00010295896208845079,1.33473367895931e-05,1.4777411706745625e-05,2.5026092771440744e-06,5.5654702009633183e-05,-3.0269118724390864e-05,-3.7895835703238845e-05,0.0,-1.847141538746655e-05,2.1450978238135576e-06,2.5979767087846994e-05,3.789731999859214e-05,2.0021048840135336e-05,-3.384414594620466e-05,-3.896834095939994e-05,-5.731990677304566e-05
6632,0.1,3,9,0.021394770592451096,6,0.0005410369485616684,0.0012844856828451157,6,0.00488886795938015,0.00815802626311779,0.0038986927829682827,0.005827674642205238,0.009016526862978935,0.01040573138743639,0.008953718468546867,0.008953718468546867,0.0,0.0006968099041841924,0.0021465392783284187,0.0,-3.5239383578300476e-05,-0.0014181286096572876,-0.00037099234759807587,0.0007434487342834473,-0.0010077748447656631,0.0012844856828451157,-2.9170885682106018e-05,-0.001446092501282692,0.0,0.0032691583037376404,-0.01248161867260933,-0.0010547526180744171,0.0022737570106983185,-0.006354784592986107,0.00815802626311779,0.0005810298025608063,-0.003465743735432625
6775,0.1,2,15,6.078521251678467,6,0.0689096450805664,0.1798691749572754,8,0.027420520782470703,0.38599538803100586,0.2580357789993286,0.37438997626304626,0.3376532793045044,0.5381260514259338,0.5714449882507324,0.5093107223510742,0.0621342658996582,0.12151026725769043,0.273306667804718,0.0,0.074951171875,-0.13280677795410156,-0.0600743293762207,-0.08123254776000977,-0.07685613632202148,0.1798691749572754,0.09004354476928711,0.11095952987670898,0.0,0.25827646255493164,-0.14348220825195312,-0.35787200927734375,-0.39735937118530273,-0.33428144454956055,0.07121467590332031,0.35857486724853516,0.38599538803100586
6781,0.1,1,9,0.5390524864196777,5,0.0018146634101867676,0.0168989896774292,5,0.018313556909561157,0.11057323217391968,0.11329711973667145,0.14364095032215118,0.20413684844970703,0.2466958910226822,0.1289120316505432,0.1289120316505432,0.0,0.03044382855296135,0.09728582203388214,0.0,-0.01867741346359253,0.015084326267242432,0.008870363235473633,0.008490800857543945,0.0168989896774292,-0.02145397663116455,-0.012845158576965332,-0.013948023319244385,0.0,-0.0990062952041626,0.06058788299560547,0.0543401837348938,0.09225967526435852,0.11057323217391968,-0.07536435127258301,-0.06548267602920532,-0.11223232746124268
6925,0.1,0,11,0.04590996727347374,4,0.0005802810192108154,0.011024713516235352,6,0.0001803264021873474,0.0062582828104496,0.010622343979775906,0.014735476113855839,0.014035115949809551,0.01788399927318096,0.015516843646764755,0.01410113275051117,0.0014157108962535858,0.003511895192787051,0.008494039066135883,0.0,-0.005356747657060623,-0.010118730366230011,0.010444432497024536,0.011024713516235352,0.005765274167060852,0.008424375206232071,-0.01510939747095108,-0.014904249459505081,0.0,-0.001878064125776291,-0.006333749741315842,0.006077956408262253,0.004840049892663956,0.0022451095283031464,0.0062582828104496,-0.006876904517412186,-0.004733555018901825
6928,0.1,0,10,0.005490580108016729,4,0.0004462520591914654,0.0012982063926756382,4,0.00018016481772065163,0.0005194125697016716,0.0008121997234411538,0.0010611348552629352,0.00066883594263345,0.0011917705414816737,0.0018532138783484697,0.0018532138783484697,0.0,0.00018443100270815194,0.0006623478839173913,0.0,-0.0005731754936277866,-0.00019796984270215034,0.0008519543334841728,0.0012982063926756382,0.0005470509640872478,0.00019824597984552383,-0.0014797947369515896,-0.0026031932793557644,0.0,-0.00036935415118932724,2.821674570441246e-05,0.00033924775198102,0.0005194125697016716,0.00029631657525897026,-6.840471178293228e-05,-0.0006615640595555305,-0.0012385044246912003
6940,0.1,3,9,0.012942126020789146,5,0.00020517129451036453,0.0032766489312052727,6,0.0007401071488857269,0.00408889539539814,0.0027203653007745743,0.004546800162643194,0.004570296034216881,0.006336846388876438,0.006356446072459221,0.005519637372344732,0.0008368087001144886,0.0005718694883398712,0.0017149202758446336,0.0,-0.00438816100358963,0.00136609748005867,0.002542569302022457,0.003071477636694908,0.0032766489312052727,-0.0022993404418230057,-0.004130255430936813,-0.005153398960828781,0.0,-0.0008952338248491287,-0.005662880837917328,0.001712009310722351,0.003348788246512413,0.0007240902632474899,0.00408889539539814,-0.002388564869761467,-0.005292821675539017
6998,0.1,0,9,0.0354699045419693,4,0.0016367193311452866,0.010462535545229912,3,0.00036999955773353577,0.009824676439166069,0.009360676631331444,0.01268917229026556,0.009204120375216007,0.011810669675469398,0.01776992529630661,0.017517218366265297,0.00025270693004131317,0.002068615285679698,0.006315669044852257,0.0,-0.002298116683959961,-0.0022680386900901794,0.008825816214084625,0.010462535545229912,0.0025669485330581665,0.0025235749781131744,-0.014245983213186264,-0.01380942016839981,0.0,-0.002653788775205612,-0.003124956041574478,0.009824676439166069,0.009454676881432533,0.0030800439417362213,0.0035776980221271515,-0.014675784856081009,-0.011304568499326706
7025,0.1,0,10,0.01231377199292183,4,0.00045870617032051086,0.0026920968666672707,4,0.001088205724954605,0.0034299390390515327,0.002189998747780919,0.002721573691815138,0.002149980515241623,0.002928500296548009,0.005344226025044918,0.005344226025044918,0.0,0.0003169354167766869,0.0009823041036725044,0.0,-0.0006214110180735588,-0.0006477702409029007,0.00223339069634676,0.0026920968666672707,0.0006738770753145218,0.0006887242197990417,-0.003809494897723198,-0.0039405133575201035,0.0,-0.0006269412115216255,-0.0007150778546929359,0.0023417333140969276,0.0034299390390515327,0.0007013315334916115,0.0007622530683875084,-0.0038934797048568726,-0.004801031202077866
7112,0.1,0,11,0.26720696687698364,3,0.0013164281845092773,0.03532892465591431,6,0.029544562101364136,0.04383465647697449,0.09325326979160309,0.12623867392539978,0.11570776998996735,0.14614753425121307,0.07339057326316833,0.056784361600875854,0.01660621166229248,0.0176873616874218,0.05243418365716934,0.0,-0.017220884561538696,-0.02451387047767639,0.03532892465591431,0.03401249647140503,0.01907534897327423,0.015036284923553467,-0.04267248511314392,-0.03668096661567688,0.0,-0.00028458237648010254,-0.04019665718078613,0.014290094375610352,0.009736597537994385,0.00041559338569641113,0.04383465647697449,-0.01327580213546753,-0.007470667362213135
7249,0.1,0,10,0.004525657277554274,4,0.0003511859104037285,0.0009611034765839577,4,4.023313522338867e-05,0.00011131959035992622,0.0006894351099617779,0.0008159112767316401,0.0006368569447658956,0.0009743185946717858,0.0010292886290699244,0.0010292886290699244,0.0,0.00016436746227554977,0.0003913242253474891,0.0,-0.00036567728966474533,4.2366329580545425e-05,0.0006099175661802292,0.0009611034765839577,0.00039002904668450356,-6.182584911584854e-05,-0.0009011374786496162,-0.0014600111171603203,0.0,-2.978602424263954e-05,-6.384309381246567e-05,1.3647135347127914e-05,0.00011131959035992622,5.22146001458168e-06,7.108645513653755e-05,-0.00011996924877166748,-0.0004960405640304089
7435,0.1,0,11,0.05497099459171295,4,0.0005197934806346893,0.007828116416931152,4,0.001471731811761856,0.01746967062354088,0.009460872039198875,0.014687704853713512,0.01943897269666195,0.02597207948565483,0.023269791156053543,0.023269791156053543,0.0,0.004098615609109402,0.009900927543640137,0.0,-0.001938849687576294,-0.0025892145931720734,0.007308322936296463,0.007828116416931152,0.0023335106670856476,0.003092341125011444,-0.009863361716270447,-0.008788429200649261,0.0,-0.007177557796239853,-0.013176895678043365,0.015997938811779022,0.01746967062354088,0.007995523512363434,0.013544056564569473,-0.02162069082260132,-0.02013377845287323
7559,0.1,0,11,0.007377286441624165,4,0.00013598566874861717,0.0019647195003926754,3,0.00023777084425091743,0.0012814211659133434,0.0014275761786848307,0.002070930553600192,0.0019072785507887602,0.002713102614507079,0.0029380256310105324,0.002823979128152132,0.00011404650285840034,0.0004874923324678093,0.0011910528410226107,0.0,-0.0005351956933736801,-0.000860266387462616,0.0018287338316440582,0.0019647195003926754,0.0005963398143649101,0.000905302818864584,-0.0027139512822031975,-0.002371302805840969,0.0,-0.00025083497166633606,-0.0008004400879144669,0.0012814211659133434,0.001043650321662426,0.0002963496372103691,0.0008901422843337059,-0.00158783420920372,-0.0010152561590075493
7577,0.1,0,11,0.009866871871054173,3,0.00021633226424455643,0.00159420445561409,3,0.0004626307636499405,0.001841684803366661,0.0020464251283556223,0.0030247014947235584,0.0026231242809444666,0.0033681117929518223,0.0030905427411198616,0.0030905427411198616,0.0,0.0006123082130216062,0.0024148940574377775,0.0,-0.0007457267493009567,-0.001360887661576271,0.00159420445561409,0.0013778721913695335,0.0007115555927157402,0.0006189513951539993,-0.0029121413826942444,-0.00249694287776947,0.0,-0.0007466701790690422,-0.0016910098493099213,0.001841684803366661,0.0013790540397167206,0.0007541989907622337,0.001220795325934887,-0.0024927034974098206,-0.001715049147605896
7642,0.1,0,17,11.637077331542969,7,0.0019102096557617188,0.4157228469848633,7,0.058597564697265625,0.195831298828125,0.45147252082824707,0.5995100736618042,0.4296758770942688,0.5840954780578613,0.6209115982055664,0.6209115982055664,0.0,0.1268644779920578,0.2773101329803467,0.0,0.09755229949951172,0.07395267486572266,-0.3521757125854492,-0.4198141098022461,-0.1176605224609375,-0.08403873443603516,0.4157228469848633,0.41381263732910156,0.0,0.03928947448730469,0.059479713439941406,-0.15941905975341797,-0.13759231567382812,-0.0455169677734375,-0.0691232681274414,0.195831298828125,0.13723373413085938
7657,0.1,3,14,1.9360377788543701,1,0.16916096210479736,0.2819995880126953,1,0.09046125411987305,0.16547489166259766,0.24763819575309753,0.4044163227081299,0.4393492639064789,0.5900712609291077,0.43562138080596924,0.43562138080596924,0.0,0.13003532588481903,0.36355721950531006,0.0,0.2819995880126953,-0.09644007682800293,-0.020757555961608887,-0.06341552734375,-0.30962610244750977,0.11283862590789795,0.02801203727722168,0.07131350040435791,0.0,0.16547489166259766,0.025202155113220215,-0.06400513648986816,-0.05099749565124512,-0.20344090461730957,-0.03341472148895264,0.07501363754272461,0.05928182601928711
7659,0.1,2,9,0.01446464005857706,4,0.0015877122059464455,0.003071865066885948,7,0.00047285296022892,0.002568262629210949,0.005101088900119066,0.006161101628094912,0.004882231820374727,0.006740228272974491,0.005032246001064777,0.002449292689561844,0.0025829533115029335,0.0011678203009068966,0.0024423948489129543,0.0,-0.0011848462745547295,-0.0005246056243777275,0.0014841528609395027,0.003071865066885948,0.0013010716065764427,0.00047562457621097565,-0.001960870809853077,-0.004231280647218227,0.0,0.0015944167971611023,-0.002081296406686306,-0.0030414899811148643,-0.001064077951014042,-0.002410958521068096,0.002095409668982029,0.002568262629210949,0.0007423888891935349
7701,0.1,0,11,0.07437431812286377,4,0.0003498494625091553,0.022357475012540817,4,0.0037816017866134644,0.02635049819946289,0.028356146067380905,0.03399268910288811,0.024704525247216225,0.03165823221206665,0.040967173874378204,0.040967173874378204,0.0,0.003526798915117979,0.014966931194067001,0.0,-0.023139260709285736,0.022007625550031662,0.018473785370588303,0.022357475012540817,0.02077518403530121,-0.03849456459283829,-0.028392083942890167,-0.035090282559394836,0.0,-0.017133034765720367,-0.010174818336963654,0.022568896412849426,0.02635049819946289,0.016198135912418365,0.009875193238258362,-0.037747181951999664,-0.04444111883640289
7740,0.1,2,2,4.466685771942139,4,0.11591815948486328,0.16261911392211914,6,0.020681381225585938,0.13739728927612305,0.44123101234436035,0.621959924697876,0.45025819540023804,0.6368389129638672,0.319122314453125,0.1229705810546875,0.1961517333984375,0.17522652447223663,0.3923218250274658,0.0,-0.031427860260009766,0.023262500762939453,-0.01922464370727539,0.16261911392211914,0.04670095443725586,-0.019498348236083984,0.02219390869140625,-0.14584970474243164,0.0,0.08782529830932617,-0.09127664566040039,-0.05825519561767578,-0.10008478164672852,-0.09800291061401367,0.13739728927612305,0.07889175415039062,0.11671590805053711
7864,0.1,2,9,0.0003364712174516171,4,2.4311942979693413e-05,7.066983380354941e-05,4,2.3834581952542067e-06,2.9077724320814013e-05,6.528311496367678e-05,7.809461385477334e-05,3.619250492192805e-05,7.413195999106392e-05,9.367137681692839e-05,9.367137681692839e-05,0.0,1.128027361119166e-05,2.8657012080657296e-05,0.0,-4.015921149402857e-05,1.2393691577017307e-05,4.6357890823855996e-05,7.066983380354941e-05,3.980330075137317e-05,-2.3476051865145564e-05,-7.197560626082122e-05,-0.00011975786765106022,0.0,-1.7994374502450228e-05,-4.409230314195156e-06,2.6694266125559807e-05,2.9077724320814013e-05,1.7041340470314026e-05,-5.600915756076574e-06,-4.1231687646359205e-05,-4.766654456034303e-05
7967,0.1,2,9,0.0010305099422112107,4,5.693075945600867e-05,0.00015839753905311227,4,1.4649529475718737e-05,0.0001375543070025742,0.00019068262190558016,0.00025665838620625436,0.00020420369401108474,0.00033253300352953374,0.0002709584659896791,0.0002709584659896791,0.0,6.906087219249457e-05,0.00020987153402529657,0.0,-8.478609379380941e-05,-9.169685654342175e-06,0.0001014667795971036,0.00015839753905311227,8.503132266923785e-05,-7.502501830458641e-06,-0.00014551321510225534,-0.00024600245524197817,0.0,8.812407031655312e-06,-0.0001216990640386939,3.2630166970193386e-05,0.0001375543070025742,-1.3933051377534866e-05,0.00012290477752685547,-4.465645179152489e-05,-0.00017456558998674154
8110,0.1,3,14,1.9779574871063232,1,0.03197908401489258,0.14197564125061035,2,0.027247071266174316,0.09803175926208496,0.25611573457717896,0.4378321170806885,0.4081926941871643,0.5946822166442871,0.22852599620819092,0.16385400295257568,0.06467199325561523,0.1498733013868332,0.31149932742118835,0.0,0.14197564125061035,-0.07310318946838379,-0.03114628791809082,-0.05860471725463867,-0.09377479553222656,0.10999655723571777,0.05369734764099121,0.08552706241607666,0.0,0.010017991065979004,0.09803175926208496,-0.039398193359375,-0.06479144096374512,-0.0378727912902832,-0.13116073608398438,0.044531822204589844,0.07078468799591064
8197,0.1,0,11,0.013902844861149788,6,0.00036946311593055725,0.0003970908001065254,8,3.965850919485092e-05,0.0010275617241859436,0.00347345182672143,0.00473689753562212,0.004716194700449705,0.006132793612778187,0.0014061061665415764,0.0008376371115446091,0.0005684690549969673,0.0010569336591288447,0.0021806014701724052,0.0,2.762768417596817e-05,-0.0004077441990375519,-3.5297125577926636e-07,-0.00042584165930747986,-8.699297904968262e-05,0.0003970908001065254,-0.0005740150809288025,-0.00015458371490240097,0.0,0.0003447551280260086,0.00022727623581886292,-0.0013966178521513939,-0.0016579153016209602,-0.0004762532189488411,-0.00033805519342422485,0.0009879032149910927,0.0010275617241859436
8332,0.1,1,12,0.0010877889581024647,4,4.847743548452854e-05,0.0002724914229474962,6,0.00013814924750477076,0.00019102205988019705,0.0002681287005543709,0.00037577294278889894,0.0002362197992624715,0.0003421089786570519,0.00041424494702368975,0.0002721340861171484,0.00014211086090654135,7.062413351377472e-05,0.00014436706260312349,0.0,-0.00030991644598543644,0.00013504549860954285,0.00021555746207013726,0.0002724914229474962,0.00022401398746296763,-0.00025003612972795963,-0.00043026136700063944,-0.0005660636816173792,0.0,5.287281237542629e-05,-0.0002255114959552884,-9.335414506494999e-05,2.262531779706478e-06,-0.00010895193554461002,0.00019102205988019705,2.1791784092783928e-05,-9.156810119748116e-05
8362,0.1,1,12,0.0019378946162760258,3,3.0957162380218506e-06,0.0007268658373504877,3,6.190990097820759e-05,0.0006941234460100532,0.0005008709849789739,0.0006535423453897238,0.00042404356645420194,0.000605313980486244,0.0011634533293545246,0.0011634533293545246,0.0,0.00015252825687639415,0.00033588355290703475,0.0,-0.00023780972696840763,-0.00011171447113156319,0.0007268658373504877,0.0007237701211124659,0.00024702982045710087,4.9615278840065e-05,-0.0012066655326634645,-0.0010956674814224243,0.0,-0.00022103753872215748,4.7354609705507755e-05,0.0006941234460100532,0.0006322135450318456,0.00023596221581101418,-0.00011730589903891087,-0.0010023671202361584,-0.0007960062939673662
8379,0.1,3,12,0.004336121492087841,5,0.0004805901553481817,0.000982077093794942,5,0.0003013999667018652,0.0014565985184162855,0.0013555320911109447,0.0018134047277271748,0.0015693921595811844,0.0019535485189408064,0.002042425563558936,0.002042425563558936,0.0,0.00012972606054972857,0.0003478551807347685,0.0,-0.00180109404027462,0.0004398559685796499,0.0003980584442615509,0.0005014869384467602,0.000982077093794942,-0.0007728710770606995,-0.000661022961139679,-0.0008448595181107521,0.0,-0.0025165751576423645,0.0011551985517144203,0.0006911535747349262,0.000986591912806034,0.0014565985184162855,-0.0021340856328606606,-0.0012104157358407974,-0.0017977766692638397
8450,0.1,0,12,0.159938782453537,4,0.013781130313873291,0.07089746743440628,4,0.0024680644273757935,0.023477867245674133,0.056913625448942184,0.07194685190916061,0.04249109327793121,0.055296674370765686,0.08458378911018372,0.08458378911018372,0.0,0.007028302643448114,0.018931174650788307,0.0,-0.0355205237865448,0.005665227770805359,0.05711633712053299,0.07089746743440628,0.03504800796508789,-0.007830977439880371,-0.08882345259189606,-0.10392847657203674,0.0,0.00031407177448272705,-0.01979033648967743,0.012383446097373962,0.023477867245674133,-0.001904502511024475,0.02100980281829834,-0.018370136618614197,-0.03270071744918823
8461,0.1,2,12,0.04801439121365547,6,0.007419321686029434,0.012124046683311462,6,0.0008331090211868286,0.009368721395730972,0.01656300574541092,0.02132854424417019,0.015968555584549904,0.02203821763396263,0.018592311069369316,0.018592311069369316,0.0,0.002578886691480875,0.010728617198765278,0.0,0.003069855272769928,-0.015636537224054337,-0.006487898528575897,0.004704724997282028,-0.00548790767788887,0.012124046683311462,0.00352264940738678,-0.008175022900104523,0.0,0.0049569271504879,-0.010301358997821808,-0.010339256376028061,-0.003719605505466461,-0.007535383105278015,0.009368721395730972,0.008535612374544144,0.0025303512811660767
8655,0.1,3,12,0.0030299965292215347,5,7.052789442241192e-05,0.0007543789688497782,5,0.00038528931327164173,0.0013805474154651165,0.0007510281866416335,0.001009361702017486,0.0012222578516229987,0.001653201412409544,0.0018196820747107267,0.0018196820747107267,0.0,0.0001026705140247941,0.0003631845465861261,0.0,-0.0010203891433775425,0.00025888578966259956,0.0006318800151348114,0.0006838510744273663,0.0007543789688497782,-0.0005516621749848127,-0.001051614060997963,-0.0011312742717564106,0.0,-0.002459042239934206,0.0008602396119385958,0.0009952581021934748,0.0009549290407449007,0.0013805474154651165,-0.0018494748510420322,-0.0018685739487409592,-0.0016454122960567474
8895,0.1,3,12,0.0002479245886206627,5,1.1680109309963882e-05,4.862651985604316e-05,8,2.8603244572877884e-06,4.409666871652007e-06,4.84717202198226e-05,7.589653978357092e-05,3.30968396156095e-05,5.994921230012551e-05,5.220208549872041e-05,3.3966804039664567e-05,1.823528145905584e-05,1.3962819139123894e-05,3.7812398659298196e-05,0.0,-5.8992241974920034e-05,1.167968730442226e-05,2.7411719202063978e-05,3.694641054607928e-05,4.862651985604316e-05,-2.07370612770319e-05,-3.9328529965132475e-05,-5.398696521297097e-05,0.0,-9.77268791757524e-06,1.5493424143642187e-06,-3.4561962820589542e-06,-8.342554792761803e-06,-1.47781684063375e-05,-1.1679541785269976e-05,1.1918018572032452e-07,4.409666871652007e-06
8971,0.1,2,12,0.00943688116967678,6,0.0006578266620635986,0.0011488450691103935,5,0.0002696937881410122,0.003997637424618006,0.002165126148611307,0.0027611716650426388,0.0038804435171186924,0.004725919105112553,0.004652317147701979,0.003795864060521126,0.0008564530871808529,0.0006366850575432181,0.0015048785135149956,0.0,0.0004910184070467949,-0.001294722780585289,5.810149013996124e-05,6.731320172548294e-05,-0.0009496985003352165,0.0011488450691103935,-0.0001244591549038887,-0.0002468954771757126,0.0,-0.005591587163507938,0.0016219764947891235,0.0024157222360372543,0.0037279436364769936,0.003997637424618006,-0.002341807819902897,-0.0038572708144783974,-0.006803447380661964
9033,0.1,2,12,0.01781943254172802,4,0.001234559342265129,0.002842634916305542,6,0.0006108218804001808,0.0022374289110302925,0.005710805766284466,0.007186714094132185,0.0060082715936005116,0.008241762407124043,0.004643628373742104,0.004193957895040512,0.0004496704787015915,0.0013895963784307241,0.003685619216412306,0.0,-0.002124231308698654,0.00016232021152973175,0.0011691469699144363,0.002842634916305542,0.001608075574040413,-0.0005677919834852219,-0.0019103623926639557,-0.004555603489279747,0.0,0.0005088299512863159,-0.0025345422327518463,-7.646530866622925e-05,0.0016266070306301117,-0.0010284613817930222,0.0022374289110302925,-0.0001843031495809555,-0.0023420248180627823
9209,0.1,0,12,0.2443111389875412,1,0.011975973844528198,0.02524493634700775,1,0.02776956558227539,0.051500096917152405,0.07798467576503754,0.09749950468540192,0.09006218612194061,0.1184832751750946,0.07153764367103577,0.07153764367103577,0.0,0.01239096187055111,0.026431690901517868,0.0,0.02524493634700775,-0.011731460690498352,-0.011731460690498352,-0.011731460690498352,-0.0359012633562088,0.013268962502479553,0.013268962502479553,0.013268962502479553,0.0,0.051500096917152405,-0.021728143095970154,-0.021727964282035828,-0.02172805368900299,-0.08021239936351776,0.023730531334877014,0.023730427026748657,0.023730427026748657
9238,0.1,0,12,0.12615643441677094,4,0.0029625222086906433,0.010959610342979431,3,0.0034822002053260803,0.026441842317581177,0.033729590475559235,0.043537963181734085,0.05471020191907883,0.061419229954481125,0.033658646047115326,0.03204327076673508,0.001615375280380249,0.0063054682686924934,0.020473267883062363,0.0,-0.003929615020751953,0.0015089437365531921,0.007997088134288788,0.010959610342979431,0.004176199436187744,-0.0023681074380874634,-0.013964608311653137,-0.018325388431549072,0.0,-0.01583997905254364,0.014668025076389313,0.026441842317581177,0.022959642112255096,0.01710403710603714,-0.021002724766731262,-0.037089601159095764,-0.024238407611846924
9250,0.1,0,12,0.0004530118894763291,4,6.0297345044091344e-05,0.00010915222810581326,4,6.7921646405011415e-06,5.028481245972216e-05,8.614731632405892e-05,0.00013141310773789883,6.745038263034075e-05,9.510832751402631e-05,0.00014692929107695818,0.00014692929107695818,0.0,2.4954264517873526e-05,4.808979429071769e-05,0.0,-2.109026536345482e-05,-3.932102117687464e-06,4.885488306172192e-05,0.00010915222810581326,2.109070192091167e-05,-9.53237758949399e-07,-9.90131520666182e-05,-0.0001407124800607562,0.0,-1.6919890185818076e-05,3.574823495000601e-07,4.349264781922102e-05,5.028481245972216e-05,1.7039361409842968e-05,-3.4554977901279926e-06,-8.817104389891028e-05,-5.3260999266058207e-05
9256,0.1,2,12,0.00032395837479270995,4,4.0518061723560095e-06,8.81866435520351e-06,4,2.502798452042043e-06,8.497231465298682e-05,5.15308856847696e-05,7.598015508847311e-05,0.00010459596524015069,0.00013828332885168493,0.0001083320239558816,0.00010177693911828101,6.555084837600589e-06,1.8783748600981198e-05,3.5826669773086905e-05,0.0,-1.0486954124644399e-05,-7.507711416110396e-06,7.150229066610336e-07,8.81866435520351e-06,4.7668581828475e-06,-9.533541742712259e-07,-2.9911374440416694e-05,-5.517448880709708e-05,0.0,-0.000257613806752488,-1.0486954124644399e-05,6.804877193644643e-05,8.497231465298682e-05,8.246951620094478e-05,-3.9444712456315756e-05,-0.00015681629884056747,-0.0001882719516288489
9271,0.1,0,19,1.063692331314087,6,0.008096575736999512,0.0364304780960083,8,0.01149606704711914,0.18798524141311646,0.19945847988128662,0.2779208719730377,0.4855090081691742,0.6664403080940247,0.22392266988754272,0.20656830072402954,0.017354369163513184,0.08622733503580093,0.20652078092098236,0.0,0.02833390235900879,-0.023653268814086914,-0.007983684539794922,-0.00934147834777832,-0.023157715797424316,0.0364304780960083,0.015354633331298828,0.01783013343811035,0.0,0.17648917436599731,-0.1562100648880005,-0.06806910037994385,-0.1875009536743164,-0.23607802391052246,0.16395336389541626,0.07757359743118286,0.18798524141311646
9327,0.1,3,12,0.0004717191040981561,5,2.8360576834529638e-05,9.02029569260776e-05,5,4.790350794792175e-05,0.0001072435115929693,0.00011588921915972605,0.0001443405490135774,0.0001326919737039134,0.00016878267342690378,0.0001781497267074883,0.0001781497267074883,0.0,1.2192025678814389e-05,4.44946599600371e-05,0.0,-0.0001308215141762048,7.864146027714014e-06,5.81484055146575e-05,6.184238009154797e-05,9.02029569260776e-05,-1.7157901311293244e-05,-8.805023389868438e-05,-9.210107964463532e-05,0.0,-0.00013165545533411205,4.837731830775738e-05,1.0962161468341947e-05,5.9340003645047545e-05,0.0001072435115929693,-7.017867756076157e-05,-1.95409229490906e-05,-8.376108598895371e-05
9527,0.1,3,12,0.005243122112005949,4,0.00010423269122838974,0.0011511826887726784,4,0.0007556846830993891,0.0021788976155221462,0.0011976200621575117,0.0018270727014169097,0.002601346466690302,0.003364153206348419,0.002817772328853607,0.002817772328853607,0.0,0.00022593702306039631,0.0006897673010826111,0.0,-0.0002952353097498417,-0.0015423237346112728,0.000678185373544693,0.0011511826887726784,0.00013946695253252983,0.0010469499975442886,-0.0011215489357709885,-0.001746075227856636,0.0,-0.0013165036216378212,-0.00172488484531641,0.0014232129324227571,0.0021788976155221462,0.0010652313940227032,0.0012399912811815739,-0.002365478780120611,-0.0040904260240495205
9611,0.1,0,12,0.0011075560469180346,3,3.156607272103429e-05,0.0003514590207487345,3,8.528109174221754e-05,0.000297023041639477,0.00022710117627866566,0.00031184672843664885,0.0002764305972959846,0.00037199538201093674,0.0005588670610450208,0.0005588670610450208,0.0,5.6912969739641994e-05,0.00015525706112384796,0.0,-6.94196205586195e-05,-6.834801752120256e-05,0.0003514590207487345,0.0003198929480277002,7.85941956564784e-05,7.704610470682383e-05,-0.0005890210159122944,-0.0003991865087300539,0.0,-5.441682878881693e-05,-4.7510722652077675e-05,0.000297023041639477,0.00021174194989725947,6.370851770043373e-05,5.596794653683901e-05,-0.00036550057120621204,-0.0002069349866360426
9614,0.1,3,12,0.0012823462020605803,3,5.239504389464855e-06,0.000201821094378829,3,6.454694084823132e-05,0.000315906829200685,0.0002481699630152434,0.00034310235059820116,0.0002565305621828884,0.00034057750599458814,0.0004693118389695883,0.0004693118389695883,0.0,0.00010657353413989767,0.00023909153242129833,0.0,-0.00026153295766562223,4.524132236838341e-06,0.000201821094378829,0.00017693359404802322,0.00019658158998936415,-6.119324825704098e-05,-0.0003271138994023204,-0.000269745709374547,0.0,-0.00028224324341863394,-0.00018606800585985184,0.000315906829200685,0.0002513598883524537,0.00023849867284297943,0.0001522848615422845,-0.0005225216737017035,-0.0003734106430783868
9706,0.1,0,12,0.012215210124850273,4,0.0001912349835038185,0.0031243907287716866,4,0.00017685070633888245,0.002597549930214882,0.0036503267474472523,0.004598061554133892,0.004293643869459629,0.005271837115287781,0.0050758011639118195,0.0050758011639118195,0.0,0.0006371338968165219,0.001498553087003529,0.0,-0.0006058188155293465,-0.0003674672916531563,0.002933155745267868,0.0031243907287716866,0.0007010474801063538,0.0004242686554789543,-0.004338933154940605,-0.003481101244688034,0.0,-0.0004857676103711128,-0.0009697703644633293,0.0024206992238759995,0.002597549930214882,0.000576728954911232,0.0011059259995818138,-0.0030539631843566895,-0.002661408856511116
9723,0.1,3,12,0.0006320862448774278,5,1.2152770068496466e-05,9.805202716961503e-05,4,1.8943333998322487e-05,6.51683658361435e-05,0.00011155180254718289,0.00015394482761621475,0.0001649857877055183,0.00024813320487737656,0.00015226477989926934,0.00014154112432152033,1.0723655577749014e-05,2.1210729755694047e-05,5.182746463106014e-05,0.0,-0.0001828539534471929,-2.9783695936203003e-06,6.981490878388286e-05,8.589925710111856e-05,9.805202716961503e-05,-2.192042302340269e-05,-0.00010804866906255484,-0.00013068143744021654,0.0,-5.968433106318116e-05,-4.455511225387454e-05,4.622503183782101e-05,6.51683658361435e-05,2.7401139959692955e-05,3.109441604465246e-05,-6.623630179092288e-05,-9.172898717224598e-05
9898,0.1,3,12,0.006951433606445789,4,3.7262216210365295e-05,0.002437880728393793,5,0.00030484795570373535,0.003297913819551468,0.0019450827967375517,0.0025119243655353785,0.0029097720980644226,0.003572908928617835,0.004577102139592171,0.004468171391636133,0.00010893074795603752,0.00025834678672254086,0.000718355702701956,0.0,-0.002658315934240818,0.0018990160897374153,0.002400618512183428,0.002437880728393793,0.002233310602605343,-0.0034997956827282906,-0.00422009639441967,-0.004119770601391792,0.0,-0.0053513869643211365,0.0028653116896748543,0.002831357531249523,0.0029930658638477325,0.003297913819551468,-0.0059457384049892426,-0.005566849373281002,-0.00591008085757494
9921,0.1,3,12,0.0015758965164422989,4,1.5720201190561056e-05,0.0006007633055560291,6,0.00023454357869923115,0.00041999632958322763,0.000428769359132275,0.0005703178467229009,0.0002491391496732831,0.0004711149958893657,0.0008569653728045523,0.0006292269681580365,0.00022773840464651585,0.00010703531006583944,0.00027125218184664845,0.0,-0.0007853528950363398,0.00016700115520507097,0.00047000765334814787,0.0006007633055560291,0.000585043104365468,-0.00024931912776082754,-0.0008218633010983467,-0.0011413604952394962,0.0,0.0001854527508839965,-0.0006101564504206181,-6.11752038821578e-05,4.48721693828702e-05,-0.0003754425561055541,0.00041999632958322763,2.6185065507888794e-05,-0.0001033054431900382
10061,0.1,1,18,2.4604110717773438,7,0.0005037784576416016,0.02174830436706543,6,0.015778541564941406,0.16800975799560547,0.39983507990837097,0.5039712190628052,0.3937141001224518,0.5223785042762756,0.1879425048828125,0.156768798828125,0.0311737060546875,0.11996450275182724,0.3303009867668152,0.0,0.005880832672119141,-0.0013051033020019531,-0.02314281463623047,-0.02508544921875,-0.032297611236572266,-0.015795230865478516,0.02174830436706543,0.021244525909423828,0.0,0.15223121643066406,-0.12668752670288086,-0.04264259338378906,-0.11427855491638184,-0.1592254638671875,0.16800975799560547,0.05115461349487305,0.13962483406066895
10105,0.1,3,12,0.025080380961298943,5,0.00045138224959373474,0.0021955911070108414,1,0.00038314051926136017,0.004035145044326782,0.008753912523388863,0.01130345743149519,0.009060676209628582,0.01194590050727129,0.006070710718631744,0.001894218847155571,0.004176491871476173,0.0014452470932155848,0.0036125241313129663,0.0,-0.0037818755954504013,0.0012591555714607239,0.0008413549512624741,0.0017442088574171066,0.0021955911070108414,-0.002349458634853363,-0.001537822186946869,-0.0029098503291606903,0.0,0.004035145044326782,-0.004274444654583931,-0.0035234540700912476,-0.002083124592900276,-0.006856856867671013,0.003652004525065422,0.0032515153288841248,0.0017602797597646713
10171,0.1,2,12,0.001542688929475844,4,2.916622906923294e-05,0.0001876017777249217,4,6.490875966846943e-05,0.0006467557395808399,0.0003274117480032146,0.0004340553132351488,0.0005277797463349998,0.0006968217785470188,0.0007694388623349369,0.0007694388623349369,0.0,8.677564619574696e-05,0.00018292675667908043,0.0,-0.0002098199911415577,0.00012748443987220526,0.00012950808741152287,0.0001876017777249217,0.00015843554865568876,-0.0003315501380711794,-0.0002449245657771826,-0.0003822369035333395,0.0,-0.0007424437208101153,0.00014700728934258223,0.0005818469799123704,0.0006467557395808399,0.000560290995053947,-0.00024635251611471176,-0.0011097731767222285,-0.0012293729232624173
10229,0.1,3,12,0.004262291360646486,5,0.00017054518684744835,0.001999281346797943,4,1.3078097254037857e-05,0.0015944922342896461,0.0015575634315609932,0.001982665853574872,0.0017626893240958452,0.002335944212973118,0.0028350637294352055,0.002816612832248211,1.8450897186994553e-05,0.00018592411652207375,0.0005371206207200885,0.0,-0.0031761713325977325,0.0015373069327324629,0.001758100464940071,0.0018287361599504948,0.001999281346797943,-0.003115350380539894,-0.0037423190660774708,-0.003894979599863291,0.0,-0.0022344463504850864,-0.0005487287417054176,0.0014548040926456451,0.0015944922342896461,0.0015814141370356083,-0.0005380515940487385,-0.0025651869364082813,-0.0028685955330729485
10417,0.1,1,12,0.03062622807919979,5,0.002111980691552162,0.005805715918540955,5,0.0036109890788793564,0.008398782461881638,0.01216580718755722,0.015087628737092018,0.009644906967878342,0.012614062055945396,0.012675413861870766,0.012675413861870766,0.0,0.0011451835744082928,0.00610361760482192,0.0,-0.005838984623551369,0.002783454954624176,0.003121929243206978,0.0036937352269887924,0.005805715918540955,-0.0037415344268083572,-0.004257300868630409,-0.00513874925673008,0.0,-0.009957091882824898,0.0030689314007759094,0.003942791372537613,0.004787793383002281,0.008398782461881638,-0.004314744845032692,-0.005722774192690849,-0.007168537005782127
10421,0.1,0,12,0.19662104547023773,4,0.007266893982887268,0.06098073720932007,3,0.0017263144254684448,0.025444000959396362,0.05866196006536484,0.07416196912527084,0.05684347078204155,0.07371573895215988,0.07874826341867447,0.07758164405822754,0.00116661936044693,0.0073020881973207,0.027386534959077835,0.0,-0.01434500515460968,-0.016874045133590698,0.0537138432264328,0.06098073720932007,0.015652388334274292,0.018636733293533325,-0.08461959660053253,-0.07834358513355255,0.0,-0.009093016386032104,0.000793948769569397,0.025444000959396362,0.023717686533927917,0.009895041584968567,-0.0015436559915542603,-0.03505438566207886,-0.02499517798423767
10464,0.1,3,12,0.0012837749673053622,2,2.4533946998417377e-05,0.00035330263199284673,2,6.669544382020831e-05,0.0003911766689270735,0.00024201019550673664,0.00042771227890625596,0.000279892556136474,0.0004676973621826619,0.0006441833102144301,0.0006441833102144301,0.0,9.234585013473406e-05,0.00019661436090245843,0.0,-0.0004061376675963402,0.00035330263199284673,0.0001774097327142954,0.0002699372125789523,0.00032876868499442935,-0.0006864812457934022,-0.0002834328915923834,-0.00044291047379374504,0.0,-0.0004106600536033511,0.0003911766689270735,0.0001483552623540163,0.00032448122510686517,0.0003212656592950225,-0.0008133001392707229,-0.00022475305013358593,-0.000557980383746326
10478,0.1,3,12,0.004782309755682945,4,2.9424671083688736e-05,7.652631029486656e-05,3,7.80690461397171e-05,8.684862405061722e-05,0.0014048365410417318,0.001810604240745306,0.0014130568597465754,0.0022412571124732494,0.0001676534302532673,7.51023180782795e-05,9.255111217498779e-05,0.0003865543403662741,0.0006997199961915612,0.0,-0.00010368647053837776,8.423812687397003e-06,-6.857188418507576e-05,7.652631029486656e-05,-3.167660906910896e-05,-9.111175313591957e-05,4.7101639211177826e-05,-0.00014496827498078346,0.0,-0.00031849928200244904,8.779577910900116e-06,8.684862405061722e-05,-8.185859769582748e-06,-4.28282655775547e-05,-0.00014591729268431664,-0.00017901230603456497,-7.59270042181015e-05
10522,0.1,0,12,0.529680609703064,3,0.00731813907623291,0.07030290365219116,3,0.034273773431777954,0.06772798299789429,0.15859346091747284,0.1868896633386612,0.1355849653482437,0.1737770438194275,0.13415905833244324,0.13415905833244324,0.0,0.027312021702528,0.07092741876840591,0.0,-0.011680245399475098,-0.0060446858406066895,0.07030290365219116,0.06298476457595825,0.014035344123840332,0.008739888668060303,-0.08020591735839844,-0.05601316690444946,0.0,-0.01529306173324585,0.010814666748046875,0.06772798299789429,0.03345420956611633,0.019352436065673828,-0.013737738132476807,-0.07388591766357422,-0.02751106023788452
10581,0.1,1,12,0.006492000073194504,4,0.0003118780441582203,0.0013959351927042007,4,0.00023461785167455673,0.0005891653709113598,0.002420972101390362,0.002875165082514286,0.0011818001512438059,0.0014909475576132536,0.001893599983304739,0.001893599983304739,0.0,0.0002952106297016144,0.0007826652727089822,0.0,-0.0010479814372956753,0.00045857811346650124,0.0007211915217339993,0.0013959351927042007,0.0010840571485459805,-0.0006282338872551918,-0.0009727310389280319,-0.0020274948328733444,0.0,-0.00024146586656570435,-0.0002704756334424019,0.00035454751923680305,0.0005891653709113598,0.00018098950386047363,0.00024898769333958626,-0.0004741130396723747,-0.0007993727922439575
10621,0.1,1,12,0.20473061501979828,6,0.02245950698852539,0.040271371603012085,1,0.017776720225811005,0.08289790898561478,0.05219418928027153,0.07034742832183838,0.09695840626955032,0.12469667196273804,0.10646665841341019,0.09226933866739273,0.014197319746017456,0.015002596192061901,0.03113461658358574,0.0,0.017811864614486694,-0.04251968860626221,-0.014537915587425232,0.0004921406507492065,-0.022475048899650574,0.040271371603012085,0.016763046383857727,0.001242026686668396,0.0,0.08289790898561478,-0.04766635596752167,-0.07760165631771088,-0.06569989025592804,-0.14902649819850922,0.04871131479740143,0.06512118875980377,0.05380062758922577
10664,0.1,3,12,0.007155032362788916,4,0.0010073189623653889,0.0019946866668760777,2,0.00014553917571902275,0.002218739129602909,0.0022877263836562634,0.0031422744505107403,0.002172598149627447,0.0030323234386742115,0.003548310836777091,0.003471581730991602,7.672910578548908e-05,0.0003205776447430253,0.0009495838894508779,0.0,-0.0010484694503247738,-0.0005293996073305607,0.0008281483314931393,0.0019946866668760777,0.0009873677045106888,-9.101442992687225e-05,-0.0012057102285325527,-0.0031218216754496098,0.0,-0.0021776887588202953,0.002218739129602909,0.0005591674707829952,0.0020731999538838863,0.0019038463942706585,-0.004712601657956839,-0.0007529552094638348,-0.0027975314296782017
10753,0.1,3,13,0.0009041512385010719,5,6.0992082580924034e-05,0.0002283437643200159,5,1.6794889234006405e-05,0.00010052678408101201,0.00017367154941894114,0.00021874799858778715,0.0002070995105896145,0.00030835383222438395,0.00029994273791089654,0.00029994273791089654,0.0,2.9260851079015993e-05,8.284278737846762e-05,0.0,-0.0003217606572434306,0.00013316440163180232,0.0001416218001395464,0.00016735168173909187,0.0002283437643200159,-0.00022424303460866213,-0.0002315066521987319,-0.00027901597786694765,0.0,-0.0001648229081183672,5.0738570280373096e-05,5.038123345002532e-05,8.37318948470056e-05,0.00010052678408101201,-9.777757804840803e-05,-8.813128806650639e-05,-0.00013409939128905535
10762,0.1,3,13,0.0006409021443687379,5,9.769632015377283e-06,7.815426215529442e-05,1,1.3104872778058052e-06,2.3469445295631886e-05,0.00013461183698382229,0.0001790608948795125,0.0001142852270277217,0.0001564874401083216,0.00011008488945662975,4.431843990460038e-05,6.576644955202937e-05,3.63901854143478e-05,8.976532990345731e-05,0.0,-0.00012138905003666878,3.300036769360304e-05,2.525647869333625e-05,6.838463013991714e-05,7.815426215529442e-05,-6.290018791332841e-05,-3.847916377708316e-05,-0.00011066836304962635,0.0,2.3469445295631886e-05,-5.9207319281995296e-05,-4.765286576002836e-06,-2.049066824838519e-05,-7.469352567568421e-05,2.215895801782608e-05,3.69315966963768e-06,1.2389908079057932e-05
10763,0.1,3,13,0.0032043324317783117,4,0.00016942177899181843,0.0006273705512285233,4,4.1256193071603775e-05,0.0005777894984930754,0.0008000602247193456,0.0010854167630895972,0.000661018886603415,0.0011039561359211802,0.00110904173925519,0.00110904173925519,0.0,0.00011652243847493082,0.0005151749937795103,0.0,-0.0006263833492994308,-1.259567216038704e-05,0.000447962898761034,0.0006273705512285233,0.0004579487722367048,-0.00011097895912826061,-0.0007661462295800447,-0.0011048454325646162,0.0,-0.0007536790799349546,2.792500890791416e-05,0.0004999153316020966,0.0005777894984930754,0.0005365333054214716,-0.0001600482501089573,-0.0008347739931195974,-0.001001099357381463
10765,0.1,3,13,0.010644209571182728,4,4.665181040763855e-05,0.0013727853074669838,5,0.0015785712748765945,0.005486828740686178,0.0024754651822149754,0.003454451682046056,0.0030063160229474306,0.003939673770219088,0.006310224533081055,0.006310224533081055,0.0,0.0005665056523866951,0.0011809734860435128,0.0,-0.002218952402472496,0.0005777543410658836,0.0007364973425865173,0.0013727853074669838,0.0013261334970593452,-0.0013819746673107147,-0.0013883346691727638,-0.0024153506383299828,0.0,-0.010055105201900005,0.0034694112837314606,0.003363369032740593,0.003908257465809584,0.005486828740686178,-0.006684319116175175,-0.006327382288873196,-0.007928500883281231
10866,0.1,3,13,0.005476946011185646,2,0.0008233180269598961,0.0009044148027896881,2,0.0002803094685077667,0.0006971280090510845,0.0012929132208228111,0.001832732348702848,0.0014189609792083502,0.0019819557201117277,0.0015227342955768108,0.0015227342955768108,0.0,0.000374751107301563,0.0007693833904340863,0.0,-0.0002481113187968731,0.0009044148027896881,-6.093690171837807e-05,-0.00025818636640906334,8.109677582979202e-05,-0.0015967702493071556,-0.00010835658758878708,-6.995163857936859e-06,0.0,-7.113441824913025e-06,0.0006971280090510845,-0.00048419274389743805,-0.0007055280730128288,-0.0001690499484539032,-0.0018901638686656952,0.00029572751373052597,0.0004168185405433178
10872,0.1,0,3,0.8541420102119446,8,0.030599594116210938,0.0776856541633606,8,0.06999033689498901,0.24556565284729004,0.16471615433692932,0.2020452916622162,0.2579125463962555,0.34461840987205505,0.2875298857688904,0.2875298857688904,0.0,0.04284829646348953,0.09755334258079529,0.0,0.036609947681427,0.02709406614303589,-0.044091761112213135,-0.0779845118522644,-0.05043894052505493,-0.03701353073120117,0.04708606004714966,0.0776856541633606,0.0,0.12163394689559937,0.06946051120758057,-0.17625659704208374,-0.2718507647514343,-0.16695302724838257,-0.08584338426589966,0.17557531595230103,0.24556565284729004
10898,0.1,3,13,0.0004349001101218164,4,2.7407659217715263e-06,5.552891525439918e-05,5,5.1238457672297955e-06,2.1091080270707607e-05,7.486368122044951e-05,0.00010559100337559357,6.14276941632852e-05,9.328081796411425e-05,7.23311968613416e-05,6.947119254618883e-05,2.8600043151527643e-06,1.2256781701580621e-05,3.239067518734373e-05,0.0,-5.457265069708228e-05,4.46850317530334e-05,1.155832433141768e-05,5.552891525439918e-05,5.2788149332627654e-05,-7.840251782909036e-05,-1.6681908164173365e-05,-7.828336674720049e-05,0.0,-2.597598358988762e-05,1.22732890304178e-05,7.626105798408389e-06,1.5967234503477812e-05,2.1091080270707607e-05,-4.0870188968256116e-05,-1.0366638889536262e-05,-2.538022818043828e-05
10930,0.1,3,13,0.003579520620405674,5,0.0001821964979171753,0.0006484109908342361,5,2.3759668692946434e-05,0.00013364036567509174,0.0008005304262042046,0.0010297700064256787,0.000655804411508143,0.0009462147718295455,0.0007373224943876266,0.000727812759578228,9.509734809398651e-06,0.00017449274309910834,0.00045820625382475555,0.0,-0.0008739819750189781,0.00046621449291706085,0.0003182713408023119,0.0004152341280132532,0.0006484109908342361,-0.0007639601826667786,-0.000510756392031908,-0.0006966590881347656,0.0,-0.00018457206897437572,5.666143260896206e-05,0.00010988069698214531,0.00010786112397909164,0.00013364036567509174,-0.00011343159712851048,-0.00019704201258718967,-0.00021354947239160538
10942,0.1,1,13,0.012635531835258007,4,0.0008057761006057262,0.0048380144871771336,4,0.0010649440810084343,0.0042970143258571625,0.0030198211316019297,0.003766853827983141,0.0034960289485752583,0.005147676914930344,0.007475186139345169,0.007475186139345169,0.0,0.0007761870510876179,0.001806451822631061,0.0,-0.002799166366457939,0.0019348273053765297,0.004032238386571407,0.0048380144871771336,0.0026286765933036804,-0.003007735125720501,-0.007045523263514042,-0.008459779433906078,0.0,-0.0011986540630459785,-0.0023362161591649055,0.003232070244848728,0.0042970143258571625,0.001242285594344139,0.0018002670258283615,-0.005191159434616566,-0.006919861771166325
11047,0.1,3,13,0.0007834940915927291,5,4.682375583797693e-05,0.000263042573351413,4,1.2745731510221958e-05,3.3114803954958916e-05,0.00018959133012685925,0.00023006912670098245,0.00010577512148302048,0.00014542134886141866,0.000283417000900954,0.0002562511945143342,2.7165806386619806e-05,2.4133063561748713e-05,6.435636896640062e-05,0.0,-0.00038931414019316435,0.00012186303501948714,0.00016939721535891294,0.00021621881751343608,0.000263042573351413,-0.00020188104826956987,-0.0002835748018696904,-0.0003845513565465808,0.0,-1.2864416930824518e-05,-2.4775799829512835e-05,2.2632302716374397e-06,3.3114803954958916e-05,-5.836656782776117e-06,2.0369072444736958e-05,-1.0839488822966814e-05,-5.550647620111704e-05
11053,0.1,3,13,0.0006524579366669059,5,2.6093737687915564e-05,0.00016358093125745654,5,8.578121196478605e-06,8.065527072176337e-05,0.00012084878835594282,0.00019062860519625247,0.00010827324877027422,0.00015980990428943187,0.00022280076518654823,0.00022280076518654823,0.0,2.9651244403794408e-05,8.101448474917561e-05,0.0,-0.00020131206838414073,0.00012998090824112296,0.00011854287004098296,0.00013748719356954098,0.00016358093125745654,-0.0002126272302120924,-0.0001849941909313202,-0.00022001174511387944,0.0,-0.00010387733345851302,7.207714952528477e-05,3.84802115149796e-05,4.467531107366085e-05,8.065527072176337e-05,-0.00015426345635205507,-5.7658005971461535e-05,-6.945128552615643e-05
11156,0.1,0,13,0.056556735187768936,1,0.0026599057018756866,0.012583810836076736,5,0.003543578088283539,0.005892246961593628,0.016809357330203056,0.021186882629990578,0.02205430343747139,0.02637350559234619,0.01695111021399498,0.006882362067699432,0.010068748146295547,0.0037980549968779087,0.010156357660889626,0.0,0.012583810836076736,-0.010408971458673477,-0.0058912187814712524,-0.006684374064207077,-0.020558755844831467,0.00992390513420105,0.00617830827832222,0.006899036467075348,0.0,-0.009688612073659897,0.002348668873310089,0.00125812366604805,0.0014618560671806335,0.005892246961593628,-0.00405217707157135,-0.001977156847715378,-0.002341032028198242
11277,0.1,3,13,0.024053074419498444,5,0.0014341846108436584,0.00606280192732811,5,0.00017517618834972382,0.00491931289434433,0.005888975225389004,0.008188200183212757,0.013287501409649849,0.01671590283513069,0.00958220660686493,0.009578329510986805,3.877095878124237e-06,0.0008766300743445754,0.0026254337280988693,0.0,-0.008709259331226349,0.003975037485361099,0.004113851115107536,0.004628617316484451,0.00606280192732811,-0.006962001323699951,-0.007151054218411446,-0.00824318453669548,0.0,-0.005721064284443855,0.001802545040845871,0.003773976117372513,0.004744136705994606,0.00491931289434433,-0.004012269899249077,-0.005262043327093124,-0.006578240543603897
11340,0.1,3,13,0.0040955008007586,5,0.0003811831120401621,0.0010378127917647362,5,0.000269897747784853,0.0007325457409024239,0.0010748504428192973,0.0014851109590381384,0.0007524783140979707,0.0011328939581289887,0.0016077198088169098,0.0016077198088169098,0.0,0.00023286696523427963,0.0005444944836199284,0.0,-0.0013177776709198952,0.0004302223678678274,0.00044898875057697296,0.0006566296797245741,0.0010378127917647362,-0.000615621916949749,-0.000634368509054184,-0.000952291302382946,0.0,-0.001008154358714819,0.0004626479931175709,0.0003570609260350466,0.0003296264912933111,0.0007325457409024239,-0.0007700910791754723,-0.0005114427767693996,-0.0005053910426795483
11402,0.1,2,13,0.0010877889581024647,4,4.538404755294323e-05,0.0003470584051683545,6,7.479061605408788e-05,0.00015100446762517095,0.0003135581500828266,0.0004002235655207187,0.0002198068832512945,0.0003501794708427042,0.00045272434363141656,0.0003827953478321433,6.992899579927325e-05,5.7855540944729e-05,0.000170744358911179,0.0,-0.00037217384669929743,0.00019483332289382815,0.000246287090703845,0.0003470584051683545,0.0003016743576154113,-0.0003147971583530307,-0.00038776732981204987,-0.0005841533420607448,0.0,7.621385157108307e-05,-0.0002061056438833475,-3.5724369809031487e-06,5.31109981238842e-05,-0.00014038512017577887,0.00015100446762517095,-7.621012628078461e-06,-8.894852362573147e-05
11421,0.1,0,13,0.010813802480697632,4,0.0013254107907414436,0.0018410030752420425,4,0.002172264736145735,0.0044252038933336735,0.0021266129333525896,0.0029727730434387922,0.0032110786996781826,0.004057093523442745,0.005675159860402346,0.005675159860402346,0.0,0.0005458356463350356,0.0014653255930170417,0.0,-0.00014445092529058456,-0.000271432101726532,0.0005155922845005989,0.0018410030752420425,0.00016322452574968338,0.00031078606843948364,-0.0007328847423195839,-0.0028577689081430435,0.0,-0.001267031766474247,-0.0002913558855652809,0.0022529391571879387,0.0044252038933336735,0.0012734802439808846,0.00028082355856895447,-0.003763158805668354,-0.0076307691633701324
11568,0.1,2,13,0.0006095697171986103,4,3.3002463169395924e-05,6.516987923532724e-05,4,1.7870799638330936e-05,2.7044385205954313e-05,9.871590737020597e-05,0.0001296291156904772,0.00011731540143955499,0.00015687360428273678,8.78075952641666e-05,8.78075952641666e-05,0.0,1.751022136886604e-05,6.25360626145266e-05,0.0,-3.669341094791889e-05,-1.3581477105617523e-05,3.216741606593132e-05,6.516987923532724e-05,3.0022929422557354e-05,3.335881046950817e-06,-5.420565139502287e-05,-0.00010102277155965567,0.0,-3.99099662899971e-05,1.9062426872551441e-06,5.718611646443605e-06,2.7044385205954313e-05,9.173585567623377e-06,-2.3827014956623316e-05,-3.3357704523950815e-05,-6.65951520204544e-05
11877,0.1,0,13,0.08137025684118271,3,0.0019104965031147003,0.019007083028554916,4,0.002644237130880356,0.05945345014333725,0.013155074790120125,0.019813181832432747,0.044182080775499344,0.0497344508767128,0.063786581158638,0.06341487914323807,0.00037170201539993286,0.0025977003388106823,0.0062065087258815765,0.0,-0.006113000214099884,0.0023336708545684814,0.019007083028554916,0.017096586525440216,0.006433479487895966,-0.0036988630890846252,-0.032137759029865265,-0.02505221962928772,0.0,-0.1371791958808899,-0.005967937409877777,0.056809213012456894,0.05945345014333725,0.055329009890556335,0.0038460716605186462,-0.21710973978042603,-0.2331523299217224
11882,0.1,0,13,0.008232705295085907,3,0.00021587638184428215,0.0027801822870969772,3,0.0002466547302901745,0.0026169372722506523,0.002041363622993231,0.002353264018893242,0.002455149544402957,0.003161696018651128,0.004494503140449524,0.004494503140449524,0.0,0.00023005413822829723,0.000655784853734076,0.0,-0.0006005559116601944,-0.0004015536978840828,0.0027801822870969772,0.002564305905252695,0.0006657489575445652,0.00044879037886857986,-0.004445084370672703,-0.003264958970248699,0.0,-0.0005424190312623978,-0.0005216216668486595,0.0026169372722506523,0.002370282541960478,0.0006125103682279587,0.0005973675288259983,-0.0044196592643857,-0.002949080429971218
11886,0.1,2,13,0.004319741856306791,5,0.0001784488558769226,0.001031758263707161,6,0.00025673070922493935,0.0005603996105492115,0.0010206945007666945,0.0012594338040798903,0.001049298676662147,0.0013478936161845922,0.0014318982139229774,0.0010990113951265812,0.00033288681879639626,0.00020072194456588477,0.0004546427517198026,0.0,-0.0012206309475004673,0.0007224041037261486,0.0007781139574944973,0.0008533094078302383,0.001031758263707161,-0.0011141668073832989,-0.0012068790383636951,-0.001309895422309637,0.0,0.00012083910405635834,-0.0006137043237686157,-8.190050721168518e-06,0.00030366890132427216,-0.00022146105766296387,0.0005603996105492115,-3.3946242183446884e-05,-0.0004687369801104069
11907,0.1,0,13,0.009019820019602776,4,0.00015608267858624458,0.002487433608621359,4,2.815714105963707e-05,0.0014307396486401558,0.0019513253355398774,0.0026765717193484306,0.002644223626703024,0.0037493049167096615,0.0034744683653116226,0.0034744683653116226,0.0,0.0005033076740801334,0.0010658263927325606,0.0,-0.0007425816729664803,0.00011660996824502945,0.0023313509300351143,0.002487433608621359,0.0008179731667041779,-0.00015156064182519913,-0.003849814645946026,-0.003291008062660694,0.0,-0.00030853133648633957,-8.352100849151611e-05,0.0014025825075805187,0.0014307396486401558,0.0003582611680030823,9.664241224527359e-05,-0.0021300185471773148,-0.0014711637049913406
11969,0.1,2,13,0.0011382774682715535,4,3.1085044611245394e-05,0.00023531727492809296,4,1.631421037018299e-05,8.061609696596861e-05,0.00024227386165875942,0.0003110807156190276,0.00017763953655958176,0.0002843168913386762,0.0003021355369128287,0.0003021355369128287,0.0,4.432207060744986e-05,0.00011975371307926252,0.0,-0.0002506186719983816,0.00014682859182357788,0.0001937516499310732,0.00023531727492809296,0.00020423223031684756,-0.00025573757011443377,-0.00033156515564769506,-0.00040453055407851934,0.0,-7.418019231408834e-05,-2.762465737760067e-05,6.430188659578562e-05,8.061609696596861e-05,3.3579301089048386e-05,-1.8813414499163628e-05,-0.00013192498590797186,-0.00015918887220323086
11976,0.1,0,16,7.376616477966309,8,0.0038604736328125,0.10412216186523438,7,0.05918121337890625,0.15368366241455078,0.25968748331069946,0.42637601494789124,0.3826710283756256,0.5666951537132263,0.21678686141967773,0.1981220245361328,0.018664836883544922,0.19509892165660858,0.4567120671272278,0.0,0.037957191467285156,-0.010576725006103516,-0.21979618072509766,-0.20417118072509766,-0.0596623420715332,0.011027336120605469,0.10026168823242188,0.10412216186523438,0.0,0.056575775146484375,-0.07277965545654297,-0.26647186279296875,-0.1716756820678711,-0.07511425018310547,0.09450244903564453,0.15368366241455078,0.09228515625
12012,0.1,3,13,0.0017847575945779681,5,6.14154851064086e-05,0.0002463535638526082,5,0.00012950599193572998,0.00035538733936846256,0.00032046029809862375,0.000439146941062063,0.0003387188771739602,0.0004310634976718575,0.0005420579109340906,0.0005420579109340906,0.0,6.703586404910311e-05,0.0002460691030137241,0.0,-0.000326235662214458,0.00013852177653461695,0.00018053431995213032,0.0001849380787461996,0.0002463535638526082,-0.00024296168703585863,-0.000266874092631042,-0.0002867410657927394,0.0,-0.0004836047301068902,0.00020921812392771244,0.00020195788238197565,0.00022588134743273258,0.00035538733936846256,-0.00037952756974846125,-0.00032088265288621187,-0.00037036824505776167
12024,0.1,3,13,0.000645429186988622,5,2.919108374044299e-05,0.00013987120473757386,4,6.194924935698509e-06,1.0841118637472391e-05,0.0001288622443098575,0.00016750222130212933,6.151023990241811e-05,9.910521475831047e-05,0.00014308822574093938,0.00012974359560757875,1.3344630133360624e-05,3.4100965422112495e-05,0.00010561360977590084,0.0,-0.0001903554075397551,9.602529462426901e-05,9.209359996020794e-05,0.00011068012099713087,0.00013987120473757386,-0.0001598628587089479,-0.00015271600568667054,-0.00018999807070940733,0.0,-3.1331321224570274e-05,-1.4176650438457727e-05,4.646193701773882e-06,1.0841118637472391e-05,-6.552261766046286e-06,-1.8346181605011225e-05,-2.7638336177915335e-05,-4.431622801348567e-05
12110,0.1,0,13,0.0005821678787469864,8,3.335997462272644e-06,2.4781387764960527e-05,1,2.1445448510348797e-06,9.17381839826703e-06,0.00011254022683715448,0.00016231149493250996,7.504323730245233e-05,0.00010442562779644504,3.3478892873972654e-05,3.061944153159857e-05,2.8594513423740864e-06,2.1704929167754017e-05,4.260458081262186e-05,0.0,2.1445390302687883e-05,-5.480425897985697e-06,-1.5607220120728016e-05,-2.2398075088858604e-05,-2.8712325729429722e-05,6.552727427333593e-06,1.8109451048076153e-05,2.4781387764960527e-05,0.0,9.17381839826703e-06,-2.740242052823305e-06,-6.314425263553858e-06,-6.19527418166399e-06,-1.4773220755159855e-05,3.3359392546117306e-06,7.029273547232151e-06,6.19527418166399e-06
12151,0.1,3,13,0.0013233008794486523,5,0.00018675223691388965,0.0005177705897949636,5,9.30040841922164e-05,0.0003131548874080181,0.00021689562709070742,0.00030649188556708395,0.00019787959172390401,0.00030519385472871363,0.0007074169698171318,0.0007074169698171318,0.0,6.056929851183668e-05,0.00013178731023799628,0.0,-0.0007875736337155104,0.00028040597680956125,0.00028719380497932434,0.00033101835288107395,0.0005177705897949636,-0.0004754982655867934,-0.0004697864642366767,-0.0005570064531639218,0.0,-0.0004758551949635148,9.226927068084478e-05,0.0002095529343932867,0.00022015080321580172,0.0003131548874080181,-0.00022807694040238857,-0.0003399536944925785,-0.0003654217580333352
12155,0.1,0,13,0.007848023436963558,4,0.00044899899512529373,0.0015827394090592861,4,0.0012063980102539062,0.003326163627207279,0.001536971889436245,0.0020152174402028322,0.002816366497427225,0.003654314437881112,0.0042074499651789665,0.0042074499651789665,0.0,0.0003942918556276709,0.0015242616645991802,0.0,-0.0005628420040011406,0.00015471922233700752,0.0011337404139339924,0.0015827394090592861,0.0005932189524173737,-0.00021772459149360657,-0.0018000984564423561,-0.00224286038428545,0.0,-0.0012125540524721146,-8.834898471832275e-05,0.002119765616953373,0.003326163627207279,0.001205026637762785,6.671110168099403e-05,-0.0037386110052466393,-0.0056580835953354836
12172,0.1,3,14,0.06288149207830429,7,7.086619734764099e-05,0.0017152167856693268,5,0.02174043282866478,0.028337400406599045,0.008596240542829037,0.014312312938272953,0.02331310510635376,0.030767221003770828,0.028824884444475174,0.024040181189775467,0.004784703254699707,0.004091979470103979,0.014427628368139267,0.0,0.0016443505883216858,-0.0011399537324905396,-0.0019610151648521423,-0.0008393451571464539,-0.00871770828962326,0.0009672120213508606,0.0017152167856693268,0.0006592273712158203,0.0,-0.050996795296669006,-7.903575897216797e-05,0.006596967577934265,0.005804877728223801,0.028337400406599045,9.717047214508057e-05,-0.008763983845710754,-0.007368817925453186
12207,0.1,3,14,0.008920224383473396,4,0.00032611656934022903,0.0009520389139652252,4,0.0006385147571563721,0.0020312992855906487,0.0021108496002852917,0.00299639580771327,0.0021000728011131287,0.002578147454187274,0.0027864445000886917,0.0027864445000886917,0.0,0.0005911880871281028,0.0015493251848965883,0.0,-0.0007057003676891327,-0.0010001175105571747,0.0006259223446249962,0.0009520389139652252,0.00033253151923418045,0.0005812337622046471,-0.0011147204786539078,-0.001601547934114933,0.0,-0.0012564510107040405,-0.0007068812847137451,0.0013927845284342766,0.0020312992855906487,0.0012348457239568233,0.0005288645625114441,-0.001953365281224251,-0.00296013243496418
12211,0.1,0,14,0.007490288466215134,4,0.00040817633271217346,0.0018784324638545513,7,7.578171789646149e-06,0.000715380534529686,0.001618625014089048,0.0018813781207427382,0.0020832945592701435,0.002454660600051284,0.002539760433137417,0.0007134857587516308,0.001826274674385786,0.0003275478375144303,0.0011114688822999597,0.0,-0.001631125807762146,0.0006206613034009933,0.0014702561311423779,0.0018784324638545513,0.001344542484730482,-0.0010990593582391739,-0.0026431968435645103,-0.0034758644178509712,0.0,0.0004241480492055416,-0.00016031041741371155,-0.0014956248924136162,-0.0017726318910717964,-0.000768427737057209,-2.8514303267002106e-05,0.000715380534529686,0.0007078023627400398
12246,0.1,0,14,0.015787489712238312,4,0.00016573071479797363,0.0010560480877757072,6,0.00013747252523899078,0.0005388623103499413,0.0037682228721678257,0.005097780842334032,0.004954815376549959,0.006749252323061228,0.001339181326329708,0.0010277396067976952,0.00031144171953201294,0.0007796921418048441,0.0028251411858946085,0.0,-0.00032756663858890533,-0.0006802361458539963,0.0008903173729777336,0.0010560480877757072,0.00041747186332941055,0.0006675459444522858,-0.0022137872874736786,-0.002226315438747406,0.0,-3.168173134326935e-05,-0.0004799310117959976,0.00040138978511095047,0.00014903396368026733,1.4549121260643005e-05,0.0005388623103499413,-0.0007854141294956207,-0.000341290608048439
12303,0.1,3,14,0.13141058385372162,6,0.01452261209487915,0.017376571893692017,4,0.0016876384615898132,0.012874536216259003,0.025583524256944656,0.04361504688858986,0.04305679723620415,0.06207989156246185,0.029092296957969666,0.02438950538635254,0.0047027915716171265,0.013029737398028374,0.03279608115553856,0.0,0.002367570996284485,-0.03069518506526947,0.002853959798812866,-0.004455044865608215,-0.004301846027374268,0.017376571893692017,-0.003918871283531189,0.0026292353868484497,0.0,-0.008870229125022888,-0.0011122077703475952,0.001988038420677185,0.012874536216259003,0.01118689775466919,0.007704474031925201,-0.0021812468767166138,-0.01589086651802063
12448,0.1,2,14,0.020426860079169273,4,0.0007269242778420448,0.009843042120337486,3,0.00024325959384441376,0.004314502701163292,0.007224520202726126,0.009308155626058578,0.004131481051445007,0.007722510956227779,0.012102765962481499,0.011990461498498917,0.00011230446398258209,0.0011807936243712902,0.002876990009099245,0.0,-0.01063571311533451,0.00768586341291666,0.009116117842495441,0.009843042120337486,0.008092482574284077,-0.015062721446156502,-0.01832638494670391,-0.02008628658950329,0.0,-0.0029862895607948303,-0.0006298143416643143,0.004314502701163292,0.004071243107318878,0.002700062468647957,-0.0011405907571315765,-0.007167430594563484,-0.0065212976187467575
12476,0.1,2,14,0.11299559473991394,5,0.009376518428325653,0.043347857892513275,5,0.010883286595344543,0.024808093905448914,0.034118615090847015,0.04246210306882858,0.03330742567777634,0.046741027384996414,0.058678340166807175,0.058678340166807175,0.0,0.00849985796958208,0.024917002767324448,0.0,-0.06039851903915405,0.03397133946418762,0.027477458119392395,0.03211008757352829,0.043347857892513275,-0.05709494650363922,-0.04328720271587372,-0.052045077085494995,0.0,-0.02839091420173645,0.009616248309612274,0.011073946952819824,0.01392480731010437,0.024808093905448914,-0.013810336589813232,-0.01516774296760559,-0.019392073154449463
12551,0.1,0,14,0.024285798892378807,2,0.00015692226588726044,0.0006153266876935959,4,0.0005755890160799026,0.0023289918899536133,0.00530319195240736,0.0073211402632296085,0.009752231650054455,0.012567074038088322,0.0031511541455984116,0.0004185941070318222,0.0027325600385665894,0.0009605415398254991,0.002550885546952486,0.0,0.00013381056487560272,0.0006153266876935959,-0.0020976662635803223,-0.001989683136343956,-0.0003361925482749939,-0.001320505514740944,0.00045840442180633545,0.0002831164747476578,0.0,-0.000710291787981987,-0.0014638788998126984,0.0017534028738737106,0.0023289918899536133,0.0007904376834630966,0.0013759583234786987,-0.0026391521096229553,-0.0027539096772670746
12558,0.1,2,14,0.0007371568935923278,4,2.2516294848173857e-05,0.00011531618656590581,6,8.100294508039951e-06,8.69587529450655e-06,0.00010085396934300661,0.000145040889037773,0.0001492474984843284,0.00020786469394806772,0.00012055819388478994,0.00010566628770902753,1.4891906175762415e-05,6.039927393430844e-05,0.00015362560225185007,0.0,-7.170852040871978e-05,-2.3823988158255816e-05,9.279989171773195e-05,0.00011531618656590581,7.302412996068597e-05,1.822574995458126e-05,-0.0001557987416163087,-0.00020212866365909576,0.0,5.955807864665985e-07,-2.0726933144032955e-05,-1.3460638001561165e-05,-8.814968168735504e-06,-8.457573130726814e-06,8.69587529450655e-06,-3.5736593417823315e-06,-2.3585744202136993e-05
12749,0.1,0,14,0.06408495455980301,2,0.0034583546221256256,0.008047353476285934,7,0.0008752867579460144,0.009598128497600555,0.01661616936326027,0.02034309133887291,0.024314889684319496,0.031433895230293274,0.015016265213489532,0.011136051267385483,0.0038802139461040497,0.0034008461516350508,0.009726524353027344,0.0,0.0018840879201889038,0.008047353476285934,-0.015073008835315704,-0.014667846262454987,-0.0045258477330207825,-0.02089197188615799,0.004588998854160309,0.003027569502592087,0.0,0.004615169018507004,0.004561029374599457,-0.01647263765335083,-0.016778014600276947,-0.007170617580413818,-0.009310275316238403,0.009598128497600555,0.008722841739654541
12769,0.1,2,14,0.004169106017798185,5,0.00010370253585278988,0.0006860422436147928,5,0.00016331137157976627,0.0013019454199820757,0.00118726072832942,0.0014995142119005322,0.0006442622398026288,0.0009047082276083529,0.001752199837937951,0.001752199837937951,0.0,0.00017440193914808333,0.0004661646671593189,0.0,-0.0008836677297949791,0.0005823397077620029,0.0003237838391214609,0.0005563267040997744,0.0006860422436147928,-0.0010102149099111557,-0.0005226768553256989,-0.0008884118869900703,0.0,-0.0018759281374514103,0.0008881327230483294,0.0010624548885971308,0.0011386340484023094,0.0013019454199820757,-0.0015697008930146694,-0.001954365987330675,-0.0021157246083021164
12799,0.1,0,14,0.08042670786380768,2,0.0011822804808616638,0.019025199115276337,2,0.006110362708568573,0.009217873215675354,0.025767439976334572,0.03290368616580963,0.04415006563067436,0.051005106419324875,0.023400314152240753,0.02338128536939621,1.9028782844543457e-05,0.007069976069033146,0.016584530472755432,0.0,0.01048058271408081,0.019025199115276337,-0.03412993252277374,-0.04610058665275574,-0.018914923071861267,-0.052472636103630066,0.01780204474925995,0.017842918634414673,0.0,0.00032795220613479614,0.009217873215675354,-0.005216620862483978,-0.004218384623527527,-0.001297779381275177,-0.017124712467193604,0.003107510507106781,0.001188233494758606
12832,0.1,0,14,0.025760367512702942,6,1.7607584595680237e-05,0.0037567969411611557,6,0.004312729462981224,0.0055532306432724,0.007842893712222576,0.010758877731859684,0.011043277569115162,0.01376860961318016,0.008441329002380371,0.008441329002380371,0.0,0.0010188287124037743,0.0025224226992577314,0.0,0.002835731953382492,-0.003924090415239334,-0.0050584543496370316,-0.007088374346494675,-0.004488425329327583,0.0037567969411611557,0.0036984924226999283,0.0037391893565654755,0.0,0.0004450604319572449,-0.0060380734503269196,0.0012405011802911758,0.0006491802632808685,-0.0015785358846187592,0.0055532306432724,-0.00348031148314476,-0.0038753692060709
12935,0.1,0,14,0.012082718312740326,8,0.00030673015862703323,0.0025808895006775856,8,0.0002134665846824646,0.003673272207379341,0.003615775378420949,0.004450853914022446,0.0023293381091207266,0.003600421128794551,0.005019300151616335,0.005019300151616335,0.0,0.0006209447747096419,0.0023619206622242928,0.0,0.0011909687891602516,-0.00010481663048267365,-0.0035776831209659576,-0.00542200542986393,-0.0019071195274591446,-2.4497509002685547e-05,0.0022741593420505524,0.0025808895006775856,0.0,0.0022496068850159645,-0.0013256501406431198,-0.006446344777941704,-0.009054727852344513,-0.004149986431002617,0.0012133736163377762,0.0034598056226968765,0.003673272207379341
12969,0.1,0,14,0.023311017081141472,4,0.0008076094090938568,0.004667045548558235,1,0.00014706887304782867,0.0030801650136709213,0.007565604988485575,0.009228235110640526,0.006168289575725794,0.008335511200129986,0.007066348567605019,0.0026229117065668106,0.004443436861038208,0.0010758934076875448,0.003255336545407772,0.0,-0.004043081775307655,0.00180714949965477,0.0034490395337343216,0.004667045548558235,0.0038594361394643784,-0.0024508610367774963,-0.005036644637584686,-0.007360182702541351,0.0,0.0030801650136709213,-0.002948325127363205,-0.0027097854763269424,-0.00241960771381855,-0.004959583282470703,0.0029330961406230927,0.002566397190093994,0.0020575616508722305
13137,0.1,0,16,0.015061583369970322,3,0.00048351287841796875,0.003782430663704872,3,0.0009843502193689346,0.004873225465416908,0.0040553719736635685,0.00532679446041584,0.004042501095682383,0.005298481322824955,0.007371591404080391,0.007371591404080391,0.0,0.0006444888422265649,0.0016063395887613297,0.0,-0.0006532687693834305,-0.00034705549478530884,0.003782430663704872,0.0032989177852869034,0.0007619233801960945,0.0004022689536213875,-0.005446799099445343,-0.0035127662122249603,0.0,-0.0007599350064992905,-0.0014646537601947784,0.004873225465416908,0.0038888752460479736,0.0008731000125408173,0.0015738233923912048,-0.007596680894494057,-0.004392335191369057
13206,0.1,3,15,0.008240035735070705,4,0.00048808613792061806,0.0017570368945598602,5,0.00024117529392242432,0.0020158598199486732,0.0022304255980998278,0.002840405562892556,0.0019744648598134518,0.002652637427672744,0.0033247387036681175,0.003162829205393791,0.00016190949827432632,0.0004322536406107247,0.0010663381544873118,0.0,-0.0011996794492006302,8.099153637886047e-05,0.0010999166406691074,0.0017570368945598602,0.0012689507566392422,-0.00010994914919137955,-0.0015196502208709717,-0.002393794246017933,0.0,-0.0033159609884023666,0.0012418418191373348,0.0015441062860190868,0.001774684526026249,0.0020158598199486732,-0.002489210106432438,-0.0029254816472530365,-0.003246668726205826
13222,0.1,0,12,1.646008849143982,8,0.02503824234008789,0.08893942832946777,6,0.08644747734069824,0.14418578147888184,0.344832181930542,0.43425077199935913,0.29963022470474243,0.39489760994911194,0.23339855670928955,0.18111848831176758,0.05228006839752197,0.07891416549682617,0.26698872447013855,0.0,0.04818761348724365,-0.03335011005401611,-0.08746421337127686,-0.14556145668029785,-0.07046079635620117,0.03403007984161377,0.06390118598937988,0.08893942832946777,0.0,0.016014695167541504,-0.1480882167816162,0.057738304138183594,0.0461350679397583,-0.01995706558227539,0.14418578147888184,-0.08085095882415771,-0.06749188899993896
13294,0.1,3,15,0.0010689741466194391,7,1.4885677956044674e-05,3.6439741961658e-05,5,8.338072802871466e-06,0.0002846462884917855,0.00013503097579814494,0.0002144061290891841,0.00023469953157473356,0.0003212452866137028,0.00034361035795882344,0.0002969152992591262,4.6695058699697256e-05,3.96892792196013e-05,0.00013419624883681536,0.0,-5.715992301702499e-06,2.1554064005613327e-05,-8.775957394391298e-05,-6.12062867730856e-05,-3.358058165758848e-05,-0.0002176581183448434,3.6439741961658e-05,-1.0718358680605888e-06,0.0,-0.0003867034101858735,0.00027630821568891406,0.0002046036534011364,0.00027511705411598086,0.0002846462884917855,-0.0005880917888134718,-0.0003661098890006542,-0.0005201336462050676
13339,0.1,3,15,0.005163547582924366,4,4.687020555138588e-05,0.0005568414926528931,5,0.00013643037527799606,0.0012740506790578365,0.0007230276241898537,0.0010683139553293586,0.0013666802551597357,0.001973338657990098,0.0016914128791540861,0.0016566063277423382,3.480655141174793e-05,0.00028411546372808516,0.0008035475038923323,0.0,-0.0005196682177484035,0.0003146827220916748,0.00038716988638043404,0.0005568414926528931,0.0005099712871015072,-0.0004771137610077858,-0.0005630506202578545,-0.0008197505958378315,0.0,-0.0015078699216246605,-0.0011028028093278408,0.000943514984101057,0.0011376203037798405,0.0012740506790578365,0.0009428025223314762,-0.001430422067642212,-0.001748344860970974
13352,0.1,3,15,0.0006490031373687088,5,1.4297547750175e-06,0.0001205687876790762,0,1.4295801520347595e-06,0.0,0.00013395512360148132,0.00015621207421645522,3.449533323873766e-05,5.2884053729940206e-05,0.0001205687876790762,0.00010960741201415658,1.0961375664919615e-05,1.929026620928198e-05,4.562305912259035e-05,0.0,-0.00012377044185996056,4.6105124056339264e-05,8.756580064073205e-05,0.0001191390329040587,0.0001205687876790762,-6.921327440068126e-05,-0.00012400868581607938,-0.00017320283222943544,0.0,-1.7631391528993845e-05,-4.241010174155235e-05,-1.4295801520347595e-06,-6.075715646147728e-06,-1.5010533388704062e-05,-4.312483360990882e-05,-2.084788866341114e-05,-2.4302629753947258e-05
13364,0.1,1,15,0.0009977606823667884,4,1.310079824179411e-06,6.764568388462067e-05,5,2.6208581402897835e-06,0.00033541483571752906,7.666213059565052e-05,0.00013563533138949424,0.0002885819994844496,0.0003794165968429297,0.00038735702401027083,0.0003787792520597577,8.577771950513124e-06,4.759048897540197e-05,0.00015117127622943372,0.0,-2.0840554498136044e-05,-3.632192965596914e-05,6.633560406044126e-05,6.764568388462067e-05,2.0960113033652306e-05,1.7863931134343147e-06,-0.00012015493120998144,-0.00010753283277153969,0.0,-0.0006021779263392091,-6.668840069323778e-05,0.0002834753831848502,0.0003327939775772393,0.00033541483571752906,-5.71634154766798e-06,-0.0005675428546965122,-0.000687748659402132
13458,0.1,0,15,0.0023865809198468924,4,0.0003297578077763319,0.00046046520583331585,4,0.00015081744641065598,0.00021051964722573757,0.0004591435717884451,0.0005712059210054576,0.00045172637328505516,0.0006888912175782025,0.0006351430201902986,0.0006351430201902986,0.0,8.202726894523948e-05,0.0001785409403964877,0.0,-7.813074626028538e-05,-5.184998735785484e-05,0.00013070739805698395,0.00046046520583331585,7.75421503931284e-05,4.186248406767845e-05,-0.00025565619580447674,-0.000590526731684804,0.0,-3.246590495109558e-05,-5.898508243262768e-05,4.2457133531570435e-05,0.00021051964722573757,1.177377998828888e-05,5.9702200815081596e-05,-0.00013485201634466648,-0.0003659843932837248
13500,0.1,1,16,0.019321564584970474,3,6.865896284580231e-05,0.007195622660219669,3,0.0002702707424759865,0.007268055342137814,0.005085714161396027,0.006108961533755064,0.005945621989667416,0.007681805640459061,0.011801578104496002,0.011801578104496002,0.0,0.0014981433050706983,0.003964785020798445,0.0,-0.00327143631875515,6.934069097042084e-05,0.007195622660219669,0.007126963697373867,0.003325344994664192,-0.00026609376072883606,-0.012087177485227585,-0.010608194395899773,0.0,-0.002742992714047432,-0.004951786249876022,0.007268055342137814,0.006997784599661827,0.002753935754299164,0.0038842838257551193,-0.013430502265691757,-0.01085355132818222
13547,0.1,1,16,0.00039915222441777587,6,1.5252793673425913e-05,1.5252793673425913e-05,3,2.9673625249415636e-05,9.50955436564982e-05,5.450030948850326e-05,8.495397196384147e-05,7.926394755486399e-05,0.00012083131150575355,0.00010498697520233691,8.234410779550672e-05,2.264286740683019e-05,2.738031980697997e-05,6.382442370522767e-05,0.0,-1.429958501830697e-06,-1.9661500118672848e-05,-1.429932308383286e-05,-1.906591933220625e-06,-2.979038981720805e-06,1.5252793673425913e-05,-2.7406844310462475e-05,-3.443716559559107e-05,0.0,-3.479461884126067e-05,-1.0486197425052524e-05,9.50955436564982e-05,6.542191840708256e-05,3.6702462239190936e-05,4.051486030220985e-06,-0.00014262640615925193,-8.055008947849274e-05
13650,0.1,0,16,0.01982644945383072,2,0.001991432160139084,0.0024550408124923706,3,0.0017698835581541061,0.0071884458884596825,0.004078434314578772,0.00623879162594676,0.007590460125356913,0.010082163847982883,0.00877328310161829,0.006708530709147453,0.0020647523924708366,0.0016561407828703523,0.0037995241582393646,0.0,-0.00047169066965579987,0.0024550408124923706,-0.0006662830710411072,-0.001171395182609558,0.00046360865235328674,-0.0038641635328531265,-0.000978417694568634,7.828697562217712e-06,0.0,-0.0023066718131303787,0.0003053080290555954,0.0071884458884596825,0.005418562330305576,0.0025460757315158844,-0.0003964584320783615,-0.009126836434006691,-0.005730004981160164
13729,0.1,3,15,0.0080742621794343,5,0.0007291813381016254,0.002703312784433365,8,9.106472134590149e-06,0.00011683814227581024,0.0030940487049520016,0.0034592750016599894,0.0016017637681216002,0.0022384505718946457,0.0028459634631872177,0.0021759304217994213,0.0006700330413877964,0.00038369421963579953,0.001146582537330687,0.0,-0.0036199502646923065,0.0019741314463317394,0.0016000280156731606,0.0017313864082098007,0.002703312784433365,-0.003545483574271202,-0.002422974444925785,-0.0026475535705685616,0.0,0.00010773167014122009,-0.0007656160742044449,-0.00043648574501276016,-0.00048766471445560455,-0.0007463563233613968,-0.00013775285333395004,0.00010442081838846207,0.00011683814227581024
13745,0.1,3,15,0.0038290531374514103,4,3.1947391107678413e-05,9.322608821094036e-05,5,0.0005327926483005285,0.0012776555959135294,0.0010014352155849338,0.001275473739951849,0.0010880669578909874,0.001534744631499052,0.0013309267815202475,0.0012813417706638575,4.958501085639e-05,0.00015749895828776062,0.000685129314661026,0.0,-0.00014439411461353302,6.127869710326195e-05,-3.2656826078891754e-05,9.322608821094036e-05,3.360793925821781e-05,-0.00015709875151515007,-6.828107871115208e-05,-0.00023890379816293716,0.0,-0.0031498451717197895,0.0007448629476130009,0.0006112933624535799,0.0006569237448275089,0.0012776555959135294,-0.001375171821564436,-0.0010648909956216812,-0.0010741441510617733
13786,0.1,1,15,0.0006277974462136626,4,5.278299795463681e-05,0.00014833343448117375,4,8.221017196774483e-06,9.24526248127222e-05,7.655895024072379e-05,0.0001100565423257649,5.9670554037438706e-05,9.590788977220654e-05,0.0002203039184678346,0.0002203039184678346,0.0,2.044585744442884e-05,4.513219028012827e-05,0.0,-5.0035188905894756e-05,-3.5740085877478123e-06,9.555043652653694e-05,0.00014833343448117375,5.289714317768812e-05,-4.7654611989855766e-07,-0.00014974077930673957,-0.00024145643692463636,0.0,-8.410541340708733e-05,5.563738523051143e-05,8.423160761594772e-05,9.24526248127222e-05,7.815530989319086e-05,-8.589227218180895e-05,-0.0001452143769711256,-0.00015867449110373855
14082,0.1,2,16,0.017133552581071854,4,0.000225018709897995,0.004925996996462345,4,0.0016323747113347054,0.004987707361578941,0.004881490487605333,0.00611972576007247,0.00444061541929841,0.006126162130385637,0.008548105135560036,0.008548105135560036,0.0,0.0006675886106677353,0.0019772439263761044,0.0,-0.002659238874912262,7.218681275844574e-05,0.00470097828656435,0.004925996996462345,0.0025269854813814163,-0.00034118257462978363,-0.008444514125585556,-0.00839768536388874,0.0,-0.0016591232270002365,-0.0006679613143205643,0.003355332650244236,0.004987707361578941,0.0015987316146492958,0.0002615880221128464,-0.00582941435277462,-0.007078595459461212
14258,0.1,2,15,0.3389146327972412,2,0.0019176006317138672,0.009437233209609985,4,0.0003883242607116699,0.03347671031951904,0.09631204605102539,0.12243641912937164,0.10621412843465805,0.14485038816928864,0.04421055316925049,0.02624848484992981,0.01796206831932068,0.01897367462515831,0.043517105281353,0.0,-0.0003177225589752197,0.009437233209609985,-0.001767277717590332,-0.012858301401138306,-0.0008196234703063965,-0.015590637922286987,-0.002869635820388794,0.007519632577896118,0.0,-0.0178774893283844,-0.004640817642211914,0.03308838605880737,0.03347671031951904,0.018176943063735962,-0.014483779668807983,-0.04444584250450134,-0.03875851631164551
14262,0.1,3,15,0.0008849757141433656,5,0.00011947914026677608,0.0002101212739944458,5,3.835494862869382e-05,0.00011065363651141524,0.0001334653061348945,0.00017631905211601406,0.00011556791287148371,0.00016241132107097656,0.0003031652304343879,0.0003031652304343879,0.0,2.8227612347109243e-05,6.756281072739512e-05,0.0,-0.0003190282150171697,7.313245441764593e-05,9.064213372766972e-05,8.957012323662639e-05,0.0002101212739944458,-0.00011123676085844636,-0.0001333873369731009,-0.00013017194578424096,0.0,-0.00035712862154468894,4.942936357110739e-05,6.062572356313467e-05,7.229868788272142e-05,0.00011065363651141524,-0.00010837864829227328,-0.0001046867691911757,-0.00011802493827417493
14358,0.1,3,16,0.027222437784075737,5,0.003002988174557686,0.008676758036017418,5,0.0007852204144001007,0.007312430068850517,0.007477148436009884,0.010315838269889355,0.00839387346059084,0.012189565226435661,0.013731620274484158,0.013731620274484158,0.0,0.003105160780251026,0.0071601783856749535,0.0,-0.012889044359326363,0.004221143200993538,0.005666770040988922,0.005673769861459732,0.008676758036017418,-0.006786582991480827,-0.00927690975368023,-0.009159324690699577,0.0,-0.009976973757147789,0.0012053512036800385,0.005432995036244392,0.0065272096544504166,0.007312430068850517,-0.0025073811411857605,-0.00890984944999218,-0.010580705478787422
14376,0.1,0,16,0.5029596090316772,4,0.04488787055015564,0.11525881290435791,4,0.05277678370475769,0.07967880368232727,0.1763395071029663,0.25045645236968994,0.16175377368927002,0.19631445407867432,0.18101856112480164,0.18101856112480164,0.0,0.044169045984745026,0.10897613316774368,0.0,-0.030096590518951416,0.008739084005355835,0.07037094235420227,0.11525881290435791,0.03701499104499817,-0.008078813552856445,-0.0758330225944519,-0.11500430107116699,0.0,-0.0019077062606811523,-0.025490522384643555,0.01145702600479126,0.07967880368232727,-0.0006328821182250977,0.02690201997756958,-0.018730878829956055,-0.08454006910324097
14392,0.1,3,16,0.48163414001464844,2,0.027558326721191406,0.06545001268386841,5,0.009413033723831177,0.08738797903060913,0.1513795256614685,0.21983063220977783,0.2780956029891968,0.31732940673828125,0.1374649703502655,0.11347183585166931,0.02399313449859619,0.022581452503800392,0.06819386780261993,0.0,-0.017657727003097534,0.06545001268386841,-0.01770344376564026,-0.06625485420227051,-0.006602883338928223,-0.1048957109451294,-0.000874936580657959,0.037891685962677,0.0,-0.087211012840271,0.056869566440582275,0.07797494530677795,0.03686857223510742,0.08738797903060913,-0.07487088441848755,-0.09817606210708618,-0.04540020227432251
14496,0.1,2,16,0.035844456404447556,4,0.001421995460987091,0.01520376093685627,6,0.0027633309364318848,0.004820019006729126,0.01520686037838459,0.01834006980061531,0.014159840531647205,0.0182900819927454,0.017595814540982246,0.01389266550540924,0.0037031490355730057,0.0026401388458907604,0.009185061790049076,0.0,-0.016216520220041275,0.004554133862257004,0.013781765475869179,0.01520376093685627,0.013430953025817871,-0.005385514348745346,-0.023497942835092545,-0.026297375559806824,0.0,0.002056688070297241,-0.006970331072807312,-0.0015569701790809631,-0.002472229301929474,-0.003421265631914139,0.004820019006729126,0.0008703321218490601,0.0012900009751319885
14682,0.1,0,16,0.18748214840888977,4,0.0028652995824813843,0.022567912936210632,4,0.017217159271240234,0.035712867975234985,0.04351223260164261,0.0626453161239624,0.0668288916349411,0.08285214751958847,0.05627897381782532,0.05627897381782532,0.0,0.010208409279584885,0.027904490008950233,0.0,-0.004351869225502014,-0.00520285964012146,0.019702613353729248,0.022567912936210632,0.004835054278373718,0.00583261251449585,-0.03489196300506592,-0.026702433824539185,0.0,-0.003868013620376587,-0.00708925724029541,0.01849570870399475,0.035712867975234985,0.004702389240264893,0.008541464805603027,-0.024194344878196716,-0.034032925963401794
14719,0.1,3,16,0.0009818024700507522,2,6.836437387391925e-05,0.00011290592374280095,5,0.00012114015407860279,0.0002527458709664643,0.0001651435741223395,0.0002896804653573781,0.00031386699993163347,0.00044020856148563325,0.000337683770339936,0.0002908657770603895,4.68179932795465e-05,9.123330528382212e-05,0.00027275760658085346,0.0,-0.00011027336586266756,0.00011290592374280095,1.988868461921811e-05,-1.2028147466480732e-05,4.45415498688817e-05,-0.00021446216851472855,-5.585269536823034e-05,-2.131727524101734e-05,0.0,-0.0006624100496992469,7.360178278759122e-05,0.00012684141984209418,0.0001316057168878615,0.0002527458709664643,-0.00015230744611471891,-0.00020517490338534117,-0.00021196180023252964
14742,0.1,1,16,0.007558201439678669,4,0.00016653165221214294,0.002620010171085596,4,0.0001569557934999466,0.002817891538143158,0.0020306529477238655,0.002983890473842621,0.002078553894534707,0.00281212548725307,0.004496591631323099,0.004496591631323099,0.0,0.0005397431668825448,0.0011923739220947027,0.0,-0.0015904996544122696,0.0009932462126016617,0.002453478518873453,0.002620010171085596,0.0014980006963014603,-0.001738143153488636,-0.004159575328230858,-0.004257950931787491,0.0,-0.001728222705423832,0.0011405833065509796,0.0026609357446432114,0.002817891538143158,0.0015765619464218616,-0.002197353169322014,-0.004815032705664635,-0.004583404399454594
14786,0.1,0,16,0.03930870443582535,4,0.0006956793367862701,0.0067528970539569855,3,0.0019421111792325974,0.01390564814209938,0.00855266209691763,0.012109445407986641,0.014205822721123695,0.01801495999097824,0.017738569527864456,0.017288459464907646,0.00045011006295681,0.002072063507512212,0.004684269893914461,0.0,-0.001574590802192688,-0.0006074979901313782,0.006057217717170715,0.0067528970539569855,0.0017699487507343292,0.0006422773003578186,-0.009824790060520172,-0.008631713688373566,0.0,-0.004564963281154633,-0.0011070184409618378,0.01390564814209938,0.011963536962866783,0.004857093095779419,0.0012932270765304565,-0.023615889251232147,-0.01511930301785469
14852,0.1,2,16,0.020645249634981155,3,0.0005523990839719772,0.002713756635785103,3,0.0001684604212641716,0.010276013053953648,0.00600072555243969,0.009642190299928188,0.007531632669270039,0.010269316844642162,0.01160900853574276,0.01160900853574276,0.0,0.0016159974038600922,0.0034381726291030645,0.0,-0.0003420878201723099,-0.0022728629410266876,0.002713756635785103,0.0015969835221767426,0.0003304053097963333,0.0021613575518131256,-0.00374467670917511,-0.002068718895316124,0.0,-0.01154862716794014,0.007857409305870533,0.010276013053953648,0.010107552632689476,0.008421679027378559,-0.016713112592697144,-0.022145211696624756,-0.018337897956371307
14893,0.1,3,16,0.23194147646427155,8,0.0024370700120925903,0.018290698528289795,7,0.003273993730545044,0.025294095277786255,0.08446715772151947,0.11930055916309357,0.08019032329320908,0.11773636192083359,0.04075120389461517,0.03707286715507507,0.0036783367395401,0.016533348709344864,0.03943369910120964,0.0,0.003735587000846863,0.015853628516197205,-0.013223528861999512,-0.01933334767818451,-0.014902472496032715,-0.022419199347496033,0.014473676681518555,0.018290698528289795,0.0,-0.007708519697189331,0.02202010154724121,-0.02885742485523224,-0.01591208577156067,-0.019169315695762634,-0.033533766865730286,0.025294095277786255,0.01068665087223053
14903,0.1,0,16,0.07693690806627274,4,0.011982012540102005,0.01946178451180458,4,0.006441444158554077,0.010776132345199585,0.02449539676308632,0.029949931427836418,0.02523433230817318,0.03048482909798622,0.02788161113858223,0.02788161113858223,0.0,0.00348289986141026,0.007284659426659346,0.0,-0.003945194184780121,-0.004197709262371063,0.007479771971702576,0.01946178451180458,0.004495888948440552,0.004767470061779022,-0.010101377964019775,-0.028218388557434082,0.0,-0.0014160722494125366,-0.004044137895107269,0.0004061758518218994,0.010776132345199585,0.0009223371744155884,0.004334688186645508,-0.002418406307697296,-0.01527838408946991
14917,0.1,2,12,0.917232871055603,8,0.04623270034790039,0.1261746883392334,8,0.008297741413116455,0.028223514556884766,0.25739893317222595,0.3124821186065674,0.2893926501274109,0.3549959659576416,0.15270262956619263,0.15270262956619263,0.0,0.03672458976507187,0.11318126320838928,0.0,0.03956878185272217,0.0769382119178772,-0.06977427005767822,-0.1176530122756958,-0.042115867137908936,-0.09742879867553711,0.07994198799133301,0.1261746883392334,0.0,-0.01965177059173584,0.01974087953567505,0.014445841312408447,-0.02478647232055664,0.01992577314376831,-0.02682572603225708,-0.01668161153793335,0.028223514556884766
14971,0.1,3,15,0.0016020808834582567,5,3.9639766328036785e-05,0.00018485274631530046,5,0.00020038988441228867,0.0005084570730105042,0.00032502232352271676,0.0003928201913367957,0.0003348151803947985,0.0005035877111367881,0.0006072975229471922,0.0006072975229471922,0.0,8.765009988564998e-05,0.0002899011305999011,0.0,-0.00025050248950719833,0.0001339047448709607,0.00014307035598903894,0.00014521297998726368,0.00018485274631530046,-0.00025216839276254177,-0.0002343199448660016,-0.00024966965429484844,0.0,-0.0013594564516097307,0.00016068783588707447,0.00024116039276123047,0.0003080671885982156,0.0005084570730105042,-0.0004111242014914751,-0.00040196371264755726,-0.0005265180952847004
15276,0.1,0,9,1.5152311325073242,4,0.06575238704681396,0.17585420608520508,8,0.0154038667678833,0.13110506534576416,0.33429625630378723,0.40714818239212036,0.4276282787322998,0.5932884216308594,0.30077457427978516,0.04840505123138428,0.2523695230484009,0.07138948142528534,0.3096555769443512,0.0,-0.03335857391357422,-0.011988162994384766,0.11010181903839111,0.17585420608520508,0.043329715728759766,0.015060663223266602,-0.10424816608428955,-0.13383662700653076,0.0,0.04822802543640137,-0.030100345611572266,-0.14916658401489258,-0.1923888921737671,-0.06812655925750732,0.020845413208007812,0.11570119857788086,0.13110506534576416
15349,0.1,2,19,0.01862478256225586,2,0.002350224182009697,0.003156043589115143,8,0.00039557740092277527,0.002786366268992424,0.0058600446209311485,0.007123105693608522,0.003207756672054529,0.004345182329416275,0.0050986818969249725,0.0050986818969249725,0.0,0.0006011894438415766,0.0023297874722629786,0.0,-0.0007882155478000641,0.003156043589115143,-0.00021164678037166595,-0.0022104401141405106,0.0008058194071054459,-0.00549357570707798,-0.00045389309525489807,0.0007389560341835022,0.0,0.0006222166121006012,0.0023907888680696487,-0.00398838147521019,-0.005563860759139061,-0.0011327117681503296,-0.004018332809209824,0.002313496544957161,0.002786366268992424
15427,0.1,0,17,0.06680960953235626,6,0.0027161873877048492,0.005691219121217728,2,0.0019681118428707123,0.0048676542937755585,0.02108018472790718,0.02800535038113594,0.01992848888039589,0.028199151158332825,0.010253999382257462,0.0017584189772605896,0.008495580404996872,0.004433623515069485,0.009030683897435665,0.0,-0.0005006492137908936,-0.005394876003265381,0.0017136260867118835,0.0029750317335128784,-0.0005078911781311035,0.005691219121217728,-0.005360715091228485,-0.009242862462997437,0.0,-0.004449956119060516,0.0048676542937755585,-0.0010860264301300049,-0.000608302652835846,0.002899542450904846,-0.007286235690116882,-0.0013208016753196716,-0.004119761288166046
15430,0.1,0,17,0.760265052318573,7,0.000630795955657959,0.01956123113632202,8,0.007006466388702393,0.14181047677993774,0.19625261425971985,0.2530365288257599,0.23487265408039093,0.31917688250541687,0.1592312455177307,0.15310639142990112,0.00612485408782959,0.04250868037343025,0.10710059106349945,0.0,0.002588033676147461,0.018930435180664062,-0.03301525115966797,-0.025415539741516113,-0.01535731554031372,-0.027338862419128418,0.01956123113632202,0.004809558391571045,0.0,0.0782538652420044,0.002562999725341797,-0.17941325902938843,-0.207064688205719,-0.1273331642150879,-0.006520569324493408,0.13480401039123535,0.14181047677993774
15467,0.1,2,19,0.027917664498090744,5,5.485117435455322e-05,0.006711708381772041,4,0.00035778991878032684,0.008417332544922829,0.006903701927512884,0.009571502916514874,0.005150564014911652,0.008268698118627071,0.013087908737361431,0.01307416707277298,1.3741664588451385e-05,0.001421332941390574,0.004182122182101011,0.0,-0.00716891884803772,0.005034854635596275,0.004395056515932083,0.006656857207417488,0.006711708381772041,-0.007617015391588211,-0.006117742508649826,-0.00963016226887703,0.0,-0.009102098643779755,0.005301354452967644,0.005568157881498337,0.008417332544922829,0.008059542626142502,-0.00826636329293251,-0.008043520152568817,-0.011670202016830444
15604,0.1,0,19,0.016680415719747543,5,0.0013926289975643158,0.003200771287083626,4,0.0,0.001030460000038147,0.0041349297389388084,0.00563223659992218,0.002657791133970022,0.003810194320976734,0.0040892623364925385,0.003979790955781937,0.0001094713807106018,0.0006844233721494675,0.002124888589605689,0.0,-0.0036607105284929276,0.00180814228951931,0.00180814228951931,0.00180814228951931,0.003200771287083626,-0.0026215054094791412,-0.0026215054094791412,-0.0026215054094791412,0.0,-0.0010938122868537903,0.001030460000038147,0.001030460000038147,0.001030460000038147,0.0009170975536108017,-0.0019691716879606247,-0.0019691716879606247,-0.0019691716879606247
15607,0.1,3,17,0.0012155532604083419,5,0.00015911483205854893,0.0003603539662435651,3,1.0718358680605888e-06,0.0002335126046091318,0.0004907832480967045,0.0006604305235669017,0.00048541472642682493,0.000675758405122906,0.0005225914064794779,0.0005054373177699745,1.7154088709503412e-05,8.779550262261182e-05,0.00020876388589385897,0.0,-0.0006953328847885132,0.00012990774121135473,0.00020123913418501616,0.00018647231627255678,0.0003603539662435651,-0.00024369533639401197,-0.00031737552490085363,-0.00032261270098388195,0.0,-0.0004713842645287514,-5.060120020061731e-05,0.0002335126046091318,0.00019969104323536158,0.00023244076874107122,-1.2501724995672703e-05,-0.00034487037919461727,-0.00028511881828308105
15758,0.1,0,12,2.423980712890625,4,0.06401729583740234,0.32248377799987793,8,0.09876179695129395,0.3384723663330078,0.355996698141098,0.4968791902065277,0.3951902389526367,0.6116452217102051,0.6475092172622681,0.2002859115600586,0.4472233057022095,0.09481986612081528,0.2091958224773407,0.0,-0.13077878952026367,0.09878778457641602,0.2584664821624756,0.32248377799987793,0.16108107566833496,-0.12309408187866211,-0.2817530632019043,-0.2922978401184082,0.0,0.05493927001953125,0.10614681243896484,-0.23085999488830566,-0.42104291915893555,-0.06872177124023438,-0.1319887638092041,0.23971056938171387,0.3384723663330078
15805,0.1,2,16,0.8198171854019165,2,0.02655428647994995,0.07075369358062744,5,0.014239907264709473,0.09579282999038696,0.19806060194969177,0.2577018141746521,0.18812544643878937,0.28380268812179565,0.1686326265335083,0.15073180198669434,0.017900824546813965,0.046432800590991974,0.12563225626945496,0.0,-0.0394861102104187,0.07075369358062744,0.013089299201965332,-0.012977361679077148,0.04419940710067749,-0.09199541807174683,-0.018383383750915527,0.0095062255859375,0.0,-0.06665217876434326,0.08155292272567749,0.06228524446487427,0.06965917348861694,0.09579282999038696,-0.08192425966262817,-0.05913203954696655,-0.04895985126495361
15885,0.1,3,14,5.265494346618652,3,0.005747318267822266,0.026580810546875,5,0.3427920341491699,0.4502372741699219,0.23582175374031067,0.3505409359931946,0.4256274104118347,0.6298843622207642,0.47815370559692383,0.4655170440673828,0.012636661529541016,0.16504943370819092,0.4215366244316101,0.0,-0.010724067687988281,-0.01920175552368164,0.026580810546875,0.009135246276855469,0.011605262756347656,0.020833492279052734,-0.031768798828125,-0.011876106262207031,0.0,-0.4291868209838867,0.10744524002075195,0.09237909317016602,0.060272216796875,0.4502372741699219,-0.13261079788208008,-0.1063222885131836,-0.06685400009155273
15959,0.1,1,18,0.012542416341602802,2,0.0008558705449104309,0.0016912315040826797,2,0.0003314325585961342,0.0031347032636404037,0.0015037072589620948,0.002154231769964099,0.0030905590392649174,0.003979543223977089,0.0043250806629657745,0.0043250806629657745,0.0,0.000582580512855202,0.0017777663888409734,0.0,-0.0009286422282457352,0.0016912315040826797,0.0004836069419980049,0.0006995219737291336,0.0008353609591722488,-0.0030509717762470245,-0.000992857851088047,-0.0014946768060326576,0.0,-0.0025312621146440506,0.0031347032636404037,0.0017281416803598404,0.0028032707050442696,0.0022868001833558083,-0.006203697063028812,-0.0026305997744202614,-0.004386161454021931
16047,0.1,2,2,1.332223892211914,4,0.008332371711730957,0.1488112211227417,4,0.055496811866760254,0.274272084236145,0.19868750870227814,0.2811746597290039,0.4200327396392822,0.50174480676651,0.4005224108695984,0.4005224108695984,0.0,0.07756568491458893,0.23831132054328918,0.0,-0.12664127349853516,0.038124918937683105,0.0963524580001831,0.1488112211227417,0.14047884941101074,-0.04563403129577637,-0.1220705509185791,-0.1849914789199829,0.0,-0.18110203742980957,0.052271127700805664,0.2093290090560913,0.274272084236145,0.21877527236938477,-0.04558229446411133,-0.23661208152770996,-0.28319811820983887
16151,0.1,0,19,0.008340290747582912,5,7.047131657600403e-05,0.00022393185645341873,5,9.777862578630447e-05,0.0001683579757809639,0.0016754490789026022,0.0019958040211349726,0.0010260003618896008,0.0015944630140438676,0.0003949301317334175,0.0003949301317334175,0.0,0.00019497160974424332,0.0005196771817281842,0.0,-0.0005115214735269547,0.0001534605398774147,0.0001534605398774147,0.0001534605398774147,0.00022393185645341873,-0.0003622760996222496,-0.0003622760996222496,-0.0003622760996222496,0.0,-0.0004368424415588379,7.057934999465942e-05,7.057934999465942e-05,7.057934999465942e-05,0.0001683579757809639,-0.00017932243645191193,-0.00017932243645191193,-0.00017932243645191193
16226,0.1,0,17,0.0012874656822532415,4,0.00015196145977824926,0.00037938414607197046,4,3.2624113373458385e-05,0.00010191707406193018,0.000357847340637818,0.00045431943726725876,0.0003530722751747817,0.00047739717410877347,0.0004278594278730452,0.0004278594278730452,0.0,4.5136999688111246e-05,0.00011541366257006302,0.0,-0.00021808664314448833,2.012064214795828e-05,0.0002274226862937212,0.00037938414607197046,0.00020491622854024172,-5.7026161812245846e-05,-0.00037590786814689636,-0.0006993280258029699,0.0,-4.881166387349367e-05,-4.095432814210653e-05,6.92929606884718e-05,0.00010191707406193018,4.2146653868258e-05,1.3453420251607895e-05,-0.00011654896661639214,-0.00017213996034115553
16360,0.1,3,14,4.63185453414917,6,0.12946796417236328,0.20180511474609375,5,0.021103858947753906,0.2134251594543457,0.3672247529029846,0.4921184480190277,0.5748082399368286,0.7992472648620605,0.41538238525390625,0.18408727645874023,0.23129510879516602,0.07798255980014801,0.21617957949638367,0.0,0.07233715057373047,-0.15198898315429688,-0.0060062408447265625,0.0011129379272460938,-0.06986522674560547,0.20180511474609375,0.022085189819335938,0.01857614517211914,0.0,-0.16380548477172852,0.12579917907714844,0.1923213005065918,0.1291975975036621,0.2134251594543457,-0.1575336456298828,-0.19983339309692383,-0.1152949333190918
16385,0.1,0,19,0.06837335973978043,8,0.0027360767126083374,0.008474692702293396,8,0.008967962116003036,0.02909846603870392,0.014139381237328053,0.02170231007039547,0.026022527366876602,0.03588542714715004,0.033556487411260605,0.033556487411260605,0.0,0.006936044432222843,0.014780456200242043,0.0,0.00550910085439682,-0.004692152142524719,-0.005542255938053131,-0.009142659604549408,-0.007698222994804382,0.005025953054428101,0.005738615989685059,0.008474692702293396,0.0,0.018431320786476135,-0.0017289221286773682,-0.024232015013694763,-0.046204544603824615,-0.032021500170230865,0.00186195969581604,0.020130503922700882,0.02909846603870392
16391,0.1,0,16,4.79141902923584,6,0.06896257400512695,0.2541642189025879,1,0.04384565353393555,0.5126099586486816,0.5712089538574219,0.7840803265571594,0.5711838006973267,0.7477105855941772,0.7669320106506348,0.6388645172119141,0.1280674934387207,0.21218416094779968,0.5818688273429871,0.0,0.12801170349121094,-0.2102499008178711,-0.17309951782226562,-0.14118528366088867,-0.15647077560424805,0.2541642189025879,0.18520164489746094,0.14054012298583984,0.0,0.5126099586486816,-0.16014671325683594,-0.23552322387695312,-0.34650564193725586,-0.41229248046875,0.2264266014099121,0.3294806480407715,0.4687643051147461
16403,0.1,1,19,0.020347783342003822,2,0.0024604182690382004,0.0037379469722509384,6,0.0019020717591047287,0.002716789022088051,0.005266222171485424,0.007366001605987549,0.0048760767094790936,0.007534845732152462,0.005966334603726864,0.00018609128892421722,0.005780243314802647,0.0016790556255728006,0.0041094208136200905,0.0,-0.0012853480875492096,0.0037379469722509384,0.000873638316988945,0.0011962465941905975,0.001277528703212738,-0.0070435479283332825,-0.0020231716334819794,-0.0020869355648756027,0.0,0.0007718149572610855,-0.004340967163443565,-0.001712460070848465,-0.0012561846524477005,-0.001187000423669815,0.002716789022088051,0.0008147172629833221,0.0004902463406324387
16465,0.1,0,17,0.009582475759088993,4,0.0006358111277222633,0.001604592427611351,4,0.0009478582069277763,0.0026895254850387573,0.002129927510395646,0.0028408002108335495,0.0033900639973580837,0.004442244302481413,0.0038972445763647556,0.0038972445763647556,0.0,0.0003801720158662647,0.0008320912020280957,0.0,-0.0009278543293476105,0.0004994533956050873,0.0009687812998890877,0.001604592427611351,0.0008769547566771507,-0.0008235694840550423,-0.0015718424692749977,-0.002530982717871666,0.0,-0.00170893594622612,0.0009709084406495094,0.0014838539063930511,0.0026895254850387573,0.001741667278110981,-0.0013783713802695274,-0.0020327921956777573,-0.003415074199438095
16540,0.1,2,5,3.7923104763031006,7,0.0034308433532714844,0.2613339424133301,6,0.22046613693237305,0.33513545989990234,0.45906147360801697,0.6017598509788513,0.6866078972816467,0.8903470635414124,0.5883831977844238,0.5763030052185059,0.012080192565917969,0.19059441983699799,0.5180748701095581,0.0,0.13814592361450195,-0.26170897483825684,-0.2863790988922119,-0.28249669075012207,-0.1688098907470703,0.2579030990600586,0.2613339424133301,0.24747419357299805,0.0,0.01306915283203125,-0.18189525604248047,0.09483885765075684,0.1146693229675293,0.05510735511779785,0.33513545989990234,-0.04967665672302246,-0.06481099128723145
16663,0.1,0,19,0.1280101090669632,6,3.440678119659424e-05,0.0002675950527191162,4,0.009940430521965027,0.02319246530532837,0.025948375463485718,0.037728555500507355,0.042317453771829605,0.051952116191387177,0.02385866641998291,0.023732781410217285,0.000125885009765625,0.007454263512045145,0.019798479974269867,0.0,-0.000693783164024353,-0.0008552968502044678,0.00023318827152252197,0.00011496245861053467,-0.000372275710105896,0.0002675950527191162,-0.001572147011756897,-0.00240914523601532,0.0,-0.01124468445777893,-0.006305098533630371,0.013252034783363342,0.02319246530532837,0.010677628219127655,0.006761394441127777,-0.01940770447254181,-0.03619910776615143
16740,0.1,3,19,0.002605973742902279,4,5.471287295222282e-06,0.00034986226819455624,4,1.4031771570444107e-05,0.00011736038140952587,0.0003891291271429509,0.0005333271692506969,0.0003084502532146871,0.0005584881291724741,0.0004424024373292923,0.0004424024373292923,0.0,8.71769298100844e-05,0.0002411781606497243,0.0,-0.0004539722576737404,0.00014899158850312233,0.00027564610354602337,0.00034986226819455624,0.00034439098089933395,-0.0003200247883796692,-0.00044434587471187115,-0.0005938431713730097,0.0,-0.0001268570777028799,1.4981487765908241e-05,4.161568358540535e-05,0.00011736038140952587,0.00010332860983908176,-3.8641272112727165e-05,-7.086130790412426e-05,-0.00017952127382159233
16754,0.1,0,17,0.18352438509464264,8,0.0029584169387817383,0.014485687017440796,7,0.0024120211601257324,0.01501968502998352,0.04765420779585838,0.06416469812393188,0.06495730578899384,0.08081766963005066,0.027089983224868774,0.025520727038383484,0.0015692561864852905,0.0115961330011487,0.022885261103510857,0.0,0.005519017577171326,-0.002621173858642578,-0.014057084918022156,-0.022890478372573853,-0.00827646255493164,0.0021878480911254883,0.011527270078659058,0.014485687017440796,0.0,0.009021520614624023,-0.007432490587234497,-0.012827500700950623,-0.009545952081680298,-0.010952621698379517,0.009023815393447876,0.01501968502998352,0.012607663869857788
16791,0.1,1,17,0.5023875832557678,3,0.004808783531188965,0.02783203125,6,0.030056536197662354,0.03301578760147095,0.13167595863342285,0.17092888057231903,0.14138804376125336,0.2006368786096573,0.0627535879611969,0.032216548919677734,0.030537039041519165,0.021912747994065285,0.06114928051829338,0.0,-0.017982661724090576,0.008788824081420898,0.02783203125,0.023023247718811035,0.01641198992729187,-0.009380042552947998,-0.0445171594619751,-0.04367095232009888,0.0,0.002137601375579834,-0.031180858612060547,0.0029592514038085938,0.0022133588790893555,-0.007274806499481201,0.03301578760147095,-0.011298894882202148,-0.00802767276763916
16864,0.1,0,12,1.744247555732727,7,0.01753818988800049,0.02268517017364502,2,0.024246931076049805,0.13525855541229248,0.3040016293525696,0.37988194823265076,0.4340782165527344,0.589483916759491,0.15723919868469238,0.13420021533966064,0.02303898334503174,0.10910186916589737,0.3582189679145813,0.0,0.005146980285644531,0.0031594038009643555,-0.02098238468170166,-0.0023804903030395508,-0.007094979286193848,-0.00721132755279541,0.02268517017364502,-0.0018233060836791992,0.0,-0.10001528263092041,0.13525855541229248,0.059543609619140625,0.09591877460479736,0.11101162433624268,-0.16811037063598633,-0.07291090488433838,-0.10276544094085693
16872,0.1,2,17,0.1512627750635147,4,0.003426365554332733,0.05059666931629181,6,0.010600917041301727,0.04585500806570053,0.04105887562036514,0.05345190316438675,0.055656760931015015,0.07210700213909149,0.08144304156303406,0.07351776212453842,0.007925279438495636,0.01154126413166523,0.027214178815484047,0.0,-0.03817625343799591,-0.0001472383737564087,0.047170303761959076,0.05059666931629181,0.03573114424943924,-0.009736642241477966,-0.073082834482193,-0.07865206897258759,0.0,-0.010393321514129639,-0.06504517793655396,0.035254091024398804,0.03516726195812225,0.011476486921310425,0.04585500806570053,-0.0488395094871521,-0.044664084911346436
16954,0.1,0,16,2.0735065937042236,8,0.013375043869018555,0.042421817779541016,7,0.07934045791625977,0.43254125118255615,0.34596195816993713,0.45765596628189087,0.4359453320503235,0.5853040814399719,0.45888662338256836,0.4260364770889282,0.03285014629364014,0.20059923827648163,0.40841755270957947,0.0,0.003210783004760742,0.02904677391052246,-0.041500091552734375,-0.0920257568359375,-0.009839534759521484,-0.03717160224914551,0.006643533706665039,0.042421817779541016,0.0,0.12354099750518799,0.005826473236083984,-0.49427103996276855,-0.49375414848327637,-0.16115522384643555,-0.00675511360168457,0.43254125118255615,0.3532007932662964
16990,0.1,2,19,0.007523180451244116,2,1.680338755249977e-05,0.00016494560986757278,5,0.00014990800991654396,0.0016684606671333313,0.0011177515843883157,0.0015990142710506916,0.0016457547899335623,0.0021356972865760326,0.0018233698792755604,0.001787218265235424,3.615161404013634e-05,0.00034507998498156667,0.0007216115482151508,0.0,-0.000668852124363184,0.00016494560986757278,0.000148142222315073,0.00010838313028216362,0.00011926935985684395,-0.0007591811008751392,-0.0004321145825088024,-0.0006025196053087711,0.0,-0.0019752238877117634,0.001005834899842739,0.0014722221530973911,0.0015185526572167873,0.0016684606671333313,-0.0016683987341821194,-0.0023217354901134968,-0.0023117023520171642
17060,0.1,2,19,0.005001058802008629,4,0.0002034488134086132,0.0008065486326813698,4,0.0002909991890192032,0.000683334656059742,0.0008221953175961971,0.0012364559806883335,0.0008972411742433906,0.0013212256599217653,0.001415005186572671,0.001415005186572671,0.0,0.00021904395543970168,0.0005216709687374532,0.0,-0.00041506486013531685,-0.0006381804123520851,0.0006030998192727566,0.0008065486326813698,0.0003319387324154377,0.00034309225156903267,-0.0009741815738379955,-0.0013626646250486374,0.0,-0.00046723242849111557,-0.00015999842435121536,0.0003824867308139801,0.000683334656059742,0.0003923354670405388,4.625879228115082e-06,-0.0006222957745194435,-0.000978210475295782
101,0.2,0,1,0.019770117476582527,4,0.0007195193320512772,0.0025198552757501602,4,0.0017339298501610756,0.005372100509703159,0.009711639024317265,0.011192710138857365,0.009239650331437588,0.011205342598259449,0.008591396734118462,0.008591396734118462,0.0,0.000676801719237119,0.0022548476699739695,0.0,-0.000997854396700859,-0.002614477649331093,0.00046538934111595154,0.0025198552757501602,-0.0001921243965625763,0.001800335943698883,-0.003499787300825119,-0.008498745039105415,0.0,-0.004513820633292198,0.00023974105715751648,0.0031389426440000534,0.005372100509703159,0.0036381706595420837,-0.0008188467472791672,-0.007617967203259468,-0.0159356240183115
257,0.2,3,0,3.834249496459961,5,0.1318371295928955,0.5073447227478027,8,0.12709569931030273,0.521472692489624,0.5932207703590393,0.8266243934631348,1.2142226696014404,1.6697149276733398,1.0605578422546387,0.27713990211486816,0.7834179401397705,0.051381826400756836,0.3140939772129059,0.0,-0.31355857849121094,0.3755075931549072,0.22066783905029297,0.25867438316345215,0.5073447227478027,-0.44098901748657227,-0.2488088607788086,-0.23575115203857422,0.0,0.35494518280029297,-0.12163877487182617,-0.32028818130493164,-0.47373294830322266,-0.5187397003173828,0.19553899765014648,0.3943769931793213,0.521472692489624
295,0.2,0,1,0.0033481037244200706,4,0.0006301270332187414,0.0013745161704719067,4,0.0004271436482667923,0.0010922302026301622,0.0011034068884328008,0.0014529412146657705,0.0011839274084195495,0.0014667082577943802,0.002024922054260969,0.002024922054260969,0.0,0.00018739700317382812,0.000410161359468475,0.0,-0.0003233507741242647,-0.00044876663014292717,0.0007443891372531652,0.0013745161704719067,0.0004137847572565079,0.000519575783982873,-0.001721156295388937,-0.004245709162205458,0.0,-0.00028985645622015,-0.0003374847583472729,0.0006650865543633699,0.0010922302026301622,0.0003614877350628376,0.00039476738311350346,-0.0015078792348504066,-0.002675483003258705
361,0.2,3,1,0.0009394046501256526,6,7.027044193819165e-05,7.753539830446243e-05,5,9.267451241612434e-05,0.0002275017905049026,0.00019702613644767553,0.0002907589077949524,0.00038675795076414943,0.0004973551258444786,0.00028921017656102777,0.00012815697118639946,0.0001610532053746283,3.889666550094262e-05,0.00012723440886475146,0.0,5.597597919404507e-06,-7.240852573886514e-05,7.2649563662707806e-06,-5.716690793633461e-06,-0.00018958497093990445,7.753539830446243e-05,-2.3938308004289865e-05,-1.286243787035346e-05,0.0,-0.0003297262010164559,5.2404182497411966e-05,6.538658635690808e-05,0.00013482727808877826,0.0002275017905049026,-0.0001248062471859157,-0.00011468416778370738,-0.0002559074782766402
368,0.2,0,1,0.015434346161782742,4,0.0011996431276202202,0.0038201389834284782,5,0.0003077946603298187,0.0005834493786096573,0.0056205871514976025,0.006782649550586939,0.009352602995932102,0.011098461225628853,0.004389668814837933,0.004344631917774677,4.503689706325531e-05,0.0009557019220665097,0.0021531498059630394,0.0,-0.002797323279082775,-0.002110791392624378,0.002620495855808258,0.0038201389834284782,0.002565300092101097,0.0022863075137138367,-0.005945255048573017,-0.010393866337835789,0.0,-0.001841341145336628,0.00016763806343078613,0.00022328831255435944,0.00027565471827983856,0.0005834493786096573,-0.0005675060674548149,-0.0019944673404097557,-0.004366508685052395
419,0.2,1,1,0.00686512840911746,4,9.951461106538773e-05,0.0006905924528837204,5,0.0006498871371150017,0.004743904806673527,0.0013937862822785974,0.00197279779240489,0.004399260506033897,0.005080008413642645,0.004975540097802877,0.00488725770264864,8.828239515423775e-05,0.00037251494359225035,0.0007406200747936964,0.0,-0.0009155925363302231,-0.00013768207281827927,0.0005910778418183327,0.0006905924528837204,0.0005473657511174679,-0.00039902515709400177,-0.0013127163983881474,-0.001747265923768282,0.0,-0.012799210846424103,0.0029429765418171883,0.0034306528978049755,0.004094017669558525,0.004743904806673527,-0.009375551715493202,-0.01094844751060009,-0.015231845900416374
498,0.2,0,1,0.0006814065272919834,5,3.4549739211797714e-06,7.195596117526293e-05,5,1.8943857867270708e-05,0.00014117674436420202,0.00019565821276046336,0.00026061481912620366,0.00015856702520977706,0.00020490941824391484,0.00020647031487897038,0.00020647031487897038,0.0,3.381256101420149e-05,9.792839409783483e-05,0.0,-0.00010828155791386962,3.371381899341941e-05,3.5024306271225214e-05,6.850098725408316e-05,7.195596117526293e-05,-9.279645746573806e-05,-8.469645399600267e-05,-0.00014997099060565233,0.0,-0.0002464456483721733,4.050438292324543e-05,9.864295134320855e-05,0.00012223288649693131,0.00014117674436420202,-0.00015402073040604591,-0.0002410861779935658,-0.0003074223059229553
520,0.2,0,1,0.02705015242099762,4,0.005386753007769585,0.0153612419962883,4,0.0016651153564453125,0.010213352739810944,0.018438832834362984,0.01983296126127243,0.010088233277201653,0.012361644767224789,0.019819963723421097,0.019819963723421097,0.0,0.0010277333203703165,0.003043514210730791,0.0,-0.008818455040454865,-0.0035255495458841324,0.009974488988518715,0.0153612419962883,0.008862379938364029,0.00337071530520916,-0.02400679886341095,-0.04313626140356064,0.0,-0.010895892977714539,0.00220661424100399,0.004196587949991226,0.010213352739810944,0.008548237383365631,-0.00845714658498764,-0.010108370333909988,-0.02897031605243683
569,0.2,0,1,0.00444970466196537,4,3.382610157132149e-05,7.465248927474022e-05,6,0.0006485250778496265,0.0015114634297788143,0.001059081987477839,0.0016756337136030197,0.00197034515440464,0.0026117628440260887,0.0015886062756180763,0.0014067536685615778,0.00018185260705649853,0.0003046694619115442,0.000925454602111131,0.0,-0.0002687745727598667,1.9463710486888885e-05,4.082638770341873e-05,7.465248927474022e-05,2.4329405277967453e-05,-0.00014418596401810646,-0.00020707538351416588,-0.00043000420555472374,0.0,0.0008629383519291878,-0.0017806319519877434,-0.0009085577912628651,-0.0007217889651656151,-0.0029398882761597633,0.0015114634297788143,0.0006024823524057865,3.952113911509514e-05
575,0.2,0,1,0.016549570485949516,4,7.78641551733017e-05,0.0016585057601332664,4,0.0003837449476122856,0.006263276562094688,0.00675115454941988,0.008287156000733376,0.008065702393651009,0.009575149975717068,0.007789808325469494,0.007304012775421143,0.0004857955500483513,0.0012211669236421585,0.003583664773032069,0.0,-0.0015468914061784744,0.00028848275542259216,0.0013304119929671288,0.0016585057601332664,0.0015806416049599648,-0.001213766634464264,-0.004609700292348862,-0.00552816316485405,0.0,-0.001344805583357811,-0.0067918431013822556,0.004764990881085396,0.006263276562094688,0.0015723034739494324,0.005879531614482403,-0.007095055654644966,-0.008124526590108871
638,0.2,1,1,0.00016068121476564556,5,9.535659046377987e-06,5.101468559587374e-05,5,3.6950441426597536e-06,4.2075007513631135e-05,2.6144723960896954e-05,3.4339274861849844e-05,1.8170754628954455e-05,3.434523387113586e-05,7.938378257676959e-05,7.938378257676959e-05,0.0,6.418585599021753e-06,2.5119827114394866e-05,0.0,-8.009256271179765e-05,2.5745408493094146e-05,3.4804121241904795e-05,4.147902654949576e-05,5.101468559587374e-05,-6.483732431661338e-05,-9.27256332943216e-05,-0.00011822961096186191,0.0,-0.00010321331501472741,1.9904953660443425e-05,2.8129274141974747e-05,3.837996337097138e-05,4.2075007513631135e-05,-5.8878198615275323e-05,-8.283370698336512e-05,-0.00013110054715070873
684,0.2,0,0,0.032879773527383804,2,2.310052514076233e-05,0.006330987438559532,2,0.0002558007836341858,0.005343930795788765,0.00868704542517662,0.01194799691438675,0.01700904592871666,0.020573675632476807,0.010871538892388344,0.010223256424069405,0.0006482824683189392,0.0015027893241494894,0.004062067251652479,0.0,0.0014761164784431458,0.006330987438559532,-0.013997647911310196,-0.026245109736919403,-0.0053954944014549255,-0.015569690614938736,0.00630788691341877,0.004230296239256859,0.0,-0.004323430359363556,0.005343930795788765,6.506219506263733e-05,0.0018273703753948212,0.005088130012154579,-0.012049831449985504,-0.002251122146844864,-0.005466394126415253
754,0.2,0,1,0.0013105622492730618,4,8.337001781910658e-05,0.0004357104189693928,6,8.203834295272827e-05,0.00017228478100150824,0.0006196872564032674,0.0007101542432792485,0.00026436461484991014,0.00036964507307857275,0.0005491048796102405,0.0005283784703351557,2.0726409275084734e-05,5.993782542645931e-05,0.00021416641538962722,0.0,-0.00037792231887578964,0.00017716677393764257,0.000244565075263381,0.0004357104189693928,0.0003523404011502862,-0.0004392096307128668,-0.0005717679159715772,-0.0012409540358930826,0.0,-1.1429074220359325e-05,-0.00022486608941107988,-6.785965524613857e-06,9.024643804877996e-05,-0.00012464087922126055,0.00017228478100150824,-0.0001267836196348071,-0.0004853809950873256
767,0.2,0,8,5.462348937988281,7,0.049280643463134766,0.6536145210266113,2,0.11451292037963867,0.4950437545776367,0.9354276657104492,1.3457430601119995,1.1008079051971436,1.5047250986099243,1.1032609939575195,0.9521632194519043,0.15109777450561523,0.26553991436958313,0.6211792230606079,0.0,0.2001323699951172,0.39316511154174805,-0.524510383605957,-0.6010689735412598,-0.26383495330810547,-0.24219036102294922,0.6536145210266113,0.6043338775634766,0.0,0.11423873901367188,0.4950437545776367,-0.4562644958496094,-0.5409026145935059,-0.19059228897094727,-0.7009391784667969,0.38053083419799805,0.362093448638916
794,0.2,1,1,0.5486757755279541,5,0.04705682396888733,0.11872127652168274,6,0.03730645775794983,0.09091898798942566,0.3543519377708435,0.39623570442199707,0.3926416039466858,0.43857353925704956,0.20278024673461914,0.11663550138473511,0.08614474534988403,0.01419319398701191,0.04893699288368225,0.0,-0.1141124963760376,0.01768040657043457,0.05384376645088196,0.07166445255279541,0.11872127652168274,-0.0371134877204895,-0.08907926082611084,-0.11787354946136475,0.0,0.006533503532409668,-0.17370975017547607,0.017747163772583008,0.05361253023147583,-0.0670698881149292,0.09091898798942566,-0.049519121646881104,-0.11370164155960083
927,0.2,0,1,0.017369886860251427,4,0.00222767423838377,0.00980411283671856,4,0.0018485253676772118,0.007426057010889053,0.010470375418663025,0.011596571654081345,0.007928489707410336,0.009969750419259071,0.01303673256188631,0.01303673256188631,0.0,0.0008019700762815773,0.0024776931386440992,0.0,-0.009602176025509834,0.0005884170532226562,0.006537569686770439,0.00980411283671856,0.007576438598334789,-0.0015473756939172745,-0.016981402412056923,-0.035280488431453705,0.0,-0.010796641930937767,-0.0006238967180252075,0.004403520375490189,0.007426057010889053,0.005577531643211842,-0.0007143989205360413,-0.012484321370720863,-0.025064842775464058
1144,0.2,2,1,0.0007035640883259475,4,1.7869751900434494e-06,5.8015750255435705e-05,7,2.97828228212893e-05,6.528286030516028e-05,0.00014717919111717492,0.00019822653848677874,0.0002263834758196026,0.0002973813097923994,0.0001269957865588367,3.871653461828828e-05,8.827925194054842e-05,2.284373840666376e-05,5.542787766898982e-05,0.0,-9.672518353909254e-05,-6.194517482072115e-06,5.5513984989374876e-05,5.8015750255435705e-05,5.6228775065392256e-05,-2.823234535753727e-05,-0.0001758136786520481,-0.00021464104065671563,0.0,3.550003748387098e-05,-4.2288622353225946e-05,-6.396829849109054e-05,-1.6081787180155516e-05,-9.458110434934497e-05,3.216438926756382e-05,6.528286030516028e-05,-9.172596037387848e-06
1154,0.2,2,1,0.0010839784517884254,5,0.00012653064914047718,0.0005973653169348836,6,2.1435553207993507e-06,2.66743591055274e-05,0.0005145952454768121,0.0005731183337047696,0.00012140082981204614,0.0002499388065189123,0.0006202426739037037,0.0005946248420514166,2.5617831852287054e-05,5.28103846590966e-05,0.00012828476610593498,0.0,-0.0010398621670901775,0.00032585638109594584,0.0003480127779766917,0.0004708346677944064,0.0005973653169348836,-0.00087354751303792,-0.000874499324709177,-0.0014514855574816465,0.0,-5.298922769725323e-05,-9.525951463729143e-05,2.143473830074072e-05,2.453080378472805e-05,-4.5487540774047375e-05,2.66743591055274e-05,-6.358674727380276e-05,-0.00010216550435870886
1158,0.2,0,1,0.3130711317062378,4,0.02516019344329834,0.19059443473815918,4,0.00998792052268982,0.2698812186717987,0.1855439692735672,0.20382870733737946,0.23052220046520233,0.25380176305770874,0.2975555658340454,0.2975555658340454,0.0,0.009255927056074142,0.025964610278606415,0.0,-0.11278179287910461,0.014894187450408936,0.16543424129486084,0.19059443473815918,0.11422620713710785,-0.046254754066467285,-0.46354252099990845,-0.4974284768104553,0.0,-0.5641538500785828,0.07306933403015137,0.2452080249786377,0.2698812186717987,0.2598932981491089,-0.13477206230163574,-0.8906247615814209,-1.0241092443466187
1173,0.2,0,1,0.0049649993889033794,4,0.0004184567369520664,0.0007029450498521328,4,5.074753426015377e-05,0.0019445107318460941,0.0013734475942328572,0.0016457258025184274,0.002403541235253215,0.002733111148700118,0.002453436143696308,0.00244118832051754,1.2247823178768158e-05,0.00018741298117674887,0.0004495263274293393,0.0,-0.0004272926598787308,-0.0002453923225402832,0.00019929930567741394,0.0007029450498521328,0.00026989448815584183,0.0002844883129000664,-0.0005485806614160538,-0.001810145564377308,0.0,-0.002698257565498352,0.00037597399204969406,0.0011507906019687653,0.0019445107318460941,0.0018937631975859404,-0.0007127639837563038,-0.002730789128690958,-0.006006105337291956
1199,0.2,0,1,0.1507970243692398,7,0.004266753792762756,0.02038612961769104,7,0.009199216961860657,0.026172786951065063,0.09529422223567963,0.10477814078330994,0.10430963337421417,0.11732009798288345,0.03747738152742386,0.03747738152742386,0.0,0.0029120841063559055,0.012181509286165237,0.0,0.005060702562332153,0.016119375824928284,-0.07712312042713165,-0.07437074184417725,-0.014108717441558838,-0.047366902232170105,0.02038612961769104,0.01036040484905243,0.0,0.005974903702735901,0.012697219848632812,-0.054631397128105164,-0.04549168050289154,-0.01092560589313507,-0.028443843126296997,0.026172786951065063,0.016973569989204407
1202,0.2,0,1,0.0005551227368414402,7,8.340866770595312e-07,9.448494529351592e-05,4,2.478226087987423e-05,3.264570841565728e-05,0.0001231722708325833,0.00016602780669927597,0.0001753169926814735,0.00021657798788510263,0.00012677631457336247,7.208416354842484e-05,5.469215102493763e-05,4.164998608757742e-05,0.00010032337013399228,0.0,9.353170753456652e-05,-0.00010257697431370616,-0.00010233873035758734,-9.614392183721066e-05,-0.00025338534032925963,9.365085861645639e-05,9.448494529351592e-05,7.875668234191835e-05,0.0,-7.231731433421373e-05,-1.1199444998055696e-05,7.863447535783052e-06,3.264570841565728e-05,-1.1199444998055696e-05,-2.287526149302721e-05,-5.7067954912781715e-05,-0.00011699175229296088
1208,0.2,2,1,0.14532025158405304,8,0.01334100216627121,0.044148728251457214,2,0.02569688856601715,0.06276033818721771,0.07138867676258087,0.08264967799186707,0.09419228136539459,0.1093723401427269,0.08247211575508118,0.06684789806604385,0.015624217689037323,0.0031999603379517794,0.011484770104289055,0.0,0.019678115844726562,-0.0014231204986572266,-0.04808546602725983,-0.08053179085254669,-0.0701567679643631,-0.01688334345817566,0.030807726085186005,0.044148728251457214,0.0,-0.03308132290840149,0.06276033818721771,0.0033483505249023438,-0.058470577001571655,0.03172209858894348,-0.1966276317834854,-0.010749831795692444,0.03706344962120056
1402,0.2,0,1,0.0007587176514789462,5,4.014745354652405e-05,0.00012901407899335027,6,5.955807864665985e-07,5.8608187828212976e-05,0.00026842457009479403,0.0003473037504591048,0.00016315991524606943,0.0002483043645042926,0.00017821771325543523,0.00011424155673012137,6.397615652531385e-05,3.4699369280133396e-05,0.00010830404789885506,0.0,-0.00012554338900372386,8.886662544682622e-05,5.443883128464222e-05,5.968031473457813e-05,0.00012901407899335027,-0.0001898574410006404,-0.00010136503260582685,-0.00011946907034143806,0.0,-3.76408570446074e-05,-6.122520426288247e-05,1.7153273802250624e-05,5.801260704174638e-05,-4.323921166360378e-05,5.8608187828212976e-05,-5.836656782776117e-05,-0.00015519984299317002
1457,0.2,0,1,0.011893314309418201,8,0.00015636999160051346,0.0011499160900712013,4,0.0005899760872125626,0.0023515745997428894,0.003942231182008982,0.0049469489604234695,0.006144077517092228,0.007441162597388029,0.0034364666789770126,0.00042994413524866104,0.0030065225437283516,0.0007330863736569881,0.0015814792132005095,0.0,0.0006495239213109016,-0.00016160868108272552,-0.0030226493254303932,-0.00614964310079813,-0.0016576014459133148,-0.0006308555603027344,0.0009935460984706879,0.0011499160900712013,0.0,-0.0017958953976631165,0.0003667781129479408,0.0010654786601662636,0.0023515745997428894,0.0017615985125303268,-0.0015330500900745392,-0.0023609837517142296,-0.005337498150765896
1473,0.2,1,1,0.002544738817960024,6,0.00026580330450087786,0.0007598622469231486,4,0.00018263922538608313,0.0007378481095656753,0.001182717620395124,0.0013561004307121038,0.0007258314872160554,0.0009092388208955526,0.0012517966097220778,0.0010666828602552414,0.00018511374946683645,7.806583016645163e-05,0.0002191395324189216,0.0,0.00012141070328652859,-0.0007409872487187386,-9.750248864293098e-06,0.0004940589424222708,-0.00019356072880327702,0.0007598622469231486,7.372349500656128e-06,-0.0010723164305090904,0.0,-0.0005619123112410307,-0.0003761488478630781,0.0005400995723903179,0.0007378481095656753,0.0005552088841795921,0.00037724198773503304,-0.001226123422384262,-0.0019558784551918507
1524,0.2,2,1,0.0011073178611695766,5,8.729909313842654e-05,0.00022031739354133606,5,0.000257441948633641,0.0005786452093161643,0.00028563884552568197,0.0003811560745816678,0.000371646776329726,0.0005135458777658641,0.0006858826382085681,0.0006858826382085681,0.0,8.375090692425147e-05,0.00027448852779343724,0.0,-0.00028264964930713177,7.478345651179552e-05,8.431030437350273e-05,0.00013301830040290952,0.00022031739354133606,-0.00015895557589828968,-0.0001569315791130066,-0.00025836448185145855,0.0,-0.0015105456113815308,0.00025319051928818226,0.0002692702109925449,0.00032120326068252325,0.0005786452093161643,-0.0005886642029508948,-0.0006063961191102862,-0.0007787008071318269
1538,0.2,2,1,0.0012435331009328365,3,2.0720879547297955e-05,0.0002107605105265975,4,6.670656148344278e-06,0.0004917243495583534,0.00029846958932466805,0.0004050269490107894,0.00045646383659914136,0.0005615548579953611,0.0005921473493799567,0.0005869055166840553,5.241832695901394e-06,8.487107697874308e-05,0.00027891670470125973,0.0,-0.0001852419227361679,-0.0009547716472297907,0.0002107605105265975,0.00019003963097929955,0.00011763942893594503,-7.988675497472286e-05,-0.0005117128603160381,-0.0005574078531935811,0.0,-0.0005938196554780006,0.00042156531708315015,0.00048267131205648184,0.0004917243495583534,0.00048505369341000915,-0.0013461513444781303,-0.001156961778178811,-0.0010948819108307362
1663,0.2,0,1,0.0034836577251553535,4,5.370704457163811e-05,0.00024617300368845463,5,0.0002807844430208206,0.0012456253170967102,0.0007841546321287751,0.0011825819965451956,0.0015943513717502356,0.0020106658339500427,0.0013926494866609573,0.0012763130944222212,0.00011633639223873615,0.00016737244732212275,0.00047169774188660085,0.0,-0.000220221234485507,-0.00021701445803046227,0.00019246595911681652,0.00024617300368845463,6.391364149749279e-05,0.0001428013201802969,-0.00044656870886683464,-0.000697081908583641,0.0,-0.001509335357695818,0.0007428617682307959,0.0004687549080699682,0.0009648408740758896,0.0012456253170967102,-0.00169080076739192,-0.0009152507409453392,-0.002230850514024496
1724,0.2,1,1,0.0008276851149275899,4,5.038816016167402e-05,0.00011125556193292141,4,8.542719297111034e-05,0.0003334463690407574,0.0001780040329322219,0.0002547684998717159,0.00026172789512202144,0.0003482032334432006,0.0004159018280915916,0.0004159018280915916,0.0,4.4526525016408414e-05,0.00010183933045482263,0.0,-6.693793693557382e-05,-2.4417357053607702e-05,6.086740177124739e-05,0.00011125556193292141,5.062331911176443e-05,-6.253115134313703e-05,-0.00016352557577192783,-0.00032190431375056505,0.0,-0.00028177606873214245,-9.528768714517355e-06,0.00024778087390586734,0.0003334463690407574,0.0002480191760696471,-4.609476309269667e-05,-0.000672986963763833,-0.001069042133167386
1816,0.2,1,1,0.015101390890777111,6,0.00016195978969335556,0.0002935994416475296,5,3.848318010568619e-05,0.0022561177611351013,0.00406473595649004,0.0053061568178236485,0.00985883641988039,0.011317851021885872,0.003208429552614689,0.001435934565961361,0.001772494986653328,0.0005010865279473364,0.0021447446197271347,0.0,0.00013163965195417404,-0.0007963953539729118,-0.0004905881360173225,-0.00044235028326511383,-0.0019217683002352715,0.0002935994416475296,8.795317262411118e-05,-2.6067718863487244e-05,0.0,-0.005202705971896648,0.002217634581029415,0.0020581865683197975,0.0018739402294158936,0.0022561177611351013,-0.006144245155155659,-0.005890733562409878,-0.005752162076532841
1856,0.2,0,1,0.009895672090351582,4,0.00014744000509381294,0.002570571843534708,4,0.0002689533866941929,0.005230230279266834,0.004553953185677528,0.005357335787266493,0.005321919452399015,0.00605731550604105,0.006273865699768066,0.006188348866999149,8.551683276891708e-05,0.00046694494085386395,0.0009978770976886153,0.0,-0.0018517952412366867,0.00044143199920654297,0.002423131838440895,0.002570571843534708,0.0017035212367773056,-0.0014129485934972763,-0.007815550081431866,-0.007108033634722233,0.0,-0.006451734341681004,0.002355927601456642,0.004961276892572641,0.005230230279266834,0.004810519050806761,-0.005498644895851612,-0.01984918862581253,-0.013592817820608616
1981,0.2,0,5,0.32704898715019226,4,0.0035029351711273193,0.021628111600875854,4,0.09054504334926605,0.16631872951984406,0.10159578174352646,0.15916815400123596,0.20031575858592987,0.2249644696712494,0.1945541799068451,0.1945541799068451,0.0,0.01515604741871357,0.05080202594399452,0.0,-0.02074289321899414,0.002730041742324829,0.018125176429748535,0.021628111600875854,0.013003319501876831,-0.0162334144115448,-0.059901535511016846,-0.09678953886032104,0.0,-0.04693982005119324,-0.03922981023788452,0.075773686170578,0.16631872951984406,0.05340602993965149,0.04217982292175293,-0.15199413895606995,-0.31710776686668396
2070,0.2,0,3,0.06047527492046356,4,0.001352902501821518,0.00678982213139534,4,0.006643861532211304,0.03336513787508011,0.01986978016793728,0.028173955157399178,0.03467009589076042,0.04269455373287201,0.03875080496072769,0.03875080496072769,0.0,0.005416589323431253,0.011344616301357746,0.0,-0.0037063881754875183,-0.0021021366119384766,0.005436919629573822,0.00678982213139534,0.0037271566689014435,0.002270299941301346,-0.01949857920408249,-0.02340760827064514,0.0,-0.0045943483710289,-0.023668251931667328,0.026721276342868805,0.03336513787508011,0.006246432662010193,0.023583725094795227,-0.04954638332128525,-0.04804818332195282
2077,0.2,1,5,0.008563818410038948,5,0.0015154005959630013,0.004072695039212704,4,0.0002843206748366356,0.0024590669199824333,0.003305065678432584,0.0043766978196799755,0.004476333037018776,0.005668817088007927,0.005158449523150921,0.004157432820647955,0.001001016702502966,0.0006390438647940755,0.0015473029343411326,0.0,-0.007587248459458351,0.0019032955169677734,0.0017638090066611767,0.0025572944432497025,0.004072695039212704,-0.004537863656878471,-0.004096668213605881,-0.007032972760498524,0.0,-0.0016043605282902718,-0.0025821300223469734,0.0008808057755231857,0.0024590669199824333,-0.0010278662666678429,0.0021747462451457977,-0.0023725032806396484,-0.007151620462536812
2088,0.2,2,12,8.464428901672363,8,0.08536338806152344,0.6996450424194336,2,0.17488574981689453,0.42514514923095703,1.0598348379135132,1.4044814109802246,0.9627252817153931,1.3877309560775757,1.0992913246154785,0.9089698791503906,0.1903214454650879,0.25599855184555054,0.5642621517181396,0.0,0.33586978912353516,-0.04793834686279297,-0.44771575927734375,-0.5512485504150391,-0.40557003021240234,0.17929553985595703,0.6142816543579102,0.6996450424194336,0.0,-0.050208091735839844,0.42514514923095703,0.05341529846191406,-0.14061641693115234,0.21604156494140625,-0.35010623931884766,0.0873556137084961,0.2502593994140625
2202,0.2,2,3,0.004670069552958012,2,4.501268267631531e-05,0.0009724854025989771,4,0.0006201362702995539,0.0017327792011201382,0.0008584613678976893,0.0014402852393686771,0.0018924677278846502,0.002485539298504591,0.002379703801125288,0.0020474502816796303,0.00033225351944565773,0.0004273648373782635,0.000917182769626379,0.0,-0.00145435007289052,0.0009724854025989771,0.0005831164307892323,0.0005759932100772858,0.0009274727199226618,-0.0029540294781327248,-0.001661552581936121,-0.002001466229557991,0.0,-0.0010969461873173714,-0.0024328832514584064,0.0011126429308205843,0.0017327792011201382,0.0007945848628878593,0.0005204328335821629,-0.0026069837622344494,-0.003833114169538021
2270,0.2,0,12,7.112250804901123,8,0.09757804870605469,1.0432987213134766,2,0.03482675552368164,0.12241744995117188,1.0773922204971313,1.5098931789398193,1.060802698135376,1.3673195838928223,1.140995979309082,1.0671544075012207,0.07384157180786133,0.20381061732769012,0.40994787216186523,0.0,0.48465538024902344,-0.5073494911193848,-0.7907156944274902,-1.1394495964050293,-0.6654496192932129,0.7352123260498047,0.9457206726074219,1.0432987213134766,0.0,-0.030301570892333984,0.12241744995117188,0.03821420669555664,-0.0027985572814941406,0.08759069442749023,-0.14029884338378906,0.0670170783996582,0.08041906356811523
2272,0.2,0,1,0.9519830942153931,6,0.10517162084579468,0.21842455863952637,4,0.15375924110412598,0.7318061590194702,0.5764212012290955,0.6368836760520935,0.5199404954910278,0.6465669274330139,0.786396861076355,0.7731685042381287,0.013228356838226318,0.06398476660251617,0.1694062203168869,0.0,0.044118404388427734,-0.18893802165985107,0.027537167072296143,0.11325293779373169,-0.07858824729919434,0.21842455863952637,-0.047370195388793945,-0.15275049209594727,0.0,-0.5498212575912476,0.22543120384216309,0.5226256847381592,0.7318061590194702,0.5780469179153442,-0.33747053146362305,-0.9148310422897339,-1.2603577375411987
2336,0.2,0,3,0.0218940619379282,4,0.0030512772500514984,0.009798859246075153,7,0.0007935967296361923,0.0034194141626358032,0.010493751615285873,0.01224815659224987,0.011218294501304626,0.01375244278460741,0.011585704982280731,0.007404395379126072,0.004181309603154659,0.0010299580171704292,0.0030039013363420963,0.0,-0.00530540756881237,0.0006961598992347717,0.006747581996023655,0.009798859246075153,0.005570696666836739,-0.0015225820243358612,-0.01454988680779934,-0.021669114008545876,0.0,0.001764850690960884,-0.003120630979537964,-0.006294719874858856,-0.003468317911028862,-0.005523599684238434,0.002625817432999611,0.0034194141626358032,-0.0014536399394273758
2409,0.2,2,5,5.82129430770874,2,0.14310264587402344,0.6459379196166992,2,0.23106861114501953,0.5059342384338379,1.2060140371322632,1.6704434156417847,1.3684914112091064,1.6878763437271118,1.1215887069702148,1.1215887069702148,0.0,0.2530009150505066,0.5951470732688904,0.0,-0.19925260543823242,0.6459379196166992,0.5028352737426758,0.4581332206726074,0.4868636131286621,-0.2981438636779785,-0.28073978424072266,-0.1945042610168457,0.0,-0.09053468704223633,0.5059342384338379,0.23905372619628906,0.21614646911621094,0.27486562728881836,-0.07863140106201172,-0.11263704299926758,-0.0821070671081543
2467,0.2,3,16,5.084542274475098,2,0.16631174087524414,0.3325772285461426,6,0.4000716209411621,1.1439857482910156,0.5260217785835266,0.9644612669944763,0.8543344736099243,1.19319486618042,1.4248161315917969,0.7429547309875488,0.681861400604248,0.4602765142917633,0.8602676391601562,0.0,-0.09904050827026367,0.3325772285461426,-0.0591731071472168,-0.060343265533447266,0.16626548767089844,-0.4333071708679199,0.05097627639770508,0.06936454772949219,0.0,0.7439141273498535,-1.207280158996582,-1.093414306640625,-0.6505546569824219,-1.4666733741760254,1.1439857482910156,0.7114529609680176,0.4686164855957031
2488,0.2,2,5,0.004460148513317108,4,0.00016984925605356693,0.0015996445436030626,4,0.0001526393461972475,0.0017540669068694115,0.0015267960261553526,0.0023141466081142426,0.0024668860714882612,0.0034574514720588923,0.0026872907765209675,0.0026872907765209675,0.0,0.00032158178510144353,0.0009397530811838806,0.0,-0.001500990241765976,0.0008686310611665249,0.0014297952875494957,0.0015996445436030626,0.00140067795291543,-0.004247027449309826,-0.0037731481716036797,-0.004278106614947319,0.0,-0.0019777240231633186,-0.002027706243097782,0.001601427560672164,0.0017540669068694115,0.0012272978201508522,-0.0007977965287864208,-0.004729068838059902,-0.004819897934794426
2530,0.2,3,4,0.5704168081283569,4,0.023188114166259766,0.03588259220123291,5,0.013325333595275879,0.21791553497314453,0.11153493821620941,0.2155499905347824,0.18278177082538605,0.27167850732803345,0.23460447788238525,0.22790777683258057,0.0066967010498046875,0.05624570697546005,0.15387094020843506,0.0,-0.06750226020812988,-0.025941908359527588,0.012694478034973145,0.03588259220123291,-0.011068105697631836,-0.05697822570800781,-0.061538755893707275,-0.10063743591308594,0.0,-0.295940637588501,0.10820057988166809,0.1818382441997528,0.20459020137786865,0.21791553497314453,-0.4015464782714844,-0.30165553092956543,-0.29051071405410767
2595,0.2,3,12,5.411191940307617,5,0.27090930938720703,0.6406459808349609,1,0.00801992416381836,0.9048190116882324,0.6972889304161072,1.0467294454574585,1.2519375085830688,1.9613139629364014,1.5603272914886475,0.6550583839416504,0.9052689075469971,0.3771272599697113,0.8899282217025757,0.0,-0.19327116012573242,0.3697366714477539,0.046586036682128906,0.0613865852355957,0.6406459808349609,-0.39701271057128906,0.01102590560913086,0.005088329315185547,0.0,0.9048190116882324,-0.6024518013000488,-0.2484602928161621,-0.09951305389404297,-0.8174424171447754,0.8967990875244141,0.36136436462402344,0.16659927368164062
2692,0.2,3,5,0.0925632119178772,8,0.0024860315024852753,0.03869124874472618,1,0.004230931401252747,0.043001141399145126,0.03477676585316658,0.054922282695770264,0.06240155175328255,0.08469511568546295,0.059844717383384705,0.05734841525554657,0.0024963021278381348,0.008955774828791618,0.022995147854089737,0.0,0.026410020887851715,-0.11280016601085663,-0.0936671644449234,-0.127505362033844,-0.09894287586212158,0.02817407250404358,0.036205217242240906,0.03869124874472618,0.0,0.043001141399145126,-0.08540484309196472,-0.04502393305301666,-0.06815993785858154,-0.18065080046653748,0.02075396478176117,0.02995489537715912,0.03877020999789238
2703,0.2,1,3,0.007817033678293228,5,0.00027351686730980873,0.0011891946196556091,4,0.0009073088876903057,0.0036903093568980694,0.0017101326957345009,0.002931885654106736,0.0030582270119339228,0.004125156439840794,0.0042277732864022255,0.0038484544493258,0.00037931883707642555,0.0008571178768761456,0.002178539987653494,0.0,-0.0012637441977858543,0.0009156777523458004,0.0008547091856598854,0.0008638245053589344,0.0011891946196556091,-0.002527780830860138,-0.002131044864654541,-0.002185809426009655,0.0,-0.00316550862044096,-0.0024180514737963676,0.0027830004692077637,0.0036903093568980694,0.0023825322277843952,0.0013480107299983501,-0.007205093279480934,-0.011356957256793976
2721,0.2,0,3,0.16919653117656708,1,0.0021289288997650146,0.03819631040096283,6,0.0011957436800003052,0.011243969202041626,0.05741673707962036,0.07596069574356079,0.08124241977930069,0.10694785416126251,0.04622500389814377,0.044265568256378174,0.0019594356417655945,0.011904628947377205,0.04635688662528992,0.0,0.03819631040096283,-0.032477766275405884,-0.03405112028121948,-0.031845688819885254,-0.0917413979768753,0.033280640840530396,0.036067381501197815,0.031086444854736328,0.0,0.0063879042863845825,-0.01468697190284729,-0.010723501443862915,0.0019377470016479492,-0.018437594175338745,0.011243969202041626,0.01004822552204132,-0.00781172513961792
2848,0.2,0,16,2.397325038909912,4,0.07339906692504883,0.27704524993896484,3,0.12495136260986328,0.3954958915710449,0.37007516622543335,0.5746340751647949,0.34239038825035095,0.5778759121894836,0.6145039796829224,0.5455107688903809,0.0689932107925415,0.35442501306533813,0.6193798780441284,0.0,-0.05183672904968262,-0.00029850006103515625,0.20364618301391602,0.27704524993896484,0.0764613151550293,-0.004629850387573242,-0.24830961227416992,-0.21085882186889648,0.0,-0.046715736389160156,-0.05157017707824707,0.3954958915710449,0.27054452896118164,0.07196736335754395,0.08781623840332031,-0.3162531852722168,-0.16861915588378906
3008,0.2,0,5,0.02184612676501274,6,0.003452744334936142,0.005328448489308357,6,0.0001499410718679428,0.003635762259364128,0.01300086360424757,0.01644909754395485,0.013236421160399914,0.016364699229598045,0.007593121379613876,0.007593121379613876,0.0,0.0013143171090632677,0.0028399904258549213,0.0,-0.00042760372161865234,-0.007807085290551186,0.0018757041543722153,0.00038461387157440186,-0.0031486842781305313,0.005328448489308357,-0.0044695306569337845,-0.0033729374408721924,0.0,0.0034858211874961853,-0.007958905771374702,-0.0027605127543210983,-0.0035668089985847473,-0.012888308614492416,0.003635762259364128,0.0020471420139074326,0.002058710902929306
3050,0.2,2,5,0.0005502378917299211,4,2.4545879568904638e-05,0.00010449450928717852,4,1.036602770909667e-05,5.873956251889467e-05,0.00020382937509566545,0.0002763562952168286,0.0001807994267437607,0.0003010263026226312,0.00014048031880520284,0.00014048031880520284,0.0,8.283534407382831e-05,0.00015612729475833476,0.0,-0.00011937489034608006,2.3352447897195816e-05,7.279947749339044e-05,0.00010449450928717852,7.994862971827388e-05,-0.00010603229748085141,-0.0001994266640394926,-0.00028780975844711065,0.0,-0.00035498524084687233,-0.0001452256110496819,-2.6211258955299854e-05,5.873956251889467e-05,-0.000330092734657228,4.8373534809798e-05,-3.967405064031482e-05,-0.0002049061586149037
3069,0.2,2,4,0.12657959759235382,3,0.00042251497507095337,0.022986456751823425,0,0.00851304829120636,0.0,0.028025969862937927,0.0436621755361557,0.04524797946214676,0.06332673877477646,0.022986456751823425,0.0,0.022986456751823425,0.011208770796656609,0.029560640454292297,0.0,-0.011746838688850403,-0.007346048951148987,0.022986456751823425,0.022563941776752472,0.011202715337276459,-0.0017541348934173584,-0.05666574835777283,-0.04370772838592529,0.0,-0.019209489226341248,-0.00851304829120636,-0.012133866548538208,-0.01194685697555542,-0.010908126831054688,-0.020685330033302307,-0.056910768151283264,-0.03315079212188721
3186,0.2,0,8,3.583242654800415,7,0.13190340995788574,0.44881272315979004,2,0.03951740264892578,0.16202187538146973,0.5373885035514832,0.7395365834236145,0.7072901725769043,1.0393359661102295,0.7301864624023438,0.30477070808410645,0.4254157543182373,0.279768168926239,0.7912169098854065,0.0,0.11673259735107422,0.01796126365661621,-0.7664544582366943,-0.73661208152771,-0.21104836463928223,-0.044072866439819336,0.44881272315979004,0.3169093132019043,0.0,-0.10755491256713867,0.16202187538146973,0.04515814781188965,0.02824854850769043,0.12250447273254395,-0.23722147941589355,-0.07858014106750488,-0.051203012466430664
3213,0.2,3,5,0.025125719606876373,2,0.00569967832416296,0.010773883201181889,6,0.005601117387413979,0.006754763424396515,0.009409971535205841,0.014476209878921509,0.013913135044276714,0.02085845358669758,0.0141780786216259,0.0018909890204668045,0.012287089601159096,0.002842231886461377,0.008015562780201435,0.0,-0.007325075566768646,0.010773883201181889,0.0028242431581020355,-5.7542696595191956e-05,0.0050742048770189285,-0.03216896578669548,-0.00992506742477417,-0.007385659962892532,0.0,0.00011823512613773346,-0.054078392684459686,0.0011536460369825363,-0.002184417098760605,-0.014485061168670654,0.006754763424396515,-0.007237136363983154,-0.00437738373875618
3300,0.2,1,3,0.4804007112979889,4,0.0004118978977203369,0.012106716632843018,8,0.03124547004699707,0.04912176728248596,0.24796238541603088,0.2915075123310089,0.25987058877944946,0.30595311522483826,0.07083851099014282,0.0,0.07083851099014282,0.02259126864373684,0.072686105966568,0.0,-0.027878254652023315,-0.07377472519874573,0.01169481873512268,0.012106716632843018,0.008104830980300903,-0.052898555994033813,-0.10425868630409241,-0.09839233756065369,0.0,0.016854673624038696,-0.018199771642684937,-0.0902719795703888,-0.16629227995872498,-0.04070737957954407,-0.13468888401985168,0.01787629723548889,0.04912176728248596
3302,0.2,2,3,0.005215728189796209,4,0.00014184275642037392,0.00014184275642037392,2,0.0009792088530957699,0.0012353942729532719,0.0019141072407364845,0.0028991287108510733,0.0017680332530289888,0.0027945588808506727,0.0013731371145695448,0.00040031829848885536,0.0009728188160806894,0.0007285814499482512,0.0016135978512465954,0.0,-0.00010399753227829933,-0.001056190114468336,-0.0001175152137875557,0.00014184275642037392,-0.0001081475056707859,-0.0001760893501341343,-0.0001937560737133026,-0.0006277323700487614,0.0,-5.98859041929245e-05,0.0012353942729532719,-0.0010683918371796608,-0.000908928457647562,-0.00029073841869831085,-0.003661015536636114,0.000256185419857502,-4.9569178372621536e-05
3407,0.2,0,5,1.9539690017700195,1,0.07629787921905518,0.5636924505233765,1,0.13445794582366943,0.3507601022720337,0.5050454139709473,0.7364404201507568,0.6823380589485168,0.9654079675674438,0.8499923944473267,0.8499923944473267,0.0,0.1231321468949318,0.39184579253196716,0.0,0.5636924505233765,-0.4152071475982666,-0.4152069091796875,-0.4152071475982666,-0.9827463626861572,0.4873940944671631,0.4873945713043213,0.4873945713043213,0.0,0.3507601022720337,-0.1485443115234375,-0.1485443115234375,-0.1485440731048584,-0.4611339569091797,0.21630144119262695,0.21630167961120605,0.21630215644836426
3420,0.2,0,5,3.359138011932373,7,0.09563112258911133,0.38002443313598633,8,0.035395145416259766,0.5734045505523682,0.7515847086906433,0.9464526772499084,1.2123404741287231,1.634885549545288,0.8760695457458496,0.8363547325134277,0.039714813232421875,0.2723562717437744,0.6704220175743103,0.0,0.08576726913452148,-0.014414072036743164,-0.4674949645996094,-0.4727773666381836,-0.1394815444946289,0.029034137725830078,0.38002443313598633,0.284393310546875,0.0,0.1855945587158203,0.20917296409606934,-0.4346320629119873,-0.6288583278656006,-0.23063945770263672,-0.32346510887145996,0.5380094051361084,0.5734045505523682
3525,0.2,2,5,0.010145404376089573,5,0.0005436702631413937,0.004870976321399212,4,0.0005174353718757629,0.003187578171491623,0.004661560989916325,0.006144828628748655,0.004839726723730564,0.006829665508121252,0.006652361713349819,0.006209359969943762,0.00044300174340605736,0.0009939860319718719,0.0032202082220464945,0.0,-0.007805994711816311,0.0017616096884012222,0.0032970882020890713,0.004327306058257818,0.004870976321399212,-0.005133043974637985,-0.008393255062401295,-0.01219512615352869,0.0,-0.003050987608730793,-0.0029663965106010437,0.00267014279961586,0.003187578171491623,0.0020374413579702377,0.0008758697658777237,-0.005780304782092571,-0.007024827413260937
3568,0.2,0,7,3.882430076599121,7,0.11105465888977051,0.5311238765716553,7,0.07923460006713867,0.2640111446380615,0.5961235761642456,0.8547735810279846,0.6065433621406555,0.8486300706863403,0.6525251865386963,0.6505839824676514,0.0019412040710449219,0.2625541090965271,0.5745031237602234,0.0,0.17612624168395996,-0.052103281021118164,-0.9958662986755371,-0.9610629081726074,-0.3261857032775879,0.05053377151489258,0.5311238765716553,0.42006921768188477,0.0,0.08173179626464844,-0.01554727554321289,-0.38638830184936523,-0.2890949249267578,-0.13396978378295898,0.05273270606994629,0.2640111446380615,0.18477654457092285
3802,0.2,0,13,2.5541698932647705,3,0.0026733875274658203,0.18197274208068848,3,0.05940365791320801,0.614976167678833,0.639312207698822,0.8327034711837769,1.4100242853164673,1.5705491304397583,0.8595746755599976,0.7299075126647949,0.12966716289520264,0.07757537066936493,0.1880338191986084,0.0,-0.026314735412597656,-0.17075753211975098,0.18197274208068848,0.14734506607055664,0.04049968719482422,0.17929935455322266,-0.1345505714416504,-0.0959780216217041,0.0,-0.23177647590637207,-0.06902813911437988,0.614976167678833,0.555572509765625,0.3148379325866699,0.15444087982177734,-0.6232113838195801,-0.45534229278564453
3812,0.2,2,3,0.09644205123186111,5,0.006937593221664429,0.028624162077903748,5,0.008861307054758072,0.06316196918487549,0.03416499122977257,0.04558580368757248,0.0562831349670887,0.06624377518892288,0.07234859466552734,0.07234859466552734,0.0,0.003274541348218918,0.008672548457980156,0.0,-0.0317210778594017,-0.006090253591537476,0.02029711753129959,0.02168656885623932,0.028624162077903748,0.005201689898967743,-0.038041479885578156,-0.03952128440141678,0.0,-0.22848418354988098,0.042094312608242035,0.0437171496450901,0.054300662130117416,0.06316196918487549,-0.21190804243087769,-0.14252546429634094,-0.21532276272773743
3866,0.2,0,7,0.22549834847450256,3,0.005865961313247681,0.09138482809066772,3,0.0009920299053192139,0.09928213059902191,0.0986143946647644,0.12011650949716568,0.08254550397396088,0.10628655552864075,0.15344415605068207,0.15344415605068207,0.0,0.012173743918538094,0.03783586621284485,0.0,-0.019578129053115845,-0.003987208008766174,0.09138482809066772,0.08551886677742004,0.027771204710006714,0.004504010081291199,-0.14497631788253784,-0.08072799444198608,0.0,-0.02689787745475769,-0.009651511907577515,0.09928213059902191,0.0982901006937027,0.03380456566810608,0.011537313461303711,-0.22767820954322815,-0.11034798622131348
3884,0.2,3,7,0.6423463225364685,7,0.03979974985122681,0.16835421323776245,4,0.07013475894927979,0.23236221075057983,0.28504058718681335,0.3574778139591217,0.3955550193786621,0.48353126645088196,0.3426738679409027,0.07951408624649048,0.26315978169441223,0.04603726416826248,0.10682416707277298,0.0,0.10994863510131836,-0.2552591562271118,-0.2839457392692566,-0.25847095251083374,-0.33078473806381226,0.10886222124099731,0.16835421323776245,0.12855446338653564,0.0,-0.10062146186828613,-0.02334284782409668,0.13055402040481567,0.23236221075057983,0.16222745180130005,-0.04149407148361206,-0.12483936548233032,-0.22274857759475708
3898,0.2,3,7,0.026647338643670082,2,0.001497805118560791,0.0018192678689956665,5,0.00344992708414793,0.017755234614014626,0.011125514283776283,0.016986319795250893,0.01293976604938507,0.016879534348845482,0.018670402467250824,0.018269691616296768,0.0004007108509540558,0.002742026001214981,0.006503664422780275,0.0,-0.002411210909485817,0.0018192678689956665,-0.0001131650060415268,-0.00015958957374095917,0.0003214627504348755,-0.005861388519406319,-0.0012280121445655823,-0.0018070414662361145,0.0,-0.03371740132570267,0.0077854059636592865,0.012814799323678017,0.014305307529866695,0.017755234614014626,-0.027167128399014473,-0.03447699546813965,-0.03909951448440552
3958,0.2,1,8,0.0007694382802583277,4,8.340543718077242e-05,0.0003185711975675076,5,4.801928298547864e-05,0.00033394238562323153,0.00035499437944963574,0.0004671513452194631,0.0002752286964096129,0.00043104845099151134,0.0005287836538627744,0.0004975588526576757,3.122480120509863e-05,4.986572457710281e-05,0.0002115935058100149,0.0,-0.00019188004080206156,0.00013520760694518685,0.0002351657603867352,0.0003185711975675076,0.00019429967505857348,-0.0004688560147769749,-0.0006137437303550541,-0.0008030066383071244,0.0,-0.0008012212929315865,5.265133222565055e-05,0.00027841655537486076,0.0002859231026377529,0.00033394238562323153,-0.00036872009513899684,-0.000983427744358778,-0.001002586679533124
3970,0.2,0,8,0.03451564535498619,4,0.001801634207367897,0.015968678519129753,3,0.001402219757437706,0.013493521139025688,0.019887074828147888,0.023110143840312958,0.018989158794283867,0.024117665365338326,0.022471677511930466,0.021857984364032745,0.0006136931478977203,0.0020646429620683193,0.0042120832949876785,0.0,-0.006615824997425079,0.002160869538784027,0.014167044311761856,0.015968678519129753,0.007799824699759483,-0.0043199323117733,-0.035240937024354935,-0.029208432883024216,0.0,-0.0026087649166584015,-0.012388166040182114,0.013493521139025688,0.012091301381587982,0.0023348145186901093,0.011475557461380959,-0.039745789021253586,-0.02384418621659279
4034,0.2,2,0,1.6137322187423706,6,0.13687080144882202,0.8611519932746887,2,0.22492146492004395,0.5091253519058228,0.8251798748970032,1.0677158832550049,0.7538203597068787,1.1481294631958008,1.1411728858947754,0.72902512550354,0.41214776039123535,0.12679632008075714,0.4498979449272156,0.0,0.5613929033279419,-1.2664035558700562,-1.3623641729354858,-1.4873830080032349,-1.392830491065979,0.8611519932746887,0.7242811918258667,0.6838242411613464,0.0,-0.11343216896057129,0.5091253519058228,0.005892276763916016,-0.05663573741912842,0.2842038869857788,-0.6153062582015991,0.03904569149017334,0.10251784324645996
4040,0.2,0,8,0.0013572300085797906,5,4.226283635944128e-05,4.226283635944128e-05,5,2.738088369369507e-06,2.738088369369507e-06,0.0005657529691234231,0.0007697485270909965,0.0005920825060456991,0.0007950420840643346,5.1668030209839344e-05,2.5119399651885033e-05,2.654863055795431e-05,8.792951120994985e-05,0.00025338513660244644,0.0,-5.380809307098389e-05,-5.95219898968935e-05,-0.00010725611355155706,-8.511543273925781e-05,4.226283635944128e-05,-2.2618332877755165e-06,-0.0003970639081671834,-0.00038575881626456976,0.0,-2.2618798539042473e-05,-9.404728189110756e-06,-0.00014046626165509224,-9.678094647824764e-05,2.738088369369507e-06,-5.9998128563165665e-05,-0.00015927304048091173,-0.0001003521028906107
4113,0.2,0,8,0.0049441223964095116,6,9.300559759140015e-05,0.00011791661381721497,6,4.520546644926071e-05,0.0002576787956058979,0.002347990870475769,0.0031495895236730576,0.0028810116928070784,0.003450241172686219,0.00036969268694519997,0.00036969268694519997,0.0,0.00032150823972187936,0.000939601450227201,0.0,2.491101622581482e-05,-0.00010722782462835312,-0.001344380434602499,-0.0008435165509581566,-0.00021254690364003181,0.00011791661381721497,-0.00022499915212392807,-0.00023697735741734505,0.0,-0.00011007441207766533,-0.0002310476265847683,-0.0006581316702067852,0.0002124733291566372,5.456618964672089e-06,0.0002576787956058979,-0.0008070110343396664,-0.0006388090550899506
4146,0.2,2,7,0.0002698534226510674,4,1.3230004697106779e-05,0.0001083378738258034,4,1.4897508663125336e-05,3.20591643685475e-05,5.817219062009826e-05,9.072174725588411e-05,2.8328959160717204e-05,5.466804213938303e-05,0.0001207337190862745,0.0001207337190862745,0.0,2.38485517911613e-05,6.476308772107586e-05,0.0,-8.735302253626287e-05,6.0663005569949746e-05,9.510786912869662e-05,0.0001083378738258034,8.080535917542875e-05,-0.00022140660439617932,-0.0002560788707341999,-0.0002741889620665461,0.0,-0.0003548465028870851,-1.2990203686058521e-05,1.7161655705422163e-05,3.20591643685475e-05,-1.0010815458372235e-05,-0.0001674298255238682,-0.00011976584210060537,-0.0001953122264239937
4272,0.2,0,8,9.786603914108127e-05,4,1.9071740098297596e-06,8.701463229954243e-06,6,2.0263687474653125e-06,3.218345227651298e-06,2.8643644327530637e-05,4.051013456773944e-05,3.1409115763381124e-05,4.641067062038928e-05,1.1919837561435997e-05,0.0,1.1919837561435997e-05,1.1407666534068994e-05,2.5866300347843207e-05,0.0,-8.462993719149381e-06,-3.969202225562185e-05,5.4831107263453305e-06,8.701463229954243e-06,6.794289220124483e-06,-1.9429025996942073e-05,-4.183748387731612e-05,-4.577083745971322e-05,0.0,1.1919764801859856e-06,-3.456670674495399e-05,-1.478039484936744e-05,-1.6329940990544856e-05,-7.2710245149210095e-06,3.218345227651298e-06,-9.893352398648858e-06,-5.959860573057085e-06
4364,0.2,3,7,0.0012694880133494735,4,6.587384268641472e-05,0.000560801534447819,5,3.2522366382181644e-05,0.0006171491695567966,0.00025659851962700486,0.0003346090961713344,0.00037748648901470006,0.0005253984709270298,0.0008932150667533278,0.0008736723102629185,1.9542756490409374e-05,8.121946302708238e-05,0.0002443589619360864,0.0,-0.0006411601789295673,0.0003627165569923818,0.0004949276917614043,0.000560801534447819,0.0004896865575574338,-0.0018220703350380063,-0.0014349290868267417,-0.0014288659440353513,0.0,-0.0011591914808377624,0.0005060055991634727,0.0005338796763680875,0.0005846268031746149,0.0006171491695567966,-0.00222842488437891,-0.0017754834843799472,-0.001743156579323113
4392,0.2,2,7,0.04978371784090996,3,0.0011986009776592255,0.005421396344900131,4,0.0009893104434013367,0.03888701647520065,0.008959668688476086,0.015431017614901066,0.03424888476729393,0.04052256792783737,0.04062863811850548,0.039912834763526917,0.0007158033549785614,0.002517951186746359,0.0076344190165400505,0.0,-0.005249787122011185,-0.001344822347164154,0.005421396344900131,0.0015888027846813202,0.004222795367240906,-0.01828945055603981,-0.02619307115674019,-0.018245015293359756,0.0,-0.03138783201575279,0.014351319521665573,0.037897706031799316,0.03888701647520065,0.027466503903269768,-0.034262705594301224,-0.09588345885276794,-0.08595910668373108
4489,0.2,1,7,0.0026246407069265842,4,0.0003513173433020711,0.0014654065016657114,4,0.0004887166433036327,0.0010783809702843428,0.0009791827760636806,0.001198038225993514,0.0007935138419270515,0.0011034723138436675,0.0018899852875620127,0.0018899852875620127,0.0,0.00017854325415100902,0.0005400697118602693,0.0,-0.001509444322437048,0.000709709245711565,0.0011140891583636403,0.0014654065016657114,0.0011106373276561499,-0.002034156583249569,-0.003386030439287424,-0.004859731532633305,0.0,-0.0005396457854658365,-5.9565529227256775e-05,0.00058966432698071,0.0010783809702843428,0.0005226882640272379,-0.00013981270603835583,-0.0013553369790315628,-0.0026904605329036713
4517,0.2,0,17,5.417699337005615,8,0.17104673385620117,1.3639507293701172,8,0.10148811340332031,1.1387066841125488,1.0656189918518066,1.3972077369689941,1.3542147874832153,1.8500707149505615,2.392638921737671,2.392638921737671,0.0,0.3198919892311096,0.7240157723426819,0.0,0.4987497329711914,0.44069385528564453,-0.9566664695739746,-1.2273011207580566,-0.7271718978881836,-0.5623869895935059,1.192903995513916,1.3639507293701172,0.0,0.8870210647583008,0.0006499290466308594,-0.8284926414489746,-1.0008282661437988,-1.1267967224121094,0.13092374801635742,1.0372185707092285,1.1387066841125488
4531,0.2,0,8,0.5628800392150879,4,0.050770074129104614,0.31336599588394165,4,0.060775935649871826,0.3744966983795166,0.32496732473373413,0.3670201301574707,0.3705728352069855,0.4272160530090332,0.48980265855789185,0.48980265855789185,0.0,0.02105659618973732,0.06610652059316635,0.0,-0.14275646209716797,-0.034141600131988525,0.26259592175483704,0.31336599588394165,0.16332784295082092,0.0371241569519043,-0.48567402362823486,-0.47598791122436523,0.0,-0.22505509853363037,0.007310152053833008,0.3137207627296448,0.3744966983795166,0.2456226646900177,-0.015556752681732178,-0.5738842487335205,-0.530890703201294
4553,0.2,0,17,4.086178302764893,8,0.08526277542114258,0.316098690032959,6,0.009980201721191406,0.2337665557861328,0.8744115829467773,1.1584110260009766,1.0122228860855103,1.4415615797042847,0.5486671924591064,0.3906419277191162,0.15802526473999023,0.19740460813045502,0.7168619632720947,0.0,0.1372997760772705,-0.029717445373535156,-0.14610576629638672,-0.20617151260375977,-0.1676177978515625,0.05241060256958008,0.2308359146118164,0.316098690032959,0.0,0.2237863540649414,-0.15606117248535156,-0.08408832550048828,-0.037375450134277344,-0.2843451499938965,0.2337665557861328,0.1310267448425293,0.0705561637878418
4669,0.2,3,19,0.7859988212585449,5,0.010290443897247314,0.3803061246871948,6,0.0009232759475708008,0.2549707889556885,0.46677154302597046,0.6095572113990784,0.5496380925178528,0.681131899356842,0.5485423803329468,0.5011035799980164,0.04743880033493042,0.03683484345674515,0.11163903772830963,0.0,-0.29694390296936035,0.367718368768692,0.36322975158691406,0.3700156807899475,0.3803061246871948,-0.5676400661468506,-0.45137524604797363,-0.41403937339782715,0.0,-0.04011636972427368,-0.318325400352478,0.2540475130081177,0.1104997992515564,0.0676344633102417,0.2549707889556885,-0.23487961292266846,-0.06962472200393677
4745,0.2,0,8,0.002816402819007635,6,0.0012741974787786603,0.0013734622625634074,6,0.00011491402983665466,0.000768221216276288,0.0014579116832464933,0.0018096568528562784,0.0016036361921578646,0.0020397817716002464,0.0018350767204537988,0.0018350767204537988,0.0,0.0003288514562882483,0.0007234877557493746,0.0,9.926478378474712e-05,-0.0024103540927171707,4.2319996282458305e-05,-0.00013479404151439667,-0.00025530881248414516,0.0013734622625634074,-0.0004266665782779455,-0.00025162450037896633,0.0,0.0004258975386619568,-0.0015098671428859234,-0.0022173933684825897,-0.002210751175880432,-0.0011794855818152428,0.000768221216276288,0.0006533071864396334,0.0004993956536054611
4778,0.2,0,11,1.3360047340393066,4,0.1375446319580078,0.290726900100708,4,0.12192040681838989,0.4675588011741638,0.8143652081489563,0.9869141578674316,0.8397941589355469,1.0297635793685913,0.7128925323486328,0.7128925323486328,0.0,0.09638291597366333,0.3632316291332245,0.0,-0.04832863807678223,0.03201460838317871,0.1531822681427002,0.290726900100708,0.1399214267730713,0.054590821266174316,-0.08575320243835449,-0.14343810081481934,0.0,-0.2170482873916626,0.24559533596038818,0.3245384693145752,0.4675588011741638,0.3456383943557739,-0.3838984966278076,-0.32067251205444336,-0.3619803190231323
4852,0.2,3,7,0.06697997450828552,2,0.017248734831809998,0.05002912878990173,2,0.015656188130378723,0.01892741024494171,0.04466937482357025,0.053831495344638824,0.033815041184425354,0.04593941196799278,0.05437787249684334,0.05437787249684334,0.0,0.002271667355671525,0.006746357306838036,0.0,-0.031501688063144684,0.05002912878990173,0.011530116200447083,0.0050023868680000305,0.032780393958091736,-0.22580662369728088,-0.014055930078029633,-0.00727437436580658,0.0,-0.033197060227394104,0.01892741024494171,-0.009404316544532776,-0.02967313677072525,-0.013147279620170593,-0.10338175296783447,-0.009347550570964813,0.0032712221145629883
4964,0.2,0,8,0.1287233978509903,4,0.017378240823745728,0.06470698863267899,4,0.026969246566295624,0.06794160604476929,0.049442581832408905,0.06637482345104218,0.08606581389904022,0.10265382379293442,0.09732401371002197,0.09732401371002197,0.0,0.005867720581591129,0.018057912588119507,0.0,-0.031000494956970215,-0.026822254061698914,0.04732874780893326,0.06470698863267899,0.03016676753759384,0.02580791711807251,-0.12535788118839264,-0.17798061668872833,0.0,-0.019999995827674866,-0.00380513072013855,0.04097235947847366,0.06794160604476929,0.02594839036464691,0.005063533782958984,-0.07080167531967163,-0.09026677906513214
5163,0.2,3,7,0.0007140470552258193,5,2.9785442166030407e-06,0.00013712135842069983,5,1.3225246220827103e-05,0.00019323808373883367,0.0001599680254003033,0.0002495010267011821,0.00012722198152914643,0.00020238870638422668,0.00032359364558942616,0.00032359364558942616,0.0,3.251067391829565e-05,0.00010932149598374963,0.0,-0.0002854999038390815,4.788907244801521e-05,0.00011019594967365265,0.0001341428142040968,0.00013712135842069983,-0.00018748390721157193,-0.0002884772256948054,-0.00034432875690981746,0.0,-0.0010145425330847502,0.0001675026142038405,0.000160115712787956,0.00018001283751800656,0.00019323808373883367,-0.0008531608036719263,-0.0006085394998081028,-0.0006353257340379059
5283,0.2,0,7,0.06834553182125092,5,0.001141466200351715,0.005224280059337616,4,0.0030180327594280243,0.018507376313209534,0.02270747348666191,0.031416475772857666,0.040518056601285934,0.04875156283378601,0.0223223939538002,0.02147049829363823,0.000851895660161972,0.0027611281257122755,0.005762129090726376,0.0,-0.004915095865726471,0.0013210698962211609,0.0028628185391426086,0.004082813858985901,0.005224280059337616,-0.0021497756242752075,-0.0054242610931396484,-0.008760027587413788,0.0,-0.020182445645332336,-0.013997465372085571,0.011016175150871277,0.018507376313209534,0.01548934355378151,0.014895215630531311,-0.02276609092950821,-0.04281524568796158
5336,0.2,2,7,0.0025076393503695726,4,0.0003196285106241703,0.0005204889457672834,4,5.88840339332819e-05,0.00042210333049297333,0.0010836826404556632,0.0013376411516219378,0.0006695342599414289,0.0009231138392351568,0.0007107441779226065,0.0007107441779226065,0.0,0.00016841177421156317,0.0006194593734107912,0.0,-0.00019951234571635723,-0.0002854638732969761,0.00017005694098770618,0.0005204889457672834,7.551116868853569e-05,0.00020086043514311314,-0.0003955378197133541,-0.0011556199751794338,0.0,-0.0011101285926997662,0.000293276971206069,0.00020954268984496593,0.00042210333049297333,0.00036321929655969143,-0.0009092534892261028,-0.0006996637675911188,-0.0016146923881024122
5577,0.2,0,8,0.0008518642862327397,5,0.00011723377974703908,0.0003289107116870582,5,3.645091783255339e-05,0.00012757256627082825,0.0003282598627265543,0.0004320794832892716,0.00036522108712233603,0.0005202313186600804,0.00039897154783830047,0.00039897154783830047,0.0,4.312140663387254e-05,0.00012750994937960058,0.0,-0.00044917367631569505,0.00020214635878801346,0.0001519931247457862,0.00021167693194001913,0.0003289107116870582,-0.0004825082723982632,-0.000330588489305228,-0.0004875084268860519,0.0,-0.00017554947407916188,3.835343522951007e-05,7.206283044070005e-05,9.112164843827486e-05,0.00012757256627082825,-0.00010278471745550632,-0.0001525653642602265,-0.00019900925690308213
5683,0.2,0,7,0.012045499868690968,4,0.0052804723381996155,0.006028667092323303,4,0.0007973164319992065,0.0013486873358488083,0.004882339388132095,0.006264019757509232,0.0034223466645926237,0.004877092782407999,0.006626411806792021,0.006626411806792021,0.0,0.0005405113333836198,0.0016482762293890119,0.0,-0.00046018604189157486,-0.0005659004673361778,0.0005619777366518974,0.006028667092323303,0.0006437674164772034,0.0007481947541236877,-0.0010692421346902847,-0.008765204809606075,0.0,2.084672451019287e-05,-0.0005563655868172646,-0.001058417372405529,0.0013486873358488083,-0.00045724306255578995,0.0005513709038496017,-0.0006422949954867363,-0.0021922271698713303
5734,0.2,1,7,0.09947363287210464,4,0.01299608126282692,0.05478909611701965,3,0.004061147570610046,0.03001582622528076,0.05167263746261597,0.0631701722741127,0.04305708408355713,0.057750340551137924,0.0706641897559166,0.06810590624809265,0.002558283507823944,0.009008551016449928,0.0511854849755764,0.0,-0.010257735848426819,-0.01583707332611084,0.041793014854192734,0.05478909611701965,0.01565081626176834,0.02200118452310562,-0.07212813943624496,-0.07488805800676346,0.0,-0.017991885542869568,0.007793217897415161,0.03001582622528076,0.025954678654670715,0.018685653805732727,-0.017160624265670776,-0.08220095187425613,-0.04312682896852493
5802,0.2,0,7,0.14597629010677338,3,0.010153762996196747,0.0843130350112915,6,0.009184308350086212,0.047034963965415955,0.08216914534568787,0.09491152316331863,0.055866487324237823,0.08282138407230377,0.10402292013168335,0.09153936803340912,0.012483552098274231,0.008445078507065773,0.023575231432914734,0.0,-0.02871929109096527,0.028064198791980743,0.0843130350112915,0.07415927201509476,0.03610542416572571,-0.05544815957546234,-0.1225438266992569,-0.08683763444423676,0.0,-0.0010608285665512085,-0.05802161991596222,0.025316134095191956,0.03785065561532974,0.0007903575897216797,0.047034963965415955,-0.025013387203216553,-0.03302878141403198
5992,0.2,0,7,0.12339679151773453,6,0.006460078060626984,0.015460871160030365,5,0.004509881138801575,0.032381050288677216,0.05461489036679268,0.06502784788608551,0.04492815583944321,0.05572638288140297,0.04314224421977997,0.034091271460056305,0.009050972759723663,0.007612462155520916,0.02341124787926674,0.0,-0.0022159144282341003,-0.011786766350269318,0.004756025969982147,0.009000793099403381,0.0026970133185386658,0.015460871160030365,-0.007747732102870941,-0.01588434725999832,0.0,-0.05808860808610916,0.009139232337474823,0.022016920149326324,0.02787116914987564,0.032381050288677216,-0.021358706057071686,-0.06034477800130844,-0.08796411007642746
6008,0.2,3,8,0.026095250621438026,5,0.005868607200682163,0.012560446746647358,5,0.006229562684893608,0.019790872931480408,0.01296466588973999,0.01595173589885235,0.017335353419184685,0.020855430513620377,0.02197042480111122,0.02197042480111122,0.0,0.0025839251466095448,0.00925335194915533,0.0,-0.027296414598822594,0.002506975084543228,0.004950918257236481,0.006691839545965195,0.012560446746647358,-0.005280567333102226,-0.010007256641983986,-0.014466775581240654,0.0,-0.056173861026763916,0.009680762887001038,0.00980718620121479,0.0135613102465868,0.019790872931480408,-0.024317296221852303,-0.024283969774842262,-0.039974361658096313
6010,0.2,2,8,0.01759433187544346,5,0.0020423224195837975,0.010086413472890854,7,0.0019257785752415657,0.0027498947456479073,0.009245160967111588,0.011220869608223438,0.009907686151564121,0.012820428237318993,0.011407948099076748,0.009539107792079449,0.0018688403069972992,0.0020418472122401,0.005368518643081188,0.0,-0.018826743587851524,0.007935702800750732,0.008044091053307056,0.00748810637742281,0.010086413472890854,-0.02703639306128025,-0.024990404024720192,-0.021487293764948845,0.0,-0.0001271963119506836,0.0008241161704063416,-0.002934839576482773,-6.125867366790771e-05,-0.0004097558557987213,-0.0016766022890806198,0.0027498947456479073,-0.0014751050621271133
6141,0.2,0,8,0.32895299792289734,4,0.019783079624176025,0.04252570867538452,4,0.03379127383232117,0.22347164154052734,0.11671377718448639,0.148450568318367,0.22796277701854706,0.25272801518440247,0.23479101061820984,0.23479101061820984,0.0,0.012278839945793152,0.035520877689123154,0.0,-0.017889022827148438,-0.005879074335098267,0.022742629051208496,0.04252570867538452,0.01997944712638855,2.1785497665405273e-05,-0.06562536954879761,-0.10843053460121155,0.0,-0.09583824872970581,-0.04315674304962158,0.18968036770820618,0.22347164154052734,0.11416275799274445,0.05885311961174011,-0.3295579254627228,-0.2927922308444977
6292,0.2,0,7,0.020390652120113373,3,0.0012000221759080887,0.013026619330048561,3,0.0006477721035480499,0.015190815553069115,0.008372915908694267,0.010471192188560963,0.01132834143936634,0.01460135355591774,0.018447402864694595,0.018447402864694595,0.0,0.0014619851717725396,0.004455253016203642,0.0,-0.003627276048064232,0.00017977692186832428,0.013026619330048561,0.011826597154140472,0.004402879625558853,-0.0017540119588375092,-0.04154267534613609,-0.01955166831612587,0.0,-0.006342925131320953,-0.011081740260124207,0.015190815553069115,0.014543043449521065,0.006936176680028439,0.007823160849511623,-0.04109897091984749,-0.030301712453365326
6314,0.2,3,7,0.0003660247311927378,5,3.265660780016333e-05,0.00017614236276131123,3,1.334681292064488e-05,2.7050962671637535e-05,9.783429413801059e-05,0.00014739495236426592,4.240624912199564e-05,6.747982843080536e-05,0.00018269765132572502,0.00016922956274356693,1.3468088582158089e-05,3.5014498280361295e-05,7.644898141734302e-05,0.0,-0.00043128669494763017,0.00013359362492337823,0.0001203645661007613,0.0001434857549611479,0.00017614236276131123,-0.000688421365339309,-0.00036886887392029166,-0.0004289043718017638,0.0,-6.982864579185843e-05,-2.693108399398625e-05,2.7050962671637535e-05,1.2989126844331622e-05,1.3704149750992656e-05,-0.0001960083027370274,-0.0001147499424405396,-9.5447147032246e-05
6489,0.2,0,11,0.015546675771474838,4,0.0010051028802990913,0.006067046895623207,3,0.00038502831012010574,0.004304181784391403,0.003934441599994898,0.005775745492428541,0.006233554799109697,0.008852457627654076,0.008438751101493835,0.00818713940680027,0.00025161169469356537,0.0009244632674381137,0.0026281054597347975,0.0,-0.001892799511551857,-0.0026442576199769974,0.005061944015324116,0.006067046895623207,0.002271464094519615,0.0028794799000024796,-0.012187691405415535,-0.010165940970182419,0.0,-0.0009147170931100845,-0.002048477530479431,0.004304181784391403,0.0039191534742712975,0.0012924950569868088,0.0027197618037462234,-0.006460858508944511,-0.003626730293035507
6535,0.2,2,9,0.0003159739135298878,6,6.232968007680029e-05,7.80604750616476e-05,4,1.8830120097845793e-05,6.185201345942914e-05,6.017176929162815e-05,9.400700946571305e-05,5.5732456530677155e-05,9.074738045455888e-05,0.00011894037015736103,7.174391066655517e-05,4.7196459490805864e-05,3.699989247252233e-05,0.00010715300595620647,0.0,-1.680303830653429e-05,-0.0002773930609691888,1.5730794984847307e-05,1.1202209861949086e-05,-4.0518061723560095e-06,7.80604750616476e-05,-8.413160685449839e-05,-0.00011034682393074036,0.0,-3.587000537663698e-05,-1.1202064342796803e-05,4.302189336158335e-05,6.185201345942914e-05,4.07575280405581e-05,-0.00011713884305208921,-9.569022222422063e-05,-0.00013417823356576264
6632,0.2,3,9,0.021394770592451096,6,0.0014884229749441147,0.0023762118071317673,6,0.008122283965349197,0.013316487893462181,0.006245688535273075,0.00945228710770607,0.0134617630392313,0.015069806948304176,0.014150735922157764,0.014150735922157764,0.0,0.0007382131880149245,0.0022102894727140665,0.0,-0.00043047964572906494,-0.0030416902154684067,-0.0011678114533424377,0.0008877888321876526,-0.0037648938596248627,0.0023762118071317673,-0.00047759898006916046,-0.0037202537059783936,0.0,0.005194203928112984,-0.029620949178934097,-0.0025541409850120544,0.003678278997540474,-0.018800310790538788,0.013316487893462181,0.0006937049329280853,-0.008369531482458115
6775,0.2,2,15,6.078521251678467,6,0.15784454345703125,0.3899521827697754,8,0.038210391998291016,0.7478041648864746,0.5110236406326294,0.7841203808784485,0.6541203260421753,1.0282750129699707,1.1437840461730957,1.0257062911987305,0.11807775497436523,0.3171287477016449,0.7301068305969238,0.0,0.1364426612854004,-0.1909008026123047,-0.08647823333740234,-0.11922788619995117,-0.15427303314208984,0.3899521827697754,0.19153547286987305,0.23210763931274414,0.0,0.4613919258117676,-0.30431556701660156,-0.7136878967285156,-0.8308076858520508,-0.775238037109375,-0.017208576202392578,0.7095937728881836,0.7478041648864746
6781,0.2,1,9,0.5390524864196777,5,0.007022500038146973,0.03261923789978027,5,0.05687949061393738,0.22492799162864685,0.19462159276008606,0.23915179073810577,0.3388857841491699,0.39047032594680786,0.2518177926540375,0.2518177926540375,0.0,0.03210427239537239,0.09764266014099121,0.0,-0.032888054847717285,0.0255967378616333,0.014539003372192383,0.013376235961914062,0.03261923789978027,-0.046600341796875,-0.0251007080078125,-0.030166447162628174,0.0,-0.18000203371047974,0.10894173383712769,0.0984659492969513,0.16804850101470947,0.22492799162864685,-0.1598791480064392,-0.1408786177635193,-0.24045932292938232
6925,0.2,0,11,0.04590996727347374,4,0.0007764771580696106,0.017480846494436264,6,0.000977795571088791,0.011576876044273376,0.016192059963941574,0.022756589576601982,0.022570675238966942,0.027742231264710426,0.02432723343372345,0.02205638214945793,0.002270851284265518,0.004541824571788311,0.011034827679395676,0.0,-0.010344922542572021,-0.021573465317487717,0.016704369336366653,0.017480846494436264,0.011296667158603668,0.012568656355142593,-0.03536094352602959,-0.03244158253073692,0.0,-0.003464899957180023,-0.012704648077487946,0.010599080473184586,0.008821971714496613,0.004688464105129242,0.011576876044273376,-0.013850364834070206,-0.008832968771457672
6928,0.2,0,10,0.005490580108016729,4,0.0006504105404019356,0.001981381792575121,4,0.0001335744746029377,0.0006648488342761993,0.0012693449389189482,0.0016533165471628308,0.001022093347273767,0.001604373101145029,0.002727196551859379,0.002727196551859379,0.0,0.0002504814474377781,0.0009263494284823537,0.0,-0.0011294432915747166,-0.0003983890637755394,0.0013309712521731853,0.001981381792575121,0.0010356535203754902,0.00036237435415387154,-0.004018333274871111,-0.007159665692597628,0.0,-0.0007269615307450294,2.7742702513933182e-05,0.0005185822956264019,0.0006648488342761993,0.0005312743596732616,-0.00018007121980190277,-0.0017586620524525642,-0.0034979325719177723
6940,0.2,3,9,0.012942126020789146,5,0.0005898005329072475,0.005506621208041906,6,0.0013795197010040283,0.00676391739398241,0.004359346814453602,0.006884804926812649,0.006925157271325588,0.0090553667396307,0.009379472583532333,0.00808744877576828,0.0012920238077640533,0.0007526396075263619,0.0021942700259387493,0.0,-0.009841758757829666,0.002141767181456089,0.004123634658753872,0.004916820675134659,0.005506621208041906,-0.006335005164146423,-0.011298064142465591,-0.014341447502374649,0.0,-0.0019363714382052422,-0.013292364776134491,0.0028043920174241066,0.005384397692978382,0.0009598769247531891,0.00676391739398241,-0.006201809272170067,-0.014566926285624504
6998,0.2,0,9,0.0354699045419693,4,0.003213522955775261,0.018261941149830818,4,0.0006127133965492249,0.017044058069586754,0.015007177367806435,0.01964716985821724,0.01516098715364933,0.019305478781461716,0.026646215468645096,0.026646215468645096,0.0,0.002760836621746421,0.007853112183511257,0.0,-0.004357293248176575,-0.004301734268665314,0.015048418194055557,0.018261941149830818,0.005440074950456619,0.005332957953214645,-0.038239985704422,-0.03162277489900589,0.0,-0.00503934919834137,-0.005950283259153366,0.01643134467303753,0.017044058069586754,0.006421081721782684,0.007452316582202911,-0.0362936332821846,-0.02429121360182762
7025,0.2,0,10,0.01231377199292183,4,0.0009451969526708126,0.004607455339282751,4,0.0019324738532304764,0.005829351954162121,0.0035669635981321335,0.004376217722892761,0.0034502833150327206,0.00462443707510829,0.008175413124263287,0.008175413124263287,0.0,0.0004276336112525314,0.0011777416802942753,0.0,-0.0011739879846572876,-0.0012269122526049614,0.0036622583866119385,0.004607455339282751,0.0014160089194774628,0.0014457246288657188,-0.01028074324131012,-0.009197095409035683,0.0,-0.0011795153841376305,-0.001351919025182724,0.0038968781009316444,0.005829351954162121,0.001489473506808281,0.0015821680426597595,-0.010397516191005707,-0.010840591043233871
7112,0.2,0,11,0.26720696687698364,3,0.002484753727912903,0.060213521122932434,6,0.05951167643070221,0.09010742604732513,0.14370468258857727,0.18715615570545197,0.1767154484987259,0.21064689755439758,0.12372559309005737,0.09140357375144958,0.03232201933860779,0.015388024039566517,0.04685155674815178,0.0,-0.03025379776954651,-0.050261735916137695,0.060213521122932434,0.05772876739501953,0.03897261619567871,0.01567116379737854,-0.09144505858421326,-0.07356598973274231,0.0,-0.0005852282047271729,-0.07457610964775085,0.030595749616622925,0.022986501455307007,0.0013302266597747803,0.09010742604732513,-0.025522887706756592,-0.013377010822296143
7249,0.2,0,10,0.004525657277554274,4,0.0005259031895548105,0.0015288200229406357,6,0.00014965562149882317,0.00014965562149882317,0.0011184322647750378,0.0013398623559623957,0.0009737354703247547,0.0014047757722437382,0.0015921704471111298,0.0014115194790065289,0.0001806509681046009,0.00020328951359260827,0.0006642814842052758,0.0,-0.0007057245820760727,6.705150008201599e-05,0.0010029168333858252,0.0015288200229406357,0.0007950558792799711,-0.00015497207641601562,-0.002323724329471588,-0.0037799947895109653,0.0,-6.645359098911285e-05,-0.00012103701010346413,-3.0498020350933075e-05,-6.609736010432243e-05,-3.405800089240074e-05,0.00014965562149882317,-0.0004092124290764332,-0.0018507405184209347
7435,0.2,0,11,0.05497099459171295,4,0.000902373343706131,0.012830976396799088,4,0.0037287622690200806,0.03142975643277168,0.014489608816802502,0.020428849384188652,0.03034863993525505,0.03798402473330498,0.037600405514240265,0.037600405514240265,0.0,0.004685733467340469,0.010167752392590046,0.0,-0.0036686882376670837,-0.004994478076696396,0.011928603053092957,0.012830976396799088,0.005043473094701767,0.006255581974983215,-0.024898529052734375,-0.019099056720733643,0.0,-0.013626344501972198,-0.025837771594524384,0.027700994163751602,0.03142975643277168,0.01680002361536026,0.026644306257367134,-0.050359420478343964,-0.04236847162246704
7559,0.2,0,11,0.007377286441624165,4,0.00035887956619262695,0.003413575701415539,3,0.00019960245117545128,0.002345388289541006,0.0022068109828978777,0.003179393243044615,0.0030539054423570633,0.004222376272082329,0.004646357614547014,0.004503825679421425,0.00014253193512558937,0.0006884867907501757,0.0017609561327844858,0.0,-0.0010195113718509674,-0.0016614357009530067,0.003054696135222912,0.003413575701415539,0.0012854496017098427,0.0018709385767579079,-0.006805554963648319,-0.0051544178277254105,0.0,-0.0004690811038017273,-0.0015366757288575172,0.002345388289541006,0.002145785838365555,0.00065246457234025,0.001870701089501381,-0.003472837619483471,-0.0019638193771243095
7577,0.2,0,11,0.009866871871054173,3,0.0006661317311227322,0.002519879024475813,3,0.0009246948175132275,0.0031236964277923107,0.0030466741882264614,0.0046950955875217915,0.003960317932069302,0.005166282877326012,0.004519992507994175,0.004519992507994175,0.0,0.0009471274679526687,0.0033749155700206757,0.0,-0.0015571359544992447,-0.003402811475098133,0.002519879024475813,0.0018537472933530807,0.0013648699969053268,0.0005530472844839096,-0.0071358950808644295,-0.005613135173916817,0.0,-0.0014538886025547981,-0.0037898821756243706,0.0031236964277923107,0.0021990016102790833,0.001454351469874382,0.0018958477303385735,-0.005924959667026997,-0.0037560155615210533
7642,0.2,0,17,11.637077331542969,7,0.08424949645996094,0.8846368789672852,7,0.1614065170288086,0.4373197555541992,1.008488416671753,1.2755671739578247,0.9414190053939819,1.3122146129608154,1.2956295013427734,1.2956295013427734,0.0,0.25083452463150024,0.542834997177124,0.0,0.17954158782958984,0.13811492919921875,-0.6506242752075195,-0.8352184295654297,-0.2586336135864258,-0.17467117309570312,0.8846368789672852,0.8003873825073242,0.0,0.0733652114868164,0.11070823669433594,-0.28220081329345703,-0.2604503631591797,-0.09134387969970703,-0.13835620880126953,0.4373197555541992,0.2759132385253906
7657,0.2,3,14,1.9360377788543701,1,0.2902991771697998,0.5403013229370117,1,0.13572585582733154,0.2969479560852051,0.5187280178070068,0.7979760766029358,0.7882238030433655,1.0473413467407227,0.8352398872375488,0.8352398872375488,0.0,0.18981137871742249,0.5662602186203003,0.0,0.5403013229370117,-0.17638587951660156,-0.034546613693237305,-0.11614203453063965,-0.5953524112701416,0.2500021457672119,0.0669243335723877,0.15732192993164062,0.0,0.2969479560852051,0.044741272926330566,-0.11973428726196289,-0.09639763832092285,-0.4386601448059082,-0.0692589282989502,0.16122210025787354,0.12482321262359619
7659,0.2,2,9,0.01446464005857706,4,0.0025638993829488754,0.0053191278129816055,7,0.0002650720998644829,0.0045676687732338905,0.007904095575213432,0.009236489422619343,0.007606112398207188,0.01000704150646925,0.00822435226291418,0.004440789110958576,0.0037835631519556046,0.0011953940847888589,0.0032787469681352377,0.0,-0.0022001834586262703,-0.0011151330545544624,0.0026824166998267174,0.0053191278129816055,0.00275522843003273,0.0007921280339360237,-0.004603042267262936,-0.010205619968473911,0.0,0.002672049216926098,-0.004096721298992634,-0.006382840685546398,-0.0021679429337382317,-0.006094777025282383,0.004302596673369408,0.0045676687732338905,0.0011834288015961647
7701,0.2,0,11,0.07437431812286377,5,0.0016409270465373993,0.03798060119152069,4,0.004886198788881302,0.041309650987386703,0.044143736362457275,0.051012590527534485,0.038380883634090424,0.047365423291921616,0.057815250009298325,0.05696097016334534,0.0008542798459529877,0.0036829032469540834,0.015748444944620132,0.0,-0.04719261825084686,0.035194218158721924,0.0305345356464386,0.03633967414498329,0.03798060119152069,-0.1109977662563324,-0.07325537502765656,-0.09056437015533447,0.0,-0.03475247323513031,-0.019453443586826324,0.0364234521985054,0.041309650987386703,0.030690059065818787,0.019003745168447495,-0.10430586338043213,-0.11996312439441681
7740,0.2,2,2,4.466685771942139,4,0.2046217918395996,0.3408169746398926,6,0.1333155632019043,0.36304330825805664,0.8754876255989075,1.1706713438034058,0.9422160983085632,1.2684595584869385,0.711430549621582,0.35134267807006836,0.36008787155151367,0.33897852897644043,0.7809239029884338,0.0,-0.055275917053222656,0.059754371643066406,-0.018476486206054688,0.3408169746398926,0.13619518280029297,-0.022099018096923828,0.049408912658691406,-0.25757598876953125,0.0,0.16018104553222656,-0.12047863006591797,-0.08539724349975586,-0.13905668258666992,-0.1722698211669922,0.36304330825805664,0.1692061424255371,0.22972774505615234
7864,0.2,2,9,0.0003364712174516171,4,3.59925179509446e-05,0.000113574686110951,3,1.5492842067033052e-06,4.3616892071440816e-05,0.0001039033304550685,0.00012463491293601692,5.4641081078443676e-05,0.00011532071948749945,0.00014265569916460663,0.00014265569916460663,0.0,1.6995571058942005e-05,4.368706504465081e-05,0.0,-7.984015974216163e-05,1.8113874830305576e-05,7.75821681600064e-05,0.000113574686110951,7.75821681600064e-05,-6.971153197810054e-05,-0.00018910362268798053,-0.0003306397993583232,0.0,-3.563094651326537e-05,-1.4181016013026237e-05,4.3616892071440816e-05,4.206760786473751e-05,2.991192741319537e-05,-2.967269392684102e-05,-0.00010140781523659825,-0.00011237020953558385
7967,0.2,2,9,0.0010305099422112107,4,8.754758164286613e-05,0.00026119075482711196,6,2.5252229534089565e-05,0.00024761143140494823,0.0003048865182790905,0.00042022543493658304,0.00031967423274181783,0.0005101956194266677,0.00045406079152598977,0.0004290415672585368,2.5019224267452955e-05,0.00010653094068402424,0.00030615084688179195,0.0,-0.00016277807299047709,-2.6794150471687317e-05,0.00017364317318424582,0.00026119075482711196,0.00016828335355967283,-3.7392484955489635e-05,-0.0003619574708864093,-0.0006378620164468884,0.0,1.0955962352454662e-05,-0.00023826374672353268,5.930679617449641e-05,0.00022235920187085867,-3.4772674553096294e-05,0.00024761143140494823,-0.0001186031149700284,-0.00041433528531342745
8110,0.2,3,14,1.9779574871063232,1,0.0449674129486084,0.28412342071533203,2,0.01749551296234131,0.1675952672958374,0.5225516557693481,0.8158328533172607,0.7269015312194824,1.0182147026062012,0.423229455947876,0.3335531949996948,0.08967626094818115,0.22511586546897888,0.5071309804916382,0.0,0.28412342071533203,-0.11856555938720703,-0.044351816177368164,-0.09535908699035645,-0.12388372421264648,0.23915600776672363,0.14517903327941895,0.2051694393157959,0.0,0.01142275333404541,0.1675952672958374,-0.07399845123291016,-0.12177610397338867,-0.10965585708618164,-0.3146491050720215,0.09637689590454102,0.1500997543334961
8197,0.2,0,11,0.013902844861149788,6,0.0007223449647426605,0.0007360996678471565,8,2.249237149953842e-05,0.0017083613201975822,0.005461974535137415,0.007346890401095152,0.007372160442173481,0.009221307002007961,0.0023910393938422203,0.0011427812278270721,0.0012482581660151482,0.0013813736150041223,0.003017591778188944,0.0,1.3754703104496002e-05,-0.0008041635155677795,-0.000691738910973072,-0.0021458156406879425,-0.00029680412262678146,0.0007360996678471565,-0.0015384266152977943,-0.00045486725866794586,0.0,0.0006049294024705887,0.0003826245665550232,-0.0033528078347444534,-0.0045861974358558655,-0.00116695836186409,-0.0008715875446796417,0.0016858689486980438,0.0017083613201975822
8332,0.2,1,12,0.0010877889581024647,4,4.086055560037494e-05,0.00041746144415810704,6,0.0002666756045073271,0.00034396129194647074,0.00040769996121525764,0.0005678438465110958,0.0003610460553318262,0.0005311352433636785,0.0006234573666006327,0.0003444377798587084,0.0002790195867419243,0.00010938602645182982,0.00023359819897450507,0.0,-0.0007464700611308217,0.00021079328143969178,0.0003370523336343467,0.00041746144415810704,0.0003766008885577321,-0.0008198847062885761,-0.0014681268949061632,-0.0019577767234295607,0.0,7.728568743914366e-05,-0.0004865602822974324,-0.00027336960192769766,-0.00010156980715692043,-0.00034729507751762867,0.00034396129194647074,-5.167920608073473e-05,-0.00029944058042019606
8362,0.2,1,12,0.0019378946162760258,4,3.740191459655762e-05,0.001161190215498209,3,4.4428627006709576e-05,0.0011382009834051132,0.000781795009970665,0.0010038017062470317,0.0006368819740600884,0.0009194780723191798,0.0016166771529242396,0.001602972624823451,1.3704528100788593e-05,0.0002082265418721363,0.0004616391961462796,0.0,-0.00047021149657666683,-0.00025707948952913284,0.0011237883009016514,0.001161190215498209,0.0004994774935767055,-1.8560560420155525e-05,-0.0029370691627264023,-0.0025476510636508465,0.0,-0.0004263280425220728,5.7944213040173054e-05,0.0011382009834051132,0.0010937723563984036,0.00048483593855053186,-0.00037994515150785446,-0.002301605883985758,-0.0017237018328160048
8379,0.2,3,12,0.004336121492087841,5,0.0006879337597638369,0.0015324382111430168,5,0.0002813786268234253,0.0020965428557246923,0.002174440072849393,0.0028077159076929092,0.0022642447147518396,0.002718586241826415,0.002719163428992033,0.002719163428992033,0.0,0.00011931866174563766,0.00034639195655472577,0.0,-0.004672711715102196,0.0007447227835655212,0.000676069175824523,0.00084450445137918,0.0015324382111430168,-0.002074863761663437,-0.0017584403976798058,-0.0022624670527875423,0.0,-0.0067649101838469505,0.001815164228901267,0.0011180052533745766,0.0015524094924330711,0.0020965428557246923,-0.006321769207715988,-0.0034102960489690304,-0.005456737242639065
8450,0.2,0,12,0.159938782453537,4,0.021163053810596466,0.11255848407745361,6,0.004244968295097351,0.042221978306770325,0.08980370312929153,0.1098330169916153,0.0686376690864563,0.08805231750011444,0.12678727507591248,0.12428365647792816,0.002503618597984314,0.007856450043618679,0.021063191816210747,0.0,-0.06810691952705383,0.009957045316696167,0.09139543026685715,0.11255848407745361,0.068161241710186,-0.01895424723625183,-0.21717619895935059,-0.23718079924583435,0.0,-0.000551372766494751,-0.03807680308818817,0.021241918206214905,0.037977010011672974,-0.005537018179893494,0.042221978306770325,-0.04668396711349487,-0.07720109820365906
8461,0.2,2,12,0.04801439121365547,6,0.013342408463358879,0.02047785185277462,6,0.0017729047685861588,0.016824128106236458,0.025725096464157104,0.03253624588251114,0.025094743818044662,0.03251693397760391,0.028768246993422508,0.028768246993422508,0.0,0.0028064853977411985,0.013197124004364014,0.0,0.004414808005094528,-0.03334235027432442,-0.014785941690206528,0.007135443389415741,-0.0147835873067379,0.02047785185277462,0.003079202026128769,-0.02260499820113182,0.0,0.00840086117386818,-0.020210888236761093,-0.02132919803261757,-0.008047331124544144,-0.018245462328195572,0.016824128106236458,0.015051223337650299,0.0039115361869335175
8655,0.2,3,12,0.0030299965292215347,5,0.0001029229024425149,0.0012064467882737517,5,0.0004698151024058461,0.0020211604423820972,0.0011383140226826072,0.0015206352109089494,0.001778188394382596,0.0022599627263844013,0.002492030616849661,0.002492030616849661,0.0,0.00011041618563467637,0.00035970628960058093,0.0,-0.0022260514087975025,0.0003333070781081915,0.0010221449192613363,0.0011035238858312368,0.0012064467882737517,-0.0016311737708747387,-0.0027679535560309887,-0.002940740901976824,0.0,-0.0063033150508999825,0.0012651116121560335,0.0015513453399762511,0.001517421449534595,0.0020211604423820972,-0.005938549526035786,-0.0055579328909516335,-0.004510694649070501
8895,0.2,3,12,0.0002479245886206627,5,2.0738778403028846e-05,8.331010758411139e-05,8,3.3370452001690865e-06,3.3370452001690865e-06,7.667160389246419e-05,0.00011873390758410096,5.1332212024135515e-05,8.711227565072477e-05,8.628985960967839e-05,4.4216663809493184e-05,4.2073195800185204e-05,2.3331722331931815e-05,5.865294951945543e-05,0.0,-0.0001269183703698218,1.79963099071756e-05,4.67195495730266e-05,6.257132918108255e-05,8.331010758411139e-05,-5.887306178919971e-05,-9.84376238193363e-05,-0.00013621317339129746,0.0,-4.0043581975623965e-05,-2.1452433429658413e-06,-9.415147360414267e-06,-2.049870090559125e-05,-8.115809760056436e-05,-4.9339199904352427e-05,-5.243899067863822e-06,3.3370452001690865e-06
8971,0.2,2,12,0.00943688116967678,6,0.0014078752137720585,0.002138643991202116,5,0.0006584683433175087,0.006446462124586105,0.003386174561455846,0.004372365772724152,0.005878474563360214,0.006879036780446768,0.007049467880278826,0.005809016991406679,0.0012404508888721466,0.0007595233619213104,0.0018282413948327303,0.0,0.0007307687774300575,-0.002728160470724106,3.92058864235878e-05,-1.995731145143509e-05,-0.002903384156525135,0.002138643991202116,-0.0004061460494995117,-0.0008164923638105392,0.0,-0.013101574033498764,0.002744977828115225,0.003985069692134857,0.005787993781268597,0.006446462124586105,-0.0061518121510744095,-0.010485045611858368,-0.01981629990041256
9033,0.2,2,12,0.01781943254172802,4,0.0022291485220193863,0.004727986641228199,6,0.001340039074420929,0.004098474979400635,0.00903191976249218,0.010940962471067905,0.009371950291097164,0.012167087756097317,0.007620573043823242,0.006739857606589794,0.000880715437233448,0.0015315902419388294,0.0039281221106648445,0.0,-0.004600366577506065,9.884126484394073e-05,0.0018947795033454895,0.004727986641228199,0.0024988381192088127,-0.0019264910370111465,-0.0050544049590826035,-0.011754157021641731,0.0,0.0006575211882591248,-0.005187688395380974,-0.00035253725945949554,0.002758435904979706,-0.0032513663172721863,0.004098474979400635,-0.000797392800450325,-0.005609670653939247
9209,0.2,0,12,0.2443111389875412,1,0.01520422101020813,0.04376150667667389,1,0.03668062388896942,0.08669790625572205,0.12767393887043,0.15603016316890717,0.1422632485628128,0.17593693733215332,0.11534126102924347,0.11534126102924347,0.0,0.012252847664058208,0.030874289572238922,0.0,0.04376150667667389,-0.022014901041984558,-0.02201499044895172,-0.022014901041984558,-0.08791179955005646,0.028557002544403076,0.02855709195137024,0.02855728566646576,0.0,0.08669790625572205,-0.041202202439308167,-0.041202202439308167,-0.041202202439308167,-0.2055649310350418,0.05001719295978546,0.050017282366752625,0.050017282366752625
9238,0.2,0,12,0.12615643441677094,3,0.00025009363889694214,0.01236645132303238,3,0.0023769810795783997,0.04504545032978058,0.05246812850236893,0.06557052582502365,0.08344981074333191,0.09126480668783188,0.05054786056280136,0.05054786056280136,0.0,0.006791987922042608,0.026016509160399437,0.0,-0.007552310824394226,0.0024697110056877136,0.01236645132303238,0.012116357684135437,0.008537553250789642,-0.0062507688999176025,-0.03721727430820465,-0.042581409215927124,0.0,-0.03045809268951416,0.02507832646369934,0.04504545032978058,0.04266846925020218,0.03481803834438324,-0.052541300654411316,-0.08867746591567993,-0.048547059297561646
9250,0.2,0,12,0.0004530118894763291,4,0.00012310344027355313,0.000191620085388422,4,3.443850437179208e-05,9.33029514271766e-05,0.00013506639515981078,0.0002060109400190413,0.00010227695747744292,0.00014708423987030983,0.00024429819313809276,0.00024429819313809276,0.0,3.8136582588776946e-05,7.843878120183945e-05,0.0,-4.0869403164833784e-05,-9.413226507604122e-06,6.851664511486888e-05,0.000191620085388422,4.3730949983000755e-05,-9.413226507604122e-06,-0.00027223280631005764,-0.0003048719372600317,0.0,-3.32437630277127e-05,-2.3830216377973557e-07,5.886444705538452e-05,9.33029514271766e-05,3.40790138579905e-05,-1.1438824003562331e-05,-0.00026079692179337144,-0.0001087828422896564
9256,0.2,2,12,0.00032395837479270995,0,5.839334335178137e-06,0.0,4,2.4671186110936105e-05,0.00012799751129932702,7.698767876718193e-05,0.00011369530693627894,0.00014403476961888373,0.00019714562222361565,0.0001426574744982645,0.0001426574744982645,0.0,2.3122900529415347e-05,6.148714601295069e-05,0.0,-2.1927146008238196e-05,-2.0973820937797427e-05,-2.0973820937797427e-05,-1.608789898455143e-05,-5.839334335178137e-06,-1.6207079170271754e-05,-8.782491204328835e-05,-0.00014537764945998788,0.0,-0.0009714839980006218,-3.5512231988832355e-05,0.00010332632518839091,0.00012799751129932702,9.081218740902841e-05,-0.00019053576397709548,-0.0005838850047439337,-0.0006395037053152919
9271,0.2,0,19,1.063692331314087,6,0.02593052387237549,0.08083760738372803,8,0.03543567657470703,0.3552377223968506,0.3578018546104431,0.4889879822731018,0.7723733186721802,0.9440388679504395,0.4162474274635315,0.3799121379852295,0.036335289478302,0.08733871579170227,0.31070977449417114,0.0,0.05490708351135254,-0.04611861705780029,-0.0157015323638916,-0.020192384719848633,-0.06350445747375488,0.08083760738372803,0.03975367546081543,0.041388750076293945,0.0,0.29693734645843506,-0.29775428771972656,-0.1274024248123169,-0.36533915996551514,-0.5342369079589844,0.31980204582214355,0.16342896223068237,0.3552377223968506
9327,0.2,3,12,0.0004717191040981561,5,3.0745199183002114e-05,0.0001351287355646491,5,7.495773024857044e-05,0.00017695798305794597,0.00018169550457969308,0.00022396136773750186,0.00020302808843553066,0.00024985350319184363,0.00026765360962599516,0.00026765360962599516,0.0,1.2657956176553853e-05,4.893800723948516e-05,0.0,-0.00030510444776155055,9.88977262750268e-06,9.806780144572258e-05,0.00010438353638164699,0.0001351287355646491,-4.8732414143159986e-05,-0.00022541216458193958,-0.0002341083891224116,0.0,-0.0002747292455751449,8.257650188170373e-05,1.6085803508758545e-05,0.00010200025280937552,0.00017695798305794597,-0.00017668839427642524,-5.2068528020754457e-05,-0.00020396921900101006
9527,0.2,3,12,0.005243122112005949,4,0.00019388087093830109,0.0018966817297041416,4,0.0010448649991303682,0.0033684070222079754,0.001859604031778872,0.002662801882252097,0.0036479965783655643,0.0043206531554460526,0.004024115856736898,0.004023758694529533,3.57162207365036e-07,0.00023546341981273144,0.0005836447817273438,0.0,-0.0006635049358010292,-0.00371077423915267,0.0010781711898744106,0.0018966817297041416,-6.996560841798782e-06,0.0017028008587658405,-0.00275060860440135,-0.004223163705319166,0.0,-0.002748597878962755,-0.004121250007301569,0.002323542023077607,0.0033684070222079754,0.0018701872322708368,0.002051742048934102,-0.006232033018022776,-0.011181097477674484
9611,0.2,0,12,0.0011075560469180346,3,3.812601789832115e-06,0.0005667305667884648,3,0.00010817393194884062,0.0005324174417182803,0.0003510620445013046,0.00048529839841648936,0.0004483536758925766,0.0005877479561604559,0.0008294794242829084,0.0008294794242829084,0.0,7.393283885903656e-05,0.00020980826229788363,0.0,-0.00013073824811726809,-0.00012930959928780794,0.0005667305667884648,0.0005629179649986327,0.00016803230391815305,0.0001623156131245196,-0.001561432145535946,-0.0008732888381928205,0.0,-0.00010144873522222042,-8.847052231431007e-05,0.0005324174417182803,0.0004242435097694397,0.0001393302227370441,0.00012158544268459082,-0.0007991656893864274,-0.00040025776252150536
9614,0.2,3,12,0.0012823462020605803,3,2.8463371563702822e-05,0.0003273399197496474,3,9.016814874485135e-05,0.0005149329081177711,0.00039083565934561193,0.0005184230976738036,0.0004109477740712464,0.0005207399372011423,0.0007154283230192959,0.0007154283230192959,0.0,0.0001433374418411404,0.00029555641231127083,0.0,-0.0005745207890868187,-2.762081567198038e-05,0.0003273399197496474,0.0002961374120786786,0.00029887654818594456,-0.00021415972150862217,-0.0008853885810822248,-0.0006946916691958904,0.0,-0.0005972472717985511,-0.00039518962148576975,0.0005149329081177711,0.0004247647593729198,0.0004200005205348134,0.0002638640580698848,-0.001478659687563777,-0.0009508095681667328
9706,0.2,0,12,0.012215210124850273,4,0.0008147903718054295,0.005763479974120855,4,0.0007145954295992851,0.005004195496439934,0.005747770890593529,0.006987628992646933,0.006635528057813644,0.007960604503750801,0.008387107402086258,0.008387107402086258,0.0,0.0006888571660965681,0.0014816165203228593,0.0,-0.0011263471096754074,-0.0006871400400996208,0.004948689602315426,0.005763479974120855,0.0015186341479420662,0.0009173154830932617,-0.010972699150443077,-0.007252972573041916,0.0,-0.000905885361135006,-0.0018350481986999512,0.004289600066840649,0.005004195496439934,0.0012409212067723274,0.0023653367534279823,-0.007106238976120949,-0.005353236570954323
9723,0.2,3,12,0.0006320862448774278,4,2.502131974324584e-05,0.00014118367107585073,4,3.19309183396399e-05,0.00011056242510676384,0.00016724344459362328,0.0002249383251182735,0.00025058473693206906,0.0003614522283896804,0.0002261417976114899,0.0002261417976114899,0.0,3.3582327887415886e-05,0.00012318055087234825,0.0,-0.0004546309937722981,-1.9418657757341862e-05,0.00011616235133260489,0.00014118367107585073,9.078416042029858e-05,-9.673211025074124e-05,-0.00028147397097200155,-0.0003251828602515161,0.0,-0.0001319917500950396,-0.00010018667671829462,7.863150676712394e-05,0.00011056242510676384,-1.7274287529289722e-05,4.443794023245573e-05,-0.0001554577611386776,-0.0002060805563814938
9898,0.2,3,12,0.006951433606445789,5,7.618218660354614e-05,0.0039626783691346645,5,0.0005027707666158676,0.00496523454785347,0.0029944642446935177,0.003739412408322096,0.0042438446544110775,0.0049379668198525906,0.0060923038981854916,0.0060923038981854916,0.0,0.0002817102358676493,0.000775669002905488,0.0,-0.005662674084305763,0.0029379730112850666,0.003808656008914113,0.0038864961825311184,0.0039626783691346645,-0.010522364638745785,-0.01188534777611494,-0.011227910406887531,0.0,-0.01271956879645586,0.003984072245657444,0.004236316308379173,0.004462463781237602,0.00496523454785347,-0.01868589222431183,-0.015960969030857086,-0.016725443303585052
9921,0.2,3,12,0.0015758965164422989,5,4.682003054767847e-05,0.0009746664436534047,6,0.00041987758595496416,0.0007042605429887772,0.0006843648152425885,0.0008710701367817819,0.0003697480424307287,0.0006887293420732021,0.0012362077832221985,0.0009427380282431841,0.0002934697549790144,0.0001407885574735701,0.0003714929334819317,0.0,-0.0018070181831717491,0.0002773586893454194,0.0007497598417103291,0.0009278464131057262,0.0009746664436534047,-0.0006905626505613327,-0.002396957017481327,-0.003465015906840563,0.0,0.000284382957033813,-0.0014437602367252111,-0.00016982934903353453,2.7256319299340248e-05,-0.0012120949104428291,0.0007042605429887772,-2.8564827516674995e-06,-0.0002847780706360936
10061,0.2,1,18,2.4604110717773438,7,0.008907079696655273,0.03946232795715332,6,0.07957816123962402,0.39064931869506836,0.7340949773788452,0.8984991908073425,0.8160313367843628,1.0804483890533447,0.4103686809539795,0.3172872066497803,0.09308147430419922,0.21410539746284485,0.5704765915870667,0.0,-0.009221076965332031,-0.012083292007446289,-0.04530525207519531,-0.05050230026245117,-0.10735225677490234,-0.06817269325256348,0.03946232795715332,0.030555248260498047,0.0,0.29280805587768555,-0.21758151054382324,-0.07204723358154297,-0.2112128734588623,-0.3382871150970459,0.39064931869506836,0.1135704517364502,0.31107115745544434
10105,0.2,3,12,0.025080380961298943,4,0.0005681626498699188,0.0027701612561941147,6,0.0001707468181848526,0.006721362471580505,0.01352777797728777,0.016243521124124527,0.013629449531435966,0.017429811879992485,0.008825626224279404,0.0027983728796243668,0.006027253344655037,0.0014067841693758965,0.004007458686828613,0.0,-0.00863569788634777,0.0019587501883506775,0.0012109652161598206,0.0027701612561941147,0.002201998606324196,-0.006295898929238319,-0.003928374499082565,-0.00734848715364933,0.0,0.006550615653395653,-0.008575649932026863,-0.007318483665585518,-0.004210310056805611,-0.018357476219534874,0.006721362471580505,0.006194468587636948,0.0032360032200813293
10171,0.2,2,12,0.001542688929475844,4,3.03580891340971e-05,0.00023045996204018593,4,4.408217500895262e-05,0.000992331886664033,0.0004895766032859683,0.0006470714579336345,0.0008159796707332134,0.0010247157188132405,0.0011044524144381285,0.0011044524144381285,0.0,0.00012540913303382695,0.00028357081464491785,0.0,-0.00045041029807180166,9.736756328493357e-05,0.00017141143325716257,0.00023045996204018593,0.00020010187290608883,-0.0010075195459648967,-0.0007306687766686082,-0.0011421117233112454,0.0,-0.0016858839662745595,0.0002414128975942731,0.0009058373398147523,0.000992331886664033,0.0009482497116550803,-0.0007197264349088073,-0.0034656054340302944,-0.0038077477365732193
10229,0.2,3,12,0.004262291360646486,5,0.00037881755270063877,0.003115916857495904,5,7.55630899220705e-05,0.002518945373594761,0.002297020750120282,0.0028050902765244246,0.0025484664365649223,0.0032429518178105354,0.0037626908160746098,0.0037626908160746098,0.0,0.00018542476755101234,0.0005711258854717016,0.0,-0.00769098149612546,0.002312737051397562,0.002648427616804838,0.002737099304795265,0.003115916857495904,-0.009562371298670769,-0.012175297364592552,-0.01245822012424469,0.0,-0.0051940749399363995,-0.0019041881896555424,0.0022684785071760416,0.0024433822836726904,0.002518945373594761,-0.002982926554977894,-0.007241618353873491,-0.008058426901698112
10417,0.2,1,12,0.03062622807919979,5,0.0048433151096105576,0.01125134527683258,5,0.006936398334801197,0.015093754045665264,0.018809562548995018,0.022247757762670517,0.014655636623501778,0.018800415098667145,0.020964883267879486,0.020964883267879486,0.0,0.0012621181085705757,0.0064551690593361855,0.0,-0.011508075520396233,0.004899902269244194,0.005463192239403725,0.006408030167222023,0.01125134527683258,-0.00886928103864193,-0.01023063249886036,-0.012574983760714531,0.0,-0.02118496783077717,0.005348579958081245,0.006794990971684456,0.008157355710864067,0.015093754045665264,-0.010717900469899178,-0.014527877792716026,-0.01857876591384411
10421,0.2,0,12,0.19662104547023773,4,0.018559373915195465,0.10720672458410263,4,0.002060145139694214,0.04553966224193573,0.09406271576881409,0.11618597060441971,0.09232953935861588,0.11760474741458893,0.1275741308927536,0.1275741308927536,0.0,0.008016656152904034,0.038206394761800766,0.0,-0.027193665504455566,-0.032061055302619934,0.08864735066890717,0.10720672458410263,0.03288586437702179,0.0392276793718338,-0.20601008832454681,-0.16765646636486053,0.0,-0.017125040292739868,0.0012903809547424316,0.043479517102241516,0.04553966224193573,0.02125731110572815,-0.004329323768615723,-0.0834033340215683,-0.04977734386920929
10464,0.2,3,12,0.0012837749673053622,5,4.9912137910723686e-05,0.0005768753471784294,2,1.4652323443442583e-05,0.0005808065179735422,0.0003699470835272223,0.0006587833631783724,0.00043317879317328334,0.0006854758830741048,0.0009332419140264392,0.0009195377351716161,1.3704178854823112e-05,0.00011097841343143955,0.00021555533749051392,0.0,-0.0008813427994027734,0.0005269632092677057,0.00029947166331112385,0.00044834770960733294,0.0005768753471784294,-0.0020727645605802536,-0.0007560789817944169,-0.0012041250010952353,0.0,-0.0008657599100843072,0.0005808065179735422,0.00024754879996180534,0.0005280352779664099,0.0005661541945300996,-0.002409414853900671,-0.0005472712218761444,-0.0014642729656770825
10478,0.2,3,12,0.004782309755682945,4,4.046037793159485e-05,0.000122088473290205,3,0.00011971546337008476,0.00011971546337008476,0.0022698792163282633,0.0027628110256046057,0.0021218331530690193,0.0031679701060056686,0.0002542790025472641,7.00005330145359e-05,0.0001842784695327282,0.00041787774534896016,0.0008499030955135822,0.0,-0.00034103356301784515,-2.3727770894765854e-05,-0.00014223996549844742,0.000122088473290205,-0.0001863669604063034,-0.0002921689301729202,8.162809535861015e-05,-0.0003654644824564457,0.0,-0.0009695347398519516,-5.647120997309685e-05,0.00011971546337008476,-7.106317207217216e-05,-0.0005926708690822124,-0.0005289968103170395,-0.00048441067337989807,-0.0002463860437273979
10522,0.2,0,12,0.529680609703064,3,0.005520343780517578,0.12401342391967773,3,0.057826608419418335,0.13159164786338806,0.26700177788734436,0.3094784617424011,0.2319830358028412,0.287594735622406,0.24468278884887695,0.24468278884887695,0.0,0.03427274152636528,0.09779686480760574,0.0,-0.02155017852783203,-0.011189937591552734,0.12401342391967773,0.11849308013916016,0.030445337295532227,0.018675148487091064,-0.15844565629959106,-0.10355156660079956,0.0,-0.029941856861114502,0.019479036331176758,0.13159164786338806,0.07376503944396973,0.04345545172691345,-0.03358137607574463,-0.15402847528457642,-0.05306893587112427
10581,0.2,1,12,0.006492000073194504,4,0.00021189963445067406,0.002412170637398958,4,0.00042412662878632545,0.0010522818192839622,0.0037527724634855986,0.0043111639097332954,0.0019229274475947022,0.002500855829566717,0.0031121743377298117,0.0031121743377298117,0.0,0.00031560772913508117,0.000870515767019242,0.0,-0.0020560985431075096,0.0008371141739189625,0.001298448070883751,0.002412170637398958,0.002200271002948284,-0.0015136739239096642,-0.002328263595700264,-0.005072362720966339,0.0,-0.0005054837092757225,-0.0005489271134138107,0.0006281551904976368,0.0010522818192839622,0.0002487506717443466,0.00046082958579063416,-0.0011310339905321598,-0.0019129542633891106
10621,0.2,1,12,0.20473061501979828,6,0.0434151291847229,0.07486940920352936,1,0.012121245265007019,0.12592492997646332,0.08690433204174042,0.11535660177469254,0.1417665332555771,0.16942456364631653,0.1537702977657318,0.1357210874557495,0.0180492103099823,0.014427298679947853,0.037519991397857666,0.0,0.030590549111366272,-0.08756576478481293,-0.03015291690826416,-0.0018689632415771484,-0.05722327530384064,0.07486940920352936,0.03145428001880646,-0.001796141266822815,0.0,0.12592492997646332,-0.09448562562465668,-0.16460244357585907,-0.1411367505788803,-0.39362257719039917,0.09190230071544647,0.1138036847114563,0.09354466199874878
10664,0.2,3,12,0.007155032362788916,4,0.0014498061500489712,0.003192390315234661,4,0.00017649075016379356,0.0035430844873189926,0.0035185564775019884,0.004568424541503191,0.003327221143990755,0.0044732168316841125,0.004978852346539497,0.004978852346539497,0.0,0.00037152942968532443,0.0009474468533881009,0.0,-0.0022020176984369755,-0.0014092582277953625,0.0013246084563434124,0.003192390315234661,0.00174258416518569,-0.0012713181786239147,-0.0031193443574011326,-0.007999783381819725,0.0,-0.004634730983525515,0.0033429611939936876,0.0009605926461517811,0.0035430844873189926,0.003366593737155199,-0.016177063807845116,-0.0018930225633084774,-0.0064495098777115345
10753,0.2,3,13,0.0009041512385010719,5,0.0001093714963644743,0.00038632098585367203,4,7.980794180184603e-06,0.0001323305768892169,0.000284170062514022,0.0003426424227654934,0.0003192892181687057,0.00044338242150843143,0.00045173513353802264,0.0004442283825483173,7.506750989705324e-06,3.9900292904349044e-05,0.00011393491877242923,0.0,-0.0007357768481597304,0.0002163118333555758,0.00023418111959472299,0.00027694948948919773,0.00038632098585367203,-0.0006272302707657218,-0.000627468223683536,-0.0007535098120570183,0.0,-0.0003716468345373869,7.277372060343623e-05,7.503683445975184e-05,0.0001323305768892169,0.0001243497827090323,-0.0002771109575405717,-0.00023400713689625263,-0.0003467635251581669
10762,0.2,3,13,0.0006409021443687379,5,5.480716936290264e-06,0.00011699536116793752,1,1.2270931620150805e-05,2.609047805890441e-05,0.0002135100803570822,0.00028509594267234206,0.00017448033031541854,0.00022313714725896716,0.0001616764348000288,5.742372013628483e-05,0.00010425271466374397,4.9001020670402795e-05,0.0001437641039956361,0.0,-0.00026253447867929935,4.491413710638881e-05,4.0625163819640875e-05,0.00011151464423164725,0.00011699536116793752,-0.00017356156604364514,-9.661214426159859e-05,-0.0002824242692440748,0.0,2.609047805890441e-05,-0.00016367522766813636,-1.036451430991292e-05,-5.2178860642015934e-05,-0.00029123754939064384,-4.7654611989855766e-07,5.4801348596811295e-06,1.3819546438753605e-05
10763,0.2,3,13,0.0032043324317783117,4,0.0002504719886928797,0.0010054330341517925,4,6.172806024551392e-05,0.0009432255756109953,0.001244432758539915,0.0016416895668953657,0.0010398674057796597,0.0016477593453601003,0.001689138705842197,0.001689138705842197,0.0,0.00015254461322911084,0.0005388290155678988,0.0,-0.0014032043982297182,-8.353241719305515e-05,0.0007232106290757656,0.0010054330341517925,0.0007549610454589128,-0.0004083281382918358,-0.002122626407071948,-0.003110705642029643,0.0,-0.0017345703672617674,-1.0219169780611992e-05,0.0008348769042640924,0.0009432255756109953,0.0008814975153654814,-0.0006013258825987577,-0.002261943416669965,-0.0027658126782625914
10765,0.2,3,13,0.010644209571182728,4,0.0002915821969509125,0.0022266069427132607,5,0.002149867359548807,0.008198524825274944,0.003906969912350178,0.005113460123538971,0.00469677709043026,0.006117897108197212,0.008823039941489697,0.008823039941489697,0.0,0.0007332260720431805,0.0016473578289151192,0.0,-0.004968778230249882,0.0007453504949808121,0.0011456869542598724,0.0022266069427132607,0.0019350247457623482,-0.00370868481695652,-0.0035961028188467026,-0.006380355916917324,0.0,-0.027272339910268784,0.005449709016829729,0.005340966396033764,0.006048657465726137,0.008198524825274944,-0.020211022347211838,-0.019527669996023178,-0.026314206421375275
10866,0.2,3,13,0.005476946011185646,2,0.001457786187529564,0.001457786187529564,2,5.31529076397419e-05,0.0007553822360932827,0.002097036223858595,0.002867720555514097,0.0021896124817430973,0.002905513858422637,0.002073715440928936,0.0019863981287926435,8.731731213629246e-05,0.00045157107524573803,0.0009753067861311138,0.0,-0.0005279188044369221,0.001457786187529564,-0.0004354878328740597,-0.0009330916218459606,-0.000252733938395977,-0.004303989000618458,-0.0003620111383497715,-0.00020093610510230064,0.0,-7.563736289739609e-05,0.0007553822360932827,-0.0011786031536757946,-0.0018520597368478775,-0.0007514948956668377,-0.006069505587220192,0.00048276688903570175,0.0007022293284535408
10872,0.2,0,3,0.8541420102119446,8,0.04500836133956909,0.14493584632873535,8,0.09182175993919373,0.4181045591831207,0.289585143327713,0.34691643714904785,0.44461163878440857,0.5712741017341614,0.467222660779953,0.467222660779953,0.0,0.0558965690433979,0.13461244106292725,0.0,0.0653083324432373,0.04857820272445679,-0.08366471529006958,-0.15126651525497437,-0.11895447969436646,-0.08675527572631836,0.09992748498916626,0.14493584632873535,0.0,0.20551729202270508,0.1286870241165161,-0.3343656659126282,-0.5364542603492737,-0.3922211527824402,-0.17478030920028687,0.326282799243927,0.4181045591831207
10898,0.2,3,13,0.0004349001101218164,5,6.554299034178257e-06,0.00010045478120446205,5,7.149646990001202e-06,3.121973713859916e-05,0.00012209672422613949,0.00017361558275297284,9.595663141226396e-05,0.00014039520465303212,0.00011558941332623363,0.00011344431550242007,2.1450978238135576e-06,1.5481358786928467e-05,4.889905540039763e-05,0.0,-0.00010914227459579706,6.827953620813787e-05,1.9661179976537824e-05,9.39004821702838e-05,0.00010045478120446205,-0.00021672394359484315,-4.122764221392572e-05,-0.00019635219359770417,0.0,-5.421519745141268e-05,6.434507668018341e-06,1.298825372941792e-05,2.4070090148597956e-05,3.121973713859916e-05,-0.00013773655518889427,-2.597598358988762e-05,-6.44621322862804e-05
10930,0.2,3,13,0.003579520620405674,5,0.0002873565535992384,0.001039894763380289,3,1.306808553636074e-05,0.00015942007303237915,0.0012825063895434141,0.0015942143509164453,0.0010416663717478514,0.0013749521458521485,0.0011369276326149702,0.0010672437492758036,6.968388333916664e-05,0.00022407947108149529,0.0005737622268497944,0.0,-0.0019695060327649117,0.0007525382097810507,0.000521951587870717,0.0006756302900612354,0.001039894763380289,-0.0020980057306587696,-0.0013674483634531498,-0.00186470290645957,0.0,-0.0003923829644918442,6.937189027667046e-05,0.00015942007303237915,0.00011974084191024303,0.0001463519874960184,-0.00034595606848597527,-0.0005273777060210705,-0.0005751024000346661
10942,0.2,1,13,0.012635531835258007,4,0.001150673720985651,0.007482776418328285,4,0.001647486351430416,0.006617395672947168,0.004880168940871954,0.0059094917960464954,0.005349197890609503,0.007690835744142532,0.010233609937131405,0.010233609937131405,0.0,0.0009681601077318192,0.0020757263991981745,0.0,-0.005686500109732151,0.0031557846814393997,0.006332102697342634,0.007482776418328285,0.004981147591024637,-0.007814687676727772,-0.019650455564260483,-0.02302166447043419,0.0,-0.002335159108042717,-0.005167036317288876,0.004969909321516752,0.006617395672947168,0.0024547260254621506,0.0030411314219236374,-0.013439743779599667,-0.01765686273574829
11047,0.2,3,13,0.0007834940915927291,5,7.852763519622386e-05,0.00042473847861401737,4,2.0607956685125828e-05,5.348451668396592e-05,0.0003005458856932819,0.0003589011321309954,0.00016364440671168268,0.00022740630083717406,0.00044499701471067965,0.0003727832227014005,7.221379200927913e-05,3.0606548534706235e-05,7.902471406850964e-05,0.0,-0.0009177243337035179,0.00019977736519649625,0.0002768637496046722,0.0003462108434177935,0.00042473847861401737,-0.0005544499726966023,-0.0007932356093078852,-0.0011197772109881043,0.0,-3.549590473994613e-05,-5.157582927495241e-05,-2.3818574845790863e-07,5.348451668396592e-05,-6.301031680777669e-05,3.2876559998840094e-05,-3.287545405328274e-05,-0.00013852218398824334
11053,0.2,3,13,0.0006524579366669059,5,5.5290875025093555e-05,0.00027773415786214173,5,1.751416129991412e-05,0.0001137770595960319,0.0001887766266008839,0.00028144611860625446,0.00016417827282566577,0.00024791969917714596,0.000340535887517035,0.000340535887517035,0.0,3.8692120142513886e-05,0.000153994609718211,0.0,-0.00043223495595157146,0.00020564213627949357,0.00019456070731393993,0.00022244328283704817,0.00027773415786214173,-0.0005667863879352808,-0.0004854622529819608,-0.0005877413786947727,0.0,-0.000222632079385221,9.626289829611778e-05,6.087805377319455e-05,6.504793418571353e-05,0.0001137770595960319,-0.00045795587357133627,-0.0001468784175813198,-0.00017820490757003427
11156,0.2,0,13,0.056556735187768936,1,0.0015447139739990234,0.020732063800096512,5,0.0049030110239982605,0.008898608386516571,0.02764524146914482,0.03296507149934769,0.03332952409982681,0.03868056461215019,0.0247843936085701,0.01336374506354332,0.01142064854502678,0.003573153167963028,0.009556370787322521,0.0,0.020732063800096512,-0.020655978471040726,-0.011294793337583542,-0.012893397361040115,-0.05372118577361107,0.01918734982609749,0.012683521956205368,0.013990048319101334,0.0,-0.021578971296548843,0.0039955973625183105,0.002201095223426819,0.002546750009059906,0.008898608386516571,-0.010152067989110947,-0.004707541316747665,-0.005626097321510315
11277,0.2,3,13,0.024053074419498444,5,0.002597521059215069,0.00998565461486578,5,0.00018616020679473877,0.008030222728848457,0.00899446476250887,0.012075656093657017,0.01795673370361328,0.020559675991535187,0.014186439104378223,0.014074898324906826,0.0001115407794713974,0.0007797785219736397,0.0020195436663925648,0.0,-0.019782260060310364,0.0063393935561180115,0.006589936092495918,0.007388133555650711,0.00998565461486578,-0.020260892808437347,-0.019686639308929443,-0.02283720299601555,0.0,-0.011711213737726212,0.0019608810544013977,0.006471509113907814,0.007844062522053719,0.008030222728848457,-0.01197296753525734,-0.01253959909081459,-0.015096534043550491
11340,0.2,3,13,0.0040955008007586,5,0.0005920748226344585,0.0017136770766228437,5,0.0003129933029413223,0.0010492221917957067,0.0017361262580379844,0.0022779738064855337,0.0011496292427182198,0.0017330502159893513,0.0024005896411836147,0.0024005896411836147,0.0,0.0002956265234388411,0.0006054717232473195,0.0,-0.002878188621252775,0.0007333774119615555,0.0007713970262557268,0.0011216022539883852,0.0017136770766228437,-0.0015648379921913147,-0.0015446864999830723,-0.002346872352063656,0.0,-0.002227948047220707,0.0007362288888543844,0.0005949742626398802,0.0005149112548679113,0.0010492221917957067,-0.0021308078430593014,-0.0012592044658958912,-0.0012697572819888592
11402,0.2,2,13,0.0010877889581024647,4,3.5623786970973015e-05,0.0005511335330083966,6,0.00012005370808765292,0.00023806863464415073,0.0004925912944599986,0.0006083368789404631,0.00032834577723406255,0.0005125074530951679,0.0006626597605645657,0.0005830650334246457,7.959472713992e-05,7.646015001228079e-05,0.00018446898320689797,0.0,-0.0008590290090069175,0.00031811243388801813,0.0004048337577842176,0.0005511335330083966,0.0005155097460374236,-0.0008729493711143732,-0.0011230050586163998,-0.001712922239676118,0.0,0.00011801492655649781,-0.000487750512547791,-1.3574957847595215e-05,7.204583380371332e-05,-0.00044668721966445446,0.00023806863464415073,-3.393716178834438e-05,-0.00022384477779269218
11421,0.2,0,13,0.010813802480697632,4,0.002385377883911133,0.0032990220934152603,4,0.0032513318583369255,0.006997218355536461,0.003545620245859027,0.005016169045120478,0.005097769666463137,0.006293093785643578,0.008280240930616856,0.008280240930616856,0.0,0.0006594485603272915,0.0019507890101522207,0.0,-0.0002673054113984108,-0.0005038939416408539,0.0009136442095041275,0.0032990220934152603,0.0003494787961244583,0.0006720563396811485,-0.0017775855958461761,-0.006691858172416687,0.0,-0.002518109045922756,-0.0005603507161140442,0.0037458864971995354,0.006997218355536461,0.002595994621515274,0.0005356501787900925,-0.010335315018892288,-0.019472694024443626
11568,0.2,2,13,0.0006095697171986103,4,5.742826033383608e-05,0.00010579894296824932,4,1.7751532141119242e-05,1.7751532141119242e-05,0.00014977871614973992,0.00019281747518107295,0.00017100086552090943,0.0002290665142936632,0.00012200340279377997,0.00012200340279377997,0.0,2.4411247068201192e-05,8.673900447320193e-05,0.0,-8.291564881801605e-05,-3.4072494599968195e-05,4.837068263441324e-05,0.00010579894296824932,3.514596028253436e-05,-1.286662882193923e-05,-0.00015772442566230893,-0.00028219487285241485,0.0,-9.840202983468771e-05,-1.0722200386226177e-05,-1.6440695617347956e-05,1.7751532141119242e-05,-4.598568193614483e-05,-8.744245860725641e-05,-0.0001230605412274599,-0.00019345915643498302
11877,0.2,0,13,0.08137025684118271,3,0.0017531029880046844,0.028766252100467682,4,0.0007310658693313599,0.07435999065637589,0.021562770009040833,0.031577929854393005,0.061431534588336945,0.06684093177318573,0.07587398588657379,0.07582134753465652,5.2638351917266846e-05,0.002160026226192713,0.00459794607013464,0.0,-0.011725835502147675,0.0039001256227493286,0.028766252100467682,0.027013149112462997,0.013011142611503601,-0.009055301547050476,-0.07704300433397293,-0.05484747141599655,0.0,-0.3971783518791199,-0.012097768485546112,0.072391077876091,0.07435999065637589,0.07362892478704453,0.005299009382724762,-0.8675174117088318,-0.8913337588310242
11882,0.2,0,13,0.008232705295085907,3,3.087753430008888e-05,0.004461843054741621,3,2.4813693016767502e-05,0.00417899526655674,0.0032551053445786238,0.0037237987853586674,0.003805238753557205,0.00474489014595747,0.006365962326526642,0.006365962326526642,0.0,0.0002905219153035432,0.0009411823702976108,0.0,-0.001127650961279869,-0.0007556891068816185,0.004461843054741621,0.004430965520441532,0.0014106733724474907,0.0009620427154004574,-0.010626770555973053,-0.006780967116355896,0.0,-0.0010249000042676926,-0.000979781150817871,0.00417899526655674,0.004154181573539972,0.0012907423079013824,0.001278312411159277,-0.011863676831126213,-0.006495564244687557
11886,0.2,2,13,0.004319741856306791,5,0.0003779437392950058,0.0018067515920847654,6,0.0004993577022105455,0.0009749648161232471,0.001639002002775669,0.0019892717245966196,0.0016367683419957757,0.002096803393214941,0.0023293790873140097,0.0017276795115321875,0.0006016995757818222,0.0002527665928937495,0.0005754113662987947,0.0,-0.0026033977046608925,0.0012159429024904966,0.001306027639657259,0.0014288078527897596,0.0018067515920847654,-0.002934470772743225,-0.003177054226398468,-0.0034159114584326744,0.0,0.00017627840861678123,-0.001280259806662798,-5.364883691072464e-05,0.0004756071139127016,-0.0006619826890528202,0.0009749648161232471,-0.00016627833247184753,-0.0012080646120011806
11907,0.2,0,13,0.009019820019602776,4,0.0004391409456729889,0.004305731039494276,4,0.0003796117380261421,0.0027668559923768044,0.0031803071033209562,0.004311853554099798,0.004143361002206802,0.005535408388823271,0.005701894871890545,0.005701894871890545,0.0,0.0006389125483110547,0.0013164096744731069,0.0,-0.0014144210144877434,0.00020865537226200104,0.003866590093821287,0.004305731039494276,0.00170099176466465,-0.0003896644338965416,-0.010222114622592926,-0.0073046013712882996,0.0,-0.0005748169496655464,-0.00015640351921319962,0.0023872442543506622,0.0027668559923768044,0.0007664244621992111,0.0002084188163280487,-0.0053532859310507774,-0.0029124850407242775
11969,0.2,2,13,0.0011382774682715535,4,1.715286634862423e-05,0.00037408038042485714,4,1.1670170351862907e-05,8.978554978966713e-05,0.0003759590326808393,0.0004884642548859119,0.000275822589173913,0.000428995379479602,0.00043113960418850183,0.00043113960418850183,0.0,6.818455585744232e-05,0.0001727128983475268,0.0,-0.0005442566471174359,0.0002286476083099842,0.0003109496901743114,0.00037408038042485714,0.0003569275140762329,-0.0007285844767466187,-0.0009254884207621217,-0.0011260408209636807,0.0,-0.00017168954946100712,-9.418278932571411e-05,7.811537943780422e-05,8.978554978966713e-05,-2.4052569642663002e-05,-0.00011406606063246727,-0.00037596398033201694,-0.0004398804157972336
11976,0.2,0,16,7.376616477966309,8,0.02413177490234375,0.18327999114990234,7,0.03163480758666992,0.24840307235717773,0.5313332676887512,0.8627572059631348,0.7913535833358765,1.16611647605896,0.45740413665771484,0.2646632194519043,0.19274091720581055,0.40833011269569397,0.9631056189537048,0.0,0.060133934020996094,-0.020737171173095703,-0.5465574264526367,-0.5036435127258301,-0.15973997116088867,0.014607429504394531,0.1591482162475586,0.18327999114990234,0.0,0.10115671157836914,-0.1358170509338379,-0.6924200057983398,-0.4737687110900879,-0.1905679702758789,0.2167682647705078,0.24840307235717773,0.1407022476196289
12012,0.2,3,13,0.0017847575945779681,5,0.00010558671783655882,0.00039931375067681074,5,0.00021429324988275766,0.0005696805892512202,0.0005233227275311947,0.0006934325210750103,0.0005133786471560597,0.0006475400296039879,0.0008064088178798556,0.0008064088178798556,0.0,0.00010170668974751607,0.00037650149897672236,0.0,-0.0007000506157055497,0.00020302901975810528,0.00028670416213572025,0.0002937270328402519,0.00039931375067681074,-0.0006540300091728568,-0.0006819755071774125,-0.00073001638520509,0.0,-0.0010988068534061313,0.0003321750555187464,0.00033098470885306597,0.00035538733936846256,0.0005696805892512202,-0.0010907239047810435,-0.0008403585525229573,-0.0009598428150638938
12024,0.2,3,13,0.000645429186988622,5,5.2071583922952414e-05,0.00023233512183651328,0,4.8843794502317905e-06,0.0,0.00020694937848020345,0.0002627809881232679,8.062100096140057e-05,0.00015079128206707537,0.00023233512183651328,0.00016203316044993699,7.03019613865763e-05,4.550718585960567e-05,0.00012485144543461502,0.0,-0.00043497682781890035,0.00015774372150190175,0.00015226280083879828,0.00018026353791356087,0.00023233512183651328,-0.000445574929472059,-0.0004166382714174688,-0.0005259501631371677,0.0,-8.43421439640224e-05,-5.4918520618230104e-05,-9.292270988225937e-06,-4.8843794502317905e-06,-9.422923903912306e-05,-0.00010435451986268163,-8.886877913028002e-05,-0.00013484875671565533
12110,0.2,0,13,0.0005821678787469864,8,1.2152828276157379e-05,5.015917122364044e-05,1,5.956972017884254e-07,1.4892604667693377e-05,0.00017976926756091416,0.00024881295394152403,0.00011970748892053962,0.0001667621108936146,6.386102177202702e-05,6.112060509622097e-05,2.7404166758060455e-06,3.503577318042517e-05,7.145759445847943e-05,0.0,3.7053192500025034e-05,-1.0126852430403233e-05,-2.94271158054471e-05,-4.44382312707603e-05,-7.48171005398035e-05,1.3701152056455612e-05,3.800634294748306e-05,5.015917122364044e-05,0.0,1.4892604667693377e-05,-5.242123734205961e-06,-1.2271339073777199e-05,-1.2390490155667067e-05,-4.419992910698056e-05,6.7909713834524155e-06,1.4296907465904951e-05,1.131836324930191e-05
12151,0.2,3,13,0.0013233008794486523,5,0.00029700115555897355,0.0008405005792155862,5,0.0001221990678459406,0.00048739719204604626,0.0003528879606164992,0.00048625373165123165,0.0002926467568613589,0.0004779756418429315,0.0010313999373465776,0.0010313999373465776,0.0,7.322932651732117e-05,0.00015697367780376226,0.0,-0.0018929142970591784,0.000456310051959008,0.0004772729007527232,0.0005434994236566126,0.0008405005792155862,-0.0013868228998035192,-0.0013039554469287395,-0.0015525370836257935,0.0,-0.0011220271699130535,0.0001266789622604847,0.0003504304331727326,0.00036519812420010567,0.00048739719204604626,-0.000703942496329546,-0.0009355461224913597,-0.0009973933920264244
12155,0.2,0,13,0.007848023436963558,4,0.0007130037993192673,0.002554147969931364,4,0.0017347019165754318,0.005061458796262741,0.002472416963428259,0.0032397930044680834,0.004226000979542732,0.005270122084766626,0.005956055596470833,0.005956055596470833,0.0,0.000513308506924659,0.00235247821547091,0.0,-0.0010908683761954308,0.0002671065740287304,0.0018411441706120968,0.002554147969931364,0.0012062108144164085,-0.0005585858598351479,-0.004922868683934212,-0.0055463481694459915,0.0,-0.0024178577587008476,-0.00019182730466127396,0.0033267568796873093,0.005061458796262741,0.0023495000787079334,7.085083052515984e-05,-0.011109245009720325,-0.014939124695956707
12172,0.2,3,14,0.06288149207830429,7,0.0013892613351345062,0.0028992928564548492,5,0.031564418226480484,0.04341705143451691,0.013243799097836018,0.02172931097447872,0.03671759366989136,0.04469276964664459,0.04346463456749916,0.03648897260427475,0.006975661963224411,0.004812884144484997,0.014010929502546787,0.0,-0.003459244966506958,-0.0023123323917388916,-0.0037656426429748535,-0.001598067581653595,-0.02948381006717682,0.001510031521320343,0.0028992928564548492,0.000722743570804596,0.0,-0.13324713706970215,-0.0002668425440788269,0.011852633208036423,0.010590709745883942,0.04341705143451691,0.0005157440900802612,-0.021478772163391113,-0.017524972558021545
12207,0.2,3,14,0.008920224383473396,4,0.0005563637241721153,0.0015395060181617737,4,0.0010182633996009827,0.0034544230438768864,0.003234345931559801,0.0045339916832745075,0.0033304779790341854,0.003962855786085129,0.0044325427152216434,0.0044325427152216434,0.0,0.0008810324361547828,0.0018136624712496996,0.0,-0.0016803434118628502,-0.0023345286026597023,0.0009831422939896584,0.0015395060181617737,0.00011851266026496887,0.0006920117884874344,-0.0030329301953315735,-0.004326283931732178,0.0,-0.002460057847201824,-0.001522628590464592,0.002414130140095949,0.0034544230438768864,0.0024361596442759037,0.0008806101977825165,-0.00471124704927206,-0.0072628650814294815
12211,0.2,0,14,0.007490288466215134,4,0.00028042402118444443,0.002697301097214222,7,4.8205722123384476e-05,0.001050284132361412,0.002541809808462858,0.0029304909985512495,0.0032266955822706223,0.0038159035611897707,0.003552344162017107,0.0008421996608376503,0.0027101445011794567,0.00044195036753080785,0.0016793693648651242,0.0,-0.003377523273229599,0.0009982883930206299,0.0022968552075326443,0.002697301097214222,0.0024168770760297775,-0.0030743032693862915,-0.007470420561730862,-0.00937487743794918,0.0,0.0006559430621564388,-0.00042136572301387787,-0.00389730092138052,-0.005827036686241627,-0.00228734128177166,-0.00035276729613542557,0.001050284132361412,0.0010020784102380276
12246,0.2,0,14,0.015787489712238312,6,7.283128798007965e-05,0.001122654415667057,6,0.0007477663457393646,0.0009286059066653252,0.005886244121938944,0.007916930131614208,0.00744982436299324,0.009700985625386238,0.0016007693484425545,0.0016007693484425545,0.0,0.0011056344956159592,0.004255225881934166,0.0,-0.0007209256291389465,-0.0015021413564682007,0.001049000769853592,0.0010498231276869774,0.0007240269333124161,0.001122654415667057,-0.0058263931423425674,-0.005146615207195282,0.0,-5.550123751163483e-05,-0.000909809023141861,0.00018083956092596054,-0.00029354728758335114,-2.2882595658302307e-05,0.0009286059066653252,-0.0022366177290678024,-0.0009770989418029785
12303,0.2,3,14,0.13141058385372162,6,0.02003595232963562,0.02502240240573883,5,0.0008261501789093018,0.024294503033161163,0.04144594818353653,0.06891230493783951,0.07026276737451553,0.09342635422945023,0.044946908950805664,0.040561482310295105,0.004385426640510559,0.015009176917374134,0.03362128883600235,0.0,0.0036137253046035767,-0.08004151284694672,0.0049864500761032104,-0.00983227789402008,-0.011542707681655884,0.02502240240573883,-0.009470969438552856,0.0024728775024414062,0.0,-0.014390349388122559,-0.0030668973922729492,0.003801316022872925,0.02346835285425186,0.024294503033161163,0.0169418603181839,-0.004522159695625305,-0.032498255372047424
12448,0.2,2,14,0.020426860079169273,4,0.0009103696793317795,0.014712469652295113,3,0.000402325764298439,0.00707601010799408,0.011264842934906483,0.013854746706783772,0.006287827156484127,0.01146392896771431,0.01671086624264717,0.016631295904517174,7.957033812999725e-05,0.0013939954806119204,0.004418047145009041,0.0,-0.02353237383067608,0.011895664036273956,0.013802099972963333,0.014712469652295113,0.013697538524866104,-0.04508945345878601,-0.054249636828899384,-0.058411769568920135,0.0,-0.006023364141583443,-0.0022556446492671967,0.00707601010799408,0.0066736843436956406,0.0051242271438241005,-0.0038874447345733643,-0.018885741010308266,-0.016458140686154366
12476,0.2,2,14,0.11299559473991394,5,0.016541071236133575,0.07105685770511627,5,0.02050376683473587,0.04476518929004669,0.05513874813914299,0.06614752858877182,0.05255424976348877,0.07157106697559357,0.0879182368516922,0.0879182368516922,0.0,0.009431208483874798,0.030716266483068466,0.0,-0.13732904195785522,0.0545157864689827,0.04552553594112396,0.052374113351106644,0.07105685770511627,-0.15447944402694702,-0.11397011578083038,-0.13839152455329895,0.0,-0.059994012117385864,0.016557440161705017,0.01944158971309662,0.02426142245531082,0.04476518929004669,-0.03513741493225098,-0.036849260330200195,-0.0478348433971405
12551,0.2,0,14,0.024285798892378807,2,0.0007972177118062973,0.0009750146418809891,4,0.0010967236012220383,0.0038583558052778244,0.008323827758431435,0.011124791577458382,0.014351075515151024,0.01780959591269493,0.005162913352251053,0.0005567688494920731,0.00460614450275898,0.0012390456395223737,0.0033151835668832064,0.0,0.00017779693007469177,0.0009750146418809891,-0.0060712434351444244,-0.0072266776114702225,-0.0009031593799591064,-0.003594420850276947,-0.0006302967667579651,-0.0003252588212490082,0.0,-0.0013432782143354416,-0.002876546233892441,0.002761632204055786,0.0038583558052778244,0.0016529392451047897,0.0025226008147001266,-0.006132764741778374,-0.005752475932240486
12558,0.2,2,14,0.0007371568935923278,4,3.157247556373477e-05,0.00018346385331824422,0,1.548556610941887e-06,0.0,0.00014792608271818608,0.00022168582654558122,0.00022952242579776794,0.00032767935772426426,0.00018477439880371094,0.0001327100908383727,5.206430796533823e-05,9.598673932487145e-05,0.00027644503279589117,0.0,-0.0001472232979722321,-5.1935610827058554e-05,0.00015189137775450945,0.00018346385331824422,0.00014438561629503965,2.6207068003714085e-05,-0.0004295787657611072,-0.0005651906249113381,0.0,-2.9780203476548195e-06,-4.871946293860674e-05,-4.4431304559111595e-05,-6.098829908296466e-05,-3.5854929592460394e-05,-1.548556610941887e-06,-2.5849032681435347e-05,-7.25423451513052e-05
12749,0.2,0,14,0.06408495455980301,2,0.008208680897951126,0.01089627668261528,7,0.0011648423969745636,0.014704640954732895,0.026464039459824562,0.032170627266168594,0.03705994039773941,0.045572735369205475,0.01889222487807274,0.011508774012327194,0.007383450865745544,0.0037779032718390226,0.011000994592905045,0.0,0.002687595784664154,0.01089627668261528,-0.04682597517967224,-0.054265253245830536,-0.015603072941303253,-0.07395660132169724,0.002557668834924698,0.0006971508264541626,0.0,0.007765047252178192,0.0066248029470443726,-0.04879628121852875,-0.058810457587242126,-0.019600488245487213,-0.029483601450920105,0.014704640954732895,0.013539798557758331
12769,0.2,2,14,0.004169106017798185,5,0.00019323104061186314,0.0011477854568511248,5,0.00033673387952148914,0.002119853626936674,0.0018532226094976068,0.0023146055173128843,0.0010167983127757907,0.001476143952459097,0.0026840269565582275,0.0026840269565582275,0.0,0.00027980274171568453,0.0008465106366202235,0.0,-0.001961000729352236,0.0009545544162392616,0.0005109540652483702,0.0009004897437989712,0.0011477854568511248,-0.0028038728050887585,-0.0014525889419019222,-0.00242060050368309,0.0,-0.004445770289748907,0.0014305687509477139,0.0016954757738858461,0.001783119747415185,0.002119853626936674,-0.004644895438104868,-0.005876224022358656,-0.0062784659676253796
12799,0.2,0,14,0.08042670786380768,7,0.0005618594586849213,0.02404617890715599,2,0.008727826178073883,0.013112887740135193,0.03787221759557724,0.04838063195347786,0.061180632561445236,0.06757049262523651,0.02568919211626053,0.022928625345230103,0.002760566771030426,0.0062298099510371685,0.01795944944024086,0.0,0.015692800283432007,0.02348431944847107,-0.0882229208946228,-0.1433108001947403,-0.055800795555114746,-0.17166300117969513,0.02404617890715599,0.022124342620372772,0.0,0.0001068115234375,0.013112887740135193,-0.01255849003791809,-0.013989783823490143,-0.004070065915584564,-0.04825538396835327,0.00438506156206131,0.0002905428409576416
12832,0.2,0,14,0.025760367512702942,6,0.0024025999009609222,0.006943590939044952,6,0.009358939714729786,0.010311818681657314,0.011677486822009087,0.01483469270169735,0.016190150752663612,0.018886413425207138,0.013993578031659126,0.013993578031659126,0.0,0.0012525023194029927,0.002883110661059618,0.0,0.00454099103808403,-0.00788113847374916,-0.011355657130479813,-0.0180605910718441,-0.012026820331811905,0.006943590939044952,0.003580724820494652,0.0028048567473888397,0.0,0.00036451593041419983,-0.012332573533058167,0.0009528789669275284,-0.0029364880174398422,-0.005594421178102493,0.010311818681657314,-0.008932843804359436,-0.009449020028114319
12935,0.2,0,14,0.012082718312740326,8,0.00017610285431146622,0.0035809529945254326,8,8.596805855631828e-05,0.005425984971225262,0.0057299332693219185,0.006868650205433369,0.0035260214935988188,0.005400963593274355,0.00656546326354146,0.00656546326354146,0.0,0.0007905425736680627,0.0025432726833969355,0.0,0.0020078839734196663,-0.0002294052392244339,-0.008849052712321281,-0.017062904313206673,-0.005258698016405106,-0.00034232158213853836,0.0034048501402139664,0.0035809529945254326,0.0,0.003614285960793495,-0.002773463726043701,-0.01811726577579975,-0.034484799951314926,-0.012674881145358086,0.0022656600922346115,0.005340016912668943,0.005425984971225262
12969,0.2,0,14,0.023311017081141472,4,0.000495661050081253,0.007313624024391174,6,0.0006950739771127701,0.005762716755270958,0.011650850996375084,0.013858192600309849,0.009576411917805672,0.012654894962906837,0.011094041168689728,0.0035313162952661514,0.007562724873423576,0.0013382729375734925,0.003361715469509363,0.0,-0.0084307212382555,0.0030667297542095184,0.005683068186044693,0.007313624024391174,0.006817962974309921,-0.006308170035481453,-0.01352572999894619,-0.02046567015349865,0.0,0.005067642778158188,-0.005878256633877754,-0.005577761679887772,-0.005205811932682991,-0.013545604422688484,0.005762716755270958,0.004870308563113213,0.0035957153886556625
13137,0.2,0,16,0.015061583369970322,3,0.00010906718671321869,0.006326400674879551,3,0.0007028700783848763,0.007825715467333794,0.0064587765373289585,0.00831067655235529,0.006212829612195492,0.008083959110081196,0.010748488828539848,0.010748488828539848,0.0,0.0007097384077496827,0.0019629024900496006,0.0,-0.001218622550368309,-0.0006488095968961716,0.006326400674879551,0.006217333488166332,0.0016641533002257347,0.0008727479726076126,-0.013385960832238197,-0.007151521742343903,0.0,-0.0014257244765758514,-0.0028153453022241592,0.007825715467333794,0.007122845388948917,0.0018827207386493683,0.003240247257053852,-0.01912221685051918,-0.009132180362939835
13206,0.2,3,15,0.008240035735070705,4,0.00043880520388484,0.003031659871339798,5,0.00022066431120038033,0.0029976251535117626,0.003599542658776045,0.004478272050619125,0.002927160356193781,0.00398210296407342,0.004811975173652172,0.004720146302133799,9.182887151837349e-05,0.0005962539580650628,0.0014040716923773289,0.0,-0.0023165345191955566,0.00014283321797847748,0.001920970156788826,0.003031659871339798,0.002592854667454958,-0.0002691755071282387,-0.003670831210911274,-0.005698783323168755,0.0,-0.00792651530355215,0.0018562939949333668,0.0024247816763818264,0.0027769608423113823,0.0029976251535117626,-0.0073346905410289764,-0.008364408276975155,-0.008822736330330372
13222,0.2,0,12,1.646008849143982,8,0.041092753410339355,0.15366840362548828,6,0.20112979412078857,0.29909539222717285,0.6218463182449341,0.7949782013893127,0.5578994750976562,0.7494426965713501,0.45132505893707275,0.3692730665206909,0.08205199241638184,0.12564222514629364,0.39705362915992737,0.0,0.07703936100006104,-0.05314767360687256,-0.20744693279266357,-0.3629976511001587,-0.17809057235717773,0.06867551803588867,0.11257565021514893,0.15366840362548828,0.0,0.029578208923339844,-0.2696434259414673,0.09796559810638428,0.07902681827545166,-0.053370118141174316,0.29909539222717285,-0.16858160495758057,-0.13474857807159424
13294,0.2,3,15,0.0010689741466194391,7,2.9889983125030994e-05,2.9889983125030994e-05,5,4.9084366764873266e-05,0.00048513832734897733,0.00019500551570672542,0.0002878445666283369,0.00034606014378368855,0.0004843281931243837,0.0005050348117947578,0.0004510649014264345,5.3969910368323326e-05,5.9979814977850765e-05,0.00021834837389178574,0.0,-3.000826109200716e-05,-0.00012824300210922956,-0.00021694379393011332,-0.00017527327872812748,-0.00013014813885092735,-0.00059939781203866,2.9889983125030994e-05,-5.084672011435032e-05,0.0,-0.0008774868911132216,0.0003876867704093456,0.0003290774766355753,0.00043605396058410406,0.00048513832734897733,-0.0018358670640736818,-0.0010345247574150562,-0.00149169797077775
13339,0.2,3,15,0.005163547582924366,5,4.902807995676994e-05,0.0010042949579656124,5,0.0003580758348107338,0.0022705928422510624,0.0011244871420785785,0.0016300213756039739,0.0021314313635230064,0.0029094568453729153,0.002844637492671609,0.002844637492671609,0.0,0.00033539996366016567,0.0008922937558963895,0.0,-0.0010262718424201012,0.0005359570495784283,0.0006679147481918335,0.0009552668780088425,0.0010042949579656124,-0.0012378431856632233,-0.0014224876649677753,-0.002047704067081213,0.0,-0.0032373880967497826,-0.002366495318710804,0.0015978061128407717,0.0019125170074403286,0.0022705928422510624,0.001663021044805646,-0.0037647103890776634,-0.004595902748405933
13352,0.2,3,15,0.0006490031373687088,5,3.05043940898031e-05,0.0002324534289073199,0,2.3468746803700924e-05,0.0,0.00020774644508492202,0.0002466633159201592,4.259686465957202e-05,8.013135084183887e-05,0.0002324534289073199,0.00014153873780742288,9.091469109989703e-05,2.5553006707923487e-05,7.770086813252419e-05,0.0,-0.0002477637608535588,7.505592657253146e-05,0.0001513090101070702,0.0002019490348175168,0.0002324534289073199,-0.00019345158943906426,-0.00031064788345247507,-0.0004473595763556659,0.0,-6.373354699462652e-05,-0.00016450771363452077,-2.3468746803700924e-05,-4.729424836114049e-05,-0.00012615276500582695,-0.00025741098215803504,-9.673048043623567e-05,-0.00010709388880059123
13364,0.2,1,15,0.0009977606823667884,4,4.7637149691581726e-07,8.122297003865242e-05,4,1.8587219528853893e-05,0.0005005431594327092,0.00010068593837786466,0.0001968758151633665,0.0004036849713884294,0.0005306468810886145,0.0005493958597071469,0.0005483234999701381,1.07235973700881e-06,8.24539820314385e-05,0.0002597497368697077,0.0,-4.072801675647497e-05,-9.419606067240238e-05,8.07465985417366e-05,8.122297003865242e-05,3.9896112866699696e-05,-6.835558451712132e-05,-0.0003105395007878542,-0.0002617264399304986,0.0,-0.0015661217039451003,-0.00019469379913061857,0.0004334639525040984,0.0005005431594327092,0.0004819559399038553,-0.00013658730313181877,-0.0018167401431128383,-0.0021854201331734657
13458,0.2,0,15,0.0023865809198468924,4,0.0006093010306358337,0.0007731933146715164,4,9.408476762473583e-05,0.00020635640248656273,0.0007244342705234885,0.0009035135735757649,0.0006924465415067971,0.0010832275729626417,0.0009428070625290275,0.0009428070625290275,0.0,0.00012490295921452343,0.0003174503508489579,0.0,-0.00015245028771460056,-0.00011772895231842995,0.00016389228403568268,0.0007731933146715164,0.00013701128773391247,6.50542788207531e-05,-0.0006765739526599646,-0.0012649197597056627,0.0,-7.884413935244083e-05,-0.0001152318436652422,3.2705022022128105e-05,0.00020635640248656273,-1.7124926671385765e-05,0.0001122716348618269,-0.00046263053081929684,-0.0009036601986736059
13500,0.2,1,16,0.019321564584970474,4,0.00015730597078800201,0.011535165831446648,3,6.918329745531082e-05,0.011370291002094746,0.008226323872804642,0.009731887839734554,0.00899297185242176,0.011494546197354794,0.01624925807118416,0.01624925807118416,0.0,0.0018962037283927202,0.004964951425790787,0.0,-0.006424745544791222,-5.4605305194854736e-05,0.011377859860658646,0.011535165831446648,0.006614819169044495,-0.0009807795286178589,-0.031270962208509445,-0.024988297373056412,0.0,-0.00556604377925396,-0.0110709797590971,0.011370291002094746,0.011301107704639435,0.005461043678224087,0.0066561345010995865,-0.03598573058843613,-0.026243343949317932
13547,0.2,1,16,0.00039915222441777587,6,2.502425923012197e-05,2.502425923012197e-05,3,3.95667739212513e-05,0.00014800979988649487,7.932375592645258e-05,0.00013339851284399629,0.00012143412459408864,0.00018629095575306565,0.00015241943765431643,8.842188981361687e-05,6.399754784069955e-05,4.577640356728807e-05,0.00010104171087732539,0.0,-4.408997483551502e-06,-4.015670856460929e-05,-7.447332609444857e-05,-5.8030098443850875e-05,-1.1677795555442572e-05,2.502425923012197e-05,-8.090754272416234e-05,-8.257568697445095e-05,0.0,-6.732411566190422e-05,-2.3951230105012655e-05,0.00014800979988649487,0.00010844302596524358,7.412131526507437e-05,-5.60059561394155e-06,-0.0003415783285163343,-0.00017372268484905362
13650,0.2,0,16,0.01982644945383072,2,0.003236323595046997,0.004108896479010582,3,0.002052588388323784,0.012487858533859253,0.006243876181542873,0.009517722763121128,0.011765867471694946,0.014490997418761253,0.013999462127685547,0.01116181816905737,0.0028376439586281776,0.0018656617030501366,0.004630235489457846,0.0,-0.0009298454970121384,0.004108896479010582,-0.0035283565521240234,-0.004775652661919594,0.0008725728839635849,-0.010370990261435509,-0.0036446917802095413,-0.000767536461353302,0.0,-0.004387909546494484,0.0005366895347833633,0.012487858533859253,0.010435270145535469,0.005328088067471981,-0.0009020566940307617,-0.020041760057210922,-0.011542204767465591
13729,0.2,3,15,0.0080742621794343,5,0.001405214425176382,0.004526813514530659,0,9.577814489603043e-05,0.0,0.0046366797760128975,0.005048671271651983,0.0023433463647961617,0.0034592438023537397,0.004652973264455795,0.0026263631880283356,0.0020266100764274597,0.00039869704050943255,0.0012799942633137107,0.0,-0.007936269976198673,0.0031215990893542767,0.0026490087620913982,0.0028732391074299812,0.004526813514530659,-0.010306173004209995,-0.0061425454914569855,-0.00662816409021616,0.0,-9.577814489603043e-05,-0.0023914771154522896,-0.0011266488581895828,-0.0012948336079716682,-0.0030418597161769867,-0.0012100357562303543,-0.0001142239198088646,-0.0001358604058623314
13745,0.2,3,15,0.0038290531374514103,4,1.6032950952649117e-05,7.434259168803692e-05,5,0.00048768497072160244,0.0016306296456605196,0.0015596301527693868,0.001905204146169126,0.0015790691832080483,0.0021984975319355726,0.0016306296456605196,0.001431055599823594,0.0001995740458369255,0.00022124606766737998,0.0010893474100157619,0.0,-0.00035679107531905174,5.83096407353878e-05,-0.00014724396169185638,7.434259168803692e-05,-0.00014866841956973076,-0.000491519458591938,-0.00029553426429629326,-0.0007351716049015522,0.0,-0.01067247986793518,0.0011429446749389172,0.0009491737000644207,0.0010518794879317284,0.0016306296456605196,-0.004280210938304663,-0.0031291283667087555,-0.0029946365393698215
13786,0.2,1,15,0.0006277974462136626,4,7.781025487929583e-05,0.00023746321676298976,5,1.1676776921376586e-05,0.00014106518938206136,0.00011634214024525136,0.00017211053636856377,7.588650623802096e-05,0.00014368651318363845,0.00033065283787436783,0.00032374076545238495,6.912072421982884e-06,3.6425200960366055e-05,6.282483082031831e-05,0.0,-9.685161057859659e-05,-9.17329452931881e-06,0.00015965296188369393,0.00023746321676298976,0.00010806083446368575,-1.0364630725234747e-05,-0.00040211714804172516,-0.0006613349542021751,0.0,-0.0001717771519906819,9.233347373083234e-05,0.00012938841246068478,0.0001285543548874557,0.00014106518938206136,-0.00022466236259788275,-0.00040533242281526327,-0.0004146210849285126
14082,0.2,2,16,0.017133552581071854,4,0.0004135705530643463,0.007953313179314137,4,0.003078657202422619,0.008374380879104137,0.007681028451770544,0.009377965703606606,0.006892882287502289,0.009315011091530323,0.012686933390796185,0.012686933390796185,0.0,0.0008246145443990827,0.0025766484905034304,0.0,-0.005464809015393257,3.316253423690796e-05,0.00753974262624979,0.007953313179314137,0.004998895339667797,-0.0013065710663795471,-0.022942770272493362,-0.02104441449046135,0.0,-0.0033965520560741425,-0.0015745367854833603,0.0052957236766815186,0.008374380879104137,0.0030489712953567505,-0.000321386381983757,-0.015911508351564407,-0.016430262476205826
14258,0.2,2,15,0.3389146327972412,2,0.006193101406097412,0.013118952512741089,4,0.004894524812698364,0.059033870697021484,0.15503814816474915,0.19097590446472168,0.16824685037136078,0.21851323544979095,0.07806119322776794,0.02825680375099182,0.04980438947677612,0.022610556334257126,0.05068844184279442,0.0,-0.00033733248710632324,0.013118952512741089,-0.00983572006225586,-0.03368431329727173,-0.005320608615875244,-0.034854620695114136,-0.0154152512550354,0.006925851106643677,0.0,-0.03440430760383606,-0.02900034189224243,0.05413934588432312,0.059033870697021484,0.033502012491226196,-0.05132853984832764,-0.10153070092201233,-0.08140796422958374
14262,0.2,3,15,0.0008849757141433656,5,0.00016452133422717452,0.00031901098554953933,4,2.0726292859762907e-05,0.00011684774653986096,0.00020449406292755157,0.0002646182547323406,0.00016945935203693807,0.0002489699691068381,0.0004025328962597996,0.0003479628940112889,5.457000224851072e-05,4.926334440824576e-05,9.61383557296358e-05,0.0,-0.0007607840816490352,0.0001232801005244255,0.0001544896513223648,0.00015377491945400834,0.00031901098554953933,-0.00029426225228235126,-0.0003414124366827309,-0.00032855343306437135,0.0,-0.0009859318379312754,5.6099495850503445e-05,9.612145368009806e-05,0.00011684774653986096,-1.0361953172832727e-05,-0.00031462282640859485,-0.0002872371696867049,-0.0003184329834766686
14358,0.2,3,16,0.027222437784075737,5,0.004845109768211842,0.014330561272799969,5,0.001436552032828331,0.012188214808702469,0.011608083732426167,0.01598627306520939,0.01275227777659893,0.0176335871219635,0.01990869827568531,0.01990869827568531,0.0,0.003893597051501274,0.009805180132389069,0.0,-0.030723372474312782,0.00703481025993824,0.009414130821824074,0.009485451504588127,0.014330561272799969,-0.018471399322152138,-0.02494773454964161,-0.024251168593764305,0.0,-0.02177133597433567,0.0016433242708444595,0.008990300819277763,0.010751662775874138,0.012188214808702469,-0.006847763434052467,-0.0234519075602293,-0.0275560449808836
14376,0.2,0,16,0.5029596090316772,4,0.08909636735916138,0.22191649675369263,4,0.09469065070152283,0.1519087851047516,0.2910756468772888,0.37911003828048706,0.2615956962108612,0.3119887709617615,0.3158539831638336,0.3158539831638336,0.0,0.045649491250514984,0.11776446551084518,0.0,-0.05397987365722656,0.018689990043640137,0.13282012939453125,0.22191649675369263,0.08316192030906677,-0.011430144309997559,-0.15435683727264404,-0.22179222106933594,0.0,-0.0036298632621765137,-0.04875820875167847,0.01802825927734375,0.1519087851047516,-0.004549503326416016,0.05721813440322876,-0.04742079973220825,-0.17194688320159912
14392,0.2,3,16,0.48163414001464844,2,0.04733404517173767,0.0975210964679718,5,0.016131281852722168,0.1528361737728119,0.23621639609336853,0.3215031921863556,0.38319405913352966,0.4152835011482239,0.2107250988483429,0.17719486355781555,0.033530235290527344,0.014596827328205109,0.051813989877700806,0.0,-0.04729318618774414,0.0975210964679718,-0.0532989501953125,-0.16697049140930176,-0.07380294799804688,-0.26325929164886475,-0.021399497985839844,0.05018705129623413,0.0,-0.1648734211921692,0.09838756918907166,0.13670489192008972,0.06159442663192749,0.1528361737728119,-0.16644072532653809,-0.22080457210540771,-0.09957200288772583
14496,0.2,2,16,0.035844456404447556,4,0.0005531683564186096,0.023341596126556396,6,0.0031567104160785675,0.00639251247048378,0.022782443091273308,0.026657115668058395,0.02091476507484913,0.025960400700569153,0.024467121809720993,0.021208636462688446,0.003258485347032547,0.002559513319283724,0.009864378720521927,0.0,-0.0335308276116848,0.007463306188583374,0.021567124873399734,0.023341596126556396,0.022788427770137787,-0.012861758470535278,-0.05966339632868767,-0.06554628908634186,0.0,0.0032358020544052124,-0.01654033735394478,-0.004018828272819519,-0.006713777780532837,-0.01034078374505043,0.00639251247048378,0.0009655319154262543,0.0017091594636440277
14682,0.2,0,16,0.18748214840888977,4,0.00961141288280487,0.03984422981739044,4,0.03889061510562897,0.07198099792003632,0.071204274892807,0.10054099559783936,0.10662058740854263,0.1259944587945938,0.10062909126281738,0.10062909126281738,0.0,0.01155722327530384,0.03377973288297653,0.0,-0.008474305272102356,-0.009734824299812317,0.03023281693458557,0.03984422981739044,0.00960339605808258,0.012359827756881714,-0.0897446870803833,-0.05536265671253204,0.0,-0.007118701934814453,-0.013120070099830627,0.03309038281440735,0.07198099792003632,0.010345160961151123,0.018835946917533875,-0.05711185932159424,-0.06732720136642456
14719,0.2,3,16,0.0009818024700507522,2,0.0001578120863996446,0.000172222382389009,5,0.00011960155097767711,0.00033470545895397663,0.000254734797636047,0.00041352055268362164,0.00042796198977157474,0.0006207767874002457,0.000457657384686172,0.0003581747296266258,9.948265505954623e-05,0.0001499961072113365,0.00047604338033124804,0.0,-0.0002682788763195276,0.000172222382389009,1.4410295989364386e-05,-4.7159381210803986e-05,-9.646406397223473e-06,-0.0006117090815678239,-0.00017600285355001688,-0.0001055101165547967,0.0,-0.0022994084283709526,0.0001080225920304656,0.00020748039241880178,0.00021510390797629952,0.00033470545895397663,-0.0004972057649865746,-0.0005604104371741414,-0.0005632670363411307
14742,0.2,1,16,0.007558201439678669,4,0.00031475210562348366,0.004060050938278437,4,0.0003686170093715191,0.004571942146867514,0.0031666732393205166,0.004505148157477379,0.0031725442968308926,0.0041555059142410755,0.006270021200180054,0.006270021200180054,0.0,0.0007003286737017334,0.00174743274692446,0.0,-0.0032281242311000824,0.0015772730112075806,0.003745298832654953,0.004060050938278437,0.0028123152442276478,-0.00472954660654068,-0.01106166560202837,-0.010869164951145649,0.0,-0.003553912043571472,0.0017454363405704498,0.004203325137495995,0.004571942146867514,0.0029700067825615406,-0.006391314789652824,-0.012996896170079708,-0.011480123735964298
14786,0.2,0,16,0.03930870443582535,4,0.001460084691643715,0.010759435594081879,3,0.001235058531165123,0.022077659144997597,0.01369023509323597,0.01890074461698532,0.02226436510682106,0.027187388390302658,0.02590998075902462,0.02533038705587387,0.0005795937031507492,0.002345944754779339,0.006565645337104797,0.0,-0.002978280186653137,-0.0011714734137058258,0.009299350902438164,0.010759435594081879,0.0037595294415950775,0.0012942589819431305,-0.024989448487758636,-0.018424689769744873,0.0,-0.008823845535516739,-0.0020633339881896973,0.022077659144997597,0.020842600613832474,0.00996105745434761,0.0028187818825244904,-0.06088310480117798,-0.03271377086639404
14852,0.2,2,16,0.020645249634981155,3,0.00039406493306159973,0.004533244296908379,4,0.00020250119268894196,0.01529018860310316,0.009460021741688251,0.013715676963329315,0.011542974039912224,0.014916861429810524,0.016438037157058716,0.01628170907497406,0.00015632808208465576,0.0017670262604951859,0.0047075808979570866,0.0,-0.0006812587380409241,-0.004579395055770874,0.004533244296908379,0.0025035999715328217,0.0006734244525432587,0.004139179363846779,-0.00903295911848545,-0.0046533215790987015,0.0,-0.026419159024953842,0.011914202943444252,0.015087687410414219,0.01529018860310316,0.014011608436703682,-0.054312873631715775,-0.06703972816467285,-0.04862837865948677
14893,0.2,3,16,0.23194147646427155,8,0.005291089415550232,0.03399387001991272,7,0.005522936582565308,0.04322749376296997,0.13143636286258698,0.1721961498260498,0.12319158017635345,0.16791217029094696,0.06881482899188995,0.06258180737495422,0.00623302161693573,0.016062801703810692,0.04135298356413841,0.0,-0.000459134578704834,0.028702780604362488,-0.025556907057762146,-0.03809089958667755,-0.03390328586101532,-0.05827684700489044,0.026911333203315735,0.03399387001991272,0.0,-0.03785125911235809,0.03770455718040466,-0.0586981326341629,-0.03426508605480194,-0.06282190978527069,-0.09858782589435577,0.04322749376296997,0.010046973824501038
14903,0.2,0,16,0.07693690806627274,4,0.01905299723148346,0.03245554119348526,4,0.008143089711666107,0.016680248081684113,0.03977973386645317,0.04712788015604019,0.03926709666848183,0.046032365411520004,0.04345770925283432,0.04345770925283432,0.0,0.0037179947830736637,0.008632699958980083,0.0,-0.0074233561754226685,-0.007907629013061523,0.0134025439620018,0.03245554119348526,0.00974312424659729,0.010181821882724762,-0.024494126439094543,-0.06882806867361069,0.0,-0.0029710307717323303,-0.008035309612751007,-0.0008020401000976562,0.016680248081684113,0.0007021650671958923,0.008537158370018005,-0.008770979940891266,-0.036234669387340546
14917,0.2,2,12,0.917232871055603,8,0.08669620752334595,0.25682252645492554,8,0.021555602550506592,0.05700176954269409,0.47135037183761597,0.5505245327949524,0.501203179359436,0.5940757989883423,0.30426156520843506,0.30426156520843506,0.0,0.03567376360297203,0.13484203815460205,0.0,0.07400476932525635,0.13896024227142334,-0.1308574676513672,-0.22543299198150635,-0.08518564701080322,-0.22120440006256104,0.1701263189315796,0.25682252645492554,0.0,-0.03815615177154541,0.034454345703125,0.027064919471740723,-0.04930359125137329,0.0354461669921875,-0.06557321548461914,-0.03877401351928711,0.05700176954269409
14971,0.2,3,15,0.0016020808834582567,5,5.00003807246685e-05,0.00027663714718073606,5,8.085707668215036e-05,0.0005795496981590986,0.0005052995402365923,0.0006247027195058763,0.00047141671529971063,0.0007470609853044152,0.0007061476935632527,0.000689116190187633,1.703150337561965e-05,0.0001160460160463117,0.0003512922558002174,0.0,-0.0005348450504243374,0.00019259040709584951,0.00022663676645606756,0.00022163684479892254,0.00027663714718073606,-0.0007074335590004921,-0.0006047878414392471,-0.0006477267015725374,0.0,-0.004474353045225143,0.00020639924332499504,0.00039926753379404545,0.0004986926214769483,0.0005795496981590986,-0.0013945186510682106,-0.001098888460546732,-0.0014702249318361282
15276,0.2,0,9,1.5152311325073242,4,0.163047194480896,0.3873167037963867,8,0.021169662475585938,0.23406314849853516,0.6464465856552124,0.7638035416603088,0.7663100957870483,0.996349036693573,0.583560049533844,0.12664318084716797,0.456916868686676,0.0863146111369133,0.29047614336013794,0.0,-0.0597074031829834,-0.01967906951904297,0.22426950931549072,0.3873167037963867,0.09700953960418701,0.055631041526794434,-0.18788421154022217,-0.23671221733093262,0.0,0.0862048864364624,-0.0669628381729126,-0.3164786100387573,-0.4397653341293335,-0.16697180271148682,0.05576932430267334,0.21289348602294922,0.23406314849853516
15349,0.2,2,19,0.01862478256225586,2,0.003220686689019203,0.004702657461166382,2,0.00013637449592351913,0.003936804831027985,0.009035191498696804,0.010762330144643784,0.005015636794269085,0.006802679970860481,0.007548980414867401,0.007548980414867401,0.0,0.0007704053423367441,0.0033101856242865324,0.0,-0.001499522477388382,0.004702657461166382,-0.00112873874604702,-0.006578939035534859,0.0014819707721471786,-0.015388157218694687,-0.0024832505732774734,-0.0011339988559484482,0.0,0.0008650757372379303,0.003936804831027985,-0.01042797602713108,-0.017285916954278946,-0.0032319575548171997,-0.0113832987844944,0.0029140375554561615,0.0038004303351044655
15427,0.2,0,17,0.06680960953235626,6,0.010822124779224396,0.011658094823360443,2,0.0032933279871940613,0.008278753608465195,0.03368100896477699,0.04213334619998932,0.03215964883565903,0.042649246752262115,0.019519701600074768,0.0,0.019519701600074768,0.005126933101564646,0.011617835611104965,0.0,-0.0014104396104812622,-0.010444484651088715,0.0008359700441360474,-0.0008129924535751343,-0.002568453550338745,0.011658094823360443,-0.016490817070007324,-0.02593202143907547,0.0,-0.010204561054706573,0.008278753608465195,-0.00306759774684906,-0.004223920404911041,0.004985425621271133,-0.01861189305782318,-0.007501736283302307,-0.01495574414730072
15430,0.2,0,17,0.760265052318573,7,0.0003757476806640625,0.03202253580093384,8,0.0021820068359375,0.23076820373535156,0.33101779222488403,0.4172114133834839,0.3937000632286072,0.5133521556854248,0.26112449169158936,0.26014918088912964,0.0009753108024597168,0.04740022495388985,0.12291233241558075,0.0,0.0019348859786987305,0.031646788120269775,-0.07131433486938477,-0.06538498401641846,-0.04778695106506348,-0.06006205081939697,0.03202253580093384,0.0004836916923522949,0.0,0.1313927173614502,0.001589357852935791,-0.3631998896598816,-0.4199063181877136,-0.3093913197517395,-0.0410502552986145,0.22858619689941406,0.23076820373535156
15467,0.2,2,19,0.027917664498090744,5,0.001240910030901432,0.012482144869863987,5,0.0007112054154276848,0.014626923948526382,0.010946008376777172,0.014633106999099255,0.008615576662123203,0.013624502345919609,0.02048724889755249,0.02048724889755249,0.0,0.0018575594294816256,0.005399741232395172,0.0,-0.01484721153974533,0.008332811295986176,0.007603054866194725,0.011241234838962555,0.012482144869863987,-0.02052168920636177,-0.015312772244215012,-0.02396325394511223,0.0,-0.018848050385713577,0.008877117186784744,0.009531376883387566,0.013915718533098698,0.014626923948526382,-0.021916408091783524,-0.020031731575727463,-0.027411852031946182
15604,0.2,0,19,0.016680415719747543,5,0.002666812390089035,0.005789255723357201,4,0.0,0.0013516033068299294,0.006697771605104208,0.008870254270732403,0.00402247067540884,0.00595798809081316,0.006920493207871914,0.006917187944054604,3.3052638173103333e-06,0.0009473554673604667,0.0030148462392389774,0.0,-0.007727542892098427,0.0031224433332681656,0.0031224433332681656,0.0031224433332681656,0.005789255723357201,-0.00665925070643425,-0.00665925070643425,-0.00665925070643425,0.0,-0.00227544829249382,0.0013516033068299294,0.0013516033068299294,0.0013516033068299294,0.00134972482919693,-0.005233356729149818,-0.005233356729149818,-0.005233356729149818
15607,0.2,3,17,0.0012155532604083419,5,0.00018510519294068217,0.0005194941186346114,3,5.300325574353337e-05,0.00039489573100581765,0.0007089528953656554,0.0009191237040795386,0.000673026661388576,0.0009105133940465748,0.0007308465428650379,0.0006229011341929436,0.00010794540867209435,7.913125591585413e-05,0.00016984988178592175,0.0,-0.0018525930354371667,0.00019766646437346935,0.0003343889256939292,0.00031283125281333923,0.0005194941186346114,-0.0006937860744073987,-0.0008491644402965903,-0.0008716481970623136,0.0,-0.001145934103988111,-0.00013334339018911123,0.00039489573100581765,0.0003418924752622843,0.00027424306608736515,-0.00012405752204358578,-0.0008560641435906291,-0.0006733210757374763
15758,0.2,0,12,2.423980712890625,4,0.18501412868499756,0.6760956048965454,8,0.12307095527648926,0.6073427200317383,0.6863389611244202,0.936609148979187,0.7193106412887573,1.1401174068450928,1.2036662101745605,0.3554403781890869,0.8482258319854736,0.16889603435993195,0.42364659905433655,0.0,-0.24184656143188477,0.17849206924438477,0.49108147621154785,0.6760956048965454,0.3600153923034668,-0.27686285972595215,-0.5405826568603516,-0.5036988258361816,0.0,0.09962272644042969,0.1927340030670166,-0.44908642768859863,-0.9206969738006592,-0.15753555297851562,-0.31044530868530273,0.484271764755249,0.6073427200317383
15805,0.2,2,16,0.8198171854019165,2,0.038405656814575195,0.1212608814239502,5,0.07981717586517334,0.23507702350616455,0.3356377184391022,0.4388854503631592,0.3575134575366974,0.4850378632545471,0.33934319019317627,0.30849719047546387,0.030845999717712402,0.058521103113889694,0.17502544820308685,0.0,-0.07815062999725342,0.1212608814239502,0.030626773834228516,-0.042811691761016846,0.082855224609375,-0.21992754936218262,-0.044846534729003906,0.007289230823516846,0.0,-0.11200332641601562,0.1552598476409912,0.1233711838722229,0.15016436576843262,0.23507702350616455,-0.17051726579666138,-0.11106735467910767,-0.08690285682678223
15885,0.2,3,14,5.265494346618652,5,0.028823375701904297,0.07722091674804688,5,0.7004561424255371,0.8965563774108887,0.45724502205848694,0.7091797590255737,0.9020818471908569,1.2804069519042969,1.0287632942199707,1.0287632942199707,0.0,0.35116058588027954,0.8453959226608276,0.0,0.023481369018554688,-0.03643083572387695,0.04839754104614258,0.018544673919677734,0.07722091674804688,0.04159116744995117,-0.07302188873291016,-0.028081893920898438,0.0,-0.7518191337585449,0.19610023498535156,0.17309284210205078,0.11593008041381836,0.8965563774108887,-0.2949366569519043,-0.23212432861328125,-0.13797473907470703
15959,0.2,1,18,0.012542416341602802,2,0.001126195304095745,0.0025984682142734528,2,0.0003819074481725693,0.0048576295375823975,0.002128341468051076,0.003201744519174099,0.0048081958666443825,0.005982790607959032,0.00629833759739995,0.00629833759739995,0.0,0.0007631349144503474,0.002281805733218789,0.0,-0.0018875617533922195,0.0025984682142734528,0.0005274219438433647,0.0005102250725030899,0.0014722729101777077,-0.009306392632424831,-0.0026978757232427597,-0.003896932117640972,0.0,-0.005273151211440563,0.0048576295375823975,0.0028811898082494736,0.004475722089409828,0.004206854850053787,-0.0198424831032753,-0.006803118623793125,-0.011035962961614132
16047,0.2,2,2,1.332223892211914,5,0.03053748607635498,0.30808353424072266,4,0.04873979091644287,0.5040927529335022,0.37969547510147095,0.5656735897064209,0.725308358669281,0.816379189491272,0.7033552527427673,0.6914498805999756,0.011905372142791748,0.10700806230306625,0.3345799744129181,0.0,-0.23742306232452393,0.06863796710968018,0.17613506317138672,0.2775460481643677,0.30808353424072266,-0.10152840614318848,-0.27186548709869385,-0.39845597743988037,0.0,-0.3048938512802124,0.09265375137329102,0.3831694722175598,0.5040927529335022,0.4553529620170593,-0.06079685688018799,-0.4591926336288452,-0.525275707244873
16151,0.2,0,19,0.008340290747582912,4,0.0,0.00022050272673368454,5,6.16004690527916e-05,0.00017947237938642502,0.002710173139348626,0.0032447180710732937,0.001682056812569499,0.00267981574870646,0.0003929194062948227,0.00035093631595373154,4.1983090341091156e-05,0.0003104180213995278,0.0007215485093183815,0.0,-0.0011088717728853226,0.00022050272673368454,0.00022050272673368454,0.00022050272673368454,0.0001629190519452095,-0.0009677466005086899,-0.0009677466005086899,-0.0009677466005086899,0.0,-0.0009333780035376549,0.00011787191033363342,0.00011787191033363342,0.00011787191033363342,0.00017947237938642502,-0.00045988522469997406,-0.00045988522469997406,-0.00045988522469997406
16226,0.2,0,17,0.0012874656822532415,4,0.00018760160310193896,0.0005661520408466458,4,1.6312464140355587e-05,0.00012120627798140049,0.0005409336881712079,0.0006784977740608156,0.000539178610779345,0.0007119935471564531,0.0005956951063126326,0.0005554310046136379,4.0264101698994637e-05,6.067301001166925e-05,0.00014135567471385002,0.0,-0.00044326588977128267,1.7382320947945118e-05,0.000363543804269284,0.0005661520408466458,0.00037855043774470687,-0.00020451715681701899,-0.001016221009194851,-0.0019638026133179665,0.0,-0.00010333512909710407,-9.833532385528088e-05,0.0001048938138410449,0.00012120627798140049,6.70307781547308e-05,-4.4525833800435066e-05,-0.00030806916765868664,-0.0004338646540418267
16360,0.2,3,14,4.63185453414917,6,0.32031679153442383,0.45764875411987305,5,0.1263890266418457,0.5015044212341309,0.7736679911613464,1.0071276426315308,1.1265822649002075,1.6027504205703735,0.9634935855865479,0.42717599868774414,0.5363175868988037,0.13615599274635315,0.31634950637817383,0.0,0.13733196258544922,-0.26300621032714844,0.0018911361694335938,0.03779125213623047,-0.0924234390258789,0.45764875411987305,0.0626683235168457,0.0823211669921875,0.0,-0.2897834777832031,0.23281383514404297,0.37511539459228516,0.26947021484375,0.5015044212341309,-0.3406548500061035,-0.4026017189025879,-0.21839237213134766
16385,0.2,0,19,0.06837335973978043,8,0.0043791718780994415,0.016187235713005066,8,0.01002451777458191,0.045685380697250366,0.0233803391456604,0.0346301831305027,0.03914174437522888,0.050951216369867325,0.050278421491384506,0.050278421491384506,0.0,0.0075271762907505035,0.01597156934440136,0.0,0.009802702814340591,-0.009134940803050995,-0.010838903486728668,-0.019372761249542236,-0.019199669361114502,0.010659884661436081,0.011808063834905624,0.016187235713005066,0.0,0.029665756970643997,-0.00324326753616333,-0.05205833166837692,-0.11771351844072342,-0.09322432428598404,0.0037633776664733887,0.03566086292266846,0.045685380697250366
16391,0.2,0,16,4.79141902923584,6,0.16477680206298828,0.5616145133972168,8,0.019628286361694336,1.0392801761627197,1.1534260511398315,1.5733219385147095,1.2126801013946533,1.492427945137024,1.5864002704620361,1.2612392902374268,0.3251609802246094,0.3883061110973358,0.9976769089698792,0.0,0.23117876052856445,-0.38558340072631836,-0.32788896560668945,-0.280179500579834,-0.3485865592956543,0.5616145133972168,0.3968377113342285,0.2929849624633789,0.0,1.0196518898010254,-0.26015329360961914,-0.3654646873474121,-0.5642414093017578,-0.7040309906005859,0.5379199981689453,0.7605690956115723,1.0392801761627197
16403,0.2,1,19,0.020347783342003822,2,0.0031995857134461403,0.00565334502607584,6,0.0024963505566120148,0.0037955157458782196,0.008218127302825451,0.011340485885739326,0.0075587802566587925,0.011034717783331871,0.008395924232900143,0.0,0.008395924232900143,0.0024177434388548136,0.006741395685821772,0.0,-0.002513820305466652,0.00565334502607584,0.00029790401458740234,0.00107521191239357,0.0024537593126296997,-0.019838595762848854,-0.004685629159212112,-0.004543662071228027,0.0,0.0012991651892662048,-0.00999700091779232,-0.0052340030670166016,-0.00414474681019783,-0.003139892593026161,0.0037955157458782196,0.0011421013623476028,0.0005680825561285019
16465,0.2,0,17,0.009582475759088993,4,0.0007980163209140301,0.0024291002191603184,4,0.001247189473360777,0.00469505600631237,0.00320800649933517,0.004259868059307337,0.005376989021897316,0.0066652134992182255,0.006146456114947796,0.006146456114947796,0.0,0.0004216700326651335,0.0012005130993202329,0.0,-0.0018678130581974983,0.000795888714492321,0.0015645027160644531,0.0024291002191603184,0.0016310838982462883,-0.0022217780351638794,-0.004172934219241142,-0.006164883263409138,0.0,-0.0034227222204208374,0.0016929376870393753,0.0025879517197608948,0.00469505600631237,0.0034478665329515934,-0.0034868502989411354,-0.0050535788759589195,-0.007653490640223026
16540,0.2,2,5,3.7923104763031006,6,0.008409500122070312,0.4962947368621826,6,0.4713106155395508,0.7384493350982666,0.9120475053787231,1.175279974937439,1.3463612794876099,1.7272738218307495,1.2446255683898926,1.2446255683898926,0.0,0.3237685561180115,0.8415449857711792,0.0,0.2433643341064453,-0.547351598739624,-0.6546242237091064,-0.6623218059539795,-0.4084646701812744,0.4962947368621826,0.4878852367401123,0.45366382598876953,0.0,0.039487361907958984,-0.22619938850402832,0.21715521812438965,0.2671387195587158,0.21203851699829102,0.7384493350982666,-0.06305885314941406,-0.09110379219055176
16663,0.2,0,19,0.1280101090669632,0,0.0001278519630432129,0.0,4,0.015979595482349396,0.03847283124923706,0.042287494987249374,0.06099216639995575,0.06573686003684998,0.07906945794820786,0.039514534175395966,0.03918953984975815,0.0003249943256378174,0.009193958714604378,0.029469402506947517,0.0,-0.002010628581047058,-0.0021043121814727783,-0.0001278519630432129,-0.000977158546447754,-0.0022100210189819336,-0.0005278587341308594,-0.0053964704275131226,-0.007975921034812927,0.0,-0.022292837500572205,-0.012199625372886658,0.022493235766887665,0.03847283124923706,0.020036309957504272,0.013762973248958588,-0.04726949334144592,-0.09030863642692566
16740,0.2,3,19,0.002605973742902279,5,1.1897645890712738e-06,0.0005782544612884521,4,5.196710117161274e-05,0.000185737619176507,0.0006064596818760037,0.0008255179272964597,0.0004744149337057024,0.0008448016014881432,0.0006737901130691171,0.0006737901130691171,0.0,0.00014881699462421238,0.000489494064822793,0.0,-0.0009799611289054155,0.0002171334344893694,0.00046024518087506294,0.0005770646966993809,0.0005782544612884521,-0.0009255572222173214,-0.0011418485082685947,-0.001543188001960516,0.0,-0.0002799679059535265,1.8548453226685524e-05,6.325636059045792e-05,0.000185737619176507,0.00013377051800489426,-0.00013577332720160484,-0.0001890314742922783,-0.00044232537038624287
16754,0.2,0,17,0.18352438509464264,8,0.0026929080486297607,0.018455103039741516,7,0.006133019924163818,0.02881743013858795,0.07901832461357117,0.10304677486419678,0.10570168495178223,0.12258066236972809,0.03517264127731323,0.032840147614479065,0.0023324936628341675,0.011214666068553925,0.02378462255001068,0.0,0.010310202836990356,-0.005379199981689453,-0.02996155619621277,-0.05910617113113403,-0.021279558539390564,0.004660755395889282,0.015762194991111755,0.018455103039741516,0.0,0.015943333506584167,-0.013182640075683594,-0.019317209720611572,-0.011308610439300537,-0.022434189915657043,0.02142752707004547,0.02881743013858795,0.022684410214424133
16791,0.2,1,17,0.5023875832557678,3,0.008539408445358276,0.048754483461380005,6,0.0774374008178711,0.08414316177368164,0.22252170741558075,0.2795208990573883,0.2476782351732254,0.326188862323761,0.12581422924995422,0.05502289533615112,0.0707913339138031,0.024086173623800278,0.074527308344841,0.0,-0.03454601764678955,0.01851525902748108,0.048754483461380005,0.04021507501602173,0.03640139102935791,-0.034870147705078125,-0.096798837184906,-0.08965975046157837,0.0,0.0034453868865966797,-0.06224638223648071,0.00031071901321411133,0.006705760955810547,-0.023776888847351074,0.08414316177368164,-0.02282947301864624,-0.015004992485046387
16864,0.2,0,12,1.744247555732727,7,0.03582143783569336,0.042621731758117676,2,0.02518928050994873,0.24121880531311035,0.5415188074111938,0.6806764006614685,0.7762943506240845,1.0017354488372803,0.28213298320770264,0.23354923725128174,0.0485837459564209,0.15442419052124023,0.4071805775165558,0.0,0.006800293922424316,0.003847837448120117,-0.03944969177246094,-0.008267879486083984,-0.021419644355773926,-0.016643643379211426,0.042621731758117676,-0.01445305347442627,0.0,-0.18118441104888916,0.24121880531311035,0.10000443458557129,0.16760385036468506,0.21602952480316162,-0.3679865598678589,-0.1484614610671997,-0.19064366817474365
16872,0.2,2,17,0.1512627750635147,4,0.006867162883281708,0.08185067772865295,6,0.014361575245857239,0.07635099440813065,0.06612012535333633,0.08363628387451172,0.08877614885568619,0.11031913012266159,0.11873385310173035,0.11246446520090103,0.006269387900829315,0.012427734211087227,0.03044997714459896,0.0,-0.0744667500257492,-0.008082345128059387,0.07498351484537125,0.08185067772865295,0.06450480967760086,-0.026662573218345642,-0.17901869118213654,-0.18707580864429474,0.0,-0.019833087921142578,-0.15007995069026947,0.061239585280418396,0.06198941916227341,0.02252890169620514,0.07635099440813065,-0.11302308738231659,-0.09558330476284027
16954,0.2,0,16,2.0735065937042236,8,0.0278167724609375,0.0785820484161377,7,0.1878347396850586,0.801037073135376,0.6763685941696167,0.8853079676628113,0.819647490978241,1.0587691068649292,0.8271274566650391,0.7521742582321167,0.07495319843292236,0.309015154838562,0.7034012079238892,0.0,0.0016553401947021484,0.050765275955200195,-0.05791640281677246,-0.17629146575927734,-0.01981067657470703,-0.08086705207824707,0.023032665252685547,0.0785820484161377,0.0,0.21958422660827637,0.010425806045532227,-0.9684443473815918,-1.1085963249206543,-0.37293577194213867,-0.01641249656677246,0.801037073135376,0.6132023334503174
16990,0.2,2,19,0.007523180451244116,3,8.093100041151047e-05,8.093100041151047e-05,5,0.0004545268602669239,0.00300108315423131,0.0015991905238479376,0.0023452946916222572,0.002512996317818761,0.0032667352352291346,0.003079646732658148,0.0027396841906011105,0.00033996254205703735,0.0005105057498440146,0.001166229136288166,0.0,-0.001843081321567297,-8.400110527873039e-05,8.093100041151047e-05,-0.00018242653459310532,-0.0006363368593156338,-0.0028287130407989025,-0.001481399405747652,-0.0020781862549483776,0.0,-0.0042242868803441525,0.0016257967799901962,0.0024490575306117535,0.002546556293964386,0.00300108315423131,-0.004632204305380583,-0.006289137061685324,-0.006084066350013018
17060,0.2,2,19,0.005001058802008629,4,0.0002386649139225483,0.0011653555557131767,4,0.0005302096251398325,0.0011646428611129522,0.0012149305548518896,0.0019256159430369735,0.0013715730747208,0.001977667910978198,0.0020086190197616816,0.0020086190197616816,0.0,0.00036546148476190865,0.0009415943641215563,0.0,-0.0009369724430143833,-0.0015142732299864292,0.0009266906417906284,0.0011653555557131767,0.00047018006443977356,8.908333256840706e-05,-0.0026568742468953133,-0.003571505658328533,0.0,-0.0010360362939536572,-0.0004358137957751751,0.0006231577135622501,0.0011646428611129522,0.0006344332359731197,-0.0003886246122419834,-0.001631635706871748,-0.0023971726186573505
