node_id,epsilon,degree_bucket,predicted_class,baseline_ce,best_text_action,best_text_margin,text_node_oracle,best_visual_action,best_visual_margin,visual_node_oracle,shuffled_text_oracle_mean,shuffled_text_oracle_q95,shuffled_visual_oracle_mean,shuffled_visual_oracle_q95,best_joint_separate_utility,best_joint_shared_utility,modality_headroom,shuffled_modality_headroom_mean,shuffled_modality_headroom_q95,structural_text_U_0,structural_text_U_1,structural_text_U_2,structural_text_U_3,structural_text_U_4,structural_text_U_5,structural_text_U_6,structural_text_U_7,structural_text_U_8,structural_visual_U_0,structural_visual_U_1,structural_visual_U_2,structural_visual_U_3,structural_visual_U_4,structural_visual_U_5,structural_visual_U_6,structural_visual_U_7,structural_visual_U_8
183,0.1,3,1,2.8990111351013184,3,0.002906322479248047,0.018537282943725586,3,0.009888172149658203,0.10367488861083984,0.23543934524059296,0.3444488048553467,0.43197160959243774,0.6732332706451416,0.12181591987609863,0.12181591987609863,0.0,0.08603590726852417,0.20971731841564178,0.0,-0.00027823448181152344,0.01563096046447754,0.018537282943725586,0.012747526168823242,0.014544248580932617,0.0023412704467773438,-0.001093149185180664,0.006242275238037109,0.0,-0.052512168884277344,-0.039994239807128906,0.10367488861083984,0.09378671646118164,0.0826563835144043,0.052465200424194336,-0.11301994323730469,-0.09939432144165039
223,0.1,0,2,3.7858877182006836,3,0.010495185852050781,0.04001641273498535,3,0.03974318504333496,0.10028648376464844,0.3004843294620514,0.40386247634887695,0.42877277731895447,0.6767145395278931,0.17255067825317383,0.17255067825317383,0.0,0.14658911526203156,0.3031155467033386,0.0,-0.002285480499267578,0.02952122688293457,0.04001641273498535,0.012624979019165039,0.002854585647583008,-0.03505277633666992,-0.006874799728393555,0.00787043571472168,0.0,-0.015141963958740234,0.01387166976928711,0.10028648376464844,0.06054329872131348,0.01867818832397461,-0.017423629760742188,-0.0878915786743164,-0.04728293418884277
261,0.1,2,1,1.7826461791992188,8,0.001889944076538086,0.12449264526367188,2,0.10313642024993896,0.24192821979522705,0.11002250015735626,0.1603250801563263,0.33955779671669006,0.5141399502754211,0.35916566848754883,0.12934958934783936,0.22981607913970947,0.12407578527927399,0.302010715007782,0.0,0.03847002983093262,-0.11227560043334961,-0.11788249015808105,-0.1234743595123291,-0.04804122447967529,0.12174594402313232,0.12260270118713379,0.12449264526367188,0.0,-0.13190889358520508,0.24192821979522705,0.05296969413757324,0.07659649848937988,0.13879179954528809,-0.31473374366760254,-0.06984114646911621,-0.11942052841186523
343,0.1,0,11,0.6150676608085632,3,0.0006026625633239746,0.06510752439498901,5,0.0305444598197937,0.13823747634887695,0.0937826856970787,0.150756374001503,0.21573469042778015,0.2629586458206177,0.19277915358543396,0.16441327333450317,0.028365880250930786,0.04279271513223648,0.0951828807592392,0.0,-0.02378779649734497,0.05440652370452881,0.06510752439498901,0.06450486183166504,0.027189910411834717,-0.07278752326965332,-0.08910191059112549,-0.08851200342178345,0.0,-0.14034056663513184,0.10769301652908325,0.10756617784500122,0.10110479593276978,0.13823747634887695,-0.15572303533554077,-0.15276563167572021,-0.13797640800476074
418,0.1,1,1,0.20700818300247192,6,0.0028271526098251343,0.009029373526573181,3,0.005192562937736511,0.033789992332458496,0.02497768960893154,0.04196581244468689,0.06958205252885818,0.10100840777158737,0.040859654545784,0.023190736770629883,0.017668917775154114,0.01241297461092472,0.03156570345163345,0.0,0.001093849539756775,-0.013847753405570984,-0.010682106018066406,-0.013885989785194397,-0.0015245229005813599,0.009029373526573181,0.004497438669204712,0.006202220916748047,0.0,-0.014247030019760132,0.028597429394721985,0.033789992332458496,0.025092169642448425,0.01633252203464508,-0.03889326751232147,-0.03829161822795868,-0.02645750343799591
448,0.1,0,1,1.3299623727798462,8,0.0,0.09249734878540039,5,0.07554769515991211,0.2300359010696411,0.15350528061389923,0.2211553156375885,0.3364882469177246,0.4231615364551544,0.3093709945678711,0.1941385269165039,0.11523246765136719,0.04660532623529434,0.11891642212867737,0.0,0.03268754482269287,-0.09007096290588379,-0.09007096290588379,-0.09007096290588379,-0.041489481925964355,0.09249711036682129,0.09249734878540039,0.09249734878540039,0.0,-0.20147264003753662,0.1544872522354126,0.154488205909729,0.1544879674911499,0.2300359010696411,-0.18760037422180176,-0.18760037422180176,-0.18760037422180176
463,0.1,0,1,5.69480562210083,8,0.031583309173583984,0.10354375839233398,8,0.014840126037597656,0.3575167655944824,0.34698569774627686,0.42188262939453125,0.5478078722953796,0.7984315156936646,0.4781074523925781,0.4781074523925781,0.0,0.10748636722564697,0.263711154460907,0.0,0.012062549591064453,-0.054347991943359375,-0.0500025749206543,-0.07226037979125977,-0.014388561248779297,0.0711669921875,0.07196044921875,0.10354375839233398,0.0,0.1219639778137207,-0.12134122848510742,-0.3240032196044922,-0.3896913528442383,-0.15401315689086914,0.14568519592285156,0.34267663955688477,0.3575167655944824
470,0.1,3,3,0.015340317040681839,5,8.21426510810852e-07,0.00032699666917324066,5,0.0008577480912208557,0.0014611026272177696,0.001475482014939189,0.0025468808598816395,0.002049409318715334,0.0032310718670487404,0.0017083752900362015,0.001701907254755497,6.468035280704498e-06,0.0006706097046844661,0.0018074517138302326,0.0,-0.0003183241933584213,0.0002870708703994751,0.00028648320585489273,0.0003261752426624298,0.00032699666917324066,-0.00041478686034679413,-0.0004103276878595352,-0.00046113692224025726,0.0,-0.0025814585387706757,0.0004837820306420326,0.0006033545359969139,0.0005951328203082085,0.0014611026272177696,-0.000708460807800293,-0.0008919183164834976,-0.0009161960333585739
534,0.1,3,2,0.3414909839630127,3,0.0014297068119049072,0.048930585384368896,2,0.0029101967811584473,0.0189363956451416,0.07166190445423126,0.09882253408432007,0.05546870082616806,0.08916553854942322,0.06204661726951599,0.05684715509414673,0.005199462175369263,0.02050105668604374,0.043799035251140594,0.0,-0.025743424892425537,0.04018440842628479,0.048930585384368896,0.04750087857246399,0.02815699577331543,-0.05439978837966919,-0.06812241673469543,-0.06637054681777954,0.0,-0.017468899488449097,0.0189363956451416,0.00964173674583435,0.006006985902786255,0.016026198863983154,-0.031955987215042114,-0.020536065101623535,-0.01738131046295166
535,0.1,3,2,0.7556169033050537,7,0.009124815464019775,0.015782713890075684,7,0.005446076393127441,0.13420826196670532,0.07784539461135864,0.14296399056911469,0.23049631714820862,0.378458708524704,0.14241886138916016,0.1412903070449829,0.001128554344177246,0.03881630301475525,0.0777800977230072,0.0,0.0046482086181640625,-0.01396322250366211,-0.02146732807159424,-0.002228260040283203,-0.007460832595825195,0.006657898426055908,0.015782713890075684,-0.0026358366012573242,0.0,0.1114497184753418,-0.13797301054000854,-0.15396428108215332,-0.06185990571975708,-0.16565698385238647,0.12876218557357788,0.13420826196670532,0.05801481008529663
621,0.1,0,1,9.988043785095215,8,0.04850959777832031,0.45112037658691406,6,0.005245208740234375,0.03598976135253906,0.6169658303260803,0.7671612501144409,0.5945888757705688,0.8211197257041931,0.48676013946533203,0.44156742095947266,0.045192718505859375,0.1104247123003006,0.3485654294490814,0.0,0.11913776397705078,-0.2738332748413086,-0.3297605514526367,-0.3762845993041992,-0.1430339813232422,0.3384866714477539,0.40261077880859375,0.45112037658691406,0.0,0.007472038269042969,-0.02485370635986328,0.030744552612304688,0.021651268005371094,0.0018291473388671875,0.03598976135253906,-0.02691936492919922,-0.009569168090820312
708,0.1,0,9,0.3063354194164276,3,0.0006325840950012207,0.03282129764556885,4,0.005055785179138184,0.008180588483810425,0.030140554532408714,0.04076492041349411,0.04046120494604111,0.054305195808410645,0.04084867238998413,0.04038402438163757,0.0004646480083465576,0.0067959800362586975,0.02308434061706066,0.0,-0.004903018474578857,0.01509198546409607,0.03282129764556885,0.03218871355056763,0.005873173475265503,-0.021150648593902588,-0.04071420431137085,-0.0377049446105957,0.0,-0.0019150078296661377,-0.0015986859798431396,0.003124803304672241,0.008180588483810425,0.0015439987182617188,0.0006446540355682373,-0.01158931851387024,-0.02269074320793152
733,0.1,0,1,0.137075275182724,4,0.00257110595703125,0.004391491413116455,5,0.0029380768537521362,0.03801064193248749,0.029927125200629234,0.03960685804486275,0.05498228594660759,0.0641426369547844,0.041520290076732635,0.038593076169490814,0.0029272139072418213,0.005793918389827013,0.020421069115400314,0.0,-0.00039333105087280273,-0.002017289400100708,0.001820385456085205,0.004391491413116455,0.00023731589317321777,0.0009250640869140625,-0.0034110695123672485,-0.006869181990623474,0.0,-0.04453378915786743,0.034302741289138794,0.028930597007274628,0.03507256507873535,0.03801064193248749,-0.05584253370761871,-0.04425400495529175,-0.05487149953842163
745,0.1,0,2,0.9539671540260315,3,0.0021409988403320312,0.045468032360076904,8,0.025759637355804443,0.07681667804718018,0.11977076530456543,0.17454169690608978,0.2893499732017517,0.4878530204296112,0.11766660213470459,0.03258627653121948,0.08508032560348511,0.07874318212270737,0.12357372790575027,0.0,-0.013986289501190186,0.026913225650787354,0.045468032360076904,0.04332703351974487,0.017812013626098633,-0.030457377433776855,-0.05257135629653931,-0.04849952459335327,0.0,0.040345728397369385,-0.02401953935623169,-0.04670685529708862,-0.07582467794418335,-0.050679147243499756,0.027840018272399902,0.05105704069137573,0.07681667804718018
767,0.1,2,7,1.0006422996520996,2,0.001778721809387207,0.0021032094955444336,6,0.021136045455932617,0.0741509199142456,0.10515493154525757,0.19219711422920227,0.16318140923976898,0.23911303281784058,0.07557123899459839,0.05592000484466553,0.01965123414993286,0.040178555995225906,0.09856754541397095,0.0,-0.0005888938903808594,0.0021032094955444336,-0.003567814826965332,-0.0033566951751708984,0.00032448768615722656,-0.015778303146362305,-0.015218615531921387,-0.01790750026702881,0.0,0.031804442405700684,-0.10591208934783936,-0.05753755569458008,-0.087493896484375,-0.047951698303222656,0.0741509199142456,0.03195607662200928,0.05301487445831299
808,0.1,0,1,0.42210710048675537,4,0.008753567934036255,0.03739091753959656,4,0.043862879276275635,0.06150999665260315,0.08658205717802048,0.10333125293254852,0.15217548608779907,0.1926354169845581,0.09271049499511719,0.09271049499511719,0.0,0.027005815878510475,0.07412596046924591,0.0,-0.007357001304626465,0.015674322843551636,0.028637349605560303,0.03739091753959656,0.009505033493041992,-0.01732274889945984,-0.031154900789260864,-0.03969717025756836,0.0,-0.017356783151626587,0.0011917948722839355,0.016290217638015747,0.06150999665260315,0.017647117376327515,-0.003777056932449341,-0.02470797300338745,-0.08089584112167358
969,0.1,3,1,2.0474090576171875,7,0.0025644302368164062,0.05011892318725586,6,0.028203964233398438,0.1135101318359375,0.10143725574016571,0.15635919570922852,0.3404996991157532,0.5429085493087769,0.16048407554626465,0.12927007675170898,0.031213998794555664,0.05104484036564827,0.13125325739383698,0.0,0.0131988525390625,-0.016243696212768555,-0.05188703536987305,-0.0510869026184082,-0.017365455627441406,0.007746219635009766,0.05011892318725586,0.04755449295043945,0.0,0.08530616760253906,-0.1105794906616211,-0.07966470718383789,-0.0787053108215332,-0.11294674873352051,0.1135101318359375,0.08237099647521973,0.07759785652160645
1119,0.1,0,5,1.5414543151855469,4,0.007886409759521484,0.16173875331878662,4,0.018216371536254883,0.09470248222351074,0.16867467761039734,0.2813543677330017,0.1720486581325531,0.3063880205154419,0.2620580196380615,0.2620580196380615,0.0,0.10211451351642609,0.20043756067752838,0.0,-0.027984142303466797,0.10035371780395508,0.15385234355926514,0.16173875331878662,0.034308552742004395,-0.10346150398254395,-0.1536027193069458,-0.15089845657348633,0.0,-0.025951623916625977,-0.03404974937438965,0.07648611068725586,0.09470248222351074,0.021004438400268555,0.004581809043884277,-0.12155389785766602,-0.11961495876312256
1143,0.1,3,7,1.0900853872299194,6,0.00934988260269165,0.10398358106613159,3,0.00512540340423584,0.13134074211120605,0.10421700775623322,0.14826563000679016,0.173918217420578,0.2319978028535843,0.21576523780822754,0.06435859203338623,0.1514066457748413,0.04199335351586342,0.09919323027133942,0.0,0.04005610942840576,-0.11148726940155029,-0.09190714359283447,-0.10175824165344238,-0.05376088619232178,0.10398358106613159,0.08538961410522461,0.09463369846343994,0.0,-0.08999800682067871,0.026504993438720703,0.13134074211120605,0.12621533870697021,0.10366165637969971,-0.04232454299926758,-0.15255999565124512,-0.14656805992126465
1181,0.1,0,1,7.266222953796387,2,0.012286663055419922,0.1284928321838379,3,0.055863380432128906,0.5496149063110352,0.37922847270965576,0.45526620745658875,0.43441468477249146,0.5825049877166748,0.6823291778564453,0.6781201362609863,0.004209041595458984,0.10181069374084473,0.23681004345417023,0.0,-0.01950550079345703,0.1284928321838379,0.11620616912841797,0.06404352188110352,0.023423194885253906,-0.14144039154052734,-0.08276987075805664,-0.021709442138671875,0.0,-0.16999053955078125,0.22995567321777344,0.5496149063110352,0.49375152587890625,0.21194696426391602,-0.2709813117980957,-0.5477628707885742,-0.39870548248291016
1188,0.1,3,6,0.9150304198265076,2,0.008330166339874268,0.025021016597747803,2,0.038609325885772705,0.10498803853988647,0.09474371373653412,0.14226412773132324,0.20987167954444885,0.2817364037036896,0.1265428066253662,0.1265428066253662,0.0,0.036131199449300766,0.08719085156917572,0.0,-0.014434456825256348,0.025021016597747803,0.01211768388748169,0.006431400775909424,0.016690850257873535,-0.029965579509735107,-0.01529771089553833,-0.009154856204986572,0.0,-0.09589368104934692,0.10498803853988647,-0.0023170113563537598,-0.021055638790130615,0.06637871265411377,-0.14550286531448364,-0.009490966796875,0.009247541427612305
1237,0.1,3,1,8.084785461425781,8,0.018765926361083984,0.17821741104125977,8,0.04314374923706055,0.360476016998291,0.3672831654548645,0.47822728753089905,0.5474007725715637,0.7172377109527588,0.5349001884460449,0.5349001884460449,0.0,0.10728337615728378,0.2142409086227417,0.0,0.04723358154296875,-0.07447433471679688,-0.1320972442626953,-0.15224647521972656,-0.05480003356933594,0.1054530143737793,0.15945148468017578,0.17821741104125977,0.0,0.2906641960144043,-0.22127532958984375,-0.2565927505493164,-0.3054780960083008,-0.2982940673828125,0.2986278533935547,0.31733226776123047,0.360476016998291
1260,0.1,0,3,0.025195235386490822,4,0.00027519650757312775,0.001164039596915245,4,0.0005440544337034225,0.0007645916193723679,0.0031247292645275593,0.004466314800083637,0.004145132843405008,0.00604544673115015,0.0019431505352258682,0.0019431505352258682,0.0,0.0012106429785490036,0.0027898603584617376,0.0,-0.0002925414592027664,0.0007381848990917206,0.0008888430893421173,0.001164039596915245,0.00034413859248161316,-0.0009964052587747574,-0.0012086648494005203,-0.0015969537198543549,0.0,-0.00015773065388202667,6.742402911186218e-05,0.00020158663392066956,0.0007645916193723679,0.0002205371856689453,-0.00017121247947216034,-0.000418737530708313,-0.001246744766831398
1412,0.1,1,1,0.5069503784179688,3,0.0060638487339019775,0.01738119125366211,6,0.13256025314331055,0.18752074241638184,0.09084172546863556,0.11849040538072586,0.18400736153125763,0.2229146957397461,0.1988784670829773,0.19516098499298096,0.003717482089996338,0.019152410328388214,0.05264356732368469,0.0,-0.0015982389450073242,-0.018109560012817383,0.01738119125366211,0.011317342519760132,0.0013109445571899414,0.009322911500930786,-0.02932286262512207,-0.0233801007270813,0.0,0.05496048927307129,-0.2412998080253601,-0.041046142578125,0.023472726345062256,-0.07105207443237305,0.18752074241638184,0.039667487144470215,-0.026518404483795166
1500,0.1,0,3,0.01434161327779293,4,0.00013970397412776947,0.0007862281054258347,4,0.0001310175284743309,0.0017993142828345299,0.001621801988221705,0.0021696232724934816,0.0024342299439013004,0.004158884286880493,0.002449123188853264,0.002449123188853264,0.0,0.0006372815114445984,0.0013465187512338161,0.0,-2.4677254259586334e-05,-5.088094621896744e-05,0.0006465241312980652,0.0007862281054258347,2.8438866138458252e-05,4.112999886274338e-05,-0.0010485956445336342,-0.001097310334444046,0.0,-0.00012631714344024658,-0.0004848530516028404,0.001668296754360199,0.0017993142828345299,0.00013538356870412827,0.0005517527461051941,-0.002829907462000847,-0.0020970311015844345
1517,0.1,0,1,0.0897597223520279,2,0.0019593238830566406,0.0029026269912719727,4,0.0026037953794002533,0.035029880702495575,0.018030783161520958,0.023348350077867508,0.039461344480514526,0.05146799981594086,0.03714972361922264,0.03559603542089462,0.0015536881983280182,0.004324750509113073,0.010008334182202816,0.0,-0.0008705481886863708,0.0029026269912719727,0.000943303108215332,0.00014516711235046387,0.0009383931756019592,-0.004097454249858856,-0.0018421635031700134,-0.0011900663375854492,0.0,-0.04033178091049194,0.013963483273983002,0.027094528079032898,0.035029880702495575,0.03242608532309532,-0.020365089178085327,-0.04721951484680176,-0.06978988647460938
1593,0.1,2,1,0.003214670345187187,4,4.732143133878708e-05,0.0006215379107743502,4,7.702084258198738e-05,0.000314940232783556,0.0006246653501875699,0.0009443277376703918,0.000618668447714299,0.0009918587747961283,0.0008772066794335842,0.0008772066794335842,0.0,0.00024145437055267394,0.0006027279887348413,0.0,-0.0002655424177646637,0.0005471089389175177,0.0005742164794355631,0.0006215379107743502,0.0002900981344282627,-0.0008415328338742256,-0.0008851047605276108,-0.0009684436954557896,0.0,-0.00026150327175855637,7.724040187895298e-05,0.0002379193902015686,0.000314940232783556,0.00020773056894540787,-0.00022895284928381443,-0.000390269560739398,-0.0005096364766359329
1870,0.1,3,17,0.12387210875749588,8,0.0010785683989524841,0.001597091555595398,2,0.004213705658912659,0.007229894399642944,0.019109083339571953,0.02972741797566414,0.022742992267012596,0.03547430783510208,0.009494505822658539,0.005081862211227417,0.004412643611431122,0.006390822120010853,0.015299791470170021,0.0,0.00036363303661346436,-0.002054475247859955,-0.0020465925335884094,-0.0031201913952827454,-0.001458786427974701,0.00036953389644622803,0.0005185231566429138,0.001597091555595398,0.0,-0.00795891135931015,0.007229894399642944,-0.0007763281464576721,-0.001231275498867035,0.0030161887407302856,-0.012629784643650055,-0.0018285885453224182,-0.0019630417227745056
1887,0.1,1,1,3.738886833190918,2,0.026756763458251953,0.07110881805419922,5,0.035695552825927734,0.1882171630859375,0.30028921365737915,0.36914294958114624,0.28623634576797485,0.45187869668006897,0.26754188537597656,0.22745037078857422,0.040091514587402344,0.11628423631191254,0.30670931935310364,0.0,-0.024035215377807617,0.07110881805419922,0.044352054595947266,0.03818535804748535,0.03091716766357422,-0.07573103904724121,-0.04184126853942871,-0.040485382080078125,0.0,-0.13117122650146484,0.11096715927124023,0.10332059860229492,0.15252161026000977,0.1882171630859375,-0.10917544364929199,-0.1037135124206543,-0.14757704734802246
1899,0.1,2,1,0.9182566404342651,8,0.0025182366371154785,0.14251971244812012,2,0.08291089534759521,0.12801671028137207,0.15490715205669403,0.2121027708053589,0.15591780841350555,0.21987409889698029,0.23337262868881226,0.16442382335662842,0.06894880533218384,0.045518048107624054,0.10945483297109604,0.0,0.042840421199798584,-0.1791614294052124,-0.20633447170257568,-0.2130192518234253,-0.058306217193603516,0.11603784561157227,0.14000147581100464,0.14251971244812012,0.0,-0.010759949684143066,0.12801671028137207,-0.028328657150268555,-0.062184929847717285,0.010422885417938232,-0.12476193904876709,0.021559476852416992,0.045105814933776855
1918,0.1,2,1,9.816073417663574,8,0.024662017822265625,0.4169340133666992,1,0.0277252197265625,0.31233882904052734,0.5154873132705688,0.6741682291030884,0.5971903204917908,0.9355799555778503,0.7085180282592773,0.6578330993652344,0.05068492889404297,0.10836844146251678,0.2411964386701584,0.0,0.14194488525390625,-0.22301006317138672,-0.3132619857788086,-0.3386268615722656,-0.15944290161132812,0.2997627258300781,0.3922719955444336,0.4169340133666992,0.0,0.31233882904052734,-0.19742584228515625,-0.22771453857421875,-0.19090747833251953,-0.3183012008666992,0.2586936950683594,0.28461360931396484,0.2361278533935547
2049,0.1,1,10,0.9584224224090576,4,0.006515383720397949,0.20054614543914795,4,0.0449795126914978,0.2039913535118103,0.1939278542995453,0.29346930980682373,0.35120025277137756,0.49567434191703796,0.3812277913093567,0.3812277913093567,0.0,0.11299391090869904,0.240054190158844,0.0,-0.03534477949142456,0.12546592950820923,0.19403076171875,0.20054614543914795,0.04327261447906494,-0.10371875762939453,-0.17167234420776367,-0.17570173740386963,0.0,-0.10149693489074707,0.1335870623588562,0.1590118408203125,0.2039913535118103,0.11495232582092285,-0.18086063861846924,-0.18754839897155762,-0.2131437063217163
2181,0.1,3,7,2.5462262630462646,4,0.013934612274169922,0.12823843955993652,4,0.041507720947265625,0.16742587089538574,0.14156930148601532,0.19503936171531677,0.28412938117980957,0.4210803508758545,0.27521395683288574,0.27521395683288574,0.0,0.07531540095806122,0.19760093092918396,0.0,-0.03041553497314453,0.08046555519104004,0.1143038272857666,0.12823843955993652,0.03661680221557617,-0.09749650955200195,-0.12581086158752441,-0.13310551643371582,0.0,-0.0787663459777832,0.03509116172790527,0.12591814994812012,0.16742587089538574,0.09527778625488281,-0.05157160758972168,-0.12601161003112793,-0.16183161735534668
2184,0.1,0,1,0.12203341722488403,4,0.005356036126613617,0.02475300431251526,8,0.007929772138595581,0.020488865673542023,0.032621972262859344,0.04090915992856026,0.02600516378879547,0.03580687567591667,0.04002004861831665,0.017712481319904327,0.022307567298412323,0.005764263682067394,0.01525825820863247,0.0,-0.00569567084312439,0.01680697500705719,0.019396968185901642,0.02475300431251526,0.0064196959137916565,-0.01987539231777191,-0.02358625829219818,-0.02992779016494751,0.0,0.0042022764682769775,0.0004606768488883972,-0.013097137212753296,-0.029095932841300964,-0.006349906325340271,-0.0013906583189964294,0.012559093534946442,0.020488865673542023
2248,0.1,3,14,0.639439582824707,2,0.022583842277526855,0.037903428077697754,3,0.0031215548515319824,0.021746575832366943,0.05096984654664993,0.086318738758564,0.15688304603099823,0.2164754420518875,0.05819523334503174,0.030320584774017334,0.027874648571014404,0.03658884018659592,0.09377411752939224,0.0,-0.0127297043800354,0.037903428077697754,0.00917583703994751,0.0029897689819335938,0.015319585800170898,-0.04594779014587402,-0.01108473539352417,-0.00396728515625,0.0,-0.006251037120819092,-0.024040281772613525,0.021746575832366943,0.003890693187713623,-0.00861358642578125,0.01862502098083496,-0.031702637672424316,-0.016879260540008545
2306,0.1,1,1,0.4769648015499115,4,0.024928122758865356,0.0823465883731842,3,0.0007456541061401367,0.19289958477020264,0.09035816043615341,0.14242631196975708,0.16965220868587494,0.21764416992664337,0.2462412565946579,0.24552994966506958,0.0007113069295883179,0.031116154044866562,0.07946392148733139,0.0,-0.007299989461898804,-0.0006845295429229736,0.05741846561431885,0.0823465883731842,0.00873371958732605,-0.004552960395812988,-0.07447698712348938,-0.10061594843864441,0.0,-0.12112250924110413,0.1575939655303955,0.19289958477020264,0.1921539306640625,0.12390357255935669,-0.22005000710487366,-0.272584468126297,-0.24435147643089294
2376,0.1,2,6,1.21549654006958,6,0.08122062683105469,0.09369421005249023,3,0.0022100210189819336,0.03417026996612549,0.13898584246635437,0.22927939891815186,0.255720853805542,0.3739820420742035,0.12743639945983887,0.10359978675842285,0.023836612701416016,0.06363940238952637,0.15697598457336426,0.0,0.01174461841583252,-0.10189163684844971,-0.001135706901550293,-0.009297728538513184,-0.015199661254882812,0.09369421005249023,0.003734588623046875,0.012473583221435547,0.0,-0.009491562843322754,0.003774881362915039,0.03417026996612549,0.031960248947143555,0.01306009292602539,0.0014050006866455078,-0.02473914623260498,-0.021821141242980957
2381,0.1,1,1,0.04651005566120148,2,0.0014875680208206177,0.005399864166975021,8,0.0010849609971046448,0.014124464243650436,0.010000551119446754,0.012925965711474419,0.015531057491898537,0.021920964121818542,0.018450159579515457,0.008505593985319138,0.00994456559419632,0.002101606922224164,0.004803067073225975,0.0,-0.001057364046573639,0.005399864166975021,0.0021070241928100586,0.003912296146154404,0.0011812858283519745,-0.008477188646793365,-0.004596281796693802,-0.0065655820071697235,0.0,0.00838521495461464,-0.021749407052993774,-0.02686457335948944,-0.029830172657966614,-0.015492070466279984,0.011857949197292328,0.013039503246545792,0.014124464243650436
2391,0.1,2,1,0.20416849851608276,3,0.0026720911264419556,0.0327477902173996,6,0.009108394384384155,0.02199840545654297,0.038222212344408035,0.0522640198469162,0.06140471249818802,0.0882607027888298,0.053823500871658325,0.04285849630832672,0.010965004563331604,0.013285418972373009,0.029081247746944427,0.0,-0.007059812545776367,0.012094318866729736,0.0327477902173996,0.03007569909095764,0.008557051420211792,-0.01419346034526825,-0.04051212966442108,-0.03558683395385742,0.0,0.003760606050491333,-0.036684393882751465,0.012890011072158813,-0.002859935164451599,-0.00873740017414093,0.02199840545654297,-0.01715235412120819,-0.002073153853416443
2494,0.1,2,1,7.204771041870117,8,0.05671548843383789,0.13529682159423828,5,0.12439155578613281,0.40642261505126953,0.23743028938770294,0.32286107540130615,0.4459689259529114,0.5929180383682251,0.5419249534606934,0.3835277557373047,0.15839719772338867,0.0874520093202591,0.24812094867229462,0.0,0.023713111877441406,-0.01742696762084961,-0.06206798553466797,-0.11756086349487305,-0.026794910430908203,0.0387420654296875,0.07858133316040039,0.13529682159423828,0.0,-0.3070216178894043,0.2794365882873535,0.20113420486450195,0.2820310592651367,0.40642261505126953,-0.30447816848754883,-0.22296714782714844,-0.2895975112915039
2592,0.1,3,9,0.7029131054878235,8,0.007942914962768555,0.012888431549072266,5,0.0061348676681518555,0.05853551626205444,0.04924947768449783,0.060450479388237,0.10556861013174057,0.16450919210910797,0.07740527391433716,0.05211639404296875,0.025288879871368408,0.023193249478936195,0.051665570586919785,0.0,0.0021510720252990723,-0.0048545002937316895,-0.006190776824951172,-0.014491260051727295,-0.003458559513092041,0.004557788372039795,0.004945516586303711,0.012888431549072266,0.0,-0.07349389791488647,0.04279005527496338,0.05240064859390259,0.05021107196807861,0.05853551626205444,-0.07264083623886108,-0.08086031675338745,-0.0807199478149414
2682,0.1,0,1,0.003957417793571949,4,3.0877767130732536e-05,0.00020365719683468342,2,0.00013181334361433983,0.000168622937053442,0.0006713561015203595,0.0008412420284003019,0.0008846797281876206,0.0012672856682911515,0.0003645936958491802,0.000296534039080143,6.805965676903725e-05,0.00019917455210816115,0.0003973795974161476,0.0,-0.00010032905265688896,0.00012670201249420643,0.00017277942970395088,0.00020365719683468342,0.00011553941294550896,-0.00018307799473404884,-0.00022581499069929123,-0.0002684313803911209,0.0,-0.0001836712472140789,0.000168622937053442,-8.833734318614006e-05,-8.489424362778664e-05,4.9872323870658875e-06,-0.0003017876297235489,3.680959343910217e-05,-4.749279469251633e-06
2695,0.1,1,1,0.6148279905319214,4,0.003915369510650635,0.0475231409072876,8,0.034830451011657715,0.047397732734680176,0.07593020796775818,0.10073979943990707,0.17148861289024353,0.24263721704483032,0.09293103218078613,0.04209339618682861,0.05083763599395752,0.021030526608228683,0.060809627175331116,0.0,-0.014417648315429688,0.04360777139663696,0.03928607702255249,0.0475231409072876,0.01704925298690796,-0.05823862552642822,-0.04997342824935913,-0.060017943382263184,0.0,0.012567281723022461,-0.0010803937911987305,-0.010156691074371338,-0.04474937915802002,-0.01530522108078003,0.0017762184143066406,0.011891782283782959,0.047397732734680176
2828,0.1,1,1,0.010195673443377018,3,3.1297095119953156e-05,0.0008681491017341614,6,0.0004544854164123535,0.000635514035820961,0.002214808017015457,0.0029254069086164236,0.0018826514715328813,0.002755742985755205,0.001451745629310608,0.0009769275784492493,0.00047481805086135864,0.00046162866055965424,0.0012412536889314651,0.0,-0.0004267152398824692,0.0008133510127663612,0.0008681491017341614,0.0008368520066142082,0.0004907641559839249,-0.001134752295911312,-0.0011960407719016075,-0.0011465391144156456,0.0,0.00018102861940860748,-0.0007143532857298851,9.770877659320831e-05,0.00014833733439445496,-0.0004093768075108528,0.000635514035820961,-0.00017533265054225922,-0.00027608219534158707
2832,0.1,2,1,0.38374340534210205,4,0.00476422905921936,0.03814449906349182,7,0.003945112228393555,0.06697911024093628,0.06767600774765015,0.09214133769273758,0.12217595428228378,0.15045258402824402,0.10030031204223633,0.037831515073776245,0.06246879696846008,0.02511686086654663,0.04539401829242706,0.0,-0.007695049047470093,0.023931026458740234,0.03338027000427246,0.03814449906349182,0.00904729962348938,-0.02876681089401245,-0.04442840814590454,-0.05074608325958252,0.0,0.035544365644454956,-0.05355006456375122,-0.059733569622039795,-0.047974586486816406,-0.04356282949447632,0.06303399801254272,0.06697911024093628,0.05748343467712402
2897,0.1,0,1,0.5011485815048218,4,0.00022912025451660156,0.00701218843460083,8,0.01123344898223877,0.036314308643341064,0.08375749737024307,0.10746637731790543,0.1336086392402649,0.16556312143802643,0.04331386089324951,0.025195568799972534,0.018118292093276978,0.02944924309849739,0.06196889281272888,0.0,-0.00019532442092895508,-0.00835561752319336,0.0063509345054626465,0.00701218843460083,7.271766662597656e-05,0.0067830681800842285,-0.0104561448097229,-0.01424342393875122,0.0,0.004466056823730469,0.011531710624694824,-0.029454052448272705,-0.04361319541931152,-0.009798824787139893,-0.016276955604553223,0.025080859661102295,0.036314308643341064
3016,0.1,2,1,4.807679176330566,6,0.052701473236083984,0.07583189010620117,6,0.11822271347045898,0.45882463455200195,0.19475969672203064,0.2832232117652893,0.3837055563926697,0.612938642501831,0.5323119163513184,0.5323119163513184,0.0,0.12601472437381744,0.3484654724597931,0.0,0.008803367614746094,-0.04887723922729492,-0.007454872131347656,-0.005684852600097656,-0.012714385986328125,0.07583189010620117,0.023130416870117188,0.02293109893798828,0.0,0.34060192108154297,-0.4368748664855957,-0.3027477264404297,-0.27912139892578125,-0.4331784248352051,0.45882463455200195,0.3231043815612793,0.2886838912963867
3018,0.1,0,1,0.3740445077419281,4,0.0,0.05680963397026062,5,0.0015961527824401855,0.004084795713424683,0.0858234241604805,0.11481399089097977,0.10589008033275604,0.1852855086326599,0.06031078100204468,0.05873998999595642,0.0015707910060882568,0.014926275238394737,0.039389874786138535,0.0,-0.031031101942062378,0.05680963397026062,0.05680963397026062,0.05680963397026062,0.034857332706451416,-0.07978489995002747,-0.07978489995002747,-0.07978489995002747,0.0,-0.005688607692718506,0.002488642930984497,0.002488553524017334,0.0024884939193725586,0.004084795713424683,-0.004054605960845947,-0.004054427146911621,-0.004054605960845947
3033,0.1,0,2,0.15527766942977905,2,0.0019501745700836182,0.01771607995033264,3,0.007367074489593506,0.042856767773628235,0.034890227019786835,0.05396154522895813,0.05656076595187187,0.07854104042053223,0.05330607295036316,0.05317431688308716,0.00013175606727600098,0.012971853837370872,0.024869544431567192,0.0,-0.0022012442350387573,0.01771607995033264,0.015765905380249023,0.012399494647979736,0.0026088058948516846,-0.027770638465881348,-0.018670082092285156,-0.013401269912719727,0.0,-0.01296834647655487,0.00894850492477417,0.042856767773628235,0.03548969328403473,0.01439984142780304,-0.013731330633163452,-0.05513623356819153,-0.0406164675951004
3112,0.1,1,1,0.5385778546333313,4,0.0186728835105896,0.028382837772369385,4,0.014673590660095215,0.06535559892654419,0.08295611292123795,0.1102120503783226,0.16206079721450806,0.24612371623516083,0.08850139379501343,0.08850139379501343,0.0,0.022602219134569168,0.06486547738313675,0.0,-0.0036174654960632324,0.0034235715866088867,0.009709954261779785,0.028382837772369385,0.003893733024597168,-0.007237076759338379,-0.017434895038604736,-0.040831685066223145,0.0,-0.024182498455047607,-0.003370046615600586,0.050682008266448975,0.06535559892654419,0.023833811283111572,-0.002969980239868164,-0.06701505184173584,-0.08291900157928467
3139,0.1,3,1,3.31026029586792,8,0.008193254470825195,0.1612858772277832,2,0.10329842567443848,0.30707645416259766,0.3278476595878601,0.46741431951522827,0.3028596341609955,0.49340537190437317,0.4679393768310547,0.15848660469055176,0.30945277214050293,0.12834183871746063,0.273156076669693,0.0,0.05606985092163086,-0.14829397201538086,-0.16623711585998535,-0.17776179313659668,-0.06866788864135742,0.14153122901916504,0.153092622756958,0.1612858772277832,0.0,-0.1541752815246582,0.30707645416259766,0.12774658203125,0.1162407398223877,0.20377802848815918,-0.3117978572845459,-0.11922454833984375,-0.10570764541625977
3151,0.1,2,1,4.464613437652588,8,0.007100105285644531,0.28138303756713867,6,0.09304571151733398,0.18188858032226562,0.26012295484542847,0.3474094867706299,0.2755986154079437,0.38892409205436707,0.44863033294677734,0.39627790451049805,0.0523524284362793,0.08847149461507797,0.24655327200889587,0.0,0.06910324096679688,-0.21069669723510742,-0.29248714447021484,-0.3113856315612793,-0.0868067741394043,0.21985197067260742,0.27428293228149414,0.28138303756713867,0.0,0.07617425918579102,-0.19789552688598633,-0.10403060913085938,-0.10865592956542969,-0.10368061065673828,0.18188858032226562,0.08884286880493164,0.08776521682739258
3193,0.1,0,6,0.4247896671295166,8,5.960464477539063e-08,0.014751821756362915,5,0.026337385177612305,0.05939728021621704,0.03210505098104477,0.056681569665670395,0.1268027126789093,0.15640664100646973,0.07500949501991272,0.048538416624069214,0.026471078395843506,0.01933560147881508,0.04382338374853134,0.0,0.00720706582069397,-0.02292129397392273,-0.022921442985534668,-0.02292129397392273,-0.011505037546157837,0.01475176215171814,0.014751672744750977,0.014751821756362915,0.0,-0.057294607162475586,0.033059895038604736,0.033059656620025635,0.033059895038604736,0.05939728021621704,-0.04362201690673828,-0.04362207651138306,-0.04362207651138306
3250,0.1,1,1,0.25777027010917664,7,0.0027576088905334473,0.029684796929359436,7,0.0022613704204559326,0.036058828234672546,0.05879120156168938,0.07617498934268951,0.08055821806192398,0.1021605134010315,0.06215567886829376,0.06215567886829376,0.0,0.018897417932748795,0.03666678071022034,0.0,0.0025621354579925537,-0.004371762275695801,-0.031383365392684937,-0.031773775815963745,-0.0032268762588500977,0.004387408494949341,0.029684796929359436,0.02692718803882599,0.0,0.012301832437515259,-0.01827991008758545,-0.041782915592193604,-0.04226502776145935,-0.015527456998825073,0.020967021584510803,0.036058828234672546,0.033797457814216614
3260,0.1,0,1,3.505443572998047,8,0.04690051078796387,0.09915280342102051,4,0.043558597564697266,0.11665606498718262,0.3999667763710022,0.5017135143280029,0.5567969083786011,0.7575933933258057,0.20082306861877441,0.06251811981201172,0.1383049488067627,0.11167798936367035,0.27207639813423157,0.0,9.775161743164062e-06,0.04816699028015137,-0.02154707908630371,-0.05474090576171875,0.0015940666198730469,-0.045488595962524414,0.05225229263305664,0.09915280342102051,0.0,-0.027199745178222656,0.019721269607543945,0.07309746742248535,0.11665606498718262,0.03820037841796875,-0.0038170814514160156,-0.07717227935791016,-0.10253238677978516
3383,0.1,2,0,1.1006308794021606,3,5.352497100830078e-05,0.012032151222229004,4,0.0060040950775146484,0.09860694408416748,0.24827325344085693,0.36017975211143494,0.22572751343250275,0.32392704486846924,0.11233866214752197,0.11233866214752197,0.0,0.06551005691289902,0.12327715754508972,0.0,-0.0033365488052368164,-0.001496434211730957,0.012032151222229004,0.011978626251220703,0.0036689043045043945,-0.001087784767150879,-0.017940282821655273,-0.018121838569641113,0.0,-0.0457683801651001,-0.0509411096572876,0.09260284900665283,0.09860694408416748,0.052002549171447754,0.05536007881164551,-0.1143641471862793,-0.11965084075927734
3395,0.1,0,1,0.044497329741716385,4,0.0023080483078956604,0.00617169588804245,4,8.065998554229736e-05,0.0005873814225196838,0.00912773422896862,0.012540586292743683,0.015450766310095787,0.020094191655516624,0.0067329853773117065,0.006602130830287933,0.0001308545470237732,0.0030738087370991707,0.0071868631057441235,0.0,-0.00047809258103370667,0.0011441707611083984,0.0038636475801467896,0.00617169588804245,0.0005736909806728363,-0.001484706997871399,-0.005087543278932571,-0.0076781585812568665,0.0,-0.00012484565377235413,-0.0007220618426799774,0.0005036443471908569,0.0005873814225196838,3.3043324947357178e-06,0.0005067214369773865,-0.0018164180219173431,-0.001290343701839447
3702,0.1,2,1,9.389591217041016,6,0.028203964233398438,0.3596153259277344,7,0.013682365417480469,0.1508197784423828,0.36695852875709534,0.44404172897338867,0.33979544043540955,0.48820143938064575,0.4933929443359375,0.46216773986816406,0.031225204467773438,0.07469896972179413,0.16820216178894043,0.0,0.062333106994628906,-0.31540870666503906,-0.2932701110839844,-0.29606151580810547,-0.07153034210205078,0.3596153259277344,0.33141136169433594,0.3302116394042969,0.0,0.05292701721191406,0.03313446044921875,-0.07813358306884766,-0.06866836547851562,-0.03737354278564453,0.10744285583496094,0.1508197784423828,0.13713741302490234
3722,0.1,3,7,1.78281569480896,4,0.004605293273925781,0.08463561534881592,5,0.1516103744506836,0.5860583782196045,0.14346013963222504,0.2666601538658142,0.37836045026779175,0.5720086097717285,0.6578541994094849,0.627223014831543,0.030631184577941895,0.14648637175559998,0.3163028955459595,0.0,-0.03816676139831543,0.0712728500366211,0.08003032207489014,0.08463561534881592,0.04769241809844971,-0.07938814163208008,-0.08825135231018066,-0.09154295921325684,0.0,-0.5482158660888672,0.4344480037689209,0.3471273183822632,0.38309311866760254,0.5860583782196045,-0.539435625076294,-0.41130661964416504,-0.43394923210144043
3799,0.1,2,1,1.0465714931488037,2,0.029758453369140625,0.0477442741394043,8,0.010485410690307617,0.1173369288444519,0.15336738526821136,0.2623648941516876,0.3198058605194092,0.46193015575408936,0.15958082675933838,0.10608625411987305,0.05349457263946533,0.06679593026638031,0.17472362518310547,0.0,-0.01722574234008789,0.0477442741394043,0.00762629508972168,0.00685429573059082,0.017985820770263672,-0.06564950942993164,-0.013058781623840332,-0.012484312057495117,0.0,0.06286662817001343,0.024966835975646973,-0.09515762329101562,-0.10438382625579834,-0.07133328914642334,-0.028871536254882812,0.10685151815414429,0.1173369288444519
3859,0.1,1,1,5.2737345695495605,6,0.04120063781738281,0.20041370391845703,7,0.003021717071533203,0.3115663528442383,0.2442360818386078,0.43948453664779663,0.3740386366844177,0.5006363391876221,0.5039901733398438,0.45907163619995117,0.04491853713989258,0.12311749160289764,0.26265740394592285,0.0,0.021402359008789062,-0.15969228744506836,-0.09789514541625977,-0.12399053573608398,-0.025749683380126953,0.20041370391845703,0.14066505432128906,0.15921306610107422,0.0,0.10988283157348633,-0.0728754997253418,-0.3724403381347656,-0.3834710121154785,-0.13961553573608398,0.1198878288269043,0.3115663528442383,0.3085446357727051
3868,0.1,0,1,4.761586666107178,7,0.04121065139770508,0.3341093063354492,8,0.01886606216430664,0.06459569931030273,0.3592464029788971,0.46411851048469543,0.5167881846427917,0.754189133644104,0.39046716690063477,0.35022783279418945,0.04023933410644531,0.11380477249622345,0.31069061160087585,0.0,0.037430763244628906,-0.17563104629516602,-0.3333625793457031,-0.32123851776123047,-0.04562044143676758,0.20574617385864258,0.3341093063354492,0.29289865493774414,0.0,-0.0007224082946777344,0.045729637145996094,0.0060749053955078125,-0.0755014419555664,0.0030150413513183594,-0.05389881134033203,-0.005832195281982422,0.06459569931030273
3964,0.1,0,2,3.4191880226135254,7,2.384185791015625e-07,0.23269104957580566,1,0.006685972213745117,0.029308080673217773,0.3932412266731262,0.48616692423820496,0.30145150423049927,0.42373859882354736,0.2588810920715332,0.2529439926147461,0.005937099456787109,0.12320776283740997,0.2890799045562744,0.0,0.10304403305053711,-0.20418262481689453,-0.20418262481689453,-0.20418286323547363,-0.12809038162231445,0.23269081115722656,0.23269104957580566,0.23269081115722656,0.0,0.029308080673217773,-0.00786137580871582,-0.007861614227294922,-0.007861852645874023,-0.014005661010742188,0.022621631622314453,0.022622108459472656,0.022622108459472656
4006,0.1,1,7,5.6027984619140625,7,0.0019659996032714844,0.5483231544494629,8,0.03190755844116211,0.3697981834411621,0.39061686396598816,0.5426042079925537,0.3671649992465973,0.5278196930885315,0.8881626129150391,0.8865723609924316,0.0015902519226074219,0.10951955616474152,0.2799210846424103,0.0,0.10269832611083984,-0.3898959159851074,-0.5334811210632324,-0.5402684211730957,-0.1268935203552246,0.4232444763183594,0.5483231544494629,0.5463571548461914,0.0,0.11501646041870117,-0.03394794464111328,-0.2874135971069336,-0.3357424736022949,-0.12433290481567383,0.07243919372558594,0.337890625,0.3697981834411621
4038,0.1,0,3,0.20273619890213013,4,0.014446794986724854,0.03318493068218231,4,0.012082815170288086,0.0841376781463623,0.03854187950491905,0.05594981089234352,0.06349221616983414,0.08264371752738953,0.10417589545249939,0.10417589545249939,0.0,0.007529813796281815,0.01736154779791832,0.0,-0.0011825859546661377,0.0005148351192474365,0.01873813569545746,0.03318493068218231,0.0014261752367019653,-0.0009884089231491089,-0.023888960480690002,-0.03595295548439026,0.0,-0.02885119616985321,0.0273655503988266,0.07205486297607422,0.0841376781463623,0.030294135212898254,-0.03945796191692352,-0.12724533677101135,-0.12186548113822937
4040,0.1,0,3,0.749841034412384,4,0.0,0.008699357509613037,1,0.002438366413116455,0.030575275421142578,0.0784260481595993,0.11735079437494278,0.25191253423690796,0.28870007395744324,0.03217816352844238,0.028689026832580566,0.0034891366958618164,0.026263132691383362,0.08056121319532394,0.0,-0.005239903926849365,0.008699357509613037,0.008699357509613037,0.008699357509613037,0.0054931640625,-0.01359856128692627,-0.01359868049621582,-0.01359856128692627,0.0,0.030575275421142578,-0.04134780168533325,-0.041348040103912354,-0.0413479208946228,-0.07662594318389893,0.028136849403381348,0.028136909008026123,0.028136909008026123
4114,0.1,1,1,3.333451747894287,8,0.009883642196655273,0.1253674030303955,3,0.00779414176940918,0.15091204643249512,0.2766965329647064,0.37235814332962036,0.5019784569740295,0.6392329335212708,0.27994775772094727,0.1547713279724121,0.12517642974853516,0.08425463736057281,0.24790170788764954,0.0,0.021695613861083984,-0.12579774856567383,-0.14201140403747559,-0.17530226707458496,-0.029193401336669922,0.11548376083374023,0.11426496505737305,0.1253674030303955,0.0,-0.06990170478820801,0.14311790466308594,0.15091204643249512,-0.05603528022766113,0.06818842887878418,-0.1862020492553711,-0.1771228313446045,0.02218461036682129
4142,0.1,0,1,0.11783156543970108,4,0.0,0.003597930073738098,5,0.004979953169822693,0.01187540590763092,0.02267318405210972,0.03025437518954277,0.03721451759338379,0.05086420848965645,0.014998041093349457,0.013898633420467377,0.00109940767288208,0.0034876088611781597,0.009962007403373718,0.0,-0.0020165815949440002,0.003597930073738098,0.003597930073738098,0.003597930073738098,0.0023416727781295776,-0.004785068333148956,-0.004785068333148956,-0.004785068333148956,0.0,-0.012007124722003937,0.0068954527378082275,0.0068954527378082275,0.0068954527378082275,0.01187540590763092,-0.009439773857593536,-0.009439773857593536,-0.009439773857593536
4241,0.1,0,1,0.08826324343681335,2,0.00045227259397506714,0.00046274811029434204,4,0.005641426891088486,0.029833581298589706,0.01841917261481285,0.026087433099746704,0.02651575207710266,0.036576785147190094,0.03001890704035759,0.029306475073099136,0.0007124319672584534,0.005835733376443386,0.014500141143798828,0.0,-1.560896635055542e-05,0.00046274811029434204,-0.0012150630354881287,-0.002124197781085968,1.0475516319274902e-05,-0.0005760863423347473,-0.00011317431926727295,-0.0008930116891860962,0.0,-0.0062069371342659,-0.007630370557308197,0.02419215440750122,0.029833581298589706,0.006989479064941406,0.00843740999698639,-0.03685887157917023,-0.04233063757419586
4443,0.1,1,2,0.7370174527168274,4,0.0052623748779296875,0.05089002847671509,3,0.0022927522659301758,0.035289883613586426,0.09306176751852036,0.12341303378343582,0.0914851576089859,0.15147064626216888,0.08627563714981079,0.0830807089805603,0.0031949281692504883,0.02850523218512535,0.09490237385034561,0.0,-0.006630241870880127,0.03049391508102417,0.0456276535987854,0.05089002847671509,0.008197426795959473,-0.03337961435317993,-0.04013097286224365,-0.04300856590270996,0.0,-0.023838698863983154,0.021366655826568604,0.035289883613586426,0.03299713134765625,0.021842122077941895,-0.051463544368743896,-0.0563657283782959,-0.04851168394088745
4468,0.1,2,1,0.5538007020950317,4,0.011240601539611816,0.044634222984313965,4,0.002682626247406006,0.19572848081588745,0.08055070787668228,0.12719732522964478,0.1747063249349594,0.2493637502193451,0.23351898789405823,0.23351898789405823,0.0,0.028765955939888954,0.08089566975831985,0.0,-0.010392189025878906,0.015431046485900879,0.03339362144470215,0.044634222984313965,0.011429250240325928,-0.021030008792877197,-0.04123729467391968,-0.052306950092315674,0.0,-0.20313632488250732,0.18938091397285461,0.16597944498062134,0.19572848081588745,0.19304585456848145,-0.27779364585876465,-0.23352843523025513,-0.26470452547073364
4604,0.1,0,2,5.536303997039795,8,0.026526451110839844,0.2899956703186035,4,0.0006418228149414062,0.039464473724365234,0.4180198609828949,0.527188777923584,0.4692692756652832,0.7399187088012695,0.3294353485107422,0.3015928268432617,0.02784252166748047,0.1600710153579712,0.395641565322876,0.0,0.06987905502319336,-0.22188568115234375,-0.21330547332763672,-0.2555828094482422,-0.08506393432617188,0.26346921920776367,0.2488260269165039,0.2899956703186035,0.0,0.012012481689453125,-0.0006194114685058594,0.025354385375976562,0.039464473724365234,0.011840343475341797,0.03882265090942383,0.013068675994873047,0.008921623229980469
4632,0.1,3,3,0.008759171701967716,2,4.2937230318784714e-05,0.0009957202710211277,5,0.0002665338106453419,0.002582977060228586,0.0007086159312166274,0.000983691425062716,0.001829439541324973,0.002993927802890539,0.003193429671227932,0.0029548215679824352,0.00023860810324549675,0.00013574204058386385,0.0003865305916406214,0.0,-0.0004451647400856018,0.0009957202710211277,0.0009365789592266083,0.000952783040702343,0.0004797661677002907,-0.0015398645773530006,-0.0014219880104064941,-0.0014711935073137283,0.0,-0.0044875722378492355,0.0015062610618770123,0.002181307878345251,0.0023164432495832443,0.002582977060228586,-0.002872238866984844,-0.004844664596021175,-0.005579151213169098
4678,0.1,1,1,0.36944320797920227,4,0.009493619203567505,0.06240737438201904,4,0.020030558109283447,0.021149933338165283,0.09076624363660812,0.11411137133836746,0.13159894943237305,0.16207188367843628,0.07944634556770325,0.07944634556770325,0.0,0.01925673335790634,0.0575653575360775,0.0,-0.009481638669967651,0.044732093811035156,0.05291375517845154,0.06240737438201904,0.011031568050384521,-0.06406453251838684,-0.06651261448860168,-0.07439187169075012,0.0,-0.005647450685501099,-0.0075102150440216064,-0.014802008867263794,0.021149933338165283,0.001119375228881836,-0.005923569202423096,-0.01477271318435669,-0.03496864438056946
4750,0.1,1,1,0.32838180661201477,6,0.007365614175796509,0.0313258171081543,8,0.005784779787063599,0.01434779167175293,0.07544822990894318,0.09194937348365784,0.08661146461963654,0.1297522336244583,0.03607982397079468,0.029447972774505615,0.0066318511962890625,0.009444661438465118,0.03383304923772812,0.0,0.013021022081375122,-0.0402798056602478,-0.02982357144355774,-0.03222492337226868,-0.019027024507522583,0.0313258171081543,0.023853212594985962,0.023960202932357788,0.0,0.008563011884689331,-0.019329428672790527,-0.007983028888702393,-0.020367801189422607,-0.03035607933998108,0.007848978042602539,0.004634648561477661,0.01434779167175293
4787,0.1,1,19,0.7125738859176636,4,0.008339464664459229,0.05690455436706543,4,0.01146787405014038,0.08846116065979004,0.10041260719299316,0.12025189399719238,0.11253035068511963,0.16816997528076172,0.1279149055480957,0.1279149055480957,0.0,0.018258608877658844,0.051854949444532394,0.0,-0.013807952404022217,0.02862679958343506,0.0485650897026062,0.05690455436706543,0.014697909355163574,-0.02634596824645996,-0.05008023977279663,-0.05618387460708618,0.0,-0.10457819700241089,0.06672263145446777,0.06822127103805542,0.08846116065979004,0.07699328660964966,-0.1272575855255127,-0.12570542097091675,-0.17190182209014893
4831,0.1,3,8,0.15947480499744415,2,0.0008979737758636475,0.002621382474899292,3,0.000996410846710205,0.009578034281730652,0.012959611602127552,0.01715817116200924,0.03314178064465523,0.04705817252397537,0.012502312660217285,0.010899350047111511,0.001602962613105774,0.003931561019271612,0.00937727838754654,0.0,-0.0028619617223739624,0.002621382474899292,0.0011344999074935913,0.0017234086990356445,0.001642465591430664,-0.007901862263679504,-0.007450312376022339,-0.008724451065063477,0.0,-0.014843031764030457,0.0042756348848342896,0.009578034281730652,0.008102908730506897,0.008581623435020447,-0.01296524703502655,-0.015467196702957153,-0.013501361012458801
4877,0.1,2,1,0.18413789570331573,2,0.0005119591951370239,0.011152297258377075,2,0.021597281098365784,0.04704256355762482,0.04605361819267273,0.05761127546429634,0.061683207750320435,0.07577376067638397,0.05741187930107117,0.05741187930107117,0.0,0.010342792607843876,0.032814815640449524,0.0,-0.0030553191900253296,0.011152297258377075,0.006197080016136169,0.010640338063240051,0.0030418187379837036,-0.018848508596420288,-0.013730883598327637,-0.018257662653923035,0.0,-0.024486929178237915,0.04704256355762482,0.017729833722114563,0.025445282459259033,0.022933706641197205,-0.08146341145038605,-0.026869192719459534,-0.03482632339000702
4883,0.1,2,7,1.2883967161178589,3,0.0009319782257080078,0.16995370388031006,6,0.22301393747329712,0.29750877618789673,0.11476876586675644,0.15795935690402985,0.20123735070228577,0.29163190722465515,0.44654226303100586,0.1664522886276245,0.28008997440338135,0.05729319900274277,0.18076960742473602,0.0,-0.02665531635284424,0.16400539875030518,0.16995370388031006,0.16902172565460205,0.03291189670562744,-0.13822603225708008,-0.14471065998077393,-0.14190971851348877,0.0,0.054157376289367676,-0.3341786861419678,-0.0929718017578125,-0.061298489570617676,-0.06881308555603027,0.29750877618789673,0.07449483871459961,0.04253578186035156
4924,0.1,1,1,0.06090429052710533,4,0.0004385635256767273,0.004824645817279816,4,0.0011472180485725403,0.0053666941821575165,0.013279737904667854,0.018586894497275352,0.018601134419441223,0.025838179513812065,0.00980554148554802,0.00980554148554802,0.0,0.006064928136765957,0.013712906278669834,0.0,-0.0017232857644557953,0.0027806349098682404,0.004386082291603088,0.004824645817279816,0.0020429380238056183,-0.0035170428454875946,-0.005631092935800552,-0.006165537983179092,0.0,0.00017566606402397156,-0.004829276353120804,-0.00038880109786987305,0.0053666941821575165,-0.0013278312981128693,0.004219476133584976,-0.00024965032935142517,-0.007568929344415665
4997,0.1,2,1,0.02465374395251274,8,5.041249096393585e-05,0.0010545235127210617,8,0.0019261324778199196,0.009383630938827991,0.006544662173837423,0.008938802406191826,0.006620860192924738,0.010500658303499222,0.010008644312620163,0.010008644312620163,0.0,0.001469667418859899,0.004216533154249191,0.0,0.000400640070438385,-0.0010366812348365784,-0.0010250620543956757,-0.0011327620595693588,-0.0005389340221881866,0.0010041110217571259,0.000981176272034645,0.0010545235127210617,0.0,0.007058707997202873,-0.006335906684398651,-0.009557820856571198,-0.013745196163654327,-0.013096597045660019,0.005415435880422592,0.007457498461008072,0.009383630938827991
5150,0.1,2,2,0.264526903629303,4,0.00642666220664978,0.04696674644947052,4,0.005617111921310425,0.0093841552734375,0.05982603505253792,0.0767832025885582,0.05089030787348747,0.0773056298494339,0.05434000492095947,0.05434000492095947,0.0,0.01980346068739891,0.052996765822172165,0.0,-0.009025931358337402,0.009371042251586914,0.04054008424282074,0.04696674644947052,0.010665148496627808,-0.011265724897384644,-0.049236416816711426,-0.056715548038482666,0.0,-0.00012955069541931152,-0.007620036602020264,-0.004721283912658691,0.0093841552734375,-0.0020265281200408936,0.003767043352127075,0.0003547966480255127,-0.01258915662765503
5201,0.1,0,1,6.906485080718994,8,0.0,0.038837432861328125,1,0.019002914428710938,0.05565357208251953,0.32636648416519165,0.4351736009120941,0.36566171050071716,0.5135610103607178,0.09516477584838867,0.07598733901977539,0.01917743682861328,0.08152647316455841,0.19084298610687256,0.0,0.018295764923095703,-0.03227567672729492,-0.03227567672729492,-0.03227567672729492,-0.021846771240234375,0.038837432861328125,0.038837432861328125,0.038837432861328125,0.0,0.05565357208251953,-0.024474620819091797,-0.024474620819091797,-0.024474620819091797,-0.049798011779785156,0.036650657653808594,0.036650657653808594,0.036650657653808594
5386,0.1,3,10,1.4872392416000366,6,0.03815126419067383,0.056252121925354004,6,0.13302385807037354,0.36061322689056396,0.12518469989299774,0.23401907086372375,0.42107468843460083,0.6295052170753479,0.40670692920684814,0.40670692920684814,0.0,0.09159840643405914,0.21959462761878967,0.0,0.018100857734680176,-0.05664527416229248,-0.008698105812072754,-0.012727618217468262,-0.02431333065032959,0.056252121925354004,0.007010102272033691,0.011889338493347168,0.0,0.22758936882019043,-0.35253143310546875,0.023832201957702637,-0.029820799827575684,-0.31820595264434814,0.36061322689056396,-0.024987459182739258,0.024307608604431152
5435,0.1,2,2,3.720001220703125,4,0.024664878845214844,0.11584830284118652,5,0.01678752899169922,0.4189028739929199,0.15566034615039825,0.23538528382778168,0.5564452409744263,0.7879035472869873,0.5369129180908203,0.5141506195068359,0.022762298583984375,0.10491619259119034,0.3765600323677063,0.0,-0.03281998634338379,0.08315730094909668,0.09118342399597168,0.11584830284118652,0.04656028747558594,-0.06722855567932129,-0.06408858299255371,-0.08120512962341309,0.0,-0.2923617362976074,0.3147311210632324,0.4021153450012207,0.39502978324890137,0.4189028739929199,-0.30734682083129883,-0.34631872177124023,-0.3138446807861328
5483,0.1,3,2,0.40032958984375,3,0.00020420551300048828,0.008876949548721313,5,0.018876612186431885,0.06263121962547302,0.04573392868041992,0.06315217167139053,0.06232104450464249,0.10726384818553925,0.07324638962745667,0.06854450702667236,0.004701882600784302,0.01385834813117981,0.04355081915855408,0.0,-0.00461229681968689,0.007319629192352295,0.008876949548721313,0.008672744035720825,0.004615664482116699,-0.008874714374542236,-0.012554943561553955,-0.012857556343078613,0.0,-0.0606570839881897,0.04375460743904114,0.03771522641181946,0.03693056106567383,0.06263121962547302,-0.05956768989562988,-0.040972739458084106,-0.0413174033164978
5517,0.1,0,2,2.721942901611328,4,0.023293018341064453,0.20138907432556152,4,0.012061357498168945,0.0813443660736084,0.14935638010501862,0.21406979858875275,0.4062730669975281,0.6892666220664978,0.28877925872802734,0.28877925872802734,0.0,0.13312402367591858,0.28266918659210205,0.0,-0.012494325637817383,0.03992009162902832,0.17809605598449707,0.20138907432556152,0.015363693237304688,-0.04793810844421387,-0.17639541625976562,-0.15990304946899414,0.0,-0.014688491821289062,0.01860189437866211,0.06928300857543945,0.0813443660736084,0.018449783325195312,-0.022316694259643555,-0.045223236083984375,-0.05562305450439453
5614,0.1,0,0,0.3893321454524994,3,0.0037336647510528564,0.05061960220336914,8,0.007313787937164307,0.052153706550598145,0.08213921636343002,0.10958971828222275,0.09505240619182587,0.1345519721508026,0.09980824589729309,0.012940675020217896,0.0868675708770752,0.020361805334687233,0.047591302543878555,0.0,-0.007129371166229248,0.02024063467979431,0.05061960220336914,0.046885937452316284,0.008413821458816528,-0.023296445608139038,-0.04883691668510437,-0.0430942177772522,0.0,0.01974618434906006,-0.021339327096939087,-0.05892255902290344,-0.07742971181869507,-0.02743646502494812,0.023260891437530518,0.04483991861343384,0.052153706550598145
5795,0.1,3,1,2.041055679321289,6,0.01396632194519043,0.09431290626525879,5,0.00446009635925293,0.11624062061309814,0.19342193007469177,0.3207314610481262,0.2660532593727112,0.4442848563194275,0.2133852243423462,0.060315608978271484,0.1530696153640747,0.06738754361867905,0.17035596072673798,0.0,0.049863338470458984,-0.07680034637451172,-0.05892443656921387,-0.06407833099365234,-0.055966854095458984,0.09431290626525879,0.0756455659866333,0.08034658432006836,0.0,-0.09967231750488281,0.024703025817871094,0.11178052425384521,0.09907126426696777,0.11624062061309814,-0.03072953224182129,-0.12999200820922852,-0.1149442195892334
5834,0.1,2,2,6.947997093200684,8,0.09117937088012695,0.28925132751464844,8,0.08779144287109375,0.32459068298339844,0.34674423933029175,0.4776039123535156,0.4250059127807617,0.6026541590690613,0.6064820289611816,0.6064820289611816,0.0,0.10730109363794327,0.34038326144218445,0.0,0.02395486831665039,-0.021063804626464844,-0.1749119758605957,-0.27818775177001953,-0.028839111328125,0.054986000061035156,0.19807195663452148,0.28925132751464844,0.0,0.08937692642211914,-0.03397846221923828,-0.23519182205200195,-0.3587918281555176,-0.1089930534362793,0.09656524658203125,0.2367992401123047,0.32459068298339844
5842,0.1,3,1,2.2952826023101807,6,0.015107393264770508,0.18159222602844238,4,0.0027773380279541016,0.04021430015563965,0.11714078485965729,0.18681678175926208,0.4128480553627014,0.7106226086616516,0.23683738708496094,0.21905040740966797,0.01778697967529297,0.06751226633787155,0.16145536303520203,0.0,0.050850629806518555,-0.21185779571533203,-0.21180939674377441,-0.1923813819885254,-0.07477116584777832,0.18159222602844238,0.16648483276367188,0.1472611427307129,0.0,-0.013055086135864258,-0.02972722053527832,0.03743696212768555,0.04021430015563965,0.0077741146087646484,0.028177738189697266,-0.038043975830078125,-0.040758609771728516
6022,0.1,1,2,0.719903826713562,6,0.03166443109512329,0.03505814075469971,8,0.037530601024627686,0.053624510765075684,0.07782290875911713,0.12674260139465332,0.18576166033744812,0.28451836109161377,0.08587723970413208,0.05891406536102295,0.02696317434310913,0.03710974007844925,0.10479102283716202,0.0,0.00168532133102417,-0.043205320835113525,-0.0038156509399414062,-0.01428443193435669,-0.002125680446624756,0.03505814075469971,-0.0033743977546691895,0.003393709659576416,0.0,0.012051403522491455,-0.01515352725982666,-0.017702579498291016,-0.07307600975036621,-0.015305280685424805,0.01462775468826294,0.016093909740447998,0.053624510765075684
6207,0.1,2,5,0.3887084424495697,8,0.007044494152069092,0.021438181400299072,2,0.023111939430236816,0.07927682995796204,0.08694174140691757,0.11358777433633804,0.07942458987236023,0.13450446724891663,0.09418565034866333,0.04976209998130798,0.04442355036735535,0.02769635245203972,0.06555940210819244,0.0,0.007892578840255737,-0.03086036443710327,-0.04070770740509033,-0.0527748167514801,-0.012812525033950806,0.01190483570098877,0.01439368724822998,0.021438181400299072,0.0,-0.053184717893600464,0.07927682995796204,0.05481889843940735,0.03902891278266907,0.05616489052772522,-0.11587730050086975,-0.07246455550193787,-0.04996776580810547
6308,0.1,2,2,4.408677101135254,6,0.004218578338623047,0.18027782440185547,2,0.14497089385986328,0.19954776763916016,0.18234972655773163,0.2536037564277649,0.36357226967811584,0.5224878191947937,0.42270755767822266,0.02272939682006836,0.3999781608581543,0.08642804622650146,0.20649757981300354,0.0,0.05450153350830078,-0.14748907089233398,-0.14872360229492188,-0.15390443801879883,-0.06488895416259766,0.18027782440185547,0.17355060577392578,0.17605924606323242,0.0,-0.1543598175048828,0.19954776763916016,-0.04287433624267578,-0.06313180923461914,0.054576873779296875,-0.30797672271728516,-0.15485000610351562,-0.1685042381286621
6404,0.1,0,2,1.1401643753051758,6,0.040244460105895996,0.0594407320022583,7,0.05299496650695801,0.3375403881072998,0.1054615005850792,0.15171490609645844,0.3095885217189789,0.42559751868247986,0.3834191560745239,0.33058249950408936,0.05283665657043457,0.05811424180865288,0.15695011615753174,0.0,0.003529667854309082,-0.05276155471801758,0.001957535743713379,0.019196271896362305,-0.004300594329833984,0.0594407320022583,-0.0044994354248046875,-0.023967742919921875,0.0,0.12668824195861816,-0.09171879291534424,-0.4329873323440552,-0.3923543691635132,-0.17391490936279297,0.08407354354858398,0.3375403881072998,0.2845454216003418
6533,0.1,0,2,0.3082929849624634,6,0.005881547927856445,0.03594157099723816,4,0.0026216506958007812,0.06152904033660889,0.03892309591174126,0.06051069498062134,0.09206841886043549,0.12323328852653503,0.09093835949897766,0.04320761561393738,0.04773074388504028,0.020378127694129944,0.05414123460650444,0.0,0.008404821157455444,-0.03419885039329529,-0.028476625680923462,-0.02328994870185852,-0.010570406913757324,0.03594157099723816,0.030060023069381714,0.024061590433120728,0.0,-0.03405565023422241,0.012051761150360107,0.058907389640808105,0.06152904033660889,0.03446689248085022,-0.019575536251068115,-0.08626529574394226,-0.08596789836883545
6624,0.1,2,1,4.514289379119873,8,0.07492637634277344,0.4017972946166992,8,0.11346769332885742,0.21476411819458008,0.3347946107387543,0.45472389459609985,0.4249705374240875,0.6475908160209656,0.6100516319274902,0.6100516319274902,0.0,0.10802163183689117,0.2927837669849396,0.0,0.08984231948852539,-0.20970678329467773,-0.30265045166015625,-0.39366674423217773,-0.11229753494262695,0.23427057266235352,0.3268709182739258,0.4017972946166992,0.0,0.08312463760375977,-0.07599163055419922,0.006823062896728516,-0.16888713836669922,-0.08031606674194336,0.10129642486572266,0.026909351348876953,0.21476411819458008
6626,0.1,3,7,0.038571808487176895,7,3.189966082572937e-05,0.0003827102482318878,5,0.000128820538520813,0.005526173859834671,0.0037183016538619995,0.007501070853322744,0.005888716317713261,0.009296881966292858,0.005635052919387817,0.005419377237558365,0.00021567568182945251,0.0010697287507355213,0.003520334605127573,0.0,0.00026338547468185425,-0.0007547736167907715,-0.0010760948061943054,-0.001039203256368637,-0.0003942549228668213,0.0001708008348941803,0.0003827102482318878,0.00035081058740615845,0.0,-0.006432332098484039,0.005397353321313858,0.004284445196390152,0.0037925876677036285,0.005526173859834671,-0.008219275623559952,-0.006067696958780289,-0.005198374390602112
6843,0.1,1,8,0.14119958877563477,4,0.00303080677986145,0.020547568798065186,4,0.0014815181493759155,0.021324053406715393,0.015536847524344921,0.02300221472978592,0.021715547889471054,0.027398403733968735,0.039852142333984375,0.039852142333984375,0.0,0.006141714286059141,0.012999319471418858,0.0,-0.0053790658712387085,0.011624440550804138,0.017516762018203735,0.020547568798065186,0.006287336349487305,-0.015495359897613525,-0.022612810134887695,-0.025918394327163696,0.0,-0.021922096610069275,0.01652168482542038,0.019842535257339478,0.021324053406715393,0.018428795039653778,-0.031632065773010254,-0.03343532979488373,-0.036152467131614685
6845,0.1,0,1,0.08402252942323685,6,0.0005485564470291138,0.0006693452596664429,5,0.00024034827947616577,0.004674151539802551,0.021424883976578712,0.030486807227134705,0.025688108056783676,0.03244487941265106,0.005224995315074921,0.0044592320919036865,0.0007657632231712341,0.005161183886229992,0.014290514402091503,0.0,9.9964439868927e-05,-0.001144908368587494,-0.00025884807109832764,0.0001207888126373291,-0.00023693591356277466,0.0006693452596664429,-0.000517629086971283,-0.0011675655841827393,0.0,-0.00583319365978241,0.0044338032603263855,0.0038613900542259216,0.0041555315256118774,0.004674151539802551,-0.007183007895946503,-0.007919438183307648,-0.009104087948799133
6858,0.1,0,1,6.212568759918213,7,4.76837158203125e-07,0.04649209976196289,1,0.00035953521728515625,0.009525299072265625,0.2804507315158844,0.4282042384147644,0.27872946858406067,0.43496429920196533,0.06672239303588867,0.06549596786499023,0.0012264251708984375,0.20755943655967712,0.4505111575126648,0.0,0.018269062042236328,-0.045911312103271484,-0.04591083526611328,-0.045911312103271484,-0.02400350570678711,0.04649162292480469,0.04649209976196289,0.04649162292480469,0.0,0.009525299072265625,-0.0025877952575683594,-0.0025877952575683594,-0.0025877952575683594,0.0028443336486816406,0.009165287017822266,0.009165763854980469,0.009165287017822266
6947,0.1,3,1,0.14133910834789276,6,0.003241598606109619,0.007470712065696716,6,0.010503798723220825,0.016075313091278076,0.03611999750137329,0.05368418991565704,0.04600396379828453,0.06147821620106697,0.022388502955436707,0.022388502955436707,0.0,0.01109425537288189,0.027323221787810326,0.0,0.0011699944734573364,-0.0076242536306381226,0.0007718652486801147,0.004229113459587097,-0.0016811341047286987,0.007470712065696716,-0.0015629231929779053,-0.005475908517837524,0.0,0.005571514368057251,-0.018015056848526,-0.0004550814628601074,0.005067914724349976,-0.012687385082244873,0.016075313091278076,-0.0023192614316940308,-0.008292064070701599
6949,0.1,0,1,0.25832387804985046,4,0.0009836256504058838,0.05348214507102966,3,0.014567896723747253,0.06014293432235718,0.044121600687503815,0.054518409073352814,0.07646537572145462,0.10031355917453766,0.1011204868555069,0.10031604766845703,0.0008044391870498657,0.017107117921113968,0.04242147505283356,0.0,-0.0029738545417785645,0.004672825336456299,0.05249851942062378,0.05348214507102966,0.003598809242248535,-0.006091684103012085,-0.06605401635169983,-0.05642741918563843,0.0,-0.011204957962036133,0.002705305814743042,0.06014293432235718,0.045575037598609924,0.013239651918411255,-0.003672659397125244,-0.06708484888076782,-0.043148577213287354
6989,0.1,1,1,3.190687894821167,8,0.0027618408203125,0.1255490779876709,3,0.011521339416503906,0.22686457633972168,0.33576303720474243,0.41987669467926025,0.47218751907348633,0.6786446571350098,0.359760046005249,0.1008751392364502,0.25888490676879883,0.10351003706455231,0.30750980973243713,0.0,0.023691892623901367,-0.057634592056274414,-0.126753568649292,-0.13614296913146973,-0.029485702514648438,0.05787372589111328,0.1227872371673584,0.1255490779876709,0.0,-0.10908961296081543,0.1096196174621582,0.22686457633972168,0.21534323692321777,0.12990140914916992,-0.12489628791809082,-0.23567795753479004,-0.21509337425231934
7115,0.1,3,1,0.2114221751689911,2,0.005110397934913635,0.011679187417030334,8,0.00885799527168274,0.028751149773597717,0.0562279149889946,0.0757346823811531,0.06748707592487335,0.09291822463274002,0.03890767693519592,0.028052181005477905,0.010855495929718018,0.010910706594586372,0.027084991335868835,0.0,-0.003212064504623413,0.011679187417030334,0.005678713321685791,0.006568789482116699,0.00389939546585083,-0.015337273478507996,-0.007689043879508972,-0.00892367959022522,0.0,0.0029257535934448242,0.01857602596282959,-0.022921979427337646,-0.03653605282306671,-0.006786063313484192,-0.03140401840209961,0.019893154501914978,0.028751149773597717
7281,0.1,3,2,4.293776988983154,8,0.015294551849365234,0.2737312316894531,7,0.019689559936523438,0.1282963752746582,0.2868890166282654,0.38116419315338135,0.35039255023002625,0.5500460267066956,0.3868873119354248,0.3635904788970947,0.023296833038330078,0.16166715323925018,0.4017655849456787,0.0,0.16783905029296875,-0.23220157623291016,-0.22642898559570312,-0.2551760673522949,-0.2100200653076172,0.2584366798400879,0.24846267700195312,0.2737312316894531,0.0,0.0648493766784668,0.038480281829833984,-0.120452880859375,-0.10759592056274414,-0.06395196914672852,-0.030694007873535156,0.1282963752746582,0.10860681533813477
7389,0.1,3,1,0.6935258507728577,2,0.020082056522369385,0.08506149053573608,8,0.024566292762756348,0.09301966428756714,0.1256813108921051,0.1755402535200119,0.1921175718307495,0.2612270414829254,0.1690416932106018,0.14303326606750488,0.026008427143096924,0.045033980160951614,0.09463511407375336,0.0,-0.024623513221740723,0.08506149053573608,0.0649794340133667,0.06332248449325562,0.029489338397979736,-0.10037451982498169,-0.07336866855621338,-0.06968146562576294,0.0,0.016264677047729492,0.06508064270019531,-0.05790400505065918,-0.09173983335494995,-0.010781347751617432,-0.06364744901657104,0.06845337152481079,0.09301966428756714
7416,0.1,2,3,0.010663670487701893,2,0.00013530440628528595,0.00022695213556289673,6,5.273241549730301e-05,0.000232732854783535,0.0010316455736756325,0.0015333786141127348,0.0019316691905260086,0.0027270030695945024,0.00043200794607400894,0.00011429563164710999,0.00031771231442689896,0.0007048024563118815,0.0017479524249210954,0.0,-5.2955932915210724e-05,0.00022695213556289673,-7.524527609348297e-05,-0.0001438818871974945,4.12818044424057e-05,-0.0003551868721842766,2.9132701456546783e-05,9.164772927761078e-05,0.0,-8.173193782567978e-05,-0.00028456002473831177,0.000180000439286232,0.00010981317609548569,-0.00015532132238149643,0.000232732854783535,-0.0002648690715432167,-0.0001912880688905716
7490,0.1,1,11,2.519075632095337,8,0.030431747436523438,0.3330047130584717,2,0.04352116584777832,0.16086554527282715,0.3065575659275055,0.44247889518737793,0.46499451994895935,0.6128135919570923,0.4923887252807617,0.18964147567749023,0.3027472496032715,0.08717973530292511,0.18291087448596954,0.0,0.07622432708740234,-0.25323987007141113,-0.2858767509460449,-0.3324613571166992,-0.09224081039428711,0.27240490913391113,0.30257296562194824,0.3330047130584717,0.0,-0.09301900863647461,0.16086554527282715,0.07230973243713379,0.11734437942504883,0.10173368453979492,-0.20528101921081543,-0.09159994125366211,-0.1448957920074463
7512,0.1,2,1,2.0831258296966553,2,0.019888877868652344,0.030179262161254883,2,0.5341522693634033,1.0183038711547852,0.15528596937656403,0.23445621132850647,0.5440682768821716,0.7058764696121216,1.0590556859970093,1.0590556859970093,0.0,0.10168702900409698,0.2594914734363556,0.0,-0.0006244182586669922,0.030179262161254883,0.010290384292602539,0.009149789810180664,0.0022623538970947266,-0.004812479019165039,0.006064176559448242,0.008666753768920898,0.0,-0.3688485622406006,1.0183038711547852,0.48415160179138184,0.41513097286224365,0.42575979232788086,-1.2135138511657715,-0.5098421573638916,-0.4218010902404785
7539,0.1,1,4,3.2535345554351807,4,0.0059299468994140625,0.05542945861816406,6,0.121612548828125,0.23976349830627441,0.11807111650705338,0.18868030607700348,0.44142475724220276,0.5427220463752747,0.3002607822418213,0.19664335250854492,0.10361742973327637,0.08562972396612167,0.2038770616054535,0.0,-0.01709771156311035,0.03004622459411621,0.04949951171875,0.05542945861816406,0.020119667053222656,-0.03889131546020508,-0.05895090103149414,-0.06420636177062988,0.0,0.11815094947814941,-0.18834519386291504,-0.08385992050170898,0.022669315338134766,-0.126678466796875,0.23976349830627441,0.1099545955657959,-0.004813432693481445
7540,0.1,1,1,0.08666833490133286,4,0.0029034018516540527,0.006188832223415375,4,0.011078976094722748,0.04191802442073822,0.017048325389623642,0.024618854746222496,0.027948951348662376,0.042108841240406036,0.045089296996593475,0.045089296996593475,0.0,0.005498860962688923,0.01669846847653389,0.0,-0.0011737644672393799,0.003285430371761322,0.0022027790546417236,0.006188832223415375,0.0013353824615478516,-0.0056968554854393005,-0.004246622323989868,-0.01023171842098236,0.0,-0.028265729546546936,0.021213985979557037,0.030839048326015472,0.04191802442073822,0.024956107139587402,-0.03380563110113144,-0.053620047867298126,-0.07802661508321762
7583,0.1,3,7,1.6082792282104492,4,0.0013681650161743164,0.1201779842376709,5,0.028856396675109863,0.2265416383743286,0.140451580286026,0.18380486965179443,0.29196327924728394,0.48671814799308777,0.3507310152053833,0.3205845355987549,0.030146479606628418,0.06556493043899536,0.18333101272583008,0.0,-0.04439258575439453,0.11880981922149658,0.10905098915100098,0.1201779842376709,0.05708515644073486,-0.11666607856750488,-0.10976099967956543,-0.12017440795898438,0.0,-0.18640530109405518,0.19768524169921875,0.15950226783752441,0.19333171844482422,0.2265416383743286,-0.21198129653930664,-0.18123459815979004,-0.2135758399963379
7763,0.1,1,7,0.4790477752685547,6,0.008839517831802368,0.050463199615478516,6,0.027387768030166626,0.0440506637096405,0.06679651886224747,0.10984284430742264,0.12015686184167862,0.1486632525920868,0.09067988395690918,0.09067988395690918,0.0,0.01827436313033104,0.05281168594956398,0.0,0.01810353994369507,-0.05306589603424072,-0.03789830207824707,-0.040948569774627686,-0.023547053337097168,0.050463199615478516,0.0388818085193634,0.04162368178367615,0.0,0.016662895679473877,-0.049425482749938965,0.003115355968475342,0.003677964210510254,-0.02873671054840088,0.0440506637096405,-0.0075053870677948,-0.009179443120956421
7848,0.1,1,1,10.082332611083984,2,0.007800102233886719,0.07045269012451172,5,0.02047443389892578,0.05815601348876953,0.35810714960098267,0.42820125818252563,0.3415558338165283,0.5075615644454956,0.12859821319580078,0.11267662048339844,0.015921592712402344,0.1061195358633995,0.27039670944213867,0.0,-0.035526275634765625,0.07045269012451172,0.062652587890625,0.056817054748535156,0.054566383361816406,-0.054823875427246094,-0.05696582794189453,-0.045528411865234375,0.0,-0.025763511657714844,0.03768157958984375,-0.006587982177734375,0.00133514404296875,0.05815601348876953,-0.03704071044921875,0.010305404663085938,0.0023479461669921875
7875,0.1,3,1,1.9177711009979248,6,0.03608596324920654,0.15719127655029297,8,0.04385960102081299,0.16331756114959717,0.30065929889678955,0.39779236912727356,0.33619341254234314,0.4656659960746765,0.3091237545013428,0.27471470832824707,0.0344090461730957,0.1058645248413086,0.26551946997642517,0.0,0.056307435035705566,-0.14754152297973633,-0.10788416862487793,-0.11505794525146484,-0.07220602035522461,0.15719127655029297,0.11567831039428711,0.12110531330108643,0.0,0.10309767723083496,-0.03481888771057129,-0.11880111694335938,-0.16359710693359375,-0.1417403221130371,0.032488465309143066,0.11945796012878418,0.16331756114959717
8022,0.1,1,1,0.033556897193193436,3,1.4662742614746094e-05,0.0016973689198493958,4,0.000751858577132225,0.007035043090581894,0.007730946876108646,0.010530776344239712,0.00801163911819458,0.011229388415813446,0.008359337225556374,0.008356895297765732,2.4419277906417847e-06,0.0031477126758545637,0.00789245218038559,0.0,-0.0004993639886379242,0.0012120455503463745,0.0016973689198493958,0.0016827061772346497,0.0005894601345062256,-0.0016529522836208344,-0.002250179648399353,-0.0024010688066482544,0.0,-0.006398707628250122,0.00508386455476284,0.006283184513449669,0.007035043090581894,0.0062073227018117905,-0.007575146853923798,-0.009493030607700348,-0.010689441114664078
8039,0.1,2,10,0.529953122138977,3,0.011255145072937012,0.051775574684143066,8,0.005450546741485596,0.0919574499130249,0.07688091695308685,0.1052265539765358,0.18200626969337463,0.24047571420669556,0.13468292355537415,0.06208321452140808,0.07259970903396606,0.026051927357912064,0.07426277548074722,0.0,-0.010185182094573975,0.040520429611206055,0.051775574684143066,0.03840446472167969,0.012432634830474854,-0.03527277708053589,-0.04726207256317139,-0.03216272592544556,0.0,0.03626811504364014,-0.016091108322143555,-0.07537400722503662,-0.08765590190887451,-0.04024404287338257,0.02844899892807007,0.0865069031715393,0.0919574499130249
8168,0.1,1,1,0.6860902905464172,6,0.012140095233917236,0.02739018201828003,4,0.026325225830078125,0.13328605890274048,0.05837397649884224,0.09550510346889496,0.14945323765277863,0.22424396872520447,0.15972208976745605,0.15972208976745605,0.0,0.019920295104384422,0.059738852083683014,0.0,0.0029598474502563477,-0.030252277851104736,-0.006891012191772461,0.015250086784362793,-0.003930985927581787,0.02739018201828003,0.007349669933319092,-0.013412892818450928,0.0,-0.04964965581893921,0.06550884246826172,0.10696083307266235,0.13328605890274048,0.05835533142089844,-0.06690984964370728,-0.11780935525894165,-0.15463560819625854
8175,0.1,0,3,0.5240891575813293,2,0.005365192890167236,0.020315170288085938,4,0.059041887521743774,0.18677788972854614,0.06318298727273941,0.09414098411798477,0.1620233952999115,0.1915866881608963,0.2136337161064148,0.2136337161064148,0.0,0.035122789442539215,0.0845654308795929,0.0,-0.0027450919151306152,0.020315170288085938,0.014949977397918701,0.012846231460571289,0.003301262855529785,-0.03364533185958862,-0.03462868928909302,-0.03314638137817383,0.0,-0.040941476821899414,-0.04164046049118042,0.12773600220680237,0.18677788972854614,0.04110294580459595,0.04049992561340332,-0.24288398027420044,-0.3451845645904541
8201,0.1,2,1,3.4573311805725098,8,0.007212638854980469,0.09913396835327148,2,0.0703885555267334,0.14281916618347168,0.2656911313533783,0.3616299629211426,0.4374828338623047,0.7122118473052979,0.23688936233520508,0.10637831687927246,0.13051104545593262,0.1300482451915741,0.3515445590019226,0.0,0.019559144973754883,-0.04046797752380371,-0.07802248001098633,-0.0857689380645752,-0.023525714874267578,0.0540773868560791,0.09192132949829102,0.09913396835327148,0.0,-0.06344842910766602,0.14281916618347168,0.022818803787231445,0.021464109420776367,0.07243061065673828,-0.16240549087524414,-0.03217172622680664,-0.03135275840759277
8323,0.1,3,1,0.01919281855225563,4,0.00016422756016254425,0.001042388379573822,5,0.0005916804075241089,0.003178883343935013,0.003066225443035364,0.004379325080662966,0.004501135088503361,0.007408828474581242,0.003976594656705856,0.0034854765981435776,0.0004911180585622787,0.0007233977667056024,0.001527432119473815,0.0,-0.00042195990681648254,0.00022923387587070465,0.0008781608194112778,0.001042388379573822,0.0004438962787389755,-0.0005337037146091461,-0.0012703649699687958,-0.0014731008559465408,0.0,-0.0038902554661035538,0.0016318690031766891,0.001912444829940796,0.002587202936410904,0.003178883343935013,-0.0032111257314682007,-0.0028206631541252136,-0.0038003213703632355
8397,0.1,0,1,5.955034255981445,2,0.009109973907470703,0.05044412612915039,6,0.016412734985351562,0.24625921249389648,0.2611590623855591,0.3542727828025818,0.4150262773036957,0.6267198324203491,0.3050680160522461,0.1979842185974121,0.10708379745483398,0.15412569046020508,0.3464811444282532,0.0,-0.027240753173828125,0.05044412612915039,0.03941965103149414,0.04133415222167969,0.034211158752441406,-0.05719327926635742,-0.045685768127441406,-0.047725677490234375,0.0,0.22984647750854492,-0.2349696159362793,-0.15253591537475586,-0.16863393783569336,-0.2897939682006836,0.24625921249389648,0.17038440704345703,0.18595170974731445
8399,0.1,2,1,0.6018199324607849,2,0.00218886137008667,0.08918946981430054,6,0.057787299156188965,0.0864861011505127,0.10248316824436188,0.1438491940498352,0.1769683063030243,0.2812134921550751,0.16333240270614624,0.11771726608276367,0.04561513662338257,0.027272582054138184,0.06555923074483871,0.0,-0.03288865089416504,0.08918946981430054,0.08205956220626831,0.08700060844421387,0.03848010301589966,-0.10204106569290161,-0.09790903329849243,-0.10148090124130249,0.0,0.02225470542907715,-0.08338826894760132,0.004231810569763184,0.02869880199432373,-0.0287896990776062,0.0864861011505127,-0.004463374614715576,-0.026764273643493652
8582,0.1,2,11,0.3655480742454529,7,0.0007444918155670166,0.010006457567214966,1,0.020300239324569702,0.10846590995788574,0.053775232285261154,0.07821539044380188,0.12873996794223785,0.18209554255008698,0.1156921535730362,0.11220702528953552,0.0034851282835006714,0.021309679374098778,0.04493061453104019,0.0,0.005201369524002075,-0.005796879529953003,-0.00862780213356018,-0.00806686282157898,-0.006538093090057373,0.006701767444610596,0.010006457567214966,0.00926196575164795,0.0,0.10846590995788574,-0.03662636876106262,-0.051880329847335815,-0.09340596199035645,-0.18365764617919922,0.04003956913948059,0.054517388343811035,0.08816567063331604
8823,0.1,0,3,2.341966152191162,2,0.039594411849975586,0.07341814041137695,6,0.019084930419921875,0.16776132583618164,0.16758966445922852,0.30370062589645386,0.3853532671928406,0.5438289046287537,0.24976539611816406,0.059934139251708984,0.18983125686645508,0.1393803209066391,0.323647677898407,0.0,-0.010784387588500977,0.07341814041137695,0.03382372856140137,0.03185129165649414,0.011539459228515625,-0.10465407371520996,-0.0781705379486084,-0.07203245162963867,0.0,0.0596311092376709,-0.14562273025512695,-0.23999524116516113,-0.18803954124450684,-0.08045148849487305,0.16776132583618164,0.14867639541625977,0.10016584396362305
8924,0.1,1,11,0.4884403347969055,3,0.0018934309482574463,0.0676746666431427,5,0.0179385244846344,0.09839722514152527,0.12525758147239685,0.15931019186973572,0.12969544529914856,0.15623852610588074,0.15463301539421082,0.13710826635360718,0.017524749040603638,0.042345158755779266,0.11658195406198502,0.0,-0.02449876070022583,0.05707100033760071,0.0676746666431427,0.06578123569488525,0.029511451721191406,-0.060561180114746094,-0.07298541069030762,-0.06930005550384521,0.0,-0.10732150077819824,0.05495068430900574,0.07312193512916565,0.08045870065689087,0.09839722514152527,-0.0815802812576294,-0.10486143827438354,-0.11539614200592041
8986,0.1,0,1,2.4565327167510986,4,0.006264448165893555,0.0691537857055664,8,0.027103900909423828,0.1532578468322754,0.27907705307006836,0.395768940448761,0.4267421364784241,0.6376733183860779,0.22171425819396973,0.0846719741821289,0.13704228401184082,0.1219881996512413,0.25309649109840393,0.0,-0.0038902759552001953,-0.011351823806762695,0.06288933753967285,0.0691537857055664,0.0046672821044921875,0.013013362884521484,-0.06931614875793457,-0.06718230247497559,0.0,0.04264211654663086,-0.026760578155517578,-0.10866236686706543,-0.15818357467651367,-0.050594329833984375,0.03416180610656738,0.12615394592285156,0.1532578468322754
9209,0.1,3,1,4.3641886711120605,2,0.04032325744628906,0.1178741455078125,8,0.0855708122253418,0.3556857109069824,0.2241179645061493,0.3373478353023529,0.6707456707954407,1.052851915359497,0.4732208251953125,0.31293725967407227,0.16028356552124023,0.08520902693271637,0.33968234062194824,0.0,-0.05080223083496094,0.1178741455078125,0.07755088806152344,0.07583856582641602,0.06633424758911133,-0.12667512893676758,-0.07966041564941406,-0.07601261138916016,0.0,0.10906362533569336,0.19540786743164062,-0.2394862174987793,-0.3245220184326172,-0.12854528427124023,-0.21884965896606445,0.2701148986816406,0.3556857109069824
9263,0.1,0,1,0.5347181558609009,4,1.4901161193847656e-07,0.03583258390426636,2,1.1920928955078125e-07,0.0013007521629333496,0.1268300861120224,0.16440124809741974,0.173507422208786,0.24926576018333435,0.03756392002105713,0.03756392002105713,0.0,0.025773262605071068,0.0707072913646698,0.0,-0.018626272678375244,0.03583243489265442,0.03583243489265442,0.03583258390426636,0.021840810775756836,-0.041971683502197266,-0.041971683502197266,-0.04197162389755249,0.0,-0.009461283683776855,0.0013007521629333496,0.0013006329536437988,0.0013004541397094727,0.00033724308013916016,-0.008264720439910889,-0.008264660835266113,-0.008264482021331787
9289,0.1,3,10,0.26656603813171387,7,0.0017489492893218994,0.004009246826171875,8,0.0032446682453155518,0.058593690395355225,0.034097280353307724,0.05597943067550659,0.10910461843013763,0.1578763723373413,0.058808088302612305,0.05706000328063965,0.0017480850219726562,0.011047916486859322,0.030483657494187355,0.0,0.0016697049140930176,-0.002047210931777954,-0.006762504577636719,-0.0056895911693573,-0.00260084867477417,-0.001553356647491455,0.004009246826171875,0.0022602975368499756,0.0,0.04251128435134888,-0.020682424306869507,-0.06587740778923035,-0.07933151721954346,-0.06783440709114075,0.02014799416065216,0.05534902215003967,0.058593690395355225
9381,0.1,0,10,0.46292173862457275,4,0.0009380877017974854,0.03497019410133362,4,0.011560589075088501,0.12329104542732239,0.04991031438112259,0.07097291201353073,0.11948484182357788,0.16098769009113312,0.15548402070999146,0.15548402070999146,0.0,0.019320568069815636,0.046839404851198196,0.0,-0.0108090341091156,0.03200763463973999,0.03403210639953613,0.03497019410133362,0.01212608814239502,-0.05019158124923706,-0.050330162048339844,-0.051310062408447266,0.0,-0.05860322713851929,0.04860466718673706,0.11173045635223389,0.12329104542732239,0.06361481547355652,-0.06789892911911011,-0.15437573194503784,-0.14188611507415771
9576,0.1,3,1,0.11473596841096878,7,0.001374170184135437,0.008204184472560883,6,0.005972087383270264,0.030928611755371094,0.025308970361948013,0.03822232782840729,0.0359310582280159,0.04784395173192024,0.035988569259643555,0.0352497398853302,0.0007388293743133545,0.007279202342033386,0.024566372856497765,0.0,0.0018694251775741577,-0.009527958929538727,-0.010488905012607574,-0.008710555732250214,-0.002535022795200348,0.0068300142884254456,0.008204184472560883,0.006471790373325348,0.0,0.014492936432361603,-0.039574988186359406,-0.029260315001010895,-0.02875562757253647,-0.02051778882741928,0.030928611755371094,0.02495652437210083,0.024663321673870087
9582,0.1,1,11,0.6628913283348083,2,0.02656465768814087,0.041888654232025146,4,0.015484362840652466,0.21665510535240173,0.11835970729589462,0.16559559106826782,0.2554827332496643,0.32142123579978943,0.24995717406272888,0.21484291553497314,0.03511425852775574,0.05263631418347359,0.13146013021469116,0.0,-0.007712960243225098,0.041888654232025146,0.015323996543884277,-0.014018237590789795,0.009095489978790283,-0.059527575969696045,-0.03589141368865967,-0.009763896465301514,0.0,-0.11547023057937622,0.08339756727218628,0.20117074251174927,0.21665510535240173,0.11940163373947144,-0.1353861689567566,-0.2610047459602356,-0.26513880491256714
9610,0.1,0,1,0.02086966298520565,8,0.0,0.001147231087088585,5,0.0014562848955392838,0.0037652887403964996,0.005817378405481577,0.006668741349130869,0.006457403302192688,0.008238747715950012,0.0046721454709768295,0.003247687593102455,0.0014244578778743744,0.001181549159809947,0.0037023189943283796,0.0,0.0005070436745882034,-0.0010488908737897873,-0.0010488908737897873,-0.0010488908737897873,-0.0006545037031173706,0.001147231087088585,0.001147231087088585,0.001147231087088585,0.0,-0.004406126216053963,0.002309003844857216,0.002309003844857216,0.002309003844857216,0.0037652887403964996,-0.0034610461443662643,-0.003460930660367012,-0.0034610461443662643
9612,0.1,0,1,0.22243070602416992,4,0.005848869681358337,0.03732210397720337,4,0.00849500298500061,0.044120386242866516,0.04737750440835953,0.06283450126647949,0.06855480372905731,0.09037011861801147,0.07531332969665527,0.07531332969665527,0.0,0.008288170211017132,0.024083485826849937,0.0,-0.01230652630329132,0.019684582948684692,0.03147323429584503,0.03732210397720337,0.014204815030097961,-0.026006042957305908,-0.04322707653045654,-0.051947593688964844,0.0,-0.04051288962364197,0.022915109992027283,0.029294222593307495,0.044120386242866516,0.035625383257865906,-0.03520083427429199,-0.04669901728630066,-0.07586532831192017
9714,0.1,3,1,0.506439208984375,2,0.00524333119392395,0.14713913202285767,6,0.03578740358352661,0.05662524700164795,0.10873627662658691,0.12913508713245392,0.16454671323299408,0.21877160668373108,0.19885483384132385,0.1520758867263794,0.04677894711494446,0.02286098338663578,0.04876420274376869,0.0,-0.047180891036987305,0.14713913202285767,0.13500595092773438,0.14189580082893372,0.05313137173652649,-0.19370192289352417,-0.18009483814239502,-0.18819791078567505,0.0,0.0017713308334350586,-0.0802314281463623,0.0045449137687683105,0.020837843418121338,-0.007569015026092529,0.05662524700164795,-0.017353177070617676,-0.03547888994216919
9820,0.1,0,1,3.5511817932128906,4,0.034020423889160156,0.09210753440856934,4,0.07137775421142578,0.15953922271728516,0.09464775025844574,0.1393638402223587,0.19742897152900696,0.3268006145954132,0.26819896697998047,0.26819896697998047,0.0,0.07762203365564346,0.16826219856739044,0.0,-0.007524728775024414,0.03504610061645508,0.05808711051940918,0.09210753440856934,0.009186267852783203,-0.0421297550201416,-0.06258559226989746,-0.08482241630554199,0.0,-0.013628959655761719,-0.030147075653076172,0.08816146850585938,0.15953922271728516,0.01633167266845703,0.03641319274902344,-0.11124420166015625,-0.14928007125854492
9870,0.1,1,17,0.20515570044517517,5,0.00013284385204315186,0.00013284385204315186,2,0.008156642317771912,0.03448799252510071,0.03396065905690193,0.05488329008221626,0.07938729226589203,0.09790069609880447,0.03576211631298065,0.03450900316238403,0.0012531131505966187,0.009767577052116394,0.022672878578305244,0.0,-0.0006710141897201538,-0.0027457624673843384,-0.006478354334831238,-0.004689231514930725,0.00013284385204315186,-0.00722755491733551,-0.008274286985397339,-0.010525614023208618,0.0,-0.014582306146621704,0.03448799252510071,0.026331350207328796,0.024601951241493225,0.016519695520401,-0.04589194059371948,-0.032486140727996826,-0.029475092887878418
9927,0.1,0,17,0.14475323259830475,6,0.00038355588912963867,0.001975417137145996,4,0.0024964213371276855,0.01683175563812256,0.016123777255415916,0.02798178791999817,0.04049866273999214,0.056123122572898865,0.01876683533191681,0.01483088731765747,0.003935948014259338,0.006640642881393433,0.018442967906594276,0.0,0.000734969973564148,-0.005056008696556091,-0.004735156893730164,-0.003981783986091614,-0.0014505982398986816,0.001975417137145996,0.0015918612480163574,-0.00027504563331604004,0.0,-0.018059954047203064,0.008860856294631958,0.012098059058189392,0.01683175563812256,0.014335334300994873,-0.01759093999862671,-0.018949061632156372,-0.026275530457496643
9988,0.1,1,1,5.988664150238037,6,0.0010099411010742188,0.1593308448791504,8,0.015744686126708984,0.29558610916137695,0.2741134464740753,0.3967296779155731,0.2997537851333618,0.43903547525405884,0.4537949562072754,0.4453854560852051,0.008409500122070312,0.1165103167295456,0.2963523268699646,0.0,0.02013540267944336,-0.13200855255126953,-0.08518314361572266,-0.1414632797241211,-0.024311542510986328,0.1593308448791504,0.10641670227050781,0.15832090377807617,0.0,0.056398868560791016,0.13511228561401367,-0.2918820381164551,-0.3378286361694336,-0.06798553466796875,-0.13824701309204102,0.27984142303466797,0.29558610916137695
10162,0.1,1,3,0.06662850826978683,2,0.0012117065489292145,0.0070568472146987915,4,0.004437237977981567,0.021756917238235474,0.01132322009652853,0.017322324216365814,0.016045711934566498,0.02267470769584179,0.02722124010324478,0.02646331489086151,0.0007579252123832703,0.0033785649575293064,0.014544793404638767,0.0,-0.001435309648513794,0.0070568472146987915,0.005332164466381073,0.005845140665769577,0.001731477677822113,-0.00900692492723465,-0.00708414614200592,-0.007689483463764191,0.0,-0.006021492183208466,-0.004051089286804199,0.017319679260253906,0.021756917238235474,0.006607577204704285,0.002513475716114044,-0.027682438492774963,-0.03651656210422516
10194,0.1,3,1,1.0228784084320068,8,0.0011039972305297852,0.08993655443191528,1,0.02088230848312378,0.2686992287635803,0.22307172417640686,0.30079764127731323,0.2859274744987488,0.41088709235191345,0.32783544063568115,0.3064262866973877,0.021409153938293457,0.06734327226877213,0.17318876087665558,0.0,0.03982353210449219,-0.06260907649993896,-0.0898592472076416,-0.0905001163482666,-0.0514979362487793,0.061064839363098145,0.0888325572013855,0.08993655443191528,0.0,0.2686992287635803,-0.2515237331390381,-0.23594725131988525,-0.2624680995941162,-0.39827632904052734,0.24668455123901367,0.22757065296173096,0.24781692028045654
10258,0.1,3,7,2.6913609504699707,2,0.026780128479003906,0.04239392280578613,2,0.1582636833190918,0.6207594871520996,0.21660490334033966,0.3618619740009308,0.6211020350456238,0.8666990995407104,0.7214150428771973,0.7214150428771973,0.0,0.10951696336269379,0.3478027880191803,0.0,-0.007683753967285156,0.04239392280578613,0.015055656433105469,0.015613794326782227,0.008131027221679688,-0.038834333419799805,-0.018240690231323242,-0.019371986389160156,0.0,-0.29719114303588867,0.6207594871520996,0.4624958038330078,0.439319372177124,0.3817892074584961,-0.5575001239776611,-0.44544315338134766,-0.3970222473144531
10272,0.1,3,2,0.07908417284488678,0,9.064376354217529e-05,0.0,2,0.00325707346200943,0.0065720826387405396,0.009470226243138313,0.018209239467978477,0.027232389897108078,0.04297354817390442,0.0072828009724617004,0.004507690668106079,0.0027751103043556213,0.005413023289293051,0.01042296551167965,0.0,-9.064376354217529e-05,-0.0018049627542495728,-0.002174094319343567,-0.002045281231403351,-0.0008841827511787415,-0.001534678041934967,-0.001327022910118103,-0.0017839670181274414,0.0,-0.0055213794112205505,0.0065720826387405396,-0.01353619247674942,-0.016619771718978882,-0.007832489907741547,-0.017248213291168213,0.0033150091767311096,0.001051001250743866
10351,0.1,1,3,4.6532487869262695,2,0.007502079010009766,0.0409855842590332,3,5.054473876953125e-05,0.5034165382385254,0.22966702282428741,0.30877602100372314,0.6682430505752563,0.837829053401947,0.5411148071289062,0.5261173248291016,0.014997482299804688,0.08758027851581573,0.18364202976226807,0.0,-0.004375457763671875,0.0409855842590332,0.019768238067626953,0.03348350524902344,0.003886699676513672,-0.030679702758789062,0.013494491577148438,-0.0029425621032714844,0.0,-0.17700529098510742,0.2988433837890625,0.5034165382385254,0.5033659934997559,0.223052978515625,-0.3327484130859375,-0.4618043899536133,-0.43161439895629883
10433,0.1,1,2,0.39969560503959656,2,0.010262459516525269,0.05647951364517212,2,0.05499878525733948,0.07056322693824768,0.056150030344724655,0.09053830802440643,0.1498352438211441,0.18887859582901,0.11692225933074951,0.11692225933074951,0.0,0.02590646781027317,0.07638348639011383,0.0,-0.009190917015075684,0.05647951364517212,0.03946670889854431,0.04621705412864685,0.011111944913864136,-0.07007881999015808,-0.044118672609329224,-0.05141124129295349,0.0,-0.015580147504806519,0.07056322693824768,-0.018849700689315796,-0.005544573068618774,0.015564441680908203,-0.10958060622215271,0.0018950700759887695,-0.007844686508178711
10443,0.1,1,1,3.2273144721984863,2,0.10109400749206543,0.24285483360290527,8,0.0376286506652832,0.31978321075439453,0.2716207802295685,0.4017047584056854,0.44055190682411194,0.6041831374168396,0.5618889331817627,0.16477131843566895,0.39711761474609375,0.11511237919330597,0.32390862703323364,0.0,-0.0915074348449707,0.24285483360290527,0.12790799140930176,0.14176082611083984,0.11752843856811523,-0.2577981948852539,-0.13162708282470703,-0.1396617889404297,0.0,0.23723673820495605,-0.14143753051757812,-0.2409355640411377,-0.28977060317993164,-0.2868335247039795,0.15479040145874023,0.28215456008911133,0.31978321075439453
10451,0.1,0,10,3.0133073329925537,4,0.033922672271728516,0.17214274406433105,3,0.012182235717773438,0.4928290843963623,0.2830645740032196,0.42803457379341125,0.5033286809921265,0.7112698554992676,0.6609838008880615,0.648792028427124,0.0121917724609375,0.11603003740310669,0.25533273816108704,0.0,-0.01063680648803711,0.031548261642456055,0.13822007179260254,0.17214274406433105,0.013074159622192383,-0.0376436710357666,-0.14290952682495117,-0.15515685081481934,0.0,-0.08024430274963379,-0.04283261299133301,0.4928290843963623,0.48064684867858887,0.09995675086975098,0.05363202095031738,-0.476398229598999,-0.40770602226257324
10454,0.1,2,10,0.012384183704853058,1,4.168134182691574e-05,4.474259912967682e-05,8,0.0007041580975055695,0.0031163031235337257,0.0017671866808086634,0.002829453907907009,0.003701823530718684,0.005541821476072073,0.0031163031235337257,0.0029014842584729195,0.00021481886506080627,0.000529163982719183,0.0016668371390551329,0.0,4.474259912967682e-05,-0.000512988306581974,-0.00021344423294067383,-0.0005040448158979416,-0.00010584481060504913,3.061257302761078e-06,-0.00027359556406736374,-8.465349674224854e-05,0.0,0.0017347848042845726,-0.0015144292265176773,-0.0035121943801641464,-0.005340740084648132,-0.0030932407826185226,0.0011844802647829056,0.0024121450260281563,0.0031163031235337257
10459,0.1,3,1,0.059744611382484436,4,0.0011341795325279236,0.016330838203430176,6,0.003095462918281555,0.008218694478273392,0.017642328515648842,0.0224777702242136,0.01545311976224184,0.023101098835468292,0.022246044129133224,0.020273510366678238,0.0019725337624549866,0.0023635602556169033,0.010569884441792965,0.0,-0.007041916251182556,0.015196658670902252,0.014921005815267563,0.016330838203430176,0.007594581693410873,-0.023442506790161133,-0.022613756358623505,-0.02520439773797989,0.0,-0.0020392313599586487,-0.013151906430721283,0.004432693123817444,0.0051232315599918365,-0.000734817236661911,0.008218694478273392,-0.008756108582019806,-0.01009579747915268
10499,0.1,2,1,2.2292826175689697,2,0.07180213928222656,0.1624605655670166,4,0.0020502805709838867,0.3706347942352295,0.2503069043159485,0.31315070390701294,0.3054911196231842,0.4576484262943268,0.5314503908157349,0.4918186664581299,0.03963172435760498,0.06707433611154556,0.1553962081670761,0.0,-0.03343605995178223,0.1624605655670166,0.09065842628479004,0.06350970268249512,0.04298830032348633,-0.15056777000427246,-0.08100175857543945,-0.0541532039642334,0.0,-0.3377399444580078,0.328554630279541,0.3368823528289795,0.3706347942352295,0.3685845136642456,-0.43290281295776367,-0.4062016010284424,-0.42690157890319824
10507,0.1,2,10,2.203460931777954,4,0.0062677860260009766,0.020874738693237305,6,0.01104736328125,0.20070981979370117,0.2168593853712082,0.3356584906578064,0.4390450417995453,0.738732099533081,0.2960149049758911,0.17428135871887207,0.12173354625701904,0.12690569460391998,0.30325329303741455,0.0,-0.0056302547454833984,0.014606952667236328,0.003554105758666992,0.020874738693237305,0.004607200622558594,-0.009018898010253906,0.0023376941680908203,-0.010973215103149414,0.0,0.0031464099884033203,-0.1354520320892334,0.07308578491210938,0.18966245651245117,0.009666919708251953,0.20070981979370117,-0.07910299301147461,-0.1880505084991455
10697,0.1,2,2,1.7474966049194336,3,0.00594639778137207,0.054143428802490234,4,0.007854700088500977,0.3788611888885498,0.13308295607566833,0.18317437171936035,0.48297104239463806,0.7210914492607117,0.4216642379760742,0.4147920608520508,0.0068721771240234375,0.08596771955490112,0.2195136845111847,0.0,-0.012381434440612793,0.048197031021118164,0.054143428802490234,0.0304715633392334,0.015737295150756836,-0.0530853271484375,-0.053839921951293945,-0.024843573570251465,0.0,-0.21054983139038086,0.24793684482574463,0.37100648880004883,0.3788611888885498,0.2667093276977539,-0.23989975452423096,-0.37828850746154785,-0.3530426025390625
10710,0.1,3,13,1.5153839588165283,4,0.005289196968078613,0.09464216232299805,4,0.0013098716735839844,0.40891289710998535,0.14877048134803772,0.20042702555656433,0.3304178714752197,0.4707195460796356,0.486558198928833,0.486558198928833,0.0,0.08140094578266144,0.1741466373205185,0.0,-0.04190325736999512,0.0621260404586792,0.08935296535491943,0.09464216232299805,0.0484156608581543,-0.07908523082733154,-0.11170685291290283,-0.1177525520324707,0.0,-0.38291215896606445,0.2756537199020386,0.36079955101013184,0.40891289710998535,0.40760302543640137,-0.34402239322662354,-0.43686115741729736,-0.482086181640625
10864,0.1,1,10,0.22952042520046234,6,0.00437714159488678,0.029805943369865417,4,0.002780720591545105,0.09474599361419678,0.049125801771879196,0.07012361288070679,0.10448183119297028,0.13506221771240234,0.10769869387149811,0.08665280044078827,0.02104589343070984,0.017102178186178207,0.03816407918930054,0.0,0.0050874799489974976,-0.031884804368019104,-0.029481396079063416,-0.021293923258781433,-0.006460368633270264,0.029805943369865417,0.025428801774978638,0.01594628393650055,0.0,-0.0626814216375351,0.05386433005332947,0.09196527302265167,0.09474599361419678,0.05730101466178894,-0.08963964879512787,-0.16565503180027008,-0.15324635803699493
10969,0.1,0,1,6.171944618225098,8,0.0,0.13327455520629883,5,0.060089111328125,0.13681888580322266,0.3295642137527466,0.4924185872077942,0.3825163245201111,0.5360100269317627,0.27106285095214844,0.07806158065795898,0.19300127029418945,0.1159321516752243,0.277153342962265,0.0,0.05040597915649414,-0.10002660751342773,-0.10002708435058594,-0.10002660751342773,-0.058481693267822266,0.13327455520629883,0.13327455520629883,0.13327455520629883,0.0,-0.12396669387817383,0.07672929763793945,0.07672929763793945,0.07672977447509766,0.13681888580322266,-0.1000666618347168,-0.1000666618347168,-0.1000666618347168
10972,0.1,1,1,3.517868995666504,7,0.0021817684173583984,0.07406234741210938,7,0.01737070083618164,0.12746191024780273,0.31618303060531616,0.446530282497406,0.3766402304172516,0.5312669277191162,0.2008955478668213,0.2008955478668213,0.0,0.10371531546115875,0.25890904664993286,0.0,0.007416486740112305,-0.013546943664550781,-0.07338666915893555,-0.07588958740234375,-0.009270668029785156,0.01433420181274414,0.07406234741210938,0.07188057899475098,0.0,0.03584122657775879,0.009260177612304688,-0.1243898868560791,-0.11632061004638672,-0.04373741149902344,0.0004012584686279297,0.12746191024780273,0.1100912094116211
11083,0.1,3,1,2.0621328353881836,5,0.0020318031311035156,0.00924539566040039,3,0.025620460510253906,0.08372664451599121,0.1601707488298416,0.2785426378250122,0.30217868089675903,0.5002667307853699,0.08372664451599121,0.053815603256225586,0.029911041259765625,0.17193374037742615,0.3687548041343689,0.0,-0.017773151397705078,0.007213592529296875,0.0011303424835205078,-0.0076885223388671875,0.00924539566040039,-0.050939083099365234,-0.043660640716552734,-0.03611183166503906,0.0,-0.19404983520507812,0.04166674613952637,0.08372664451599121,0.05557394027709961,0.058106184005737305,-0.1625804901123047,-0.22027015686035156,-0.180098295211792
11183,0.1,2,14,0.22245410084724426,3,0.0015928149223327637,0.013422757387161255,3,0.0022178590297698975,0.03359581530094147,0.025768915191292763,0.03946526721119881,0.0710335448384285,0.09726817160844803,0.04360353946685791,0.04360353946685791,0.0,0.012155593372881413,0.029562994837760925,0.0,-0.007072761654853821,0.011229455471038818,0.013422757387161255,0.011829942464828491,0.008044660091400146,-0.014356479048728943,-0.01783844828605652,-0.01578274369239807,0.0,-0.029821723699569702,-0.021264150738716125,0.03359581530094147,0.03137795627117157,0.013275563716888428,0.009597063064575195,-0.06323537230491638,-0.05907326936721802
11246,0.1,0,3,8.878806114196777,8,0.02600383758544922,0.08738899230957031,8,0.0947256088256836,0.18981075286865234,0.2629473805427551,0.3779539167881012,0.6733434796333313,0.9038094878196716,0.30429840087890625,0.30429840087890625,0.0,0.14437802135944366,0.28933626413345337,0.0,0.010136604309082031,0.0069789886474609375,-0.02892780303955078,-0.04378795623779297,-0.009171485900878906,0.010209083557128906,0.061385154724121094,0.08738899230957031,0.0,0.0799102783203125,0.0060939788818359375,-0.06585884094238281,-0.13265609741210938,-0.07385540008544922,0.0029735565185546875,0.09508514404296875,0.18981075286865234
11272,0.1,2,10,0.40588194131851196,2,0.01562643051147461,0.035652995109558105,2,0.011673122644424438,0.07742717862129211,0.0374358668923378,0.06310194730758667,0.09359105676412582,0.13298729062080383,0.10591959953308105,0.10591959953308105,0.0,0.021324435248970985,0.07141514867544174,0.0,-0.012149840593338013,0.035652995109558105,0.01751038432121277,0.020026564598083496,0.013960182666778564,-0.04723161458969116,-0.02575567364692688,-0.03213781118392944,0.0,-0.07176375389099121,0.07742717862129211,0.011364072561264038,0.048288822174072266,0.06575405597686768,-0.11112433671951294,-0.045651763677597046,-0.08169424533843994
11374,0.1,2,1,0.18459996581077576,4,0.0001958012580871582,0.020316705107688904,6,0.02333049476146698,0.028175756335258484,0.050662022083997726,0.06226937845349312,0.051174651831388474,0.08121992647647858,0.051951050758361816,0.015684500336647034,0.03626655042171478,0.01320655457675457,0.04292188584804535,0.0,-0.004282593727111816,0.020120903849601746,0.012321144342422485,0.020316705107688904,0.005024239420890808,-0.02772708237171173,-0.01717361807823181,-0.025009125471115112,0.0,0.004845261573791504,-0.06052716076374054,0.002148941159248352,-0.0014501959085464478,-0.011427149176597595,0.028175756335258484,-0.01158401370048523,-0.007570922374725342
11531,0.1,1,2,1.1478471755981445,4,0.02881777286529541,0.13385236263275146,4,0.029094457626342773,0.21557432413101196,0.15955647826194763,0.22876182198524475,0.2135651856660843,0.2929198741912842,0.32507604360580444,0.32507604360580444,0.0,0.07042521238327026,0.17201723158359528,0.0,-0.014633655548095703,0.08414268493652344,0.10503458976745605,0.13385236263275146,0.018972158432006836,-0.09522354602813721,-0.09441554546356201,-0.11912906169891357,0.0,-0.05601942539215088,-0.02513599395751953,0.1864798665046692,0.21557432413101196,0.060824036598205566,-0.020546793937683105,-0.2081756591796875,-0.22452986240386963
11606,0.1,1,10,0.23525170981884003,2,0.0020377784967422485,0.04077725112438202,4,0.005133643746376038,0.0371282696723938,0.03493424504995346,0.05325016379356384,0.067250557243824,0.1008191704750061,0.07224486768245697,0.0690947026014328,0.00315016508102417,0.01199402380734682,0.023545607924461365,0.0,-0.010564714670181274,0.04077725112438202,0.03873947262763977,0.03662919998168945,0.01227039098739624,-0.052231356501579285,-0.04572199285030365,-0.040879979729652405,0.0,-0.017171457409858704,0.02005024254322052,0.03199462592601776,0.0371282696723938,0.018254369497299194,-0.029884055256843567,-0.04136066138744354,-0.04172720015048981
11622,0.1,0,15,3.384943962097168,4,0.07904648780822754,0.29578733444213867,4,0.08001828193664551,0.22119474411010742,0.3329225182533264,0.38792532682418823,0.4901413917541504,0.6462225317955017,0.5826683044433594,0.5826683044433594,0.0,0.07586940377950668,0.2163095325231552,0.0,-0.0068395137786865234,-0.09527707099914551,0.21674084663391113,0.29578733444213867,0.007802486419677734,0.11259579658508301,-0.11419916152954102,-0.16360092163085938,0.0,0.01029205322265625,-0.1148996353149414,0.06952142715454102,0.22119474411010742,-0.01321864128112793,0.14117646217346191,-0.015307188034057617,-0.11982989311218262
11668,0.1,1,1,3.3638412952423096,6,0.04761457443237305,0.21677899360656738,6,0.01182413101196289,0.0932626724243164,0.30339473485946655,0.4112757742404938,0.31603869795799255,0.5242289900779724,0.3011360168457031,0.3011360168457031,0.0,0.16354462504386902,0.42783448100090027,0.0,0.08338809013366699,-0.20912766456604004,-0.16018080711364746,-0.15949463844299316,-0.10533285140991211,0.21677899360656738,0.16916441917419434,0.16373157501220703,0.0,0.06464266777038574,-0.0769340991973877,-0.0192718505859375,-0.06499648094177246,-0.07080483436584473,0.0932626724243164,0.028300046920776367,0.08143854141235352
11738,0.1,3,1,6.927248954772949,8,0.001728057861328125,0.1292729377746582,5,0.3226170539855957,0.6658644676208496,0.33605873584747314,0.4304914176464081,0.6119462251663208,0.8710138201713562,0.7853298187255859,0.5548672676086426,0.23046255111694336,0.097722627222538,0.28772634267807007,0.0,0.10865545272827148,-0.10322856903076172,-0.09970855712890625,-0.10574102401733398,-0.1264348030090332,0.12754487991333008,0.12225151062011719,0.1292729377746582,0.0,-0.4736957550048828,0.3432474136352539,0.21478033065795898,0.19824600219726562,0.6658644676208496,-0.36780309677124023,-0.22838687896728516,-0.20476198196411133
11894,0.1,0,1,0.750276505947113,2,0.019005656242370605,0.04714161157608032,4,0.02725762128829956,0.08414781093597412,0.10606522858142853,0.12844641506671906,0.18474487960338593,0.23641416430473328,0.13406497240066528,0.12014281749725342,0.013922154903411865,0.023021414875984192,0.04775170236825943,0.0,-0.009937286376953125,0.04714161157608032,0.028135955333709717,0.019264519214630127,0.011756718158721924,-0.06163126230239868,-0.03393346071243286,-0.021065473556518555,0.0,-0.04809445142745972,0.026222050189971924,0.05689018964767456,0.08414781093597412,0.053338050842285156,-0.03328239917755127,-0.07843810319900513,-0.12110918760299683
11906,0.1,1,7,6.02288293838501,3,0.014444828033447266,0.01803112030029297,2,0.035704612731933594,0.12827110290527344,0.16142693161964417,0.2777027487754822,0.2817092537879944,0.5392909646034241,0.1436328887939453,0.12981557846069336,0.013817310333251953,0.12741585075855255,0.24742741882801056,0.0,-0.0028247833251953125,0.0031614303588867188,0.01803112030029297,0.0011386871337890625,0.003586292266845703,-0.0030379295349121094,-0.02160501480102539,-0.004471778869628906,0.0,-0.0642237663269043,0.12827110290527344,0.019211769104003906,-0.012069225311279297,0.09256649017333984,-0.1350102424621582,-0.0125579833984375,0.028486251831054688
11960,0.1,1,6,0.7904680371284485,6,0.06640779972076416,0.12795501947402954,6,0.027810633182525635,0.12603884935379028,0.12619157135486603,0.1729806810617447,0.24688784778118134,0.32573941349983215,0.22519022226333618,0.22519022226333618,0.0,0.04920639470219612,0.13716106116771698,0.0,0.02244037389755249,-0.19844675064086914,-0.0924721360206604,-0.07310658693313599,-0.029161155223846436,0.12795501947402954,0.06154721975326538,0.041698992252349854,0.0,0.005975306034088135,-0.1481451392173767,0.06131434440612793,0.09822821617126465,-0.007541775703430176,0.12603884935379028,-0.06436032056808472,-0.09691518545150757
11967,0.1,0,12,3.2267115116119385,2,0.03349590301513672,0.07930135726928711,2,0.05992531776428223,0.08944296836853027,0.18840661644935608,0.2496631145477295,0.21456971764564514,0.37764811515808105,0.191849946975708,0.191849946975708,0.0,0.0554201602935791,0.15561337769031525,0.0,-0.0036954879760742188,0.07930135726928711,-0.02502727508544922,-0.04645419120788574,0.00450587272644043,-0.08847260475158691,0.02932596206665039,0.04580545425415039,0.0,-0.021775484085083008,0.08944296836853027,0.019174814224243164,-0.005408763885498047,0.029517650604248047,-0.10791611671447754,-0.004997968673706055,0.01045370101928711
11972,0.1,0,10,0.06566368788480759,4,0.000665031373500824,0.0069500356912612915,4,0.001974537968635559,0.003633439540863037,0.008974570780992508,0.014007991179823875,0.015564456582069397,0.02357577532529831,0.009593512862920761,0.009593512862920761,0.0,0.003380901413038373,0.00839230790734291,0.0,-0.0007858052849769592,0.0016586780548095703,0.0062850043177604675,0.0069500356912612915,0.000792577862739563,-0.0025212839245796204,-0.01068802922964096,-0.01022813469171524,0.0,-0.0003303736448287964,-0.002138383686542511,0.0008659809827804565,0.003633439540863037,0.00016657263040542603,0.001658901572227478,-0.0031242966651916504,-0.004350796341896057
11981,0.1,0,0,2.224839210510254,8,0.0,0.06280875205993652,5,0.04845547676086426,0.10392951965332031,0.30505651235580444,0.38270318508148193,0.3468824625015259,0.5768780708312988,0.16870665550231934,0.0740346908569336,0.09467196464538574,0.14346382021903992,0.37853872776031494,0.0,0.024896621704101562,-0.06130862236022949,-0.0613100528717041,-0.0613095760345459,-0.03293180465698242,0.06280875205993652,0.06280875205993652,0.06280875205993652,0.0,-0.09029102325439453,0.055474042892456055,0.05547380447387695,0.05547332763671875,0.10392951965332031,-0.07034611701965332,-0.07034611701965332,-0.07034611701965332
11988,0.1,0,1,3.0832347869873047,2,0.01760244369506836,0.16124343872070312,4,0.015269756317138672,0.061527252197265625,0.24373984336853027,0.3435283899307251,0.2164120227098465,0.33114323019981384,0.2324848175048828,0.19532442092895508,0.037160396575927734,0.11159773916006088,0.2632635235786438,0.0,-0.04087209701538086,0.16124343872070312,0.14364099502563477,0.11970829963684082,0.05110025405883789,-0.17090559005737305,-0.15001964569091797,-0.12095308303833008,0.0,-0.028978347778320312,0.014328479766845703,0.04625749588012695,0.061527252197265625,0.03206348419189453,-0.020306825637817383,-0.0604097843170166,-0.07944846153259277
11989,0.1,3,1,0.06139332428574562,4,0.00014019757509231567,0.006107460707426071,2,0.002751905471086502,0.005143843591213226,0.011843422427773476,0.014640608802437782,0.01830276846885681,0.029727105051279068,0.01071920245885849,0.01056000217795372,0.0001592002809047699,0.002707673702389002,0.006143268197774887,0.0,-0.0028934217989444733,0.0059672631323337555,0.005706433206796646,0.006107460707426071,0.0033426694571971893,-0.008068930357694626,-0.007708434015512466,-0.008316677063703537,0.0,-0.0029011406004428864,0.005143843591213226,0.0004198327660560608,-0.0012307800352573395,0.0023919381201267242,-0.00714290514588356,-0.0012782551348209381,0.00016706064343452454
12042,0.1,3,1,0.2331022322177887,2,0.00240209698677063,0.04540465772151947,4,0.0003171563148498535,0.03498739004135132,0.043527621775865555,0.05120690166950226,0.06673160940408707,0.08821969479322433,0.07610289752483368,0.07404229044914246,0.002060607075691223,0.015165014192461967,0.03859776258468628,0.0,-0.01848965883255005,0.04540465772151947,0.04300256073474884,0.04232648015022278,0.020455166697502136,-0.05766946077346802,-0.054252058267593384,-0.05352512001991272,0.0,-0.0338895320892334,0.02918529510498047,0.034670233726501465,0.03498739004135132,0.034205421805381775,-0.04070600867271423,-0.044673770666122437,-0.0449623167514801
12140,0.1,2,1,0.0031346967443823814,4,1.4502787962555885e-05,0.0003325589932501316,6,5.682208575308323e-05,0.00035324343480169773,0.0005469976458698511,0.0006781550473533571,0.0005217025172896683,0.0007918041665107012,0.0006666556000709534,0.00015105213969945908,0.0005156034603714943,0.0001950032019522041,0.0006320804241113365,0.0,-0.0002003377303481102,0.0002927363384515047,0.0003180562052875757,0.0003325589932501316,0.00019847601652145386,-0.0005061139818280935,-0.0005633626133203506,-0.0005909164901822805,0.0,0.0002964213490486145,-0.0003986160736531019,-0.0002122188452631235,-0.0001876247115433216,-0.0004992249887436628,0.00035324343480169773,0.0001995458733290434,0.0001712576486170292
12156,0.1,0,1,0.26514363288879395,7,0.00013405084609985352,0.01382949948310852,6,0.00145624577999115,0.03301215171813965,0.055259931832551956,0.06942571699619293,0.05336316302418709,0.07802052050828934,0.04638226330280304,0.04468800127506256,0.0016942620277404785,0.009381506592035294,0.03053232468664646,0.0,0.004795074462890625,-0.011727452278137207,-0.03178238868713379,-0.03640606999397278,-0.008241355419158936,0.0032846033573150635,0.01382949948310852,0.013695448637008667,0.0,0.029588863253593445,-0.03185877203941345,-0.031116724014282227,-0.032094359397888184,-0.04210317134857178,0.03301215171813965,0.0315559059381485,0.03060947358608246
12227,0.1,0,2,0.25860050320625305,4,0.00504535436630249,0.012995630502700806,4,0.012087404727935791,0.02719961106777191,0.044065818190574646,0.053932931274175644,0.03926270082592964,0.06003747507929802,0.040329962968826294,0.040329962968826294,0.0,0.011476588435471058,0.036391351372003555,0.0,-0.0009708702564239502,0.0003509521484375,0.007950276136398315,0.012995630502700806,0.0011234879493713379,-0.001385509967803955,-0.010424643754959106,-0.015873759984970093,0.0,-0.007990390062332153,0.003845036029815674,0.01511220633983612,0.02719961106777191,0.008888065814971924,-0.005405992269515991,-0.020310044288635254,-0.03357100486755371
12246,0.1,3,1,1.648439884185791,6,0.05801689624786377,0.0732872486114502,4,0.00022912025451660156,0.20989549160003662,0.16803865134716034,0.23090314865112305,0.26606205105781555,0.39074617624282837,0.2826058864593506,0.1794135570526123,0.10319232940673828,0.11765922605991364,0.26006436347961426,0.0,0.015270352363586426,-0.09416186809539795,-0.017391204833984375,-0.026205062866210938,-0.021403789520263672,0.0732872486114502,0.006170988082885742,0.01228034496307373,0.0,-0.17352700233459473,0.09662675857543945,0.20966637134552002,0.20989549160003662,0.19114911556243896,-0.12648797035217285,-0.23639154434204102,-0.23382782936096191
12358,0.1,3,1,0.2705814838409424,6,0.0005871355533599854,0.0022382140159606934,6,0.0029176920652389526,0.03118094801902771,0.029112672433257103,0.05215372517704964,0.11776699870824814,0.14473314583301544,0.03180511295795441,0.03155258297920227,0.00025252997875213623,0.008643446490168571,0.022018279880285263,0.0,0.0011792182922363281,-0.007812947034835815,-0.007115215063095093,-0.0058543384075164795,-0.0024430155754089355,0.0022382140159606934,0.001651078462600708,-0.0003116428852081299,0.0,0.02356162667274475,-0.030948996543884277,-0.03121313452720642,-0.02849254012107849,-0.03381681442260742,0.03118094801902771,0.028263255953788757,0.024716481566429138
12388,0.1,2,17,0.7073326706886292,3,0.0018406510353088379,0.02056276798248291,5,0.0027315616607666016,0.0963091254234314,0.0817461907863617,0.1396712213754654,0.20742714405059814,0.29050007462501526,0.11405003070831299,0.10916680097579956,0.004883229732513428,0.03877842798829079,0.08799345046281815,0.0,-0.0094948410987854,0.018722116947174072,0.02056276798248291,0.012662887573242188,0.010616302490234375,-0.030623137950897217,-0.03009939193725586,-0.023309409618377686,0.0,-0.0766456127166748,0.09097379446029663,0.0935775637626648,0.0695834755897522,0.0963091254234314,-0.0990559458732605,-0.09888416528701782,-0.06474685668945312
12479,0.1,2,1,1.6406526565551758,6,0.016908645629882812,0.13952362537384033,2,0.0007947683334350586,0.0720447301864624,0.2228281944990158,0.2926120460033417,0.3152369558811188,0.44581684470176697,0.21279621124267578,0.10460913181304932,0.10818707942962646,0.0818398967385292,0.22168128192424774,0.0,0.06313157081604004,-0.1351158618927002,-0.11027371883392334,-0.1196739673614502,-0.07965087890625,0.13952362537384033,0.11482179164886475,0.12261497974395752,0.0,-0.06657171249389648,0.0720447301864624,0.02782130241394043,0.01051032543182373,0.07124996185302734,-0.09054267406463623,-0.03603196144104004,-0.016166329383850098
12576,0.1,3,1,2.4460337162017822,6,0.011617898941040039,0.1664257049560547,2,0.06065964698791504,0.11366772651672363,0.29391318559646606,0.4468735456466675,0.3894689381122589,0.7120516300201416,0.2774162292480469,0.19686198234558105,0.08055424690246582,0.06823070347309113,0.21602533757686615,0.0,0.07169675827026367,-0.1544492244720459,-0.14153695106506348,-0.14586734771728516,-0.0876016616821289,0.1664257049560547,0.15157866477966309,0.15480780601501465,0.0,-0.02771782875061035,0.11366772651672363,0.018431425094604492,-0.03527092933654785,0.053008079528808594,-0.10646915435791016,-0.006670951843261719,0.05064678192138672
12665,0.1,0,14,0.3458707332611084,7,0.004401981830596924,0.017952322959899902,4,0.018602848052978516,0.057878345251083374,0.09025000035762787,0.11645250767469406,0.07584892213344574,0.10501709580421448,0.0725567638874054,0.04939967393875122,0.023157089948654175,0.021625444293022156,0.04970007389783859,0.0,0.005660891532897949,-0.012781977653503418,-0.01652190089225769,-0.011444658041000366,-0.007079601287841797,0.013550341129302979,0.017952322959899902,0.011909574270248413,0.0,-0.03817403316497803,0.0066002607345581055,0.03882870078086853,0.057878345251083374,0.03927549719810486,-0.00980311632156372,-0.05472978949546814,-0.08383852243423462
12705,0.1,0,17,0.07006816565990448,4,0.0,0.0020699501037597656,1,0.0008127018809318542,0.0051073431968688965,0.011517902836203575,0.016652341932058334,0.014649057760834694,0.02083234116435051,0.007321015000343323,0.004018418490886688,0.0033025965094566345,0.0034146923571825027,0.011945301666855812,0.0,-0.0009794607758522034,0.0020699501037597656,0.0020699501037597656,0.0020699501037597656,0.0009369254112243652,-0.0032582730054855347,-0.0032582730054855347,-0.0032582730054855347,0.0,0.0051073431968688965,-0.004597045481204987,-0.00459715723991394,-0.00459715723991394,-0.008966438472270966,0.004294641315937042,0.004294641315937042,0.004294641315937042
12774,0.1,2,11,0.15140776336193085,2,0.0004163980484008789,0.020074009895324707,8,0.004082053899765015,0.056151531636714935,0.023095497861504555,0.03799620270729065,0.048724569380283356,0.06909048557281494,0.06807377189397812,0.04086862504482269,0.027205146849155426,0.006158172152936459,0.020082972943782806,0.0,-0.005122363567352295,0.020074009895324707,0.019657611846923828,0.019508302211761475,0.0060533881187438965,-0.026304230093955994,-0.025438398122787476,-0.02492794394493103,0.0,0.03463040292263031,-0.04837232828140259,-0.11294160783290863,-0.138591930270195,-0.07118900120258331,0.03153899312019348,0.05206947773694992,0.056151531636714935
12789,0.1,2,2,2.6170284748077393,2,0.022225379943847656,0.06712651252746582,3,0.010951519012451172,0.02556633949279785,0.22261400520801544,0.35955071449279785,0.3904798626899719,0.5924807190895081,0.09294462203979492,0.08171415328979492,0.01123046875,0.1606987714767456,0.32127904891967773,0.0,-0.020890474319458008,0.06712651252746582,0.03664278984069824,0.044901132583618164,0.0327603816986084,-0.04228830337524414,-0.014494895935058594,-0.021684646606445312,0.0,-0.03517723083496094,0.013905763626098633,0.02556633949279785,-0.012831926345825195,0.01461482048034668,-0.03254246711730957,-0.04649686813354492,-0.0037119388580322266
12827,0.1,0,3,0.048697471618652344,7,0.0001063905656337738,0.0032761991024017334,8,0.00011880695819854736,0.001355830579996109,0.007190881762653589,0.011386651545763016,0.017896104604005814,0.020652687177062035,0.004452615976333618,0.00410664826631546,0.00034596771001815796,0.0025015994906425476,0.0060350652784109116,0.0,0.00038850679993629456,-0.00250253826379776,-0.003695014864206314,-0.004961319267749786,-0.0004870966076850891,0.002702798694372177,0.0032761991024017334,0.0031698085367679596,0.0,-0.0002934671938419342,0.0012370236217975616,0.000798981636762619,-0.002103332430124283,0.00029707327485084534,-0.001603987067937851,-0.0016054585576057434,0.001355830579996109
12859,0.1,1,1,0.009688853286206722,8,6.118509918451309e-05,0.0005230242386460304,5,0.0003052111715078354,0.0010133488103747368,0.0015639550983905792,0.0022677192464470863,0.0023716771975159645,0.003469198476523161,0.0014379406347870827,0.0006810836493968964,0.0007568569853901863,0.0004793876432813704,0.0013442167546600103,0.0,0.0002581123262643814,-0.0005865851417183876,-0.0005090618506073952,-0.0006016874685883522,-0.00038267672061920166,0.00042309798300266266,0.00046183913946151733,0.0005230242386460304,0.0,-0.001548689790070057,0.0007081376388669014,0.00037762708961963654,0.000444948673248291,0.0010133488103747368,-0.0012056082487106323,-0.0005576768890023232,-0.0006886422634124756
12888,0.1,3,7,0.8200531005859375,8,0.008206725120544434,0.03405606746673584,1,0.030068159103393555,0.0980256199836731,0.0834619551897049,0.15816673636436462,0.22058098018169403,0.28598445653915405,0.1310604214668274,0.11213523149490356,0.018925189971923828,0.05614806339144707,0.1273677945137024,0.0,0.015564322471618652,-0.028039157390594482,-0.027899980545043945,-0.03825390338897705,-0.022425711154937744,0.023048818111419678,0.025849342346191406,0.03405606746673584,0.0,0.0980256199836731,-0.05780285596847534,-0.06964516639709473,-0.07354795932769775,-0.1503644585609436,0.05838268995285034,0.06795746088027954,0.06760430335998535
12892,0.1,0,0,0.6170780062675476,4,2.980232238769531e-07,0.03791016340255737,5,0.0070462822914123535,0.022877871990203857,0.15635588765144348,0.21898500621318817,0.18579664826393127,0.23650765419006348,0.05669713020324707,0.05149883031845093,0.005198299884796143,0.04120621457695961,0.10853098332881927,0.0,-0.021606028079986572,0.037909865379333496,0.037909865379333496,0.03791016340255737,0.026095688343048096,-0.04758656024932861,-0.04758656024932861,-0.04758661985397339,0.0,-0.03759700059890747,0.015831410884857178,0.015830934047698975,0.015831589698791504,0.022877871990203857,-0.026332974433898926,-0.026332974433898926,-0.026332974433898926
12937,0.1,1,1,0.10249228030443192,6,0.0029486417770385742,0.005481436848640442,4,0.004324384033679962,0.02684170752763748,0.012049227952957153,0.016072874888777733,0.0271326694637537,0.03640162944793701,0.030026867985725403,0.023954026401042938,0.006072841584682465,0.004602015949785709,0.008917967788875103,0.0,0.0012101158499717712,-0.006597854197025299,-0.005427263677120209,-0.005578465759754181,-0.0017008408904075623,0.005481436848640442,0.0025327950716018677,0.0013264641165733337,0.0,-0.014796733856201172,0.014135509729385376,0.02251732349395752,0.02684170752763748,0.015522070229053497,-0.019582711160182953,-0.03135965019464493,-0.03551272302865982
13040,0.1,2,10,7.09787130355835,8,0.0027856826782226562,0.2308359146118164,8,0.0724649429321289,0.27332067489624023,0.289644718170166,0.4059301018714905,0.49023866653442383,0.8364067673683167,0.5075750350952148,0.5075750350952148,0.0,0.12177350372076035,0.24691414833068848,0.0,0.04898262023925781,-0.13840532302856445,-0.2288341522216797,-0.23729372024536133,-0.06447982788085938,0.16219329833984375,0.22805023193359375,0.2308359146118164,0.0,0.06670141220092773,0.12450408935546875,-0.1680912971496582,-0.25509023666381836,-0.061432838439941406,-0.08311605453491211,0.20085573196411133,0.27332067489624023
13088,0.1,3,1,2.8679184913635254,8,0.019374608993530273,0.2959411144256592,1,0.270524263381958,0.9356276988983154,0.38350072503089905,0.455785870552063,0.41403254866600037,0.5251595973968506,1.1855872869491577,1.1063106060028076,0.0792766809463501,0.07225445657968521,0.21464598178863525,0.0,0.19994688034057617,-0.24660468101501465,-0.24062776565551758,-0.26825881004333496,-0.2571296691894531,0.2765665054321289,0.2701563835144043,0.2959411144256592,0.0,0.9356276988983154,-0.6190152168273926,-0.5597655773162842,-0.6053686141967773,-1.2279706001281738,0.6651034355163574,0.6010446548461914,0.6322791576385498
13139,0.1,3,2,0.3900116980075836,4,0.0038964152336120605,0.039117395877838135,5,0.003873884677886963,0.08054298162460327,0.060089148581027985,0.08986685425043106,0.12087404727935791,0.2042900025844574,0.11928504705429077,0.11189544200897217,0.0073896050453186035,0.021959587931632996,0.059683967381715775,0.0,-0.020899146795272827,0.02346581220626831,0.035220980644226074,0.039117395877838135,0.0213201642036438,-0.04200705885887146,-0.05348196625709534,-0.059015870094299316,0.0,-0.0984753668308258,0.03236889839172363,0.07646405696868896,0.07666909694671631,0.08054298162460327,-0.07680705189704895,-0.10546615719795227,-0.10120120644569397
13193,0.1,2,7,3.3536665439605713,2,0.030034542083740234,0.1339256763458252,6,0.07919621467590332,0.16209983825683594,0.2321585714817047,0.44505399465560913,0.5083501935005188,0.7244720458984375,0.31023383140563965,0.04930877685546875,0.2609250545501709,0.08843445777893066,0.2469675987958908,0.0,-0.04205679893493652,0.1339256763458252,0.10389113426208496,0.09861254692077637,0.05252552032470703,-0.14140701293945312,-0.11162734031677246,-0.10219788551330566,0.0,0.08290362358093262,-0.15430998802185059,-0.05191826820373535,-0.08706784248352051,-0.11043977737426758,0.16209983825683594,0.047487735748291016,0.07860827445983887
13204,0.1,1,0,0.47714924812316895,8,0.002591550350189209,0.0322188138961792,8,0.0058095455169677734,0.024289101362228394,0.12532882392406464,0.18715474009513855,0.13950343430042267,0.23829834163188934,0.0572986900806427,0.0572986900806427,0.0,0.04947014898061752,0.10837246477603912,0.0,0.0101090669631958,-0.018911510705947876,-0.029322266578674316,-0.03263843059539795,-0.012551367282867432,0.018785536289215088,0.02962726354598999,0.0322188138961792,0.0,0.01413816213607788,-0.0019173026084899902,-0.018187671899795532,-0.024126529693603516,-0.01956692337989807,0.001288384199142456,0.01847955584526062,0.024289101362228394
13228,0.1,1,13,0.4661407470703125,8,0.003716766834259033,0.036158084869384766,8,0.0024149715900421143,0.07488435506820679,0.06925660371780396,0.12811100482940674,0.11712614446878433,0.15408553183078766,0.10722258687019348,0.10722258687019348,0.0,0.02839759550988674,0.07452122122049332,0.0,0.007859528064727783,-0.04180443286895752,-0.04199403524398804,-0.05995166301727295,-0.01193225383758545,0.03244131803512573,0.024188578128814697,0.036158084869384766,0.0,0.02665865421295166,-0.006463587284088135,-0.09646552801132202,-0.1091427206993103,-0.038996875286102295,-0.008303344249725342,0.07246938347816467,0.07488435506820679
13246,0.1,2,10,2.6954867839813232,8,0.013452291488647461,0.1826004981994629,2,0.011887073516845703,0.1620633602142334,0.2683482766151428,0.33655551075935364,0.44913896918296814,0.5550969839096069,0.35068678855895996,0.0920095443725586,0.25867724418640137,0.07977394759654999,0.24674032628536224,0.0,0.04844784736633301,-0.14618873596191406,-0.1798079013824463,-0.1975846290588379,-0.06170010566711426,0.1382758617401123,0.16914820671081543,0.1826004981994629,0.0,-0.11685943603515625,0.1620633602142334,0.1388382911682129,0.10544419288635254,0.1501762866973877,-0.18315911293029785,-0.1418459415435791,-0.09795689582824707
13372,0.1,0,1,1.8761711120605469,8,0.0,0.028557300567626953,5,0.04097127914428711,0.07482802867889404,0.16960623860359192,0.27381378412246704,0.23688428103923798,0.3924194872379303,0.10144996643066406,0.06106972694396973,0.040380239486694336,0.12451720237731934,0.3466241657733917,0.0,0.012387752532958984,-0.02380192279815674,-0.02380204200744629,-0.02380204200744629,-0.015164852142333984,0.028557300567626953,0.028557300567626953,0.028557300567626953,0.0,-0.057660818099975586,0.03385627269744873,0.033856749534606934,0.03385663032531738,0.07482802867889404,-0.03968095779418945,-0.03968095779418945,-0.03968071937561035
13727,0.1,2,1,0.03943133354187012,4,0.0018710941076278687,0.002782464027404785,2,0.0010198988020420074,0.0061025917530059814,0.007107728626579046,0.00983818992972374,0.01385919563472271,0.02014806680381298,0.00879516452550888,0.007738791406154633,0.001056373119354248,0.0024579386226832867,0.006690319161862135,0.0,-0.0005679130554199219,0.0007378384470939636,0.0009113699197769165,0.002782464027404785,0.0005306266248226166,-0.0024344660341739655,-0.002405654639005661,-0.004563037306070328,0.0,-0.005914296954870224,0.0061025917530059814,0.004107903689146042,0.0049506984651088715,0.005082692950963974,-0.010547786951065063,-0.006848040968179703,-0.007466450333595276
13782,0.1,1,10,0.17955808341503143,4,0.0021728873252868652,0.022571593523025513,5,0.0016007870435714722,0.01688946783542633,0.019397202879190445,0.030964000150561333,0.03918737173080444,0.057123854756355286,0.037487611174583435,0.036439791321754456,0.0010478198528289795,0.006463134195655584,0.014631145633757114,0.0,-0.009883210062980652,0.020398706197738647,0.019731268286705017,0.022571593523025513,0.011256769299507141,-0.02556246519088745,-0.02485881745815277,-0.028301358222961426,0.0,-0.018345817923545837,0.011762723326683044,0.011180207133293152,0.015288680791854858,0.01688946783542633,-0.018311291933059692,-0.015308558940887451,-0.02098706364631653
13790,0.1,2,1,0.16940747201442719,6,0.004701927304267883,0.009889662265777588,6,0.034934647381305695,0.08725518733263016,0.03391667455434799,0.04000849649310112,0.07707670331001282,0.10236849635839462,0.09032891690731049,0.09032891690731049,0.0,0.006391006521880627,0.019445717334747314,0.0,0.0005286484956741333,-0.010149717330932617,-0.0017565041780471802,0.005187734961509705,-0.000681564211845398,0.009889662265777588,0.0021073371171951294,-0.005519121885299683,0.0,0.030427560210227966,-0.16657654941082,-0.08321137726306915,-0.0417618602514267,-0.04779912531375885,0.08725518733263016,0.05232053995132446,0.029490068554878235
13824,0.1,0,1,3.178431749343872,8,0.013480424880981445,0.40257835388183594,2,0.037729740142822266,0.2984435558319092,0.3388255536556244,0.44550544023513794,0.48194175958633423,0.7211393117904663,0.6790966987609863,0.11638808250427246,0.5627086162567139,0.06817380338907242,0.17928071320056915,0.0,0.12094807624816895,-0.39588451385498047,-0.44249796867370605,-0.4715719223022461,-0.15398764610290527,0.3611900806427002,0.3890979290008545,0.40257835388183594,0.0,-0.2557079792022705,0.2984435558319092,0.21771764755249023,0.24656891822814941,0.2607138156890869,-0.39745235443115234,-0.2983217239379883,-0.35149168968200684
13958,0.1,1,1,5.140353679656982,6,0.12586736679077148,0.23540735244750977,7,0.039689064025878906,0.45264101028442383,0.32593804597854614,0.3955121636390686,0.5179007649421692,0.8524904847145081,0.656822681427002,0.6228528022766113,0.033969879150390625,0.0697210282087326,0.16078560054302216,0.0,0.04096841812133789,-0.21477794647216797,-0.09720134735107422,-0.09833669662475586,-0.04984283447265625,0.23540735244750977,0.10953998565673828,0.10878896713256836,0.0,0.2988600730895996,-0.40047407150268555,-0.5048022270202637,-0.35654544830322266,-0.4201183319091797,0.4129519462585449,0.45264101028442383,0.28462696075439453
14063,0.1,1,10,0.031154904514551163,4,0.00027496181428432465,0.005416147410869598,2,0.001719299703836441,0.004087347537279129,0.004314580466598272,0.006551513448357582,0.007749526295810938,0.012950452975928783,0.00937829352915287,0.008889801800251007,0.0004884917289018631,0.0015779759269207716,0.0043647633865475655,0.0,-0.0015890859067440033,0.0048449356108903885,0.005141185596585274,0.005416147410869598,0.001763615757226944,-0.00783466175198555,-0.0073866210877895355,-0.007690880447626114,0.0,-0.002149045467376709,0.004087347537279129,0.0006656888872385025,0.002368047833442688,0.0020214393734931946,-0.00810990110039711,-0.0017173700034618378,-0.0032293274998664856
14114,0.1,2,3,7.210485458374023,8,0.0038633346557617188,0.16887235641479492,7,0.023283004760742188,0.1505746841430664,0.2419268637895584,0.43800628185272217,0.2334190160036087,0.39325571060180664,0.30376672744750977,0.2995929718017578,0.004173755645751953,0.09773819148540497,0.24166497588157654,0.0,0.02466583251953125,-0.1118016242980957,-0.12956762313842773,-0.1331462860107422,-0.029241561889648438,0.14848661422729492,0.1650090217590332,0.16887235641479492,0.0,0.051526546478271484,0.029335498809814453,-0.086456298828125,-0.06364774703979492,-0.035900115966796875,0.03603839874267578,0.1505746841430664,0.12729167938232422
14189,0.1,1,2,1.614060878753662,2,0.015104532241821289,0.12589049339294434,1,0.010295748710632324,0.06707072257995605,0.22186124324798584,0.3380448520183563,0.2466033399105072,0.3731890618801117,0.1893174648284912,0.1257878541946411,0.0635296106338501,0.1359398066997528,0.2672936022281647,0.0,-0.07033181190490723,0.12589049339294434,0.10705816745758057,0.11078596115112305,0.08191037178039551,-0.16138064861297607,-0.12902426719665527,-0.13315534591674805,0.0,0.06707072257995605,-0.002965092658996582,-0.048407673835754395,-0.047086477279663086,-0.08117806911468506,0.0038619041442871094,0.05677497386932373,0.054927825927734375
14249,0.1,3,12,0.0669766291975975,2,0.004128210246562958,0.01834024488925934,5,0.0010681748390197754,0.015276364982128143,0.012753012590110302,0.020993370562791824,0.007681608200073242,0.014044798910617828,0.02879154682159424,0.026101574301719666,0.0026899725198745728,0.00210357247851789,0.007412293925881386,0.0,-0.007688142359256744,0.01834024488925934,0.01408301666378975,0.01421203464269638,0.008202161639928818,-0.02786973863840103,-0.019897624850273132,-0.01969236135482788,0.0,-0.02037663757801056,0.011104952543973923,0.013563718646764755,0.014208190143108368,0.015276364982128143,-0.02090291678905487,-0.026105672121047974,-0.027393542230129242
14279,0.1,3,2,1.3740425109863281,3,0.002604842185974121,0.047353267669677734,7,0.013072013854980469,0.20082712173461914,0.12429311126470566,0.19253379106521606,0.34173282980918884,0.4441554546356201,0.2482825517654419,0.1654222011566162,0.08286035060882568,0.08907075971364975,0.15251532196998596,0.0,-0.01961958408355713,0.025844693183898926,0.047353267669677734,0.04474842548370361,0.024994850158691406,-0.02589583396911621,-0.05096268653869629,-0.046492695808410645,0.0,0.18775510787963867,-0.13764500617980957,-0.23289752006530762,-0.2010667324066162,-0.3276340961456299,0.11228597164154053,0.20082712173461914,0.1665487289428711
14306,0.1,1,3,0.2191302627325058,8,0.0011090487241744995,0.010413318872451782,4,0.015569180250167847,0.05655181407928467,0.022510241717100143,0.03480718284845352,0.058626748621463776,0.08327096700668335,0.06508313119411469,0.0453508198261261,0.019732311367988586,0.01715902052819729,0.03131105378270149,0.0,0.0015505403280258179,-0.0036986172199249268,-0.01045052707195282,-0.013341501355171204,-0.0018390268087387085,0.004123374819755554,0.009304270148277283,0.010413318872451782,0.0,-0.028061479330062866,0.026747122406959534,0.04098263382911682,0.05655181407928467,0.029501959681510925,-0.038553133606910706,-0.05953188240528107,-0.08276529610157013
14341,0.1,1,7,1.5307449102401733,4,0.01190793514251709,0.11550521850585938,3,0.0017707347869873047,0.1479567289352417,0.1213611364364624,0.19853711128234863,0.2674652338027954,0.3776908814907074,0.26707565784454346,0.2606019973754883,0.006473660469055176,0.0780162662267685,0.1506214290857315,0.0,-0.011218070983886719,0.04831671714782715,0.10359728336334229,0.11550521850585938,0.014667630195617676,-0.023554682731628418,-0.07419896125793457,-0.0806112289428711,0.0,-0.04354560375213623,0.03435838222503662,0.1479567289352417,0.1461859941482544,0.06064045429229736,-0.029672980308532715,-0.11790931224822998,-0.11505532264709473
14385,0.1,2,1,0.03194347023963928,4,0.00032084807753562927,0.0015416741371154785,6,0.0007946547120809555,0.0019141025841236115,0.006167766638100147,0.007878992706537247,0.007884761318564415,0.011551453731954098,0.003313107416033745,0.0013003628700971603,0.0020127445459365845,0.000572244287468493,0.0021249940618872643,0.0,-0.0003210492432117462,0.00041078031063079834,0.0012208260595798492,0.0015416741371154785,0.000360880047082901,-0.0008032917976379395,-0.0019401796162128448,-0.0023810975253582,0.0,0.0009651463478803635,-0.002022918313741684,-0.0013155117630958557,-0.0018398016691207886,-0.0015144012868404388,0.0019141025841236115,0.0006146728992462158,0.001119447872042656
14423,0.1,2,1,1.0450968742370605,3,0.0006439685821533203,0.026253700256347656,8,0.008708953857421875,0.05853396654129028,0.11683447659015656,0.19149406254291534,0.17834827303886414,0.25075191259384155,0.0863504409790039,0.032732248306274414,0.05361819267272949,0.06287314742803574,0.10504302382469177,0.0,-0.01120460033416748,0.023142337799072266,0.026253700256347656,0.025609731674194336,0.014104127883911133,-0.029063701629638672,-0.031199097633361816,-0.030083656311035156,0.0,0.04414045810699463,-0.04028487205505371,-0.05364108085632324,-0.06360340118408203,-0.06734061241149902,0.03431284427642822,0.04982501268386841,0.05853396654129028
14488,0.1,0,2,2.3725945949554443,4,0.0373842716217041,0.14026713371276855,3,0.05922842025756836,0.3235013484954834,0.16012656688690186,0.28715980052948,0.3435846269130707,0.5077311992645264,0.45801615715026855,0.42434215545654297,0.033674001693725586,0.12444379180669785,0.3018714487552643,0.0,-0.007802248001098633,0.02306818962097168,0.10288286209106445,0.14026713371276855,0.009529829025268555,-0.028590917587280273,-0.10243916511535645,-0.11746668815612793,0.0,-0.04070568084716797,-0.04802250862121582,0.3235013484954834,0.26427292823791504,0.05033540725708008,0.058500051498413086,-0.26425814628601074,-0.20074987411499023
14712,0.1,1,1,0.017056208103895187,8,0.0004257168620824814,0.0006535649299621582,4,0.0012474842369556427,0.005018716678023338,0.0025040542241185904,0.004447281360626221,0.004859349690377712,0.007310864981263876,0.005227685905992985,0.003928053192794323,0.0012996327131986618,0.0009602854261174798,0.002246323274448514,0.0,1.9688159227371216e-05,4.73465770483017e-05,-0.0005753710865974426,-0.001863628625869751,-3.328360617160797e-05,-0.00014156103134155273,0.00022784806787967682,0.0006535649299621582,0.0,-0.001039082184433937,0.00013677403330802917,0.0037712324410676956,0.005018716678023338,0.0011260397732257843,-0.00037600286304950714,-0.00601300410926342,-0.006500747054815292
14854,0.1,3,2,1.0132231712341309,2,0.018586933612823486,0.15405386686325073,2,0.0023118257522583008,0.11413276195526123,0.13502387702465057,0.19689089059829712,0.27663183212280273,0.41668900847435,0.2604084014892578,0.2604084014892578,0.0,0.041543103754520416,0.13151921331882477,0.0,-0.09443557262420654,0.15405386686325073,0.12890422344207764,0.13546693325042725,0.10704851150512695,-0.19801628589630127,-0.16244161128997803,-0.16910600662231445,0.0,-0.1734095811843872,0.11413276195526123,0.03834342956542969,0.06190609931945801,0.11182093620300293,-0.20389556884765625,-0.07040834426879883,-0.09294795989990234
14881,0.1,3,1,0.18013210594654083,4,0.0016726255416870117,0.009890228509902954,2,0.0033229440450668335,0.05823111534118652,0.05133061483502388,0.06727803498506546,0.06128431111574173,0.07976613938808441,0.06515680998563766,0.06386592984199524,0.0012908801436424255,0.011045478284358978,0.021085159853100777,0.0,-0.003116607666015625,0.008217602968215942,0.007678806781768799,0.009890228509902954,0.0036938637495040894,-0.010530650615692139,-0.009480714797973633,-0.01181231439113617,0.0,-0.0617719441652298,0.05823111534118652,0.045750394463539124,0.04302398860454559,0.05490817129611969,-0.10022063553333282,-0.06878776848316193,-0.06179758906364441
14894,0.1,1,1,0.006938529666513205,2,1.717032864689827e-05,0.00025728391483426094,5,0.00032611237838864326,0.0014975075609982014,0.0014552251668646932,0.0021041622385382652,0.0017199143767356873,0.0022782613523304462,0.0017020483501255512,0.0016146539710462093,8.739437907934189e-05,0.0005761951906606555,0.0012630329001694918,0.0,-0.00012891273945569992,0.00025728391483426094,0.00023975828662514687,0.00024011358618736267,0.00014680810272693634,-0.0003561568446457386,-0.00033059483394026756,-0.00033059483394026756,0.0,-0.0017467834986746311,0.0010482566431164742,0.0010944763198494911,0.001171395182609558,0.0014975075609982014,-0.001603186596184969,-0.00169714679941535,-0.0018336405046284199
14963,0.1,1,1,3.27197265625,2,0.006486177444458008,0.026648998260498047,8,0.002946615219116211,0.24414658546447754,0.3107769787311554,0.41369590163230896,0.31966280937194824,0.44348374009132385,0.26918959617614746,0.23796367645263672,0.031225919723510742,0.06989482790231705,0.2432890236377716,0.0,-0.007684946060180664,0.026648998260498047,0.02016282081604004,0.007509469985961914,0.00960397720336914,-0.030719995498657227,-0.02250385284423828,-0.007067203521728516,0.0,0.2322702407836914,-0.18912577629089355,-0.19890785217285156,-0.2089376449584961,-0.2748146057128906,0.23186850547790527,0.24119997024536133,0.24414658546447754
14965,0.1,0,10,0.03467847406864166,4,0.001085197553038597,0.0034666042774915695,3,0.006277386099100113,0.01581619121134281,0.006522084586322308,0.008376408368349075,0.008910833857953548,0.01215882133692503,0.0182585921138525,0.01769961602985859,0.0005589760839939117,0.0017704941565170884,0.004569206386804581,0.0,-0.0001791529357433319,0.00012643635272979736,0.0023814067244529724,0.0034666042774915695,0.00021269544959068298,-0.00031545013189315796,-0.004152175039052963,-0.004487294703722,0.0,-0.0032574720680713654,0.0024458132684230804,0.01581619121134281,0.009538805112242699,0.0035343151539564133,-0.003524165600538254,-0.03284841775894165,-0.011013653129339218
14968,0.1,0,1,4.435757160186768,3,0.019280433654785156,0.06592130661010742,8,0.0643162727355957,0.2769346237182617,0.3201039731502533,0.5488780736923218,0.3852892816066742,0.5340771079063416,0.3375873565673828,0.2585740089416504,0.07901334762573242,0.20004896819591522,0.3902375102043152,0.0,-0.006307125091552734,0.029799461364746094,0.06592130661010742,0.046640872955322266,0.008008480072021484,-0.0319523811340332,-0.050861358642578125,-0.01757049560546875,0.0,0.039202213287353516,0.045064449310302734,-0.17569971084594727,-0.287630558013916,-0.044454097747802734,-0.0460209846496582,0.21261835098266602,0.2769346237182617
15016,0.1,0,1,0.5393269062042236,4,0.012412786483764648,0.0501786470413208,4,0.022361189126968384,0.08458641171455383,0.09871011972427368,0.11704505980014801,0.1559617966413498,0.19677257537841797,0.12894627451896667,0.12894627451896667,0.0,0.013960301876068115,0.06622757762670517,0.0,-0.013246119022369385,0.027962327003479004,0.03776586055755615,0.0501786470413208,0.014529109001159668,-0.04324376583099365,-0.05557221174240112,-0.07079207897186279,0.0,-0.058600008487701416,0.03705251216888428,0.06222522258758545,0.08458641171455383,0.06131023168563843,-0.05285513401031494,-0.08445656299591064,-0.11519038677215576
15032,0.1,1,14,2.6789803504943848,8,0.03532719612121582,0.15473651885986328,2,0.017662525177001953,0.42159533500671387,0.271379292011261,0.3525620102882385,0.2848856449127197,0.46588802337646484,0.5870747566223145,0.3553659915924072,0.23170876502990723,0.17278845608234406,0.3259327709674835,0.0,0.03302955627441406,-0.07039594650268555,-0.12676262855529785,-0.16407489776611328,-0.044846534729003906,0.05766439437866211,0.11940932273864746,0.15473651885986328,0.0,-0.44117093086242676,0.42159533500671387,0.25966691970825195,0.28400206565856934,0.4039328098297119,-0.6185283660888672,-0.3777151107788086,-0.3913388252258301
15048,0.1,2,17,1.8410812616348267,4,0.01928091049194336,0.2144869565963745,6,0.04946732521057129,0.12127768993377686,0.18384885787963867,0.245931476354599,0.25808805227279663,0.3375786542892456,0.33033621311187744,0.2555828094482422,0.07475340366363525,0.11590900272130966,0.21511980891227722,0.0,-0.03484785556793213,0.1684192419052124,0.19520604610443115,0.2144869565963745,0.04257762432098389,-0.1659005880355835,-0.18684899806976318,-0.18003880977630615,0.0,0.03072202205657959,-0.09487569332122803,-0.05829167366027832,0.03722357749938965,-0.03677070140838623,0.12127768993377686,0.07181036472320557,-0.02968907356262207
15049,0.1,2,17,1.288003921508789,4,0.025655388832092285,0.09574484825134277,4,0.022797346115112305,0.10003697872161865,0.12804430723190308,0.19532431662082672,0.2181929349899292,0.3309502601623535,0.19059360027313232,0.19059360027313232,0.0,0.08963778614997864,0.26401808857917786,0.0,-0.011115312576293945,0.03204464912414551,0.07008945941925049,0.09574484825134277,0.01341092586517334,-0.03771567344665527,-0.07887899875640869,-0.10079097747802734,0.0,0.007492184638977051,-0.0623016357421875,-0.0011773109436035156,0.10003697872161865,-0.008055448532104492,0.07723963260650635,0.009052395820617676,-0.08500277996063232
15189,0.1,3,1,0.07157334685325623,4,0.0009582042694091797,0.018402643501758575,8,0.0005458518862724304,0.008780628442764282,0.02346990443766117,0.030470116063952446,0.013205399736762047,0.019651662558317184,0.02505657821893692,0.0207163468003273,0.004340231418609619,0.004074019845575094,0.008792649954557419,0.0,-0.0035355165600776672,0.015065841376781464,0.017444439232349396,0.018402643501758575,0.004138275980949402,-0.02007531374692917,-0.022092580795288086,-0.02317153662443161,0.0,0.0010258257389068604,0.006550751626491547,-0.011008955538272858,-0.01199401170015335,-0.001986585557460785,-0.009763941168785095,0.008234776556491852,0.008780628442764282
15392,0.1,2,1,1.3293765783309937,2,0.007158637046813965,0.020750761032104492,8,0.07522642612457275,0.27128708362579346,0.1856049746274948,0.26424771547317505,0.31905636191368103,0.4795384109020233,0.29546284675598145,0.2652442455291748,0.03021860122680664,0.05535499006509781,0.1631900668144226,0.0,-0.005044817924499512,0.020750761032104492,0.013592123985290527,0.009299397468566895,0.006878495216369629,-0.018418312072753906,-0.011951565742492676,-0.005264878273010254,0.0,0.1522597074508667,-0.10920119285583496,-0.20339739322662354,-0.3126639127731323,-0.20665085315704346,0.11219823360443115,0.1960606575012207,0.27128708362579346
15400,0.1,1,15,0.15995807945728302,4,0.0009405165910720825,0.012979626655578613,8,0.0014207661151885986,0.02572302520275116,0.024218806996941566,0.03262669965624809,0.04344397038221359,0.0658925324678421,0.038122519850730896,0.01204805076122284,0.026074469089508057,0.011779166758060455,0.0249385517090559,0.0,-0.0024823546409606934,0.007155060768127441,0.01203911006450653,0.012979626655578613,0.002948462963104248,-0.010037615895271301,-0.015435665845870972,-0.01615634560585022,0.0,0.01440642774105072,-0.024058133363723755,-0.035117700695991516,-0.04613661766052246,-0.02317708730697632,0.020694881677627563,0.02430225908756256,0.02572302520275116
15406,0.1,2,1,4.357321262359619,3,0.03771162033081055,0.12492895126342773,8,0.014108657836914062,0.021544456481933594,0.24714775383472443,0.3421720564365387,0.30890125036239624,0.4764000177383423,0.15124225616455078,0.12513399124145508,0.026108264923095703,0.11809808015823364,0.26196563243865967,0.0,-0.008222103118896484,0.04249715805053711,0.12492895126342773,0.08721733093261719,0.012944698333740234,0.017004013061523438,-0.06040668487548828,-0.026825904846191406,0.0,-0.005388736724853516,-0.0020308494567871094,0.007435798645019531,-0.051461219787597656,-0.0024461746215820312,-0.03391599655151367,-0.03470039367675781,0.021544456481933594
15454,0.1,1,14,3.6189188957214355,8,0.005072116851806641,0.06773805618286133,8,0.10841655731201172,0.4792366027832031,0.15853087604045868,0.25955256819725037,0.45672932267189026,0.6455196142196655,0.5375981330871582,0.5375981330871582,0.0,0.09735560417175293,0.33377084136009216,0.0,0.00625920295715332,-0.04525947570800781,-0.04069924354553223,-0.0414121150970459,-0.007472038269042969,0.057830810546875,0.06266593933105469,0.06773805618286133,0.0,0.0965414047241211,0.27985095977783203,-0.4206876754760742,-0.5652756690979004,-0.12538433074951172,-0.31429004669189453,0.3708200454711914,0.4792366027832031
15716,0.1,2,10,4.163200378417969,7,0.00406956672668457,0.2527155876159668,6,0.12631607055664062,0.22831964492797852,0.224534273147583,0.3439507484436035,0.4299490451812744,0.6916472911834717,0.45961737632751465,0.4215526580810547,0.03806471824645996,0.08864235877990723,0.2612457573413849,0.0,0.081451416015625,-0.18403387069702148,-0.2241673469543457,-0.22278261184692383,-0.09704828262329102,0.2089693546295166,0.2527155876159668,0.24864602088928223,0.0,0.10200357437133789,-0.17219114303588867,-0.06736421585083008,-0.029250144958496094,-0.10896921157836914,0.22831964492797852,0.07933330535888672,0.04232215881347656
15732,0.1,1,1,0.04190318286418915,4,0.0014388486742973328,0.0026649683713912964,2,0.0012209080159664154,0.002297215163707733,0.01123996451497078,0.014193939045071602,0.01421408075839281,0.019768083468079567,0.004845857620239258,0.0034515857696533203,0.0013942718505859375,0.0019857517909258604,0.006177060306072235,0.0,-0.0006611049175262451,0.0012261196970939636,0.0008058063685894012,0.0026649683713912964,0.0006755031645298004,-0.0023494288325309753,-0.0015811286866664886,-0.003981731832027435,0.0,-0.0016263239085674286,0.002297215163707733,-0.0005253776907920837,1.0747462511062622e-05,0.0010763071477413177,-0.004063710570335388,-0.0009695105254650116,-0.001842353492975235
15783,0.1,0,1,0.00842575915157795,6,5.4270029067993164e-05,0.00025997497141361237,4,0.00045501161366701126,0.0008016601204872131,0.001157559221610427,0.001583268167451024,0.0025820708833634853,0.0034924685023725033,0.0010901265777647495,0.0005860151723027229,0.0005041114054620266,0.00024523926549591124,0.0007487265975214541,0.0,6.32433220744133e-05,-0.0002703079953789711,-0.0002664085477590561,-0.00027243513613939285,-8.853524923324585e-05,0.00025997497141361237,0.0002057049423456192,0.00014481600373983383,0.0,-0.00031840521842241287,-0.00019006244838237762,0.0003466485068202019,0.0008016601204872131,0.0002506338059902191,0.00015853065997362137,-0.0008128304034471512,-0.0017615361139178276
15787,0.1,1,10,0.060818254947662354,4,0.0010730698704719543,0.003995802253484726,6,0.005779661238193512,0.01762377843260765,0.010512085631489754,0.01453807856887579,0.0163543913513422,0.023925835266709328,0.021333176642656326,0.014613207429647446,0.006719969213008881,0.0032229782082140446,0.006818108726292849,0.0,-0.0006162114441394806,-0.0010266602039337158,0.0029227323830127716,0.003995802253484726,0.0006307363510131836,-0.0026789680123329163,-0.005890995264053345,-0.006752423942089081,0.0,0.007043551653623581,-0.024735890328884125,-0.017822816967964172,-0.01811005175113678,-0.010852299630641937,0.01762377843260765,0.011844117194414139,0.011101912707090378
15801,0.1,1,10,0.4591574966907501,2,0.01062503457069397,0.031265705823898315,7,0.001978278160095215,0.01987224817276001,0.0802881270647049,0.11913365870714188,0.1198941245675087,0.17344088852405548,0.04957282543182373,0.016001492738723755,0.033571332693099976,0.036599233746528625,0.08567348122596741,0.0,-0.009549200534820557,0.031265705823898315,0.016959786415100098,0.020640671253204346,0.01155930757522583,-0.03788730502128601,-0.020556002855300903,-0.025383204221725464,0.0,0.017893970012664795,-0.01640436053276062,-0.022189676761627197,-0.022122859954833984,-0.030026137828826904,0.01470157504081726,0.01987224817276001,0.017473489046096802
15805,0.1,3,2,0.3312593400478363,1,2.9921531677246094e-05,0.018895387649536133,1,0.004452258348464966,0.013821959495544434,0.048993904143571854,0.06552679091691971,0.09497788548469543,0.1582498848438263,0.033773601055145264,0.03339865803718567,0.0003749430179595947,0.008212354965507984,0.03265112638473511,0.0,0.018895387649536133,-0.01940840482711792,-0.012000471353530884,-0.015639811754226685,-0.029978573322296143,0.018865466117858887,0.011648356914520264,0.015340059995651245,0.0,0.013821959495544434,-0.009009450674057007,-6.0945749282836914e-05,-0.0064858198165893555,-0.030286788940429688,0.009369701147079468,-6.574392318725586e-05,0.005797654390335083
15854,0.1,2,1,3.1907548904418945,6,0.0558321475982666,0.2573254108428955,2,0.13857316970825195,0.6586823463439941,0.23210962116718292,0.31216961145401,0.628135085105896,0.9300096035003662,0.865898609161377,0.45070314407348633,0.4151954650878906,0.08634328842163086,0.2492036670446396,0.0,0.07781434059143066,-0.24331212043762207,-0.17236828804016113,-0.19313311576843262,-0.09114956855773926,0.2573254108428955,0.18451213836669922,0.2014932632446289,0.0,-0.41205906867980957,0.6586823463439941,0.29084038734436035,0.36148571968078613,0.5201091766357422,-0.7294619083404541,-0.28655076026916504,-0.3296806812286377
15859,0.1,2,2,3.049023151397705,6,0.03267216682434082,0.04596090316772461,3,0.040120840072631836,0.09877657890319824,0.13369829952716827,0.29987668991088867,0.439704567193985,0.8312606811523438,0.14815855026245117,0.10116314888000488,0.04699540138244629,0.09151531755924225,0.1719980686903,0.0,0.004166841506958008,-0.027473926544189453,0.00523686408996582,0.012128353118896484,-0.004375457763671875,0.04596090316772461,0.013288736343383789,0.0077402591705322266,0.0,-0.03933310508728027,0.01883411407470703,0.09877657890319824,0.058655738830566406,0.05180239677429199,-0.02382802963256836,-0.09726214408874512,-0.053160667419433594
15918,0.1,0,13,4.9744672775268555,7,0.00021648406982421875,0.18407726287841797,6,0.016870498657226562,0.04632377624511719,0.2168024778366089,0.343984991312027,0.2509704828262329,0.3469935357570648,0.2243037223815918,0.21695661544799805,0.00734710693359375,0.10484886169433594,0.26241400837898254,0.0,0.0699620246887207,-0.17860698699951172,-0.18842172622680664,-0.1901082992553711,-0.08883857727050781,0.17606115341186523,0.18407726287841797,0.18386077880859375,0.0,0.029453277587890625,-0.028136730194091797,-0.012105464935302734,0.009941577911376953,-0.017029762268066406,0.04632377624511719,0.028486251831054688,0.005295753479003906
15938,0.1,0,1,2.6973090171813965,8,0.01791214942932129,0.16185235977172852,7,0.0024690628051757812,0.1855776309967041,0.3279050588607788,0.42844587564468384,0.5249404907226562,0.6554105877876282,0.3332223892211914,0.3328056335449219,0.00041675567626953125,0.05980581045150757,0.1854882389307022,0.0,0.009317636489868164,0.007823467254638672,-0.18405985832214355,-0.22643709182739258,-0.011535167694091797,-0.010918855667114258,0.14394021034240723,0.16185235977172852,0.0,0.027264118194580078,0.049386024475097656,-0.24413537979125977,-0.24824857711791992,-0.03682065010070801,-0.06448221206665039,0.1855776309967041,0.18310856819152832
16037,0.1,3,7,0.4067513346672058,2,0.007866919040679932,0.01147526502609253,4,0.0031092464923858643,0.0031092464923858643,0.07083634287118912,0.11285844445228577,0.09815383702516556,0.1692168116569519,0.0153045654296875,0.012193232774734497,0.003111332654953003,0.023834368214011192,0.06082820147275925,0.0,-0.003734499216079712,0.01147526502609253,0.002235591411590576,0.0003953278064727783,0.0036083459854125977,-0.014519095420837402,-0.005497872829437256,-0.004028588533401489,0.0,-0.014280706644058228,-0.0008317828178405762,-0.0023580193519592285,0.0031092464923858643,-0.002013683319091797,-0.015005946159362793,-0.011346518993377686,-0.019397348165512085
16063,0.1,3,1,0.1673351228237152,4,0.0030027180910110474,0.023767516016960144,5,0.017241567373275757,0.07326221466064453,0.023910807445645332,0.03548767417669296,0.0499974824488163,0.06923454254865646,0.08749311417341232,0.08216078579425812,0.005332328379154205,0.007322247140109539,0.016298402100801468,0.0,-0.013251468539237976,0.015433833003044128,0.020764797925949097,0.023767516016960144,0.014622971415519714,-0.021312326192855835,-0.02855008840560913,-0.03302496671676636,0.0,-0.11006027460098267,0.039481520652770996,0.05152188241481781,0.056020647287368774,0.07326221466064453,-0.06609950959682465,-0.0891282856464386,-0.09905940294265747
16179,0.1,3,1,2.9417786598205566,6,0.043942928314208984,0.2539706230163574,1,0.10872626304626465,0.2824993133544922,0.29136285185813904,0.38052910566329956,0.30561766028404236,0.5232074856758118,0.5331802368164062,0.4260382652282715,0.10714197158813477,0.10233308374881744,0.24492421746253967,0.0,0.14464211463928223,-0.2394113540649414,-0.15181279182434082,-0.19492578506469727,-0.18474411964416504,0.2539706230163574,0.1658480167388916,0.21002769470214844,0.0,0.2824993133544922,-0.12111258506774902,-0.09443426132202148,-0.15369319915771484,-0.3329615592956543,0.14385175704956055,0.11057066917419434,0.17377305030822754
16210,0.1,1,2,0.08334901928901672,4,0.0018977299332618713,0.00686345249414444,2,0.0015702247619628906,0.01910988986492157,0.013963391073048115,0.019806498661637306,0.02163744904100895,0.03364182636141777,0.024653803557157516,0.02334032580256462,0.0013134777545928955,0.003651577280834317,0.0085193095728755,0.0,-0.002049386501312256,0.004965722560882568,0.004828393459320068,0.00686345249414444,0.0023520290851593018,-0.006975144147872925,-0.007078826427459717,-0.010048538446426392,0.0,-0.01826757937669754,0.01910988986492157,0.014256268739700317,0.01753966510295868,0.017095081508159637,-0.03209063410758972,-0.021046452224254608,-0.025124281644821167
16221,0.1,3,1,0.4759705662727356,2,0.006532073020935059,0.03073960542678833,8,0.010000675916671753,0.062418967485427856,0.08558551967144012,0.12664103507995605,0.1919209063053131,0.2511826753616333,0.08855488896369934,0.04594394564628601,0.04261094331741333,0.025139257311820984,0.06241624802350998,0.0,-0.01928657293319702,0.03073960542678833,0.01618713140487671,0.015981972217559814,0.02420753240585327,-0.0350530743598938,-0.017392456531524658,-0.017019301652908325,0.0,0.052418291568756104,-0.0002943277359008789,-0.048493146896362305,-0.06842416524887085,-0.08559471368789673,-0.0015750229358673096,0.045949846506118774,0.062418967485427856
16243,0.1,3,1,1.1401939392089844,3,0.008410811424255371,0.15701544284820557,2,0.014212608337402344,0.29747509956359863,0.1763083040714264,0.23649686574935913,0.30935412645339966,0.4091983735561371,0.4466314911842346,0.4299696683883667,0.01666182279586792,0.04465469345450401,0.11440997570753098,0.0,-0.04562497138977051,0.13800525665283203,0.15701544284820557,0.1486046314239502,0.0570523738861084,-0.1260676383972168,-0.1388758420944214,-0.13165903091430664,0.0,-0.2616080045700073,0.29747509956359863,0.25928473472595215,0.24362266063690186,0.2832624912261963,-0.3678712844848633,-0.30733609199523926,-0.2844240665435791
16311,0.1,3,1,0.10239598155021667,4,0.00023762881755828857,0.0061483681201934814,8,0.0018691495060920715,0.013633772730827332,0.021356936544179916,0.027814725413918495,0.0337567999958992,0.05026058107614517,0.01956641674041748,0.0066726431250572205,0.01289377361536026,0.006064007990062237,0.015440535731613636,0.0,-0.0035866573452949524,0.005910739302635193,0.004524543881416321,0.0061483681201934814,0.0037455931305885315,-0.008645430207252502,-0.007060497999191284,-0.009348206222057343,0.0,0.006653249263763428,0.0008361339569091797,-0.01249270886182785,-0.01537243276834488,-0.009966753423213959,-0.0016482546925544739,0.01176462322473526,0.013633772730827332
16494,0.1,2,1,4.13991117477417,8,0.026714563369750977,0.16096949577331543,8,0.022919178009033203,0.09768152236938477,0.346807062625885,0.4900001883506775,0.43070632219314575,0.6399208903312683,0.26285433769226074,0.26285433769226074,0.0,0.08030705153942108,0.3642602562904358,0.0,0.03924369812011719,-0.09188699722290039,-0.14214754104614258,-0.17136144638061523,-0.05060863494873047,0.07856178283691406,0.13425493240356445,0.16096949577331543,0.0,0.05050992965698242,0.00490570068359375,-0.043172359466552734,-0.05362844467163086,-0.03348493576049805,0.043050289154052734,0.07476234436035156,0.09768152236938477
16521,0.1,3,12,0.10649888962507248,2,0.005441151559352875,0.010551229119300842,5,0.003916986286640167,0.038473717868328094,0.008152858354151249,0.015159144066274166,0.022341908887028694,0.03475320711731911,0.046584054827690125,0.04316244274377823,0.0034216120839118958,0.006197200156748295,0.018782489001750946,0.0,-0.003664575517177582,0.010551229119300842,0.0051100775599479675,0.0034191906452178955,0.003772825002670288,-0.01686028391122818,-0.009499713778495789,-0.008466415107250214,0.0,-0.06685794144868851,0.03455673158168793,0.032104432582855225,0.030520111322402954,0.038473717868328094,-0.08036715537309647,-0.06567475944757462,-0.061641328036785126
16560,0.1,3,1,6.464285373687744,8,0.016998767852783203,0.11071443557739258,5,0.05288505554199219,0.1756434440612793,0.3910759687423706,0.4932401776313782,0.3835011124610901,0.5935865640640259,0.2814149856567383,0.14902162551879883,0.13239336013793945,0.125994011759758,0.3288557231426239,0.0,0.029378414154052734,0.007479190826416016,-0.06336307525634766,-0.07681941986083984,-0.025409221649169922,0.013684749603271484,0.09371566772460938,0.11071443557739258,0.0,-0.11389636993408203,0.11594915390014648,0.057451725006103516,0.12275838851928711,0.1756434440612793,-0.10958576202392578,-0.04679155349731445,-0.11347341537475586
16568,0.1,2,1,1.6722899675369263,8,0.002718687057495117,0.05239665508270264,8,0.004342317581176758,0.09042561054229736,0.14359179139137268,0.22208558022975922,0.2259196788072586,0.3832000494003296,0.14339697360992432,0.14158308506011963,0.0018138885498046875,0.10338141024112701,0.2135860025882721,0.0,0.009214520454406738,-0.02571272850036621,-0.09205019474029541,-0.09642171859741211,-0.01723480224609375,-0.007555603981018066,0.04967796802520752,0.05239665508270264,0.0,0.03593575954437256,-0.04333674907684326,-0.10397088527679443,-0.1122657060623169,-0.05166888236999512,0.02711200714111328,0.0860832929611206,0.09042561054229736
16590,0.1,1,10,0.9319034814834595,4,0.0030558109283447266,0.0501178503036499,2,0.07777953147888184,0.11858958005905151,0.11533699184656143,0.1665048450231552,0.19750098884105682,0.2991464138031006,0.1638929843902588,0.10073280334472656,0.06316018104553223,0.04948263615369797,0.11484187841415405,0.0,-0.002468109130859375,-0.01808995008468628,0.047062039375305176,0.0501178503036499,0.004075050354003906,0.017126023769378662,-0.04074394702911377,-0.03957104682922363,0.0,-0.03849780559539795,0.11858958005905151,-0.005954861640930176,0.0047005414962768555,0.04081004858016968,-0.18183279037475586,-0.014312207698822021,-0.01937347650527954
16640,0.1,2,1,0.09175894409418106,4,0.0012079998850822449,0.007224045693874359,5,0.0011923760175704956,0.014340445399284363,0.016502510756254196,0.021828874945640564,0.025532733649015427,0.03569300100207329,0.02042044699192047,0.019286103546619415,0.001134343445301056,0.003674858482554555,0.009087998420000076,0.0,-0.0034898072481155396,0.004339367151260376,0.006016045808792114,0.007224045693874359,0.0037186965346336365,-0.006725095212459564,-0.009176284074783325,-0.010996267199516296,0.0,-0.017647527158260345,0.008073389530181885,0.01145104318857193,0.013148069381713867,0.014340445399284363,-0.012483477592468262,-0.016188211739063263,-0.018897168338298798
183,0.2,3,1,2.8990111351013184,5,0.002440929412841797,0.050116539001464844,3,0.017516374588012695,0.1944115161895752,0.4930470883846283,0.6979700922966003,0.8414598703384399,1.2815759181976318,0.23571085929870605,0.23328924179077148,0.0024216175079345703,0.1414552927017212,0.37463611364364624,0.0,0.0034852027893066406,0.04150748252868652,0.04767560958862305,0.038643836975097656,0.050116539001464844,0.020832061767578125,0.012939214706420898,0.029028892517089844,0.0,-0.0875692367553711,-0.07389616966247559,0.1944115161895752,0.1768951416015625,0.16525697708129883,0.12212181091308594,-0.23655104637145996,-0.20231842994689941
223,0.2,0,2,3.7858877182006836,3,0.05036807060241699,0.13338589668273926,3,0.08480525016784668,0.2468404769897461,0.6056580543518066,0.8104594349861145,0.8246299028396606,1.2648898363113403,0.4585444927215576,0.4585444927215576,0.0,0.258783757686615,0.5886424779891968,0.0,-0.0041561126708984375,0.05468463897705078,0.13338589668273926,0.08301782608032227,0.006516933441162109,-0.077239990234375,0.009324789047241211,0.018739938735961914,0.0,-0.02766728401184082,0.025170326232910156,0.2468404769897461,0.16203522682189941,0.04228329658508301,-0.03969144821166992,-0.17339754104614258,-0.08863997459411621
261,0.2,2,1,1.7826461791992188,6,0.007382988929748535,0.24830055236816406,2,0.13930273056030273,0.41268205642700195,0.19112971425056458,0.3003028631210327,0.5891643762588501,0.9117631912231445,0.6334989070892334,0.20916390419006348,0.4243350028991699,0.250265896320343,0.6060666441917419,0.0,0.06949043273925781,-0.21636438369750977,-0.2263774871826172,-0.2389359474182129,-0.10974514484405518,0.24830055236816406,0.24091756343841553,0.2408740520477295,0.0,-0.24730658531188965,0.41268205642700195,0.09230852127075195,0.11634933948516846,0.2733793258666992,-0.650184154510498,-0.1627194881439209,-0.27532482147216797
343,0.2,0,11,0.6150676608085632,3,0.0039122700691223145,0.11260586977005005,5,0.07384714484214783,0.2569637596607208,0.1509155035018921,0.2265314757823944,0.3359348475933075,0.40216243267059326,0.32864269614219666,0.29429709911346436,0.0343455970287323,0.05230654403567314,0.12179440259933472,0.0,-0.04452037811279297,0.09550493955612183,0.11260586977005005,0.10869359970092773,0.05930095911026001,-0.17294585704803467,-0.21279925107955933,-0.21144145727157593,0.0,-0.2833351492881775,0.18102532625198364,0.183116614818573,0.17469999194145203,0.2569637596607208,-0.4130851626396179,-0.39065223932266235,-0.33513349294662476
418,0.2,1,1,0.20700818300247192,6,0.010378256440162659,0.012279868125915527,3,0.011671945452690125,0.05984726548194885,0.040922366082668304,0.06949752569198608,0.10999993979930878,0.1480935513973236,0.0666002482175827,0.03929537534713745,0.02730487287044525,0.013015354983508587,0.0363338328897953,0.0,0.0019016116857528687,-0.03516829013824463,-0.03291530907154083,-0.04339393973350525,-0.0037279874086380005,0.012279868125915527,-0.0014219433069229126,0.0017950981855392456,0.0,-0.027238547801971436,0.04817532002925873,0.05984726548194885,0.04582490026950836,0.034877076745033264,-0.09304389357566833,-0.08184698224067688,-0.05306708812713623
448,0.2,0,1,1.3299623727798462,8,3.5762786865234375e-07,0.18594741821289062,5,0.1882021427154541,0.4728432893753052,0.2956351041793823,0.4241340160369873,0.6153446435928345,0.7461948394775391,0.6015298366546631,0.40056318044662476,0.20096665620803833,0.06414435058832169,0.1450396329164505,0.0,0.05899488925933838,-0.18925166130065918,-0.18925201892852783,-0.18925166130065918,-0.0954674482345581,0.18594706058502197,0.18594682216644287,0.18594741821289062,0.0,-0.3763343095779419,0.28464043140411377,0.28464066982269287,0.2846411466598511,0.4728432893753052,-0.4144103527069092,-0.41441118717193604,-0.41441118717193604
463,0.2,0,1,5.69480562210083,8,0.07958841323852539,0.2544279098510742,7,0.03081226348876953,0.7227435111999512,0.7126609086990356,0.8829416036605835,1.0798931121826172,1.5738829374313354,0.9709587097167969,0.9434375762939453,0.027521133422851562,0.20990046858787537,0.59173583984375,0.0,0.0223541259765625,-0.09725475311279297,-0.09121274948120117,-0.13280439376831055,-0.031853675842285156,0.16582250595092773,0.17483949661254883,0.2544279098510742,0.0,0.22166013717651367,-0.2287120819091797,-0.6380810737609863,-0.8305506706237793,-0.3549323081970215,0.32036542892456055,0.7227435111999512,0.6919312477111816
470,0.2,3,3,0.015340317040681839,5,8.081551641225815e-05,0.0006412966176867485,5,8.84905457496643e-05,0.001081201247870922,0.002547494601458311,0.00437870342284441,0.0032732554245740175,0.005082911346107721,0.0014749756082892418,0.001397501677274704,7.747393101453781e-05,0.001110719284042716,0.0025813572574406862,0.0,-0.0006217639893293381,0.0004880102351307869,0.0004891855642199516,0.0005604811012744904,0.0006412966176867485,-0.001066429540514946,-0.001057518646121025,-0.0011929553002119064,0.0,-0.005890730768442154,0.0007915524765849113,0.0009927107021212578,0.0009598089382052422,0.001081201247870922,-0.0017538610845804214,-0.0022296514362096786,-0.0023240577429533005
534,0.2,3,2,0.3414909839630127,3,0.0030508041381835938,0.08192723989486694,2,0.005240827798843384,0.02573588490486145,0.1189759224653244,0.16537991166114807,0.08517177402973175,0.13888245820999146,0.09786589443683624,0.08346593379974365,0.01439996063709259,0.03316151723265648,0.06752604991197586,0.0,-0.04930669069290161,0.06691870093345642,0.08192723989486694,0.07887643575668335,0.056709080934524536,-0.12620562314987183,-0.1599816083908081,-0.15492090582847595,0.0,-0.03613477945327759,0.02573588490486145,0.005121707916259766,-0.003989368677139282,0.020495057106018066,-0.07754531502723694,-0.05445733666419983,-0.04652148485183716
535,0.2,3,2,0.7556169033050537,7,0.01790165901184082,0.028424859046936035,7,0.006131112575531006,0.24477463960647583,0.14576898515224457,0.2732652425765991,0.38809165358543396,0.5684534907341003,0.2564069628715515,0.24540865421295166,0.010998308658599854,0.05337994173169136,0.10850751399993896,0.0,0.007117867469787598,-0.027403056621551514,-0.04315388202667236,-0.003603637218475342,-0.02109241485595703,0.010523200035095215,0.028424859046936035,-0.00915682315826416,0.0,0.18772917985916138,-0.2818012237548828,-0.32710468769073486,-0.13166850805282593,-0.42698800563812256,0.23864352703094482,0.24477463960647583,0.10979002714157104
621,0.2,0,1,9.988043785095215,8,0.1015768051147461,1.004241943359375,6,0.02652740478515625,0.08911800384521484,1.2898532152175903,1.559941291809082,1.2148364782333374,1.6912391185760498,1.075181007385254,0.9924526214599609,0.08272838592529297,0.2010492980480194,0.6403210163116455,0.0,0.21967506408691406,-0.49433040618896484,-0.5976753234863281,-0.686126708984375,-0.3168039321899414,0.7676553726196289,0.9026651382446289,1.004241943359375,0.0,0.019881248474121094,-0.04226875305175781,0.0625905990600586,0.050520896911621094,0.02060699462890625,0.08911800384521484,-0.045101165771484375,6.961822509765625e-05
708,0.2,0,9,0.3063354194164276,3,0.00014029443264007568,0.058532655239105225,5,0.00034815073013305664,0.001790463924407959,0.051788292825222015,0.070365771651268,0.06345982849597931,0.08736933022737503,0.0609985888004303,0.060318559408187866,0.0006800293922424316,0.011613667942583561,0.03638320043683052,0.0,-0.009046494960784912,0.025912702083587646,0.058532655239105225,0.05839236080646515,0.013026446104049683,-0.05075651407241821,-0.08819818496704102,-0.07687082886695862,0.0,-0.0038580596446990967,-0.0038010776042938232,0.0005933940410614014,0.0014423131942749023,0.001790463924407959,-0.0014771521091461182,-0.0358119010925293,-0.05684792995452881
733,0.2,0,1,0.137075275182724,4,0.004555016756057739,0.007241293787956238,5,0.009416699409484863,0.06742575764656067,0.04993407428264618,0.06463029235601425,0.0848499983549118,0.09627775102853775,0.07136872410774231,0.06754318624734879,0.003825537860393524,0.0062819719314575195,0.023283174261450768,0.0,-0.0008711516857147217,-0.004730910062789917,0.0026862770318984985,0.007241293787956238,0.00012733042240142822,0.00014437735080718994,-0.008778929710388184,-0.016826942563056946,0.0,-0.09375967085361481,0.05560754984617233,0.04847615957260132,0.058009058237075806,0.06742575764656067,-0.146344393491745,-0.11377766728401184,-0.1403128206729889
745,0.2,0,2,0.9539671540260315,3,0.00366133451461792,0.08379495143890381,8,0.049362778663635254,0.15612393617630005,0.22339823842048645,0.31689274311065674,0.4820636808872223,0.729209303855896,0.2258928418159485,0.0631905198097229,0.16270232200622559,0.1273156702518463,0.22312988340854645,0.0,-0.026126325130462646,0.0499226450920105,0.08379495143890381,0.08013361692428589,0.04083734750747681,-0.06836503744125366,-0.11729258298873901,-0.10745781660079956,0.0,0.0730738639831543,-0.04604417085647583,-0.08861178159713745,-0.14785879850387573,-0.11379188299179077,0.058067500591278076,0.1067611575126648,0.15612393617630005
767,0.2,2,7,1.0006422996520996,5,0.0001811981201171875,0.0001811981201171875,6,0.018178999423980713,0.09921365976333618,0.18862870335578918,0.3390920162200928,0.2795321047306061,0.4148983061313629,0.10068148374557495,0.07081449031829834,0.02986699342727661,0.07235757261514664,0.17840130627155304,0.0,-0.0017707347869873047,-0.0037468671798706055,-0.029180407524108887,-0.03434562683105469,0.0001811981201171875,-0.03502941131591797,-0.03257489204406738,-0.037274956703186035,0.0,0.05123621225357056,-0.23956310749053955,-0.13502776622772217,-0.20343899726867676,-0.11765408515930176,0.09921365976333618,0.04298102855682373,0.08103466033935547
808,0.2,0,1,0.42210710048675537,4,0.016306430101394653,0.06939283013343811,4,0.07438689470291138,0.10852602124214172,0.15634874999523163,0.18416042625904083,0.2431134730577469,0.29195094108581543,0.16041168570518494,0.16041168570518494,0.0,0.031405042856931686,0.0797123834490776,0.0,-0.01356971263885498,0.02989441156387329,0.05308640003204346,0.06939283013343811,0.02215045690536499,-0.03689604997634888,-0.06808218359947205,-0.08546048402786255,0.0,-0.03324621915817261,-0.0005308091640472412,0.02661663293838501,0.10852602124214172,0.03413912653923035,-0.012799888849258423,-0.05858391523361206,-0.17838066816329956
969,0.2,3,1,2.0474090576171875,7,0.0037293434143066406,0.09279513359069824,6,0.061548709869384766,0.2170640230178833,0.18578468263149261,0.2970949709415436,0.6132895946502686,0.9595714807510376,0.2814943790435791,0.22485637664794922,0.05663800239562988,0.11377052962779999,0.24685625731945038,0.0,0.023488759994506836,-0.03551363945007324,-0.10059165954589844,-0.10114669799804688,-0.04121971130371094,0.002338409423828125,0.09279513359069824,0.0890657901763916,0.0,0.14938104152679443,-0.21075892448425293,-0.15413403511047363,-0.15614748001098633,-0.25447607040405273,0.2170640230178833,0.15551531314849854,0.1363511085510254
1119,0.2,0,5,1.5414543151855469,4,0.024546146392822266,0.3380824327468872,4,0.03998422622680664,0.15588510036468506,0.3329029083251953,0.5404026508331299,0.2812308073043823,0.4773828983306885,0.5021284818649292,0.5021284818649292,0.0,0.17989471554756165,0.33179420232772827,0.0,-0.05091404914855957,0.19778048992156982,0.31353628635406494,0.3380824327468872,0.07779252529144287,-0.21111297607421875,-0.30169713497161865,-0.2875969409942627,0.0,-0.05456709861755371,-0.0786905288696289,0.11590087413787842,0.15588510036468506,0.041637301445007324,-0.03220021724700928,-0.291165828704834,-0.2649829387664795
1143,0.2,3,7,1.0900853872299194,6,0.02686607837677002,0.1807955503463745,3,0.015060842037200928,0.23360317945480347,0.1794983595609665,0.23327310383319855,0.2876538038253784,0.3838902711868286,0.34625232219696045,0.13332563638687134,0.2129266858100891,0.08071130514144897,0.16151511669158936,0.0,0.07041752338409424,-0.21947038173675537,-0.18066895008087158,-0.20187056064605713,-0.11870312690734863,0.1807955503463745,0.14366453886032104,0.1539294719696045,0.0,-0.16644132137298584,0.04219651222229004,0.23360317945480347,0.21854233741760254,0.21755456924438477,-0.10119295120239258,-0.32249975204467773,-0.30331623554229736
1181,0.2,0,1,7.266222953796387,3,0.021270275115966797,0.2703561782836914,4,0.03188514709472656,1.1145601272583008,0.7710191607475281,0.9390494227409363,0.8447273373603821,1.0865437984466553,1.3919267654418945,1.3704614639282227,0.021465301513671875,0.18483705818653107,0.5110024809837341,0.0,-0.0354313850402832,0.2490859031677246,0.2703561782836914,0.19747638702392578,0.053981781005859375,-0.28521013259887695,-0.14312219619750977,-0.029532909393310547,0.0,-0.30915307998657227,0.42353248596191406,1.0826749801635742,1.1145601272583008,0.4785728454589844,-0.5935044288635254,-1.0736751556396484,-0.7226428985595703
1188,0.2,3,6,0.9150304198265076,2,0.010026872158050537,0.04534107446670532,2,0.09952813386917114,0.17868924140930176,0.17313611507415771,0.26680153608322144,0.3330579400062561,0.440047025680542,0.21291029453277588,0.21291029453277588,0.0,0.05724053457379341,0.1343638002872467,0.0,-0.02599775791168213,0.04534107446670532,0.021191298961639404,0.010317623615264893,0.035314202308654785,-0.06178945302963257,-0.03006845712661743,-0.01714569330215454,0.0,-0.20727485418319702,0.17868924140930176,-0.014514386653900146,-0.0526852011680603,0.07916110754013062,-0.34702640771865845,-0.033387959003448486,0.004974544048309326
1237,0.2,3,1,8.084785461425781,8,0.033987998962402344,0.3995490074157715,8,0.07117176055908203,0.7591419219970703,0.7733181118965149,0.984614372253418,1.1111018657684326,1.4587993621826172,1.1282691955566406,1.1282691955566406,0.0,0.2170911729335785,0.46122705936431885,0.0,0.08804750442504883,-0.1246652603149414,-0.23944091796875,-0.2825202941894531,-0.12042522430419922,0.25972652435302734,0.36556100845336914,0.3995490074157715,0.0,0.5509514808654785,-0.37731170654296875,-0.45245838165283203,-0.5489873886108398,-0.5821590423583984,0.667518138885498,0.6879701614379883,0.7591419219970703
1260,0.2,0,3,0.025195235386490822,4,0.0004741065204143524,0.0020950380712747574,4,0.0008765235543251038,0.0010245125740766525,0.005269831046462059,0.007563356775790453,0.006738258060067892,0.009490286000072956,0.003122864291071892,0.003122864291071892,0.0,0.0018717094790190458,0.004526157863438129,0.0,-0.0005525834858417511,0.0013571307063102722,0.001620931550860405,0.0020950380712747574,0.0007664524018764496,-0.0023454781621694565,-0.0029617901891469955,-0.003916345536708832,0.0,-0.0005898773670196533,-7.904320955276489e-05,0.00014112889766693115,0.0010245125740766525,0.00014798901975154877,-0.0010830331593751907,-0.0016938578337430954,-0.0037134643644094467
1412,0.2,1,1,0.5069503784179688,3,0.013465285301208496,0.024177491664886475,6,0.21186888217926025,0.3055577278137207,0.15949097275733948,0.2080780267715454,0.2941378355026245,0.34428805112838745,0.3144978880882263,0.31084996461868286,0.003647923469543457,0.022580550983548164,0.061616200953722,0.0,-0.0032801032066345215,-0.0430944561958313,0.024177491664886475,0.010712206363677979,0.001902937889099121,0.010509759187698364,-0.06653547286987305,-0.05481600761413574,0.0,0.09368884563446045,-0.5202773809432983,-0.07613754272460938,0.049942970275878906,-0.15818947553634644,0.3055577278137207,0.06489187479019165,-0.06590902805328369
1500,0.2,0,3,0.01434161327779293,3,0.00017687957733869553,0.0008927835151553154,4,0.0005424795672297478,0.0031747985631227493,0.0026924137491732836,0.003621065989136696,0.0038295660633593798,0.006222056690603495,0.0038695037364959717,0.0036364272236824036,0.00023307651281356812,0.0009613040601834655,0.0019889979157596827,0.0,-4.54755499958992e-05,-0.00010493211448192596,0.0008927835151553154,0.0007159039378166199,6.275344640016556e-05,6.298907101154327e-05,-0.0025622323155403137,-0.002340327948331833,0.0,-0.00024380721151828766,-0.0009073670953512192,0.0026323189958930016,0.0031747985631227493,0.00029017962515354156,0.0011862805113196373,-0.007354745641350746,-0.004394087940454483
1517,0.2,0,1,0.0897597223520279,2,0.003079831600189209,0.0050044432282447815,5,0.002433687448501587,0.05595040321350098,0.030812863260507584,0.03921451419591904,0.05953538417816162,0.07182210683822632,0.058575235307216644,0.057149797677993774,0.0014254376292228699,0.004377739503979683,0.009708568453788757,0.0,-0.001665167510509491,0.0050044432282447815,0.0013119429349899292,-0.0003696829080581665,0.0019246116280555725,-0.010001584887504578,-0.005082093179225922,-0.004003681242465973,0.0,-0.08686785399913788,0.02395583689212799,0.04295828938484192,0.05351671576499939,0.05595040321350098,-0.051611676812171936,-0.13208360970020294,-0.20578955113887787
1593,0.2,2,1,0.003214670345187187,4,7.446040399372578e-05,0.0010414640419185162,4,0.00012553716078400612,0.0005106097087264061,0.0010299512650817633,0.001532838330604136,0.0009336073999293149,0.0015532461693510413,0.0013842190383002162,0.0013842190383002162,0.0,0.0003739444073289633,0.0010484304511919618,0.0,-0.0005061924457550049,0.0009221637155860662,0.0009670036379247904,0.0010414640419185162,0.0006038218270987272,-0.0022067888639867306,-0.0023089866153895855,-0.0025431006215512753,0.0,-0.0005523914005607367,7.224921137094498e-05,0.0003850725479424,0.0005106097087264061,0.0003347909078001976,-0.0006831388454884291,-0.00102554215118289,-0.0013327035121619701
1870,0.2,3,17,0.12387210875749588,8,0.0021254420280456543,0.002733960747718811,2,0.01139378547668457,0.01139378547668457,0.033710282295942307,0.051010340452194214,0.03530064970254898,0.056974075734615326,0.016184277832508087,0.006557434797286987,0.0096268430352211,0.010757091455161572,0.03228841349482536,0.0,0.0006085187196731567,-0.004621513187885284,-0.004540257155895233,-0.006721042096614838,-0.004128880798816681,0.00025754421949386597,0.0005570873618125916,0.002733960747718811,0.0,-0.01833062618970871,0.01139378547668457,-0.0032460764050483704,-0.004999153316020966,-0.0018605515360832214,-0.03360710293054581,-0.006981499493122101,-0.008618004620075226
1887,0.2,1,1,3.738886833190918,2,0.051360130310058594,0.1390533447265625,5,0.13578081130981445,0.43143320083618164,0.5560207962989807,0.6702893972396851,0.5350543856620789,0.8592174053192139,0.5769307613372803,0.5133872032165527,0.06354355812072754,0.2323932647705078,0.5918029546737671,0.0,-0.04276227951049805,0.1390533447265625,0.0876932144165039,0.07659220695495605,0.07153463363647461,-0.16097116470336914,-0.09609174728393555,-0.09591078758239746,0.0,-0.2313687801361084,0.21173667907714844,0.19982004165649414,0.2956523895263672,0.43143320083618164,-0.21936511993408203,-0.21509981155395508,-0.30289697647094727
1899,0.2,2,1,0.9182566404342651,8,0.005312860012054443,0.21038329601287842,2,0.15917885303497314,0.23659300804138184,0.25240474939346313,0.35107970237731934,0.275012344121933,0.40802884101867676,0.32470381259918213,0.23256880044937134,0.09213501214981079,0.07861574739217758,0.16639962792396545,0.0,0.07357454299926758,-0.43668270111083984,-0.497644305229187,-0.5209697484970093,-0.13918256759643555,0.17110329866409302,0.20507043600082397,0.21038329601287842,0.0,-0.016384541988372803,0.23659300804138184,-0.07104039192199707,-0.1489471197128296,0.022021055221557617,-0.24719703197479248,0.03921341896057129,0.07741415500640869
1918,0.2,2,1,9.816073417663574,8,0.043297767639160156,0.8941545486450195,7,0.025289535522460938,0.6142826080322266,1.0803576707839966,1.3849067687988281,1.1705621480941772,1.809494137763977,1.4402132034301758,1.398935317993164,0.04127788543701172,0.21196584403514862,0.5220952033996582,0.0,0.26654624938964844,-0.3815317153930664,-0.5577220916748047,-0.606410026550293,-0.3382854461669922,0.6700038909912109,0.8508567810058594,0.8941545486450195,0.0,0.5889930725097656,-0.3561372756958008,-0.41645240783691406,-0.3493528366088867,-0.6316289901733398,0.5731534957885742,0.6142826080322266,0.5071735382080078
2049,0.2,1,10,0.9584224224090576,4,0.01992487907409668,0.40735697746276855,4,0.09892666339874268,0.3907011151313782,0.36258959770202637,0.5329933762550354,0.5406085252761841,0.7196828722953796,0.6806851625442505,0.6806851625442505,0.0,0.1246003657579422,0.28692662715911865,0.0,-0.06377780437469482,0.24972021579742432,0.3874320983886719,0.40735697746276855,0.10030531883239746,-0.18552613258361816,-0.31715500354766846,-0.32183361053466797,0.0,-0.18955469131469727,0.2365177869796753,0.2917744517326355,0.3907011151313782,0.24639356136322021,-0.42376089096069336,-0.3911926746368408,-0.4201822280883789
2181,0.2,3,7,2.5462262630462646,4,0.03078436851501465,0.24347877502441406,4,0.09828448295593262,0.3456850051879883,0.26368680596351624,0.37359508872032166,0.564961314201355,0.8879917860031128,0.4972195625305176,0.4972195625305176,0.0,0.18408522009849548,0.46809253096580505,0.0,-0.0571441650390625,0.14396929740905762,0.21269440650939941,0.24347877502441406,0.08247065544128418,-0.21089482307434082,-0.2454228401184082,-0.2552216053009033,0.0,-0.14600086212158203,0.05585217475891113,0.24740052223205566,0.3456850051879883,0.20266199111938477,-0.08874869346618652,-0.23700714111328125,-0.3002133369445801
2184,0.2,0,1,0.12203341722488403,4,0.009526766836643219,0.0428033173084259,8,0.009778983891010284,0.03341662883758545,0.05462632328271866,0.0663745179772377,0.04190587252378464,0.05773458629846573,0.0628562867641449,0.03066999465227127,0.03218629211187363,0.00766396801918745,0.01969398558139801,0.0,-0.009997472167015076,0.029096342623233795,0.033276550471782684,0.0428033173084259,0.01397765427827835,-0.041367217898368835,-0.04985930025577545,-0.06311966478824615,0.0,0.0071466416120529175,0.0005290806293487549,-0.025728434324264526,-0.06755198538303375,-0.014628618955612183,-0.003972738981246948,0.023637644946575165,0.03341662883758545
2248,0.2,3,14,0.639439582824707,2,0.03517645597457886,0.06918454170227051,3,0.0012981295585632324,0.03600656986236572,0.08961419761180878,0.1458798199892044,0.2576867341995239,0.347231388092041,0.10252130031585693,0.0486944317817688,0.053826868534088135,0.05366497114300728,0.14241474866867065,0.0,-0.023347139358520508,0.06918454170227051,0.016778111457824707,0.005110263824462891,0.03400808572769165,-0.10219520330429077,-0.02709895372390747,-0.015013039112091064,0.0,-0.014783143997192383,-0.05594825744628906,0.03600656986236572,-0.004559218883514404,-0.05726206302642822,0.03470844030380249,-0.07442140579223633,-0.0432247519493103
2306,0.2,1,1,0.4769648015499115,4,0.04678186774253845,0.15255072712898254,4,0.007736384868621826,0.320756733417511,0.15836834907531738,0.239930659532547,0.27861037850379944,0.34157776832580566,0.3760976791381836,0.3760976791381836,0.0,0.033510465174913406,0.08491373807191849,0.0,-0.013480216264724731,-0.004139244556427002,0.10576885938644409,0.15255072712898254,0.019360601902008057,-0.013600081205368042,-0.1545073688030243,-0.20384421944618225,0.0,-0.23261001706123352,0.25851500034332275,0.31302034854888916,0.320756733417511,0.24079619348049164,-0.4554539620876312,-0.5855432748794556,-0.49717840552330017
2376,0.2,2,6,1.21549654006958,6,0.1554865837097168,0.17895936965942383,4,0.002156972885131836,0.08662796020507812,0.2703405022621155,0.42342740297317505,0.4812014102935791,0.6634473204612732,0.24854975938796997,0.20625734329223633,0.04229241609573364,0.11643147468566895,0.3017965853214264,0.0,0.021036863327026367,-0.19419360160827637,0.01835167407989502,0.00250089168548584,-0.03541827201843262,0.17895936965942383,0.005392789840698242,0.02347278594970703,0.0,-0.014651298522949219,0.016805410385131836,0.08447098731994629,0.08662796020507812,0.0316767692565918,0.03433394432067871,-0.037560462951660156,-0.030199050903320312
2381,0.2,1,1,0.04651005566120148,2,0.002865217626094818,0.008585818111896515,8,0.0018744301050901413,0.020954879000782967,0.0162991713732481,0.020770180970430374,0.023572955280542374,0.03154720366001129,0.027422023937106133,0.011294912546873093,0.01612711139023304,0.002603198867291212,0.006731601897627115,0.0,-0.002002209424972534,0.008585818111896515,0.0022241435945034027,0.005720600485801697,0.0024892203509807587,-0.02139204740524292,-0.012066558003425598,-0.016301587224006653,0.0,0.013184312731027603,-0.05763934552669525,-0.07819289714097977,-0.08981648087501526,-0.04832395166158676,0.01681194268167019,0.019080448895692825,0.020954879000782967
2391,0.2,2,1,0.20416849851608276,3,0.004434242844581604,0.05693957209587097,6,0.007147461175918579,0.028606414794921875,0.0668342188000679,0.0913488045334816,0.09866642951965332,0.13292646408081055,0.08681926876306534,0.07235001027584076,0.014469258487224579,0.016716573387384415,0.04098377749323845,0.0,-0.013106688857078552,0.021617352962493896,0.05693957209587097,0.05250532925128937,0.018702536821365356,-0.031205400824546814,-0.09103068709373474,-0.07787430286407471,0.0,0.004325836896896362,-0.09104320406913757,0.021458953619003296,-0.012747183442115784,-0.02899840474128723,0.028606414794921875,-0.04480268061161041,-0.011514350771903992
2494,0.2,2,1,7.204771041870117,8,0.11371803283691406,0.2960352897644043,5,0.40167713165283203,0.9668235778808594,0.5075199007987976,0.6636394262313843,0.8883388638496399,1.2215526103973389,1.231153964996338,0.9216189384460449,0.30953502655029297,0.1835218369960785,0.509164571762085,0.0,0.04438209533691406,-0.014606952667236328,-0.10711050033569336,-0.21346521377563477,-0.055211544036865234,0.10638284683227539,0.18231725692749023,0.2960352897644043,0.0,-0.5351152420043945,0.5344090461730957,0.39061498641967773,0.5651464462280273,0.9668235778808594,-0.6053543090820312,-0.45671987533569336,-0.575404167175293
2592,0.2,3,9,0.7029131054878235,8,0.015421032905578613,0.02233809232711792,3,0.0015295147895812988,0.07757484912872314,0.0912880152463913,0.11957273632287979,0.16775313019752502,0.2669904828071594,0.12808936834335327,0.04898667335510254,0.07910269498825073,0.05137648433446884,0.11691419035196304,0.0,0.004445970058441162,-0.009207963943481445,-0.013510406017303467,-0.029888153076171875,-0.008833825588226318,0.005931854248046875,0.006917059421539307,0.02233809232711792,0.0,-0.15800273418426514,0.06265479326248169,0.07757484912872314,0.06535297632217407,0.07604533433914185,-0.1928284764289856,-0.2086130976676941,-0.21115559339523315
2682,0.2,0,1,0.003957417793571949,4,5.285628139972687e-05,0.0003618616610765457,2,0.00026553450152277946,0.00026553450152277946,0.0010903211077675223,0.0013338656863197684,0.0013253494398668408,0.0019741104915738106,0.0006071755196899176,0.0004871839191764593,0.00011999160051345825,0.0002807394484989345,0.0004958926583640277,0.0,-0.00018758885562419891,0.00021707755513489246,0.00030900537967681885,0.0003618616610765457,0.0002503320574760437,-0.00045751314610242844,-0.0005310946144163609,-0.0006346930749714375,0.0,-0.000486115925014019,0.00026553450152277946,-0.0002013598568737507,-0.00021786103025078773,-0.0002493197098374367,-0.0008536023087799549,-1.3654585927724838e-05,-0.00015078624710440636
2695,0.2,1,1,0.6148279905319214,4,0.008717775344848633,0.08555203676223755,8,0.06897979974746704,0.09464395046234131,0.13329605758190155,0.1787671446800232,0.28827279806137085,0.3808518052101135,0.17154619097709656,0.07373660802841187,0.09780958294868469,0.032374024391174316,0.07526984065771103,0.0,-0.026752948760986328,0.07683426141738892,0.07064521312713623,0.08555203676223755,0.037468135356903076,-0.13627701997756958,-0.11359155178070068,-0.13320869207382202,0.0,0.022959232330322266,-0.0018260478973388672,-0.013604819774627686,-0.07612133026123047,-0.030071616172790527,0.004622936248779297,0.025664150714874268,0.09464395046234131
2828,0.2,1,1,0.010195673443377018,3,5.1052309572696686e-05,0.001516624353826046,6,0.0009158309549093246,0.0011378135532140732,0.0036707022227346897,0.004808811936527491,0.002798794535920024,0.004334489349275827,0.002495508175343275,0.001668022945523262,0.000827485229820013,0.0006925006164237857,0.0018389566102996469,0.0,-0.0008058520033955574,0.0014060139656066895,0.001516624353826046,0.0014655720442533493,0.0010533509775996208,-0.0028520021587610245,-0.0029435409232974052,-0.0027943458408117294,0.0,0.00022198259830474854,-0.0014702612534165382,0.0001451503485441208,0.0002165529876947403,-0.0012445980682969093,0.0011378135532140732,-0.0004807347431778908,-0.0007636407390236855
2832,0.2,2,1,0.38374340534210205,4,0.008333146572113037,0.06657302379608154,7,0.005235165357589722,0.13817155361175537,0.11773667484521866,0.15782350301742554,0.20791447162628174,0.24912109971046448,0.18343707919120789,0.08676731586456299,0.0966697633266449,0.028637683019042015,0.05620616301894188,0.0,-0.014014601707458496,0.04185664653778076,0.058239877223968506,0.06657302379608154,0.019804149866104126,-0.06494605541229248,-0.10547676682472229,-0.12046205997467041,0.0,0.06595945358276367,-0.10028356313705444,-0.11284959316253662,-0.08939850330352783,-0.09933120012283325,0.13293638825416565,0.13817155361175537,0.12024348974227905
2897,0.2,0,1,0.5011485815048218,6,0.0026791393756866455,0.011260032653808594,8,0.021656900644302368,0.075826495885849,0.1464511603116989,0.18593163788318634,0.23418422043323517,0.280193567276001,0.08461800217628479,0.050278663635253906,0.034339338541030884,0.04392346367239952,0.07781617343425751,0.0,-0.00044918060302734375,-0.01901113986968994,0.008580893278121948,0.008521020412445068,-0.00026917457580566406,0.011260032653808594,-0.02499210834503174,-0.03347742557525635,0.0,0.009481728076934814,0.01993584632873535,-0.058396100997924805,-0.08627164363861084,-0.02467048168182373,-0.03681689500808716,0.05416959524154663,0.075826495885849
3016,0.2,2,1,4.807679176330566,6,0.11080360412597656,0.1893630027770996,6,0.2759530544281006,0.9296257495880127,0.4143010973930359,0.6082460880279541,0.721322238445282,1.1735806465148926,1.1052331924438477,1.1052331924438477,0.0,0.2882823348045349,0.6990931034088135,0.0,0.020348072052001953,-0.07885265350341797,0.004785060882568359,0.011065483093261719,-0.023961544036865234,0.1893630027770996,0.07801675796508789,0.07855939865112305,0.0,0.6081585884094238,-0.8082804679870605,-0.5772619247436523,-0.5366754531860352,-0.9530787467956543,0.9296257495880127,0.6536726951599121,0.5760478973388672
3018,0.2,0,1,0.3740445077419281,4,2.682209014892578e-07,0.09972354769706726,5,0.007049858570098877,0.011042743921279907,0.14866510033607483,0.19492191076278687,0.17352768778800964,0.27825433015823364,0.10832220315933228,0.10332387685775757,0.004998326301574707,0.017532676458358765,0.0561211071908474,0.0,-0.05870872735977173,0.09972327947616577,0.09972327947616577,0.09972354769706726,0.07389655709266663,-0.1949969232082367,-0.19499686360359192,-0.19499698281288147,0.0,-0.01240396499633789,0.00399288535118103,0.003992825746536255,0.003992736339569092,0.011042743921279907,-0.010803520679473877,-0.01080334186553955,-0.010803282260894775
3033,0.2,0,2,0.15527766942977905,2,0.001289963722229004,0.028871074318885803,3,0.009165957570075989,0.07212093472480774,0.05642542243003845,0.0860857218503952,0.08689989149570465,0.11432276666164398,0.07914090901613235,0.07738343626260757,0.0017574727535247803,0.014651676639914513,0.029035592451691628,0.0,-0.004082083702087402,0.028871074318885803,0.0275811105966568,0.022919028997421265,0.0057436078786849976,-0.07061906158924103,-0.040246933698654175,-0.028265580534934998,0.0,-0.02450244128704071,0.014229938387870789,0.07212093472480774,0.06295497715473175,0.030011460185050964,-0.03311091661453247,-0.11691522598266602,-0.08344687521457672
3112,0.2,1,1,0.5385778546333313,4,0.030497491359710693,0.04441070556640625,4,0.013836413621902466,0.10803741216659546,0.1472228467464447,0.19132909178733826,0.25942498445510864,0.3667125403881073,0.13690680265426636,0.13690680265426636,0.0,0.02906392514705658,0.07657161355018616,0.0,-0.006816565990447998,0.004390358924865723,0.013913214206695557,0.04441070556640625,0.007566332817077637,-0.019828498363494873,-0.043641746044158936,-0.09533357620239258,0.0,-0.05048936605453491,-0.005472302436828613,0.094200998544693,0.10803741216659546,0.05187731981277466,-0.020092248916625977,-0.1610342264175415,-0.19704562425613403
3139,0.2,3,1,3.31026029586792,8,0.013807296752929688,0.30805492401123047,2,0.12668156623840332,0.5901429653167725,0.6217983961105347,0.8715057373046875,0.5662795901298523,0.8677909970283508,0.9028701782226562,0.29159998893737793,0.6112701892852783,0.2300684005022049,0.5153472423553467,0.0,0.09911441802978516,-0.3066420555114746,-0.34297728538513184,-0.3661665916442871,-0.16765975952148438,0.2661309242248535,0.2942476272583008,0.30805492401123047,0.0,-0.26848506927490234,0.5901429653167725,0.2500615119934082,0.23036623001098633,0.46346139907836914,-0.6205329895019531,-0.23349261283874512,-0.20449018478393555
3151,0.2,2,1,4.464613437652588,8,0.008236169815063477,0.5104036331176758,6,0.18322038650512695,0.34215259552001953,0.49779757857322693,0.6601715087890625,0.4900464415550232,0.6950147151947021,0.7331418991088867,0.700730562210083,0.03241133689880371,0.1624460518360138,0.32737481594085693,0.0,0.1250457763671875,-0.39461565017700195,-0.5798459053039551,-0.6138339042663574,-0.19843006134033203,0.4369978904724121,0.5021674633026123,0.5104036331176758,0.0,0.13455486297607422,-0.3930668830871582,-0.21469926834106445,-0.23239660263061523,-0.24601078033447266,0.34215259552001953,0.15893220901489258,0.15111064910888672
3193,0.2,0,6,0.4247896671295166,8,0.0,0.023172706365585327,5,0.06238177418708801,0.12155142426490784,0.04766971990466118,0.09011644870042801,0.2154531031847,0.25638771057128906,0.1336943805217743,0.09432736039161682,0.03936702013015747,0.023422088474035263,0.07149063795804977,0.0,0.011879503726959229,-0.051884591579437256,-0.051884472370147705,-0.05188468098640442,-0.030463844537734985,0.023172646760940552,0.023172706365585327,0.023172706365585327,0.0,-0.11092346906661987,0.059169650077819824,0.05916956067085266,0.05916956067085266,0.12155142426490784,-0.10258913040161133,-0.10258924961090088,-0.10258930921554565
3250,0.2,1,1,0.25777027010917664,7,0.008734568953514099,0.05317886173725128,7,0.006013989448547363,0.06610994040966034,0.1014028936624527,0.12671998143196106,0.13259702920913696,0.1634688526391983,0.10674721002578735,0.10674721002578735,0.0,0.021206950768828392,0.04252170771360397,0.0,0.0046443939208984375,-0.008798331022262573,-0.0612315833568573,-0.0637904703617096,-0.007194578647613525,0.006193220615386963,0.05317886173725128,0.04444429278373718,0.0,0.022057369351387024,-0.03441378474235535,-0.0913151204586029,-0.09851241111755371,-0.03690895438194275,0.04435279965400696,0.06610994040966034,0.060095950961112976
3260,0.2,0,1,3.505443572998047,8,0.09257769584655762,0.22103261947631836,4,0.08014917373657227,0.20719146728515625,0.8152056932449341,1.037110686302185,1.04812753200531,1.4294095039367676,0.3486812114715576,0.1813969612121582,0.16728425025939941,0.18457423150539398,0.45246803760528564,0.0,0.0001373291015625,0.09184408187866211,-0.0371549129486084,-0.09860658645629883,0.006434202194213867,-0.08374643325805664,0.12845492362976074,0.22103261947631836,0.0,-0.04828047752380371,0.03860068321228027,0.12704229354858398,0.20719146728515625,0.08451032638549805,-0.007982015609741211,-0.1573479175567627,-0.18738174438476562
3383,0.2,2,0,1.1006308794021606,3,0.00023829936981201172,0.02043020725250244,4,0.014364182949066162,0.18535852432250977,0.4462807774543762,0.6206749081611633,0.4115122854709625,0.5731525421142578,0.21640408039093018,0.21640408039093018,0.0,0.08188173174858093,0.18841411173343658,0.0,-0.006561636924743652,-0.004004836082458496,0.02043020725250244,0.02019190788269043,0.007208704948425293,-0.004989504814147949,-0.04369175434112549,-0.04436933994293213,0.0,-0.08543741703033447,-0.09623980522155762,0.1709943413734436,0.18535852432250977,0.12403690814971924,0.11598706245422363,-0.25600874423980713,-0.2642480134963989
3395,0.2,0,1,0.044497329741716385,4,0.003827650099992752,0.010790817439556122,6,0.0006299354135990143,0.0006299354135990143,0.015492374077439308,0.02059265226125717,0.02394375577569008,0.029659146443009377,0.011461380869150162,0.010290488600730896,0.0011708922684192657,0.003513363655656576,0.009435731917619705,0.0,-0.0008830465376377106,0.002048660069704056,0.00696316733956337,0.010790817439556122,0.0012740828096866608,-0.0034670643508434296,-0.012160677462816238,-0.018188130110502243,0.0,-0.0003046169877052307,-0.0014696791768074036,-0.00020635873079299927,-0.00029356032609939575,-0.00022915750741958618,0.0006299354135990143,-0.005187705159187317,-0.003112487494945526
3702,0.2,2,1,9.389591217041016,6,0.05456733703613281,0.7068977355957031,7,0.03281593322753906,0.33200931549072266,0.750874936580658,0.8945154547691345,0.7810412049293518,1.1564353704452515,1.0074357986450195,0.9739179611206055,0.03351783752441406,0.14867930114269257,0.3452385663986206,0.0,0.11433601379394531,-0.5900697708129883,-0.5615606307983398,-0.574519157409668,-0.16058635711669922,0.7068977355957031,0.6523303985595703,0.6460857391357422,0.0,0.10442543029785156,0.19549560546875,-0.08230304718017578,-0.05918312072753906,-0.05400562286376953,0.29450321197509766,0.33200931549072266,0.2991933822631836
3722,0.2,3,7,1.78281569480896,4,0.009430170059204102,0.161146879196167,5,0.31713414192199707,1.0621681213378906,0.27151599526405334,0.5027773380279541,0.6372268795967102,0.980888307094574,1.1651484966278076,1.1330465078353882,0.032101988792419434,0.2636089026927948,0.5054691433906555,0.0,-0.069985032081604,0.13442838191986084,0.1517167091369629,0.161146879196167,0.10889947414398193,-0.17216765880584717,-0.18962907791137695,-0.1961512565612793,0.0,-1.0125150680541992,0.7450339794158936,0.6235454082489014,0.6921951770782471,1.0621681213378906,-1.163102388381958,-0.8664071559906006,-0.8901731967926025
3799,0.2,2,1,1.0465714931488037,2,0.04531294107437134,0.08539921045303345,8,0.016075313091278076,0.23911309242248535,0.29006579518318176,0.4871089458465576,0.5606836080551147,0.7601785063743591,0.30593162775039673,0.21893370151519775,0.08699792623519897,0.08493993431329727,0.22939927875995636,0.0,-0.03210639953613281,0.08539921045303345,0.01435697078704834,0.0117112398147583,0.04008626937866211,-0.14676260948181152,-0.029386281967163086,-0.027609586715698242,0.0,0.1114882230758667,0.03946852684020996,-0.18564903736114502,-0.208831787109375,-0.17231428623199463,-0.06613993644714355,0.22303777933120728,0.23911309242248535
3859,0.2,1,1,5.2737345695495605,6,0.10750484466552734,0.43566370010375977,7,0.009094715118408203,0.5678958892822266,0.5248762369155884,0.9222080707550049,0.7658994793891907,1.0441710948944092,0.9566149711608887,0.8369030952453613,0.11971187591552734,0.25119131803512573,0.5346183776855469,0.0,0.03945446014404297,-0.2644815444946289,-0.14551353454589844,-0.20332908630371094,-0.05723142623901367,0.43566370010375977,0.29982614517211914,0.3281588554382324,0.0,0.20108699798583984,-0.1173100471496582,-0.8084993362426758,-0.8499870300292969,-0.3150787353515625,0.27692413330078125,0.5678958892822266,0.5588011741638184
3868,0.2,0,1,4.761586666107178,7,0.11019182205200195,0.6713118553161621,8,0.028097152709960938,0.11171197891235352,0.7318267822265625,0.9258876442909241,0.961091160774231,1.429884910583496,0.7775123119354248,0.6587443351745605,0.11876797676086426,0.20332975685596466,0.5780112147331238,0.0,0.06867074966430664,-0.32174158096313477,-0.639556884765625,-0.6496033668518066,-0.10237598419189453,0.443143367767334,0.6713118553161621,0.5611200332641602,0.0,-0.0031113624572753906,0.08361482620239258,0.0157928466796875,-0.1624588966369629,0.007068634033203125,-0.1209111213684082,-0.016465187072753906,0.11171197891235352
3964,0.2,0,2,3.4191880226135254,7,2.384185791015625e-07,0.4961535930633545,1,0.003108501434326172,0.06018543243408203,0.748112678527832,0.9207227230072021,0.5738559365272522,0.8311613202095032,0.53973388671875,0.5374717712402344,0.002262115478515625,0.22787508368492126,0.5673902034759521,0.0,0.18712139129638672,-0.3846776485443115,-0.3846778869628906,-0.3846781253814697,-0.2915384769439697,0.4961531162261963,0.4961535930633545,0.4961533546447754,0.0,0.06018543243408203,-0.014472246170043945,-0.014472246170043945,-0.014472007751464844,-0.024950742721557617,0.057076215744018555,0.05707693099975586,0.057076454162597656
4006,0.2,1,7,5.6027984619140625,7,0.01344156265258789,1.078298568725586,8,0.04565763473510742,0.6930398941040039,0.7889611124992371,1.077718734741211,0.7355934381484985,1.046029806137085,1.663726806640625,1.6534523963928223,0.010274410247802734,0.20172233879566193,0.5000969767570496,0.0,0.18794536590576172,-0.7497897148132324,-1.017909049987793,-1.0370569229125977,-0.28443241119384766,0.8563957214355469,1.078298568725586,1.064857006072998,0.0,0.21439647674560547,-0.04701662063598633,-0.546107292175293,-0.6541948318481445,-0.2746109962463379,0.1893773078918457,0.6473822593688965,0.6930398941040039
4038,0.2,0,3,0.20273619890213013,4,0.02743370831012726,0.06178578734397888,4,0.0221712663769722,0.1351851224899292,0.0665404200553894,0.0941573977470398,0.10175879299640656,0.12575656175613403,0.156003937125206,0.156003937125206,0.0,0.008593566715717316,0.021683257073163986,0.0,-0.002179160714149475,0.0010739713907241821,0.034352079033851624,0.06178578734397888,0.003178611397743225,-0.002894103527069092,-0.04860678315162659,-0.06899887323379517,0.0,-0.05597934126853943,0.04714962840080261,0.113013856112957,0.1351851224899292,0.06162334978580475,-0.09849116206169128,-0.3469718098640442,-0.28202101588249207
4040,0.2,0,3,0.749841034412384,4,0.0,0.013545036315917969,8,1.1920928955078125e-07,0.03092944622039795,0.13744613528251648,0.2056407630443573,0.41387486457824707,0.4654466211795807,0.03178054094314575,0.03164219856262207,0.00013834238052368164,0.03513582795858383,0.11514435708522797,0.0,-0.010100483894348145,0.013545036315917969,0.013545036315917969,0.013545036315917969,0.010850846767425537,-0.02879190444946289,-0.02879166603088379,-0.02879154682159424,0.0,0.030707061290740967,-0.08960616588592529,-0.08960574865341187,-0.08960616588592529,-0.21316951513290405,0.030929207801818848,0.0309293270111084,0.03092944622039795
4114,0.2,1,1,3.333451747894287,6,0.003930091857910156,0.23425960540771484,2,0.002683401107788086,0.2756006717681885,0.5405758619308472,0.7175124287605286,0.9246910214424133,1.2138677835464478,0.49237656593322754,0.26460933685302734,0.2277672290802002,0.16170769929885864,0.48926135897636414,0.0,0.03865981101989746,-0.2413487434387207,-0.2787446975708008,-0.36006832122802734,-0.0682516098022461,0.23425960540771484,0.22163677215576172,0.2303295135498047,0.0,-0.13126277923583984,0.2756006717681885,0.2729172706604004,-0.13279008865356445,0.14803767204284668,-0.38931822776794434,-0.33395934104919434,0.03148794174194336
4142,0.2,0,1,0.11783156543970108,4,1.1175870895385742e-07,0.006056040525436401,5,0.010281972587108612,0.022343218326568604,0.038332827389240265,0.049665406346321106,0.05734764412045479,0.07679189741611481,0.026712320744991302,0.025823816657066345,0.0008885040879249573,0.004193546250462532,0.009896399453282356,0.0,-0.0037652403116226196,0.0060559287667274475,0.0060559287667274475,0.006056040525436401,0.004895918071269989,-0.011500485241413116,-0.011500589549541473,-0.011500485241413116,0.0,-0.02375248819589615,0.012061245739459991,0.012061245739459991,0.012061245739459991,0.022343218326568604,-0.02280176430940628,-0.022801660001277924,-0.022801660001277924
4241,0.2,0,1,0.08826324343681335,2,0.000729873776435852,0.0007521361112594604,4,0.008138861507177353,0.04752059653401375,0.030105983838438988,0.04208410158753395,0.04140252619981766,0.05437169596552849,0.04951481521129608,0.04925923049449921,0.000255584716796875,0.007793127559125423,0.024782268330454826,0.0,2.22623348236084e-05,0.0007521361112594604,-0.0032287761569023132,-0.007416658103466034,8.188188076019287e-06,-0.0014583393931388855,-0.0035810694098472595,-0.006518825888633728,0.0,-0.011707782745361328,-0.014520585536956787,0.039381735026836395,0.04752059653401375,0.01480332762002945,0.01760753244161606,-0.09320266544818878,-0.09903594851493835
4443,0.2,1,2,0.7370174527168274,4,0.013731598854064941,0.10742807388305664,3,0.0021324753761291504,0.04472208023071289,0.17470967769622803,0.229426771402359,0.15427866578102112,0.25464290380477905,0.1734687089920044,0.16899001598358154,0.0044786930084228516,0.05073300004005432,0.16995395720005035,0.0,-0.012100398540496826,0.057761311531066895,0.0936964750289917,0.10742807388305664,0.0185735821723938,-0.0688658356666565,-0.08015292882919312,-0.08543485403060913,0.0,-0.04986697435379028,0.02332860231399536,0.04472208023071289,0.04258960485458374,0.03662365674972534,-0.14932900667190552,-0.13201099634170532,-0.11442381143569946
4468,0.2,2,1,0.5538007020950317,4,0.020813971757888794,0.08581492304801941,5,0.024550586938858032,0.3515926003456116,0.14688019454479218,0.2245529741048813,0.284490168094635,0.383261114358902,0.3975430727005005,0.3781166970729828,0.0194263756275177,0.03898894041776657,0.10615228861570358,0.0,-0.01878732442855835,0.030700206756591797,0.06500095129013062,0.08581492304801941,0.027038395404815674,-0.05371671915054321,-0.09722214937210083,-0.12229591608047485,0.0,-0.40021175146102905,0.310699999332428,0.28125789761543274,0.32704201340675354,0.3515926003456116,-0.6599215269088745,-0.5412431955337524,-0.5896536111831665
4604,0.2,0,2,5.536303997039795,8,0.039000511169433594,0.6142106056213379,4,0.0015916824340820312,0.12254047393798828,0.8436717987060547,1.0460071563720703,0.9843045473098755,1.5697569847106934,0.7321629524230957,0.6861410140991211,0.04602193832397461,0.30554768443107605,0.7633492946624756,0.0,0.12823486328125,-0.4089493751525879,-0.3957948684692383,-0.4786496162414551,-0.19062280654907227,0.5752100944519043,0.5372452735900879,0.6142106056213379,0.0,0.034287452697753906,0.02770709991455078,0.08159732818603516,0.12254047393798828,0.06804180145263672,0.12094879150390625,0.06114768981933594,0.04856538772583008
4632,0.2,3,3,0.008759171701967716,2,3.0417926609516144e-05,0.0016087554395198822,5,0.0004720068536698818,0.003826318308711052,0.0011524289147928357,0.001649768790230155,0.002739126794040203,0.004421863239258528,0.004599206615239382,0.004291664808988571,0.0003075418062508106,0.00019133817113470286,0.0004613346536643803,0.0,-0.0008583702147006989,0.0016087554395198822,0.0015633059665560722,0.001578337512910366,0.0009892145171761513,-0.003878949210047722,-0.003489835187792778,-0.0036081746220588684,0.0,-0.011362330056726933,0.0022829240188002586,0.0032422724179923534,0.00335431145504117,0.003826318308711052,-0.008706309832632542,-0.016525335609912872,-0.01968524232506752
4678,0.2,1,1,0.36944320797920227,4,0.01945933699607849,0.11428272724151611,4,0.01386106014251709,0.01386106014251709,0.15106211602687836,0.1845300942659378,0.21029171347618103,0.25396376848220825,0.12092696130275726,0.12092696130275726,0.0,0.020431634038686752,0.06197531148791313,0.0,-0.017706602811813354,0.07627949118614197,0.09482339024543762,0.11428272724151611,0.02433684468269348,-0.15000835061073303,-0.13833311200141907,-0.14929285645484924,0.0,-0.013052165508270264,-0.022893011569976807,-0.08515635132789612,0.01386106014251709,-0.005835503339767456,-0.03344622254371643,-0.0541875958442688,-0.08005788922309875
4750,0.2,1,1,0.32838180661201477,6,0.01175805926322937,0.05051371455192566,8,0.014556854963302612,0.016946017742156982,0.12552395462989807,0.15149156749248505,0.1474514901638031,0.20799030363559723,0.053344398736953735,0.025584399700164795,0.02775999903678894,0.01170377992093563,0.05092313885688782,0.0,0.022114485502243042,-0.08610612154006958,-0.06371650099754333,-0.07064223289489746,-0.04814860224723816,0.05051371455192566,0.03875565528869629,0.03739479184150696,0.0,0.00238916277885437,-0.0436287522315979,-0.01722705364227295,-0.0434146523475647,-0.09080454707145691,-0.0027154088020324707,0.0007112026214599609,0.016946017742156982
4787,0.2,1,19,0.7125738859176636,4,0.01825505495071411,0.11801248788833618,4,0.01022636890411377,0.10495007038116455,0.18820393085479736,0.2242909073829651,0.17002758383750916,0.26291370391845703,0.17524492740631104,0.15382176637649536,0.021423161029815674,0.02426326461136341,0.0739499181509018,0.0,-0.024726569652557373,0.060501813888549805,0.09975743293762207,0.11801248788833618,0.0391044020652771,-0.05469638109207153,-0.09988558292388916,-0.11081111431121826,0.0,-0.22379374504089355,0.08915776014328003,0.09006047248840332,0.10495007038116455,0.09472370147705078,-0.3428661823272705,-0.3300654888153076,-0.441369891166687
4831,0.2,3,8,0.15947480499744415,2,0.0012088119983673096,0.0032516568899154663,3,0.00285203754901886,0.01361730694770813,0.02249242551624775,0.02946264110505581,0.051665015518665314,0.07304839789867401,0.019578441977500916,0.014617815613746643,0.0049606263637542725,0.005734555423259735,0.012473417446017265,0.0,-0.005988374352455139,0.0032516568899154663,0.00021873414516448975,0.0012224167585372925,0.0020428448915481567,-0.024301573634147644,-0.02562081813812256,-0.02833440899848938,0.0,-0.03117336332798004,0.0021056830883026123,0.01361730694770813,0.01076526939868927,0.0036519616842269897,-0.03424927592277527,-0.03742167353630066,-0.033395916223526
4877,0.2,2,1,0.18413789570331573,2,0.0013593882322311401,0.018476322293281555,2,0.02718290686607361,0.07051090896129608,0.07597076147794724,0.09288414567708969,0.09688343107700348,0.11675851047039032,0.0866299420595169,0.0866299420595169,0.0,0.012429194524884224,0.035309627652168274,0.0,-0.005827620625495911,0.018476322293281555,0.008388102054595947,0.017116934061050415,0.006268128752708435,-0.047691091895103455,-0.035844966769218445,-0.04440668225288391,0.0,-0.047376975417137146,0.07051090896129608,0.02691015601158142,0.04248245060443878,0.04332800209522247,-0.20229224860668182,-0.06123000383377075,-0.07737599313259125
4883,0.2,2,7,1.2883967161178589,4,0.0018224716186523438,0.3524186611175537,6,0.3977917432785034,0.5277538299560547,0.21565981209278107,0.28790178894996643,0.35772937536239624,0.5169021487236023,0.7553804516792297,0.3004809617996216,0.45489948987960815,0.09469207376241684,0.294470876455307,0.0,-0.04580819606781006,0.3135566711425781,0.35059618949890137,0.3524186611175537,0.0742107629776001,-0.22263813018798828,-0.24288403987884521,-0.236708402633667,0.0,0.09578466415405273,-0.7067713737487793,-0.20914053916931152,-0.1523580551147461,-0.16221868991851807,0.5277538299560547,0.12996208667755127,0.07081043720245361
4924,0.2,1,1,0.06090429052710533,4,0.000794731080532074,0.008665438741445541,4,0.0021280497312545776,0.00950043648481369,0.022828437387943268,0.030625170096755028,0.029349863529205322,0.04021682217717171,0.017195500433444977,0.017195500433444977,0.0,0.00773032009601593,0.02017471380531788,0.0,-0.003193635493516922,0.005017507821321487,0.007870707660913467,0.008665438741445541,0.004497397691011429,-0.008132163435220718,-0.013140637427568436,-0.014334391802549362,0.0,-0.0002909153699874878,-0.01064341887831688,-0.0011690892279148102,0.00950043648481369,-0.005207609385251999,0.0073723867535591125,-0.0014481283724308014,-0.018357422202825546
4997,0.2,2,1,0.02465374395251274,8,1.2701377272605896e-05,0.0019768327474594116,8,0.0023700157180428505,0.01533814799040556,0.010734917595982552,0.014251414686441422,0.010492145083844662,0.01575622521340847,0.01607397012412548,0.016032958403229713,4.101172089576721e-05,0.0017684584017843008,0.005143248941749334,0.0,0.0007068105041980743,-0.002085752785205841,-0.0020728707313537598,-0.0023354925215244293,-0.0012881923466920853,0.0019641313701868057,0.0018683429807424545,0.0019768327474594116,0.0,0.011206913739442825,-0.013493817299604416,-0.020975176244974136,-0.03199254721403122,-0.03813796862959862,0.009885067120194435,0.012968132272362709,0.01533814799040556
5150,0.2,2,2,0.264526903629303,4,0.011397197842597961,0.08383861184120178,4,0.014870047569274902,0.015387892723083496,0.10391837358474731,0.12929293513298035,0.08396206796169281,0.12398490309715271,0.09307767450809479,0.09307767450809479,0.0,0.027064744383096695,0.07004036009311676,0.0,-0.0167447030544281,0.018197834491729736,0.07244141399860382,0.08383861184120178,0.023395955562591553,-0.024726808071136475,-0.1052452027797699,-0.12047037482261658,0.0,-0.0013697445392608643,-0.018930047750473022,-0.015368819236755371,0.015387892723083496,-0.006525695323944092,0.0005178451538085938,-0.0039990246295928955,-0.02732047438621521
5201,0.2,0,1,6.906485080718994,7,0.0,0.08054637908935547,1,0.02150726318359375,0.10890913009643555,0.6822879910469055,0.9084236025810242,0.7762784957885742,1.0741465091705322,0.1892223358154297,0.1695384979248047,0.019683837890625,0.16554120182991028,0.3658181130886078,0.0,0.0332179069519043,-0.05794239044189453,-0.05794191360473633,-0.05794191360473633,-0.04784870147705078,0.08054637908935547,0.08054637908935547,0.08054542541503906,0.0,0.10890913009643555,-0.0429229736328125,-0.04292440414428711,-0.0429234504699707,-0.093780517578125,0.0874013900756836,0.0874018669128418,0.0874018669128418
5386,0.2,3,10,1.4872392416000366,6,0.07751989364624023,0.10913050174713135,6,0.32150793075561523,0.7262496948242188,0.22580938041210175,0.4384033679962158,0.7512794733047485,1.0414047241210938,0.7888612747192383,0.7888612747192383,0.0,0.13311874866485596,0.2857537567615509,0.0,0.03161060810089111,-0.11235439777374268,-0.016952157020568848,-0.025816798210144043,-0.059076786041259766,0.10913050174713135,0.007941365242004395,0.016953229904174805,0.0,0.4047417640686035,-0.6854661703109741,0.045874595642089844,-0.06432926654815674,-0.7652186155319214,0.7262496948242188,-0.04734241962432861,0.05192553997039795
5435,0.2,2,2,3.720001220703125,4,0.049654483795166016,0.22853660583496094,5,0.1434192657470703,0.971890926361084,0.3169778883457184,0.5022734999656677,1.0696754455566406,1.4815771579742432,1.2243421077728271,1.0888900756835938,0.1354520320892334,0.21749190986156464,0.8053556680679321,0.0,-0.05182957649230957,0.1607801914215088,0.17888212203979492,0.22853660583496094,0.1109151840209961,-0.11461544036865234,-0.10663986206054688,-0.13814592361450195,0.0,-0.48835325241088867,0.5923969745635986,0.8051691055297852,0.8284716606140137,0.971890926361084,-0.5765972137451172,-0.6474251747131348,-0.5558934211730957
5483,0.2,3,2,0.40032958984375,3,0.0017237663269042969,0.020922303199768066,5,0.03937876224517822,0.11516639590263367,0.08420901000499725,0.11650802940130234,0.10947035253047943,0.18094594776630402,0.1402086317539215,0.13187164068222046,0.00833699107170105,0.02345755696296692,0.06967450678348541,0.0,-0.008705824613571167,0.018514424562454224,0.020922303199768066,0.01919853687286377,0.01321384310722351,-0.014925062656402588,-0.021189182996749878,-0.021420031785964966,0.0,-0.12669968605041504,0.07578763365745544,0.06815275549888611,0.06725198030471802,0.11516639590263367,-0.14806336164474487,-0.0919419527053833,-0.09061798453330994
5517,0.2,0,2,2.721942901611328,4,0.08465051651000977,0.43686914443969727,4,0.037509918212890625,0.19759893417358398,0.2931136190891266,0.40375733375549316,0.7557994723320007,1.3105506896972656,0.6324267387390137,0.6324267387390137,0.0,0.261362224817276,0.5816726088523865,0.0,-0.022850751876831055,0.07396650314331055,0.3522186279296875,0.43686914443969727,0.034705400466918945,-0.10492181777954102,-0.33979034423828125,-0.28470563888549805,0.0,-0.026624679565429688,0.037789344787597656,0.16008901596069336,0.19759893417358398,0.04779791831970215,-0.04784250259399414,-0.08844876289367676,-0.09819412231445312
5614,0.2,0,0,0.3893321454524994,3,0.0050428807735443115,0.09004917740821838,8,0.009979665279388428,0.08876156806945801,0.14223583042621613,0.1871803104877472,0.1640079915523529,0.22206547856330872,0.1629689335823059,0.0224895179271698,0.1404794156551361,0.029142778366804123,0.07799781113862991,0.0,-0.012116849422454834,0.03218957781791687,0.09004917740821838,0.08500629663467407,0.0182359516620636,-0.05316987633705139,-0.09676003456115723,-0.08254149556159973,0.0,0.03478330373764038,-0.03806254267692566,-0.12917301058769226,-0.183808833360672,-0.0642264187335968,0.046308815479278564,0.07878190279006958,0.08876156806945801
5795,0.2,3,1,2.041055679321289,6,0.03108656406402588,0.2059410810470581,5,0.059121012687683105,0.2695913314819336,0.3754815459251404,0.628398060798645,0.49266767501831055,0.7978007793426514,0.4643019437789917,0.1596919298171997,0.304610013961792,0.11516894400119781,0.2742386758327484,0.0,0.090553879737854,-0.14638185501098633,-0.11277079582214355,-0.12327051162719727,-0.1275167465209961,0.2059410810470581,0.16573524475097656,0.17485451698303223,0.0,-0.20165634155273438,0.04570293426513672,0.2104703187942505,0.1856621503829956,0.2695913314819336,-0.08390498161315918,-0.302199125289917,-0.26892995834350586
5834,0.2,2,2,6.947997093200684,8,0.16277170181274414,0.5697708129882812,8,0.14842796325683594,0.614647388458252,0.7444134950637817,1.0185739994049072,0.9101072549819946,1.3254280090332031,1.143174648284912,1.143174648284912,0.0,0.2092624008655548,0.6714416742324829,0.0,0.044062137603759766,0.020130634307861328,-0.3128042221069336,-0.542269229888916,-0.06451034545898438,0.16257858276367188,0.4069991111755371,0.5697708129882812,0.0,0.16738367080688477,-0.02357959747314453,-0.46161317825317383,-0.757164478302002,-0.23995208740234375,0.24068307876586914,0.466219425201416,0.614647388458252
5842,0.2,3,1,2.2952826023101807,6,0.04184925556182861,0.35980963706970215,4,0.009591817855834961,0.10350704193115234,0.22131088376045227,0.3663846254348755,0.7781143188476562,1.3426802158355713,0.4929976463317871,0.4534264802932739,0.039571166038513184,0.15454359352588654,0.35369861125946045,0.0,0.09132170677185059,-0.4239845275878906,-0.4363267421722412,-0.4081854820251465,-0.17472553253173828,0.35980963706970215,0.31796038150787354,0.2792980670928955,0.0,-0.012069225311279297,-0.05215263366699219,0.09391522407531738,0.10350704193115234,0.03517508506774902,0.07784581184387207,-0.05259895324707031,-0.060247182846069336
6022,0.2,1,2,0.719903826713562,6,0.05344170331954956,0.05648303031921387,8,0.06319266557693481,0.09526932239532471,0.14467883110046387,0.23389025032520294,0.3237360119819641,0.4719529449939728,0.15251469612121582,0.09957969188690186,0.052935004234313965,0.059381403028964996,0.1534755975008011,0.0,0.0030413269996643066,-0.08671635389328003,-0.011763215065002441,-0.036264002323150635,-0.007806301116943359,0.05648303031921387,-0.011408686637878418,0.0010773539543151855,0.0,0.021704912185668945,-0.02861541509628296,-0.04506945610046387,-0.1812148094177246,-0.03485900163650513,0.025971949100494385,0.03207665681838989,0.09526932239532471
6207,0.2,2,5,0.3887084424495697,1,0.0012823045253753662,0.01262691617012024,2,0.019738852977752686,0.13115081191062927,0.13558536767959595,0.17788419127464294,0.12583748996257782,0.21137721836566925,0.13713008165359497,0.08128589391708374,0.05584418773651123,0.03990837559103966,0.08828765898942947,0.0,0.01262691617012024,-0.07749536633491516,-0.10241511464118958,-0.134578138589859,-0.032684326171875,-0.0071738362312316895,-0.004142582416534424,0.011344611644744873,0.0,-0.10207262635231018,0.13115081191062927,0.09483560919761658,0.06634709239006042,0.11141195893287659,-0.2801593244075775,-0.1670459806919098,-0.11324968934059143
6308,0.2,2,2,4.408677101135254,6,0.01787567138671875,0.37783288955688477,2,0.321627140045166,0.321627140045166,0.39380383491516113,0.5404759645462036,0.6125547289848328,0.8879945278167725,0.8278138637542725,0.0,0.8278138637542725,0.16069868206977844,0.44272294640541077,0.0,0.10186433792114258,-0.27918577194213867,-0.29891109466552734,-0.31845664978027344,-0.14229774475097656,0.37783288955688477,0.359957218170166,0.3579702377319336,0.0,-0.3510127067565918,0.321627140045166,-0.23868560791015625,-0.33411502838134766,-0.07181358337402344,-0.7555289268493652,-0.4487576484680176,-0.47021055221557617
6404,0.2,0,2,1.1401643753051758,6,0.09055280685424805,0.1287686824798584,7,0.09579914808273315,0.5876702070236206,0.2030242383480072,0.2940386235713959,0.5148725509643555,0.7104780077934265,0.657180666923523,0.5622928738594055,0.09488779306411743,0.10647733509540558,0.2948853671550751,0.0,0.0064754486083984375,-0.10045599937438965,0.002878904342651367,0.03821587562561035,-0.009645342826843262,0.1287686824798584,-0.007047414779663086,-0.043242454528808594,0.0,0.22575509548187256,-0.20036530494689941,-0.9209883213043213,-0.8819687366485596,-0.42534804344177246,0.16693776845932007,0.5876702070236206,0.49187105894088745
6533,0.2,0,2,0.3082929849624634,6,0.01232697069644928,0.0721297413110733,4,0.005510881543159485,0.10493658483028412,0.07182635366916656,0.1072724387049675,0.1502731740474701,0.1936003416776657,0.15438687801361084,0.07493990659713745,0.07944697141647339,0.02825639769434929,0.07714667916297913,0.0,0.015236526727676392,-0.06611952185630798,-0.05528664588928223,-0.04496762156486511,-0.02422851324081421,0.0721297413110733,0.05980277061462402,0.04762020707130432,0.0,-0.06584712862968445,0.01934105157852173,0.09942570328712463,0.10493658483028412,0.06706659495830536,-0.04658058285713196,-0.2025895118713379,-0.19187545776367188
6624,0.2,2,1,4.514289379119873,8,0.12975597381591797,0.8086152076721191,8,0.21339750289916992,0.45920467376708984,0.6745842099189758,0.9099735021591187,0.857378363609314,1.2494436502456665,1.2416906356811523,1.2416906356811523,0.0,0.22245082259178162,0.60041344165802,0.0,0.16323280334472656,-0.39084625244140625,-0.5776286125183105,-0.7663364410400391,-0.25620412826538086,0.49771738052368164,0.6788592338562012,0.8086152076721191,0.0,0.15860271453857422,-0.12962627410888672,0.024252891540527344,-0.31136608123779297,-0.15847539901733398,0.24580717086791992,0.08826112747192383,0.45920467376708984
6626,0.2,3,7,0.038571808487176895,1,0.0003060661256313324,0.0003060661256313324,5,0.00020487606525421143,0.008652230724692345,0.006111804395914078,0.012430056929588318,0.008715038187801838,0.013847783207893372,0.008652230724692345,0.008385587483644485,0.0002666432410478592,0.0019391656387597322,0.0064568109810352325,0.0,0.0003060661256313324,-0.0016966722905635834,-0.002256784588098526,-0.002196129411458969,-0.0010692216455936432,-0.0003939121961593628,-0.00029323995113372803,-0.00038748979568481445,0.0,-0.01311475783586502,0.008447354659438133,0.0063813962042331696,0.005569539964199066,0.008652230724692345,-0.02140466496348381,-0.014856584370136261,-0.012403920292854309
6843,0.2,1,8,0.14119958877563477,4,0.005075491964817047,0.03628695011138916,4,0.000609375536441803,0.03276447206735611,0.026878472417593002,0.039056196808815,0.03471802547574043,0.04522661864757538,0.06034321337938309,0.05953419953584671,0.000809013843536377,0.00958214607089758,0.02049773558974266,0.0,-0.010023623704910278,0.020658627152442932,0.031211458146572113,0.03628695011138916,0.013708069920539856,-0.036144182085990906,-0.05215424299240112,-0.058872342109680176,0.0,-0.0449129194021225,0.025839485228061676,0.031166821718215942,0.03276447206735611,0.03215509653091431,-0.09526540338993073,-0.08737191557884216,-0.08982270956039429
6845,0.2,0,1,0.08402252942323685,6,0.00040137767791748047,0.0005211830139160156,5,0.00026927143335342407,0.007412292063236237,0.03543670475482941,0.048406150192022324,0.04099602252244949,0.05028634890913963,0.007844120264053345,0.00688055157661438,0.0009635686874389648,0.006201145704835653,0.02037651278078556,0.0,0.00011980533599853516,-0.002538450062274933,-0.000994257628917694,-0.0004934147000312805,-0.0007111728191375732,0.0005211830139160156,-0.0023733600974082947,-0.004171520471572876,0.0,-0.012333996593952179,0.0071430206298828125,0.005438871681690216,0.005357652902603149,0.007412292063236237,-0.019016407430171967,-0.022444210946559906,-0.025507137179374695
6858,0.2,0,1,6.212568759918213,6,4.76837158203125e-07,0.09434318542480469,5,0.008486747741699219,0.03095245361328125,0.5550576448440552,0.8367519378662109,0.5746073722839355,0.8725204467773438,0.16225624084472656,0.16225624084472656,0.0,0.4309515357017517,0.9486585259437561,0.0,0.03289222717285156,-0.10166549682617188,-0.10166597366333008,-0.10166549682617188,-0.059092044830322266,0.09434318542480469,0.09434270858764648,0.09434270858764648,0.0,0.02002429962158203,0.008820056915283203,0.008819580078125,0.008819580078125,0.03095245361328125,0.02246570587158203,0.022464752197265625,0.022464752197265625
6947,0.2,3,1,0.14133910834789276,6,0.006465733051300049,0.01403018832206726,6,0.021808646619319916,0.030253536999225616,0.06011909991502762,0.08489475399255753,0.07270748913288116,0.09420394897460938,0.04035959392786026,0.04035959392786026,0.0,0.012180046178400517,0.030074425041675568,0.0,0.0019933730363845825,-0.015200495719909668,0.0010691732168197632,0.007564455270767212,-0.0041798800230026245,0.01403018832206726,-0.004472032189369202,-0.012628108263015747,0.0,0.0084448903799057,-0.03698676824569702,-0.0020151287317276,0.008315160870552063,-0.037109434604644775,0.030253536999225616,-0.0060354918241500854,-0.01831720769405365
6949,0.2,0,1,0.25832387804985046,4,0.008798494935035706,0.10490581393241882,3,0.017548203468322754,0.10982683300971985,0.07811108976602554,0.09671416878700256,0.12787890434265137,0.1628597229719162,0.16450804471969604,0.16072973608970642,0.003778308629989624,0.02095177210867405,0.04872162640094757,0.0,-0.005472123622894287,0.008350417017936707,0.09610731899738312,0.10490581393241882,0.008040457963943481,-0.014284908771514893,-0.14710211753845215,-0.11178907752037048,0.0,-0.02078843116760254,0.004719823598861694,0.10982683300971985,0.0922786295413971,0.029052793979644775,-0.0068396031856536865,-0.13717183470726013,-0.08304071426391602
6989,0.2,1,1,3.190687894821167,7,0.009087562561035156,0.2054300308227539,3,0.008298635482788086,0.44930243492126465,0.6479509472846985,0.8189831376075745,0.9164431691169739,1.3014280796051025,0.6503593921661377,0.22492551803588867,0.425433874130249,0.19021782279014587,0.5771218538284302,0.0,0.04312705993652344,-0.10717105865478516,-0.24335670471191406,-0.25670742988586426,-0.06698822975158691,0.10962367057800293,0.2054300308227539,0.19634246826171875,0.0,-0.19763994216918945,0.19878935813903809,0.44930243492126465,0.44100379943847656,0.29201579093933105,-0.2532830238342285,-0.4579203128814697,-0.4066200256347656
7115,0.2,3,1,0.2114221751689911,2,0.009535834193229675,0.020542308688163757,8,0.014621660113334656,0.0499403178691864,0.09366778284311295,0.12244933098554611,0.10839448124170303,0.14486031234264374,0.06612831354141235,0.04009537398815155,0.026032939553260803,0.012242477387189865,0.03966459631919861,0.0,-0.005983948707580566,0.020542308688163757,0.009581848978996277,0.011006474494934082,0.008508458733558655,-0.03506407141685486,-0.018351897597312927,-0.02062961459159851,0.0,0.0037429630756378174,0.02564273774623871,-0.048046499490737915,-0.07969832420349121,-0.021495342254638672,-0.07351520657539368,0.035318657755851746,0.0499403178691864
7281,0.2,3,2,4.293776988983154,8,0.016199111938476562,0.5532751083374023,7,0.04788923263549805,0.2512683868408203,0.5935301780700684,0.7642537951469421,0.6431741714477539,1.0062758922576904,0.7415587902069092,0.6978938579559326,0.04366493225097656,0.29727301001548767,0.7958532571792603,0.0,0.30393528938293457,-0.4390544891357422,-0.4314446449279785,-0.4922981262207031,-0.4782400131225586,0.5370759963989258,0.5080382823944092,0.5532751083374023,0.0,0.11081886291503906,0.08756780624389648,-0.22478246688842773,-0.20754623413085938,-0.11032485961914062,-0.05287885665893555,0.2512683868408203,0.20337915420532227
7389,0.2,3,1,0.6935258507728577,2,0.03543895483016968,0.1536208987236023,8,0.04258739948272705,0.17262130975723267,0.22198569774627686,0.29920250177383423,0.33476758003234863,0.4356631338596344,0.29236918687820435,0.2572689652442932,0.03510022163391113,0.05907179042696953,0.1221250593662262,0.0,-0.04542815685272217,0.1536208987236023,0.11818194389343262,0.11576336622238159,0.06531411409378052,-0.21304339170455933,-0.1521439552307129,-0.14308422803878784,0.0,0.0331994891166687,0.12316334247589111,-0.1095958948135376,-0.18191862106323242,-0.017827272415161133,-0.14260292053222656,0.13003391027450562,0.17262130975723267
7416,0.2,2,3,0.010663670487701893,2,0.0002827765420079231,0.00036380812525749207,6,8.388794958591461e-05,0.0003881137818098068,0.001755004981532693,0.002759430091828108,0.0030492469668388367,0.004228689707815647,0.0006693247705698013,0.00016667041927576065,0.0005026543512940407,0.001072923419997096,0.00255870190449059,0.0,-0.00010991841554641724,0.00036380812525749207,-0.00017607584595680237,-0.0003209942951798439,6.333831697702408e-05,-0.0009084697812795639,-2.759881317615509e-05,8.103158324956894e-05,0.0,-0.00029399339109659195,-0.0006264448165893555,0.0003042258322238922,0.00015381257981061935,-0.0007895641028881073,0.0003881137818098068,-0.0006711166352033615,-0.0005266023799777031
7490,0.2,1,11,2.519075632095337,8,0.044582486152648926,0.6371845006942749,2,0.05823993682861328,0.2525918483734131,0.6094988584518433,0.8563526272773743,0.8804372549057007,1.1188198328018188,0.8713669776916504,0.3253457546234131,0.5460212230682373,0.14088591933250427,0.29052647948265076,0.0,0.1392982006072998,-0.47475337982177734,-0.5428428649902344,-0.649036169052124,-0.20946764945983887,0.54236900806427,0.592602014541626,0.6371845006942749,0.0,-0.18048620223999023,0.2525918483734131,0.12248110771179199,0.16375279426574707,0.1943519115447998,-0.4801957607269287,-0.2422630786895752,-0.3402388095855713
7512,0.2,2,1,2.0831258296966553,2,0.044612884521484375,0.09552407264709473,2,0.7295116186141968,1.6595494747161865,0.31317609548568726,0.4774921238422394,0.9625218510627747,1.198022484779358,1.7286752462387085,1.7286752462387085,0.0,0.17139047384262085,0.47044938802719116,0.0,-0.0007889270782470703,0.09552407264709473,0.05091118812561035,0.05016779899597168,0.005647182464599609,-0.011317729949951172,0.028943300247192383,0.03551030158996582,0.0,-0.6769468784332275,1.6595494747161865,0.9300378561019897,0.820105791091919,0.9056103229522705,-2.330172300338745,-1.0009653568267822,-0.8172712326049805
7539,0.2,1,4,3.2535345554351807,4,0.011602401733398438,0.10048389434814453,6,0.3018026351928711,0.5558967590332031,0.2340233325958252,0.3513266146183014,0.9236251711845398,1.1097110509872437,0.689173698425293,0.437211275100708,0.25196242332458496,0.1707819700241089,0.4017465114593506,0.0,-0.03175640106201172,0.054346561431884766,0.0888814926147461,0.10048389434814453,0.04396796226501465,-0.07822680473327637,-0.12309741973876953,-0.13537883758544922,0.0,0.22709298133850098,-0.3327312469482422,-0.14125347137451172,0.06622791290283203,-0.2433788776397705,0.5558967590332031,0.25409412384033203,0.02199864387512207
7540,0.2,1,1,0.08666833490133286,4,0.00507035106420517,0.01019558310508728,4,0.013442963361740112,0.06242581829428673,0.02829647623002529,0.039506349712610245,0.045571219176054,0.06280007213354111,0.06485253572463989,0.06485253572463989,0.0,0.006852816790342331,0.021664291620254517,0.0,-0.002208516001701355,0.005125232040882111,0.00321381539106369,0.01019558310508728,0.0026619136333465576,-0.014247708022594452,-0.011298760771751404,-0.02559797465801239,0.0,-0.05752415210008621,0.03543921932578087,0.048982854932546616,0.06242581829428673,0.04604552686214447,-0.08463797718286514,-0.14026013016700745,-0.20185044407844543
7583,0.2,3,7,1.6082792282104492,4,0.0026454925537109375,0.2284095287322998,5,0.1312025785446167,0.5133635997772217,0.2720468044281006,0.3568773865699768,0.5247095823287964,0.8419405221939087,0.7608251571655273,0.648790717124939,0.11203444004058838,0.12503743171691895,0.323988676071167,0.0,-0.0801306962966919,0.22576403617858887,0.20502066612243652,0.2284095287322998,0.1261603832244873,-0.20790576934814453,-0.20864570140838623,-0.22539210319519043,0.0,-0.31793212890625,0.382161021232605,0.3127710819244385,0.38196349143981934,0.5133635997772217,-0.4062197208404541,-0.3381505012512207,-0.3963031768798828
7763,0.2,1,7,0.4790477752685547,6,0.012840718030929565,0.09629327058792114,6,0.05888569355010986,0.08782362937927246,0.11696477234363556,0.18587201833724976,0.20333346724510193,0.24249477684497833,0.16614726185798645,0.16614726185798645,0.0,0.02457810379564762,0.06650397926568985,0.0,0.032479166984558105,-0.11731010675430298,-0.07975804805755615,-0.0868578553199768,-0.05837041139602661,0.09629327058792114,0.07820755243301392,0.08345255255699158,0.0,0.028937935829162598,-0.10425877571105957,0.004189133644104004,0.004684567451477051,-0.08015412092208862,0.08782362937927246,-0.019359171390533447,-0.02536594867706299
7848,0.2,1,1,10.082332611083984,2,0.009325027465820312,0.14810752868652344,5,0.09509563446044922,0.16928386688232422,0.779962420463562,0.9356206059455872,0.7323955297470093,1.0774807929992676,0.3157529830932617,0.3063325881958008,0.009420394897460938,0.21921905875205994,0.5621500611305237,0.0,-0.05865001678466797,0.14810752868652344,0.12638378143310547,0.1186513900756836,0.13878250122070312,-0.0757455825805664,-0.09806251525878906,-0.06454086303710938,0.0,-0.03126716613769531,0.074188232421875,-0.010776519775390625,0.004759788513183594,0.16928386688232422,-0.0698843002319336,0.02654266357421875,0.011034965515136719
7875,0.2,3,1,1.9177711009979248,6,0.07425391674041748,0.32005202770233154,8,0.08573555946350098,0.3250986337661743,0.5714405179023743,0.7225745320320129,0.6315690875053406,0.8567343354225159,0.6042397022247314,0.5402988195419312,0.06394088268280029,0.16207970678806305,0.38486117124557495,0.0,0.10210585594177246,-0.2813851833343506,-0.20427584648132324,-0.21883010864257812,-0.1637277603149414,0.32005202770233154,0.23721063137054443,0.24579811096191406,0.0,0.17930030822753906,-0.06566011905670166,-0.22639679908752441,-0.3133962154388428,-0.3239247798919678,0.06050097942352295,0.23936307430267334,0.3250986337661743
8022,0.2,1,1,0.033556897193193436,3,6.0461461544036865e-05,0.0028929803520441055,5,0.00021951831877231598,0.011887717992067337,0.012815202586352825,0.017075324431061745,0.012797665782272816,0.017437055706977844,0.013841945677995682,0.01362643949687481,0.0002155061811208725,0.0042226267978549,0.012361197732388973,0.0,-0.0009290352463722229,0.002116616815328598,0.0028929803520441055,0.0028325188905000687,0.001288916915655136,-0.004140406847000122,-0.005699425935745239,-0.006098568439483643,0.0,-0.012856774032115936,0.008592547848820686,0.010528340935707092,0.011668199673295021,0.011887717992067337,-0.020318567752838135,-0.025493934750556946,-0.02859591320157051
8039,0.2,2,10,0.529953122138977,3,0.021287351846694946,0.09561696648597717,8,0.005638241767883301,0.17349889874458313,0.1397852599620819,0.18460071086883545,0.29603227972984314,0.37055426836013794,0.24784323573112488,0.12594357132911682,0.12189966440200806,0.035717982798814774,0.11338277161121368,0.0,-0.017153143882751465,0.07432961463928223,0.09561696648597717,0.07071587443351746,0.02719128131866455,-0.06594622135162354,-0.09084111452102661,-0.060797929763793945,0.0,0.06657642126083374,-0.029867708683013916,-0.15301120281219482,-0.18137717247009277,-0.09214210510253906,0.07104533910751343,0.16786065697669983,0.17349889874458313
8168,0.2,1,1,0.6860902905464172,6,0.0020170211791992188,0.04829442501068115,4,0.03476297855377197,0.23745906352996826,0.10777556896209717,0.17398960888385773,0.2703152298927307,0.38878828287124634,0.31316518783569336,0.31316518783569336,0.0,0.02997736632823944,0.0829014927148819,0.0,0.005252182483673096,-0.0550915002822876,0.0030652880668640137,0.046277403831481934,-0.009876489639282227,0.04829442501068115,0.005690932273864746,-0.03340226411819458,0.0,-0.09249567985534668,0.1347702145576477,0.2026960849761963,0.23745906352996826,0.1318996548652649,-0.1500943899154663,-0.24397069215774536,-0.3265933394432068
8175,0.2,0,3,0.5240891575813293,2,0.01721292734146118,0.032495856285095215,4,0.09073066711425781,0.2944487929344177,0.11094341427087784,0.16572539508342743,0.27348852157592773,0.3101765215396881,0.34981217980384827,0.34981217980384827,0.0,0.0495452955365181,0.12636207044124603,0.0,-0.005061447620391846,0.032495856285095215,0.015282928943634033,0.0036655068397521973,0.006876111030578613,-0.07822740077972412,-0.08381479978561401,-0.0793309211730957,0.0,-0.07908362150192261,-0.08586335182189941,0.2037181258201599,0.2944487929344177,0.08103787899017334,0.07417029142379761,-0.6419197916984558,-0.8541931509971619
8201,0.2,2,1,3.4573311805725098,8,0.01065826416015625,0.20929622650146484,2,0.10161089897155762,0.26435089111328125,0.5539238452911377,0.7496727108955383,0.8193996548652649,1.3428661823272705,0.4493374824523926,0.17882537841796875,0.27051210403442383,0.2532234191894531,0.632673442363739,0.0,0.03630542755126953,-0.07134485244750977,-0.14609265327453613,-0.1693718433380127,-0.052670955657958984,0.12422823905944824,0.1986379623413086,0.20929622650146484,0.0,-0.11845946311950684,0.26435089111328125,0.04283881187438965,0.035320281982421875,0.16273999214172363,-0.3496103286743164,-0.07644796371459961,-0.0770273208618164
8323,0.2,3,1,0.01919281855225563,4,0.0002996344119310379,0.0018012579530477524,5,0.0011524828150868416,0.005567814223468304,0.004974644165486097,0.0070820399560034275,0.006983705796301365,0.01118254940956831,0.006614025682210922,0.005971250124275684,0.0006427755579352379,0.001012312131933868,0.002269957447424531,0.0,-0.0008089207112789154,0.00022549182176589966,0.0015016235411167145,0.0018012579530477524,0.0008950140327215195,-0.0014383010566234589,-0.0031386185437440872,-0.0036059822887182236,0.0,-0.008372828364372253,0.0023921243846416473,0.003272036090493202,0.004415331408381462,0.005567814223468304,-0.009177092462778091,-0.007272729650139809,-0.009774595499038696
8397,0.2,0,1,5.955034255981445,2,0.016551971435546875,0.09492969512939453,6,0.09169769287109375,0.5048961639404297,0.5374031662940979,0.6996650099754333,0.8240067362785339,1.2570065259933472,0.6262631416320801,0.3501758575439453,0.27608728408813477,0.32301443815231323,0.774385392665863,0.0,-0.04934406280517578,0.09492969512939453,0.07370901107788086,0.07737445831298828,0.07837772369384766,-0.12363529205322266,-0.0991206169128418,-0.10349845886230469,0.0,0.41319847106933594,-0.4303312301635742,-0.2827134132385254,-0.31133460998535156,-0.6054644584655762,0.5048961639404297,0.3573946952819824,0.3889760971069336
8399,0.2,2,1,0.6018199324607849,2,0.003058105707168579,0.15831884741783142,6,0.10939767956733704,0.16785839200019836,0.18017785251140594,0.25020602345466614,0.2911677956581116,0.4334452152252197,0.2835044860839844,0.21011883020401,0.07338565587997437,0.035839855670928955,0.10090498626232147,0.0,-0.059596121311187744,0.15831884741783142,0.14553052186965942,0.15526074171066284,0.08516812324523926,-0.219296395778656,-0.21671348810195923,-0.22178274393081665,0.0,0.03997772932052612,-0.16093140840530396,0.010203301906585693,0.05846071243286133,-0.06409686803817749,0.16785839200019836,-0.007142901420593262,-0.051831722259521484
8582,0.2,2,11,0.3655480742454529,7,0.00176316499710083,0.021677732467651367,1,0.006373420357704163,0.17613321542739868,0.0978495329618454,0.13797393441200256,0.20918719470500946,0.27370062470436096,0.18681086599826813,0.18082788586616516,0.005982980132102966,0.0267183780670166,0.06553952395915985,0.0,0.009427666664123535,-0.010833919048309326,-0.016115397214889526,-0.015117645263671875,-0.014962613582611084,0.014678031206130981,0.021677732467651367,0.019914567470550537,0.0,0.17613321542739868,-0.06994512677192688,-0.10129660367965698,-0.19258540868759155,-0.5278258919715881,0.08259585499763489,0.11090496182441711,0.16975979506969452
8823,0.2,0,3,2.341966152191162,2,0.09533119201660156,0.1258833408355713,6,0.17499232292175293,0.372774600982666,0.30066487193107605,0.560015082359314,0.7283118963241577,1.0510889291763306,0.5164957046508789,0.11731648445129395,0.39917922019958496,0.2701243460178375,0.5437702536582947,0.0,-0.020099878311157227,0.1258833408355713,0.030081748962402344,0.030552148818969727,0.02417135238647461,-0.23952841758728027,-0.176682710647583,-0.15987539291381836,0.0,0.10543537139892578,-0.26867246627807617,-0.5842084884643555,-0.49308061599731445,-0.19013690948486328,0.372774600982666,0.19778227806091309,0.12204337120056152
8924,0.2,1,11,0.4884403347969055,3,0.0024559199810028076,0.12386614084243774,5,0.044216036796569824,0.1811462938785553,0.21386604011058807,0.27116620540618896,0.2087358683347702,0.2461312711238861,0.26805517077445984,0.23069024085998535,0.03736492991447449,0.0573471300303936,0.15835192799568176,0.0,-0.04331767559051514,0.1049240231513977,0.12386614084243774,0.12141022086143494,0.06444498896598816,-0.12781178951263428,-0.1508631706237793,-0.14219051599502563,0.0,-0.21691733598709106,0.09196022152900696,0.1250513195991516,0.13693025708198547,0.1811462938785553,-0.20954692363739014,-0.2541193962097168,-0.280160129070282
8986,0.2,0,1,2.4565327167510986,4,0.01816391944885254,0.13750648498535156,8,0.026956796646118164,0.2909688949584961,0.5498108863830566,0.7723386287689209,0.8084543347358704,1.1642732620239258,0.42676520347595215,0.15640997886657715,0.270355224609375,0.20373845100402832,0.4417833089828491,0.0,-0.007090568542480469,-0.020733118057250977,0.11934256553649902,0.13750648498535156,0.010357856750488281,0.029871225357055664,-0.1435234546661377,-0.13876676559448242,0.0,0.0786142349243164,-0.048300743103027344,-0.21117591857910156,-0.3238091468811035,-0.11215376853942871,0.0798184871673584,0.26401209831237793,0.2909688949584961
9209,0.2,3,1,4.3641886711120605,2,0.0705251693725586,0.22599029541015625,8,0.16602301597595215,0.7365236282348633,0.4675505757331848,0.7242185473442078,1.3303710222244263,2.046849489212036,0.9605190753936768,0.592249870300293,0.3682692050933838,0.1633184552192688,0.6938689351081848,0.0,-0.09067392349243164,0.22599029541015625,0.1510791778564453,0.149017333984375,0.15546512603759766,-0.25937795639038086,-0.15790510177612305,-0.14986181259155273,0.0,0.2003035545349121,0.3677949905395508,-0.4500603675842285,-0.6157231330871582,-0.2756505012512207,-0.4570751190185547,0.5705006122589111,0.7365236282348633
9263,0.2,0,1,0.5347181558609009,4,8.940696716308594e-08,0.06555357575416565,0,0.000344693660736084,0.0,0.2182622253894806,0.2758191227912903,0.2808806300163269,0.3807539939880371,0.06555357575416565,0.0646030604839325,0.0009505152702331543,0.030094310641288757,0.08951489627361298,0.0,-0.032758474349975586,0.06555348634719849,0.06555342674255371,0.06555357575416565,0.04864570498466492,-0.09265965223312378,-0.09265965223312378,-0.09265965223312378,0.0,-0.022249996662139893,-0.000344693660736084,-0.000344693660736084,-0.000344693660736084,-0.00867760181427002,-0.02522730827331543,-0.025227069854736328,-0.025227129459381104
9289,0.2,3,10,0.26656603813171387,7,0.000448763370513916,0.0019362866878509521,8,0.0011974573135375977,0.10107164084911346,0.06154850125312805,0.09946247935295105,0.16079159080982208,0.21569059789180756,0.10457158088684082,0.08970840275287628,0.014863178133964539,0.012902614660561085,0.03245755285024643,0.0,0.0014875233173370361,-0.0028732120990753174,-0.012756437063217163,-0.011192083358764648,-0.005339145660400391,-0.010991781949996948,0.0019362866878509521,-0.001108318567276001,0.0,0.07041037082672119,-0.04385250806808472,-0.1413176953792572,-0.18236222863197327,-0.1889374852180481,0.03834658861160278,0.09987418353557587,0.10107164084911346
9381,0.2,0,10,0.46292173862457275,3,0.005103588104248047,0.052454590797424316,4,0.03044705092906952,0.22237010300159454,0.08556947857141495,0.13122664391994476,0.20182442665100098,0.2653247117996216,0.26361435651779175,0.26361435651779175,0.0,0.028474682942032814,0.07179770618677139,0.0,-0.020354032516479492,0.04735100269317627,0.052454590797424316,0.04633826017379761,0.02474650740623474,-0.12062251567840576,-0.1133657693862915,-0.10989212989807129,0.0,-0.11083358526229858,0.08578214049339294,0.19192305207252502,0.22237010300159454,0.13246876001358032,-0.16012108325958252,-0.36286890506744385,-0.2926445007324219
9576,0.2,3,1,0.11473596841096878,7,0.002836845815181732,0.013381950557231903,6,0.009843718260526657,0.05312853679060936,0.0423428900539875,0.061624739319086075,0.05930252745747566,0.07529953867197037,0.05779988318681717,0.05614091828465462,0.0016589649021625519,0.008565380237996578,0.028084907680749893,0.0,0.0032918155193328857,-0.021343179047107697,-0.022526182234287262,-0.019021786749362946,-0.006108440458774567,0.010545104742050171,0.013381950557231903,0.010132074356079102,0.0,0.02544058859348297,-0.0849287286400795,-0.06068059056997299,-0.06000175327062607,-0.04883483797311783,0.05312853679060936,0.0432848185300827,0.042580172419548035
9582,0.2,1,11,0.6628913283348083,2,0.051506876945495605,0.07665753364562988,4,0.029181599617004395,0.3729497790336609,0.2026958018541336,0.287529319524765,0.3908160328865051,0.4634440243244171,0.41675302386283875,0.36397624015808105,0.05277678370475769,0.0559394434094429,0.14953680336475372,0.0,-0.016093313694000244,0.07665753364562988,0.025150656700134277,-0.03478318452835083,0.018938004970550537,-0.13817667961120605,-0.08480137586593628,-0.030799806118011475,0.0,-0.22122257947921753,0.12900763750076294,0.3437681794166565,0.3729497790336609,0.23432594537734985,-0.3207377791404724,-0.565605103969574,-0.5524172186851501
9610,0.2,0,1,0.02086966298520565,8,0.0,0.002390686422586441,5,0.0027962857857346535,0.006699279882013798,0.00950219389051199,0.010558003559708595,0.009746585041284561,0.012277653440833092,0.008186105638742447,0.005743848159909248,0.0024422574788331985,0.0013612837065011263,0.0042409831658005714,0.0,0.000910809263586998,-0.0019737649708986282,-0.0019737649708986282,-0.0019737649708986282,-0.001506539061665535,0.002390686422586441,0.002390686422586441,0.002390686422586441,0.0,-0.009359929710626602,0.0039029940962791443,0.0039029940962791443,0.0039029940962791443,0.006699279882013798,-0.008981883525848389,-0.008981883525848389,-0.008981883525848389
9612,0.2,0,1,0.22243070602416992,4,0.009669557213783264,0.06456589698791504,4,0.005435094237327576,0.0708789974451065,0.08088560402393341,0.10576614737510681,0.10713116824626923,0.14168912172317505,0.11710941046476364,0.11710941046476364,0.0,0.010085280053317547,0.02870185114443302,0.0,-0.023039966821670532,0.03496892750263214,0.054896339774131775,0.06456589698791504,0.03069785237312317,-0.06137722730636597,-0.10377386212348938,-0.12492504715919495,0.0,-0.08256864547729492,0.03742881119251251,0.04782462120056152,0.0708789974451065,0.06544390320777893,-0.09078770875930786,-0.12137970328330994,-0.20553186535835266
9714,0.2,3,1,0.506439208984375,2,0.0038595199584960938,0.23562517762184143,6,0.056789666414260864,0.08536913990974426,0.1848674863576889,0.2128276228904724,0.26707759499549866,0.3407513201236725,0.3154662847518921,0.21797466278076172,0.09749162197113037,0.026868486776947975,0.06676383316516876,0.0,-0.08828341960906982,0.23562517762184143,0.22320255637168884,0.23176565766334534,0.11102080345153809,-0.392416775226593,-0.3787204623222351,-0.3920544385910034,0.0,-0.0007958412170410156,-0.19074517488479614,-0.0037544965744018555,0.0285794734954834,-0.02772611379623413,0.08536913990974426,-0.04882931709289551,-0.08457314968109131
9820,0.2,0,1,3.5511817932128906,4,0.0958702564239502,0.2156515121459961,4,0.162278413772583,0.3217189311981201,0.19681967794895172,0.2926443815231323,0.3646886348724365,0.5682569146156311,0.6094274520874023,0.6094274520874023,0.0,0.18918105959892273,0.39499494433403015,0.0,-0.013798713684082031,0.06862974166870117,0.1197812557220459,0.2156515121459961,0.020647048950195312,-0.0932915210723877,-0.13706111907958984,-0.17135858535766602,0.0,-0.025143146514892578,-0.05545854568481445,0.1594405174255371,0.3217189311981201,0.03615570068359375,0.08109140396118164,-0.24575328826904297,-0.2850961685180664
9870,0.2,1,17,0.20515570044517517,0,0.0014028698205947876,0.0,2,0.014065772294998169,0.06020301580429077,0.05605074763298035,0.08888682723045349,0.1219438686966896,0.14457347989082336,0.06253331899642944,0.054047465324401855,0.008485853672027588,0.011333739385008812,0.030804675072431564,0.0,-0.0015704929828643799,-0.013185650110244751,-0.021408364176750183,-0.02066865563392639,-0.0014028698205947876,-0.024094149470329285,-0.025560185313224792,-0.029739513993263245,0.0,-0.02764122188091278,0.06020301580429077,0.0461372435092926,0.04328422248363495,0.035437315702438354,-0.10950013995170593,-0.07193580269813538,-0.06232142448425293
9927,0.2,0,17,0.14475323259830475,6,0.0007681995630264282,0.00197736918926239,4,0.003450460731983185,0.028438769280910492,0.02687874808907509,0.04779629781842232,0.0658678263425827,0.08684046566486359,0.030010893940925598,0.02479057013988495,0.005220323801040649,0.009844869375228882,0.028856392949819565,0.0,0.001209169626235962,-0.012828528881072998,-0.012245386838912964,-0.011103779077529907,-0.006184235215187073,0.00197736918926239,0.0007509738206863403,-0.004214435815811157,0.0,-0.03909784555435181,0.013572216033935547,0.02063102275133133,0.028438769280910492,0.024988308548927307,-0.04801023006439209,-0.05005238950252533,-0.06797440350055695
9988,0.2,1,1,5.988664150238037,6,0.012837409973144531,0.35229063034057617,8,0.01387929916381836,0.5390481948852539,0.5754084587097168,0.8339874148368835,0.5940704345703125,0.9022735357284546,0.8824453353881836,0.8465118408203125,0.035933494567871094,0.24080078303813934,0.5815515518188477,0.0,0.03713560104370117,-0.23934221267700195,-0.1506061553955078,-0.2649507522583008,-0.05419015884399414,0.35229063034057617,0.25046205520629883,0.33945322036743164,0.0,0.10382223129272461,0.2660689353942871,-0.5675640106201172,-0.692716121673584,-0.14383363723754883,-0.22983503341674805,0.5251688957214355,0.5390481948852539
10162,0.2,1,3,0.06662850826978683,2,0.002177182585000992,0.012621909379959106,4,0.005860660225152969,0.033460162580013275,0.019520079717040062,0.029018107801675797,0.025186866521835327,0.03391372784972191,0.04199628159403801,0.0412447452545166,0.0007515363395214081,0.004828933626413345,0.02155698463320732,0.0,-0.002665586769580841,0.012621909379959106,0.00944448634982109,0.010444726794958115,0.0037653744220733643,-0.021749325096607208,-0.016185693442821503,-0.017193429172039032,0.0,-0.011455707252025604,-0.009310051798820496,0.027599502354860306,0.033460162580013275,0.013500533998012543,0.003024563193321228,-0.07496682554483414,-0.10029035061597824
10194,0.2,3,1,1.0228784084320068,7,0.0011402368545532227,0.17403197288513184,6,0.012099802494049072,0.45911866426467896,0.38575562834739685,0.49494755268096924,0.485233873128891,0.6760821342468262,0.5562396049499512,0.5372598171234131,0.018979787826538086,0.09516705572605133,0.21063770353794098,0.0,0.0675501823425293,-0.11571240425109863,-0.1700305938720703,-0.17170298099517822,-0.11537683010101318,0.1236647367477417,0.17403197288513184,0.1728917360305786,0.0,0.4362216591835022,-0.5042102336883545,-0.4720165729522705,-0.529503345489502,-0.9791324138641357,0.45911866426467896,0.4197390079498291,0.4470188617706299
10258,0.2,3,7,2.6913609504699707,2,0.061136484146118164,0.0987083911895752,2,0.3829081058502197,1.3343884944915771,0.43563660979270935,0.7231476306915283,1.1621668338775635,1.509905457496643,1.510427713394165,1.510427713394165,0.0,0.20406460762023926,0.5595778226852417,0.0,-0.013764381408691406,0.0987083911895752,0.023815631866455078,0.03757190704345703,0.01920032501220703,-0.0704953670501709,-0.03103947639465332,-0.033483266830444336,0.0,-0.5197844505310059,1.3343884944915771,0.9514803886413574,0.9268325567245483,0.9271607398986816,-1.0094103813171387,-0.806647777557373,-0.6912493705749512
10272,0.2,3,2,0.07908417284488678,0,0.0007787495851516724,0.0,2,0.0074907392263412476,0.0074907392263412476,0.014782366342842579,0.029340477660298347,0.04062473401427269,0.0580817349255085,0.008783303201198578,0.0001438632607460022,0.008639439940452576,0.007740301545709372,0.01475472841411829,0.0,-0.0007787495851516724,-0.0049188509583473206,-0.005606487393379211,-0.005577459931373596,-0.002809479832649231,-0.0066718608140945435,-0.00687786191701889,-0.008293457329273224,0.0,-0.016657255589962006,0.0074907392263412476,-0.03689383715391159,-0.05157017707824707,-0.041190676391124725,-0.0472848117351532,-0.0006831064820289612,-0.008488312363624573
10351,0.2,1,3,4.6532487869262695,2,0.004670143127441406,0.12367582321166992,4,0.01741790771484375,0.9913680553436279,0.49102210998535156,0.6629613041877747,1.2875540256500244,1.6022194623947144,1.0602612495422363,0.9538083076477051,0.10645294189453125,0.1493133157491684,0.3057290315628052,0.0,-0.007404804229736328,0.12367582321166992,0.09276390075683594,0.11900568008422852,0.009759902954101562,0.004131793975830078,0.08237648010253906,0.04856443405151367,0.0,-0.32291603088378906,0.5419187545776367,0.9739501476287842,0.9913680553436279,0.5019779205322266,-0.583101749420166,-0.845273494720459,-0.7717471122741699
10433,0.2,1,2,0.39969560503959656,2,0.01674443483352661,0.10180073976516724,2,0.08870157599449158,0.11615005135536194,0.09967838227748871,0.15629306435585022,0.22789280116558075,0.2830522656440735,0.19226214289665222,0.19226214289665222,0.0,0.032835982739925385,0.11526364088058472,0.0,-0.01691490411758423,0.10180073976516724,0.07069990038871765,0.08505630493164062,0.024800121784210205,-0.15460243821144104,-0.08959552645683289,-0.1024271547794342,0.0,-0.031856387853622437,0.11615005135536194,-0.06061321496963501,-0.03138172626495361,0.02744847536087036,-0.2710464298725128,-0.012830555438995361,-0.025955677032470703
10443,0.2,1,1,3.2273144721984863,2,0.18680119514465332,0.45713376998901367,8,0.05376887321472168,0.6549232006072998,0.5407778024673462,0.7744516134262085,0.8757393956184387,1.1958094835281372,1.1088578701019287,0.3195078372955322,0.7893500328063965,0.21941037476062775,0.5785478949546814,0.0,-0.1626746654510498,0.45713376998901367,0.24166440963745117,0.27033257484436035,0.26650023460388184,-0.5344259738922119,-0.27262377738952637,-0.2803316116333008,0.0,0.4248850345611572,-0.26141810417175293,-0.4470653533935547,-0.5476853847503662,-0.6210815906524658,0.3054828643798828,0.6011543273925781,0.6549232006072998
10451,0.2,0,10,3.0133073329925537,4,0.08766841888427734,0.35851263999938965,4,0.0466383695602417,1.014686942100525,0.5479049682617188,0.8087823390960693,0.9430187940597534,1.305679202079773,1.3834400177001953,1.3834400177001953,0.0,0.1797778457403183,0.44526851177215576,0.0,-0.01945781707763672,0.058672428131103516,0.2708442211151123,0.35851263999938965,0.029527902603149414,-0.08269262313842773,-0.28894829750061035,-0.2937915325164795,0.0,-0.14653778076171875,-0.0785667896270752,0.9680485725402832,1.014686942100525,0.22576355934143066,0.12346911430358887,-0.9200844764709473,-0.7512297630310059
10454,0.2,2,10,0.012384183704853058,1,5.5575743317604065e-05,5.5575743317604065e-05,8,0.000965009443461895,0.004879460670053959,0.0027185191866010427,0.004379982128739357,0.005497942678630352,0.008009536191821098,0.004879460670053959,0.004078886471688747,0.0008005741983652115,0.0007994509069249034,0.002658805111423135,0.0,5.5575743317604065e-05,-0.0015350021421909332,-0.0008164439350366592,-0.0014944430440664291,-0.00031773559749126434,-0.001100165769457817,-0.0015395870432257652,-0.0011295685544610023,0.0,0.002776559442281723,-0.0033658742904663086,-0.008635954931378365,-0.01432548463344574,-0.009604575112462044,0.0019262302666902542,0.003914451226592064,0.004879460670053959
10459,0.2,3,1,0.059744611382484436,4,0.0018580816686153412,0.026785708963871002,6,0.005347903817892075,0.012707609683275223,0.02868005260825157,0.03493593633174896,0.02424657717347145,0.03504403680562973,0.033435918390750885,0.0314410999417305,0.0019948184490203857,0.002700559562072158,0.013633336871862411,0.0,-0.013286992907524109,0.02492762729525566,0.024694744497537613,0.026785708963871002,0.015673238784074783,-0.06003311276435852,-0.0572376549243927,-0.06415340304374695,0.0,-0.005296081304550171,-0.031215406954288483,0.00644075870513916,0.007359705865383148,-0.00563492625951767,0.012707609683275223,-0.023108981549739838,-0.026642531156539917
10499,0.2,2,1,2.2292826175689697,2,0.1351919174194336,0.32840991020202637,5,0.06271612644195557,0.7333132028579712,0.4777291417121887,0.5842528939247131,0.5222545862197876,0.799130380153656,1.0588421821594238,0.8964660167694092,0.16237616539001465,0.1124240905046463,0.2640852928161621,0.0,-0.06006884574890137,0.32840991020202637,0.19321799278259277,0.14107370376586914,0.09981226921081543,-0.2801985740661621,-0.15597176551818848,-0.10628890991210938,0.0,-0.6209461688995361,0.5591831207275391,0.6020889282226562,0.6705970764160156,0.7333132028579712,-0.9623086452484131,-0.8586764335632324,-0.8728892803192139
10507,0.2,2,10,2.203460931777954,2,0.026041269302368164,0.05951356887817383,6,0.050656676292419434,0.4429227113723755,0.39949068427085876,0.5957232713699341,0.7951198816299438,1.2576717138290405,0.6361627578735352,0.3590364456176758,0.2771263122558594,0.22106698155403137,0.5705888867378235,0.0,-0.0049588680267333984,0.05951356887817383,0.0019576549530029297,0.033472299575805664,0.010967016220092773,-0.05125832557678223,-0.011788368225097656,-0.03296184539794922,0.0,0.012297868728637695,-0.23520708084106445,0.15216517448425293,0.39226603507995605,0.041437387466430664,0.4429227113723755,-0.16896271705627441,-0.3689000606536865
10697,0.2,2,2,1.7474966049194336,3,0.009915709495544434,0.10195863246917725,4,0.04372751712799072,0.748060941696167,0.25383830070495605,0.3459109663963318,0.8574824333190918,1.2259145975112915,0.8444123864173889,0.8144348859786987,0.029977500438690186,0.1354638934135437,0.33032768964767456,0.0,-0.022660136222839355,0.09204292297363281,0.10195863246917725,0.057253241539001465,0.03720378875732422,-0.11200201511383057,-0.10836219787597656,-0.05326879024505615,0.0,-0.3794114589691162,0.4846998453140259,0.7043334245681763,0.748060941696167,0.5883283615112305,-0.47037482261657715,-0.7534787654876709,-0.6738386154174805
10710,0.2,3,13,1.5153839588165283,4,0.01193380355834961,0.17753028869628906,5,0.06330162286758423,0.7840356230735779,0.270639032125473,0.35651326179504395,0.6175078749656677,0.8686591982841492,0.8865554928779602,0.845208466053009,0.04134702682495117,0.14098802208900452,0.3357430100440979,0.0,-0.07696270942687988,0.11045312881469727,0.16559648513793945,0.17753028869628906,0.103904128074646,-0.1754133701324463,-0.24251067638397217,-0.2536599636077881,0.0,-0.7063119411468506,0.4841557741165161,0.6364489197731018,0.7207340002059937,0.7840356230735779,-0.7236471176147461,-0.9000828266143799,-0.9670991897583008
10864,0.2,1,10,0.22952042520046234,6,0.010959342122077942,0.048118457198143005,4,0.005716383457183838,0.1465517282485962,0.08471858501434326,0.11790096759796143,0.1505679190158844,0.18187345564365387,0.15661205351352692,0.13721609115600586,0.019395962357521057,0.01915944553911686,0.04622262716293335,0.0,0.009188339114189148,-0.06876631081104279,-0.06715629994869232,-0.05269472301006317,-0.01491786539554596,0.048118457198143005,0.037159115076065063,0.018711835145950317,0.0,-0.12618552148342133,0.08476059138774872,0.14083534479141235,0.1465517282485962,0.10306824743747711,-0.23754464089870453,-0.4279592037200928,-0.365761935710907
10969,0.2,0,1,6.171944618225098,8,0.0,0.3054041862487793,5,0.15949487686157227,0.3015270233154297,0.7107518911361694,1.0230023860931396,0.7464395761489868,1.0701607465744019,0.6127023696899414,0.1785902976989746,0.4341120719909668,0.21660712361335754,0.5176280736923218,0.0,0.09464740753173828,-0.17186355590820312,-0.17186403274536133,-0.17186355590820312,-0.12351560592651367,0.3054041862487793,0.3054041862487793,0.3054041862487793,0.0,-0.23162031173706055,0.14203214645385742,0.14203166961669922,0.14203166961669922,0.3015270233154297,-0.22464370727539062,-0.22464323043823242,-0.22464227676391602
10972,0.2,1,1,3.517868995666504,7,0.008868217468261719,0.15056562423706055,7,0.04597759246826172,0.26575160026550293,0.5743483304977417,0.7770155072212219,0.7197291254997253,0.970807671546936,0.3684427738189697,0.3684427738189697,0.0,0.1865728497505188,0.4607612192630768,0.0,0.013578414916992188,-0.02668595314025879,-0.1436750888824463,-0.15182209014892578,-0.020925045013427734,0.03127121925354004,0.15056562423706055,0.14169740676879883,0.0,0.0667409896850586,0.016055583953857422,-0.2483072280883789,-0.24579548835754395,-0.09691286087036133,-0.014582633972167969,0.26575160026550293,0.2197740077972412
11083,0.2,3,1,2.0621328353881836,0,0.00337982177734375,0.0,3,0.0527806282043457,0.08361673355102539,0.293780654668808,0.5226287245750427,0.5270158648490906,0.8626468777656555,0.1475391387939453,0.0,0.1475391387939453,0.31858667731285095,0.7095340490341187,0.0,-0.03417634963989258,-0.012921333312988281,-0.023526430130004883,-0.041776180267333984,-0.00337982177734375,-0.1064603328704834,-0.0929102897644043,-0.07888984680175781,0.0,-0.4958484172821045,0.01907944679260254,0.08361673355102539,0.030836105346679688,-0.002379179000854492,-0.5290765762329102,-0.6525754928588867,-0.5528395175933838
11183,0.2,2,14,0.22245410084724426,3,0.0029224753379821777,0.023656770586967468,3,0.003860846161842346,0.051723673939704895,0.04406801611185074,0.06766632199287415,0.10652582347393036,0.1417894959449768,0.0671146959066391,0.06654231250286102,0.0005723834037780762,0.015782784670591354,0.03928253427147865,0.0,-0.013126194477081299,0.02026107907295227,0.023656770586967468,0.02073429524898529,0.01696181297302246,-0.03131359815597534,-0.03844571113586426,-0.03393810987472534,0.0,-0.06825965642929077,-0.050509244203567505,0.051723673939704895,0.04786282777786255,0.005060926079750061,0.005572572350502014,-0.1713060438632965,-0.156479150056839
11246,0.2,0,3,8.878806114196777,8,0.06246185302734375,0.24199485778808594,8,0.2312021255493164,0.4880800247192383,0.5784011483192444,0.792497992515564,1.442395567893982,1.9086503982543945,0.8016376495361328,0.8016376495361328,0.0,0.2640771269798279,0.544087290763855,0.0,0.021422386169433594,0.021869659423828125,-0.04356670379638672,-0.06913185119628906,-0.01528167724609375,0.06165790557861328,0.1795330047607422,0.24199485778808594,0.0,0.17385101318359375,0.01589679718017578,-0.11156940460205078,-0.2272634506225586,-0.1323108673095703,0.03312492370605469,0.2568778991699219,0.4880800247192383
11272,0.2,2,10,0.40588194131851196,2,0.032674968242645264,0.06341472268104553,2,0.01312902569770813,0.1358220875263214,0.06378310918807983,0.1132572665810585,0.1523648500442505,0.213143453001976,0.182534322142601,0.182534322142601,0.0,0.03449148312211037,0.11736276745796204,0.0,-0.023311883211135864,0.06341472268104553,0.028475046157836914,0.03073975443840027,0.029979020357131958,-0.11876052618026733,-0.06984403729438782,-0.0838337242603302,0.0,-0.14581793546676636,0.1358220875263214,-0.0127219557762146,0.06604781746864319,0.12269306182861328,-0.27035027742385864,-0.12999975681304932,-0.20002442598342896
11374,0.2,2,1,0.18459996581077576,4,0.0014196783304214478,0.03910602629184723,6,0.020931854844093323,0.02698194980621338,0.08534868061542511,0.10267553478479385,0.08150175958871841,0.12206681072711945,0.08439003676176071,0.01722218096256256,0.06716785579919815,0.016680138185620308,0.05161115527153015,0.0,-0.007972866296768188,0.03768634796142578,0.02258269488811493,0.03910602629184723,0.010594412684440613,-0.06382989883422852,-0.038878560066223145,-0.05362597107887268,0.0,0.006050094962120056,-0.15313899517059326,-0.007187008857727051,-0.01619790494441986,-0.035352468490600586,0.02698194980621338,-0.03198602795600891,-0.021643519401550293
11531,0.2,1,2,1.1478471755981445,4,0.05654984712600708,0.282102108001709,4,0.0805618166923523,0.4014055132865906,0.29772859811782837,0.4250699281692505,0.3549054265022278,0.5033159852027893,0.5943344831466675,0.5943344831466675,0.0,0.11561596393585205,0.2888617217540741,0.0,-0.026224613189697266,0.16178566217422485,0.2255522608757019,0.282102108001709,0.04237103462219238,-0.20843219757080078,-0.18228232860565186,-0.22542822360992432,0.0,-0.11042642593383789,-0.1003425121307373,0.3208436965942383,0.4014055132865906,0.11915850639343262,-0.09133315086364746,-0.42500627040863037,-0.43860888481140137
11606,0.2,1,10,0.23525170981884003,2,0.0027948617935180664,0.06933541595935822,4,0.012772396206855774,0.07111412286758423,0.06076180189847946,0.08989151567220688,0.10316488891839981,0.15066209435462952,0.11745044589042664,0.11433599889278412,0.003114446997642517,0.016377706080675125,0.038391124457120895,0.0,-0.019642159342765808,0.06933541595935822,0.06654055416584015,0.06386685371398926,0.026557788252830505,-0.10673286020755768,-0.09119601547718048,-0.08203299343585968,0.0,-0.03265784680843353,0.032204389572143555,0.058341726660728455,0.07111412286758423,0.03764909505844116,-0.07796113193035126,-0.09514720737934113,-0.08806701004505157
11622,0.2,0,15,3.384943962097168,4,0.17363834381103516,0.7143712043762207,4,0.21419262886047363,0.563990592956543,0.7105766534805298,0.7976877093315125,1.007459282875061,1.29561448097229,1.3604118824005127,1.3604118824005127,0.0,0.1539122760295868,0.4033220708370209,0.0,-0.012496709823608398,-0.16445684432983398,0.5407328605651855,0.7143712043762207,0.020656824111938477,0.24538516998291016,-0.19437837600708008,-0.28507542610168457,0.0,0.01882004737854004,-0.2103416919708252,0.22880220413208008,0.563990592956543,-0.02643442153930664,0.34979796409606934,-0.028374195098876953,-0.21782851219177246
11668,0.2,1,1,3.3638412952423096,6,0.08623123168945312,0.42920756340026855,6,0.01908731460571289,0.1882309913635254,0.56952965259552,0.781048059463501,0.614890456199646,0.9933540225028992,0.5680372714996338,0.5680372714996338,0.0,0.31531062722206116,0.7474985122680664,0.0,0.15068459510803223,-0.40459156036376953,-0.30893921852111816,-0.31079959869384766,-0.24123573303222656,0.42920756340026855,0.34297633171081543,0.3259754180908203,0.0,0.11570167541503906,-0.13540959358215332,-0.030340909957885742,-0.11345171928405762,-0.13052892684936523,0.1882309913635254,0.053458452224731445,0.1691436767578125
11738,0.2,3,1,6.927248954772949,8,0.0025458335876464844,0.28407859802246094,5,0.9389486312866211,1.6241769790649414,0.6972426176071167,0.866100013256073,1.2518867254257202,1.7529654502868652,1.9078292846679688,1.3658380508422852,0.5419912338256836,0.18622145056724548,0.4919593930244446,0.0,0.19897079467773438,-0.18126201629638672,-0.17867231369018555,-0.18931913375854492,-0.26308155059814453,0.28153276443481445,0.2693490982055664,0.28407859802246094,0.0,-0.7942652702331543,0.6852283477783203,0.4174461364746094,0.39281702041625977,1.6241769790649414,-0.7259116172790527,-0.4646162986755371,-0.4133033752441406
11894,0.2,0,1,0.750276505947113,2,0.029298841953277588,0.08378022909164429,4,0.03399699926376343,0.14636003971099854,0.1931735873222351,0.23781512677669525,0.3184952139854431,0.3953579366207123,0.23817932605743408,0.22030097246170044,0.017878353595733643,0.033993590623140335,0.07519064843654633,0.0,-0.018460452556610107,0.08378022909164429,0.0544813871383667,0.031863629817962646,0.026190757751464844,-0.14384299516677856,-0.08800381422042847,-0.0694352388381958,0.0,-0.0911819338798523,0.04734933376312256,0.10064750909805298,0.14636003971099854,0.11236304044723511,-0.07615739107131958,-0.18786078691482544,-0.2888873219490051
11906,0.2,1,7,6.02288293838501,3,0.015704631805419922,0.0335536003112793,2,0.016533851623535156,0.2438340187072754,0.3317590057849884,0.5755077004432678,0.5618325471878052,1.0591684579849243,0.27244138717651367,0.24775362014770508,0.024687767028808594,0.26963111758232117,0.5400328040122986,0.0,-0.005063533782958984,0.006351470947265625,0.0335536003112793,0.0011897087097167969,0.0073375701904296875,-0.0036215782165527344,-0.03162431716918945,0.017848968505859375,0.0,-0.11020565032958984,0.2438340187072754,0.047617435455322266,0.003010272979736328,0.22730016708374023,-0.25929737091064453,-0.010938167572021484,0.0760655403137207
11960,0.2,1,6,0.7904680371284485,6,0.11278426647186279,0.21297025680541992,6,0.0360904335975647,0.22353625297546387,0.21775135397911072,0.2997656464576721,0.40054577589035034,0.518056333065033,0.37228599190711975,0.37228599190711975,0.0,0.06717278063297272,0.212016299366951,0.0,0.04003041982650757,-0.4591140151023865,-0.20258069038391113,-0.17201721668243408,-0.07120674848556519,0.21297025680541992,0.10018599033355713,0.060936689376831055,0.0,0.007820665836334229,-0.29900211095809937,0.11329185962677002,0.18744581937789917,-0.018041253089904785,0.22353625297546387,-0.136344313621521,-0.18932074308395386
11967,0.2,0,12,3.2267115116119385,2,0.08083605766296387,0.16780614852905273,2,0.10474324226379395,0.1920182704925537,0.37639695405960083,0.5083096027374268,0.4218476712703705,0.741595983505249,0.4057307243347168,0.4057307243347168,0.0,0.0995008572936058,0.3633432388305664,0.0,-0.0067789554595947266,0.16780614852905273,0.0066013336181640625,-0.018103837966918945,0.010115385055541992,-0.18553614616394043,0.05871391296386719,0.08697009086608887,0.0,-0.03893852233886719,0.1920182704925537,0.08727502822875977,0.028331995010375977,0.07704782485961914,-0.22491025924682617,-0.0005197525024414062,0.01742076873779297
11972,0.2,0,10,0.06566368788480759,4,0.0012755580246448517,0.011403568089008331,4,0.0025872550904750824,0.005940861999988556,0.014830055646598339,0.022633902728557587,0.025390807539224625,0.03730753809213638,0.014842148870229721,0.013595923781394958,0.0012462250888347626,0.004956850782036781,0.010970879346132278,0.0,-0.0014559701085090637,0.00283021479845047,0.01012801006436348,0.011403568089008331,0.0016973689198493958,-0.006107725203037262,-0.023457452654838562,-0.020739413797855377,0.0,-0.0006971284747123718,-0.004015401005744934,-0.000963263213634491,0.005940861999988556,0.00018030405044555664,0.0033536069095134735,-0.008347801864147186,-0.009089365601539612
11981,0.2,0,0,2.224839210510254,8,0.0,0.13663840293884277,5,0.1414257287979126,0.24270117282867432,0.5852380990982056,0.7394838333129883,0.6754547357559204,1.09688138961792,0.38609111309051514,0.1695728302001953,0.21651828289031982,0.23083138465881348,0.6925579905509949,0.0,0.04406094551086426,-0.11541342735290527,-0.11541366577148438,-0.11541366577148438,-0.0751805305480957,0.13663816452026367,0.13663840293884277,0.13663840293884277,0.0,-0.15665340423583984,0.10127425193786621,0.10127425193786621,0.10127544403076172,0.24270117282867432,-0.1460890769958496,-0.1460890769958496,-0.1460890769958496
11988,0.2,0,1,3.0832347869873047,2,0.030271053314208984,0.3058505058288574,4,0.0194394588470459,0.10095787048339844,0.46589380502700806,0.6848660111427307,0.3902050852775574,0.6196492314338684,0.4500243663787842,0.37494540214538574,0.07507896423339844,0.1985326111316681,0.4795612692832947,0.0,-0.07424807548522949,0.3058505058288574,0.27557945251464844,0.23322057723999023,0.1151590347290039,-0.3358602523803711,-0.2881627082824707,-0.22524738311767578,0.0,-0.05541515350341797,0.024935245513916016,0.08151841163635254,0.10095787048339844,0.06659960746765137,-0.05075502395629883,-0.13974332809448242,-0.18842816352844238
11989,0.2,3,1,0.06139332428574562,4,1.6994774341583252e-05,0.010514911264181137,2,0.005128476768732071,0.008809000253677368,0.020362496376037598,0.024772951379418373,0.028841402381658554,0.043146006762981415,0.017825927585363388,0.017639800906181335,0.0001861266791820526,0.003351521911099553,0.0071874517016112804,0.0,-0.005432453006505966,0.010497916489839554,0.009891863912343979,0.010514911264181137,0.007238216698169708,-0.019499439746141434,-0.01899532601237297,-0.020676705986261368,0.0,-0.005777832120656967,0.008809000253677368,0.00022334977984428406,-0.003144357353448868,0.0036805234849452972,-0.017295125871896744,-0.0035785548388957977,-0.0006955191493034363
12042,0.2,3,1,0.2331022322177887,2,0.0036680251359939575,0.07883867621421814,5,0.005657568573951721,0.06836037337779999,0.07674179971218109,0.08860347419977188,0.11389155685901642,0.14494352042675018,0.1291532814502716,0.12461748719215393,0.004535794258117676,0.01871470734477043,0.04590776190161705,0.0,-0.0344562828540802,0.07883867621421814,0.07517065107822418,0.07441145181655884,0.044416770339012146,-0.13330894708633423,-0.12524285912513733,-0.12389928102493286,0.0,-0.06852760910987854,0.05131910741329193,0.061882197856903076,0.06270280480384827,0.06836037337779999,-0.09318903088569641,-0.09916925430297852,-0.10025659203529358
12140,0.2,2,1,0.0031346967443823814,4,2.2352207452058792e-05,0.0005014955531805754,6,0.00016979360952973366,0.0006477481219917536,0.0008905206923373044,0.001122468849644065,0.0007988869328983128,0.0012505047488957644,0.00114790303632617,0.00012086378410458565,0.0010270392522215843,0.00032878905767574906,0.0010037164902314544,0.0,-0.00039624026976525784,0.00044264388270676136,0.0004791433457285166,0.0005014955531805754,0.0003740473184734583,-0.0013729222118854523,-0.0015331180766224861,-0.001608341932296753,0.0,0.0004779545124620199,-0.000832695048302412,-0.0004302132874727249,-0.00038424250669777393,-0.0013944017700850964,0.0006477481219917536,0.00037262076511979103,0.0003106859512627125
12156,0.2,0,1,0.26514363288879395,1,0.005207806825637817,0.007470905780792236,6,0.0036514848470687866,0.06650695204734802,0.09512105584144592,0.11333803832530975,0.08872933685779572,0.1255612075328827,0.07340487837791443,0.06637346744537354,0.0070314109325408936,0.013599524274468422,0.038910143077373505,0.0,0.007470905780792236,-0.027480721473693848,-0.07524585723876953,-0.08806052803993225,-0.022397994995117188,-0.0061730146408081055,0.002263098955154419,-0.003568291664123535,0.0,0.051202818751335144,-0.062174707651138306,-0.06132593750953674,-0.06494802236557007,-0.10674801468849182,0.06650695204734802,0.06285546720027924,0.05889849364757538
12227,0.2,0,2,0.25860050320625305,4,0.007946595549583435,0.022194981575012207,4,0.02208860218524933,0.04830057919025421,0.08299469947814941,0.099671371281147,0.06807468086481094,0.10204200446605682,0.0670558363199234,0.0670558363199234,0.0,0.017901083454489708,0.05373649671673775,0.0,-0.0018146932125091553,0.000464022159576416,0.014248386025428772,0.022194981575012207,0.002433955669403076,-0.003618180751800537,-0.023086369037628174,-0.033837974071502686,0.0,-0.015014976263046265,0.007102072238922119,0.026211977005004883,0.04830057919025421,0.019089624285697937,-0.013088762760162354,-0.04790365695953369,-0.07353493571281433
12246,0.2,3,1,1.648439884185791,6,0.08162784576416016,0.10911750793457031,4,0.002797722816467285,0.3939986228942871,0.2762988209724426,0.3798883259296417,0.46696028113365173,0.7030774354934692,0.5343222618103027,0.34017181396484375,0.19415044784545898,0.2008032351732254,0.4302758276462555,0.0,0.027489662170410156,-0.2102717161178589,-0.05427742004394531,-0.07354593276977539,-0.05334019660949707,0.10911750793457031,-0.016361713409423828,-0.005078554153442383,0.0,-0.3307182788848877,0.16973614692687988,0.3860762119293213,0.3939986228942871,0.3912009000778198,-0.28149914741516113,-0.49520111083984375,-0.48288965225219727
12358,0.2,3,1,0.2705814838409424,1,0.0016372203826904297,0.0016372203826904297,6,0.00834093987941742,0.06038656830787659,0.04919788986444473,0.08759012073278427,0.18091189861297607,0.2131364494562149,0.06038656830787659,0.049668774008750916,0.010717794299125671,0.008246970362961292,0.0251685231924057,0.0,0.0016372203826904297,-0.019533365964889526,-0.01763477921485901,-0.015585005283355713,-0.007026642560958862,-0.003761202096939087,-0.004030734300613403,-0.008190333843231201,0.0,0.04021197557449341,-0.0636124312877655,-0.06658607721328735,-0.061876505613327026,-0.0885452926158905,0.06038656830787659,0.05204562842845917,0.044708237051963806
12388,0.2,2,17,0.7073326706886292,3,0.0032795071601867676,0.029610872268676758,5,0.038109540939331055,0.2172003984451294,0.14184720814228058,0.24740943312644958,0.3669380843639374,0.4871451258659363,0.23979514837265015,0.23144447803497314,0.008350670337677002,0.05073372274637222,0.13428492844104767,0.0,-0.018773019313812256,0.02633136510848999,0.029610872268676758,0.013213098049163818,0.02073591947555542,-0.07211536169052124,-0.07254642248153687,-0.05931127071380615,0.0,-0.1339053511619568,0.17340415716171265,0.17909085750579834,0.1434001922607422,0.2172003984451294,-0.1894627809524536,-0.18127381801605225,-0.10884898900985718
12479,0.2,2,1,1.6406526565551758,6,0.03472340106964111,0.285577654838562,5,0.014502882957458496,0.14306163787841797,0.4144432544708252,0.5400874018669128,0.5586865544319153,0.7571800947189331,0.43064379692077637,0.21213078498840332,0.21851301193237305,0.1356326937675476,0.37028059363365173,0.0,0.10907316207885742,-0.2564413547515869,-0.20838606357574463,-0.2275385856628418,-0.1814861297607422,0.285577654838562,0.2374342679977417,0.2508542537689209,0.0,-0.12123382091522217,0.12855875492095947,0.04898691177368164,0.016581058502197266,0.14306163787841797,-0.19626998901367188,-0.07778608798980713,-0.03340470790863037
12576,0.2,3,1,2.4460337162017822,6,0.023237943649291992,0.33106231689453125,2,0.09170675277709961,0.21246957778930664,0.565029501914978,0.8451746702194214,0.7513384819030762,1.352031946182251,0.5268813371658325,0.3842434883117676,0.14263784885406494,0.10417167842388153,0.3207351267337799,0.0,0.13085484504699707,-0.2956736087799072,-0.27187132835388184,-0.2803518772125244,-0.20471715927124023,0.33106231689453125,0.3036346435546875,0.30782437324523926,0.0,-0.06145524978637695,0.21246957778930664,0.0337984561920166,-0.0688469409942627,0.12076282501220703,-0.24660658836364746,-0.026736974716186523,0.09021115303039551
12665,0.2,0,14,0.3458707332611084,7,0.008536934852600098,0.04097244143486023,4,0.02230486273765564,0.10012906789779663,0.15186581015586853,0.19134415686130524,0.1261453777551651,0.17187903821468353,0.1259487271308899,0.08542266488075256,0.04052606225013733,0.02721845544874668,0.06223026663064957,0.0,0.01007959246635437,-0.023826777935028076,-0.03132730722427368,-0.02193126082420349,-0.016482800245285034,0.03243550658226013,0.04097244143486023,0.029353201389312744,0.0,-0.07390603423118591,0.011798441410064697,0.06861427426338196,0.10012906789779663,0.07782420516014099,-0.02483499050140381,-0.13183295726776123,-0.20466738939285278
12705,0.2,0,17,0.07006816565990448,4,0.0,0.0036312714219093323,1,0.00018883496522903442,0.007802214473485947,0.01917393133044243,0.02780425176024437,0.02221866138279438,0.032356321811676025,0.010962046682834625,0.00578644871711731,0.005175597965717316,0.005169236101210117,0.01893593557178974,0.0,-0.001988917589187622,0.0036312714219093323,0.0036312714219093323,0.0036312714219093323,0.002358444035053253,-0.007911086082458496,-0.007911086082458496,-0.007911086082458496,0.0,0.007802214473485947,-0.009189136326313019,-0.009189136326313019,-0.009189136326313019,-0.024717159569263458,0.007613379508256912,0.007613379508256912,0.007613379508256912
12774,0.2,2,11,0.15140776336193085,2,0.0004910081624984741,0.03531702607870102,8,0.0031369999051094055,0.06820868700742722,0.03868118301033974,0.06167655065655708,0.07513942569494247,0.09864909946918488,0.08587615191936493,0.044666171073913574,0.041209980845451355,0.007175603415817022,0.015420012176036835,0.0,-0.009504884481430054,0.03531702607870102,0.034826017916202545,0.03422688692808151,0.013293951749801636,-0.06068249046802521,-0.05829779803752899,-0.05657939612865448,0.0,0.05065564811229706,-0.11169429123401642,-0.322348952293396,-0.4288111925125122,-0.23029305040836334,0.043713293969631195,0.06507168710231781,0.06820868700742722
12789,0.2,2,2,2.6170284748077393,2,0.04402422904968262,0.14931941032409668,3,0.022298574447631836,0.04096388816833496,0.4639008641242981,0.7468334436416626,0.7114090323448181,1.1026904582977295,0.19007444381713867,0.17243170738220215,0.017642736434936523,0.2891809046268463,0.6048752069473267,0.0,-0.027742385864257812,0.14931941032409668,0.08679842948913574,0.10529518127441406,0.08370685577392578,-0.04841351509094238,0.0012364387512207031,-0.012459278106689453,0.0,-0.07095479965209961,0.018665313720703125,0.04096388816833496,-0.032413482666015625,0.011587858200073242,-0.07950091361999512,-0.10789179801940918,-0.01692938804626465
12827,0.2,0,3,0.048697471618652344,7,0.0004893392324447632,0.0060003288090229034,2,0.00024008005857467651,0.0022173449397087097,0.01242308784276247,0.01927833817899227,0.027491126209497452,0.031172430142760277,0.008700631558895111,0.0033585652709007263,0.005342066287994385,0.0031302249990403652,0.008622155524790287,0.0,0.0007059201598167419,-0.004755217581987381,-0.007738828659057617,-0.011815845966339111,-0.0011152811348438263,0.00551098957657814,0.0060003288090229034,0.004937674850225449,0.0,-0.0005801506340503693,0.0022173449397087097,0.001977264881134033,-0.004981767386198044,0.0005762837827205658,-0.0037403739988803864,-0.004979167133569717,0.0008285269141197205
12859,0.2,1,1,0.009688853286206722,8,9.34600830078125e-05,0.0008417675271630287,5,0.0002448009327054024,0.0013451343402266502,0.002497132634744048,0.003655739827081561,0.0035430111456662416,0.00500472029671073,0.0019545010291039944,0.0005524372681975365,0.001402063760906458,0.0007698861882090569,0.0021910686045885086,0.0,0.0004318384453654289,-0.0013292962685227394,-0.0011010095477104187,-0.001302650198340416,-0.00103803351521492,0.00045699626207351685,0.0007483074441552162,0.0008417675271630287,0.0,-0.00347259733825922,0.0011003334075212479,0.000640207901597023,0.00073271244764328,0.0013451343402266502,-0.0032650399953126907,-0.0014081699773669243,-0.0017663855105638504
12888,0.2,3,7,0.8200531005859375,8,0.016636371612548828,0.06701254844665527,1,0.030049443244934082,0.16108864545822144,0.14399081468582153,0.270411878824234,0.36085769534111023,0.4750332832336426,0.21561288833618164,0.19219547510147095,0.023417413234710693,0.081088125705719,0.1766103208065033,0.0,0.026861846446990967,-0.06315100193023682,-0.06046652793884277,-0.08227783441543579,-0.06037545204162598,0.040813148021698,0.050376176834106445,0.06701254844665527,0.0,0.16108864545822144,-0.11165690422058105,-0.13704264163970947,-0.14844763278961182,-0.3688819408416748,0.1129997968673706,0.13103920221328735,0.12797504663467407
12892,0.2,0,0,0.6170780062675476,4,0.0,0.06805378198623657,4,1.1920928955078125e-07,0.022704124450683594,0.26618054509162903,0.35921844840049744,0.30102866888046265,0.3871591091156006,0.08364391326904297,0.08364373445510864,1.7881393432617188e-07,0.05129850655794144,0.12152688205242157,0.0,-0.040075063705444336,0.06805378198623657,0.06805378198623657,0.06805378198623657,0.05730581283569336,-0.11008554697036743,-0.11008542776107788,-0.11008566617965698,0.0,-0.0850340723991394,0.022703886032104492,0.022704005241394043,0.022704124450683594,0.011932671070098877,-0.07301878929138184,-0.07301861047744751,-0.07301896810531616
12937,0.2,1,1,0.10249228030443192,6,0.006970584392547607,0.009066388010978699,4,0.007295243442058563,0.045298799872398376,0.020956337451934814,0.02887543849647045,0.045564498752355576,0.061767905950546265,0.04804880544543266,0.04044310003519058,0.007605705410242081,0.007887491956353188,0.018549898639321327,0.0,0.0020958036184310913,-0.013773158192634583,-0.012657590210437775,-0.014480650424957275,-0.004177950322628021,0.009066388010978699,0.001096576452255249,-0.0025149211287498474,0.0,-0.02920425683259964,0.024204328656196594,0.03800355643033981,0.045298799872398376,0.031005941331386566,-0.046925269067287445,-0.07557543367147446,-0.0828884169459343
13040,0.2,2,10,7.09787130355835,8,0.0037622451782226562,0.5001349449157715,8,0.13121938705444336,0.5547127723693848,0.6219096183776855,0.87952721118927,1.032832384109497,1.7287676334381104,1.034383773803711,1.0328073501586914,0.0015764236450195312,0.21444766223430634,0.39549869298934937,0.0,0.09002017974853516,-0.24136877059936523,-0.42327022552490234,-0.43978357315063477,-0.14311981201171875,0.3632025718688965,0.49637269973754883,0.5001349449157715,0.0,0.12791061401367188,0.27921628952026367,-0.2870779037475586,-0.45380592346191406,-0.11100006103515625,-0.10497665405273438,0.4234933853149414,0.5547127723693848
13088,0.2,3,1,2.8679184913635254,8,0.036156415939331055,0.6243021488189697,1,0.25596094131469727,1.5901515483856201,0.763839066028595,0.917130172252655,0.7301265597343445,0.9114339351654053,1.981987476348877,1.8296451568603516,0.1523423194885254,0.11551445722579956,0.3924614191055298,0.0,0.3624386787414551,-0.46907711029052734,-0.45801758766174316,-0.5115842819213867,-0.5958845615386963,0.5881457328796387,0.57476806640625,0.6243021488189697,0.0,1.5901515483856201,-1.1870431900024414,-1.0797791481018066,-1.1799120903015137,-2.725033760070801,1.3341906070709229,1.2110854387283325,1.2493066787719727
13139,0.2,3,2,0.3900116980075836,4,0.0058695971965789795,0.06137627363204956,5,0.004028767347335815,0.13981199264526367,0.10152913630008698,0.1499299854040146,0.18336565792560577,0.28392767906188965,0.2064315527677536,0.18439877033233643,0.022032782435417175,0.03320247679948807,0.0871584564447403,0.0,-0.04010748863220215,0.032812654972076416,0.05550667643547058,0.06137627363204956,0.03817838430404663,-0.08395722508430481,-0.1130891740322113,-0.12496283650398254,0.0,-0.2011813223361969,0.04145529866218567,0.1339937150478363,0.13578322529792786,0.13981199264526367,-0.21497848629951477,-0.24495574831962585,-0.22597530484199524
13193,0.2,2,7,3.3536665439605713,2,0.05824637413024902,0.2681126594543457,6,0.17682790756225586,0.3228340148925781,0.4680089056491852,0.882872998714447,0.9605046510696411,1.3200069665908813,0.6177325248718262,0.11296820640563965,0.5047643184661865,0.17600443959236145,0.5834106802940369,0.0,-0.07644343376159668,0.2681126594543457,0.20986628532409668,0.20179152488708496,0.12072992324829102,-0.2963404655456543,-0.2391664981842041,-0.21490979194641113,0.0,0.14600610733032227,-0.3002002239227295,-0.08122920989990234,-0.16889619827270508,-0.24257564544677734,0.3228340148925781,0.08625078201293945,0.14589405059814453
13204,0.2,1,0,0.47714924812316895,8,0.0048452019691467285,0.06338098645210266,8,0.011740773916244507,0.047917455434799194,0.20763878524303436,0.29537418484687805,0.227995827794075,0.35554879903793335,0.10771527886390686,0.10771527886390686,0.0,0.062237679958343506,0.1754618138074875,0.0,0.017281830310821533,-0.03686320781707764,-0.057010650634765625,-0.06375002861022949,-0.029203414916992188,0.036460816860198975,0.05853578448295593,0.06338098645210266,0.0,0.023910939693450928,-0.0043770670890808105,-0.03579246997833252,-0.047183454036712646,-0.04756593704223633,0.0009668171405792236,0.03617668151855469,0.047917455434799194
13228,0.2,1,13,0.4661407470703125,8,0.002182215452194214,0.059025079011917114,8,0.0018327832221984863,0.12674367427825928,0.1169593557715416,0.21333450078964233,0.18742266297340393,0.2505757212638855,0.17084980010986328,0.16869902610778809,0.0021507740020751953,0.043717414140701294,0.1216486394405365,0.0,0.013534069061279297,-0.08706128597259521,-0.09467464685440063,-0.1390647292137146,-0.028471946716308594,0.0568428635597229,0.03795051574707031,0.059025079011917114,0.0,0.045877039432525635,-0.02705603837966919,-0.22172564268112183,-0.2635571360588074,-0.09907442331314087,-0.03685504198074341,0.12491089105606079,0.12674367427825928
13246,0.2,2,10,2.6954867839813232,8,0.021330595016479492,0.3345625400543213,5,0.05611276626586914,0.3567359447479248,0.5024330019950867,0.6289058327674866,0.8273164629936218,1.1119158267974854,0.6731002330780029,0.21905732154846191,0.454042911529541,0.1381705105304718,0.4594016373157501,0.0,0.08744645118713379,-0.3005540370941162,-0.3607516288757324,-0.39549899101257324,-0.14366650581359863,0.2597181797027588,0.3132319450378418,0.3345625400543213,0.0,-0.20020842552185059,0.30062317848205566,0.27880334854125977,0.22311782836914062,0.3567359447479248,-0.3756370544433594,-0.27054548263549805,-0.17668604850769043
13372,0.2,0,1,1.8761711120605469,7,1.1920928955078125e-07,0.06292569637298584,5,0.10074019432067871,0.16572952270507812,0.31663039326667786,0.5044159293174744,0.4212530255317688,0.7252360582351685,0.21645450592041016,0.13610243797302246,0.0803520679473877,0.23665711283683777,0.6170289516448975,0.0,0.02264547348022461,-0.04347515106201172,-0.04347515106201172,-0.04347527027130127,-0.03408193588256836,0.06292557716369629,0.06292569637298584,0.06292557716369629,0.0,-0.10555064678192139,0.06498908996582031,0.06498932838439941,0.06498885154724121,0.16572952270507812,-0.08761930465698242,-0.08761918544769287,-0.08761906623840332
13727,0.2,2,1,0.03943133354187012,4,0.003564130514860153,0.0054406337440013885,2,0.0009711273014545441,0.009620167315006256,0.012037735432386398,0.016522426158189774,0.02081497199833393,0.028415605425834656,0.014274459332227707,0.012486539781093597,0.0017879195511341095,0.003043858800083399,0.008421514183282852,0.0,-0.0013325996696949005,0.001313723623752594,0.0018765032291412354,0.0054406337440013885,0.0010801181197166443,-0.006450396031141281,-0.0062008872628211975,-0.01085742935538292,0.0,-0.01230458915233612,0.009620167315006256,0.005891036242246628,0.007448259741067886,0.008649040013551712,-0.027567259967327118,-0.017553173005580902,-0.017986498773097992
13782,0.2,1,10,0.17955808341503143,4,0.004324764013290405,0.040609076619148254,5,0.004768267273902893,0.03156447410583496,0.036240529268980026,0.05544367805123329,0.06632844358682632,0.09279009699821472,0.06590311229228973,0.06227914243936539,0.003623969852924347,0.011008476838469505,0.02545740455389023,0.0,-0.01825632154941559,0.03628431260585785,0.035519078373909,0.040609076619148254,0.024126410484313965,-0.056226953864097595,-0.05409853160381317,-0.06171110272407532,0.0,-0.039482370018959045,0.021461397409439087,0.019939973950386047,0.026796206831932068,0.03156447410583496,-0.04509495198726654,-0.03911851346492767,-0.05404162406921387
13790,0.2,2,1,0.16940747201442719,6,0.010870277881622314,0.020247340202331543,6,0.04615712910890579,0.12735134363174438,0.0576946958899498,0.06777451187372208,0.11591659486293793,0.14156584441661835,0.12974993884563446,0.1284559816122055,0.001293957233428955,0.005867034662514925,0.01734943501651287,0.0,0.0009494125843048096,-0.019580692052841187,-0.0037502795457839966,0.009377062320709229,-0.0015889257192611694,0.020247340202331543,0.004822537302970886,-0.011591419577598572,0.0,0.04994303733110428,-0.42899566888809204,-0.19783298671245575,-0.09326739609241486,-0.12586526572704315,0.12735134363174438,0.08119421452283859,0.04494921863079071
13824,0.2,0,1,3.178431749343872,8,0.017004013061523438,0.7410218715667725,2,0.019176483154296875,0.5071265697479248,0.6225970983505249,0.8606120347976685,0.8461513519287109,1.3143705129623413,1.1692779064178467,0.152968168258667,1.0163097381591797,0.13068315386772156,0.3994392454624176,0.0,0.21465611457824707,-0.8181283473968506,-0.9293138980865479,-1.0074126720428467,-0.3620913028717041,0.6799719333648682,0.724017858505249,0.7410218715667725,0.0,-0.4878828525543213,0.5071265697479248,0.36020708084106445,0.3722879886627197,0.48795008659362793,-0.903846025466919,-0.676480770111084,-0.7824728488922119
13958,0.2,1,1,5.140353679656982,6,0.2683744430541992,0.4923825263977051,7,0.019685745239257812,0.8200783729553223,0.6590229868888855,0.7880092263221741,0.9660298228263855,1.5859570503234863,1.1629655361175537,1.1629655361175537,0.0,0.14589086174964905,0.3137688636779785,0.0,0.07504510879516602,-0.4029111862182617,-0.1837925910949707,-0.18494176864624023,-0.11387825012207031,0.4923825263977051,0.22400808334350586,0.22332239151000977,0.0,0.5141825675964355,-0.7629556655883789,-0.9870929718017578,-0.7382688522338867,-0.9670891761779785,0.8003926277160645,0.8200783729553223,0.4894542694091797
14063,0.2,1,10,0.031154904514551163,4,0.0003420654684305191,0.00874023512005806,2,0.0025779418647289276,0.006262993440032005,0.007031727582216263,0.010423656553030014,0.011819998733699322,0.018949737772345543,0.014896983280777931,0.013744600117206573,0.0011523831635713577,0.002101986901834607,0.006161503493785858,0.0,-0.0030161067843437195,0.007170028984546661,0.00839816965162754,0.00874023512005806,0.003717062994837761,-0.01964465156197548,-0.017315000295639038,-0.017949197441339493,0.0,-0.004246540367603302,0.006262993440032005,0.00024419277906417847,0.0036850515753030777,0.0035799797624349594,-0.023947644978761673,-0.004559922963380814,-0.007272258400917053
14114,0.2,2,3,7.210485458374023,8,0.008427143096923828,0.35961389541625977,7,0.0487818717956543,0.29840755462646484,0.5235546231269836,0.917050302028656,0.5093865990638733,0.7921090126037598,0.6006698608398438,0.5912542343139648,0.009415626525878906,0.20825782418251038,0.5281722545623779,0.0,0.0456995964050293,-0.18335342407226562,-0.22167253494262695,-0.22790050506591797,-0.06430912017822266,0.31539344787597656,0.35118675231933594,0.35961389541625977,0.0,0.09704399108886719,0.10315704345703125,-0.11952400207519531,-0.07510042190551758,-0.04324817657470703,0.08307552337646484,0.29840755462646484,0.24962568283081055
14189,0.2,1,2,1.614060878753662,2,0.023783326148986816,0.22233688831329346,7,0.0030134916305541992,0.12309718132019043,0.408687025308609,0.6001918315887451,0.44305139780044556,0.6731374263763428,0.33764004707336426,0.22184181213378906,0.1157982349395752,0.22803311049938202,0.44230520725250244,0.0,-0.12990212440490723,0.22233688831329346,0.19206345081329346,0.19855356216430664,0.17415690422058105,-0.3719785213470459,-0.28867101669311523,-0.2990579605102539,0.0,0.12008368968963623,-0.0034761428833007812,-0.09039914608001709,-0.08828449249267578,-0.18582582473754883,0.007624387741088867,0.12309718132019043,0.11844265460968018
14249,0.2,3,12,0.0669766291975975,2,0.005694732069969177,0.030115526169538498,5,0.004441425204277039,0.02515484392642975,0.02086038514971733,0.03350866585969925,0.01065230555832386,0.01984182372689247,0.04238557815551758,0.038858428597450256,0.0035271495580673218,0.004170732107013464,0.012312428094446659,0.0,-0.014641627669334412,0.030115526169538498,0.024079836905002594,0.02442079409956932,0.016987871378660202,-0.0679243728518486,-0.04689846187829971,-0.045953378081321716,0.0,-0.04427555948495865,0.01712270826101303,0.02026313543319702,0.02071341872215271,0.02515484392642975,-0.06014113873243332,-0.07253699749708176,-0.0743822529911995
14279,0.2,3,2,1.3740425109863281,3,0.00409245491027832,0.09681200981140137,7,0.06609690189361572,0.36487531661987305,0.25350072979927063,0.39469364285469055,0.5834338068962097,0.7603030204772949,0.4667026996612549,0.25681090354919434,0.20989179611206055,0.1514653116464615,0.2580506205558777,0.0,-0.036309242248535156,0.057256102561950684,0.09681200981140137,0.09271955490112305,0.06197953224182129,-0.04338693618774414,-0.09784913063049316,-0.08828365802764893,0.0,0.2987784147262573,-0.2839624881744385,-0.4841780662536621,-0.4257357120513916,-0.8539540767669678,0.19981050491333008,0.36487531661987305,0.2966163158416748
14306,0.2,1,3,0.2191302627325058,8,0.0008636713027954102,0.016075938940048218,4,0.026272058486938477,0.09662868082523346,0.038704004138708115,0.059683412313461304,0.09694750607013702,0.12998045980930328,0.10758288949728012,0.07773609459400177,0.02984679490327835,0.02393200807273388,0.04670112580060959,0.0,0.0028477460145950317,-0.00798887014389038,-0.02251337468624115,-0.02934795618057251,-0.004326999187469482,0.006991788744926453,0.015212267637252808,0.016075938940048218,0.0,-0.05417923629283905,0.04745008051395416,0.07035662233829498,0.09662868082523346,0.06084194779396057,-0.09249444305896759,-0.14694719016551971,-0.20287249982357025
14341,0.2,1,7,1.5307449102401733,4,0.032805562019348145,0.2507127523422241,3,0.004579305648803711,0.2981365919113159,0.24731330573558807,0.3824181854724884,0.5010100603103638,0.6943638324737549,0.5711759924888611,0.5585918426513672,0.012584149837493896,0.14792636036872864,0.29994112253189087,0.0,-0.01943492889404297,0.10040128231048584,0.21790719032287598,0.2507127523422241,0.033695220947265625,-0.02603328227996826,-0.13428449630737305,-0.14283621311187744,0.0,-0.07412374019622803,0.06419074535369873,0.2981365919113159,0.2935572862625122,0.13567233085632324,-0.06269729137420654,-0.22114181518554688,-0.21254587173461914
14385,0.2,2,1,0.03194347023963928,4,0.000558832660317421,0.00255461223423481,6,0.001669902354478836,0.0032469630241394043,0.010361083783209324,0.012284591794013977,0.012621767818927765,0.018164802342653275,0.0057074688374996185,0.0017020795494318008,0.004005389288067818,0.0009330568136647344,0.002990701701492071,0.0,-0.0006163753569126129,0.0005923770368099213,0.001995779573917389,0.00255461223423481,0.0007656868547201157,-0.0023535676300525665,-0.005263179540634155,-0.00632881373167038,0.0,0.0015770606696605682,-0.004325058311223984,-0.003222070634365082,-0.004535190761089325,-0.004272405058145523,0.0032469630241394043,0.00028130412101745605,0.0013029072433710098
14423,0.2,2,1,1.0450968742370605,3,0.0007925033569335938,0.04685109853744507,8,0.01346653699874878,0.1010398268699646,0.2183959037065506,0.34658756852149963,0.2951958179473877,0.4120958149433136,0.15946900844573975,0.047363877296447754,0.11210513114929199,0.10630426555871964,0.16894148290157318,0.0,-0.02076244354248047,0.04140162467956543,0.04685109853744507,0.046058595180511475,0.03018665313720703,-0.0616152286529541,-0.06833076477050781,-0.06570518016815186,0.0,0.07171577215194702,-0.08374500274658203,-0.10901403427124023,-0.13008761405944824,-0.17086005210876465,0.05938488245010376,0.08757328987121582,0.1010398268699646
14488,0.2,0,2,2.3725945949554443,4,0.08476018905639648,0.2807271480560303,3,0.0911332368850708,0.6817870140075684,0.30553919076919556,0.5603933334350586,0.6348685026168823,0.9182039499282837,0.9362218379974365,0.8554558753967285,0.08076596260070801,0.24844415485858917,0.5907070636749268,0.0,-0.014307498931884766,0.04205322265625,0.1959669589996338,0.2807271480560303,0.021432161331176758,-0.0621182918548584,-0.19108843803405762,-0.2040402889251709,0.0,-0.07173299789428711,-0.08611750602722168,0.6817870140075684,0.5906537771224976,0.11409735679626465,0.13092780113220215,-0.4793283939361572,-0.3553445339202881
14712,0.2,1,1,0.017056208103895187,8,0.0003218371421098709,0.0006044302135705948,4,0.002484242431819439,0.008430576883256435,0.004104682244360447,0.007050022017210722,0.007683408912271261,0.011021578684449196,0.008444877341389656,0.006943020038306713,0.001501857303082943,0.0012932702666148543,0.0038479857612401247,0.0,3.410317003726959e-05,3.797002136707306e-05,-0.0012343376874923706,-0.004451857879757881,-8.789263665676117e-05,-0.000460699200630188,0.0002825930714607239,0.0006044302135705948,0.0,-0.0020362678915262222,0.00016326270997524261,0.0059463344514369965,0.008430576883256435,0.0023557785898447037,-0.0011193901300430298,-0.01468425989151001,-0.014266233891248703
14854,0.2,3,2,1.0132231712341309,2,0.015610098838806152,0.27787619829177856,2,0.06483596563339233,0.16590315103530884,0.25149354338645935,0.34601515531539917,0.4475472569465637,0.656739354133606,0.42825353145599365,0.42825353145599365,0.0,0.07253352552652359,0.19213317334651947,0.0,-0.1761784553527832,0.27787619829177856,0.24690532684326172,0.2622660994529724,0.23319876194000244,-0.43720221519470215,-0.3567478656768799,-0.3681737184524536,0.0,-0.34796810150146484,0.16590315103530884,0.05334734916687012,0.09884428977966309,0.1010671854019165,-0.4799668788909912,-0.1753765344619751,-0.21315956115722656
14881,0.2,3,1,0.18013210594654083,4,0.0033863037824630737,0.018000885844230652,5,0.006618104875087738,0.09950148314237595,0.08425871282815933,0.10699313879013062,0.09718562662601471,0.12206863611936569,0.10796166956424713,0.10323482751846313,0.004726842045783997,0.011585739441215992,0.026206975802779198,0.0,-0.005774736404418945,0.014614582061767578,0.013798028230667114,0.018000885844230652,0.008117720484733582,-0.023950770497322083,-0.02188025414943695,-0.026863664388656616,0.0,-0.12749378383159637,0.09288337826728821,0.0763215571641922,0.07267636060714722,0.09950148314237595,-0.27381473779678345,-0.17476488649845123,-0.15373753011226654
14894,0.2,1,1,0.006938529666513205,2,3.055669367313385e-05,0.00044960901141166687,5,0.0007680882699787617,0.0027066264301538467,0.0023470083251595497,0.0033945380710065365,0.0026487368158996105,0.0035796677693724632,0.0029870490543544292,0.0029045287519693375,8.252030238509178e-05,0.0007457336178049445,0.0018104873597621918,0.0,-0.0002426598221063614,0.00044960901141166687,0.00041857874020934105,0.000419052317738533,0.0003183879889547825,-0.0008719987235963345,-0.0008096625097095966,-0.0008101356215775013,0.0,-0.003662864211946726,0.0017439103685319424,0.001817914191633463,0.001938538160175085,0.0027066264301538467,-0.004174881149083376,-0.0044839452020823956,-0.004905071575194597
14963,0.2,1,1,3.27197265625,2,0.011697053909301758,0.04986095428466797,7,0.0069141387939453125,0.5326588153839111,0.607742428779602,0.8034334778785706,0.628904402256012,0.8566530346870422,0.5787703990936279,0.5112433433532715,0.06752705574035645,0.12434403598308563,0.47486695647239685,0.0,-0.013969898223876953,0.04986095428466797,0.03816390037536621,0.015043497085571289,0.021922826766967773,-0.06448101997375488,-0.04583144187927246,-0.012428760528564453,0.0,0.4294850826263428,-0.34929728507995605,-0.37349677085876465,-0.3985629081726074,-0.6151559352874756,0.5174651145935059,0.5326588153839111,0.5257446765899658
14965,0.2,0,10,0.03467847406864166,4,0.002453204244375229,0.006504295393824577,3,0.006296589970588684,0.023591354489326477,0.010767598636448383,0.013800103217363358,0.013766300864517689,0.01865277625620365,0.026544615626335144,0.025797003880143166,0.0007476117461919785,0.002684999955818057,0.008465610444545746,0.0,-0.0003324858844280243,0.00013622641563415527,0.0040510911494493484,0.006504295393824577,0.0004495158791542053,-0.0010345131158828735,-0.009901288896799088,-0.009170323610305786,0.0,-0.0062608905136585236,0.004236089065670967,0.023591354489326477,0.017294764518737793,0.0073683373630046844,-0.00892145186662674,-0.1035357415676117,-0.02306763455271721
14968,0.2,0,1,4.435757160186768,3,0.023890018463134766,0.1329488754272461,8,0.06693863868713379,0.529710054397583,0.6359984278678894,1.0757484436035156,0.7599056959152222,1.0238165855407715,0.6521778106689453,0.5008828639984131,0.15129494667053223,0.40710464119911194,0.8150891661643982,0.0,-0.011246681213378906,0.05786848068237305,0.1329488754272461,0.10905885696411133,0.020044803619384766,-0.07051229476928711,-0.09019708633422852,-0.018907546997070312,0.0,0.07385396957397461,0.08651447296142578,-0.33775949478149414,-0.613802433013916,-0.09853219985961914,-0.08774900436401367,0.4627714157104492,0.529710054397583
15016,0.2,0,1,0.5393269062042236,4,0.023334741592407227,0.09027940034866333,4,0.0246431827545166,0.14710205793380737,0.17863860726356506,0.20965465903282166,0.2635064721107483,0.32477521896362305,0.22146332263946533,0.22146332263946533,0.0,0.01842632330954075,0.08721110969781876,0.0,-0.025093436241149902,0.048350006341934204,0.0669446587562561,0.09027940034866333,0.0309830904006958,-0.1051175594329834,-0.1307133436203003,-0.1622747778892517,0.0,-0.11442822217941284,0.06325238943099976,0.1076841652393341,0.14710205793380737,0.12245887517929077,-0.1313735842704773,-0.20620226860046387,-0.2791025638580322
15032,0.2,1,14,2.6789803504943848,8,0.06563591957092285,0.29326725006103516,5,0.00610196590423584,0.6834098100662231,0.5404402613639832,0.6966557502746582,0.5131446123123169,0.8301944136619568,1.0345962047576904,0.5512428283691406,0.4833533763885498,0.32185107469558716,0.6603790521621704,0.0,0.05877208709716797,-0.14408135414123535,-0.2539823055267334,-0.3309028148651123,-0.10562705993652344,0.1016688346862793,0.2276313304901123,0.29326725006103516,0.0,-0.8442668914794922,0.6773078441619873,0.42830467224121094,0.46569013595581055,0.6834098100662231,-1.3687434196472168,-0.8461461067199707,-0.8485832214355469
15048,0.2,2,17,1.8410812616348267,4,0.05304992198944092,0.4293501377105713,6,0.11763429641723633,0.2726994752883911,0.3573985993862152,0.4659276604652405,0.4905494153499603,0.6446981430053711,0.6728106737136841,0.5212231874465942,0.15158748626708984,0.20685815811157227,0.37429970502853394,0.0,-0.0638502836227417,0.3168148994445801,0.37630021572113037,0.4293501377105713,0.0956423282623291,-0.3088799715042114,-0.3207153081893921,-0.3109086751937866,0.0,0.05663037300109863,-0.16332542896270752,-0.10291147232055664,0.09069216251373291,-0.07554137706756592,0.2726994752883911,0.15506517887115479,-0.04473435878753662
15049,0.2,2,17,1.288003921508789,4,0.05989384651184082,0.1924598217010498,4,0.03337442874908447,0.21346688270568848,0.2445688247680664,0.36062371730804443,0.408475786447525,0.5855504870414734,0.38056492805480957,0.38056492805480957,0.0,0.1485709846019745,0.43535441160202026,0.0,-0.02067434787750244,0.05760049819946289,0.13256597518920898,0.1924598217010498,0.029857993125915527,-0.07332491874694824,-0.16069769859313965,-0.19459950923919678,0.0,0.014453649520874023,-0.1135399341583252,0.0023996829986572266,0.21346688270568848,-0.01375436782836914,0.180092453956604,0.02477121353149414,-0.15874040126800537
15189,0.2,3,1,0.07157334685325623,4,0.0018710307776927948,0.032319314777851105,8,0.0008997097611427307,0.015023820102214813,0.03856203332543373,0.047913700342178345,0.022235527634620667,0.03031017817556858,0.04009529575705528,0.03445158153772354,0.005643714219331741,0.004747266415506601,0.01104146707803011,0.0,-0.0065792277455329895,0.025919143110513687,0.03044828400015831,0.032319314777851105,0.009030990302562714,-0.04378431290388107,-0.04661301523447037,-0.0481770858168602,0.0,0.0014935135841369629,0.010649651288986206,-0.02491254359483719,-0.02726171910762787,-0.005465328693389893,-0.02452809363603592,0.014124110341072083,0.015023820102214813
15392,0.2,2,1,1.3293765783309937,2,0.014345884323120117,0.041975975036621094,8,0.1275656819343567,0.5139312148094177,0.3561621606349945,0.48473501205444336,0.5561498999595642,0.8135519623756409,0.5576280951499939,0.47792184352874756,0.07970625162124634,0.08283836394548416,0.2120072990655899,0.0,-0.008862972259521484,0.041975975036621094,0.027630090713500977,0.02047276496887207,0.016880273818969727,-0.03335678577423096,-0.02083301544189453,-0.0044203996658325195,0.0,0.2671715021133423,-0.20421290397644043,-0.4146162271499634,-0.6629166603088379,-0.5032950639724731,0.22906184196472168,0.38636553287506104,0.5139312148094177
15400,0.2,1,15,0.15995807945728302,4,0.0019913911819458008,0.023154541850090027,7,0.00041285157203674316,0.037826113402843475,0.04044279456138611,0.054432108998298645,0.06699348986148834,0.09590195119380951,0.05871114134788513,0.02000574767589569,0.03870539367198944,0.018171904608607292,0.041542407125234604,0.0,-0.004598140716552734,0.012242913246154785,0.021163150668144226,0.023154541850090027,0.006499126553535461,-0.022703200578689575,-0.03431437909603119,-0.03482361137866974,0.0,0.0243680477142334,-0.0496864914894104,-0.08014780282974243,-0.11709888279438019,-0.06162691116333008,0.03741326183080673,0.037826113402843475,0.03067190945148468
15406,0.2,2,1,4.357321262359619,3,0.0735020637512207,0.30069923400878906,8,0.005440235137939453,0.005440235137939453,0.5462318658828735,0.756320595741272,0.5317778587341309,0.8491660952568054,0.3226628303527832,0.25809144973754883,0.06457138061523438,0.25705593824386597,0.5739293694496155,0.0,-0.013980388641357422,0.12186670303344727,0.30069923400878906,0.22719717025756836,0.0332026481628418,0.061595916748046875,-0.08269119262695312,-0.022394180297851562,0.0,-0.014744281768798828,-0.037919044494628906,-0.016515254974365234,-0.15270280838012695,-0.020033836364746094,-0.12054634094238281,-0.10400009155273438,0.005440235137939453
15454,0.2,1,14,3.6189188957214355,8,0.011739969253540039,0.17458128929138184,8,0.1812913417816162,0.862354040145874,0.33979469537734985,0.5141740441322327,0.8674871325492859,1.166390299797058,1.0087134838104248,0.9960207939147949,0.012692689895629883,0.20029287040233612,0.6814689040184021,0.0,0.012056350708007812,-0.10295724868774414,-0.08385658264160156,-0.07929730415344238,-0.017672061920166016,0.14725112915039062,0.1628413200378418,0.17458128929138184,0.0,0.16813373565673828,0.49353814125061035,-0.865236759185791,-1.1923394203186035,-0.294262170791626,-0.6726713180541992,0.6810626983642578,0.862354040145874
15716,0.2,2,10,4.163200378417969,7,0.012583494186401367,0.5306901931762695,6,0.2977871894836426,0.487945556640625,0.46431389451026917,0.6816028356552124,0.8895142674446106,1.3126715421676636,0.9629762172698975,0.8878912925720215,0.07508492469787598,0.16370472311973572,0.4450860023498535,0.0,0.15225553512573242,-0.3397407531738281,-0.4185800552368164,-0.4172053337097168,-0.21689224243164062,0.4354431629180908,0.5306901931762695,0.5181066989898682,0.0,0.19015836715698242,-0.29498910903930664,-0.12025737762451172,-0.04112720489501953,-0.21870851516723633,0.487945556640625,0.1731858253479004,0.09350919723510742
15732,0.2,1,1,0.04190318286418915,4,0.0025966987013816833,0.004377402365207672,2,0.0024933665990829468,0.0033087804913520813,0.01832176186144352,0.022908367216587067,0.021175023168325424,0.02911560982465744,0.007041066884994507,0.004614301025867462,0.0024267658591270447,0.0022136555053293705,0.007598535623401403,0.0,-0.0012612640857696533,0.0017807036638259888,0.0011675171554088593,0.004377402365207672,0.0013061277568340302,-0.006306841969490051,-0.004233792424201965,-0.009714212268590927,0.0,-0.0035160407423973083,0.0033087804913520813,-0.002559144049882889,-0.002422872930765152,0.0008154138922691345,-0.010864011943340302,-0.0037950947880744934,-0.0055966004729270935
15783,0.2,0,1,0.00842575915157795,6,0.0001338757574558258,0.0005413070321083069,4,0.0005072401836514473,0.0009628031402826309,0.0018763260450214148,0.0026367574464529753,0.004081759601831436,0.005158144980669022,0.001652390230447054,0.0008645998314023018,0.0007877903990447521,0.00032777426531538367,0.0011028548469766974,0.0,0.00011384114623069763,-0.0005313269793987274,-0.0005359351634979248,-0.00057173240929842,-0.00022599101066589355,0.0005413070321083069,0.0004074312746524811,0.00022793281823396683,0.0,-0.0006387168541550636,-0.0003848150372505188,0.00045473501086235046,0.0009628031402826309,0.0004555629566311836,0.0002959202975034714,-0.001997157000005245,-0.004527310840785503
15787,0.2,1,10,0.060818254947662354,4,0.002277519553899765,0.0042573511600494385,6,0.009960178285837173,0.029106657952070236,0.017242686823010445,0.024075333029031754,0.025962626561522484,0.036279138177633286,0.033809177577495575,0.02015630155801773,0.013652876019477844,0.0045415060594677925,0.011412379331886768,0.0,-0.00121389701962471,-0.006642110645771027,0.0019798316061496735,0.0042573511600494385,0.0011747144162654877,-0.009039051830768585,-0.014631703495979309,-0.01601080596446991,0.0,0.011854559183120728,-0.05679798126220703,-0.043103717267513275,-0.04635190963745117,-0.02874431014060974,0.029106657952070236,0.019146479666233063,0.017578113824129105
15801,0.2,1,10,0.4591574966907501,2,0.018664628267288208,0.05680549144744873,7,0.007681101560592651,0.04131573438644409,0.14996615052223206,0.21906691789627075,0.1998736709356308,0.27236783504486084,0.09431394934654236,0.02947026491165161,0.06484368443489075,0.0551275797188282,0.13635733723640442,0.0,-0.017562150955200195,0.05680549144744873,0.03122234344482422,0.03814086318016052,0.025807946920394897,-0.08410605788230896,-0.044262319803237915,-0.05036851763725281,0.0,0.03145083785057068,-0.03164801001548767,-0.04211661219596863,-0.04263731837272644,-0.07152912020683289,0.03251108527183533,0.04131573438644409,0.03363463282585144
15805,0.2,3,2,0.3312593400478363,6,0.0049897730350494385,0.03588703274726868,1,0.004393815994262695,0.02280363440513611,0.0809045359492302,0.11095969378948212,0.16131314635276794,0.24591189622879028,0.0637718141078949,0.05664205551147461,0.007129758596420288,0.009789297357201576,0.03258645161986351,0.0,0.03089725971221924,-0.03870391845703125,-0.023987263441085815,-0.031236976385116577,-0.07988622784614563,0.03588703274726868,0.022112518548965454,0.029316455125808716,0.0,0.02280363440513611,-0.017559051513671875,-0.0002524852752685547,-0.013401716947555542,-0.1045641303062439,0.018409818410873413,-0.0015202164649963379,0.00939527153968811
15854,0.2,2,1,3.1907548904418945,6,0.11766719818115234,0.4868950843811035,2,0.04696512222290039,1.2020807266235352,0.4376601576805115,0.6122072339057922,1.146548867225647,1.576321005821228,1.5349122285842896,0.9879026412963867,0.5470095872879028,0.15451258420944214,0.4191604256629944,0.0,0.14106512069702148,-0.4808814525604248,-0.3499927520751953,-0.39476561546325684,-0.21645593643188477,0.4868950843811035,0.34656691551208496,0.36922788619995117,0.0,-0.736497163772583,1.2020807266235352,0.5501563549041748,0.7231762409210205,1.1551156044006348,-1.4817776679992676,-0.569957971572876,-0.6338224411010742
15859,0.2,2,2,3.049023151397705,6,0.07697439193725586,0.10990357398986816,3,0.0730123519897461,0.19835352897644043,0.2829037606716156,0.5983864665031433,0.8507844805717468,1.5086042881011963,0.3107919692993164,0.21998143196105957,0.09081053733825684,0.1924290657043457,0.34807920455932617,0.0,0.010174751281738281,-0.045821189880371094,0.008049488067626953,0.023795604705810547,-0.008709430694580078,0.10990357398986816,0.032929182052612305,0.02351522445678711,0.0,-0.07725930213928223,0.02994084358215332,0.19835352897644043,0.12477421760559082,0.12534117698669434,-0.07513427734375,-0.2007122039794922,-0.11480140686035156
15918,0.2,0,13,4.9744672775268555,7,0.0031347274780273438,0.36191606521606445,6,0.03858804702758789,0.11301755905151367,0.41114434599876404,0.6528629660606384,0.5473809242248535,0.769109845161438,0.4629478454589844,0.4510011672973633,0.011946678161621094,0.21342453360557556,0.5232860445976257,0.0,0.12645864486694336,-0.3529186248779297,-0.37268924713134766,-0.3774843215942383,-0.21104812622070312,0.3487563133239746,0.36191606521606445,0.3587813377380371,0.0,0.059295654296875,-0.041109561920166016,-0.01139068603515625,0.035918235778808594,0.0002002716064453125,0.11301755905151367,0.07442951202392578,0.02744770050048828
15938,0.2,0,1,2.6973090171813965,8,0.02498769760131836,0.28126955032348633,7,0.01186513900756836,0.33336520195007324,0.6230745911598206,0.8097937107086182,0.9812900424003601,1.2205921411514282,0.5718305110931396,0.566098690032959,0.005731821060180664,0.09291939437389374,0.2248903065919876,0.0,0.01700139045715332,0.01388096809387207,-0.43189167976379395,-0.5585000514984131,-0.026178359985351562,-0.028971195220947266,0.25628185272216797,0.28126955032348633,0.0,0.04947662353515625,0.09036970138549805,-0.5645561218261719,-0.6051151752471924,-0.0860600471496582,-0.14259862899780273,0.33336520195007324,0.3215000629425049
16037,0.2,3,7,0.4067513346672058,2,0.013444066047668457,0.02206072211265564,0,0.004543811082839966,0.0,0.1273776888847351,0.19498060643672943,0.15408267080783844,0.24423015117645264,0.02206072211265564,0.01183655858039856,0.01022416353225708,0.03678043186664581,0.09188181906938553,0.0,-0.007208913564682007,0.02206072211265564,0.00495457649230957,0.0017969012260437012,0.008616656064987183,-0.033371418714523315,-0.015900790691375732,-0.01442304253578186,0.0,-0.03012394905090332,-0.008699357509613037,-0.013078391551971436,-0.004543811082839966,-0.030754655599594116,-0.04258492588996887,-0.031207501888275146,-0.047748565673828125
16063,0.2,3,1,0.1673351228237152,4,0.005033567547798157,0.041299968957901,5,0.027040772140026093,0.11568942666053772,0.04151848703622818,0.061526574194431305,0.07988950610160828,0.10608979314565659,0.13135461509227753,0.1279425323009491,0.00341208279132843,0.009538814425468445,0.02512100525200367,0.0,-0.025220200419425964,0.026902124285697937,0.036266401410102844,0.041299968957901,0.0306423157453537,-0.04567386209964752,-0.06702552735805511,-0.07774470746517181,0.0,-0.2512851655483246,0.06405425071716309,0.0823989287018776,0.08864865452051163,0.11568942666053772,-0.17703098058700562,-0.2456628978252411,-0.27440643310546875
16179,0.2,3,1,2.9417786598205566,6,0.08202576637268066,0.5187897682189941,1,0.14416790008544922,0.5147898197174072,0.5547016263008118,0.7155512571334839,0.5852007865905762,0.9869108200073242,1.0107113122940063,0.8265900611877441,0.1841212511062622,0.17817209661006927,0.47113654017448425,0.0,0.25986433029174805,-0.4612908363342285,-0.2921128273010254,-0.37590479850769043,-0.42742085456848145,0.5187897682189941,0.34890055656433105,0.4367640018463135,0.0,0.5147898197174072,-0.2219376564025879,-0.17508459091186523,-0.2877159118652344,-0.7092447280883789,0.31496357917785645,0.24124479293823242,0.370621919631958
16210,0.2,1,2,0.08334901928901672,4,0.003097422420978546,0.0117107555270195,5,0.000870976597070694,0.0325976200401783,0.023593217134475708,0.03303411602973938,0.03459271416068077,0.05061424523591995,0.04095027968287468,0.03816426545381546,0.0027860142290592194,0.00473577668890357,0.013741405680775642,0.0,-0.0038551315665245056,0.008613333106040955,0.008204877376556396,0.0117107555270195,0.0050733089447021484,-0.01712433248758316,-0.01759418100118637,-0.025143854320049286,0.0,-0.03679168224334717,0.031726643443107605,0.02447204664349556,0.02887687087059021,0.0325976200401783,-0.0850018709897995,-0.05023248493671417,-0.05804121494293213
16221,0.2,3,1,0.4759705662727356,2,0.004234999418258667,0.058491289615631104,8,0.030597537755966187,0.11467799544334412,0.15059468150138855,0.21487732231616974,0.3018604516983032,0.3647172451019287,0.15843191742897034,0.07618799805641174,0.0822439193725586,0.026195883750915527,0.0818517804145813,0.0,-0.03448617458343506,0.058491289615631104,0.03209114074707031,0.031043797731399536,0.054256290197372437,-0.06916457414627075,-0.028244197368621826,-0.026497721672058105,0.0,0.07809779047966003,-0.003500223159790039,-0.09333842992782593,-0.13834446668624878,-0.20515257120132446,-0.01013919711112976,0.08408045768737793,0.11467799544334412
16243,0.2,3,1,1.1401939392089844,3,0.01508408784866333,0.3137555718421936,5,0.043007850646972656,0.5362329483032227,0.3400792181491852,0.4534088969230652,0.5276491045951843,0.6753568649291992,0.7654991149902344,0.7089077234268188,0.05659139156341553,0.05918135121464729,0.1468977928161621,0.0,-0.08097517490386963,0.27557021379470825,0.3137555718421936,0.2986714839935303,0.1414012312889099,-0.2518066167831421,-0.2713199853897095,-0.2576941251754761,0.0,-0.47640037536621094,0.49322509765625,0.45398467779159546,0.42916595935821533,0.5362329483032227,-0.7800331115722656,-0.6421265602111816,-0.5863921642303467
16311,0.2,3,1,0.10239598155021667,4,0.00039489567279815674,0.010836191475391388,8,0.0030967295169830322,0.026216134428977966,0.03632136434316635,0.04616421088576317,0.054266612976789474,0.07378096133470535,0.03525213152170181,0.01109980046749115,0.024152331054210663,0.006553327199071646,0.014845392666757107,0.0,-0.006869003176689148,0.010441295802593231,0.00797320157289505,0.010836191475391388,0.008041426539421082,-0.02083483338356018,-0.01699598878622055,-0.022470280528068542,0.0,0.011767014861106873,0.0008396878838539124,-0.025069624185562134,-0.031506821513175964,-0.024705618619918823,-0.0035596415400505066,0.023119404911994934,0.026216134428977966
16494,0.2,2,1,4.13991117477417,8,0.050638675689697266,0.3162236213684082,8,0.05028033256530762,0.2609596252441406,0.6779129505157471,0.9473801255226135,0.9203710556030273,1.3283052444458008,0.5732638835906982,0.5732638835906982,0.0,0.15109263360500336,0.6775978803634644,0.0,0.06722831726074219,-0.17020368576049805,-0.2597184181213379,-0.3184471130371094,-0.11602449417114258,0.14886784553527832,0.26558494567871094,0.3162236213684082,0.0,0.1208491325378418,0.052187442779541016,-0.06234169006347656,-0.07447290420532227,-0.030552387237548828,0.15082120895385742,0.210679292678833,0.2609596252441406
16521,0.2,3,12,0.10649888962507248,2,0.010075084865093231,0.017549075186252594,5,0.007977422326803207,0.05809803679585457,0.012438075616955757,0.02430896647274494,0.034329403191804886,0.05079857259988785,0.06878459453582764,0.06308192014694214,0.005702674388885498,0.00964715052396059,0.02782892994582653,0.0,-0.0069267600774765015,0.017549075186252594,0.006951659917831421,0.003077186644077301,0.007473990321159363,-0.04312077909708023,-0.02524936944246292,-0.022800587117671967,0.0,-0.16042375564575195,0.05012061446905136,0.048910658806562424,0.04652903974056244,0.05809803679585457,-0.2527208626270294,-0.18716296553611755,-0.17055019736289978
16560,0.2,3,1,6.464285373687744,8,0.03205299377441406,0.2425699234008789,5,0.16600751876831055,0.4150376319885254,0.8048445582389832,1.0313694477081299,0.7528526186943054,1.1916311979293823,0.6444458961486816,0.3743739128112793,0.27007198333740234,0.235805943608284,0.6344074010848999,0.0,0.05713319778442383,0.0192413330078125,-0.11590814590454102,-0.13722991943359375,-0.04866313934326172,0.04821205139160156,0.21051692962646484,0.2425699234008789,0.0,-0.1928558349609375,0.22345924377441406,0.11418390274047852,0.24903011322021484,0.4150376319885254,-0.21954345703125,-0.08643198013305664,-0.21436405181884766
16568,0.2,2,1,1.6722899675369263,8,0.0012018680572509766,0.08833611011505127,8,0.004483222961425781,0.16399061679840088,0.25618258118629456,0.38421276211738586,0.40680140256881714,0.6716766953468323,0.25056517124176025,0.25056517124176025,0.0,0.18743841350078583,0.3587688207626343,0.0,0.01582324504852295,-0.07073211669921875,-0.2148524522781372,-0.23098719120025635,-0.042872071266174316,-0.024093270301818848,0.08713424205780029,0.08833611011505127,0.0,0.062154412269592285,-0.13013219833374023,-0.21152889728546143,-0.23305833339691162,-0.12370455265045166,0.047579169273376465,0.1595073938369751,0.16399061679840088
16590,0.2,1,10,0.9319034814834595,4,0.009832799434661865,0.10278034210205078,2,0.10099542140960693,0.17594587802886963,0.21871420741081238,0.3198980987071991,0.326229989528656,0.5159782767295837,0.2847134470939636,0.16629940271377563,0.11841404438018799,0.07835698127746582,0.20153480768203735,0.0,-0.004623115062713623,-0.040934860706329346,0.09294754266738892,0.10278034210205078,0.009895265102386475,0.021801352500915527,-0.08507812023162842,-0.08364665508270264,0.0,-0.07515859603881836,0.17594587802886963,-0.04930669069290161,-0.024044692516326904,0.0749504566192627,-0.4639698266983032,-0.05550903081893921,-0.05513572692871094
16640,0.2,2,1,0.09175894409418106,4,0.002199038863182068,0.012020066380500793,5,0.002692677080631256,0.02437034249305725,0.028192559257149696,0.03637120500206947,0.0407446026802063,0.05468288064002991,0.03333490341901779,0.030671056360006332,0.0026638470590114594,0.005455660633742809,0.01622774451971054,0.0,-0.006815508008003235,0.006929844617843628,0.009821027517318726,0.012020066380500793,0.007471762597560883,-0.016968876123428345,-0.02284468710422516,-0.027182981371879578,0.0,-0.040056608617305756,0.012682370841503143,0.01907668262720108,0.021677665412425995,0.02437034249305725,-0.03484249860048294,-0.042768873274326324,-0.049585647881031036
