node_id,epsilon,degree_bucket,predicted_class,baseline_ce,best_text_action,best_text_margin,text_node_oracle,best_visual_action,best_visual_margin,visual_node_oracle,shuffled_text_oracle_mean,shuffled_text_oracle_q95,shuffled_visual_oracle_mean,shuffled_visual_oracle_q95,best_joint_separate_utility,best_joint_shared_utility,modality_headroom,shuffled_modality_headroom_mean,shuffled_modality_headroom_q95,structural_text_U_0,structural_text_U_1,structural_text_U_2,structural_text_U_3,structural_text_U_4,structural_text_U_5,structural_text_U_6,structural_text_U_7,structural_text_U_8,structural_visual_U_0,structural_visual_U_1,structural_visual_U_2,structural_visual_U_3,structural_visual_U_4,structural_visual_U_5,structural_visual_U_6,structural_visual_U_7,structural_visual_U_8
183,0.1,3,1,1.6321645975112915,5,0.032999277114868164,0.0931253433227539,5,0.013272881507873535,0.08537459373474121,0.11948118358850479,0.21957367658615112,0.25640755891799927,0.4034731090068817,0.17692363262176514,0.17692363262176514,0.0,0.07116812467575073,0.21095336973667145,0.0,-0.07977211475372314,0.06012606620788574,0.05810725688934326,0.053716301918029785,0.0931253433227539,-0.07513368129730225,-0.07158541679382324,-0.06587707996368408,0.0,-0.10890758037567139,-0.006177425384521484,0.06395518779754639,0.07210171222686768,0.08537459373474121,-0.009057044982910156,-0.08725476264953613,-0.09865474700927734
223,0.1,0,2,2.742936611175537,7,0.0019390583038330078,0.012195587158203125,3,0.04080057144165039,0.13413763046264648,0.16033631563186646,0.2395452857017517,0.26177647709846497,0.4308139383792877,0.13883042335510254,0.13167428970336914,0.0071561336517333984,0.09415845572948456,0.25709429383277893,0.0,0.0018281936645507812,-0.0029773712158203125,-0.009114980697631836,-0.012696266174316406,-0.002140522003173828,0.0042498111724853516,0.012195587158203125,0.010256528854370117,0.0,-0.026920080184936523,0.002655029296875,0.13413763046264648,0.0933370590209961,0.033075809478759766,-0.0040836334228515625,-0.12803363800048828,-0.07829999923706055
261,0.1,2,14,2.460671901702881,7,0.014340877532958984,0.0714426040649414,2,0.08735394477844238,0.23073244094848633,0.14171625673770905,0.2241668701171875,0.26454439759254456,0.43213918805122375,0.3060798645019531,0.18306303024291992,0.1230168342590332,0.06944599002599716,0.16775111854076385,0.0,0.028133630752563477,-0.04565930366516113,-0.06433892250061035,-0.051666975021362305,-0.03495049476623535,0.051688194274902344,0.0714426040649414,0.05710172653198242,0.0,-0.1101694107055664,0.23073244094848633,0.03230881690979004,0.049889564514160156,0.14337849617004395,-0.25086021423339844,-0.026309728622436523,-0.041529178619384766
343,0.1,0,11,0.49045997858047485,6,0.001559615135192871,0.004401981830596924,5,0.013649821281433105,0.0817563533782959,0.04216621071100235,0.0625956729054451,0.13172003626823425,0.16805389523506165,0.08182749152183533,0.07999962568283081,0.0018278658390045166,0.02622097171843052,0.05379561707377434,0.0,0.00283658504486084,-0.00900357961654663,-0.009151220321655273,-0.010277926921844482,-0.005116194486618042,0.004401981830596924,0.0028423666954040527,0.001853346824645996,0.0,-0.09007042646408081,0.06810653209686279,0.03953626751899719,0.030591070652008057,0.0817563533782959,-0.10297906398773193,-0.056410133838653564,-0.04224097728729248
418,0.1,1,2,0.9915583729743958,8,0.0066983699798583984,0.04567140340805054,3,0.025069117546081543,0.16404825448989868,0.06635987758636475,0.1006706953048706,0.20818932354450226,0.3364189863204956,0.2107643485069275,0.10990029573440552,0.10086405277252197,0.04355764016509056,0.09195540100336075,0.0,0.008570671081542969,-0.0523335337638855,-0.05749386548995972,-0.07101696729660034,-0.011639297008514404,0.03535085916519165,0.03897303342819214,0.04567140340805054,0.0,-0.06857436895370483,0.13426727056503296,0.16404825448989868,0.13897913694381714,0.08463144302368164,-0.14721530675888062,-0.1525455117225647,-0.11647599935531616
448,0.1,0,1,1.5085278749465942,8,3.5762786865234375e-07,0.05204963684082031,5,0.03130757808685303,0.06628823280334473,0.10854743421077728,0.175398588180542,0.30654263496398926,0.3885762095451355,0.1146538257598877,0.03526747226715088,0.07938635349273682,0.07906517386436462,0.182381734251976,0.0,0.027468562126159668,-0.05320131778717041,-0.05320119857788086,-0.05320131778717041,-0.038008809089660645,0.05204927921295166,0.05204927921295166,0.05204963684082031,0.0,-0.06203126907348633,0.034979939460754395,0.034980177879333496,0.0349806547164917,0.06628823280334473,-0.04596054553985596,-0.04596078395843506,-0.045960307121276855
463,0.1,0,1,4.855002403259277,8,0.025138378143310547,0.05698728561401367,7,0.0034575462341308594,0.3283047676086426,0.14332957565784454,0.22619864344596863,0.38486701250076294,0.5937352776527405,0.3776712417602539,0.3759326934814453,0.0017385482788085938,0.06508388370275497,0.16187599301338196,0.0,0.00811624526977539,-0.02456045150756836,-0.017831802368164062,-0.03469657897949219,-0.00945901870727539,0.031848907470703125,0.02956676483154297,0.05698728561401367,0.0,0.13091278076171875,-0.09823369979858398,-0.3304920196533203,-0.39299726486206055,-0.171722412109375,0.10707283020019531,0.3283047676086426,0.3248472213745117
470,0.1,3,3,0.01924310252070427,7,2.2219493985176086e-05,4.7594308853149414e-05,2,0.00026595965027809143,0.0002987012267112732,0.0011111022904515266,0.0018876891117542982,0.0029407532420009375,0.004766172729432583,0.00035952962934970856,0.00035952962934970856,0.0,0.0007642138516530395,0.0018655722960829735,0.0,-5.285441875457764e-05,2.4205073714256287e-05,-0.00011377409100532532,-0.00010488741099834442,-0.0001651030033826828,-0.00011845119297504425,4.7594308853149414e-05,2.5374814867973328e-05,0.0,-0.001606246456503868,0.0002987012267112732,3.274157643318176e-05,-0.00010278262197971344,-0.00023443251848220825,-0.0006258878856897354,-0.00023384764790534973,-0.00011354126036167145
534,0.1,3,2,0.4169468283653259,3,0.0002913177013397217,0.030516594648361206,2,0.028163671493530273,0.03792724013328552,0.05083724111318588,0.09184014797210693,0.0776379331946373,0.11613275855779648,0.07021951675415039,0.0694129467010498,0.0008065700531005859,0.026636838912963867,0.08088507503271103,0.0,-0.02700096368789673,0.030024319887161255,0.030516594648361206,0.030225276947021484,0.025567680597305298,-0.04397457838058472,-0.04743754863739014,-0.04729503393173218,0.0,-0.022039443254470825,0.03792724013328552,-0.009778380393981934,-0.015275150537490845,0.009763568639755249,-0.061770856380462646,-0.003524601459503174,0.0014255642890930176
535,0.1,3,1,0.5539936423301697,4,0.012187302112579346,0.06526100635528564,1,0.004711449146270752,0.178690105676651,0.08251721411943436,0.11253513395786285,0.2030157744884491,0.2643349766731262,0.22829008102416992,0.1414889395236969,0.08680114150047302,0.02982007898390293,0.10761292278766632,0.0,-0.03183025121688843,0.049867093563079834,0.0530737042427063,0.06526100635528564,0.05117732286453247,-0.03702419996261597,-0.04444330930709839,-0.0573919415473938,0.0,0.178690105676651,-0.20836734771728516,-0.20187455415725708,-0.13855791091918945,-0.3177145719528198,0.17397865653038025,0.15969973802566528,0.11187636852264404
621,0.1,0,1,9.486004829406738,8,0.03171348571777344,0.3043365478515625,1,0.004131317138671875,0.09689044952392578,0.4044102132320404,0.5170137882232666,0.41241398453712463,0.6154031157493591,0.39795494079589844,0.3932943344116211,0.004660606384277344,0.15735025703907013,0.35447534918785095,0.0,0.11264991760253906,-0.17235851287841797,-0.21100139617919922,-0.2387561798095703,-0.1320972442626953,0.2242755889892578,0.27262306213378906,0.3043365478515625,0.0,0.09689044952392578,-0.06406402587890625,-0.053854942321777344,-0.06885910034179688,-0.10439491271972656,0.08246612548828125,0.0720367431640625,0.0927591323852539
708,0.1,0,9,0.5675647854804993,4,0.008631348609924316,0.04285353422164917,4,0.018358588218688965,0.06398111581802368,0.05775696039199829,0.06976267695426941,0.051374129951000214,0.057845354080200195,0.10062599182128906,0.10062599182128906,0.0,0.014600659720599651,0.03662446513772011,0.0,-0.0056168437004089355,-0.0025846362113952637,0.034222185611724854,0.04285353422164917,0.0062795281410217285,0.0007211565971374512,-0.0487481951713562,-0.0560573935508728,0.0,-0.02233785390853882,0.007742345333099365,0.04562252759933472,0.06398111581802368,0.02344965934753418,-0.013543188571929932,-0.07113808393478394,-0.0934140682220459
733,0.1,0,1,0.37455037236213684,6,0.006533980369567871,0.013493061065673828,5,0.007604271173477173,0.06151384115219116,0.05013279244303703,0.06768439710140228,0.10633549839258194,0.14008015394210815,0.07336720824241638,0.05476802587509155,0.01859918236732483,0.010441329330205917,0.03553495556116104,0.0,0.005498826503753662,-0.012957543134689331,-0.006905853748321533,-0.0036313235759735107,-0.007561355829238892,0.013493061065673828,0.006959080696105957,0.0024650394916534424,0.0,-0.07734081149101257,0.0439697802066803,0.04122495651245117,0.05390956997871399,0.06151384115219116,-0.07470959424972534,-0.06190308928489685,-0.08218732476234436
745,0.1,0,1,0.6186156868934631,6,0.005373954772949219,0.007046043872833252,8,0.011940360069274902,0.020356416702270508,0.06383813917636871,0.09470497071743011,0.17104589939117432,0.23514345288276672,0.02607262134552002,0.018104970455169678,0.007967650890350342,0.024716468527913094,0.0544670969247818,0.0,0.0016720890998840332,-0.0068683624267578125,-0.0012017488479614258,-0.002466559410095215,-0.0026243925094604492,0.007046043872833252,-0.0004987716674804688,-0.0005477070808410645,0.0,0.001782834529876709,0.008416056632995605,-0.0024137496948242188,-0.017625749111175537,-0.0002575516700744629,-0.008562326431274414,0.0036089420318603516,0.020356416702270508
767,0.1,2,1,1.7457557916641235,8,0.0029511451721191406,0.07287633419036865,6,0.1475365161895752,0.21303188800811768,0.14377564191818237,0.22815898060798645,0.23150122165679932,0.3940458297729492,0.2658344507217407,0.2597466707229614,0.006087779998779297,0.10552140325307846,0.3161480724811554,0.0,0.019735336303710938,-0.055651307106018066,-0.09231042861938477,-0.10002171993255615,-0.027556777000427246,0.05510520935058594,0.06992518901824951,0.07287633419036865,0.0,0.062178730964660645,-0.2140876054763794,-0.03770124912261963,-0.0872107744216919,-0.08112692832946777,0.21303188800811768,0.025191187858581543,0.06549537181854248
808,0.1,0,2,0.7964621186256409,4,0.0023455023765563965,0.018441617488861084,4,0.03383827209472656,0.1372402310371399,0.0732191801071167,0.11996006965637207,0.2000667154788971,0.26967504620552063,0.15531641244888306,0.15531641244888306,0.0,0.043546490371227264,0.09577232599258423,0.0,-0.0043558478355407715,-0.00036793947219848633,0.016096115112304688,0.018441617488861084,0.00532686710357666,0.00010097026824951172,-0.01905512809753418,-0.02166426181793213,0.0,-0.09006518125534058,0.07845276594161987,0.07824653387069702,0.1372402310371399,0.10340195894241333,-0.09576618671417236,-0.08971786499023438,-0.1539967656135559
969,0.1,3,1,2.4451982975006104,8,0.0003287792205810547,0.04906892776489258,6,0.05083632469177246,0.12082314491271973,0.0984274297952652,0.14602892100811005,0.28616127371788025,0.41289979219436646,0.16730880737304688,0.0931692123413086,0.07413959503173828,0.08807657659053802,0.21283257007598877,0.0,0.010930299758911133,0.023993253707885742,-0.04206061363220215,-0.04311513900756836,-0.012101411819458008,-0.026311397552490234,0.04874014854431152,0.04906892776489258,0.0,0.06998682022094727,-0.10549640655517578,-0.02033090591430664,-0.028432369232177734,-0.08615994453430176,0.12082314491271973,0.018825292587280273,0.023703813552856445
1119,0.1,0,5,1.9082255363464355,4,0.018286824226379395,0.09550511837005615,6,0.021593689918518066,0.09895634651184082,0.12502339482307434,0.1799156367778778,0.1537553071975708,0.21592922508716583,0.1957106590270996,0.1549316644668579,0.0407789945602417,0.07807440310716629,0.18922382593154907,0.0,-0.013660907745361328,0.02925705909729004,0.07721829414367676,0.09550511837005615,0.01879119873046875,-0.016179680824279785,-0.04676997661590576,-0.05450284481048584,0.0,0.007341861724853516,-0.08142209053039551,0.07736265659332275,0.06764030456542969,-0.006395578384399414,0.09895634651184082,-0.07709765434265137,-0.051090121269226074
1143,0.1,3,7,1.6798052787780762,6,0.01967799663543701,0.07658326625823975,3,0.006321549415588379,0.1161888837814331,0.11228462308645248,0.15388941764831543,0.21030862629413605,0.3283456265926361,0.182725191116333,0.1060187816619873,0.0767064094543457,0.028615569695830345,0.069003164768219,0.0,0.03882932662963867,-0.0738973617553711,-0.054334402084350586,-0.06038558483123779,-0.05125784873962402,0.07658326625823975,0.05289411544799805,0.056905269622802734,0.0,-0.06346917152404785,-0.04779922962188721,0.1161888837814331,0.10986733436584473,0.057373762130737305,0.039594292640686035,-0.14727067947387695,-0.1367354393005371
1181,0.1,0,1,6.344054222106934,8,0.03685903549194336,0.09494590759277344,3,0.003044605255126953,0.43880224227905273,0.324276864528656,0.40223589539527893,0.398350328207016,0.5218656659126282,0.5013875961303711,0.45997095108032227,0.04141664505004883,0.06005213409662247,0.18763113021850586,0.0,-0.0015892982482910156,0.05181455612182617,0.004876613616943359,-0.028812885284423828,0.0031995773315429688,-0.03964710235595703,0.05808687210083008,0.09494590759277344,0.0,-0.14363908767700195,0.1207895278930664,0.43880224227905273,0.4357576370239258,0.17769145965576172,-0.1505274772644043,-0.4254465103149414,-0.32660770416259766
1188,0.1,3,1,0.9779589176177979,8,0.0015664100646972656,0.009317576885223389,2,0.000686347484588623,0.051553189754486084,0.13134078681468964,0.18664874136447906,0.24107937514781952,0.343179851770401,0.06223952770233154,0.05948686599731445,0.00275266170501709,0.04836494103074074,0.12209103256464005,0.0,0.002794981002807617,0.0027274489402770996,-0.009388864040374756,-0.01102137565612793,-0.008907735347747803,-0.0056154727935791016,0.007751166820526123,0.009317576885223389,0.0,-0.00199049711227417,0.051553189754486084,-0.0345759391784668,-0.05021786689758301,-0.03695225715637207,-0.06937885284423828,0.03539574146270752,0.05086684226989746
1237,0.1,3,1,6.685985088348389,8,0.01415395736694336,0.20059823989868164,8,0.05911064147949219,0.33037233352661133,0.2911778688430786,0.36422234773635864,0.5133574604988098,0.6547179222106934,0.527442455291748,0.527442455291748,0.0,0.041480518877506256,0.20369848608970642,0.0,0.09099817276000977,-0.12157058715820312,-0.15086841583251953,-0.1639571189880371,-0.10562849044799805,0.15765047073364258,0.18644428253173828,0.20059823989868164,0.0,0.21854639053344727,-0.0471954345703125,-0.22194576263427734,-0.2873568534851074,-0.22898626327514648,0.07877349853515625,0.27126169204711914,0.33037233352661133
1260,0.1,0,3,0.027032747864723206,4,0.00027405284345149994,0.0013753194361925125,6,0.00024099647998809814,0.002061653882265091,0.0031860501039773226,0.004198466427624226,0.005433109123259783,0.008282551541924477,0.0033991821110248566,0.001128215342760086,0.0022709667682647705,0.001561047276481986,0.004396194126456976,0.0,-0.000517822802066803,0.0007943082600831985,0.0011012665927410126,0.0013753194361925125,0.0005855429917573929,-0.0011050384491682053,-0.0015378370881080627,-0.001948794350028038,0.0,0.0016184169799089432,-0.0026321522891521454,-0.0024884119629859924,-0.0027838554233312607,-0.003077130764722824,0.002061653882265091,0.0018206574022769928,0.0017316211014986038
1412,0.1,1,1,0.6595050096511841,6,0.012108564376831055,0.04887866973876953,6,0.07469332218170166,0.11058449745178223,0.08080258965492249,0.09635037183761597,0.19092442095279694,0.280312716960907,0.156460702419281,0.156460702419281,0.0,0.023989366367459297,0.0735975131392479,0.0,0.014801740646362305,-0.054501235485076904,-0.03825020790100098,-0.04545736312866211,-0.019667983055114746,0.04887866973876953,0.03158974647521973,0.03677010536193848,0.0,0.035891175270080566,-0.11436295509338379,-0.03227657079696655,0.014101147651672363,-0.049694597721099854,0.11058449745178223,0.029663562774658203,-0.018081486225128174
1500,0.1,0,3,0.03362836688756943,4,0.00023510493338108063,0.0033803842961788177,4,0.00010682828724384308,0.0041618384420871735,0.003923109732568264,0.005186176858842373,0.006969040725380182,0.009661317802965641,0.007173614576458931,0.007173614576458931,0.0,0.0017944034188985825,0.003867385908961296,0.0,-0.0002252049744129181,0.00018721073865890503,0.003145279362797737,0.0033803842961788177,0.0002704523503780365,-0.0002549365162849426,-0.004782732576131821,-0.004224248230457306,0.0,-0.0004296228289604187,-0.00149458646774292,0.00405501015484333,0.0041618384420871735,0.00046497955918312073,0.0017031393945217133,-0.0070680417120456696,-0.0051207467913627625
1517,0.1,0,1,0.08350946009159088,4,0.00034662336111068726,0.0020531564950942993,4,0.00035733357071876526,0.02302991971373558,0.01186002604663372,0.015952780842781067,0.02572016790509224,0.03429458662867546,0.024847518652677536,0.024847518652677536,0.0,0.0035134858917444944,0.008665993809700012,0.0,-0.001171015202999115,0.001706533133983612,0.001653924584388733,0.0020531564950942993,0.0014191120862960815,-0.0021826699376106262,-0.0021142810583114624,-0.0026469379663467407,0.0,-0.026221156120300293,0.0031046420335769653,0.016774334013462067,0.02302991971373558,0.022672586143016815,-0.004349455237388611,-0.02589840441942215,-0.03940387815237045
1593,0.1,2,1,0.014979851432144642,4,0.00013159960508346558,0.0014967955648899078,4,0.000414971262216568,0.0017849886789917946,0.002285543829202652,0.0030580488964915276,0.002887431299313903,0.004572709556668997,0.0030231624841690063,0.0030231624841690063,0.0,0.0007365617202594876,0.0019355904078111053,0.0,-0.0008897753432393074,0.0011761169880628586,0.0013651959598064423,0.0014967955648899078,0.0009543951600790024,-0.0017283493652939796,-0.002103780396282673,-0.0023142313584685326,0.0,-0.0015257494524121284,0.0003469688817858696,0.0012267930433154106,0.0017849886789917946,0.0013700174167752266,-0.000740869902074337,-0.0018830867484211922,-0.0026915492489933968
1870,0.1,3,17,0.48163145780563354,6,0.0024979114532470703,0.006955444812774658,5,0.009278327226638794,0.04822620749473572,0.04966263473033905,0.07976822555065155,0.06857777386903763,0.12102976441383362,0.055069029331207275,0.04234534502029419,0.012723684310913086,0.013619420118629932,0.036304548382759094,0.0,0.00428164005279541,-0.006048798561096191,-0.0035028159618377686,-0.003828376531600952,-0.0054450929164886475,0.006955444812774658,0.004117131233215332,0.004457533359527588,0.0,-0.05849045515060425,0.038947880268096924,0.0218430757522583,0.015482127666473389,0.04822620749473572,-0.054777443408966064,-0.03031212091445923,-0.022992193698883057
1887,0.1,1,1,2.440609931945801,2,0.02800774574279785,0.11896967887878418,5,0.05601787567138672,0.14679193496704102,0.1470191478729248,0.21566884219646454,0.1771545112133026,0.31062382459640503,0.26119279861450195,0.2220478057861328,0.03914499282836914,0.058859895914793015,0.12771275639533997,0.0,-0.06038999557495117,0.11896967887878418,0.08563804626464844,0.09096193313598633,0.07761716842651367,-0.13062739372253418,-0.08991765975952148,-0.0934288501739502,0.0,-0.12072515487670898,0.0907740592956543,0.05091691017150879,0.07443833351135254,0.14679193496704102,-0.10338473320007324,-0.058446407318115234,-0.08418917655944824
1899,0.1,2,1,1.3964024782180786,6,0.008400917053222656,0.16803348064422607,2,0.20052969455718994,0.2765040397644043,0.18359386920928955,0.23764309287071228,0.207859069108963,0.29667624831199646,0.39760029315948486,0.17233097553253174,0.22526931762695312,0.04837901145219803,0.20620030164718628,0.0,0.07502901554107666,-0.2502439022064209,-0.22601425647735596,-0.2355480194091797,-0.1068110466003418,0.16803348064422607,0.15819799900054932,0.15963256359100342,0.0,-0.059906005859375,0.2765040397644043,0.013413190841674805,-0.05136847496032715,0.07597434520721436,-0.3053814172744751,-0.022676706314086914,0.03546702861785889
1918,0.1,2,1,7.2744059562683105,8,0.009572505950927734,0.3390789031982422,6,0.006089210510253906,0.28368663787841797,0.3984409272670746,0.49017369747161865,0.49360522627830505,0.7840116024017334,0.5971112251281738,0.5664572715759277,0.030653953552246094,0.12550775706768036,0.29174548387527466,0.0,0.20431041717529297,-0.25885009765625,-0.28342294692993164,-0.29320716857910156,-0.24090242385864258,0.30716991424560547,0.32950639724731445,0.3390789031982422,0.0,0.27759742736816406,-0.2563338279724121,-0.198883056640625,-0.1382603645324707,-0.3170328140258789,0.28368663787841797,0.2300429344177246,0.16894149780273438
2049,0.1,1,10,0.9843238592147827,3,0.0027033090591430664,0.19143974781036377,2,0.04407203197479248,0.08997875452041626,0.13036049902439117,0.17627424001693726,0.39036980271339417,0.5068949460983276,0.27282196283340454,0.2344743013381958,0.03834766149520874,0.10154316574335098,0.19830194115638733,0.0,-0.058712124824523926,0.1505500078201294,0.19143974781036377,0.1887364387512207,0.0702294111251831,-0.15478765964508057,-0.19117224216461182,-0.18197309970855713,0.0,-0.042864203453063965,0.08997875452041626,0.011310338973999023,0.022403478622436523,0.04590672254562378,-0.12627184391021729,-0.02998483180999756,-0.04399549961090088
2181,0.1,3,0,2.3837671279907227,4,0.01366424560546875,0.1417369842529297,4,0.04172563552856445,0.1187753677368164,0.20406658947467804,0.2501654624938965,0.33634498715400696,0.4436814486980438,0.25151586532592773,0.25151586532592773,0.0,0.07242393493652344,0.22629375755786896,0.0,-0.05341672897338867,0.09338259696960449,0.12807273864746094,0.1417369842529297,0.06640005111694336,-0.10019493103027344,-0.12799596786499023,-0.1375257968902588,0.0,-0.07855415344238281,0.041524410247802734,0.06627035140991211,0.1187753677368164,0.07704973220825195,-0.07049179077148438,-0.0794684886932373,-0.12468624114990234
2184,0.1,0,1,0.23590077459812164,4,0.005954280495643616,0.01955556869506836,8,0.014043852686882019,0.027575373649597168,0.0393216535449028,0.04800669103860855,0.052916087210178375,0.06578761339187622,0.04309985041618347,0.021669134497642517,0.021430715918540955,0.008186237886548042,0.02471851371228695,0.0,-0.007937237620353699,0.012899324297904968,0.013601288199424744,0.01955556869506836,0.007863610982894897,-0.024311259388923645,-0.027463123202323914,-0.037436023354530334,0.0,0.0010235607624053955,0.008839204907417297,-0.013896360993385315,-0.037913545966148376,-0.002468422055244446,-0.012012898921966553,0.013531520962715149,0.027575373649597168
2248,0.1,3,14,0.8315430879592896,8,0.008053421974182129,0.025032401084899902,6,0.024748146533966064,0.07614326477050781,0.03797324746847153,0.05984532833099365,0.1649409830570221,0.2203207165002823,0.09731912612915039,0.06795680522918701,0.02936232089996338,0.0370158888399601,0.06893898546695709,0.0,0.006760716438293457,0.001880049705505371,-0.016477584838867188,-0.02448374032974243,-0.009964585304260254,-0.0036107301712036133,0.016978979110717773,0.025032401084899902,0.0,0.05139511823654175,-0.08063983917236328,-0.004077494144439697,-0.014697849750518799,-0.09861946105957031,0.07614326477050781,-0.0007032155990600586,0.007098853588104248
2306,0.1,1,1,0.2709270417690277,6,0.005250990390777588,0.012432217597961426,4,0.0011186599731445312,0.09932255744934082,0.03941894322633743,0.07185609638690948,0.06717506051063538,0.11436688899993896,0.10739277303218842,0.1051318347454071,0.002260938286781311,0.016582129523158073,0.039871904999017715,0.0,0.000819861888885498,-0.01154482364654541,0.00025069713592529297,0.007181227207183838,-0.001139998435974121,0.012432217597961426,-0.0022460520267486572,-0.010597556829452515,0.0,-0.0642305314540863,0.0840306431055069,0.09820389747619629,0.09932255744934082,0.06815697252750397,-0.11501643061637878,-0.1349828541278839,-0.11837416887283325
2376,0.1,2,6,1.0257463455200195,4,0.0017840266227722168,0.10901784896850586,6,0.07721799612045288,0.10199970006942749,0.12432656437158585,0.17240563035011292,0.25560110807418823,0.34983620047569275,0.20668578147888184,0.10876458883285522,0.09792119264602661,0.07836805284023285,0.16147205233573914,0.0,-0.02796483039855957,0.03719890117645264,0.10723382234573364,0.10901784896850586,0.03363609313964844,-0.04152357578277588,-0.11119067668914795,-0.10862219333648682,0.0,0.02478170394897461,-0.10383820533752441,-0.009755373001098633,-0.0058193206787109375,-0.03404712677001953,0.10199970006942749,0.0030106306076049805,-0.0013728141784667969
2381,0.1,1,1,0.340032696723938,2,0.008330315351486206,0.053044646978378296,8,0.013788431882858276,0.08137336373329163,0.05105990171432495,0.07325267046689987,0.09387998282909393,0.1280825138092041,0.12936653196811676,0.02664250135421753,0.10272403061389923,0.013438018038868904,0.03296197950839996,0.0,-0.015318363904953003,0.053044646978378296,0.03987228870391846,0.04471433162689209,0.017740607261657715,-0.0680878758430481,-0.05066603422164917,-0.05589371919631958,0.0,0.043242037296295166,-0.060264140367507935,-0.09528875350952148,-0.11829134821891785,-0.06737110018730164,0.03626105189323425,0.06758493185043335,0.08137336373329163
2391,0.1,2,1,0.6595622897148132,4,0.0026988983154296875,0.07483673095703125,6,0.015602588653564453,0.052840471267700195,0.07212584465742111,0.10691308230161667,0.17035803198814392,0.2706087529659271,0.12524813413619995,0.10751700401306152,0.017731130123138428,0.028729474171996117,0.05882912129163742,0.0,-0.030115365982055664,0.05703246593475342,0.07213783264160156,0.07483673095703125,0.03569650650024414,-0.06380593776702881,-0.08708822727203369,-0.08527225255966187,0.0,-0.000962376594543457,-0.08070331811904907,0.03723788261413574,0.01757115125656128,-0.0119706392288208,0.052840471267700195,-0.051520466804504395,-0.03054952621459961
2494,0.1,2,1,5.863447189331055,8,0.040863037109375,0.15228652954101562,5,0.07546615600585938,0.2809877395629883,0.23831529915332794,0.3554409146308899,0.4718833863735199,0.6284754872322083,0.43902587890625,0.22405338287353516,0.21497249603271484,0.12330527603626251,0.2557566463947296,0.0,0.04794454574584961,-0.03227567672729492,-0.09712743759155273,-0.135528564453125,-0.05815315246582031,0.04451417922973633,0.11142349243164062,0.15228652954101562,0.0,-0.2152085304260254,0.2055215835571289,0.07172870635986328,0.16247940063476562,0.2809877395629883,-0.23914670944213867,-0.07593774795532227,-0.15903091430664062
2592,0.1,3,9,1.1337931156158447,6,0.0027060508728027344,0.03545379638671875,2,0.0038074254989624023,0.08704018592834473,0.06195015832781792,0.08323656767606735,0.1636173278093338,0.26502490043640137,0.12210822105407715,0.06195878982543945,0.060149431228637695,0.02040848135948181,0.06031707301735878,0.0,0.018349409103393555,-0.0326005220413208,-0.022365450859069824,-0.032471537590026855,-0.02254486083984375,0.03545379638671875,0.023558616638183594,0.032747745513916016,0.0,-0.09307563304901123,0.08704018592834473,0.048776865005493164,0.02879774570465088,0.08323276042938232,-0.11859774589538574,-0.07482242584228516,-0.05326735973358154
2682,0.1,0,1,0.01635444350540638,2,7.719546556472778e-05,0.00039670430123806,7,0.00010769255459308624,0.00037593767046928406,0.0019044755026698112,0.0032560559920966625,0.00314817251637578,0.004888488911092281,0.0007537789642810822,0.0006534382700920105,0.00010034069418907166,0.0008462836849503219,0.001980686793103814,0.0,-0.00027227774262428284,0.00039670430123806,0.00019668973982334137,0.00019798055291175842,0.0003195088356733322,-0.0005218572914600372,-0.00024988315999507904,-0.00025422126054763794,0.0,-0.00016827695071697235,0.0002682451158761978,-0.00039596110582351685,-8.806958794593811e-05,-0.00021177716553211212,-0.00041506998240947723,0.00037593767046928406,-5.7464465498924255e-05
2695,0.1,1,1,0.2000252902507782,2,0.004243120551109314,0.023196116089820862,8,0.0033157020807266235,0.01457725465297699,0.024388790130615234,0.03633604943752289,0.03919053077697754,0.057432085275650024,0.03707444667816162,0.017779096961021423,0.019295349717140198,0.005844485945999622,0.011800295673310757,0.0,-0.0115337073802948,0.023196116089820862,0.016435518860816956,0.018952995538711548,0.012769103050231934,-0.034099578857421875,-0.022991612553596497,-0.02664606273174286,0.0,0.008853241801261902,-0.006423696875572205,-0.010939225554466248,-0.016189515590667725,-0.011930540204048157,0.005685299634933472,0.011261552572250366,0.01457725465297699
2828,0.1,1,1,0.01584932766854763,2,6.484519690275192e-05,0.0012043453752994537,6,0.00021557137370109558,0.0007788194343447685,0.0026475824415683746,0.00320777902379632,0.0029466161504387856,0.004355865065008402,0.0019725821912288666,0.0016581416130065918,0.0003144405782222748,0.0006077305297367275,0.0017010828014463186,0.0,-0.0009219441562891006,0.0012043453752994537,0.0011395001783967018,0.001069139689207077,0.0010310830548405647,-0.0016715619713068008,-0.0015513692051172256,-0.0014439355581998825,0.0,-0.00026349909603595734,-0.000936480239033699,0.0005481038242578506,0.0005632480606436729,-7.391907274723053e-05,0.0007788194343447685,-0.0008238200098276138,-0.0009422246366739273
2832,0.1,2,1,0.21792690455913544,4,0.0011853277683258057,0.006054401397705078,7,0.0036324113607406616,0.03829759359359741,0.026529286056756973,0.04632360115647316,0.05718560889363289,0.08111682534217834,0.043012917041778564,0.032284289598464966,0.010728627443313599,0.008849692530930042,0.03553585708141327,0.0,-0.0014000236988067627,-0.00033548474311828613,0.0048690736293792725,0.006054401397705078,0.0015441477298736572,-0.0010735094547271729,-0.007066875696182251,-0.008841380476951599,0.0,0.01829051971435547,-0.008701309561729431,-0.038870200514793396,-0.03537796437740326,-0.02367432415485382,0.011043667793273926,0.03829759359359741,0.03466518223285675
2897,0.1,0,1,0.4200713634490967,4,0.0015846192836761475,0.0053751468658447266,4,0.000548243522644043,0.008008778095245361,0.04305031895637512,0.053441956639289856,0.09872765839099884,0.12377513945102692,0.0138397216796875,0.0138397216796875,0.0,0.013291346840560436,0.03934936970472336,0.0,-0.0014802515506744385,0.0016353428363800049,0.003790527582168579,0.0053751468658447266,0.0016668736934661865,-0.0028111040592193604,-0.0057062506675720215,-0.008801966905593872,0.0,-0.005494564771652222,0.0008537471294403076,0.007460534572601318,0.008008778095245361,0.0050668418407440186,-0.002405315637588501,-0.01121702790260315,-0.012807786464691162
3016,0.1,2,1,4.458208084106445,6,0.04294013977050781,0.08919048309326172,6,0.0976567268371582,0.44589853286743164,0.14766111969947815,0.2539542317390442,0.3201999068260193,0.4907720983028412,0.5318312644958496,0.5318312644958496,0.0,0.06498589366674423,0.18043848872184753,0.0,0.027885913848876953,-0.06183910369873047,-0.021250247955322266,-0.01986074447631836,-0.026157379150390625,0.08919048309326172,0.04438924789428711,0.046250343322753906,0.0,0.34824180603027344,-0.3755221366882324,-0.23461008071899414,-0.21871519088745117,-0.3935861587524414,0.44589853286743164,0.2824287414550781,0.2591252326965332
3018,0.1,0,1,0.2508339285850525,4,0.0,0.016668692231178284,2,8.940696716308594e-08,8.368492126464844e-05,0.04376036673784256,0.05712807923555374,0.05984150618314743,0.08677788078784943,0.016668692231178284,0.016560599207878113,0.0001080930233001709,0.01291949488222599,0.025084905326366425,0.0,-0.014729142189025879,0.016668692231178284,0.016668498516082764,0.016668692231178284,0.01610743999481201,-0.022713273763656616,-0.022713273763656616,-0.022713273763656616,0.0,-0.002674490213394165,8.368492126464844e-05,8.359551429748535e-05,8.359551429748535e-05,-0.00015565752983093262,-0.0014171600341796875,-0.0014171600341796875,-0.0014171600341796875
3033,0.1,0,2,0.6647891998291016,2,0.03352975845336914,0.09366512298583984,3,0.0340384840965271,0.17320114374160767,0.10735277086496353,0.15320485830307007,0.21416565775871277,0.2599133849143982,0.23906025290489197,0.21523761749267578,0.023822635412216187,0.03896395117044449,0.12026834487915039,0.0,-0.013461828231811523,0.09366512298583984,0.0601353645324707,0.03935647010803223,0.016179978847503662,-0.126176118850708,-0.06133532524108887,-0.03782743215560913,0.0,-0.055446088314056396,0.041793107986450195,0.17320114374160767,0.13916265964508057,0.06434065103530884,-0.05575752258300781,-0.17735862731933594,-0.13098371028900146
3112,0.1,1,1,1.1907507181167603,4,0.03557443618774414,0.06540977954864502,4,0.022158384323120117,0.12125146389007568,0.13207033276557922,0.17438676953315735,0.22772102057933807,0.30944114923477173,0.18234264850616455,0.18234264850616455,0.0,0.030693981796503067,0.08530361205339432,0.0,-0.009528636932373047,0.0035860538482666016,0.02983534336090088,0.06540977954864502,0.012417912483215332,-0.0006302595138549805,-0.031074166297912598,-0.06692063808441162,0.0,-0.06624102592468262,0.030609726905822754,0.09909307956695557,0.12125146389007568,0.0743480920791626,-0.040050506591796875,-0.11610615253448486,-0.13258850574493408
3139,0.1,3,1,3.204935073852539,8,0.012755155563354492,0.18655991554260254,2,0.0015702247619628906,0.29146718978881836,0.2606985569000244,0.35864150524139404,0.33959826827049255,0.48685479164123535,0.47255873680114746,0.1889803409576416,0.28357839584350586,0.09333590418100357,0.2389872968196869,0.0,0.08358645439147949,-0.12401366233825684,-0.16393685340881348,-0.1784505844116211,-0.1056666374206543,0.13480019569396973,0.17380475997924805,0.18655991554260254,0.0,-0.22288846969604492,0.29146718978881836,0.1841723918914795,0.17362046241760254,0.28989696502685547,-0.3116168975830078,-0.19563531875610352,-0.17718958854675293
3151,0.1,2,2,4.413458824157715,8,0.02246713638305664,0.27939891815185547,6,0.08328533172607422,0.1815032958984375,0.22441139817237854,0.3042096495628357,0.20598125457763672,0.2964365780353546,0.44167232513427734,0.38172340393066406,0.05994892120361328,0.09764553606510162,0.2296832799911499,0.0,0.09001493453979492,-0.18161964416503906,-0.23083114624023438,-0.256253719329834,-0.10987091064453125,0.21109580993652344,0.25693178176879883,0.27939891815185547,0.0,0.08533859252929688,-0.164794921875,-0.08610820770263672,-0.0962672233581543,-0.09981346130371094,0.1815032958984375,0.09348630905151367,0.09821796417236328
3193,0.1,0,6,0.9391099810600281,6,1.1920928955078125e-07,0.04692882299423218,1,0.020340025424957275,0.04907196760177612,0.0832328274846077,0.11579979211091995,0.20759806036949158,0.3083026707172394,0.0971575379371643,0.07784402370452881,0.019313514232635498,0.027562806382775307,0.07960966229438782,0.0,0.028413772583007812,-0.04860943555831909,-0.04860955476760864,-0.04860967397689819,-0.03931480646133423,0.04692882299423218,0.04692870378494263,0.04692870378494263,0.0,0.04907196760177612,-0.02385997772216797,-0.023859679698944092,-0.023860037326812744,-0.057670414447784424,0.02873152494430542,0.02873152494430542,0.028731942176818848
3250,0.1,1,1,0.38186901807785034,4,0.0005519986152648926,0.021853595972061157,6,0.009815633296966553,0.04586055874824524,0.06062544509768486,0.08829326927661896,0.10003218799829483,0.1361462026834488,0.06550610065460205,0.023331016302108765,0.042175084352493286,0.0171197559684515,0.04783228784799576,0.0,-0.005101501941680908,0.021301597356796265,0.01741611957550049,0.021853595972061157,0.006102085113525391,-0.025458157062530518,-0.02068290114402771,-0.02461901307106018,0.0,0.021052181720733643,-0.042867958545684814,-0.04173704981803894,-0.046119898557662964,-0.028106480836868286,0.04586055874824524,0.03474399447441101,0.036044925451278687
3260,0.1,0,1,2.3942668437957764,8,0.005216836929321289,0.0646812915802002,6,0.04174017906188965,0.06801581382751465,0.2579570710659027,0.31927716732025146,0.3176438808441162,0.4542491137981415,0.1269090175628662,0.038887739181518555,0.08802127838134766,0.0681041032075882,0.1643417775630951,0.0,-0.0036230087280273438,0.059464454650878906,-0.01772618293762207,-0.05330681800842285,0.004551887512207031,-0.0723118782043457,0.025319576263427734,0.0646812915802002,0.0,0.0186004638671875,-0.05714273452758789,0.0038857460021972656,0.026275634765625,-0.022458553314208984,0.06801581382751465,-0.005562543869018555,-0.024855852127075195
3383,0.1,2,1,0.8984281420707703,2,0.003720998764038086,0.01675969362258911,4,0.003491520881652832,0.04859894514083862,0.08609125763177872,0.12504571676254272,0.14579065144062042,0.22343894839286804,0.06467634439468384,0.060020267963409424,0.004656076431274414,0.02539719268679619,0.07054050266742706,0.0,-0.009396672248840332,0.01675969362258911,0.013038694858551025,0.011823832988739014,0.01113957166671753,-0.021473169326782227,-0.016493141651153564,-0.01503610610961914,0.0,-0.02738255262374878,-0.021010875701904297,0.04510742425918579,0.04859894514083862,0.03501492738723755,0.02535724639892578,-0.05213266611099243,-0.055128395557403564
3395,0.1,0,1,0.03126189857721329,4,0.0013693887740373611,0.0033931564539670944,4,0.0005360953509807587,0.004351917654275894,0.0033544772304594517,0.005024745129048824,0.006533083971589804,0.009770609438419342,0.007047656923532486,0.007047656923532486,0.0,0.0013385224156081676,0.004411780275404453,0.0,-0.00039749592542648315,0.0005350932478904724,0.0020237676799297333,0.0033931564539670944,0.0004643462598323822,-0.0007287934422492981,-0.0026851296424865723,-0.004428427666425705,0.0,-0.0015547722578048706,3.119371831417084e-05,0.0038158223032951355,0.004351917654275894,0.0015882030129432678,-0.00035118311643600464,-0.005992300808429718,-0.0054104141891002655
3702,0.1,2,1,8.553558349609375,6,0.07780742645263672,0.19069576263427734,7,0.0036516189575195312,0.21050548553466797,0.2071610391139984,0.2578801214694977,0.3007538318634033,0.4970265030860901,0.39974308013916016,0.3980398178100586,0.0017032623291015625,0.07154317200183868,0.16638784110546112,0.0,0.03409099578857422,-0.19211578369140625,-0.10218429565429688,-0.0981740951538086,-0.04109764099121094,0.19069576263427734,0.11288833618164062,0.10873222351074219,0.0,0.09559249877929688,-0.13602733612060547,-0.17052936553955078,-0.14227771759033203,-0.10558319091796875,0.20685386657714844,0.21050548553466797,0.17745208740234375
3722,0.1,3,7,2.007389783859253,2,0.0023366212844848633,0.04869353771209717,5,0.1904505491256714,0.6157016754150391,0.09464846551418304,0.1339203119277954,0.30443906784057617,0.422191858291626,0.6643887758255005,0.6587936878204346,0.005595088005065918,0.10217205435037613,0.18885231018066406,0.0,-0.032235145568847656,0.04869353771209717,0.046356916427612305,0.044268131256103516,0.04260420799255371,-0.053028106689453125,-0.052640676498413086,-0.0507357120513916,0.0,-0.613516092300415,0.3170892000198364,0.37709200382232666,0.4252511262893677,0.6157016754150391,-0.4001152515411377,-0.4608738422393799,-0.5045633316040039
3799,0.1,2,1,0.7664825916290283,8,0.006023049354553223,0.023147940635681152,1,0.003965795040130615,0.10055094957351685,0.10312075912952423,0.15369078516960144,0.16395872831344604,0.23372523486614227,0.12057924270629883,0.11670315265655518,0.0038760900497436523,0.03967651352286339,0.08377595245838165,0.0,0.003109276294708252,0.014601171016693115,-0.014325320720672607,-0.019528687000274658,-0.0037388205528259277,-0.01778513193130493,0.01712489128112793,0.023147940635681152,0.0,0.10055094957351685,-0.04767864942550659,-0.07947087287902832,-0.09132981300354004,-0.13006877899169922,0.05092388391494751,0.08723366260528564,0.09658515453338623
3859,0.1,1,1,3.8789467811584473,6,0.025259733200073242,0.0828096866607666,6,0.024336576461791992,0.26389026641845703,0.18993619084358215,0.3126145005226135,0.3023833632469177,0.41015347838401794,0.33887434005737305,0.33887434005737305,0.0,0.12214963138103485,0.2655796408653259,0.0,0.009796142578125,-0.06519651412963867,-0.02282571792602539,-0.052562713623046875,-0.011225700378417969,0.0828096866607666,0.029669761657714844,0.05754995346069336,0.0,0.12678861618041992,-0.2331986427307129,-0.28107166290283203,-0.2960367202758789,-0.16493654251098633,0.26389026641845703,0.23398447036743164,0.23955368995666504
3868,0.1,0,1,4.356693744659424,7,0.07001876831054688,0.3001708984375,8,0.005654811859130859,0.07034587860107422,0.23844580352306366,0.30769795179367065,0.31766533851623535,0.5154369473457336,0.36782407760620117,0.29851293563842773,0.06931114196777344,0.09519466012716293,0.17849360406398773,0.0,0.03645038604736328,-0.13356733322143555,-0.3015775680541992,-0.2673830986022949,-0.044960975646972656,0.16184759140014648,0.3001708984375,0.23015213012695312,0.0,0.0004987716674804688,0.06469106674194336,0.003418445587158203,-0.08849000930786133,0.0011563301086425781,-0.07156705856323242,0.0016102790832519531,0.07034587860107422
3964,0.1,0,1,3.6670703887939453,8,0.0,0.1687779426574707,1,0.020753145217895508,0.06218147277832031,0.22825422883033752,0.2773023247718811,0.2352128028869629,0.35876330733299255,0.21089553833007812,0.20026731491088867,0.010628223419189453,0.0364675410091877,0.1372605264186859,0.0,0.0992119312286377,-0.15352439880371094,-0.15352439880371094,-0.15352463722229004,-0.12725377082824707,0.1687779426574707,0.1687779426574707,0.1687779426574707,0.0,0.06218147277832031,-0.022110462188720703,-0.0221099853515625,-0.022110462188720703,-0.04264545440673828,0.041428327560424805,0.041428327560424805,0.041428327560424805
4006,0.1,1,7,5.45858097076416,8,0.011733055114746094,0.49005842208862305,8,0.0013580322265625,0.1663360595703125,0.2585972547531128,0.3932153582572937,0.29897618293762207,0.47307223081588745,0.6492500305175781,0.6492500305175781,0.0,0.12906336784362793,0.32322072982788086,0.0,0.13586950302124023,-0.3172426223754883,-0.44647216796875,-0.46334362030029297,-0.16568517684936523,0.3529024124145508,0.47832536697387695,0.49005842208862305,0.0,0.050470829010009766,0.0750889778137207,-0.17611265182495117,-0.1751251220703125,-0.06137275695800781,-0.0589146614074707,0.16497802734375,0.1663360595703125
4038,0.1,0,3,0.08362919837236404,4,0.0015393346548080444,0.004064910113811493,4,0.0023764781653881073,0.024206817150115967,0.008454966358840466,0.011987500824034214,0.020266849547624588,0.02660856395959854,0.02758798748254776,0.02758798748254776,0.0,0.0037350859493017197,0.008104900829494,0.0,-0.00042741745710372925,0.001164451241493225,0.0025255754590034485,0.004064910113811493,0.0005013123154640198,-0.0016597509384155273,-0.004362143576145172,-0.006703786551952362,0.0,-0.010840117931365967,0.009814336895942688,0.02183033898472786,0.024206817150115967,0.011140286922454834,-0.014595642685890198,-0.04059061408042908,-0.03280995041131973
4040,0.1,0,3,0.6751293540000916,0,0.0007035136222839355,0.0,5,0.0031258463859558105,0.01840752363204956,0.043110441416502,0.06545128673315048,0.2179139107465744,0.261915385723114,0.02246040105819702,0.022216379642486572,0.00024402141571044922,0.019322535023093224,0.04716810584068298,0.0,-0.002393484115600586,-0.000786125659942627,-0.0007860660552978516,-0.000786125659942627,-0.0007035136222839355,-0.005441725254058838,-0.005441725254058838,-0.005441725254058838,0.0,-0.05784046649932861,0.01528167724609375,0.01528167724609375,0.0152815580368042,0.01840752363204956,-0.03696763515472412,-0.03696739673614502,-0.03696751594543457
4114,0.1,1,1,3.8794052600860596,8,0.0180966854095459,0.1609041690826416,3,0.10214018821716309,0.23820233345031738,0.2866182327270508,0.39285528659820557,0.4192238450050354,0.5807870626449585,0.3695969581604004,0.13354945182800293,0.23604750633239746,0.05830029398202896,0.24183015525341034,0.0,0.02681422233581543,-0.04840278625488281,-0.1265103816986084,-0.1578972339630127,-0.03234434127807617,0.06328797340393066,0.1428074836730957,0.1609041690826416,0.0,-0.10104584693908691,0.1360621452331543,0.23820233345031738,0.07760024070739746,0.11852192878723145,-0.1625521183013916,-0.23507952690124512,-0.06354236602783203
4142,0.1,0,1,0.11425766348838806,4,0.0,0.0007056966423988342,1,0.0017928630113601685,0.004702568054199219,0.012517562136054039,0.017383737489581108,0.022214975208044052,0.029566163197159767,0.005347974598407745,0.004114478826522827,0.0012334957718849182,0.004886125214397907,0.010784320533275604,0.0,-0.0006463304162025452,0.0007056966423988342,0.0007056966423988342,0.0007056966423988342,0.0006968602538108826,-0.0009955763816833496,-0.0009955763816833496,-0.0009955763816833496,0.0,0.004702568054199219,-0.0026767700910568237,-0.0026768743991851807,-0.0026768743991851807,-0.0071460530161857605,0.0029095932841300964,0.0029097050428390503,0.0029095932841300964
4241,0.1,0,1,0.06865821778774261,2,0.0010107830166816711,0.0012386366724967957,4,0.0024968795478343964,0.013580147176980972,0.009387822821736336,0.012703386135399342,0.0136595843359828,0.021444864571094513,0.014501191675662994,0.013709787279367447,0.0007914043962955475,0.003140899585559964,0.01004082802683115,0.0,-0.0001954212784767151,0.0012386366724967957,0.00013946741819381714,-0.0003934800624847412,0.0002278536558151245,-0.0015983134508132935,-0.0007923617959022522,-0.0010456666350364685,0.0,-0.00413300096988678,-0.0019180700182914734,0.011083267629146576,0.013580147176980972,0.0045773983001708984,0.0020244643092155457,-0.015726812183856964,-0.017470508813858032
4443,0.1,1,2,0.8707626461982727,4,0.006145119667053223,0.025082707405090332,4,0.00482410192489624,0.08056014776229858,0.07912366092205048,0.10380087792873383,0.13008102774620056,0.18908119201660156,0.11047852039337158,0.11047852039337158,0.0,0.032990481704473495,0.07302581518888474,0.0,-0.005350053310394287,0.017624974250793457,0.01893758773803711,0.025082707405090332,0.0064888596534729,-0.02022033929824829,-0.02153831720352173,-0.027442455291748047,0.0,-0.059696853160858154,0.07573604583740234,0.06567096710205078,0.08056014776229858,0.062257349491119385,-0.11197131872177124,-0.0894513726234436,-0.09269750118255615
4468,0.1,2,1,0.380698561668396,4,0.004637539386749268,0.013451427221298218,5,0.015439927577972412,0.12938079237937927,0.03896460682153702,0.053773846477270126,0.10339772701263428,0.14537619054317474,0.1381724774837494,0.1327202469110489,0.0054522305727005005,0.012528297491371632,0.04343632981181145,0.0,-0.005433857440948486,0.0033231377601623535,0.00881388783454895,0.013451427221298218,0.005415827035903931,-0.008358687162399292,-0.013415396213531494,-0.019568324089050293,0.0,-0.15672457218170166,0.10193654894828796,0.09099084138870239,0.11394086480140686,0.12938079237937927,-0.16634070873260498,-0.1307275891304016,-0.16171526908874512
4604,0.1,0,2,4.839743614196777,8,0.02026081085205078,0.2847733497619629,4,0.0542597770690918,0.2827582359313965,0.4216335415840149,0.5195167064666748,0.3497418463230133,0.5168917775154114,0.565093994140625,0.09564638137817383,0.46944761276245117,0.12841834127902985,0.3683626353740692,0.0,0.10579299926757812,-0.22958040237426758,-0.21958684921264648,-0.25798463821411133,-0.1298065185546875,0.2645125389099121,0.2495131492614746,0.2847733497619629,0.0,-0.14153814315795898,0.18831396102905273,0.2252368927001953,0.2827582359313965,0.2284984588623047,-0.16117382049560547,-0.18114709854125977,-0.20622491836547852
4632,0.1,3,3,0.01147821918129921,3,4.715286195278168e-06,0.000245862640440464,5,0.00018328335136175156,0.0028275325894355774,0.00039266725070774555,0.0008507759775966406,0.0020577118266373873,0.003089348552748561,0.0030212532728910446,0.002947850152850151,7.340312004089355e-05,0.00028431048849597573,0.0006501536699943244,0.0,-0.00017569679766893387,0.00013989582657814026,0.000245862640440464,0.00024114735424518585,0.0001641763374209404,-0.0003883540630340576,-0.0004626857116818428,-0.0004916619509458542,0.0,-0.004834707826375961,0.0009286077693104744,0.0024867532774806023,0.002644249238073826,0.0028275325894355774,-0.0018280483782291412,-0.005106879398226738,-0.0060303714126348495
4678,0.1,1,1,0.16380146145820618,2,0.0003980398178100586,0.005638822913169861,4,0.0024162381887435913,0.008746936917304993,0.024921011179685593,0.0338970310986042,0.052624743431806564,0.0713949054479599,0.01510097086429596,0.013042688369750977,0.002058282494544983,0.00738478172570467,0.017559347674250603,0.0,-0.0019301176071166992,0.005638822913169861,0.00040283799171447754,0.005240783095359802,0.002041921019554138,-0.011520564556121826,-0.009317383170127869,-0.01523919403553009,0.0,-0.0021440088748931885,-0.007160186767578125,-0.010613605380058289,0.008746936917304993,-0.00039692223072052,0.006330698728561401,-0.006494104862213135,-0.020603030920028687
4750,0.1,1,19,1.0426329374313354,6,0.005326032638549805,0.022148609161376953,6,0.001582503318786621,0.012429118156433105,0.08386051654815674,0.09649014472961426,0.1974221169948578,0.27041149139404297,0.032591819763183594,0.032591819763183594,0.0,0.03643351420760155,0.0781475305557251,0.0,0.012418031692504883,-0.02751338481903076,-0.02079594135284424,-0.021334528923034668,-0.020322442054748535,0.022148609161376953,0.01682257652282715,0.015427231788635254,0.0,0.009951591491699219,-0.007930159568786621,0.0033162832260131836,-0.010117053985595703,-0.009770989418029785,0.012429118156433105,-0.0031789541244506836,0.010846614837646484
4787,0.1,1,19,0.9481800198554993,4,0.004143416881561279,0.03263121843338013,0,0.009160935878753662,0.0,0.13120684027671814,0.1498900055885315,0.11186325550079346,0.1307944655418396,0.03263121843338013,0.010460495948791504,0.022170722484588623,0.01732959784567356,0.09183201193809509,0.0,-0.0008395910263061523,-0.03363829851150513,0.0233420729637146,0.03263121843338013,-0.0014262795448303223,0.028487801551818848,-0.03126126527786255,-0.04075568914413452,0.0,-0.012851119041442871,-0.030414044857025146,-0.0432586669921875,-0.04723995923995972,-0.05364423990249634,-0.011160016059875488,-0.009160935878753662,-0.03417688608169556
4831,0.1,3,8,0.23337422311306,8,5.537271499633789e-05,0.0042893290519714355,3,0.0026475191116333008,0.01159784197807312,0.012965443544089794,0.0211877953261137,0.042849354445934296,0.06117728352546692,0.01381652057170868,0.007342353463172913,0.006474167108535767,0.006096232682466507,0.016057416796684265,0.0,0.0020108819007873535,-0.0006977319717407227,-0.0052428096532821655,-0.0057192593812942505,-0.003355741500854492,-0.0004894286394119263,0.004233956336975098,0.0042893290519714355,0.0,-0.022729292511940002,0.005476862192153931,0.01159784197807312,0.005701735615730286,0.00895032286643982,-0.021181657910346985,-0.02001650631427765,-0.014083564281463623
4877,0.1,2,1,0.4712894558906555,2,0.0013938546180725098,0.012440383434295654,2,0.011022120714187622,0.08580988645553589,0.05295567959547043,0.08149471879005432,0.14597167074680328,0.1924978345632553,0.09754800796508789,0.09754800796508789,0.0,0.019459793344140053,0.051821425557136536,0.0,0.00020688772201538086,0.012440383434295654,-0.015633195638656616,-0.011917591094970703,-0.0007993578910827637,-0.020530521869659424,0.011046528816223145,0.006300389766693115,0.0,-0.057379841804504395,0.08580988645553589,0.054749518632888794,0.07478776574134827,0.06247541308403015,-0.11663073301315308,-0.06781113147735596,-0.08802914619445801
4883,0.1,2,1,0.9690114855766296,2,0.012156784534454346,0.17047852277755737,6,0.12361294031143188,0.20009946823120117,0.12370164692401886,0.15494772791862488,0.16371266543865204,0.23753777146339417,0.3418391942977905,0.061168789863586426,0.2806704044342041,0.03144875541329384,0.07767058908939362,0.0,-0.03720670938491821,0.17047852277755737,0.15720701217651367,0.15832173824310303,0.04469931125640869,-0.19885414838790894,-0.16248029470443726,-0.16027909517288208,0.0,0.051048338413238525,-0.2844129204750061,-0.11973708868026733,-0.10057514905929565,-0.07552951574325562,0.20009946823120117,0.07648652791976929,0.0573958158493042
4924,0.1,1,1,0.08141773194074631,6,0.002678588032722473,0.005885206162929535,6,6.0014426708221436e-05,0.004042372107505798,0.014378341846168041,0.018721846863627434,0.02121291123330593,0.028435109183192253,0.009675495326519012,0.009675495326519012,0.0,0.005190080963075161,0.012233293615281582,0.0,0.0026013553142547607,-0.005420349538326263,-0.002790883183479309,-0.0029365122318267822,-0.0033848583698272705,0.005885206162929535,0.003103218972682953,0.0032066181302070618,0.0,0.0027915388345718384,-0.004332065582275391,-0.0039288997650146484,0.0019642040133476257,-0.00459057092666626,0.004042372107505798,0.003982357680797577,-0.002734668552875519
4997,0.1,2,1,0.2356543242931366,6,0.0010309815406799316,0.0012104064226150513,8,0.010793119668960571,0.04090109467506409,0.028272870928049088,0.03932211548089981,0.048942405730485916,0.0658821240067482,0.04178902506828308,0.040361806750297546,0.0014272183179855347,0.013524460606276989,0.03187832236289978,0.0,0.00017942488193511963,-0.0012811869382858276,-9.690225124359131e-05,-2.816319465637207e-05,-0.0004570484161376953,0.0012104064226150513,-0.0004172325134277344,-0.0005551427602767944,0.0,0.030107975006103516,-0.0056537240743637085,-0.027538061141967773,-0.04171976447105408,-0.04311886429786682,0.004874363541603088,0.029072001576423645,0.04090109467506409
5150,0.1,2,2,0.48590680956840515,4,0.013025522232055664,0.06197550892829895,4,0.0052294135093688965,0.033994704484939575,0.06780892610549927,0.08682847023010254,0.05452185124158859,0.10185407847166061,0.09096488356590271,0.09096488356590271,0.0,0.020396903157234192,0.046331360936164856,0.0,-0.019651085138320923,0.01958620548248291,0.048949986696243286,0.06197550892829895,0.022307902574539185,-0.02961745858192444,-0.058259516954422,-0.07388904690742493,0.0,-0.027248471975326538,0.02876529097557068,0.012542575597763062,0.033994704484939575,0.026154935359954834,-0.048531562089920044,-0.029383689165115356,-0.04443684220314026
5201,0.1,0,1,5.78383731842041,4,0.0,0.02056264877319336,1,0.07926464080810547,0.17427778244018555,0.3526438772678375,0.4220866560935974,0.31603866815567017,0.4583996534347534,0.19480133056640625,0.15827274322509766,0.036528587341308594,0.0834553986787796,0.25904396176338196,0.0,-0.01602935791015625,0.02056264877319336,0.02056264877319336,0.02056264877319336,0.02054882049560547,-0.023483753204345703,-0.023483753204345703,-0.023483753204345703,0.0,0.17427778244018555,-0.07670211791992188,-0.07670211791992188,-0.07670307159423828,-0.20149660110473633,0.09501314163208008,0.09501314163208008,0.09501314163208008
5386,0.1,3,10,1.5421068668365479,2,0.0034946203231811523,0.01555323600769043,6,0.03677535057067871,0.19932198524475098,0.13613846898078918,0.1974347084760666,0.3991428017616272,0.5001940131187439,0.21370506286621094,0.18122899532318115,0.032476067543029785,0.06256498396396637,0.14959752559661865,0.0,-0.008824944496154785,0.01555323600769043,0.006344914436340332,0.003584623336791992,0.012058615684509277,-0.018181204795837402,-0.0067293643951416016,-0.004064321517944336,0.0,0.16254663467407227,-0.1809147596359253,-0.006187915802001953,-0.08772850036621094,-0.21471905708312988,0.19932198524475098,0.012823224067687988,0.08770275115966797
5435,0.1,2,2,4.217822074890137,4,0.013943672180175781,0.09657621383666992,5,0.09534072875976562,0.5040175914764404,0.10873010009527206,0.14754800498485565,0.4874804615974426,0.7965465784072876,0.59344482421875,0.5532670021057129,0.04017782211303711,0.10228972136974335,0.2503734230995178,0.0,-0.04058218002319336,0.045534610748291016,0.08263254165649414,0.09657621383666992,0.05487632751464844,-0.047213077545166016,-0.08208751678466797,-0.09104633331298828,0.0,-0.35289669036865234,0.3940720558166504,0.40199899673461914,0.4086768627166748,0.5040175914764404,-0.35997533798217773,-0.37030887603759766,-0.34287357330322266
5483,0.1,3,2,0.41730421781539917,4,0.002616673707962036,0.019003599882125854,2,0.012704133987426758,0.04078298807144165,0.057209908962249756,0.09103711694478989,0.07310587912797928,0.1377948522567749,0.05745580792427063,0.04886138439178467,0.008594423532485962,0.024602718651294708,0.05505065247416496,0.0,-0.011970698833465576,0.009833872318267822,0.01638692617416382,0.019003599882125854,0.0142575204372406,-0.011739879846572876,-0.017901510000228882,-0.020917773246765137,0.0,-0.04481184482574463,0.04078298807144165,0.005596339702606201,0.0030599236488342285,0.028078854084014893,-0.06377381086349487,-0.013841509819030762,-0.012909114360809326
5517,0.1,0,2,2.838757276535034,4,0.00913691520690918,0.07787036895751953,4,0.04038119316101074,0.07880091667175293,0.07882936298847198,0.1084679365158081,0.3657127022743225,0.5967738032341003,0.16593122482299805,0.16593122482299805,0.0,0.058852456510066986,0.1282120794057846,0.0,-0.006699800491333008,0.013907909393310547,0.06873345375061035,0.07787036895751953,0.008179426193237305,-0.0173795223236084,-0.06811761856079102,-0.06220364570617676,0.0,-0.003251791000366211,-0.025494098663330078,0.03841972351074219,0.07880091667175293,0.004899740219116211,0.032415151596069336,-0.01857447624206543,-0.056801795959472656
5614,0.1,0,0,0.6419968605041504,3,0.002514958381652832,0.040671348571777344,6,0.015796780586242676,0.03366899490356445,0.09618455171585083,0.12415116280317307,0.1364353448152542,0.20866209268569946,0.07845467329025269,0.01461881399154663,0.06383585929870605,0.03161092847585678,0.0931847020983696,0.0,-0.009229898452758789,0.0025773048400878906,0.040671348571777344,0.03815639019012451,0.00975346565246582,-0.01859527826309204,-0.05364334583282471,-0.04948228597640991,0.0,0.01438981294631958,-0.03421109914779663,-0.027068376541137695,-0.046183109283447266,-0.02249431610107422,0.03366899490356445,0.005853772163391113,0.017872214317321777
5795,0.1,3,1,1.3056161403656006,8,0.002008676528930664,0.04872322082519531,3,0.0024775266647338867,0.05227208137512207,0.14160233736038208,0.20298060774803162,0.2647027373313904,0.4079442024230957,0.0998833179473877,0.061023831367492676,0.03885948657989502,0.04694821313023567,0.11990280449390411,0.0,0.040007829666137695,-0.0393824577331543,-0.03610110282897949,-0.04154479503631592,-0.049112915992736816,0.04671454429626465,0.04269087314605713,0.04872322082519531,0.0,-0.039522409439086914,-0.01652371883392334,0.05227208137512207,0.049794554710388184,0.03930926322937012,0.013929367065429688,-0.061144471168518066,-0.057269930839538574
5834,0.1,2,2,5.9286675453186035,8,0.08986377716064453,0.1951279640197754,8,0.089324951171875,0.2718844413757324,0.31362074613571167,0.435688316822052,0.41027402877807617,0.6522029042243958,0.45952320098876953,0.45952320098876953,0.0,0.09759955108165741,0.3075971007347107,0.0,0.02231454849243164,0.033240318298339844,-0.05530214309692383,-0.15859127044677734,-0.0238189697265625,0.009510993957519531,0.10526418685913086,0.1951279640197754,0.0,0.09718847274780273,-0.019913196563720703,-0.16335010528564453,-0.2849712371826172,-0.11142396926879883,0.11404705047607422,0.18255949020385742,0.2718844413757324
5842,0.1,3,1,3.816359519958496,7,0.012053489685058594,0.25191640853881836,3,0.05425286293029785,0.39827656745910645,0.18303121626377106,0.2703961133956909,0.4117535650730133,0.624538242816925,0.6413681507110596,0.173828125,0.46754002571105957,0.11810290813446045,0.2629335820674896,0.0,0.11211180686950684,-0.20927190780639648,-0.24831008911132812,-0.24437189102172852,-0.14318084716796875,0.2244117259979248,0.25191640853881836,0.23986291885375977,0.0,-0.18122148513793945,0.056731224060058594,0.39827656745910645,0.3440237045288086,0.25421810150146484,-0.05964374542236328,-0.3579273223876953,-0.28683900833129883
6022,0.1,1,2,1.4581356048583984,6,0.0031528472900390625,0.05449557304382324,8,0.015473127365112305,0.13007450103759766,0.12071649730205536,0.1861245334148407,0.35950952768325806,0.5409733057022095,0.1918121576309204,0.08844494819641113,0.10336720943450928,0.08328782021999359,0.21201744675636292,0.0,-0.0023061037063598633,-0.05954766273498535,0.05134272575378418,0.044388771057128906,0.002690911293029785,0.05449557304382324,-0.04913783073425293,-0.03916347026824951,0.0,0.02500319480895996,0.11460137367248535,-0.08932304382324219,-0.15747880935668945,-0.0305633544921875,-0.10011863708496094,0.08524644374847412,0.13007450103759766
6207,0.1,2,5,0.47767722606658936,8,0.0004826188087463379,0.0013915002346038818,2,0.016979068517684937,0.06872925162315369,0.04824768751859665,0.09242280572652817,0.07194845378398895,0.10385473817586899,0.06872925162315369,0.06662246584892273,0.002106785774230957,0.02494356408715248,0.06844396144151688,0.0,0.0009088814258575439,-0.0042781829833984375,-0.004660844802856445,-0.00904989242553711,-0.002399146556854248,-0.0019760429859161377,-0.001970529556274414,0.0013915002346038818,0.0,-0.047572970390319824,0.06872925162315369,0.04022964835166931,0.023935437202453613,0.05175018310546875,-0.09812110662460327,-0.050979793071746826,-0.030366957187652588
6308,0.1,2,2,5.168187141418457,8,0.01617431640625,0.10326576232910156,2,0.01206064224243164,0.10083532333374023,0.16013368964195251,0.25627803802490234,0.34899070858955383,0.6036655902862549,0.20501136779785156,0.16977977752685547,0.035231590270996094,0.09265764057636261,0.2064019739627838,0.0,0.027528762817382812,0.0035142898559570312,-0.05081462860107422,-0.0614008903503418,-0.024671554565429688,0.037087440490722656,0.08709144592285156,0.10326576232910156,0.0,0.007029533386230469,0.10083532333374023,-0.17014503479003906,-0.2257366180419922,-0.11901235580444336,-0.1715526580810547,0.07314395904541016,0.0887746810913086
6404,0.1,0,2,1.1946063041687012,4,0.016718626022338867,0.040023088455200195,7,0.014476656913757324,0.24411416053771973,0.08812060952186584,0.15423506498336792,0.35216155648231506,0.5147695541381836,0.28837013244628906,0.21921998262405396,0.06915014982223511,0.07508405297994614,0.13161973655223846,0.0,-0.002614617347717285,-0.00536036491394043,0.023304462432861328,0.040023088455200195,0.003847956657409668,0.0083082914352417,-0.02174091339111328,-0.0356748104095459,0.0,0.10635817050933838,-0.004267454147338867,-0.28678858280181885,-0.29784536361694336,-0.14426684379577637,0.0024957656860351562,0.24411416053771973,0.2296375036239624
6533,0.1,0,2,0.5195703506469727,6,0.0006150603294372559,0.010568082332611084,3,0.0012809038162231445,0.050893425941467285,0.05534684658050537,0.08994787931442261,0.18637637794017792,0.2760080099105835,0.06050240993499756,0.049873948097229004,0.010628461837768555,0.020852284505963326,0.05387469753623009,0.0,0.002894282341003418,-0.00874638557434082,-0.008046627044677734,0.000522315502166748,-0.003450155258178711,0.010568082332611084,0.009953022003173828,0.0005905628204345703,0.0,-0.03545886278152466,0.01412266492843628,0.050893425941467285,0.04961252212524414,0.036306560039520264,-0.021603047847747803,-0.06654196977615356,-0.0615423321723938
6624,0.1,2,1,5.467999458312988,8,0.08969640731811523,0.2996330261230469,8,0.10981512069702148,0.3145604133605957,0.22827935218811035,0.30723804235458374,0.27917492389678955,0.4323294460773468,0.6232137680053711,0.6232137680053711,0.0,0.10648693889379501,0.23284904658794403,0.0,0.0909566879272461,-0.1191105842590332,-0.18080854415893555,-0.26967334747314453,-0.11232995986938477,0.14262008666992188,0.20993661880493164,0.2996330261230469,0.0,0.20474529266357422,-0.14171600341796875,-0.1481494903564453,-0.31485700607299805,-0.25052356719970703,0.17534542083740234,0.16287851333618164,0.3145604133605957
6626,0.1,3,7,0.05830596387386322,8,0.00010572746396064758,0.0023310333490371704,5,0.0037274621427059174,0.013746950775384903,0.007020688150078058,0.009653235785663128,0.01167057454586029,0.020027194172143936,0.014302238821983337,0.012562248855829239,0.0017399899661540985,0.0025967955589294434,0.006891808472573757,0.0,0.0013297908008098602,-0.00174819678068161,-0.00299665704369545,-0.0032540559768676758,-0.002027127891778946,0.0011431053280830383,0.002225305885076523,0.0023310333490371704,0.0,-0.018819674849510193,0.009946681559085846,0.010019488632678986,0.00918222963809967,0.013746950775384903,-0.01623312383890152,-0.01601434499025345,-0.014295592904090881
6843,0.1,1,8,0.06501879543066025,4,0.0001884251832962036,0.0029410459101200104,3,0.0005401819944381714,0.005207594484090805,0.0046532126143574715,0.006420242600142956,0.007160338573157787,0.00920490175485611,0.0075981505215168,0.007578227669000626,1.9922852516174316e-05,0.0029379003681242466,0.005197180900722742,0.0,-0.001173555850982666,0.0008682087063789368,0.0027526207268238068,0.0029410459101200104,0.001178063452243805,-0.0016099363565444946,-0.0044461265206336975,-0.00532696396112442,0.0,-0.005556046962738037,0.003957036882638931,0.005207594484090805,0.003948740661144257,0.004667412489652634,-0.007440738379955292,-0.008506804704666138,-0.007692620158195496
6845,0.1,0,1,0.03297389671206474,4,0.0005050785839557648,0.001147974282503128,6,6.483495235443115e-05,0.00025067105889320374,0.004418924450874329,0.005498674698174,0.0068999649956822395,0.009299316443502903,0.0014341622591018677,4.500150680541992e-06,0.0014296621084213257,0.0010208936873823404,0.0021723988465964794,0.0,-0.0003639534115791321,0.0002917461097240448,0.0006428956985473633,0.001147974282503128,0.0003886669874191284,-0.000522363930940628,-0.0010191090404987335,-0.001708146184682846,0.0,0.00018583610653877258,-0.0005669780075550079,-0.0006528571248054504,-0.001372557133436203,-0.0012588612735271454,0.00025067105889320374,-3.113970160484314e-05,0.00017002969980239868
6858,0.1,0,0,7.298933029174805,8,4.76837158203125e-07,0.1084752082824707,5,0.06541681289672852,0.12584829330444336,0.39311525225639343,0.5037391185760498,0.4055221676826477,0.5298047661781311,0.23273468017578125,0.055501461029052734,0.17723321914672852,0.14506766200065613,0.270980566740036,0.0,0.06333351135253906,-0.08809566497802734,-0.08809614181518555,-0.08809614181518555,-0.07455873489379883,0.1084747314453125,0.1084742546081543,0.1084752082824707,0.0,-0.0927886962890625,0.06043100357055664,0.06043100357055664,0.060431480407714844,0.12584829330444336,-0.06668424606323242,-0.06668472290039062,-0.06668424606323242
6947,0.1,3,1,0.2922278344631195,6,0.0038976967334747314,0.013862907886505127,4,0.010231941938400269,0.03215882182121277,0.06872664391994476,0.0893121138215065,0.0826614648103714,0.11638866364955902,0.046073973178863525,0.040217071771621704,0.005856901407241821,0.026188790798187256,0.06071858108043671,0.0,0.0017202794551849365,-0.012816250324249268,0.0015500783920288086,0.009965211153030396,-0.0022857189178466797,0.013862907886505127,-0.0016199350357055664,-0.011398375034332275,0.0,-0.011876225471496582,-0.01809614896774292,0.01737678050994873,0.03215882182121277,0.012846559286117554,0.0219268798828125,-0.021617352962493896,-0.04027751088142395
6949,0.1,0,1,0.6965012550354004,4,0.010955452919006348,0.06009960174560547,3,0.011977195739746094,0.08478015661239624,0.05377671867609024,0.0767647847533226,0.12493310868740082,0.17291325330734253,0.1398627758026123,0.12969017028808594,0.010172605514526367,0.014554197899997234,0.04587153345346451,0.0,-0.0037976503372192383,-0.004767000675201416,0.04914414882659912,0.06009960174560547,0.004586994647979736,0.0044882893562316895,-0.05410361289978027,-0.056639909744262695,0.0,-0.01664203405380249,-0.00985807180404663,0.08478015661239624,0.07280296087265015,0.020427584648132324,0.012269318103790283,-0.07773888111114502,-0.0612758994102478
6989,0.1,1,1,2.3787593841552734,8,0.011273622512817383,0.08140420913696289,3,0.026664018630981445,0.2279219627380371,0.263533353805542,0.34700870513916016,0.39171499013900757,0.5217717885971069,0.3046379089355469,0.19787001609802246,0.10676789283752441,0.05896225571632385,0.21193194389343262,0.0,0.013988018035888672,0.004591226577758789,-0.0663151741027832,-0.07752776145935059,-0.01811528205871582,-0.007378101348876953,0.07013058662414551,0.08140420913696289,0.0,-0.1563246250152588,0.189955472946167,0.2279219627380371,0.20125794410705566,0.18799495697021484,-0.21596813201904297,-0.25128173828125,-0.20940685272216797
7115,0.1,3,1,0.6301065683364868,4,0.0006117820739746094,0.01400136947631836,2,0.03569108247756958,0.06562060117721558,0.1124972328543663,0.1376381814479828,0.1756725311279297,0.28649023175239563,0.0799437165260315,0.0759124755859375,0.004031240940093994,0.03628237918019295,0.09741420298814774,0.0,-0.00806117057800293,0.01338958740234375,0.009109795093536377,0.01400136947631836,0.009003043174743652,-0.018974125385284424,-0.013344645500183105,-0.019671380519866943,0.0,-0.018294036388397217,0.06562060117721558,-0.01582866907119751,-0.029635310173034668,0.020548105239868164,-0.0924079418182373,0.017419159412384033,0.029929518699645996
7281,0.1,3,2,4.569957733154297,8,0.016590595245361328,0.15735292434692383,7,0.022522449493408203,0.07262134552001953,0.24240581691265106,0.3313029706478119,0.26683375239372253,0.47285109758377075,0.23906326293945312,0.2184295654296875,0.020633697509765625,0.14071188867092133,0.2888237535953522,0.0,0.1407623291015625,-0.10330009460449219,-0.1185445785522461,-0.14036321640014648,-0.17284631729125977,0.12413597106933594,0.1360187530517578,0.15735292434692383,0.0,0.021600723266601562,0.03302192687988281,-0.07108783721923828,-0.051119327545166016,-0.035008907318115234,-0.04356670379638672,0.07262134552001953,0.05009889602661133
7389,0.1,3,1,0.3534298241138458,4,0.00023543834686279297,0.013886123895645142,8,0.008276969194412231,0.066700279712677,0.05241343379020691,0.06883830577135086,0.10186010599136353,0.1485302597284317,0.07945561408996582,0.04872286319732666,0.03073275089263916,0.015419709496200085,0.047898467630147934,0.0,-0.007655143737792969,0.012685775756835938,0.013650685548782349,0.013886123895645142,0.008687615394592285,-0.017914384603500366,-0.018076300621032715,-0.01834520697593689,0.0,0.040414661169052124,-0.019258707761764526,-0.07671031355857849,-0.09207382798194885,-0.06261223554611206,0.0172368586063385,0.05842331051826477,0.066700279712677
7416,0.1,2,3,0.02393215149641037,8,0.00017401203513145447,0.0008034147322177887,5,0.00030697137117385864,0.0010773055255413055,0.0017991351196542382,0.002927323104813695,0.005246455781161785,0.008037161082029343,0.0017504096031188965,0.000677620992064476,0.0010727886110544205,0.001567325321957469,0.002865987364202738,0.0,0.0003409646451473236,-0.00013232789933681488,-0.0005929488688707352,-0.0007754415273666382,-0.00048441626131534576,6.902217864990234e-05,0.0006294026970863342,0.0008034147322177887,0.0,-0.0015725921839475632,0.00023245811462402344,0.0007703341543674469,0.00046357326209545135,0.0010773055255413055,-0.000583527609705925,-0.0010639391839504242,-0.0007235687226057053
7490,0.1,1,11,2.8179430961608887,8,0.021968603134155273,0.2632896900177002,2,0.04487800598144531,0.05115771293640137,0.22098441421985626,0.2798770070075989,0.3168945908546448,0.41846543550491333,0.29665160179138184,0.22391414642333984,0.07273745536804199,0.07375995069742203,0.21579240262508392,0.0,0.08244776725769043,-0.17760086059570312,-0.2197413444519043,-0.2560873031616211,-0.09976339340209961,0.20221781730651855,0.24132108688354492,0.2632896900177002,0.0,-0.04194784164428711,0.05115771293640137,-0.04389619827270508,-0.06277203559875488,0.006279706954956055,-0.1363224983215332,-0.01517939567565918,-0.043372154235839844
7512,0.1,2,10,0.8761789798736572,2,0.004264652729034424,0.04312634468078613,2,0.2253514528274536,0.5671390295028687,0.09784296900033951,0.16472281515598297,0.3948674499988556,0.5140526294708252,0.5912356376647949,0.5912356376647949,0.0,0.034945763647556305,0.09885682165622711,0.0,-0.01136237382888794,0.04312634468078613,0.03794217109680176,0.03886169195175171,0.014147520065307617,-0.03838068246841431,-0.033233046531677246,-0.03339231014251709,0.0,-0.3302140235900879,0.5671390295028687,0.34178757667541504,0.31021541357040405,0.3259919285774231,-0.9133660793304443,-0.4395725727081299,-0.3758200407028198
7539,0.1,1,4,2.393789768218994,6,0.02092766761779785,0.03768610954284668,6,0.08054471015930176,0.2517404556274414,0.1110316663980484,0.16697478294372559,0.3694382607936859,0.4397118091583252,0.28562402725219727,0.28562402725219727,0.0,0.11236894130706787,0.20184968411922455,0.0,0.005047798156738281,-0.03525948524475098,0.0042417049407958984,0.016758441925048828,-0.007559537887573242,0.03768610954284668,-0.00722193717956543,-0.02084183692932129,0.0,0.17119574546813965,-0.1914653778076172,-0.09048223495483398,-0.037009477615356445,-0.17015576362609863,0.2517404556274414,0.11930084228515625,0.06011462211608887
7540,0.1,1,1,0.0899793952703476,4,0.0013087913393974304,0.0018681958317756653,4,0.007872574031352997,0.01803923398256302,0.008588997647166252,0.011575240641832352,0.020062895491719246,0.02991258166730404,0.019782088696956635,0.019782088696956635,0.0,0.0033666077069938183,0.007315643597394228,0.0,-0.00034280866384506226,-0.0002514272928237915,0.0005594044923782349,0.0018681958317756653,0.0002678409218788147,-0.00098399817943573,-0.001303836703300476,-0.00334041565656662,0.0,-0.010327152907848358,0.005831927061080933,0.010166659951210022,0.01803923398256302,0.0094132199883461,-0.009218238294124603,-0.01635143905878067,-0.03130585700273514
7583,0.1,3,1,0.8716683387756348,2,0.006342172622680664,0.1129155158996582,4,0.004599928855895996,0.08883446455001831,0.13141757249832153,0.17577996850013733,0.20414796471595764,0.29068347811698914,0.19617044925689697,0.18900322914123535,0.007167220115661621,0.03370574116706848,0.09781910479068756,0.0,-0.07098120450973511,0.1129155158996582,0.09770280122756958,0.10657334327697754,0.07877492904663086,-0.14790523052215576,-0.12505972385406494,-0.1362220048904419,0.0,-0.09720098972320557,0.05426943302154541,0.05440175533294678,0.08883446455001831,0.08423453569412231,-0.09208798408508301,-0.07791507244110107,-0.11506950855255127
7763,0.1,1,1,0.7878889441490173,6,0.006436645984649658,0.06578642129898071,6,0.029523015022277832,0.05118751525878906,0.0924723818898201,0.1238570362329483,0.13440309464931488,0.2083120048046112,0.10772168636322021,0.10772168636322021,0.0,0.03127853944897652,0.07061076164245605,0.0,0.03405052423477173,-0.06544351577758789,-0.05143505334854126,-0.05734050273895264,-0.04447203874588013,0.06578642129898071,0.05465960502624512,0.059349775314331055,0.0,0.012043952941894531,-0.04604524374008179,0.017320096492767334,0.02166450023651123,-0.01495981216430664,0.05118751525878906,-0.022204816341400146,-0.02636176347732544
7848,0.1,1,1,8.071605682373047,5,0.01409149169921875,0.11976766586303711,5,0.0588383674621582,0.17135000228881836,0.2153598815202713,0.28570038080215454,0.3377646505832672,0.5746763348579407,0.2906303405761719,0.2906303405761719,0.0,0.08718709647655487,0.22017088532447815,0.0,-0.0892934799194336,0.10567617416381836,0.09682178497314453,0.10090112686157227,0.11976766586303711,-0.10937786102294922,-0.1074075698852539,-0.10924434661865234,0.0,-0.12214374542236328,0.11251163482666016,-0.03031635284423828,0.01616668701171875,0.17135000228881836,-0.12816333770751953,0.03817558288574219,-0.01673603057861328
7875,0.1,3,1,1.8799784183502197,6,0.01054847240447998,0.05484306812286377,8,0.028786301612854004,0.17646825313568115,0.20956206321716309,0.29821038246154785,0.29498010873794556,0.46372392773628235,0.22194838523864746,0.21183013916015625,0.010118246078491211,0.08000046759843826,0.2516506612300873,0.0,0.028842806816101074,-0.03526592254638672,-0.02036762237548828,-0.028616905212402344,-0.027777433395385742,0.05484306812286377,0.03439211845397949,0.04429459571838379,0.0,0.14768195152282715,-0.05695617198944092,-0.12905669212341309,-0.16467905044555664,-0.19202160835266113,0.06094217300415039,0.14003503322601318,0.17646825313568115
8022,0.1,1,1,0.060608018189668655,2,0.0005165562033653259,0.002200733870267868,4,0.0021972134709358215,0.005511559545993805,0.01150441449135542,0.015239500440657139,0.015018438920378685,0.02196625992655754,0.007500730454921722,0.006041496992111206,0.0014592334628105164,0.005768258590251207,0.010481433942914009,0.0,-0.0008638910949230194,0.002200733870267868,0.0016841776669025421,0.0006067343056201935,0.0010105259716510773,-0.0028935708105564117,-0.0023044832050800323,-0.0010921061038970947,0.0,-0.002644617110490799,-0.0010192543268203735,0.0033143460750579834,0.005511559545993805,0.0025075338780879974,0.0007425844669342041,-0.004644323140382767,-0.007679838687181473
8039,0.1,2,10,0.3297092318534851,3,0.009054332971572876,0.032175421714782715,8,0.006598383188247681,0.07130959630012512,0.04666941612958908,0.07210144400596619,0.10297493636608124,0.1433156579732895,0.09730994701385498,0.04853034019470215,0.04877960681915283,0.02096368558704853,0.045521330088377,0.0,-0.009111195802688599,0.02312108874320984,0.032175421714782715,0.02207738161087036,0.010686337947845459,-0.029491543769836426,-0.04035079479217529,-0.027865052223205566,0.0,0.03622645139694214,-0.027893245220184326,-0.07487213611602783,-0.08895716071128845,-0.05193868279457092,0.02804914116859436,0.06471121311187744,0.07130959630012512
8168,0.1,1,1,0.47365468740463257,4,0.015694409608840942,0.044807761907577515,4,0.02432003617286682,0.0705433189868927,0.037412047386169434,0.04932316392660141,0.10594625771045685,0.13730847835540771,0.10925444960594177,0.10925444960594177,0.0,0.016793308779597282,0.04340614750981331,0.0,-0.0042896270751953125,-0.009725809097290039,0.029113352298736572,0.044807761907577515,0.004935026168823242,0.007194340229034424,-0.03668677806854248,-0.054364562034606934,0.0,-0.03896987438201904,0.0436149537563324,0.04622328281402588,0.0705433189868927,0.04102379083633423,-0.05775028467178345,-0.059911906719207764,-0.08745074272155762
8175,0.1,0,3,0.358310341835022,4,0.0017362534999847412,0.009005427360534668,4,0.04608681797981262,0.10124173760414124,0.031776510179042816,0.052565477788448334,0.11289861053228378,0.13901492953300476,0.11493073403835297,0.11493073403835297,0.0,0.01638755574822426,0.04216364026069641,0.0,-0.0008167922496795654,-4.073977470397949e-05,0.007269173860549927,0.009005427360534668,0.0012222230434417725,-0.001379847526550293,-0.011499911546707153,-0.014939486980438232,0.0,-0.009588390588760376,-0.051468461751937866,0.0468708872795105,0.10124173760414124,0.010625123977661133,0.05515491962432861,-0.06776672601699829,-0.141102135181427
8201,0.1,2,1,3.832061290740967,8,0.010860681533813477,0.13464879989624023,4,0.007580757141113281,0.09986138343811035,0.17156092822551727,0.24050399661064148,0.34343427419662476,0.4971707761287689,0.23799633979797363,0.05581045150756836,0.18218588829040527,0.06313322484493256,0.14860379695892334,0.0,0.051712989807128906,-0.09092545509338379,-0.10592508316040039,-0.12012290954589844,-0.06102800369262695,0.11407041549682617,0.12378811836242676,0.13464879989624023,0.0,-0.07669854164123535,0.05325603485107422,0.08765530586242676,0.09986138343811035,0.09228062629699707,-0.056690216064453125,-0.10908007621765137,-0.1127939224243164
8323,0.1,3,1,0.05113091692328453,4,0.00020123273134231567,0.0010198093950748444,5,0.0014668777585029602,0.007519807666540146,0.004944847896695137,0.007305209990590811,0.008976963348686695,0.012566262856125832,0.008382372558116913,0.008087612688541412,0.0002947598695755005,0.0015904247993603349,0.003299599513411522,0.0,-0.000665564090013504,0.00020435452461242676,0.0008185766637325287,0.0010198093950748444,0.000710662454366684,-0.0004041716456413269,-0.0011141560971736908,-0.001375250518321991,0.0,-0.008025314658880234,0.0015630610287189484,0.004338353872299194,0.006052929908037186,0.007519807666540146,-0.0035629235208034515,-0.005990058183670044,-0.008462417870759964
8397,0.1,0,1,4.309228897094727,5,0.0004458427429199219,0.027432918548583984,1,0.018876075744628906,0.20082473754882812,0.16869482398033142,0.222683385014534,0.37010329961776733,0.5507752895355225,0.2312612533569336,0.17685556411743164,0.05440568923950195,0.09869790077209473,0.2588372826576233,0.0,-0.017494678497314453,0.026987075805664062,0.020109176635742188,0.021302223205566406,0.027432918548583984,-0.024413108825683594,-0.018883705139160156,-0.01986217498779297,0.0,0.20082473754882812,-0.15654897689819336,-0.08887767791748047,-0.10144662857055664,-0.23706674575805664,0.18194866180419922,0.10925054550170898,0.12348318099975586
8399,0.1,2,1,0.2588610351085663,2,0.008850574493408203,0.029407232999801636,6,0.030053675174713135,0.04147283732891083,0.03584957495331764,0.05229679122567177,0.06714300811290741,0.10105149447917938,0.06665758788585663,0.027310147881507874,0.039347440004348755,0.009266598150134087,0.02226323075592518,0.0,-0.013372093439102173,0.029407232999801636,0.019047826528549194,0.020556658506393433,0.015646204352378845,-0.03714960813522339,-0.023935765027999878,-0.025443553924560547,0.0,0.011419162154197693,-0.044611960649490356,0.0031107068061828613,0.007487833499908447,-0.01563495397567749,0.04147283732891083,-0.0043524205684661865,-0.008998453617095947
8582,0.1,2,3,0.7378133535385132,8,0.001488327980041504,0.009493052959442139,1,0.03015756607055664,0.13070976734161377,0.04358718544244766,0.06776341795921326,0.1931019276380539,0.26676467061042786,0.13879483938217163,0.13575029373168945,0.0030445456504821777,0.03960802033543587,0.0869939848780632,0.0,0.005527019500732422,-0.0017077326774597168,-0.0066184401512146,-0.007871091365814209,-0.006646394729614258,0.0020977258682250977,0.008004724979400635,0.009493052959442139,0.0,0.13070976734161377,-0.02975606918334961,-0.04669499397277832,-0.09606415033340454,-0.19344550371170044,0.032669901847839355,0.05211508274078369,0.10055220127105713
8823,0.1,0,3,1.2477761507034302,8,0.005295157432556152,0.024856090545654297,7,0.044312357902526855,0.18487095832824707,0.10023565590381622,0.1532873511314392,0.27628135681152344,0.364618718624115,0.1965101957321167,0.18623387813568115,0.010276317596435547,0.06649323552846909,0.1524684876203537,0.0,0.0030611753463745117,0.0051757097244262695,-0.04985177516937256,-0.05702495574951172,-0.004923701286315918,-0.015672802925109863,0.019560933113098145,0.024856090545654297,0.0,0.06722700595855713,-0.09991657733917236,-0.2427142858505249,-0.19121623039245605,-0.08759737014770508,0.11036503314971924,0.18487095832824707,0.14055860042572021
8924,0.1,1,11,0.41025039553642273,2,0.0013152360916137695,0.038139164447784424,5,0.038648128509521484,0.10567143559455872,0.08536867052316666,0.10746750980615616,0.11488121747970581,0.1533425897359848,0.1377403736114502,0.12894263863563538,0.00879773497581482,0.022654589265584946,0.0463034063577652,0.0,-0.024544060230255127,0.038139164447784424,0.036823928356170654,0.03450939059257507,0.026775509119033813,-0.05047491192817688,-0.048681408166885376,-0.04599413275718689,0.0,-0.13461104035377502,0.05742788314819336,0.05977088212966919,0.06702330708503723,0.10567143559455872,-0.0889735221862793,-0.08848938345909119,-0.09999868273735046
8986,0.1,0,1,1.1103055477142334,4,0.029306650161743164,0.06918764114379883,3,0.013406515121459961,0.019629716873168945,0.13708999752998352,0.21666219830513,0.14938388764858246,0.2274569720029831,0.08487510681152344,0.06004154682159424,0.0248335599899292,0.07662034034729004,0.1546124964952469,0.0,-0.004598855972290039,-0.008948802947998047,0.039880990982055664,0.06918764114379883,0.0056705474853515625,0.011044144630432129,-0.04561924934387207,-0.07011687755584717,0.0,-0.006426572799682617,0.0057381391525268555,0.019629716873168945,-0.012291431427001953,0.006223201751708984,-0.007970929145812988,-0.025923728942871094,-0.005726933479309082
9209,0.1,3,1,4.166624069213867,2,0.01374959945678711,0.0736088752746582,8,0.0692434310913086,0.27301979064941406,0.2135499268770218,0.2781738042831421,0.536537766456604,0.7490115761756897,0.3462345600128174,0.23586297035217285,0.11037158966064453,0.08966509997844696,0.21051673591136932,0.0,-0.04620552062988281,0.0736088752746582,0.03684711456298828,0.036249637603759766,0.059859275817871094,-0.08296632766723633,-0.04107856750488281,-0.03930807113647461,0.0,0.10413122177124023,0.16152429580688477,-0.1755075454711914,-0.24249792098999023,-0.10972452163696289,-0.17959070205688477,0.20377635955810547,0.27301979064941406
9263,0.1,0,1,0.9344559907913208,4,0.0,0.014850080013275146,1,0.0013833045959472656,0.009253144264221191,0.13545024394989014,0.18319325149059296,0.21019797027111053,0.2649446427822113,0.02117455005645752,0.00618290901184082,0.0149916410446167,0.03946639969944954,0.08611234277486801,0.0,-0.010209858417510986,0.014850080013275146,0.014850080013275146,0.014850080013275146,0.013452649116516113,-0.016705632209777832,-0.016705870628356934,-0.016705989837646484,0.0,0.009253144264221191,-0.009950816631317139,-0.009951114654541016,-0.009950816631317139,-0.023358643054962158,0.007869541645050049,0.007869541645050049,0.007869839668273926
9289,0.1,3,10,0.27943363785743713,4,0.004208266735076904,0.025360673666000366,7,0.002373248338699341,0.028803259134292603,0.046427808701992035,0.06343982368707657,0.07434657961130142,0.09694043546915054,0.05216357111930847,0.019502490758895874,0.0326610803604126,0.011096782051026821,0.03132031112909317,0.0,-0.013956695795059204,0.013481706380844116,0.021152406930923462,0.025360673666000366,0.016291916370391846,-0.016886383295059204,-0.025569140911102295,-0.030071645975112915,0.0,0.015042334794998169,0.005494147539138794,-0.03195419907569885,-0.03463730216026306,-0.026044845581054688,-0.009523212909698486,0.028803259134292603,0.02643001079559326
9381,0.1,0,10,0.5648276209831238,8,0.005583703517913818,0.06661081314086914,4,0.026837915182113647,0.15386027097702026,0.0766027420759201,0.11739242076873779,0.2449197769165039,0.28917616605758667,0.19471120834350586,0.09451356530189514,0.10019764304161072,0.029425466433167458,0.08636578917503357,0.0,0.020331621170043945,-0.06569808721542358,-0.06671136617660522,-0.09072577953338623,-0.026968061923980713,0.06102710962295532,0.0571017861366272,0.06661081314086914,0.0,-0.08933693170547485,0.060134828090667725,0.12702235579490662,0.15386027097702026,0.0918809175491333,-0.08695119619369507,-0.18493813276290894,-0.1908603310585022
9576,0.1,3,1,0.15567266941070557,6,0.004438087344169617,0.00596010684967041,6,0.011177599430084229,0.05670100450515747,0.02510640397667885,0.03769107908010483,0.040904562920331955,0.05531052127480507,0.05951525270938873,0.05951525270938873,0.0,0.009555826894938946,0.02237517014145851,0.0,0.0011637508869171143,-0.007788404822349548,-0.003585025668144226,-0.0017606168985366821,-0.0017942190170288086,0.00596010684967041,0.0015220195055007935,-0.0006125718355178833,0.0,0.032037243247032166,-0.08752422034740448,-0.07107594609260559,-0.07004867494106293,-0.053206026554107666,0.05670100450515747,0.04552340507507324,0.044418565928936005
9582,0.1,1,11,0.4556311368942261,2,0.012368202209472656,0.020657479763031006,4,0.004294991493225098,0.10398325324058533,0.05577946826815605,0.0850711539387703,0.16063185036182404,0.18616682291030884,0.11864084005355835,0.10941603779792786,0.009224802255630493,0.01924070343375206,0.05944359675049782,0.0,-0.0064525604248046875,0.020657479763031006,0.00828927755355835,0.0010172724723815918,0.007275700569152832,-0.02719208598136902,-0.01650846004486084,-0.01240772008895874,0.0,-0.08801412582397461,0.06097155809402466,0.09968826174736023,0.10398325324058533,0.07616168260574341,-0.11436432600021362,-0.15034765005111694,-0.15913081169128418
9610,0.1,0,1,0.2492876797914505,6,8.940696716308594e-08,0.005407169461250305,5,0.020065024495124817,0.038253188133239746,0.0416930615901947,0.050019390881061554,0.07015881687402725,0.09457418322563171,0.042476072907447815,0.034513890743255615,0.0079621821641922,0.010341009125113487,0.024670986458659172,0.0,0.00375404953956604,-0.004662498831748962,-0.0046622902154922485,-0.0046622008085250854,-0.0047691017389297485,0.005407169461250305,0.005407080054283142,0.005407080054283142,0.0,-0.04121427237987518,0.01818816363811493,0.01818816363811493,0.01818816363811493,0.038253188133239746,-0.02540569007396698,-0.02540569007396698,-0.025405600666999817
9612,0.1,0,1,0.7129100561141968,4,0.015391945838928223,0.07167673110961914,4,0.017071127891540527,0.15776073932647705,0.09473736584186554,0.11116141080856323,0.1471036672592163,0.2183164656162262,0.2190723419189453,0.2190723419189453,0.0,0.02565228007733822,0.050090525299310684,0.0,-0.031125962734222412,0.032377779483795166,0.05628478527069092,0.07167673110961914,0.03631258010864258,-0.0408206582069397,-0.07276368141174316,-0.09348249435424805,0.0,-0.13762825727462769,0.04208934307098389,0.10947191715240479,0.15776073932647705,0.14068961143493652,-0.0560755729675293,-0.14543312788009644,-0.2115309238433838
9714,0.1,3,1,0.8978739976882935,2,0.018634021282196045,0.17759037017822266,6,0.10118448734283447,0.12493157386779785,0.13051298260688782,0.1701788753271103,0.18638533353805542,0.2722313404083252,0.291511595249176,0.12048399448394775,0.17102760076522827,0.024161741137504578,0.07164536416530609,0.0,-0.0810098648071289,0.17759037017822266,0.149311363697052,0.1589563488960266,0.09703695774078369,-0.19147324562072754,-0.16739237308502197,-0.1769319772720337,0.0,0.02374708652496338,-0.2031008005142212,-0.04001593589782715,-0.030629634857177734,-0.06689649820327759,0.12493157386779785,-0.005800306797027588,-0.019315719604492188
9820,0.1,0,1,2.9301986694335938,4,0.01763772964477539,0.039613962173461914,4,0.04152202606201172,0.17755842208862305,0.07130928337574005,0.1097666472196579,0.17033609747886658,0.25885245203971863,0.22701406478881836,0.22701406478881836,0.0,0.1015210896730423,0.17387595772743225,0.0,-0.005772113800048828,0.012355327606201172,0.021976232528686523,0.039613962173461914,0.006953239440917969,-0.013822555541992188,-0.036040306091308594,-0.050370216369628906,0.0,-0.035367488861083984,-0.023943424224853516,0.13603639602661133,0.17755842208862305,0.0421597957611084,0.026186466217041016,-0.16625738143920898,-0.17000102996826172
9870,0.1,1,17,0.6610660552978516,6,0.006194174289703369,0.00793612003326416,2,0.03761023283004761,0.06663918495178223,0.0965813398361206,0.13442367315292358,0.168666273355484,0.21843086183071136,0.0738445520401001,0.054421305656433105,0.019423246383666992,0.042423494160175323,0.09392867237329483,0.0,0.001741945743560791,-0.01393967866897583,-0.014638185501098633,-0.012041747570037842,-0.002652287483215332,0.00793612003326416,-0.00014203786849975586,-0.005477190017700195,0.0,-0.0281030535697937,0.06663918495178223,0.024801313877105713,0.01989877223968506,0.02902895212173462,-0.09954798221588135,-0.045465707778930664,-0.036608338356018066
9927,0.1,0,17,0.6545618176460266,7,0.0015291571617126465,0.01501840353012085,4,0.01030808687210083,0.03400075435638428,0.04738328233361244,0.07217448949813843,0.15965768694877625,0.19811084866523743,0.0484699010848999,0.02227497100830078,0.02619493007659912,0.01828068681061268,0.05139455944299698,0.0,0.007483184337615967,-0.010236263275146484,-0.013147532939910889,-0.012430787086486816,-0.009339094161987305,0.011817634105682373,0.01501840353012085,0.013489246368408203,0.0,-0.027558743953704834,0.005943477153778076,0.017379820346832275,0.03400075435638428,0.023692667484283447,-0.012235581874847412,-0.023705661296844482,-0.04584097862243652
9988,0.1,1,1,3.779325485229492,6,0.06972885131835938,0.12656688690185547,8,0.017316341400146484,0.1929631233215332,0.18557271361351013,0.2866530418395996,0.2782159745693207,0.42362868785858154,0.32058215141296387,0.24021267890930176,0.08036947250366211,0.1232169046998024,0.3643348515033722,0.0,0.011443376541137695,-0.10605716705322266,0.03250765800476074,-0.030963659286499023,-0.012398719787597656,0.12656688690185547,-0.003937721252441406,0.056838035583496094,0.0,0.019315242767333984,0.17564678192138672,-0.13462066650390625,-0.20064163208007812,-0.011774778366088867,-0.18000292778015137,0.14644169807434082,0.1929631233215332
10162,0.1,1,3,0.05506317690014839,2,6.431713700294495e-05,0.005432475358247757,4,0.003878779709339142,0.011656027287244797,0.006626880262047052,0.009810950607061386,0.012867694720625877,0.018115175887942314,0.016070742160081863,0.015806395560503006,0.0002643465995788574,0.003586243838071823,0.008676165714859962,0.0,-0.0017628781497478485,0.005432475358247757,0.004542842507362366,0.005368158221244812,0.002029482275247574,-0.007589142769575119,-0.006097715348005295,-0.007081232964992523,0.0,-0.0019629932940006256,-0.00596841424703598,0.007777247577905655,0.011656027287244797,0.002219654619693756,0.005102880299091339,-0.01102183386683464,-0.016738418489694595
10194,0.1,3,1,1.3546819686889648,7,0.000992417335510254,0.09057450294494629,1,0.027922391891479492,0.1988520622253418,0.19737298786640167,0.2717415690422058,0.2355065792798996,0.36213207244873047,0.28023195266723633,0.2528986930847168,0.02733325958251953,0.05633741617202759,0.13784140348434448,0.0,0.059133172035217285,-0.060109496116638184,-0.07890474796295166,-0.07820272445678711,-0.0717768669128418,0.07156836986541748,0.09057450294494629,0.08958208560943604,0.0,0.1988520622253418,-0.11636829376220703,-0.14590108394622803,-0.16537761688232422,-0.2805593013763428,0.12522101402282715,0.1525663137435913,0.1709296703338623
10258,0.1,3,7,0.9593954682350159,4,0.009845435619354248,0.08503198623657227,2,0.05732297897338867,0.3480176329612732,0.09661716222763062,0.17292766273021698,0.23405690491199493,0.4187072217464447,0.4160812497138977,0.40488290786743164,0.011198341846466064,0.058005135506391525,0.1544250249862671,0.0,-0.03441649675369263,0.07159918546676636,0.07518655061721802,0.08503198623657227,0.039158403873443604,-0.08415049314498901,-0.08825582265853882,-0.09747523069381714,0.0,-0.28076475858688354,0.3480176329612732,0.27353978157043457,0.2743852734565735,0.2906946539878845,-0.4548184275627136,-0.3450499176979065,-0.33455437421798706
10272,0.1,3,2,0.15007202327251434,6,0.0023011863231658936,0.007209762930870056,8,0.00578964501619339,0.03152941167354584,0.011967265978455544,0.02028762549161911,0.04709026217460632,0.07769925147294998,0.03583382070064545,0.033521153032779694,0.002312667667865753,0.007907681167125702,0.015747928991913795,0.0,0.003983139991760254,-0.00868690013885498,-0.006279498338699341,-0.005739286541938782,-0.006268680095672607,0.007209762930870056,0.004908576607704163,0.003958210349082947,0.0,0.008378908038139343,0.01766429841518402,-0.03598892688751221,-0.04975375533103943,-0.02346612513065338,-0.02868323028087616,0.025739766657352448,0.03152941167354584
10351,0.1,1,3,4.202560901641846,6,0.0399775505065918,0.0737295150756836,4,0.0021207332611083984,0.3203732967376709,0.12450630962848663,0.21119475364685059,0.43305739760398865,0.5445868372917175,0.4195671081542969,0.23096632957458496,0.18860077857971191,0.05493970960378647,0.17163172364234924,0.0,0.010886669158935547,-0.05659055709838867,-0.048603057861328125,-0.045291900634765625,-0.013864994049072266,0.0737295150756836,0.0337519645690918,0.024829387664794922,0.0,-0.1395430564880371,0.11594629287719727,0.3182525634765625,0.3203732967376709,0.16628122329711914,-0.1317729949951172,-0.33477067947387695,-0.32769346237182617
10433,0.1,1,2,0.10174097865819931,4,0.00174819678068161,0.014046728610992432,2,0.0027295202016830444,0.01430906355381012,0.014727967791259289,0.018684444949030876,0.0187710989266634,0.027344588190317154,0.025247789919376373,0.02452738583087921,0.0007204040884971619,0.005080347415059805,0.013208338059484959,0.0,-0.00417550653219223,0.012298531830310822,0.012061573565006256,0.014046728610992432,0.004648454487323761,-0.018634170293807983,-0.017695844173431396,-0.019432127475738525,0.0,-0.0091862753033638,0.01430906355381012,0.01029878854751587,0.011579543352127075,0.008751548826694489,-0.025328494608402252,-0.017334401607513428,-0.01639103889465332
10443,0.1,1,1,1.4756180047988892,2,0.044435858726501465,0.1498100757598877,7,0.00022935867309570312,0.14411938190460205,0.15587817132472992,0.2687033712863922,0.28227949142456055,0.36442553997039795,0.28655052185058594,0.1549205780029297,0.13162994384765625,0.05813981965184212,0.1927100419998169,0.0,-0.08817398548126221,0.1498100757598877,0.07390701770782471,0.08279228210449219,0.10537421703338623,-0.18246710300445557,-0.08872616291046143,-0.09803605079650879,0.0,0.08531975746154785,0.006567716598510742,-0.1301863193511963,-0.13728904724121094,-0.10318601131439209,-0.005129456520080566,0.14411938190460205,0.14389002323150635
10451,0.1,0,10,3.5468156337738037,4,0.03334832191467285,0.1256265640258789,4,0.004828691482543945,0.3858914375305176,0.16892224550247192,0.24219577014446259,0.32396063208580017,0.42126166820526123,0.5356738567352295,0.5356738567352295,0.0,0.09055815637111664,0.20357808470726013,0.0,-0.011981725692749023,0.02812790870666504,0.09227824211120605,0.1256265640258789,0.014690637588500977,-0.034090280532836914,-0.09879612922668457,-0.11180281639099121,0.0,-0.08941912651062012,-0.029894590377807617,0.38106274604797363,0.3858914375305176,0.10634136199951172,0.0374598503112793,-0.3974926471710205,-0.34633898735046387
10454,0.1,2,10,0.04488709196448326,3,6.628036499023438e-05,0.0009441711008548737,8,0.0029122382402420044,0.010861247777938843,0.004965760745108128,0.007442882750183344,0.013647052459418774,0.021399373188614845,0.011603433638811111,0.009639382362365723,0.001964051276445389,0.001961369067430496,0.0048516602255403996,0.0,-0.0006441026926040649,0.0008778907358646393,0.0009441711008548737,1.3791024684906006e-05,0.0005755200982093811,-0.0019028522074222565,-0.0019238963723182678,-0.0010276548564434052,0.0,0.006986267864704132,-0.003963652998209,-0.009556382894515991,-0.014995858073234558,-0.01179727166891098,0.003315255045890808,0.007949009537696838,0.010861247777938843
10459,0.1,3,1,0.1589023321866989,2,4.2378902435302734e-05,0.020926520228385925,4,0.004410222172737122,0.028350934386253357,0.025252601131796837,0.03197689726948738,0.030038928613066673,0.044669922441244125,0.046550147235393524,0.04619415104389191,0.00035599619150161743,0.004542605020105839,0.010024305433034897,0.0,-0.012658774852752686,0.020926520228385925,0.018820777535438538,0.020884141325950623,0.013837248086929321,-0.030041515827178955,-0.026218846440315247,-0.02916213870048523,0.0,-0.02512519061565399,0.006188228726387024,0.023940712213516235,0.028350934386253357,0.02314983308315277,-0.012157976627349854,-0.034532755613327026,-0.04054608941078186
10499,0.1,2,13,0.605376124382019,2,0.01938927173614502,0.10191333293914795,5,0.007215619087219238,0.09916907548904419,0.082950659096241,0.15392637252807617,0.12048141658306122,0.15149757266044617,0.19024574756622314,0.16461175680160522,0.02563399076461792,0.016814883798360825,0.059612665325403214,0.0,-0.043293654918670654,0.10191333293914795,0.08252406120300293,0.07787203788757324,0.05091428756713867,-0.11752098798751831,-0.09497153759002686,-0.08768439292907715,0.0,-0.10777360200881958,0.06941616535186768,0.08126085996627808,0.09195345640182495,0.09916907548904419,-0.11457633972167969,-0.11509650945663452,-0.1283731460571289
10507,0.1,2,10,2.039458990097046,8,0.0017282962799072266,0.019067764282226562,6,0.1419832706451416,0.2877190113067627,0.15628619492053986,0.2579874098300934,0.4218214154243469,0.6609261631965637,0.28888607025146484,0.28888607025146484,0.0,0.1079239621758461,0.30553749203681946,0.0,0.004144906997680664,-0.010692119598388672,-0.015824556350708008,-0.016187667846679688,-0.006887912750244141,0.00928044319152832,0.017339468002319336,0.019067764282226562,0.0,0.1457357406616211,-0.23399662971496582,-0.07767081260681152,0.014950752258300781,-0.15392160415649414,0.2877190113067627,0.10194480419158936,0.008168458938598633
10697,0.1,2,2,1.4660426378250122,4,0.0002715587615966797,0.08658039569854736,4,0.023343920707702637,0.2760658264160156,0.09557776153087616,0.14233523607254028,0.24871690571308136,0.36485663056373596,0.35785090923309326,0.35785090923309326,0.0,0.05668024346232414,0.16077102720737457,0.0,-0.03454124927520752,0.08630883693695068,0.07953596115112305,0.08658039569854736,0.04418528079986572,-0.09806013107299805,-0.08690273761749268,-0.09265506267547607,0.0,-0.15034711360931396,0.12616896629333496,0.252721905708313,0.2760658264160156,0.19122719764709473,-0.12272942066192627,-0.2561718225479126,-0.2545551061630249
10710,0.1,3,13,2.0046463012695312,4,0.0008829832077026367,0.034581780433654785,5,0.06017148494720459,0.44087159633636475,0.10491971671581268,0.18199697136878967,0.2957707345485687,0.4666287899017334,0.46867895126342773,0.45951414108276367,0.009164810180664062,0.0386665053665638,0.0998246893286705,0.0,-0.012115955352783203,0.018173933029174805,0.03369879722595215,0.034581780433654785,0.025389432907104492,-0.008779048919677734,-0.02527618408203125,-0.02487325668334961,0.0,-0.3824739456176758,0.20660436153411865,0.3266257047653198,0.38070011138916016,0.44087159633636475,-0.235595703125,-0.36826324462890625,-0.40882015228271484
10864,0.1,1,10,0.05762739107012749,4,0.00045795366168022156,0.0010900311172008514,3,0.0010914839804172516,0.01688268408179283,0.007600182201713324,0.010965500958263874,0.01656322553753853,0.022791609168052673,0.018241554498672485,0.01709901914000511,0.0011425353586673737,0.0016417850274592638,0.0045086536556482315,0.0,4.782527685165405e-05,-0.0011892244219779968,-0.0006389878690242767,0.0010900311172008514,-0.00013109296560287476,0.0006320774555206299,-0.0006889216601848602,-0.003042444586753845,0.0,-0.013494845479726791,0.00937272235751152,0.01688268408179283,0.01579120010137558,0.011190962046384811,-0.016621757298707962,-0.03381860628724098,-0.0284593366086483
10969,0.1,0,1,4.3140668869018555,8,0.0,0.10398578643798828,5,0.1777820587158203,0.34440183639526367,0.2189142256975174,0.2985081970691681,0.322566956281662,0.4454234540462494,0.4482076168060303,0.27507591247558594,0.17313170433044434,0.0989217534661293,0.2675873637199402,0.0,0.05998086929321289,-0.07750558853149414,-0.07750606536865234,-0.07750558853149414,-0.06649208068847656,0.10398578643798828,0.10398578643798828,0.10398578643798828,0.0,-0.2961869239807129,0.16661977767944336,0.16661977767944336,0.16661977767944336,0.34440183639526367,-0.20130348205566406,-0.20130395889282227,-0.20130395889282227
10972,0.1,1,1,2.73203182220459,8,0.0023682117462158203,0.08424091339111328,7,0.014747858047485352,0.12938499450683594,0.24018354713916779,0.30348777770996094,0.3233200013637543,0.5190896391868591,0.2118363380432129,0.20922183990478516,0.0026144981384277344,0.13717064261436462,0.3333878517150879,0.0,0.012825489044189453,-0.03706502914428711,-0.07684111595153809,-0.08713865280151367,-0.015579938888549805,0.04219484329223633,0.08187270164489746,0.08424091339111328,0.0,0.04550957679748535,0.009609222412109375,-0.12259078025817871,-0.11729836463928223,-0.05565905570983887,0.0019893646240234375,0.12938499450683594,0.11463713645935059
11083,0.1,3,1,2.4871485233306885,8,0.00780487060546875,0.04835963249206543,2,0.005316972732543945,0.0964498519897461,0.20256415009498596,0.27298861742019653,0.24973240494728088,0.3451582193374634,0.16119885444641113,0.06664633750915527,0.09455251693725586,0.13610801100730896,0.23083139955997467,0.0,0.02673935890197754,-0.02376580238342285,-0.03478598594665527,-0.042742252349853516,-0.0311129093170166,0.03010249137878418,0.04055476188659668,0.04835963249206543,0.0,-0.1495063304901123,0.0964498519897461,0.04849553108215332,0.0157012939453125,0.09113287925720215,-0.136765718460083,-0.0963594913482666,-0.06404709815979004
11183,0.1,2,14,0.2173999845981598,2,0.0031298547983169556,0.021308496594429016,6,0.01739923655986786,0.04211077094078064,0.020428815856575966,0.03371966630220413,0.049333132803440094,0.07161296904087067,0.05984999239444733,0.01760086417198181,0.042249128222465515,0.00932265818119049,0.024381311610341072,0.0,-0.01656290888786316,0.021308496594429016,0.0164727121591568,0.014148831367492676,0.01817864179611206,-0.02884465456008911,-0.02177608013153076,-0.018825948238372803,0.0,0.02471153438091278,-0.0571134090423584,-0.006936565041542053,-0.018216952681541443,-0.052623480558395386,0.04211077094078064,-6.723403930664062e-05,0.009168088436126709
11246,0.1,0,3,8.0274019241333,8,0.015990257263183594,0.08459901809692383,8,0.06062602996826172,0.2177419662475586,0.15583941340446472,0.2768086791038513,0.6302381753921509,0.7663566470146179,0.30114221572875977,0.30114221572875977,0.0,0.11266634613275528,0.2612423598766327,0.0,0.03027057647705078,-0.029294967651367188,-0.04806804656982422,-0.05868053436279297,-0.03303718566894531,0.04371309280395508,0.06860876083374023,0.08459901809692383,0.0,0.15711593627929688,-0.05393791198730469,-0.09381580352783203,-0.1636209487915039,-0.15897274017333984,0.07259559631347656,0.1268601417541504,0.2177419662475586
11272,0.1,2,10,0.5038825273513794,2,0.02393212914466858,0.03544548153877258,2,0.03721994161605835,0.10350149869918823,0.06944654136896133,0.12533439695835114,0.15609672665596008,0.24070607125759125,0.13399189710617065,0.13399189710617065,0.0,0.030918192118406296,0.07341118156909943,0.0,-0.00965052843093872,0.03544548153877258,0.0025766491889953613,-0.004038453102111816,0.011513352394104004,-0.04133415222167969,-0.0042070746421813965,0.001309514045715332,0.0,-0.0796743631362915,0.10350149869918823,-0.0505295991897583,0.020550787448883057,0.06628155708312988,-0.1584104299545288,0.022209584712982178,-0.05036371946334839
11374,0.1,2,1,0.23186537623405457,4,0.004752427339553833,0.0176609605550766,6,0.04727880656719208,0.07466615736484528,0.05301337316632271,0.06618652492761612,0.07961094379425049,0.10707834362983704,0.08932517468929291,0.06072792410850525,0.02859725058078766,0.013368877582252026,0.03242022916674614,0.0,-0.003823220729827881,0.012908533215522766,0.003685206174850464,0.0176609605550766,0.004383251070976257,-0.015676647424697876,-0.006583273410797119,-0.022048532962799072,0.0,0.027387350797653198,-0.10329511761665344,-0.024969905614852905,-0.03242313861846924,-0.04187169671058655,0.07466615736484528,0.01663343608379364,0.020458444952964783
11531,0.1,1,2,0.819493293762207,4,0.010934889316558838,0.0871192216873169,6,0.029759705066680908,0.06666797399520874,0.08949017524719238,0.12578406929969788,0.1465492844581604,0.2338203489780426,0.16986072063446045,0.11134254932403564,0.058518171310424805,0.027605051174759865,0.09899452328681946,0.0,-0.01532602310180664,0.05625039339065552,0.07618433237075806,0.0871192216873169,0.019285619258880615,-0.06772422790527344,-0.07930117845535278,-0.08709639310836792,0.0,-0.00048029422760009766,-0.13791698217391968,0.010120689868927002,0.03690826892852783,-0.0258600115776062,0.06666797399520874,-0.07977545261383057,-0.09192800521850586
11606,0.1,1,10,0.4787008464336395,2,0.009389221668243408,0.07640799880027771,4,0.0314965546131134,0.09415102005004883,0.07765906304121017,0.10907450318336487,0.15946152806282043,0.2186608761548996,0.15533208847045898,0.13287490606307983,0.02245718240737915,0.021105576306581497,0.07093418389558792,0.0,-0.022855669260025024,0.07640799880027771,0.0670187771320343,0.05006355047225952,0.02740541100502014,-0.09096196293830872,-0.07127246260643005,-0.04805377125740051,0.0,-0.035134702920913696,0.015586882829666138,0.06265446543693542,0.09415102005004883,0.03822219371795654,-0.022847384214401245,-0.07800379395484924,-0.1044110357761383
11622,0.1,0,15,1.8653697967529297,4,0.04288613796234131,0.30906474590301514,4,0.037294864654541016,0.16373026371002197,0.1856316328048706,0.23313498497009277,0.3739732503890991,0.5219948887825012,0.4826803207397461,0.4826803207397461,0.0,0.05543748289346695,0.14000679552555084,0.0,-0.04121708869934082,0.03754472732543945,0.26617860794067383,0.30906474590301514,0.05291414260864258,-0.043024659156799316,-0.2502720355987549,-0.28184986114501953,0.0,-0.0028142929077148438,-0.10271632671356201,0.08393549919128418,0.16373026371002197,0.00561070442199707,0.12643539905548096,-0.08573472499847412,-0.15129327774047852
11668,0.1,1,0,0.7371178269386292,6,0.020991027355194092,0.0984565019607544,6,0.012226104736328125,0.0888972282409668,0.137294203042984,0.19582578539848328,0.18067000806331635,0.27996891736984253,0.17675578594207764,0.17675578594207764,0.0,0.06627415120601654,0.12922066450119019,0.0,0.05975741147994995,-0.09781277179718018,-0.06878751516342163,-0.07545346021652222,-0.07919818162918091,0.0984565019607544,0.07271277904510498,0.0774654746055603,0.0,0.07667112350463867,-0.0793994665145874,-0.022688329219818115,-0.060409605503082275,-0.09242045879364014,0.0888972282409668,0.030546486377716064,0.06849461793899536
11738,0.1,3,1,5.810977935791016,1,0.028013229370117188,0.11751890182495117,5,0.2590022087097168,0.5052695274353027,0.25740185379981995,0.3729749321937561,0.6117655038833618,0.9273271560668945,0.6196932792663574,0.3776431083679199,0.2420501708984375,0.0885339230298996,0.25517186522483826,0.0,0.11751890182495117,-0.06001567840576172,-0.06638193130493164,-0.07202625274658203,-0.1309194564819336,0.07595682144165039,0.08268117904663086,0.08950567245483398,0.0,-0.36241817474365234,0.24626731872558594,0.17296886444091797,0.14667224884033203,0.5052695274353027,-0.2578163146972656,-0.17990589141845703,-0.14618539810180664
11894,0.1,0,1,0.3664819300174713,2,0.008167475461959839,0.011390537023544312,4,0.006889432668685913,0.03311079740524292,0.04771178215742111,0.06536164879798889,0.09574578702449799,0.11949248611927032,0.043769240379333496,0.03164437413215637,0.012124866247177124,0.010331792756915092,0.02959645353257656,0.0,-0.002986907958984375,0.011390537023544312,0.0014665722846984863,-0.0064160823822021484,0.0032230615615844727,-0.014875620603561401,-0.006722778081893921,-0.005163788795471191,0.0,-0.024706006050109863,0.010932713747024536,0.022931993007659912,0.03311079740524292,0.026221364736557007,-0.016334116458892822,-0.031040042638778687,-0.045372605323791504
11906,0.1,1,7,6.115741729736328,8,0.02591705322265625,0.07410860061645508,8,0.054183006286621094,0.153289794921875,0.1736105978488922,0.25531405210494995,0.2065645456314087,0.3032659888267517,0.23114633560180664,0.23114633560180664,0.0,0.12844207882881165,0.3458532392978668,0.0,0.022216796875,-0.032387733459472656,-0.038686275482177734,-0.06148195266723633,-0.026567459106445312,0.041060447692871094,0.04819154739379883,0.07410860061645508,0.0,0.05797147750854492,-0.004187107086181641,-0.07927417755126953,-0.1356496810913086,-0.049945831298828125,0.022078514099121094,0.0991067886352539,0.153289794921875
11960,0.1,1,10,1.7059752941131592,6,0.12860965728759766,0.3500804901123047,6,0.14345455169677734,0.26919472217559814,0.23868922889232635,0.40048226714134216,0.4177303910255432,0.5842581987380981,0.5885707139968872,0.5885707139968872,0.0,0.10782386362552643,0.27001363039016724,0.0,0.07909750938415527,-0.38172388076782227,-0.21903789043426514,-0.2041383981704712,-0.09875774383544922,0.3500804901123047,0.22147083282470703,0.19745409488677979,0.0,0.03532302379608154,-0.25318753719329834,0.06374311447143555,0.1257401704788208,-0.04079711437225342,0.26919472217559814,-0.047653794288635254,-0.10022544860839844
11967,0.1,0,11,2.825943946838379,8,0.013936996459960938,0.03920459747314453,4,0.017075538635253906,0.23303747177124023,0.09584033489227295,0.14411458373069763,0.32609930634498596,0.4968404769897461,0.2778353691101074,0.18350720405578613,0.09432816505432129,0.08371596038341522,0.15312854945659637,0.0,0.0023407936096191406,0.009289026260375977,-0.022882699966430664,-0.03798627853393555,-0.003204345703125,-0.017299652099609375,0.025267601013183594,0.03920459747314453,0.0,-0.095245361328125,0.11870503425598145,0.21596193313598633,0.23303747177124023,0.11871170997619629,-0.1472795009613037,-0.19994401931762695,-0.20073843002319336
11972,0.1,0,10,0.27845144271850586,4,1.6570091247558594e-05,0.019312262535095215,3,0.00023891031742095947,0.034570083022117615,0.029748979955911636,0.04621425271034241,0.0691852793097496,0.09239175170660019,0.04988306760787964,0.0498766154050827,6.452202796936035e-06,0.009686426259577274,0.023750564083456993,0.0,-0.003664731979370117,0.009614050388336182,0.019295692443847656,0.019312262535095215,0.004351764917373657,-0.013465642929077148,-0.02687552571296692,-0.023750096559524536,0.0,-0.010264486074447632,-0.002501934766769409,0.034570083022117615,0.034331172704696655,0.0113106369972229,0.002652466297149658,-0.046541690826416016,-0.03718012571334839
11981,0.1,0,0,1.875091552734375,7,0.0,0.08376741409301758,5,0.0508958101272583,0.08755159378051758,0.1603647917509079,0.21490517258644104,0.1491972953081131,0.22602954506874084,0.17416763305664062,0.037485599517822266,0.13668203353881836,0.1022019162774086,0.21243512630462646,0.0,0.04969000816345215,-0.06971621513366699,-0.06971585750579834,-0.06971585750579834,-0.059847116470336914,0.08376741409301758,0.08376741409301758,0.08376705646514893,0.0,-0.0783226490020752,0.03665518760681152,0.03665578365325928,0.036655545234680176,0.08755159378051758,-0.04633331298828125,-0.04633378982543945,-0.04633331298828125
11988,0.1,0,1,3.0328946113586426,3,0.00023674964904785156,0.12120509147644043,4,0.02511882781982422,0.07839012145996094,0.14647705852985382,0.20761080086231232,0.1839030683040619,0.26039519906044006,0.21221184730529785,0.21161699295043945,0.0005948543548583984,0.08117254078388214,0.2043837457895279,0.0,-0.04090619087219238,0.10541915893554688,0.12120509147644043,0.12096834182739258,0.05247855186462402,-0.10920405387878418,-0.1211998462677002,-0.1156158447265625,0.0,-0.0481717586517334,0.01170039176940918,0.05327129364013672,0.07839012145996094,0.04631185531616211,-0.020893335342407227,-0.0751798152923584,-0.11757588386535645
11989,0.1,3,1,0.08433890342712402,2,0.0002344474196434021,0.005616180598735809,2,0.0013868063688278198,0.0022030919790267944,0.012116065248847008,0.016268160194158554,0.020911118015646935,0.028906462714076042,0.007697969675064087,0.007697969675064087,0.0,0.0025475607253611088,0.007744114845991135,0.0,-0.004200093448162079,0.005616180598735809,0.005004510283470154,0.005381733179092407,0.00466541200876236,-0.007502041757106781,-0.0069060251116752625,-0.007509000599384308,0.0,-0.0016860291361808777,0.0022030919790267944,-0.0010360777378082275,-0.0027646198868751526,-0.001289650797843933,-0.0040748342871665955,-0.000661022961139679,0.0008162856101989746
12042,0.1,3,1,0.33206215500831604,3,6.0886144638061523e-05,0.048954546451568604,4,0.00037086009979248047,0.02412647008895874,0.04146111011505127,0.055875204503536224,0.08754266798496246,0.11458321660757065,0.0713835060596466,0.0713396966457367,4.380941390991211e-05,0.00899976771324873,0.02276368997991085,0.0,-0.029447942972183228,0.046239376068115234,0.048954546451568604,0.04889366030693054,0.03228113055229187,-0.06130439043045044,-0.06351861357688904,-0.0631178617477417,0.0,-0.017505764961242676,0.014336854219436646,0.02104136347770691,0.02412647008895874,0.02375560998916626,-0.013458460569381714,-0.019717156887054443,-0.02331790328025818
12140,0.1,2,1,0.005778749473392963,4,1.62455253303051e-05,0.0005147564224898815,6,0.00015355320647358894,0.0005108434706926346,0.0006533810519613326,0.0008522485150024295,0.0008525113807991147,0.0012451427755877376,0.0010023717768490314,0.0003659455105662346,0.0006364262662827969,0.0002421124663669616,0.000707480707205832,0.0,-0.0003909291699528694,0.00044965650886297226,0.0004985108971595764,0.0005147564224898815,0.000392385758459568,-0.0006803241558372974,-0.0007834816351532936,-0.0008178255520761013,0.0,0.00035729026421904564,-0.000573247205466032,-0.00019021052867174149,-0.00016473280265927315,-0.0007281736470758915,0.0005108434706926346,0.00012931600213050842,9.34000127017498e-05
12156,0.1,0,0,1.262995958328247,8,0.012398004531860352,0.17226243019104004,6,0.025310158729553223,0.0632021427154541,0.18816277384757996,0.2655468285083771,0.23921632766723633,0.34833353757858276,0.2272881269454956,0.17308378219604492,0.054204344749450684,0.07291071116924286,0.18205715715885162,0.0,0.05957627296447754,-0.0827944278717041,-0.15936791896820068,-0.17550992965698242,-0.0771491527557373,0.08825469017028809,0.1598644256591797,0.17226243019104004,0.0,0.03789198398590088,-0.057015419006347656,-0.016890525817871094,0.006728410720825195,-0.04414856433868408,0.0632021427154541,0.023404836654663086,-0.0003745555877685547
12227,0.1,0,2,0.5251989364624023,6,0.00480806827545166,0.014247238636016846,4,0.03875887393951416,0.08871236443519592,0.06393476575613022,0.09204594790935516,0.10577642917633057,0.14617417752742767,0.09493893384933472,0.09001204371452332,0.004926890134811401,0.021110106259584427,0.04466928541660309,0.0,0.0035843849182128906,-0.013435423374176025,-0.007816910743713379,-0.014364123344421387,-0.004651784896850586,0.014247238636016846,0.006067335605621338,0.009439170360565186,0.0,-0.03100275993347168,0.010672509670257568,0.04995349049568176,0.08871236443519592,0.03330105543136597,-0.014087021350860596,-0.07264786958694458,-0.11667335033416748
12246,0.1,3,1,1.8379886150360107,6,0.054584503173828125,0.1215512752532959,3,0.0064754486083984375,0.23655319213867188,0.2240566909313202,0.2845629155635834,0.251071572303772,0.3999496102333069,0.3405418395996094,0.16386961936950684,0.17667222023010254,0.11578004062175751,0.30537354946136475,0.0,0.04827988147735596,-0.14703798294067383,-0.07989978790283203,-0.09031987190246582,-0.07036721706390381,0.1215512752532959,0.06115245819091797,0.06696677207946777,0.0,-0.1865072250366211,0.05982697010040283,0.23655319213867188,0.23007774353027344,0.21130132675170898,-0.06927919387817383,-0.26836442947387695,-0.24977540969848633
12358,0.1,3,1,0.5316063165664673,6,0.0056722164154052734,0.02410435676574707,6,0.012103855609893799,0.04669642448425293,0.049132537096738815,0.08261662721633911,0.1610637754201889,0.2213667780160904,0.06769251823425293,0.06769251823425293,0.0,0.023439068347215652,0.06380645185709,0.0,0.01068657636642456,-0.02600574493408203,-0.022817552089691162,-0.022870004177093506,-0.015457093715667725,0.02410435676574707,0.018432140350341797,0.015889525413513184,0.0,0.03459256887435913,-0.04510730504989624,-0.029818415641784668,-0.030848205089569092,-0.046024203300476074,0.04669642448425293,0.030091583728790283,0.0301438570022583
12388,0.1,2,17,0.948829710483551,4,0.0002543926239013672,0.038329124450683594,5,0.008415639400482178,0.08963125944137573,0.06819699704647064,0.11373983323574066,0.1913025826215744,0.2896192967891693,0.12446051836013794,0.11301237344741821,0.011448144912719727,0.03856509551405907,0.09292031079530716,0.0,-0.019987940788269043,0.03807473182678223,0.03571897745132446,0.038329124450683594,0.023755371570587158,-0.049502789974212646,-0.044861435890197754,-0.04749709367752075,0.0,-0.0633193850517273,0.07456403970718384,0.08121562004089355,0.047684669494628906,0.08963125944137573,-0.07662290334701538,-0.07678133249282837,-0.029561161994934082
12479,0.1,2,1,1.9277968406677246,6,0.010937690734863281,0.08192980289459229,8,0.004798412322998047,0.028966665267944336,0.19122853875160217,0.2568623423576355,0.2171434462070465,0.29204514622688293,0.1131141185760498,0.1011120080947876,0.012002110481262207,0.09591852128505707,0.21532848477363586,0.0,0.04938912391662598,-0.07583999633789062,-0.054657936096191406,-0.0677950382232666,-0.06480228900909424,0.08192980289459229,0.05797863006591797,0.070992112159729,0.0,0.012856006622314453,0.002805352210998535,-0.02063751220703125,-0.0273129940032959,-0.02143573760986328,-0.007620096206665039,0.02416825294494629,0.028966665267944336
12576,0.1,3,1,2.8224833011627197,7,0.0011653900146484375,0.11066150665283203,5,0.054702043533325195,0.2539253234863281,0.2559114694595337,0.3488125205039978,0.3004501760005951,0.507664144039154,0.3607754707336426,0.17557311058044434,0.18520236015319824,0.1277054101228714,0.2880628705024719,0.0,0.07341384887695312,-0.08744502067565918,-0.09044051170349121,-0.08807682991027832,-0.08446598052978516,0.1094961166381836,0.11066150665283203,0.1075446605682373,0.0,-0.21815061569213867,0.19922327995300293,0.12308144569396973,0.08464884757995605,0.2539253234863281,-0.22849774360656738,-0.1442258358001709,-0.10069942474365234
12665,0.1,0,14,0.3900735378265381,4,0.0038110017776489258,0.004859119653701782,4,0.026239603757858276,0.055527716875076294,0.04494481161236763,0.06093499809503555,0.09032191336154938,0.13574808835983276,0.06081131100654602,0.06081131100654602,0.0,0.013505776412785053,0.035414449870586395,0.0,-0.0020197927951812744,0.0007716715335845947,-0.0001748800277709961,0.004859119653701782,0.0010481178760528564,-0.003262847661972046,-0.0021284520626068115,-0.007474541664123535,0.0,-0.027794361114501953,-0.013639569282531738,0.029288113117218018,0.055527716875076294,0.027870863676071167,0.014962494373321533,-0.040315449237823486,-0.07839933037757874
12705,0.1,0,17,0.5278645753860474,4,0.0,0.00815582275390625,1,0.0021022558212280273,0.008371353149414062,0.05537738651037216,0.07455210387706757,0.10647964477539062,0.14821848273277283,0.015236377716064453,0.00424802303314209,0.010988354682922363,0.01859905943274498,0.04761267825961113,0.0,-0.0053498148918151855,0.00815582275390625,0.00815582275390625,0.00815582275390625,0.0067285895347595215,-0.01062929630279541,-0.01062929630279541,-0.01062929630279541,0.0,0.008371353149414062,-0.008180737495422363,-0.008180737495422363,-0.008180737495422363,-0.024365782737731934,0.006268978118896484,0.006269097328186035,0.006268799304962158
12774,0.1,2,11,0.2227955013513565,2,0.001809239387512207,0.013942629098892212,8,0.010347917675971985,0.06315797567367554,0.026466190814971924,0.03439760208129883,0.055597759783267975,0.07653850317001343,0.07318291068077087,0.052826955914497375,0.0203559547662735,0.01435053814202547,0.03138520196080208,0.0,-0.004945531487464905,0.013942629098892212,0.012123435735702515,0.012133389711380005,0.0056154727935791016,-0.018023669719696045,-0.01613953709602356,-0.016235366463661194,0.0,0.035478219389915466,-0.02167332172393799,-0.10455523431301117,-0.1503130942583084,-0.07850630581378937,0.012254878878593445,0.05281005799770355,0.06315797567367554
12789,0.1,2,2,1.9748952388763428,7,0.0038031339645385742,0.023601412773132324,5,0.012217521667480469,0.04991614818572998,0.19789975881576538,0.31471917033195496,0.2820621132850647,0.46967780590057373,0.07539856433868408,0.049965858459472656,0.025432705879211426,0.09984107315540314,0.21273821592330933,0.0,0.006412625312805176,0.011571526527404785,-0.01470804214477539,-0.010219097137451172,-0.001898050308227539,-0.0050847530364990234,0.023601412773132324,0.01979827880859375,0.0,-0.04610753059387207,0.03769862651824951,0.020223379135131836,0.014186620712280273,0.04991614818572998,-0.04675173759460449,-0.02660083770751953,-0.01888096332550049
12827,0.1,0,3,0.25829431414604187,8,0.0026045888662338257,0.021193936467170715,3,0.0027114897966384888,0.013458207249641418,0.024181604385375977,0.040039751678705215,0.07992805540561676,0.09943190217018127,0.032575055956840515,0.01633390784263611,0.016241148114204407,0.010656191036105156,0.029389936476945877,0.0,0.0029151439666748047,-0.013765275478363037,-0.017890363931655884,-0.026690244674682617,-0.003634512424468994,0.015397712588310242,0.01858934760093689,0.021193936467170715,0.0,-0.003304213285446167,-0.0008825957775115967,0.013458207249641418,0.01074671745300293,0.0034821033477783203,0.0009457767009735107,-0.02061048150062561,-0.016831666231155396
12859,0.1,1,1,0.024801675230264664,2,3.478117287158966e-05,0.00031996332108974457,5,0.00015966221690177917,0.0022478345781564713,0.0037411663215607405,0.004621535539627075,0.0047256844118237495,0.006872217636555433,0.002782478928565979,0.002782478928565979,0.0,0.0016640517860651016,0.004099568817764521,0.0,-0.0002608019858598709,0.00031996332108974457,9.74554568529129e-05,8.698925375938416e-05,0.0002851821482181549,-0.00045958347618579865,-0.00018220767378807068,-0.00016941875219345093,0.0,-0.003780726343393326,0.002088172361254692,0.0003977883607149124,0.00034811533987522125,0.0022478345781564713,-0.003453396260738373,-0.0006371773779392242,-0.0006149783730506897
12888,0.1,3,2,1.8018828630447388,8,0.0189054012298584,0.10156333446502686,4,0.004090547561645508,0.037538886070251465,0.1448429524898529,0.2115355134010315,0.26785582304000854,0.42050981521606445,0.13697612285614014,0.1122598648071289,0.02471625804901123,0.062446605414152145,0.1875983476638794,0.0,0.07563912868499756,-0.0798417329788208,-0.07979488372802734,-0.09902071952819824,-0.10505640506744385,0.07716310024261475,0.08265793323516846,0.10156333446502686,0.0,0.005831360816955566,-0.019557833671569824,0.015924572944641113,0.037538886070251465,0.026162266731262207,0.03344833850860596,-0.01386106014251709,-0.035872578620910645
12892,0.1,0,11,1.155593752861023,5,0.0002824068069458008,0.05261218547821045,5,0.10259836912155151,0.18760377168655396,0.19284287095069885,0.29208600521087646,0.3111219108104706,0.4150713086128235,0.233909010887146,0.233909010887146,0.0,0.08893921226263046,0.22752507030963898,0.0,-0.04135894775390625,0.0523296594619751,0.0523296594619751,0.05232977867126465,0.05261218547821045,-0.06109213829040527,-0.06109213829040527,-0.06109213829040527,0.0,-0.16775166988372803,0.08500504493713379,0.08500540256500244,0.08500528335571289,0.18760377168655396,-0.10268354415893555,-0.10268354415893555,-0.10268354415893555
12937,0.1,1,1,0.1715833991765976,6,0.004266008734703064,0.004994481801986694,4,0.0063109248876571655,0.023462414741516113,0.0165997426956892,0.0227104090154171,0.045242536813020706,0.05960783734917641,0.02802136540412903,0.021490439772605896,0.006530925631523132,0.007304972503334284,0.015384897589683533,0.0,0.0007284730672836304,-0.005325883626937866,-0.0027870982885360718,-0.00251750648021698,-0.0013376176357269287,0.004994481801986694,-0.001008942723274231,-0.005075559020042419,0.0,-0.020770728588104248,0.00841471552848816,0.017151489853858948,0.023462414741516113,0.014209091663360596,-0.018320798873901367,-0.03995475172996521,-0.04895475506782532
13040,0.1,2,10,6.9047040939331055,8,0.00251007080078125,0.1903080940246582,8,0.06786537170410156,0.564612865447998,0.35177794098854065,0.49511462450027466,0.544955849647522,0.7537503242492676,0.7347297668457031,0.7347297668457031,0.0,0.10888595879077911,0.28795337677001953,0.0,0.06130218505859375,-0.08796453475952148,-0.13750123977661133,-0.13943910598754883,-0.06906795501708984,0.1280980110168457,0.18779802322387695,0.1903080940246582,0.0,0.27953481674194336,-0.12275314331054688,-0.42177391052246094,-0.47695112228393555,-0.30564355850219727,0.21001243591308594,0.4967474937438965,0.564612865447998
13088,0.1,3,1,2.0548737049102783,1,0.011999964714050293,0.18811023235321045,1,0.3146010637283325,0.855778694152832,0.23169240355491638,0.32781746983528137,0.3966866433620453,0.5705840587615967,0.9971320629119873,0.9971320629119873,0.0,0.075650654733181,0.1783631443977356,0.0,0.18811023235321045,-0.13117337226867676,-0.1422898769378662,-0.1550750732421875,-0.2409512996673584,0.1510448455810547,0.16306614875793457,0.17611026763916016,0.0,0.855778694152832,-0.5074231624603271,-0.49742770195007324,-0.5377111434936523,-1.1953303813934326,0.5333461761474609,0.5169758796691895,0.5411776304244995
13139,0.1,3,2,0.7552074790000916,6,0.020338773727416992,0.0448908805847168,5,0.10361588001251221,0.29478490352630615,0.04866893216967583,0.091311514377594,0.1870061457157135,0.3429809808731079,0.3115922510623932,0.28811267018318176,0.023479580879211426,0.033308155834674835,0.10659825056791306,0.0,0.022398412227630615,-0.0410502552986145,-0.02170771360397339,-0.02052748203277588,-0.027491271495819092,0.0448908805847168,0.024552106857299805,0.02426069974899292,0.0,-0.28485196828842163,0.1780495047569275,0.1795816421508789,0.19116902351379395,0.29478490352630615,-0.23567575216293335,-0.22067999839782715,-0.21237701177597046
13193,0.1,2,1,2.040210723876953,4,0.003062009811401367,0.08585894107818604,6,0.06435346603393555,0.07842302322387695,0.06989677995443344,0.10859913378953934,0.19687971472740173,0.35064125061035156,0.17494750022888184,0.08318984508514404,0.09175765514373779,0.0843806341290474,0.14827898144721985,0.0,-0.043535470962524414,0.08279693126678467,0.07855403423309326,0.08585894107818604,0.05514657497406006,-0.09241366386413574,-0.08608222007751465,-0.09367656707763672,0.0,0.006715536117553711,-0.12170934677124023,0.014069557189941406,0.0015125274658203125,-0.055314064025878906,0.07842302322387695,-0.04863739013671875,-0.03111100196838379
13204,0.1,1,1,1.1695539951324463,2,0.0028946399688720703,0.012782096862792969,5,0.04188120365142822,0.11388218402862549,0.11012756824493408,0.17729686200618744,0.18546345829963684,0.28957080841064453,0.12441587448120117,0.11486971378326416,0.009546160697937012,0.07730722427368164,0.17843620479106903,0.0,-0.001967191696166992,0.012782096862792969,-0.0018100738525390625,-0.007474660873413086,0.002274036407470703,-0.015453577041625977,0.002560734748840332,0.009887456893920898,0.0,-0.09937596321105957,0.07200098037719727,0.06795847415924072,0.06880307197570801,0.11388218402862549,-0.08678054809570312,-0.0784153938293457,-0.07916474342346191
13228,0.1,1,13,0.2846404016017914,8,0.004118293523788452,0.010508924722671509,8,0.0010389089584350586,0.03768600523471832,0.038734070956707,0.06097117066383362,0.04944077879190445,0.0690661296248436,0.041909024119377136,0.041909024119377136,0.0,0.018349194899201393,0.03994232788681984,0.0,0.0023845434188842773,-0.004725426435470581,-0.009878814220428467,-0.015578389167785645,-0.0036447346210479736,0.004544317722320557,0.006390631198883057,0.010508924722671509,0.0,0.010500967502593994,0.017901510000228882,-0.05277073383331299,-0.06101715564727783,-0.01825624704360962,-0.039547502994537354,0.036647096276283264,0.03768600523471832
13246,0.1,2,10,3.5529115200042725,8,0.004381895065307617,0.2079601287841797,2,0.12461304664611816,0.22984600067138672,0.2943125367164612,0.3712131977081299,0.5310548543930054,0.7165089249610901,0.43860459327697754,0.2398691177368164,0.19873547554016113,0.10925054550170898,0.23244130611419678,0.0,0.0834798812866211,-0.1855013370513916,-0.19352269172668457,-0.2018876075744629,-0.10478758811950684,0.20142698287963867,0.20357823371887207,0.2079601287841797,0.0,-0.0859518051147461,0.22984600067138672,0.03991365432739258,-0.013572454452514648,0.10523295402526855,-0.258774995803833,-0.04082345962524414,0.02080368995666504
13372,0.1,0,1,2.7418277263641357,4,0.0,0.024819135665893555,5,0.014052867889404297,0.02493762969970703,0.13490018248558044,0.2482847273349762,0.21181893348693848,0.3271200954914093,0.04938554763793945,0.048210859298706055,0.0011746883392333984,0.1260322481393814,0.2631537616252899,0.0,-0.019452571868896484,0.024819135665893555,0.024819135665893555,0.024819135665893555,0.023626089096069336,-0.030341148376464844,-0.030341148376464844,-0.030341148376464844,0.0,-0.02236175537109375,0.010884761810302734,0.010884761810302734,0.010884761810302734,0.02493762969970703,-0.012774229049682617,-0.012774229049682617,-0.012774229049682617
13727,0.1,2,1,0.052225951105356216,4,0.0003058314323425293,0.002025049179792404,7,0.0021511688828468323,0.004172023385763168,0.006685859523713589,0.009980854578316212,0.01827637478709221,0.02469850331544876,0.006469137966632843,0.002403784543275833,0.00406535342335701,0.002689568791538477,0.005803324747830629,0.0,-0.0008968263864517212,0.0017192177474498749,0.000855274498462677,0.002025049179792404,0.0009770169854164124,-0.0026191137731075287,-0.0015262700617313385,-0.002984222024679184,0.0,0.0013479925692081451,-0.0007430762052536011,-0.0067743100225925446,-0.0046394094824790955,-0.004216209053993225,-0.0013867393136024475,0.004172023385763168,0.002020854502916336
13782,0.1,1,10,0.06467781215906143,4,0.001185886561870575,0.006889846175909042,4,0.0017602518200874329,0.004419919103384018,0.008290456607937813,0.01033950038254261,0.015285384841263294,0.025346171110868454,0.010824941098690033,0.010824941098690033,0.0,0.002770451596006751,0.006602018605917692,0.0,-0.003727950155735016,0.005166802555322647,0.005703959614038467,0.006889846175909042,0.004042867571115494,-0.006843149662017822,-0.007529556751251221,-0.009049683809280396,0.0,-0.0037968605756759644,-0.0016053542494773865,0.002659667283296585,0.004419919103384018,0.0013977661728858948,-0.0002979785203933716,-0.004346400499343872,-0.007270000874996185
13790,0.1,2,1,0.17489886283874512,6,0.014762550592422485,0.020758435130119324,6,0.03470976650714874,0.0848420113325119,0.029900673776865005,0.03955076262354851,0.0652829259634018,0.08582397550344467,0.09439010173082352,0.09439010173082352,0.0,0.007639834191650152,0.01687803491950035,0.0,0.0021859556436538696,-0.020546913146972656,-0.006078839302062988,0.00035685300827026367,-0.0027652233839035034,0.020758435130119324,0.005995884537696838,-0.0015444755554199219,0.0,0.03290824592113495,-0.15282613039016724,-0.07395996153354645,-0.042346298694610596,-0.05228951573371887,0.0848420113325119,0.05013224482536316,0.031128674745559692
13824,0.1,0,1,4.56551456451416,8,0.018822669982910156,0.253875732421875,5,0.019045352935791016,0.3706498146057129,0.26805463433265686,0.33977988362312317,0.44830602407455444,0.5877240300178528,0.6238117218017578,0.23844528198242188,0.38536643981933594,0.05402802303433418,0.1579340696334839,0.0,0.1062006950378418,-0.2452692985534668,-0.2769908905029297,-0.30724430084228516,-0.14490461349487305,0.21487951278686523,0.23505306243896484,0.253875732421875,0.0,-0.33996009826660156,0.32501697540283203,0.2855854034423828,0.3516044616699219,0.3706498146057129,-0.4075040817260742,-0.3546113967895508,-0.43283748626708984
13958,0.1,1,10,4.30997896194458,6,0.07905292510986328,0.17226266860961914,6,0.04967308044433594,0.2952303886413574,0.23190709948539734,0.30179885029792786,0.3755019009113312,0.6324930191040039,0.4432506561279297,0.4432506561279297,0.0,0.15150853991508484,0.37748467922210693,0.0,0.04201555252075195,-0.1499471664428711,-0.07741069793701172,-0.08118104934692383,-0.0519251823425293,0.17226266860961914,0.08848333358764648,0.09320974349975586,0.0,0.1992473602294922,-0.28291749954223633,-0.31017446517944336,-0.24439382553100586,-0.29395437240600586,0.2952303886413574,0.24555730819702148,0.17575502395629883
14063,0.1,1,10,0.047596290707588196,4,0.0002878345549106598,0.005780793726444244,4,0.0028884001076221466,0.007475987076759338,0.005493495613336563,0.007934235036373138,0.011143249459564686,0.016208047047257423,0.012535717338323593,0.012535717338323593,0.0,0.0023615523241460323,0.0049495031125843525,0.0,-0.0024437233805656433,0.005492959171533585,0.0050284601747989655,0.005780793726444244,0.0025309547781944275,-0.009250938892364502,-0.0076569728553295135,-0.008666034787893295,0.0,-0.003189556300640106,-0.0005972646176815033,0.004587586969137192,0.007475987076759338,0.0029805004596710205,-0.0022267811000347137,-0.00646587461233139,-0.009446430951356888
14114,0.1,2,3,7.405395984649658,2,0.0012102127075195312,0.034515380859375,2,0.013331413269042969,0.07239723205566406,0.1416284590959549,0.21077919006347656,0.2988744378089905,0.4125820994377136,0.11673307418823242,0.11673307418823242,0.0,0.10070431232452393,0.28080540895462036,0.0,0.0008387565612792969,0.034515380859375,0.009869098663330078,0.006155490875244141,-0.0009775161743164062,0.020067691802978516,0.029354095458984375,0.03330516815185547,0.0,-0.013301849365234375,0.07239723205566406,0.03792572021484375,0.059065818786621094,0.036515235900878906,-0.02370595932006836,0.008383750915527344,-0.009720802307128906
14189,0.1,1,2,1.498318076133728,2,0.0058519840240478516,0.053299546241760254,2,0.00903010368347168,0.04941284656524658,0.14120051264762878,0.19235333800315857,0.1905408650636673,0.2898121476173401,0.10161864757537842,0.10161864757537842,0.0,0.057454608380794525,0.14929543435573578,0.0,-0.04108846187591553,0.053299546241760254,0.03942060470581055,0.04055583477020264,0.0474475622177124,-0.06766378879547119,-0.049477458000183105,-0.05122637748718262,0.0,-0.031691908836364746,0.04941284656524658,-0.021361708641052246,-0.01444101333618164,0.0403827428817749,-0.06054651737213135,0.025798678398132324,0.017534494400024414
14249,0.1,3,12,0.3499622344970703,2,0.019061654806137085,0.05347675085067749,5,0.013964414596557617,0.06839483976364136,0.0418841615319252,0.06283817440271378,0.032663725316524506,0.060518085956573486,0.11255079507827759,0.09531238675117493,0.01723840832710266,0.017448626458644867,0.04541938006877899,0.0,-0.02706584334373474,0.05347675085067749,0.03431519865989685,0.034415096044540405,0.029079943895339966,-0.07217481732368469,-0.04542645812034607,-0.045162081718444824,0.0,-0.07863080501556396,0.04741320013999939,0.04745081067085266,0.05443042516708374,0.06839483976364136,-0.08308467268943787,-0.07913130521774292,-0.0894012451171875
14279,0.1,3,10,0.6760826110839844,5,0.0017905831336975098,0.0545579195022583,7,0.029102683067321777,0.06956136226654053,0.10340823978185654,0.1347588449716568,0.2248918116092682,0.3215786814689636,0.12098705768585205,0.08444654941558838,0.03654050827026367,0.03669015318155289,0.08860553056001663,0.0,-0.0442468523979187,0.048429250717163086,0.04840928316116333,0.05276733636856079,0.0545579195022583,-0.05533480644226074,-0.05439937114715576,-0.05914592742919922,0.0,0.011300742626190186,0.037871599197387695,-0.07296216487884521,-0.0488358736038208,-0.040664851665496826,-0.056025922298431396,0.06956136226654053,0.04045867919921875
14306,0.1,1,3,0.5503062009811401,8,0.002073824405670166,0.015173137187957764,4,0.056751370429992676,0.13374024629592896,0.03090362250804901,0.04628352075815201,0.16580970585346222,0.20087598264217377,0.14664557576179504,0.12301117181777954,0.023634403944015503,0.026491472497582436,0.05014202743768692,0.0,0.002698063850402832,-0.003167390823364258,-0.010606825351715088,-0.012984991073608398,-0.00319516658782959,0.0036389827728271484,0.013099312782287598,0.015173137187957764,0.0,-0.05136805772781372,0.024577617645263672,0.07698887586593628,0.13374024629592896,0.0582500696182251,-0.028442978858947754,-0.09836024045944214,-0.17243170738220215
14341,0.1,1,7,1.6164888143539429,4,0.020643115043640137,0.15014421939849854,3,0.01473701000213623,0.19139719009399414,0.14749760925769806,0.2224559187889099,0.26956695318222046,0.39222344756126404,0.3420858383178711,0.32282865047454834,0.019257187843322754,0.11131510883569717,0.2270020693540573,0.0,-0.023511290550231934,0.07899415493011475,0.1295011043548584,0.15014421939849854,0.029087424278259277,-0.07060706615447998,-0.12193131446838379,-0.13172900676727295,0.0,-0.04824244976043701,-0.01644742488861084,0.19139719009399414,0.1766601800918579,0.06396114826202393,0.018001198768615723,-0.15806615352630615,-0.13788092136383057
14385,0.1,2,1,0.05705420672893524,7,0.0002093091607093811,0.0011304505169391632,2,8.520111441612244e-05,0.0009353421628475189,0.008417549543082714,0.011046787723898888,0.009793748147785664,0.01462478842586279,0.0021028444170951843,0.001458536833524704,0.0006443075835704803,0.0027775021735578775,0.007063882425427437,0.0,0.00020832940936088562,0.0003385283052921295,-0.0012321919202804565,-0.0010839588940143585,-0.0003083571791648865,-0.0006590448319911957,0.0011304505169391632,0.0009211413562297821,0.0,-0.00015829876065254211,0.0009353421628475189,-0.000795416533946991,-0.0019136890769004822,-0.0003630630671977997,-0.0019575171172618866,-6.642937660217285e-05,0.0008501410484313965
14423,0.1,2,1,2.1068761348724365,3,0.0018362998962402344,0.08672165870666504,8,0.012983560562133789,0.046851158142089844,0.13954868912696838,0.19105081260204315,0.2926284670829773,0.5378859043121338,0.13482260704040527,0.05481100082397461,0.08001160621643066,0.08806193619966507,0.25082582235336304,0.0,-0.05453133583068848,0.07642340660095215,0.08672165870666504,0.0848853588104248,0.07040691375732422,-0.0812215805053711,-0.09467148780822754,-0.09204769134521484,0.0,0.030083656311035156,-0.021416425704956055,-0.047472238540649414,-0.060343265533447266,-0.08275103569030762,0.004380464553833008,0.033867597579956055,0.046851158142089844
14488,0.1,0,0,1.7324880361557007,4,0.025049567222595215,0.12892937660217285,3,0.048378825187683105,0.2554657459259033,0.138383686542511,0.219182550907135,0.25527071952819824,0.34354454278945923,0.38779520988464355,0.36451780796051025,0.0232774019241333,0.07257752865552902,0.18906760215759277,0.0,-0.012883543968200684,0.035550594329833984,0.10387980937957764,0.12892937660217285,0.01604914665222168,-0.04396867752075195,-0.12023401260375977,-0.12701237201690674,0.0,-0.044356584548950195,-0.03018033504486084,0.2554657459259033,0.20708692073822021,0.055970191955566406,0.036122679710388184,-0.2340761423110962,-0.17243576049804688
14712,0.1,1,1,0.09260765463113785,2,0.0007265210151672363,0.002886727452278137,3,0.0004107244312763214,0.030208531767129898,0.014409099705517292,0.020840756595134735,0.02193536050617695,0.0293901227414608,0.0322139598429203,0.03124617040157318,0.0009677894413471222,0.007272013463079929,0.014823297038674355,0.0,-0.0004959329962730408,0.002886727452278137,0.0018095001578330994,-0.0024908706545829773,0.0006568804383277893,-0.00371541827917099,-0.002188950777053833,0.002160206437110901,0.0,-0.012642070651054382,0.009569287300109863,0.030208531767129898,0.029797807335853577,0.014085382223129272,-0.012653984129428864,-0.04325828701257706,-0.033946312963962555
14854,0.1,3,2,0.787181556224823,2,0.00810009241104126,0.11569797992706299,5,0.044648706912994385,0.23503166437149048,0.09663204848766327,0.13816477358341217,0.21503610908985138,0.3134232461452484,0.31968212127685547,0.31238460540771484,0.007297515869140625,0.034781452268362045,0.08716127276420593,0.0,-0.09221440553665161,0.11569797992706299,0.096321702003479,0.10692423582077026,0.10759788751602173,-0.1446419358253479,-0.11631959676742554,-0.12829893827438354,0.0,-0.25392526388168335,0.1903829574584961,0.11415863037109375,0.12149441242218018,0.23503166437149048,-0.2769140601158142,-0.1403266191482544,-0.14079976081848145
14881,0.1,3,1,0.09730269759893417,4,0.0014326348900794983,0.008218087255954742,2,0.002346232533454895,0.01818746328353882,0.02103748917579651,0.027929259464144707,0.022350242361426353,0.02942521497607231,0.02485492080450058,0.02223861962556839,0.00261630117893219,0.004869076423346996,0.0115004051476717,0.0,-0.004321008920669556,0.0051633939146995544,0.006785452365875244,0.008218087255954742,0.004392564296722412,-0.008519954979419708,-0.010434053838253021,-0.01219833642244339,0.0,-0.01621883362531662,0.01818746328353882,0.011650942265987396,0.008951820433139801,0.015841230750083923,-0.0281071737408638,-0.016242675483226776,-0.011960044503211975
14894,0.1,1,1,0.012336025945842266,3,5.299225449562073e-06,0.00013094395399093628,5,0.0008774837478995323,0.002484736032783985,0.0012810591142624617,0.0019653092604130507,0.0022062407806515694,0.003305712016299367,0.002616005949676037,0.0026020752266049385,1.3930723071098328e-05,0.0004361698520369828,0.0012612099526450038,0.0,-0.00011550448834896088,0.00012446660548448563,0.00013094395399093628,0.0001256447285413742,0.00011657644063234329,-0.00019308831542730331,-0.00020191725343465805,-0.00019791442900896072,0.0,-0.003001473844051361,0.0015579555183649063,0.0015489934012293816,0.0016072522848844528,0.002484736032783985,-0.00233245175331831,-0.002278764732182026,-0.002360762096941471
14963,0.1,1,1,2.974315881729126,2,0.008153676986694336,0.03996634483337402,1,0.0047414302825927734,0.10506558418273926,0.2764457166194916,0.3383111357688904,0.30934014916419983,0.45512840151786804,0.14530539512634277,0.08753347396850586,0.057771921157836914,0.12108172476291656,0.40001463890075684,0.0,-0.017586946487426758,0.03996634483337402,0.03181266784667969,0.014633893966674805,0.02206563949584961,-0.04751443862915039,-0.036394357681274414,-0.01501154899597168,0.0,0.10506558418273926,-0.07752513885498047,-0.08388519287109375,-0.0877687931060791,-0.12592458724975586,0.09465575218200684,0.10032415390014648,0.0984659194946289
14965,0.1,0,10,0.06273797154426575,4,0.002892047166824341,0.009415809065103531,3,0.01052006334066391,0.027340669184923172,0.008501505479216576,0.012377127073705196,0.012396348640322685,0.016841478645801544,0.03283725306391716,0.031108029186725616,0.0017292238771915436,0.0010793920373544097,0.00270724855363369,0.0,-0.0006600096821784973,0.0008448697626590729,0.00652376189827919,0.009415809065103531,0.0008077807724475861,-0.000998072326183319,-0.007978945970535278,-0.009799286723136902,0.0,-0.006689026951789856,0.0029264353215694427,0.027340669184923172,0.016820605844259262,0.00718751922249794,-0.003952436149120331,-0.0550989955663681,-0.01920235902070999
14968,0.1,0,1,2.3929975032806396,4,0.019499540328979492,0.10751175880432129,8,0.00992131233215332,0.2008206844329834,0.17693927884101868,0.3066635727882385,0.1980222761631012,0.3594971001148224,0.30727529525756836,0.10234332084655762,0.20493197441101074,0.11836065351963043,0.2675606310367584,0.0,-0.016582489013671875,0.04102349281311035,0.0880122184753418,0.10751175880432129,0.020513296127319336,-0.04342389106750488,-0.08504080772399902,-0.09094500541687012,0.0,0.04084181785583496,0.050304412841796875,-0.21677088737487793,-0.2796444892883301,-0.05502772331237793,-0.06008338928222656,0.19089937210083008,0.2008206844329834
15016,0.1,0,1,0.47522616386413574,4,0.007373392581939697,0.030280590057373047,4,0.018899589776992798,0.06134289503097534,0.06675975024700165,0.0852794200181961,0.11783505976200104,0.14694418013095856,0.08875873684883118,0.08875873684883118,0.0,0.011560929007828236,0.03175676614046097,0.0,-0.012047618627548218,0.01917397975921631,0.02290719747543335,0.030280590057373047,0.01314324140548706,-0.029018163681030273,-0.03326821327209473,-0.0433880090713501,0.0,-0.04546469449996948,0.013029813766479492,0.04193553328514099,0.06134289503097534,0.042443305253982544,-0.020672857761383057,-0.06245452165603638,-0.09387671947479248
15032,0.1,1,1,3.495453357696533,8,0.03237605094909668,0.08271932601928711,5,0.016579866409301758,0.13818883895874023,0.13019058108329773,0.1975841373205185,0.24179133772850037,0.42824721336364746,0.22165679931640625,0.11762595176696777,0.10403084754943848,0.11711375415325165,0.28261321783065796,0.0,0.01690077781677246,-0.00448918342590332,-0.04362034797668457,-0.07179689407348633,-0.021141767501831055,0.002897024154663086,0.05034327507019043,0.08271932601928711,0.0,-0.14154267311096191,0.11793804168701172,0.12160897254943848,0.10150885581970215,0.13818883895874023,-0.17296934127807617,-0.1546611785888672,-0.1290595531463623
15048,0.1,2,7,1.219973087310791,4,0.012538433074951172,0.13834524154663086,6,0.08299493789672852,0.13283634185791016,0.11125447601079941,0.15661394596099854,0.1629074066877365,0.2267179936170578,0.2673684358596802,0.16063225269317627,0.1067361831665039,0.04251650348305702,0.1284538060426712,0.0,-0.033464670181274414,0.09850120544433594,0.1258068084716797,0.13834524154663086,0.03980743885040283,-0.11135411262512207,-0.13608229160308838,-0.14121997356414795,0.0,0.03890419006347656,-0.12227153778076172,-0.041805267333984375,0.021980643272399902,-0.04642796516418457,0.13283634185791016,0.04984140396118164,-0.013157844543457031
15049,0.1,2,1,0.7630193829536438,4,0.023394465446472168,0.08451896905899048,6,0.030086278915405273,0.07739704847335815,0.08434858173131943,0.11053251475095749,0.12283031642436981,0.17100577056407928,0.15895038843154907,0.0794948935508728,0.07945549488067627,0.023378798738121986,0.059043627232313156,0.0,-0.015236973762512207,0.05183589458465576,0.06112450361251831,0.08451896905899048,0.019467830657958984,-0.06442528963088989,-0.07021486759185791,-0.09242087602615356,0.0,0.028285741806030273,-0.07212620973587036,-0.04465097188949585,0.0004909038543701172,-0.03563070297241211,0.07739704847335815,0.04731076955795288,0.0033363699913024902
15189,0.1,3,1,0.08873504400253296,4,0.0007750988006591797,0.024080023169517517,8,0.0006995871663093567,0.018939658999443054,0.020084988325834274,0.02481471188366413,0.0169798843562603,0.027422232553362846,0.03656645864248276,0.01958189159631729,0.016984567046165466,0.0045140828005969524,0.0097166383638978,0.0,-0.007973156869411469,0.02085733413696289,0.023304924368858337,0.024080023169517517,0.00879739224910736,-0.03176238387823105,-0.03419969230890274,-0.03518214076757431,0.0,0.009304963052272797,-0.002994537353515625,-0.02922673523426056,-0.031811200082302094,-0.016320019960403442,-0.0009257197380065918,0.018240071833133698,0.018939658999443054
15392,0.1,2,1,0.7585780024528503,3,0.0005373954772949219,0.005623281002044678,8,0.044635117053985596,0.1208881139755249,0.11155588924884796,0.20868796110153198,0.19777695834636688,0.2710000276565552,0.12645292282104492,0.11901527643203735,0.007437646389007568,0.04266902804374695,0.1242981031537056,0.0,-0.0022885799407958984,0.005085885524749756,0.005623281002044678,0.0024404525756835938,0.00337827205657959,-0.004485130310058594,-0.005251049995422363,-0.0007387399673461914,0.0,0.07425087690353394,-0.03593498468399048,-0.07897865772247314,-0.14123636484146118,-0.10530966520309448,0.034726858139038086,0.0762529969215393,0.1208881139755249
15400,0.1,1,15,0.356149286031723,4,0.0005079209804534912,0.010081857442855835,6,0.01048201322555542,0.03789323568344116,0.027253523468971252,0.037049196660518646,0.0729321613907814,0.10361802577972412,0.05031058192253113,0.03495758771896362,0.015352994203567505,0.011334283277392387,0.02905331179499626,0.0,-0.0022556185722351074,1.996755599975586e-06,0.009573936462402344,0.010081857442855835,0.0026941001415252686,-0.0011482536792755127,-0.013133972883224487,-0.014435142278671265,0.0,0.023240089416503906,-0.04192245006561279,-0.04369500279426575,-0.04849359393119812,-0.03753510117530823,0.03789323568344116,0.027411222457885742,0.016762465238571167
15406,0.1,2,1,4.0263190269470215,3,0.03226351737976074,0.08236551284790039,3,0.06646323204040527,0.2785627841949463,0.1641489416360855,0.25149375200271606,0.258308470249176,0.43917468190193176,0.3394026756286621,0.3394026756286621,0.0,0.09586622565984726,0.18530292809009552,0.0,-0.006255626678466797,0.04106330871582031,0.08236551284790039,0.05010199546813965,0.012927055358886719,-0.0036568641662597656,-0.029288768768310547,0.005925655364990234,0.0,-0.1125025749206543,0.12066841125488281,0.2785627841949463,0.21209955215454102,0.13995862007141113,-0.14234638214111328,-0.2632560729980469,-0.19349336624145508
15454,0.1,1,1,1.7966251373291016,8,0.003240823745727539,0.036470890045166016,8,0.039344191551208496,0.3641681671142578,0.1061728447675705,0.16766665875911713,0.3091813623905182,0.4675064980983734,0.38387489318847656,0.3833698034286499,0.0005050897598266602,0.08373724669218063,0.22025690972805023,0.0,0.007637381553649902,-0.014984607696533203,-0.028935551643371582,-0.03178274631500244,-0.009127616882324219,0.016288280487060547,0.03323006629943848,0.036470890045166016,0.0,0.06918895244598389,0.3248239755630493,-0.3463575839996338,-0.47335314750671387,-0.10360574722290039,-0.4358201026916504,0.2830244302749634,0.3641681671142578
15716,0.1,2,10,4.042208671569824,8,0.004502296447753906,0.1621408462524414,7,0.004815101623535156,0.07549047470092773,0.20270244777202606,0.2845347821712494,0.3047989010810852,0.4194760322570801,0.2325127124786377,0.22947406768798828,0.003038644790649414,0.11401673406362534,0.24300222098827362,0.0,0.07098197937011719,-0.10913658142089844,-0.13680744171142578,-0.14263534545898438,-0.08379697799682617,0.12979340553283691,0.1576385498046875,0.1621408462524414,0.0,0.05919218063354492,-0.026468276977539062,-0.057874202728271484,-0.027970314025878906,-0.04598808288574219,0.07067537307739258,0.07549047470092773,0.04683089256286621
15732,0.1,1,1,0.10574769228696823,4,0.004662133753299713,0.012343078851699829,2,0.0025590136647224426,0.010035619139671326,0.02443116344511509,0.029987968504428864,0.028252560645341873,0.03711298108100891,0.02126011997461319,0.01661989837884903,0.00464022159576416,0.004373516887426376,0.011276046745479107,0.0,-0.004947051405906677,0.007295094430446625,0.007680945098400116,0.012343078851699829,0.0054982975125312805,-0.010235197842121124,-0.010709702968597412,-0.017281390726566315,0.0,-0.00754055380821228,0.010035619139671326,0.0032846778631210327,0.0028201714158058167,0.007476605474948883,-0.015526890754699707,-0.005441993474960327,-0.0048214346170425415
15783,0.1,0,1,0.023337453603744507,7,6.259791553020477e-05,0.0009811855852603912,7,8.158385753631592e-07,0.002767641097307205,0.003545975312590599,0.005344003904610872,0.005112792365252972,0.006892323959618807,0.0035475846379995346,0.0035475846379995346,0.0,0.0015263184905052185,0.0031303339637815952,0.0,0.0003643520176410675,-0.000793706625699997,-0.0008687600493431091,-0.0008492115885019302,-0.0004583969712257385,0.0009185876697301865,0.0009811855852603912,0.0009023845195770264,0.0,0.0017893686890602112,-0.0004933178424835205,-0.0036536380648612976,-0.0054543837904930115,-0.002827245742082596,0.000491579994559288,0.002767641097307205,0.002766825258731842
15787,0.1,1,10,0.19328220188617706,3,0.00030077993869781494,0.010041430592536926,6,0.004573911428451538,0.018963977694511414,0.017974115908145905,0.0237031951546669,0.05548129230737686,0.07637409120798111,0.028647109866142273,0.01903948187828064,0.009607627987861633,0.0061223567463457584,0.01686452142894268,0.0,-0.003606259822845459,0.007351607084274292,0.010041430592536926,0.009740650653839111,0.0034607350826263428,-0.014330953359603882,-0.017157599329948425,-0.01671193540096283,0.0,-0.0011725276708602905,-0.01976117491722107,0.01169520616531372,0.014390066266059875,0.0009112656116485596,0.018963977694511414,-0.01623380184173584,-0.018386200070381165
15801,0.1,1,10,0.3599914610385895,2,0.008463412523269653,0.03999188542366028,1,0.004994183778762817,0.031023889780044556,0.07812444865703583,0.1094062328338623,0.10303638130426407,0.14417874813079834,0.06807106733322144,0.018453001976013184,0.04961806535720825,0.026568571105599403,0.07083143293857574,0.0,-0.02085128426551819,0.03999188542366028,0.025675684213638306,0.031528472900390625,0.023358136415481567,-0.05421769618988037,-0.034468621015548706,-0.042482346296310425,0.0,0.031023889780044556,-0.024372994899749756,-0.024401336908340454,-0.02397829294204712,-0.044484108686447144,0.02602970600128174,0.025697946548461914,0.022659868001937866
15805,0.1,3,13,1.091897964477539,1,0.036405324935913086,0.08367323875427246,5,0.03902626037597656,0.06422019004821777,0.12036041915416718,0.18420779705047607,0.18593838810920715,0.28977805376052856,0.1407213807106018,0.07624173164367676,0.06447964906692505,0.05788072198629379,0.1348883956670761,0.0,0.08367323875427246,-0.04542970657348633,-0.036638617515563965,-0.04410052299499512,-0.13380873203277588,0.047267913818359375,0.037387847900390625,0.045092225074768066,0.0,-0.01669764518737793,-0.0037903785705566406,0.02519392967224121,0.022963523864746094,0.06422019004821777,0.006348609924316406,-0.02849125862121582,-0.02579641342163086
15854,0.1,2,1,1.3241941928863525,6,0.05701017379760742,0.07918250560760498,2,0.006927430629730225,0.40841513872146606,0.08429256826639175,0.13355523347854614,0.34257662296295166,0.5484027862548828,0.46642637252807617,0.37920820713043213,0.08721816539764404,0.06373953819274902,0.15888670086860657,0.0,0.02217233180999756,-0.08723235130310059,-0.02927398681640625,-0.027025222778320312,-0.03006768226623535,0.07918250560760498,0.021588563919067383,0.015343427658081055,0.0,-0.36159539222717285,0.40841513872146606,0.234458327293396,0.3177649974822998,0.40148770809173584,-0.5363531112670898,-0.2563776969909668,-0.33351874351501465
15859,0.1,2,2,1.8046135902404785,4,0.006205201148986816,0.02310657501220703,3,0.04098343849182129,0.2245877981185913,0.10410304367542267,0.18920522928237915,0.33834800124168396,0.5341550707817078,0.26032555103302,0.25448477268218994,0.005840778350830078,0.07670523226261139,0.15625351667404175,0.0,-0.008405804634094238,-0.0018175840377807617,0.016901373863220215,0.02310657501220703,0.006183624267578125,-0.0016062259674072266,-0.03865706920623779,-0.04595017433166504,0.0,-0.1381767988204956,0.030843019485473633,0.2245877981185913,0.18360435962677002,0.14737272262573242,-0.06090056896209717,-0.27510738372802734,-0.21854019165039062
15918,0.1,0,13,2.3371434211730957,7,0.0007238388061523438,0.18187904357910156,5,0.010924816131591797,0.07439851760864258,0.1944354921579361,0.29149389266967773,0.20929798483848572,0.28579646348953247,0.26046133041381836,0.1110372543334961,0.14942407608032227,0.13199110329151154,0.27039024233818054,0.0,0.1031942367553711,-0.17578697204589844,-0.18000078201293945,-0.18111419677734375,-0.13326406478881836,0.1783885955810547,0.18187904357910156,0.18115520477294922,0.0,-0.07649421691894531,0.0496826171875,0.04807424545288086,0.06347370147705078,0.07439851760864258,-0.06414914131164551,-0.06995487213134766,-0.09263992309570312
15938,0.1,0,0,3.0303149223327637,8,0.03238821029663086,0.11845922470092773,8,0.007282257080078125,0.13247251510620117,0.2867296636104584,0.3731767535209656,0.557399570941925,0.7273672223091125,0.24546575546264648,0.24546575546264648,0.0,0.12996557354927063,0.30476948618888855,0.0,0.006999015808105469,0.03263139724731445,-0.07753276824951172,-0.1287992000579834,-0.008495807647705078,-0.03823208808898926,0.08607101440429688,0.11845922470092773,0.0,0.01500844955444336,0.07145500183105469,-0.13364791870117188,-0.16371679306030273,-0.018030643463134766,-0.0865929126739502,0.12519025802612305,0.13247251510620117
16037,0.1,3,7,0.517042338848114,2,0.006435751914978027,0.03536498546600342,8,0.002982228994369507,0.02231144905090332,0.09314419329166412,0.13471508026123047,0.11149666458368301,0.16688477993011475,0.05679279565811157,0.05453014373779297,0.0022626519203186035,0.011770695447921753,0.0474080890417099,0.0,-0.02436894178390503,0.03536498546600342,0.02750992774963379,0.02614659070968628,0.02892923355102539,-0.04280954599380493,-0.03346949815750122,-0.03179067373275757,0.0,-0.00381392240524292,0.019329220056533813,-0.021670520305633545,-0.03693431615829468,-0.017806172370910645,-0.037698209285736084,0.012331783771514893,0.02231144905090332
16063,0.1,3,1,0.10478834062814713,5,0.0004162341356277466,0.008058175444602966,5,0.00975528359413147,0.034882791340351105,0.010461771860718727,0.0189503226429224,0.024321695789694786,0.035232190042734146,0.03967415541410446,0.03967415541410446,0.0,0.002905694069340825,0.007085550110787153,0.0,-0.007160931825637817,0.005442604422569275,0.006899826228618622,0.00764194130897522,0.008058175444602966,-0.0070965588092803955,-0.008891530334949493,-0.009874708950519562,0.0,-0.052457936108112335,0.015119291841983795,0.02218693494796753,0.025127507746219635,0.034882791340351105,-0.023807279765605927,-0.03541269153356552,-0.040856681764125824
16179,0.1,3,1,2.8678390979766846,6,0.012964725494384766,0.17580771446228027,1,0.15390729904174805,0.34482717514038086,0.17352695763111115,0.24382421374320984,0.1964627057313919,0.28541138768196106,0.5168366432189941,0.5042874813079834,0.012549161911010742,0.08568670600652695,0.17124292254447937,0.0,0.1628429889678955,-0.1533811092376709,-0.08794474601745605,-0.11785268783569336,-0.20413756370544434,0.17580771446228027,0.10387587547302246,0.13660526275634766,0.0,0.34482717514038086,-0.11187076568603516,-0.0947110652923584,-0.16379737854003906,-0.3855931758880615,0.13463544845581055,0.11357331275939941,0.1909198760986328
16210,0.1,1,2,0.25880610942840576,2,0.004196137189865112,0.009452849626541138,4,0.00610099732875824,0.03538602590560913,0.029915612190961838,0.04258793592453003,0.06854832917451859,0.09615514427423477,0.04417772591114044,0.0414750874042511,0.0027026385068893433,0.012628747150301933,0.033742018043994904,0.0,-0.003685861825942993,0.009452849626541138,0.0026456713676452637,0.005256712436676025,0.004138052463531494,-0.012664109468460083,-0.007181644439697266,-0.011768370866775513,0.0,-0.028438687324523926,0.02318936586380005,0.024852082133293152,0.03538602590560913,0.02928502857685089,-0.030987530946731567,-0.03393682837486267,-0.05275660753250122
16221,0.1,3,1,0.44539618492126465,5,0.020620614290237427,0.046625345945358276,8,0.0028354525566101074,0.054981499910354614,0.06055941432714462,0.08206474035978317,0.13942357897758484,0.1938055455684662,0.0981597900390625,0.03620564937591553,0.06195414066314697,0.024895915761590004,0.06492815166711807,0.0,-0.037318527698516846,0.02594923973083496,0.02539578080177307,0.02600473165512085,0.046625345945358276,-0.029661715030670166,-0.026997148990631104,-0.02739715576171875,0.0,0.05214604735374451,0.011226117610931396,-0.039182186126708984,-0.062155723571777344,-0.07474327087402344,-0.011014372110366821,0.03691098093986511,0.054981499910354614
16243,0.1,3,10,1.5045080184936523,3,0.008258223533630371,0.23501479625701904,2,0.04276883602142334,0.48259103298187256,0.17001554369926453,0.2508782148361206,0.5226397514343262,0.773709774017334,0.6848242282867432,0.6534223556518555,0.031401872634887695,0.205001562833786,0.34276455640792847,0.0,-0.1260828971862793,0.19451940059661865,0.23501479625701904,0.22675657272338867,0.15480613708496094,-0.20419776439666748,-0.24305903911590576,-0.23456144332885742,0.0,-0.36479783058166504,0.48259103298187256,0.31380438804626465,0.27246618270874023,0.4398221969604492,-0.5447864532470703,-0.33835291862487793,-0.28130483627319336
16311,0.1,3,1,0.106852687895298,6,0.00016216188669204712,0.0038746148347854614,8,0.0002915486693382263,0.024495087563991547,0.016780396923422813,0.02929152362048626,0.02442890778183937,0.03638777136802673,0.027214638888835907,0.02636757493019104,0.0008470639586448669,0.005019063595682383,0.01453159935772419,0.0,0.0025051161646842957,-0.003424808382987976,-0.003315478563308716,-0.0026746317744255066,-0.003255791962146759,0.0038746148347854614,0.0037124529480934143,0.0029295310378074646,0.0,0.02420353889465332,-0.011537335813045502,-0.023712314665317535,-0.028008215129375458,-0.038985855877399445,0.011886298656463623,0.02191309630870819,0.024495087563991547
16494,0.1,2,1,2.330545425415039,8,0.017448902130126953,0.11339879035949707,6,0.001990795135498047,0.1327979564666748,0.25370505452156067,0.33830758929252625,0.29336896538734436,0.42171159386634827,0.2512178421020508,0.2512178421020508,0.0,0.10545661300420761,0.22301390767097473,0.0,0.04458785057067871,-0.06905937194824219,-0.10472869873046875,-0.12710785865783691,-0.06131887435913086,0.05129265785217285,0.09594988822937012,0.11339879035949707,0.0,0.10355567932128906,-0.07677268981933594,-0.057402610778808594,-0.09295940399169922,-0.09445309638977051,0.1327979564666748,0.08845710754394531,0.13080716133117676
16521,0.1,3,12,0.3835659325122833,2,0.01129046082496643,0.019761234521865845,5,0.03632673621177673,0.14660954475402832,0.02270331233739853,0.03428591787815094,0.0662146657705307,0.12007932364940643,0.1585669219493866,0.1514863520860672,0.007080569863319397,0.016817767173051834,0.03886812925338745,0.0,-0.007659584283828735,0.019761234521865845,0.0069811344146728516,3.2961368560791016e-05,0.008470773696899414,-0.02697816491127014,-0.011196315288543701,-0.004086971282958984,0.0,-0.20339438319206238,0.11028280854225159,0.10854372382164001,0.10972225666046143,0.14660954475402832,-0.19319996237754822,-0.174384206533432,-0.1748664677143097
16560,0.1,3,1,3.2922301292419434,8,0.012125015258789062,0.10476851463317871,5,0.11318016052246094,0.2951536178588867,0.2532387673854828,0.3455943465232849,0.32628899812698364,0.49331122636795044,0.3816499710083008,0.22144842147827148,0.1602015495300293,0.08251307904720306,0.24955669045448303,0.0,0.07027554512023926,-0.07329440116882324,-0.0981745719909668,-0.1073451042175293,-0.0950322151184082,0.07771563529968262,0.09264349937438965,0.10476851463317871,0.0,-0.22943425178527832,0.12837457656860352,0.1253960132598877,0.18197345733642578,0.2951536178588867,-0.14980173110961914,-0.13866662979125977,-0.18749523162841797
16568,0.1,2,7,0.9646283388137817,7,0.0023245811462402344,0.06417703628540039,8,0.0061147212982177734,0.10350507497787476,0.10990899801254272,0.16707751154899597,0.1809825301170349,0.29323887825012207,0.16662615537643433,0.16220813989639282,0.004418015480041504,0.043222635984420776,0.10092056542634964,0.0,0.019780278205871582,-0.019318580627441406,-0.08127915859222412,-0.08107173442840576,-0.026537656784057617,0.00608372688293457,0.06417703628540039,0.061852455139160156,0.0,0.06119805574417114,-0.10244905948638916,-0.1261206865310669,-0.13879263401031494,-0.09251654148101807,0.04948115348815918,0.09739035367965698,0.10350507497787476
16590,0.1,1,2,1.3643898963928223,3,0.0004622936248779297,0.0379483699798584,2,0.029531002044677734,0.0988316535949707,0.09649898111820221,0.1606563925743103,0.25316134095191956,0.3338254392147064,0.1357865333557129,0.13247549533843994,0.0033110380172729492,0.0640828087925911,0.14735916256904602,0.0,-0.009990334510803223,0.03275465965270996,0.0379483699798584,0.03748607635498047,0.013258695602416992,-0.031560420989990234,-0.0310744047164917,-0.031856417655944824,0.0,-0.06478762626647949,0.0988316535949707,0.06930065155029297,0.05872845649719238,0.06813263893127441,-0.14466559886932373,-0.08884429931640625,-0.07124495506286621
16640,0.1,2,1,0.2127154916524887,4,0.000991538166999817,0.012048706412315369,5,0.005805209279060364,0.02852088212966919,0.03044872358441353,0.04763782396912575,0.04478491097688675,0.06303268671035767,0.03859034180641174,0.03761488199234009,0.0009754598140716553,0.01024775393307209,0.02976561151444912,0.0,-0.01003316044807434,0.007489487528800964,0.009637907147407532,0.012048706412315369,0.011057168245315552,-0.010008737444877625,-0.012966945767402649,-0.016219139099121094,0.0,-0.03506381809711456,0.014784902334213257,0.017098739743232727,0.022715672850608826,0.02852088212966919,-0.02108880877494812,-0.02450723946094513,-0.03210783004760742
183,0.2,3,1,1.6321645975112915,5,0.09788060188293457,0.20857226848602295,5,0.04728209972381592,0.18153071403503418,0.24613256752490997,0.4081534445285797,0.4772416055202484,0.7436612248420715,0.3766542673110962,0.3766542673110962,0.0,0.11825598776340485,0.3254934549331665,0.0,-0.14626741409301758,0.11069166660308838,0.10707676410675049,0.09937930107116699,0.20857226848602295,-0.16518962383270264,-0.15971362590789795,-0.1453918218612671,0.0,-0.21128010749816895,-0.011439919471740723,0.11870884895324707,0.13424861431121826,0.18153071403503418,-0.03355515003204346,-0.20721149444580078,-0.22967684268951416
223,0.2,0,2,2.742936611175537,7,0.015469551086425781,0.04108858108520508,3,0.06594395637512207,0.26413655281066895,0.32858437299728394,0.489484041929245,0.47397279739379883,0.7935143709182739,0.2967865467071533,0.2779366970062256,0.018849849700927734,0.1785290390253067,0.4623052179813385,0.0,0.0034041404724121094,-0.005141735076904297,0.004962444305419922,-0.0027456283569335938,-0.0046634674072265625,0.010497570037841797,0.04108858108520508,0.025619029998779297,0.0,-0.04924917221069336,0.004415750503540039,0.26413655281066895,0.19819259643554688,0.0718069076538086,-0.010368824005126953,-0.2407376766204834,-0.13953471183776855
261,0.2,2,14,2.460671901702881,7,0.02868366241455078,0.15367841720581055,2,0.10128045082092285,0.44023942947387695,0.2922433912754059,0.40772706270217896,0.5212492942810059,0.8644000887870789,0.5728940963745117,0.35730648040771484,0.21558761596679688,0.13880422711372375,0.285662442445755,0.0,0.04966425895690918,-0.08532285690307617,-0.12120771408081055,-0.09855866432189941,-0.07927393913269043,0.10536813735961914,0.15367841720581055,0.12499475479125977,0.0,-0.185394287109375,0.44023942947387695,0.07629013061523438,0.11673593521118164,0.3389589786529541,-0.4629645347595215,-0.03857827186584473,-0.05168724060058594
343,0.2,0,11,0.49045997858047485,1,0.003495514392852783,0.003495514392852783,5,0.03285861015319824,0.14593523740768433,0.06674450635910034,0.10457834601402283,0.21528880298137665,0.26479318737983704,0.14593523740768433,0.14571818709373474,0.00021705031394958496,0.03656565397977829,0.09840270131826401,0.0,0.003495514392852783,-0.019688904285430908,-0.021311402320861816,-0.024802565574645996,-0.013898193836212158,-0.002151787281036377,-0.009893655776977539,-0.0156477689743042,0.0,-0.18516546487808228,0.11307662725448608,0.06555688381195068,0.05031704902648926,0.14593523740768433,-0.27136915922164917,-0.14266306161880493,-0.10235589742660522
418,0.2,1,2,0.9915583729743958,8,0.005007803440093994,0.07609599828720093,3,0.033744752407073975,0.33961236476898193,0.11888346821069717,0.17692647874355316,0.37138116359710693,0.5670743584632874,0.3865184187889099,0.22509562969207764,0.16142278909683228,0.0777900367975235,0.1438697874546051,0.0,0.015182435512542725,-0.11696487665176392,-0.1407262682914734,-0.18992143869400024,-0.02807527780532837,0.06726425886154175,0.07108819484710693,0.07609599828720093,0.0,-0.12470108270645142,0.2489936351776123,0.33961236476898193,0.30586761236190796,0.19322264194488525,-0.307778537273407,-0.28381508588790894,-0.21424788236618042
448,0.2,0,1,1.5085278749465942,8,2.384185791015625e-07,0.10593509674072266,5,0.06778562068939209,0.13350427150726318,0.19546158611774445,0.3183940052986145,0.5462886095046997,0.6873990297317505,0.1960827112197876,0.06871449947357178,0.12736821174621582,0.14199179410934448,0.31398776173591614,0.0,0.04983103275299072,-0.1091994047164917,-0.1091994047164917,-0.1091991662979126,-0.0942997932434082,0.10593485832214355,0.10593485832214355,0.10593509674072266,0.0,-0.12221741676330566,0.0657186508178711,0.0657186508178711,0.06571853160858154,0.13350427150726318,-0.10595476627349854,-0.10595357418060303,-0.10595381259918213
463,0.2,0,1,4.855002403259277,8,0.055582523345947266,0.13107919692993164,7,0.05472612380981445,0.6442184448242188,0.3003043532371521,0.4444120526313782,0.7213947772979736,1.0756067037582397,0.7304487228393555,0.6888399124145508,0.04160881042480469,0.12193062156438828,0.36793357133865356,0.0,0.01513051986694336,-0.04390096664428711,-0.027223587036132812,-0.049906253814697266,-0.02054452896118164,0.07415103912353516,0.07549667358398438,0.13107919692993164,0.0,0.23474884033203125,-0.1815199851989746,-0.6398377418518066,-0.8158512115478516,-0.39161205291748047,0.2330617904663086,0.6442184448242188,0.5894923210144043
470,0.2,3,3,0.01924310252070427,2,7.834285497665405e-06,7.834285497665405e-06,2,0.0004299525171518326,0.0004299525171518326,0.0018410437041893601,0.0031691426411271095,0.0046015577390789986,0.007352457847446203,0.0005288124084472656,0.0005288124084472656,0.0,0.001217220677062869,0.0029936754144728184,0.0,-0.00022566504776477814,7.834285497665405e-06,-0.0002443697303533554,-0.00023139268159866333,-0.0005836989730596542,-0.0004115346819162369,-2.993643283843994e-05,-8.78162682056427e-05,0.0,-0.005009420216083527,0.0004299525171518326,-5.1451846957206726e-05,-0.0003060959279537201,-0.0026831477880477905,-0.0017648972570896149,-0.0007544290274381638,-0.0005270149558782578
534,0.2,3,2,0.4169468283653259,3,0.00033661723136901855,0.05469062924385071,2,0.05842864513397217,0.05842864513397217,0.08984831720590591,0.16403241455554962,0.11497242748737335,0.1772882640361786,0.11480924487113953,0.1133267879486084,0.001482456922531128,0.04755834862589836,0.1455727368593216,0.0,-0.05121856927871704,0.0535067617893219,0.05469062924385071,0.05435401201248169,0.053598105907440186,-0.10085296630859375,-0.11225444078445435,-0.11266964673995972,0.0,-0.04680556058883667,0.05842864513397217,-0.029193460941314697,-0.04182255268096924,-0.001212477684020996,-0.1491442322731018,-0.022011250257492065,-0.01150462031364441
535,0.2,3,1,0.5539936423301697,4,0.010959446430206299,0.11580073833465576,6,0.015783458948135376,0.2896721661090851,0.14304141700267792,0.19319486618041992,0.31955286860466003,0.39713332056999207,0.35599038004875183,0.21426907181739807,0.14172130823135376,0.037803299725055695,0.1289651095867157,0.0,-0.055957138538360596,0.08858001232147217,0.09411501884460449,0.11580073833465576,0.10484129190444946,-0.08568793535232544,-0.09975224733352661,-0.12832587957382202,0.0,0.27335211634635925,-0.4260464310646057,-0.4335607886314392,-0.2944852113723755,-0.7896556258201599,0.2896721661090851,0.2738887071609497,0.19672155380249023
621,0.2,0,1,9.486004829406738,8,0.06325340270996094,0.6670360565185547,8,0.0262451171875,0.2177581787109375,0.8736568689346313,1.1074683666229248,0.8512046933174133,1.2434370517730713,0.8735218048095703,0.8735218048095703,0.0,0.31884294748306274,0.6926724910736084,0.0,0.21390342712402344,-0.30957889556884766,-0.37943077087402344,-0.42992496490478516,-0.2873859405517578,0.5065898895263672,0.6037826538085938,0.6670360565185547,0.0,0.1852712631225586,-0.11498355865478516,-0.09497451782226562,-0.12021255493164062,-0.21116924285888672,0.1915130615234375,0.1707010269165039,0.2177581787109375
708,0.2,0,9,0.5675647854804993,4,0.011879801750183105,0.06893128156661987,4,0.023958951234817505,0.09714287519454956,0.10451104491949081,0.12641429901123047,0.08187030255794525,0.09190243482589722,0.14061924815177917,0.14061924815177917,0.0,0.023439427837729454,0.05185471475124359,0.0,-0.010800063610076904,-0.00567394495010376,0.05705147981643677,0.06893128156661987,0.013530731201171875,7.94529914855957e-05,-0.10913228988647461,-0.11904221773147583,0.0,-0.04300791025161743,0.01226264238357544,0.07318392395973206,0.09714287519454956,0.046410977840423584,-0.03525358438491821,-0.18149513006210327,-0.20998406410217285
733,0.2,0,1,0.37455037236213684,6,0.013405025005340576,0.027315914630889893,5,0.014798194169998169,0.10473522543907166,0.08713318407535553,0.1144338995218277,0.17689105868339539,0.22595539689064026,0.1253690868616104,0.08902198076248169,0.03634710609912872,0.014240575022995472,0.041174501180648804,0.0,0.00972139835357666,-0.025637835264205933,-0.01413390040397644,-0.008290886878967285,-0.01901876926422119,0.027315914630889893,0.013910889625549316,0.0035926401615142822,0.0,-0.1631600558757782,0.07041499018669128,0.06989246606826782,0.08993703126907349,0.10473522543907166,-0.19403591752052307,-0.15532955527305603,-0.20277073979377747
745,0.2,0,1,0.6186156868934631,6,0.010141193866729736,0.01317816972732544,8,0.023547112941741943,0.040927231311798096,0.11446709930896759,0.1690124124288559,0.29223769903182983,0.3809276223182678,0.04998576641082764,0.03255945444107056,0.01742631196975708,0.032651595771312714,0.07609301060438156,0.0,0.003036975860595703,-0.0150834321975708,-0.003964662551879883,-0.005771994590759277,-0.008927881717681885,0.01317816972732544,-0.0026959776878356934,-0.0028653740882873535,0.0,0.0016742944717407227,0.017380118370056152,-0.003899812698364258,-0.03326064348220825,0.0023030638694763184,-0.021427690982818604,0.007513165473937988,0.040927231311798096
767,0.2,2,1,1.7457557916641235,8,0.004532337188720703,0.13357234001159668,6,0.2666172981262207,0.37922418117523193,0.255802720785141,0.4078962206840515,0.4222390651702881,0.706972599029541,0.47277021408081055,0.4709116220474243,0.0018585920333862305,0.1931338757276535,0.538299560546875,0.0,0.03627443313598633,-0.1093970537185669,-0.191400408744812,-0.21218812465667725,-0.0649336576461792,0.12063539028167725,0.12904000282287598,0.13357234001159668,0.0,0.10587060451507568,-0.4275134801864624,-0.08554041385650635,-0.19436407089233398,-0.1925046443939209,0.37922418117523193,0.0384058952331543,0.11260688304901123
808,0.2,0,2,0.7964621186256409,4,0.004186272621154785,0.03357487916946411,4,0.039548397064208984,0.25396913290023804,0.1352194845676422,0.22206319868564606,0.35091736912727356,0.46430572867393494,0.28874891996383667,0.28874891996383667,0.0,0.06487320363521576,0.15571948885917664,0.0,-0.008058369159698486,-0.0007331967353820801,0.029388606548309326,0.03357487916946411,0.012012839317321777,0.0011400580406188965,-0.04053020477294922,-0.04483902454376221,0.0,-0.1661272644996643,0.14269250631332397,0.14198505878448486,0.25396913290023804,0.21442073583602905,-0.2189895510673523,-0.19445431232452393,-0.33180099725723267
969,0.2,3,1,2.4451982975006104,7,0.002403736114501953,0.09673452377319336,6,0.1303112506866455,0.252918004989624,0.18607769906520844,0.2824956178665161,0.5366876125335693,0.7359991669654846,0.34551525115966797,0.19435572624206543,0.15115952491760254,0.1770349144935608,0.3851358890533447,0.0,0.018463850021362305,0.044135332107543945,-0.07985043525695801,-0.08355498313903809,-0.027645111083984375,-0.057715654373168945,0.09673452377319336,0.0943307876586914,0.0,0.12260675430297852,-0.19457721710205078,-0.03781318664550781,-0.05255293846130371,-0.18976712226867676,0.252918004989624,0.034986257553100586,0.04556632041931152
1119,0.2,0,5,1.9082255363464355,4,0.03906536102294922,0.2150135040283203,6,0.06988525390625,0.21555304527282715,0.2639467120170593,0.36924782395362854,0.2922179102897644,0.42166534066200256,0.43625879287719727,0.335696816444397,0.10056197643280029,0.15212246775627136,0.33948591351509094,0.0,-0.022916078567504883,0.08048892021179199,0.1759481430053711,0.2150135040283203,0.049985647201538086,-0.018444418907165527,-0.07778072357177734,-0.09108233451843262,0.0,0.014597177505493164,-0.15630650520324707,0.14566779136657715,0.13303840160369873,-0.015956640243530273,0.21555304527282715,-0.17351102828979492,-0.1066133975982666
1143,0.2,3,7,1.6798052787780762,6,0.03602170944213867,0.1416785717010498,3,0.01030588150024414,0.20974135398864746,0.2157789170742035,0.3074208199977875,0.34804004430770874,0.493426650762558,0.32793736457824707,0.17333495616912842,0.15460240840911865,0.061020344495773315,0.18798892199993134,0.0,0.06811285018920898,-0.13579058647155762,-0.09920859336853027,-0.10912895202636719,-0.11351609230041504,0.1416785717010498,0.09824788570404053,0.10565686225891113,0.0,-0.12276363372802734,-0.10010874271392822,0.20974135398864746,0.19943547248840332,0.09976553916931152,0.06203114986419678,-0.31653857231140137,-0.2801464796066284
1181,0.2,0,1,6.344054222106934,8,0.05566692352294922,0.2137904167175293,4,0.12824296951293945,1.0053811073303223,0.6901686787605286,0.8424373865127563,0.7861224412918091,1.019365668296814,1.1069226264953613,1.0667901039123535,0.04013252258300781,0.10803713649511337,0.39821237325668335,0.0,-0.0006031990051269531,0.10515499114990234,0.0487523078918457,-0.012619495391845703,0.010622978210449219,-0.05737733840942383,0.15812349319458008,0.2137904167175293,0.0,-0.2582674026489258,0.22239351272583008,0.8771381378173828,1.0053811073303223,0.41457080841064453,-0.33209943771362305,-0.861851692199707,-0.6001410484313965
1188,0.2,3,1,0.9779589176177979,8,0.0028119683265686035,0.013562202453613281,8,0.010947883129119873,0.10004782676696777,0.23714514076709747,0.3357209861278534,0.4105755686759949,0.5650823712348938,0.10813450813293457,0.10813450813293457,0.0,0.06617026031017303,0.14775915443897247,0.0,0.0007742643356323242,0.003917992115020752,-0.018890380859375,-0.02213740348815918,-0.027474045753479004,-0.017587900161743164,0.010750234127044678,0.013562202453613281,0.0,-0.022175312042236328,0.0890999436378479,-0.07324457168579102,-0.10702478885650635,-0.12474536895751953,-0.16494417190551758,0.06975579261779785,0.10004782676696777
1237,0.2,3,1,6.685985088348389,8,0.02804088592529297,0.4427628517150879,8,0.10124778747558594,0.7019124031066895,0.6235935091972351,0.7750416398048401,1.044697880744934,1.3224830627441406,1.0942459106445312,1.0942459106445312,0.0,0.08469577133655548,0.42228060960769653,0.0,0.16890668869018555,-0.21181011199951172,-0.2703118324279785,-0.2917752265930176,-0.22657346725463867,0.3589487075805664,0.4147219657897949,0.4427628517150879,0.0,0.4180130958557129,-0.07688617706298828,-0.4048733711242676,-0.5397701263427734,-0.47936534881591797,0.19453668594360352,0.6006646156311035,0.7019124031066895
1260,0.2,0,3,0.027032747864723206,4,0.0004774555563926697,0.002414245158433914,6,0.0006048958748579025,0.0038132742047309875,0.005353693384677172,0.007061355281621218,0.008596083149313927,0.013016789220273495,0.00602533295750618,0.0017891563475131989,0.004236176609992981,0.0023668911308050156,0.006410519126802683,0.0,-0.0009645558893680573,0.001394025981426239,0.0019367896020412445,0.002414245158433914,0.0012504234910011292,-0.0026200003921985626,-0.0036833062767982483,-0.004709567874670029,0.0,0.0026682987809181213,-0.005542676895856857,-0.005341649055480957,-0.006278008222579956,-0.008482720702886581,0.0038132742047309875,0.003208378329873085,0.0026934295892715454
1412,0.2,1,1,0.6595050096511841,6,0.03406810760498047,0.0970691442489624,6,0.14544671773910522,0.21032017469406128,0.14321312308311462,0.17045903205871582,0.3207949101924896,0.44077128171920776,0.2671240270137787,0.2671240270137787,0.0,0.03477754071354866,0.11964364349842072,0.0,0.025817930698394775,-0.11204266548156738,-0.08170056343078613,-0.09995847940444946,-0.046995699405670166,0.0970691442489624,0.054295480251312256,0.06300103664398193,0.0,0.06487345695495605,-0.22846752405166626,-0.055840373039245605,0.03119969367980957,-0.11236083507537842,0.21032017469406128,0.05545133352279663,-0.04443001747131348
1500,0.2,0,3,0.03362836688756943,4,0.000733720138669014,0.005940381437540054,4,0.0009296480566263199,0.007454143837094307,0.006658765487372875,0.008747387677431107,0.011048511601984501,0.015273314900696278,0.012097083032131195,0.012097083032131195,0.0,0.002797796856611967,0.006167756859213114,0.0,-0.00041522085666656494,0.0003169216215610504,0.00520666129887104,0.005940381437540054,0.0005950704216957092,-0.0006106123328208923,-0.011716123670339584,-0.009068775922060013,0.0,-0.00081610307097435,-0.00281500443816185,0.006524495780467987,0.007454143837094307,0.0009522140026092529,0.0036519840359687805,-0.018399111926555634,-0.010955728590488434
1517,0.2,0,1,0.08350946009159088,4,0.0003628358244895935,0.003449767827987671,5,0.00440080463886261,0.041354238986968994,0.020018894225358963,0.02676480822265148,0.04038224741816521,0.05244925245642662,0.04366668313741684,0.04332869127392769,0.000337991863489151,0.0043334076181054115,0.010747781954705715,0.0,-0.0022570714354515076,0.0030869320034980774,0.002901606261730194,0.003449767827987671,0.0030804425477981567,-0.005369134247303009,-0.005417346954345703,-0.0069151148200035095,0.0,-0.054936766624450684,0.005263291299343109,0.028047308325767517,0.036953434348106384,0.041354238986968994,-0.010536432266235352,-0.06882646679878235,-0.1122204065322876
1593,0.2,2,1,0.014979851432144642,4,0.00021589547395706177,0.002501595765352249,4,0.0005255592986941338,0.0030036093667149544,0.0037691667675971985,0.004772717133164406,0.00443005096167326,0.007271217182278633,0.004753380082547665,0.004753380082547665,0.0,0.0010888873366639018,0.002693385584279895,0.0,-0.001722957007586956,0.002009248360991478,0.0022857002913951874,0.002501595765352249,0.001957944594323635,-0.00442765187472105,-0.005429488606750965,-0.005969780497252941,0.0,-0.0030931951478123665,0.0004532923921942711,0.0020607905462384224,0.0030036093667149544,0.0024780500680208206,-0.0021255770698189735,-0.0047736698761582375,-0.00677261408418417
1870,0.2,3,17,0.48163145780563354,6,0.005707383155822754,0.014697909355163574,5,0.01544603705406189,0.08137646317481995,0.09042935073375702,0.14688947796821594,0.10838416963815689,0.1929251104593277,0.09289652109146118,0.06803759932518005,0.024858921766281128,0.025664042681455612,0.06565660983324051,0.0,0.007692277431488037,-0.011584609746932983,-0.006851494312286377,-0.007392019033432007,-0.012707948684692383,0.014697909355163574,0.008567333221435547,0.00899052619934082,0.0,-0.12372779846191406,0.06593042612075806,0.03588443994522095,0.023827821016311646,0.08137646317481995,-0.1385098099708557,-0.07578712701797485,-0.06051790714263916
1887,0.2,1,1,2.440609931945801,2,0.04494142532348633,0.21802663803100586,5,0.14600610733032227,0.3140082359313965,0.2713805139064789,0.39279913902282715,0.3188641667366028,0.5443342924118042,0.5150983333587646,0.4714776277542114,0.04362070560455322,0.1250039041042328,0.2965001165866852,0.0,-0.10850381851196289,0.21802663803100586,0.1618657112121582,0.1730039119720459,0.17308521270751953,-0.2707092761993408,-0.19116973876953125,-0.19446253776550293,0.0,-0.2262437343597412,0.16800212860107422,0.09527325630187988,0.13989830017089844,0.3140082359313965,-0.22997069358825684,-0.13336873054504395,-0.18822193145751953
1899,0.2,2,1,1.3964024782180786,6,0.006666064262390137,0.2625899314880371,2,0.31908100843429565,0.49238020181655884,0.32063329219818115,0.41997623443603516,0.37661129236221313,0.5514612793922424,0.5826504826545715,0.2548367977142334,0.32781368494033813,0.08133891224861145,0.3374621272087097,0.0,0.12754130363464355,-0.5732309818267822,-0.508509635925293,-0.5379642248153687,-0.27675068378448486,0.2625899314880371,0.255923867225647,0.25578761100769043,0.0,-0.10989809036254883,0.49238020181655884,0.024828076362609863,-0.10841023921966553,0.17329919338226318,-0.5915912389755249,-0.049112677574157715,0.05561244487762451
1918,0.2,2,1,7.2744059562683105,8,0.016153812408447266,0.7292933464050293,6,0.08524131774902344,0.5938749313354492,0.8283012509346008,1.0016356706619263,0.941523551940918,1.4940286874771118,1.2572221755981445,1.209169864654541,0.048052310943603516,0.23641261458396912,0.5169017314910889,0.0,0.38208818435668945,-0.4637937545776367,-0.513221263885498,-0.5295696258544922,-0.5091309547424316,0.6701669692993164,0.713139533996582,0.7292933464050293,0.0,0.5086336135864258,-0.4685664176940918,-0.3562479019165039,-0.2435145378112793,-0.630190372467041,0.5938749313354492,0.47900390625,0.3483099937438965
2049,0.2,1,10,0.9843238592147827,4,0.003315150737762451,0.38392096757888794,2,0.0656176209449768,0.1574135422706604,0.2590281367301941,0.34398001432418823,0.6169151067733765,0.7448986172676086,0.5075324773788452,0.42809319496154785,0.07943928241729736,0.12827466428279877,0.24879653751850128,0.0,-0.10765016078948975,0.2915399670600891,0.3806058168411255,0.38392096757888794,0.16443729400634766,-0.2778524160385132,-0.34041059017181396,-0.31854045391082764,0.0,-0.0809410810470581,0.1574135422706604,0.012341737747192383,0.03883880376815796,0.0917959213256836,-0.2986869812011719,-0.0719367265701294,-0.09406983852386475
2181,0.2,3,0,2.3837671279907227,4,0.032958984375,0.28051185607910156,4,0.08605217933654785,0.22653818130493164,0.36947470903396606,0.4309142827987671,0.6200470328330994,0.854112982749939,0.47896289825439453,0.47896289825439453,0.0,0.13114790618419647,0.38860899209976196,0.0,-0.09563207626342773,0.1641073226928711,0.24755287170410156,0.28051185607910156,0.14676523208618164,-0.1841578483581543,-0.24065899848937988,-0.25490236282348633,0.0,-0.1522364616394043,0.057618141174316406,0.12048006057739258,0.22653818130493164,0.1404860019683838,-0.17354249954223633,-0.16631507873535156,-0.25150108337402344
2184,0.2,0,1,0.23590077459812164,4,0.007762014865875244,0.025882184505462646,8,0.023308277130126953,0.049566805362701416,0.06603718549013138,0.08165539801120758,0.08954963833093643,0.1092609167098999,0.06223677098751068,0.03387157618999481,0.02836519479751587,0.012221391312777996,0.03955383598804474,0.0,-0.01558162271976471,0.018120169639587402,0.01756066083908081,0.025882184505462646,0.014854833483695984,-0.06560944020748138,-0.07336829602718353,-0.09496466815471649,0.0,0.0012318938970565796,0.015523463487625122,-0.0278426855802536,-0.08998285233974457,-0.007565096020698547,-0.028883054852485657,0.026258528232574463,0.049566805362701416
2248,0.2,3,14,0.8315430879592896,8,0.014002501964569092,0.048437654972076416,6,0.06679224967956543,0.15000665187835693,0.07228809595108032,0.11477243900299072,0.28376325964927673,0.3762918710708618,0.18054324388504028,0.12013953924179077,0.06040370464324951,0.06357061862945557,0.12055869400501251,0.0,0.012377560138702393,0.0020751953125,-0.031170964241027832,-0.0470118522644043,-0.02406245470046997,-0.010080218315124512,0.034435153007507324,0.048437654972076416,0.0,0.0832144021987915,-0.15923500061035156,-0.013489246368408203,-0.03663814067840576,-0.26483213901519775,0.15000665187835693,-0.009179890155792236,0.006171584129333496
2306,0.2,1,1,0.2709270417690277,6,0.012405216693878174,0.025594770908355713,4,0.008285149931907654,0.1668817400932312,0.06986841559410095,0.1268555074930191,0.11620114743709564,0.17866747081279755,0.1761617660522461,0.17524172365665436,0.0009200423955917358,0.0227376539260149,0.05138494819402695,0.0,0.0014262497425079346,-0.02216818928718567,-3.299117088317871e-05,0.013189554214477539,-0.0027869045734405518,0.025594770908355713,-0.007863104343414307,-0.026713967323303223,0.0,-0.125271737575531,0.13649332523345947,0.15859659016132355,0.1668817400932312,0.13153432309627533,-0.2657051980495453,-0.30345919728279114,-0.24320951104164124
2376,0.2,2,6,1.0257463455200195,4,0.00434345006942749,0.2122167944908142,6,0.15758603811264038,0.20047396421432495,0.2327781468629837,0.32393503189086914,0.43765920400619507,0.5733804702758789,0.4066447615623474,0.2010788917541504,0.20556586980819702,0.11387985944747925,0.22410127520561218,0.0,-0.05152535438537598,0.07295352220535278,0.20787334442138672,0.2122167944908142,0.07695657014846802,-0.0802466869354248,-0.20459401607513428,-0.1931016445159912,0.0,0.04288792610168457,-0.2051701545715332,-0.019591450691223145,-0.015835165977478027,-0.08231139183044434,0.20047396421432495,-0.002021312713623047,-0.00991201400756836
2381,0.2,1,1,0.340032696723938,2,0.015072643756866455,0.09100556373596191,8,0.02237340807914734,0.13666364550590515,0.08993856608867645,0.12839359045028687,0.15415140986442566,0.20080293715000153,0.2044810801744461,0.04067939519882202,0.16380168497562408,0.016988378018140793,0.03889690339565277,0.0,-0.028997331857681274,0.09100556373596191,0.06769615411758423,0.07593291997909546,0.03972545266151428,-0.16894066333770752,-0.1305801272392273,-0.1420084536075592,0.0,0.07068005204200745,-0.14449793100357056,-0.22201377153396606,-0.28538405895233154,-0.1844029426574707,0.043101608753204346,0.11429023742675781,0.13666364550590515
2391,0.2,2,1,0.6595622897148132,4,0.0031210780143737793,0.14419645071029663,6,0.019690752029418945,0.08345741033554077,0.1332862675189972,0.193791925907135,0.2868947982788086,0.42606112360954285,0.22108113765716553,0.19896674156188965,0.02211439609527588,0.04197045415639877,0.0938459187746048,0.0,-0.05587738752365112,0.10509103536605835,0.14107537269592285,0.14419645071029663,0.0792076587677002,-0.13901036977767944,-0.18876397609710693,-0.18056994676589966,0.0,-0.006605386734008789,-0.1918972134590149,0.06376665830612183,0.018088996410369873,-0.051641643047332764,0.08345741033554077,-0.11591571569442749,-0.07132524251937866
2494,0.2,2,1,5.863447189331055,8,0.08255958557128906,0.3256874084472656,5,0.2787795066833496,0.6615581512451172,0.5012744665145874,0.7227904796600342,0.9232091903686523,1.2508407831192017,0.9898490905761719,0.5388398170471191,0.45100927352905273,0.22538824379444122,0.5056777000427246,0.0,0.08858394622802734,-0.05124187469482422,-0.17784881591796875,-0.2501649856567383,-0.1254415512084961,0.11670875549316406,0.24312782287597656,0.3256874084472656,0.0,-0.3714137077331543,0.3827786445617676,0.14094877243041992,0.3334074020385742,0.6615581512451172,-0.49954748153686523,-0.15521812438964844,-0.30425357818603516
2592,0.2,3,9,1.1337931156158447,6,0.008378863334655762,0.07150697708129883,2,0.028722047805786133,0.14121150970458984,0.11759109795093536,0.14583584666252136,0.25573262572288513,0.4045529365539551,0.20992350578308105,0.086509108543396,0.12341439723968506,0.03290387615561485,0.10023579001426697,0.0,0.031281352043151855,-0.06068897247314453,-0.042092084884643555,-0.061685919761657715,-0.050538063049316406,0.07150697708129883,0.04474949836730957,0.06312811374664307,0.0,-0.18818926811218262,0.14121150970458984,0.06674456596374512,0.02177107334136963,0.11248946189880371,-0.28792905807495117,-0.19384169578552246,-0.14182782173156738
2682,0.2,0,1,0.01635444350540638,2,8.21426510810852e-06,0.0007069520652294159,7,0.00020147673785686493,0.0006709229201078415,0.0031219585798680782,0.005357076413929462,0.004937512334436178,0.0073045105673372746,0.0013203378766775131,0.0011521922424435616,0.00016814563423395157,0.00121105439029634,0.003194449469447136,0.0,-0.0005067363381385803,0.0007069520652294159,0.00035540759563446045,0.0003564637154340744,0.0006987378001213074,-0.0012335646897554398,-0.0005765948444604874,-0.0005907770246267319,0.0,-0.0008371137082576752,0.00046944618225097656,-0.0007916484028100967,-0.0002328827977180481,-0.0010031405836343765,-0.001455150544643402,0.0006709229201078415,-0.0005084946751594543
2695,0.2,1,1,0.2000252902507782,2,0.006602749228477478,0.03950914740562439,8,0.0046500712633132935,0.027365341782569885,0.04097537323832512,0.060363609343767166,0.06700993329286575,0.09767062216997147,0.06404311954975128,0.02743956446647644,0.03660355508327484,0.008307871408760548,0.019059130921959877,0.0,-0.02193930745124817,0.03950914740562439,0.028598949313163757,0.03290639817714691,0.026877164840698242,-0.08224821090698242,-0.05539312958717346,-0.06382319331169128,0.0,0.01554793119430542,-0.013035908341407776,-0.020233049988746643,-0.03231748938560486,-0.027536019682884216,0.01066349446773529,0.022715270519256592,0.027365341782569885
2828,0.2,1,1,0.01584932766854763,5,6.6438689827919e-05,0.0022086836397647858,6,0.00044874101877212524,0.0013875076547265053,0.004497143439948559,0.005389081314206123,0.0046096071600914,0.006861104629933834,0.003507649526000023,0.002860838547348976,0.0006468109786510468,0.0009865059982985258,0.002526736818253994,0.0,-0.0017571859061717987,0.0021422449499368668,0.002017493359744549,0.0018958142027258873,0.0022086836397647858,-0.004113733768463135,-0.0037885941565036774,-0.0035130437463521957,0.0,-0.0007056370377540588,-0.0019336845725774765,0.00093876663595438,0.0009257309138774872,-0.0006465408951044083,0.0013875076547265053,-0.002083921805024147,-0.002482770010828972
2832,0.2,2,1,0.21792690455913544,4,0.0019223392009735107,0.00994051992893219,7,0.007226631045341492,0.07430146634578705,0.045041248202323914,0.07923449575901031,0.09649397432804108,0.13200299441814423,0.08103384077548981,0.061152562499046326,0.01988127827644348,0.011703292839229107,0.04295561835169792,0.0,-0.0026950091123580933,-0.0015931874513626099,0.00801818072795868,0.00994051992893219,0.0033075660467147827,-0.003977909684181213,-0.017641708254814148,-0.021639689803123474,0.0,0.032534122467041016,-0.01547318696975708,-0.07699660956859589,-0.07054872810840607,-0.054920658469200134,0.02398952841758728,0.07430146634578705,0.06707483530044556
2897,0.2,0,1,0.4200713634490967,4,0.0022255778312683105,0.008475154638290405,3,0.00046515464782714844,0.012442260980606079,0.07676911354064941,0.0955345407128334,0.16938352584838867,0.20914068818092346,0.02239665389060974,0.02094358205795288,0.0014530718326568604,0.01818929985165596,0.05124807357788086,0.0,-0.00279197096824646,0.0025344491004943848,0.006249576807022095,0.008475154638290405,0.0035296380519866943,-0.007688373327255249,-0.014528900384902954,-0.02258014678955078,0.0,-0.010817795991897583,0.0005894601345062256,0.012442260980606079,0.01197710633277893,0.009041965007781982,-0.006069779396057129,-0.026417195796966553,-0.023265540599822998
3016,0.2,2,1,4.458208084106445,6,0.08763360977172852,0.2043752670288086,6,0.2966129779815674,0.9294021129608154,0.319074809551239,0.5520029067993164,0.6001450419425964,0.9185299873352051,1.1072807312011719,1.1072807312011719,0.0,0.12204339355230331,0.32103317975997925,0.0,0.05414628982543945,-0.10472440719604492,-0.03171348571777344,-0.025984764099121094,-0.051865577697753906,0.2043752670288086,0.10991382598876953,0.11674165725708008,0.0,0.632789134979248,-0.6843914985656738,-0.44148874282836914,-0.41288328170776367,-0.8491601943969727,0.9294021129608154,0.5915980339050293,0.5356605052947998
3018,0.2,0,1,0.2508339285850525,5,0.004471808671951294,0.03384636342525482,4,8.940696716308594e-08,0.00011587142944335938,0.07663314044475555,0.09915471822023392,0.10062915086746216,0.1437079906463623,0.03414081037044525,0.028702735900878906,0.005438074469566345,0.018210064619779587,0.03578086942434311,0.0,-0.028141111135482788,0.029374554753303528,0.029374554753303528,0.029374554753303528,0.03384636342525482,-0.054262250661849976,-0.054262250661849976,-0.05426234006881714,0.0,-0.006351679563522339,0.00011578202247619629,0.00011578202247619629,0.00011587142944335938,-0.005642950534820557,-0.004061251878738403,-0.00406116247177124,-0.004061251878738403
3033,0.2,0,2,0.6647891998291016,2,0.05727022886276245,0.16191452741622925,3,0.04520481824874878,0.31740015745162964,0.18727576732635498,0.26271823048591614,0.3499068021774292,0.40985918045043945,0.38282668590545654,0.3582207262516022,0.02460595965385437,0.05003254488110542,0.14844022691249847,0.0,-0.02482759952545166,0.16191452741622925,0.1046442985534668,0.06830775737762451,0.03570979833602905,-0.279602587223053,-0.11112654209136963,-0.06418073177337646,0.0,-0.1032787561416626,0.07276982069015503,0.31740015745162964,0.27219533920288086,0.13780641555786133,-0.1260068416595459,-0.34200239181518555,-0.2424384355545044
3112,0.2,1,1,1.1907507181167603,4,0.06374359130859375,0.1165241003036499,4,0.05516922473907471,0.22864484786987305,0.23597030341625214,0.31381818652153015,0.39910101890563965,0.5456751585006714,0.324571430683136,0.324571430683136,0.0,0.051137179136276245,0.1474938690662384,0.0,-0.015070557594299316,0.004948258399963379,0.05278050899505615,0.1165241003036499,0.026598572731018066,-0.0003566741943359375,-0.07101595401763916,-0.15001177787780762,0.0,-0.12501418590545654,0.04993844032287598,0.17347562313079834,0.22864484786987305,0.1510605812072754,-0.09750747680664062,-0.24991333484649658,-0.26748478412628174
3139,0.2,3,1,3.204935073852539,8,0.020504236221313477,0.3684873580932617,5,0.11654424667358398,0.6897845268249512,0.5045444965362549,0.6793274283409119,0.6487566828727722,0.8857868313789368,0.9906227588653564,0.470625638961792,0.5199971199035645,0.1452065259218216,0.3673968017101288,0.0,0.1511380672454834,-0.23925209045410156,-0.31754541397094727,-0.34720635414123535,-0.24525928497314453,0.27591514587402344,0.34798312187194824,0.3684873580932617,0.0,-0.3971116542816162,0.5732402801513672,0.3592348098754883,0.3435525894165039,0.6897845268249512,-0.6311039924621582,-0.40029287338256836,-0.3571157455444336
3151,0.2,2,2,4.413458824157715,8,0.03781771659851074,0.5512728691101074,6,0.1493854522705078,0.3174619674682617,0.46409687399864197,0.5870245099067688,0.391096293926239,0.5944739580154419,0.7699320316314697,0.710284948348999,0.0596470832824707,0.19536414742469788,0.45603030920028687,0.0,0.16479778289794922,-0.332733154296875,-0.43532419204711914,-0.4880557060241699,-0.24588251113891602,0.4379904270172119,0.5134551525115967,0.5512728691101074,0.0,0.15081167221069336,-0.3104062080383301,-0.15305042266845703,-0.18187856674194336,-0.20786714553833008,0.3174619674682617,0.16636085510253906,0.1680765151977539
3193,0.2,0,6,0.9391099810600281,6,2.980232238769531e-07,0.08829730749130249,1,0.023904800415039062,0.08967775106430054,0.14098569750785828,0.19316034018993378,0.3663657605648041,0.508307695388794,0.17679673433303833,0.1544150710105896,0.02238166332244873,0.03793870285153389,0.10090778768062592,0.0,0.04954075813293457,-0.09709745645523071,-0.09709745645523071,-0.09709733724594116,-0.09550267457962036,0.08829730749130249,0.08829700946807861,0.08829700946807861,0.0,0.08967775106430054,-0.044373393058776855,-0.04437333345413208,-0.04437309503555298,-0.13229280710220337,0.06577295064926147,0.06577283143997192,0.06577295064926147
3250,0.2,1,1,0.38186901807785034,4,0.002432584762573242,0.04006755352020264,6,0.029052376747131348,0.09316685795783997,0.10822504758834839,0.15454423427581787,0.17113511264324188,0.22478333115577698,0.12469357252120972,0.04938352108001709,0.07531005144119263,0.02269011177122593,0.06346757709980011,0.0,-0.009423553943634033,0.037634968757629395,0.03153502941131592,0.04006755352020264,0.013514429330825806,-0.05632242560386658,-0.04306906461715698,-0.05005285143852234,0.0,0.03776231408119202,-0.08204877376556396,-0.09264448285102844,-0.10715657472610474,-0.06705605983734131,0.09316685795783997,0.06325837969779968,0.06411448121070862
3260,0.2,0,1,2.3942668437957764,8,0.022960901260375977,0.13172459602355957,6,0.07044792175292969,0.11493444442749023,0.4978455901145935,0.6273808479309082,0.5884509682655334,0.8230593800544739,0.26212549209594727,0.08224320411682129,0.17988228797912598,0.12210557609796524,0.27581554651260376,0.0,-0.00657343864440918,0.1087636947631836,-0.032892465591430664,-0.10710334777832031,0.011666059494018555,-0.1607658863067627,0.05393171310424805,0.13172459602355957,0.0,0.03372383117675781,-0.10485029220581055,0.007417917251586914,0.04448652267456055,-0.04654574394226074,0.11493444442749023,-0.016550302505493164,-0.050585031509399414
3383,0.2,2,1,0.8984281420707703,2,0.00579524040222168,0.03141063451766968,4,0.006722867488861084,0.0896371603012085,0.15882961452007294,0.22609154880046844,0.2704118490219116,0.3962658941745758,0.11861872673034668,0.11097925901412964,0.007639467716217041,0.041077107191085815,0.11561807990074158,0.0,-0.01741248369216919,0.03141063451766968,0.024709701538085938,0.022628843784332275,0.025615394115447998,-0.05020326375961304,-0.03734034299850464,-0.033814966678619385,0.0,-0.049977004528045654,-0.037316739559173584,0.08291429281234741,0.0896371603012085,0.07897156476974487,0.055132508277893066,-0.11359530687332153,-0.11897772550582886
3395,0.2,0,1,0.03126189857721329,4,0.002009626477956772,0.005516635254025459,4,0.0012763254344463348,0.0068660397082567215,0.005550411995500326,0.008522583171725273,0.010359598323702812,0.015036016702651978,0.010263821110129356,0.010263821110129356,0.0,0.002198832808062434,0.007390606217086315,0.0,-0.0007369928061962128,0.0009414013475179672,0.0035070087760686874,0.005516635254025459,0.0010144934058189392,-0.0017376020550727844,-0.0061397552490234375,-0.01044006273150444,0.0,-0.0029262788593769073,-0.0001057162880897522,0.005589714273810387,0.0068660397082567215,0.0030806511640548706,-0.0011141113936901093,-0.01426052674651146,-0.011274058371782303
3702,0.2,2,1,8.553558349609375,6,0.1538991928100586,0.3844184875488281,6,0.026578903198242188,0.47875213623046875,0.4374616742134094,0.5358316898345947,0.6701050400733948,1.0970969200134277,0.8656086921691895,0.8656086921691895,0.0,0.14629586040973663,0.33464017510414124,0.0,0.061161041259765625,-0.3635549545288086,-0.19591808319091797,-0.19092369079589844,-0.09029674530029297,0.3844184875488281,0.23051929473876953,0.22115135192871094,0.0,0.1819171905517578,-0.186767578125,-0.2905445098876953,-0.2341928482055664,-0.21412277221679688,0.47875213623046875,0.45217323303222656,0.3810272216796875
3722,0.2,3,7,2.007389783859253,5,0.004546523094177246,0.0949862003326416,5,0.3515317440032959,1.1157293319702148,0.17822934687137604,0.28276771306991577,0.5306102633476257,0.7243308424949646,1.1911429166793823,1.1911429166793823,0.0,0.22053155303001404,0.39682838320732117,0.0,-0.06257343292236328,0.09043967723846436,0.08601808547973633,0.08316755294799805,0.0949862003326416,-0.12230968475341797,-0.12035107612609863,-0.11722588539123535,0.0,-1.1541826725006104,0.5598106384277344,0.674613356590271,0.764197587966919,1.1157293319702148,-0.9040267467498779,-0.9817075729370117,-1.0470106601715088
3799,0.2,2,1,0.7664825916290283,8,0.012969017028808594,0.05081737041473389,8,0.011705636978149414,0.1891142725944519,0.189504474401474,0.2767820358276367,0.28150081634521484,0.39440271258354187,0.22713088989257812,0.22713088989257812,0.0,0.06244073435664177,0.1559990644454956,0.0,0.005727946758270264,0.025844931602478027,-0.02644866704940796,-0.03615713119506836,-0.009119212627410889,-0.03973281383514404,0.03784835338592529,0.05081737041473389,0.0,0.17360919713974,-0.09479480981826782,-0.1531517505645752,-0.1782042384147644,-0.2868328094482422,0.10504794120788574,0.1774086356163025,0.1891142725944519
3859,0.2,1,1,3.8789467811584473,6,0.06977438926696777,0.17232441902160645,6,0.10702967643737793,0.5378172397613525,0.38443148136138916,0.6318644881248474,0.6067629456520081,0.8166198134422302,0.6615827083587646,0.6615827083587646,0.0,0.23832270503044128,0.4994441866874695,0.0,0.01799488067626953,-0.1158895492553711,-0.02872323989868164,-0.08872699737548828,-0.02521800994873047,0.17232441902160645,0.05328655242919922,0.10255002975463867,0.0,0.22817111015319824,-0.4039645195007324,-0.5806355476379395,-0.6292648315429688,-0.3848114013671875,0.5378172397613525,0.4234902858734131,0.4307875633239746
3868,0.2,0,1,4.356693744659424,7,0.16613411903381348,0.6002242565155029,8,0.006844520568847656,0.13135719299316406,0.5027387738227844,0.6423801183700562,0.6342135667800903,1.0244600772857666,0.735023021697998,0.575592041015625,0.15943098068237305,0.1856101155281067,0.3470953404903412,0.0,0.06691312789916992,-0.2511615753173828,-0.5870170593261719,-0.5505919456481934,-0.10206365585327148,0.3576934337615967,0.6002242565155029,0.43409013748168945,0.0,0.00020170211791992188,0.1245126724243164,0.02194690704345703,-0.18644475936889648,0.006530284881591797,-0.14699125289916992,0.011092662811279297,0.13135719299316406
3964,0.2,0,1,3.6670703887939453,8,2.384185791015625e-07,0.35622239112854004,1,0.006711483001708984,0.0817105770111084,0.4344508647918701,0.5376344323158264,0.4313461184501648,0.6722192168235779,0.3993997573852539,0.38997697830200195,0.009422779083251953,0.07860444486141205,0.24800002574920654,0.0,0.1794896125793457,-0.2910642623901367,-0.2910642623901367,-0.2910645008087158,-0.29195666313171387,0.35622215270996094,0.35622215270996094,0.35622239112854004,0.0,0.0817105770111084,-0.037357330322265625,-0.03735685348510742,-0.03735685348510742,-0.08479475975036621,0.07499885559082031,0.07499885559082031,0.07499909400939941
4006,0.2,1,7,5.45858097076416,8,0.015517234802246094,0.9819021224975586,8,0.006298542022705078,0.2760934829711914,0.5288609266281128,0.8101862668991089,0.6018851399421692,0.9482874870300293,1.249567985534668,1.249567985534668,0.0,0.2514198422431946,0.6453718543052673,0.0,0.24864816665649414,-0.5975170135498047,-0.8510699272155762,-0.8875250816345215,-0.37185239791870117,0.7323951721191406,0.9663848876953125,0.9819021224975586,0.0,0.0900583267211914,0.1551499366760254,-0.3416600227355957,-0.3402538299560547,-0.13539505004882812,-0.09682226181030273,0.26979494094848633,0.2760934829711914
4038,0.2,0,3,0.08362919837236404,4,0.0023018568754196167,0.006530597805976868,4,0.006599314510822296,0.040569450706243515,0.014422294683754444,0.020530838519334793,0.032331861555576324,0.04164079204201698,0.04481036216020584,0.04481036216020584,0.0,0.005891245789825916,0.01362087856978178,0.0,-0.0007953792810440063,0.001997537910938263,0.004228740930557251,0.006530597805976868,0.0010961741209030151,-0.004120856523513794,-0.013242937624454498,-0.017288245260715485,0.0,-0.021167084574699402,0.01646316796541214,0.03397013619542122,0.040569450706243515,0.021707411855459213,-0.036907859146595,-0.11502008885145187,-0.07355361431837082
4040,0.2,0,3,0.6751293540000916,0,0.0024944543838500977,0.0,4,0.0,0.018381059169769287,0.0725877657532692,0.10655397176742554,0.358487069606781,0.4257454574108124,0.02386295795440674,0.02386295795440674,0.0,0.024640269577503204,0.058385904878377914,0.0,-0.0067885518074035645,-0.0024944543838500977,-0.0024945735931396484,-0.0024945735931396484,-0.003229498863220215,-0.01789301633834839,-0.017893075942993164,-0.01789313554763794,0.0,-0.13591784238815308,0.018381059169769287,0.018381059169769287,0.018381059169769287,0.004716098308563232,-0.10557591915130615,-0.10557621717453003,-0.10557633638381958
4114,0.2,1,1,3.8794052600860596,8,0.020803451538085938,0.30780768394470215,3,0.1850285530090332,0.4551270008087158,0.583378255367279,0.8118419051170349,0.8074900507926941,1.0848132371902466,0.6731867790222168,0.29755425453186035,0.37563252449035645,0.11367912590503693,0.44689443707466125,0.0,0.04929709434509277,-0.08408474922180176,-0.23313021659851074,-0.2990701198577881,-0.0702047348022461,0.13576793670654297,0.2870042324066162,0.30780768394470215,0.0,-0.18163466453552246,0.2645297050476074,0.4551270008087158,0.1677262783050537,0.2700984477996826,-0.34729886054992676,-0.4476940631866455,-0.11098027229309082
4142,0.2,0,1,0.11425766348838806,5,0.00019910931587219238,0.001391977071762085,1,0.0017835050821304321,0.007770031690597534,0.02152310125529766,0.030262308195233345,0.03724990785121918,0.04998677223920822,0.009306058287620544,0.00673125684261322,0.0025748014450073242,0.007914720103144646,0.015937363728880882,0.0,-0.001232445240020752,0.0011928677558898926,0.0011927559971809387,0.0011927559971809387,0.001391977071762085,-0.0025173574686050415,-0.0025172531604766846,-0.0025172531604766846,0.0,0.007770031690597534,-0.005134515464305878,-0.005134619772434235,-0.005134619772434235,-0.018460571765899658,0.005986422300338745,0.005986422300338745,0.005986526608467102
4241,0.2,0,1,0.06865821778774261,2,0.001727372407913208,0.0022231116890907288,4,0.004298750311136246,0.023301992565393448,0.016218308359384537,0.02242695540189743,0.022409655153751373,0.03522825613617897,0.024687577039003372,0.024239450693130493,0.00044812634587287903,0.00458516413345933,0.014726835303008556,0.0,-0.00036443769931793213,0.0022231116890907288,-0.0001068413257598877,-0.0030945539474487305,0.0004957392811775208,-0.0037342309951782227,-0.0027052536606788635,-0.004493720829486847,0.0,-0.007857494056224823,-0.003698967397212982,0.019003242254257202,0.023301992565393448,0.009606149047613144,0.004067681729793549,-0.03772599250078201,-0.038607366383075714
4443,0.2,1,2,0.8707626461982727,4,0.0122605562210083,0.04704040288925171,4,0.03131091594696045,0.13793492317199707,0.15534552931785583,0.19002868235111237,0.22782428562641144,0.3382108509540558,0.1940869688987732,0.1940869688987732,0.0,0.06285803020000458,0.14979107677936554,0.0,-0.010224461555480957,0.03477984666824341,0.03471362590789795,0.04704040288925171,0.014726221561431885,-0.04391467571258545,-0.038264334201812744,-0.048911333084106445,0.0,-0.11867004632949829,0.1034008264541626,0.09103041887283325,0.13793492317199707,0.10662400722503662,-0.2681635022163391,-0.2093769907951355,-0.20327156782150269
4468,0.2,2,1,0.380698561668396,4,0.008090198040008545,0.02262517809867859,5,0.028398334980010986,0.22197960317134857,0.06721094250679016,0.0942160114645958,0.17020563781261444,0.22801156342029572,0.2289651334285736,0.22502435743808746,0.003940775990486145,0.017952069640159607,0.05957001447677612,0.0,-0.010696858167648315,0.0035750865936279297,0.014534980058670044,0.02262517809867859,0.010309845209121704,-0.02442076802253723,-0.03377005457878113,-0.04713082313537598,0.0,-0.3153773546218872,0.16085942089557648,0.15403081476688385,0.19358126819133759,0.22197960317134857,-0.4022477865219116,-0.3149296045303345,-0.36747831106185913
4604,0.2,0,2,4.839743614196777,8,0.014742374420166016,0.5723271369934082,4,0.039887428283691406,0.5820760726928711,0.8291590809822083,1.0091726779937744,0.7597799301147461,1.0879383087158203,1.1810276508331299,0.22945499420166016,0.9515726566314697,0.2298329770565033,0.6219908595085144,0.0,0.19323968887329102,-0.438448429107666,-0.4204268455505371,-0.5051589012145996,-0.29073047637939453,0.5575847625732422,0.5197954177856445,0.5723271369934082,0.0,-0.24262285232543945,0.36969804763793945,0.44751596450805664,0.5820760726928711,0.5421886444091797,-0.31557321548461914,-0.35839080810546875,-0.3952631950378418
4632,0.2,3,3,0.01147821918129921,3,4.267413169145584e-05,0.00030244607478380203,5,0.00012881867587566376,0.0038086925633251667,0.0005539149860851467,0.0012740616220980883,0.003094941610470414,0.004390868358314037,0.0038743503391742706,0.0038005299866199493,7.382035255432129e-05,0.0004317346028983593,0.0009737371001392603,0.0,-0.0003571361303329468,0.00010218005627393723,0.00030244607478380203,0.0002597719430923462,0.00024397671222686768,-0.0011254120618104935,-0.0012431209906935692,-0.001337043009698391,0.0,-0.012235444039106369,0.001349572092294693,0.003679873887449503,0.0036756154149770737,0.0038086925633251667,-0.005430549383163452,-0.01667834259569645,-0.020027555525302887
4678,0.2,1,1,0.16380146145820618,2,0.0033102035522460938,0.00730384886264801,6,0.011564835906028748,0.011564835906028748,0.03985303267836571,0.05567341670393944,0.08365891873836517,0.10783837735652924,0.018878474831581116,0.0,0.018878474831581116,0.00909116305410862,0.020103592425584793,0.0,-0.003760233521461487,0.00730384886264801,-0.006721511483192444,0.0020708292722702026,0.0039936453104019165,-0.030697524547576904,-0.02581174671649933,-0.03802171349525452,0.0,-0.005529627203941345,-0.015310347080230713,-0.052366673946380615,-0.005859881639480591,-0.009209901094436646,0.011564835906028748,-0.0243244469165802,-0.04888550937175751
4750,0.2,1,19,1.0426329374313354,6,0.008815407752990723,0.04098629951477051,6,0.0017288923263549805,0.024732232093811035,0.1488850712776184,0.16594022512435913,0.3668839633464813,0.48687314987182617,0.050463199615478516,0.0502314567565918,0.00023174285888671875,0.058843374252319336,0.1254865825176239,0.0,0.020466923713684082,-0.0577547550201416,-0.0441129207611084,-0.04692721366882324,-0.05323445796966553,0.04098629951477051,0.032170891761779785,0.02778804302215576,0.0,0.017812371253967285,-0.01207590103149414,0.005624532699584961,-0.018967390060424805,-0.009595036506652832,0.024732232093811035,-0.0048285722732543945,0.023003339767456055
4787,0.2,1,19,0.9481800198554993,4,0.004402518272399902,0.06505697965621948,0,0.05465668439865112,0.0,0.24300134181976318,0.2739414572715759,0.17183513939380646,0.2056521773338318,0.06505697965621948,0.0,0.06505697965621948,0.031066110357642174,0.1477501392364502,0.0,-0.0045722126960754395,-0.05881780385971069,0.04905271530151367,0.06505697965621948,0.0006017088890075684,0.06065446138381958,-0.06860047578811646,-0.0876738429069519,0.0,-0.05465668439865112,-0.08236712217330933,-0.11818534135818481,-0.15986305475234985,-0.22351747751235962,-0.07619088888168335,-0.06827610731124878,-0.13842767477035522
4831,0.2,3,8,0.23337422311306,7,0.0004865974187850952,0.004893958568572998,3,0.012415081262588501,0.016656145453453064,0.022831980139017105,0.037570610642433167,0.06724290549755096,0.09582208096981049,0.01956932246685028,0.007799476385116577,0.011769846081733704,0.00963021069765091,0.023305503651499748,0.0,0.0025922805070877075,-0.0016254186630249023,-0.010146871209144592,-0.011051476001739502,-0.007984861731529236,-0.004432857036590576,0.004893958568572998,0.004407361149787903,0.0,-0.04776798188686371,-0.0017503798007965088,0.016656145453453064,0.004241064190864563,-0.006986945867538452,-0.05826808512210846,-0.0481535941362381,-0.034140124917030334
4877,0.2,2,1,0.4712894558906555,2,0.0025873184204101562,0.018526405096054077,2,0.012829363346099854,0.14802441000938416,0.08972680568695068,0.13899730145931244,0.2362162172794342,0.29629865288734436,0.1687203347682953,0.1687203347682953,0.0,0.024493994191288948,0.061907969415187836,0.0,8.45193862915039e-05,0.018526405096054077,-0.03495305776596069,-0.028583109378814697,-0.0027137696743011475,-0.05276691913604736,0.01593908667564392,0.005415678024291992,0.0,-0.10954362154006958,0.14802441000938416,0.09830999374389648,0.1351950466632843,0.1283332109451294,-0.27287888526916504,-0.15033113956451416,-0.1890142560005188
4883,0.2,2,1,0.9690114855766296,2,0.0060596466064453125,0.31326907873153687,6,0.19554978609085083,0.323253870010376,0.23348741233348846,0.27936187386512756,0.28675010800361633,0.41841936111450195,0.5500161647796631,0.0650283694267273,0.4849877953529358,0.05090974643826485,0.13233697414398193,0.0,-0.06867426633834839,0.31326907873153687,0.3020075559616089,0.30720943212509155,0.10081541538238525,-0.4094913601875305,-0.31398218870162964,-0.3077663779258728,0.0,0.08801573514938354,-0.6035321354866028,-0.28402072191238403,-0.2588425278663635,-0.19088739156723022,0.323253870010376,0.12770408391952515,0.0939379334449768
4924,0.2,1,1,0.08141773194074631,6,0.005544409155845642,0.012213073670864105,7,0.00011073052883148193,0.007688023149967194,0.025037938728928566,0.03326742351055145,0.03429575264453888,0.04541568458080292,0.018839538097381592,0.018721073865890503,0.00011846423149108887,0.006996435113251209,0.016809780150651932,0.0,0.004656679928302765,-0.010387107729911804,-0.00530000776052475,-0.005624927580356598,-0.00794055312871933,0.012213073670864105,0.006568998098373413,0.006668664515018463,0.0,0.004425525665283203,-0.008670493960380554,-0.007816590368747711,0.003256559371948242,-0.012275338172912598,0.007577292621135712,0.007688023149967194,-0.006823137402534485
4997,0.2,2,1,0.2356543242931366,6,0.0020402073860168457,0.002239704132080078,8,0.021218642592430115,0.08105847239494324,0.052233703434467316,0.07239656895399094,0.08683406561613083,0.11380340158939362,0.0829797238111496,0.07556368410587311,0.007416039705276489,0.019734350964426994,0.041684288531541824,0.0,0.00019949674606323242,-0.0025633573532104492,-0.0005092918872833252,-0.0005258619785308838,-0.0014161467552185059,0.002239704132080078,-0.0013586878776550293,-0.0019377022981643677,0.0,0.05269089341163635,-0.011147335171699524,-0.053727924823760986,-0.08386054635047913,-0.10603067278862,0.0075007230043411255,0.05983982980251312,0.08105847239494324
5150,0.2,2,2,0.48590680956840515,4,0.022698312997817993,0.11051055788993835,4,0.0031676888465881348,0.04432973265647888,0.12248621135950089,0.15631119906902313,0.09036240726709366,0.1709965467453003,0.1380094289779663,0.1380094289779663,0.0,0.034238025546073914,0.09107623994350433,0.0,-0.03659293055534363,0.0344218909740448,0.08781224489212036,0.11051055788993835,0.04897964000701904,-0.06384816765785217,-0.1252647340297699,-0.15320506691932678,0.0,-0.05251118540763855,0.04116204380989075,-0.0027162134647369385,0.04432973265647888,0.04054802656173706,-0.11204329133033752,-0.06147250533103943,-0.08992889523506165
5201,0.2,0,1,5.78383731842041,5,0.009239673614501953,0.048076629638671875,1,0.1100010871887207,0.3254203796386719,0.7418920397758484,0.870367169380188,0.6673372983932495,0.9666279554367065,0.3726811408996582,0.29877424240112305,0.07390689849853516,0.1629115641117096,0.5273926258087158,0.0,-0.02883005142211914,0.03883647918701172,0.03883647918701172,0.03883695602416992,0.048076629638671875,-0.05024433135986328,-0.05024385452270508,-0.05024385452270508,0.0,0.3254203796386719,-0.1398143768310547,-0.1398143768310547,-0.13981389999389648,-0.43282175064086914,0.21541833877563477,0.21541929244995117,0.21541881561279297
5386,0.2,3,10,1.5421068668365479,2,0.0031026601791381836,0.028745532035827637,6,0.12699198722839355,0.4051961898803711,0.24563637375831604,0.3712928295135498,0.700881838798523,0.8634335994720459,0.4381217956542969,0.36110877990722656,0.07701301574707031,0.08371041715145111,0.20237348973751068,0.0,-0.01770472526550293,0.028745532035827637,0.011928558349609375,0.0069122314453125,0.025642871856689453,-0.04217708110809326,-0.021547794342041016,-0.01803421974182129,0.0,0.27820420265197754,-0.34142327308654785,-0.008069634437561035,-0.1746060848236084,-0.4754493236541748,0.4051961898803711,0.024736642837524414,0.15721595287322998
5435,0.2,2,2,4.217822074890137,4,0.027937889099121094,0.18871831893920898,5,0.33228182792663574,1.198634147644043,0.20908379554748535,0.2802855372428894,0.9826780557632446,1.5523898601531982,1.4321513175964355,1.3466949462890625,0.08545637130737305,0.2004978209733963,0.5172836780548096,0.0,-0.07282495498657227,0.09735107421875,0.1607804298400879,0.18871831893920898,0.12798309326171875,-0.09406852722167969,-0.16014480590820312,-0.1680440902709961,0.0,-0.6104679107666016,0.760042667388916,0.808246374130249,0.8663523197174072,1.198634147644043,-0.6714034080505371,-0.7022500038146973,-0.6253829002380371
5483,0.2,3,2,0.41730421781539917,4,0.0038712918758392334,0.03535652160644531,2,0.03132244944572449,0.06666693091392517,0.10352762788534164,0.15829673409461975,0.12127133458852768,0.21449685096740723,0.09803014993667603,0.0818738341331482,0.016156315803527832,0.042582668364048004,0.09786048531532288,0.0,-0.020206540822982788,0.01818212866783142,0.030286014080047607,0.03535652160644531,0.03148522973060608,-0.023587584495544434,-0.03713417053222656,-0.04377678036689758,0.0,-0.10145586729049683,0.06666693091392517,0.002542257308959961,-0.0039816200733184814,0.035344481468200684,-0.16619575023651123,-0.04027193784713745,-0.03788238763809204
5517,0.2,0,2,2.838757276535034,4,0.055266380310058594,0.19597148895263672,4,0.09367036819458008,0.19498801231384277,0.15654876828193665,0.2080659419298172,0.7130155563354492,1.1374529600143433,0.40865015983581543,0.40865015983581543,0.0,0.12743383646011353,0.27548667788505554,0.0,-0.012285470962524414,0.025541067123413086,0.14070510864257812,0.19597148895263672,0.018384456634521484,-0.03846144676208496,-0.13772082328796387,-0.1159965991973877,0.0,-0.005397796630859375,-0.045265913009643555,0.1013176441192627,0.19498801231384277,0.01267862319946289,0.07920050621032715,-0.022562026977539062,-0.09731435775756836
5614,0.2,0,0,0.6419968605041504,3,0.004731416702270508,0.07768005132675171,6,0.04401510953903198,0.06798714399337769,0.1684168130159378,0.21715863049030304,0.23977439105510712,0.3569117486476898,0.15797773003578186,0.024807095527648926,0.13317063450813293,0.04818058758974075,0.1404261738061905,0.0,-0.017623484134674072,-3.713369369506836e-05,0.07768005132675171,0.0729486346244812,0.01858043670654297,-0.04711049795150757,-0.11558228731155396,-0.10506105422973633,0.0,0.023972034454345703,-0.06981301307678223,-0.09257620573043823,-0.14781665802001953,-0.05964380502700806,0.06798714399337769,-0.008623600006103516,0.014158964157104492
5795,0.2,3,1,1.3056161403656006,8,0.003595590591430664,0.10604596138000488,3,0.003009319305419922,0.09370636940002441,0.2800898551940918,0.3964417576789856,0.45742592215538025,0.688541829586029,0.1979382038116455,0.14310407638549805,0.05483412742614746,0.08139730989933014,0.20659612119197845,0.0,0.07302391529083252,-0.0728297233581543,-0.06685507297515869,-0.07715976238250732,-0.11012840270996094,0.10245037078857422,0.09347033500671387,0.10604596138000488,0.0,-0.062050580978393555,-0.04040384292602539,0.09370636940002441,0.09069705009460449,0.06693625450134277,0.03417789936065674,-0.12188732624053955,-0.11513853073120117
5834,0.2,2,2,5.9286675453186035,8,0.16788959503173828,0.3895454406738281,8,0.15188074111938477,0.5628204345703125,0.6482925415039062,0.8973932862281799,0.9095754623413086,1.4128265380859375,0.8889064788818359,0.8889064788818359,0.0,0.20842459797859192,0.6224267482757568,0.0,0.04131126403808594,0.12055206298828125,-0.03306770324707031,-0.22930240631103516,-0.04650688171386719,0.0351719856262207,0.22165584564208984,0.3895454406738281,0.0,0.18040943145751953,0.04237079620361328,-0.28362512588500977,-0.557037353515625,-0.24435186386108398,0.30899524688720703,0.41093969345092773,0.5628204345703125
5842,0.2,3,1,3.816359519958496,7,0.02806854248046875,0.5064868927001953,3,0.08873987197875977,0.8112883567810059,0.3628009855747223,0.5396642088890076,0.8415824770927429,1.2723337411880493,1.2749037742614746,0.3789522647857666,0.895951509475708,0.22494883835315704,0.5180360078811646,0.0,0.19855451583862305,-0.3942556381225586,-0.4727649688720703,-0.4721794128417969,-0.32108306884765625,0.4616575241088867,0.5064868927001953,0.47841835021972656,0.0,-0.30398130416870117,0.12091970443725586,0.8112883567810059,0.7225484848022461,0.6166019439697266,-0.09384417533874512,-0.6597323417663574,-0.5171117782592773
6022,0.2,1,2,1.4581356048583984,3,0.0031071901321411133,0.11105763912200928,8,0.009821653366088867,0.2378617525100708,0.23230811953544617,0.34411007165908813,0.6563853025436401,0.9371380805969238,0.37549805641174316,0.1549978256225586,0.22050023078918457,0.1395762860774994,0.34309184551239014,0.0,-0.004279971122741699,-0.11882805824279785,0.11105763912200928,0.09908819198608398,0.004729270935058594,0.10795044898986816,-0.08926844596862793,-0.07065129280090332,0.0,0.046515583992004395,0.22804009914398193,-0.20420920848846436,-0.3764777183532715,-0.07112240791320801,-0.13811612129211426,0.16380882263183594,0.2378617525100708
6207,0.2,2,5,0.47767722606658936,0,0.0001207888126373291,0.0,2,0.011006861925125122,0.11610254645347595,0.08441462367773056,0.1555345356464386,0.1221635714173317,0.17227916419506073,0.11721131205558777,0.11721131205558777,0.0,0.040636830031871796,0.10174547135829926,0.0,-0.0001207888126373291,-0.012276113033294678,-0.012391805648803711,-0.02206897735595703,-0.00834512710571289,-0.012517392635345459,-0.012210249900817871,-0.004712581634521484,0.0,-0.09145116806030273,0.11610254645347595,0.06999045610427856,0.03739997744560242,0.10509568452835083,-0.23956549167633057,-0.11670207977294922,-0.06792259216308594
6308,0.2,2,2,5.168187141418457,8,0.034442901611328125,0.24969100952148438,2,0.0906219482421875,0.14007997512817383,0.3565610349178314,0.552433967590332,0.5796001553535461,1.0368013381958008,0.4011402130126953,0.18557977676391602,0.2155604362487793,0.1708981692790985,0.3430102467536926,0.0,0.05829000473022461,0.02713775634765625,-0.07861757278442383,-0.09427976608276367,-0.04094839096069336,0.11665058135986328,0.21524810791015625,0.24969100952148438,0.0,-0.04590559005737305,0.14007997512817383,-0.4206085205078125,-0.5832509994506836,-0.41826963424682617,-0.4244532585144043,0.034605979919433594,0.04945802688598633
6404,0.2,0,2,1.1946063041687012,4,0.035410165786743164,0.08263850212097168,7,0.03966641426086426,0.44940394163131714,0.17606520652770996,0.285862535238266,0.6076176762580872,0.8197978138923645,0.5426487326622009,0.39597755670547485,0.14667117595672607,0.11569514125585556,0.22147396206855774,0.0,-0.005275249481201172,-0.008238077163696289,0.047228336334228516,0.08263850212097168,0.010144472122192383,0.021884560585021973,-0.03944754600524902,-0.05756568908691406,0.0,0.18723046779632568,-0.0029703378677368164,-0.564894437789917,-0.6137471199035645,-0.3279634714126587,0.006803989410400391,0.44940394163131714,0.4097375273704529
6533,0.2,0,2,0.5195703506469727,7,0.00016251206398010254,0.021601945161819458,3,0.004505276679992676,0.0899205207824707,0.10366933047771454,0.16086401045322418,0.2971133887767792,0.4078276753425598,0.10861998796463013,0.0871514081954956,0.02146857976913452,0.028776029124855995,0.07657782733440399,0.0,0.0053525567054748535,-0.016080856323242188,-0.01331096887588501,0.004575133323669434,-0.007617354393005371,0.021439433097839355,0.021601945161819458,0.0017684698104858398,0.0,-0.06858909130096436,0.02338111400604248,0.0899205207824707,0.08541524410247803,0.07275259494781494,-0.05608928203582764,-0.14935606718063354,-0.13286590576171875
6624,0.2,2,1,5.467999458312988,8,0.16211652755737305,0.6126294136047363,8,0.2380690574645996,0.6338100433349609,0.47505179047584534,0.6399258971214294,0.5714215040206909,0.8876301646232605,1.2850151062011719,1.2850151062011719,0.0,0.22014904022216797,0.4540460705757141,0.0,0.16597938537597656,-0.21964359283447266,-0.3360767364501953,-0.5064764022827148,-0.2541313171386719,0.3151865005493164,0.4505128860473633,0.6126294136047363,0.0,0.3773946762084961,-0.2597956657409668,-0.287076473236084,-0.6168904304504395,-0.5450658798217773,0.39574098587036133,0.34493017196655273,0.6338100433349609
6626,0.2,3,7,0.05830596387386322,8,7.533282041549683e-05,0.0028158463537693024,5,0.005112268030643463,0.02079591155052185,0.011178343556821346,0.016356825828552246,0.017016302794218063,0.028748027980327606,0.02079591155052185,0.019801143556833267,0.0009947679936885834,0.003993017133325338,0.01182291004806757,0.0,0.001880928874015808,-0.003762710839509964,-0.006275080144405365,-0.006831236183643341,-0.005328074097633362,0.0007778331637382507,0.0027405135333538055,0.0028158463537693024,0.0,-0.041570134460926056,0.015683643519878387,0.015532407909631729,0.014209497720003128,0.02079591155052185,-0.04364808648824692,-0.04209159314632416,-0.03658843785524368
6843,0.2,1,8,0.06501879543066025,3,0.00023273378610610962,0.0041855089366436005,3,0.0004178285598754883,0.007847156375646591,0.007910123094916344,0.010632254183292389,0.011240027844905853,0.01411004364490509,0.010789953172206879,0.010789953172206879,0.0,0.00545680383220315,0.009399100206792355,0.0,-0.00226660817861557,0.0013982951641082764,0.0041855089366436005,0.003952775150537491,0.0024672523140907288,-0.004221238195896149,-0.011078856885433197,-0.01343449205160141,0.0,-0.011322759091854095,0.0058405399322509766,0.007847156375646591,0.004661012440919876,0.007429327815771103,-0.021979719400405884,-0.021853603422641754,-0.01994553953409195
6845,0.2,0,1,0.03297389671206474,4,0.0008879564702510834,0.001929003745317459,0,4.2557716369628906e-05,0.0,0.007512661628425121,0.009371859021484852,0.011266713961958885,0.015208530239760876,0.001976272091269493,0.0,0.001976272091269493,0.0016290309140458703,0.004407351370900869,0.0,-0.0007073767483234406,0.00039801374077796936,0.0010410472750663757,0.001929003745317459,0.000771939754486084,-0.0014726482331752777,-0.002674330025911331,-0.004295576363801956,0.0,-0.00034377723932266235,-0.0012888126075267792,-0.0017119459807872772,-0.003568783402442932,-0.004341974854469299,-4.2557716369628906e-05,-0.0014796704053878784,-0.0016072727739810944
6858,0.2,0,0,7.298933029174805,8,0.0,0.24998140335083008,5,0.18151330947875977,0.2959628105163574,0.8031595945358276,1.0012657642364502,0.8197229504585266,1.0341427326202393,0.5259485244750977,0.15584373474121094,0.3701047897338867,0.25933876633644104,0.534701943397522,0.0,0.11676883697509766,-0.16162586212158203,-0.16162633895874023,-0.16162633895874023,-0.16501903533935547,0.24998140335083008,0.24998044967651367,0.24998140335083008,0.0,-0.1604008674621582,0.11444950103759766,0.11444950103759766,0.11444950103759766,0.2959628105163574,-0.13887691497802734,-0.13887643814086914,-0.13887786865234375
6947,0.2,3,1,0.2922278344631195,6,0.012112855911254883,0.029986947774887085,4,0.01378411054611206,0.05858999490737915,0.11726222187280655,0.14876143634319305,0.13845668733119965,0.18560251593589783,0.08430477976799011,0.07132956385612488,0.012975215911865234,0.03157810494303703,0.0822966992855072,0.0,0.0033096373081207275,-0.024788618087768555,0.0024237632751464844,0.017874091863632202,-0.005946457386016846,0.029986947774887085,-0.0025740861892700195,-0.023906826972961426,0.0,-0.024524927139282227,-0.03427529335021973,0.03196278214454651,0.05858999490737915,0.030107557773590088,0.04480588436126709,-0.050683051347732544,-0.09196120500564575
6949,0.2,0,1,0.6965012550354004,4,0.029845774173736572,0.12469971179962158,3,0.013998091220855713,0.1717432737350464,0.09898404777050018,0.1429998129606247,0.23007671535015106,0.3040047585964203,0.2861764430999756,0.2682335674762726,0.017942875623703003,0.025399649515748024,0.07637655735015869,0.0,-0.006989002227783203,-0.009278416633605957,0.09485393762588501,0.12469971179962158,0.010236859321594238,0.009267330169677734,-0.11422324180603027,-0.10919594764709473,0.0,-0.030434727668762207,-0.018021583557128906,0.1717432737350464,0.15774518251419067,0.046005308628082275,0.029038608074188232,-0.14687186479568481,-0.11249029636383057
6989,0.2,1,1,2.3787593841552734,8,0.020539522171020508,0.1753854751586914,3,0.009038209915161133,0.42656874656677246,0.5303910970687866,0.6885106563568115,0.7480992078781128,0.9667854905128479,0.5631301403045654,0.3869647979736328,0.17616534233093262,0.09876212477684021,0.3730321228504181,0.0,0.02575206756591797,0.0076847076416015625,-0.12462973594665527,-0.1511077880859375,-0.042664289474487305,-0.008243322372436523,0.1548459529876709,0.1753854751586914,0.0,-0.28255271911621094,0.36265087127685547,0.42656874656677246,0.3852109909057617,0.41753053665161133,-0.45292210578918457,-0.51041579246521,-0.40742993354797363
7115,0.2,3,1,0.6301065683364868,4,0.0014120936393737793,0.023633897304534912,2,0.047336041927337646,0.10520362854003906,0.19654668867588043,0.239999920129776,0.2950989603996277,0.44687649607658386,0.13040751218795776,0.11466526985168457,0.015742242336273193,0.050671856850385666,0.09459661692380905,0.0,-0.015106797218322754,0.022221803665161133,0.0149003267288208,0.023633897304534912,0.01768314838409424,-0.04467439651489258,-0.03084564208984375,-0.044370055198669434,0.0,-0.03497844934463501,0.10520362854003906,-0.03189188241958618,-0.05999946594238281,0.03535681962966919,-0.21048718690872192,0.03459447622299194,0.057867586612701416
7281,0.2,3,2,4.569957733154297,8,0.04366588592529297,0.34991455078125,7,0.051138877868652344,0.14482975006103516,0.520845890045166,0.703441858291626,0.5217878222465515,0.9143187999725342,0.5154705047607422,0.4727506637573242,0.04271984100341797,0.2754612863063812,0.5267347097396851,0.0,0.2665271759033203,-0.1966109275817871,-0.22556400299072266,-0.26746702194213867,-0.3789052963256836,0.28238964080810547,0.30624866485595703,0.34991455078125,0.0,0.03618955612182617,0.06485128402709961,-0.1305222511291504,-0.0903024673461914,-0.04825925827026367,-0.08910608291625977,0.14482975006103516,0.09369087219238281
7389,0.2,3,1,0.3534298241138458,4,0.000284731388092041,0.02401527762413025,8,0.011577606201171875,0.1071138083934784,0.08916225284337997,0.11712925881147385,0.17191722989082336,0.23338967561721802,0.1294378638267517,0.06291887164115906,0.06651899218559265,0.018922194838523865,0.06447708606719971,0.0,-0.0143299400806427,0.021837055683135986,0.023730546236038208,0.02401527762413025,0.018530189990997314,-0.04444566369056702,-0.04468578100204468,-0.045567482709884644,0.0,0.06440126895904541,-0.038760244846343994,-0.1597515046596527,-0.1967622935771942,-0.14853426814079285,0.027530550956726074,0.09553620219230652,0.1071138083934784
7416,0.2,2,3,0.02393215149641037,8,0.0003288090229034424,0.0016001313924789429,3,0.0001242309808731079,0.0013485904783010483,0.0032685957849025726,0.004810750018805265,0.008215985260903835,0.012415491975843906,0.0027614422142505646,0.0003982502967119217,0.002363191917538643,0.0024971039965748787,0.00580699322745204,0.0,0.00058782659471035,-0.00028837472200393677,-0.0011433456093072891,-0.0015006568282842636,-0.0011985674500465393,4.690513014793396e-05,0.0012713223695755005,0.0016001313924789429,0.0,-0.00333402119576931,0.0002650544047355652,0.0013485904783010483,0.0007684696465730667,0.0012243594974279404,-0.0016631130129098892,-0.002533281221985817,-0.0017921999096870422
7490,0.2,1,11,2.8179430961608887,8,0.026190519332885742,0.5065193176269531,2,0.030320167541503906,0.030320167541503906,0.44646650552749634,0.5281104445457458,0.5730391144752502,0.7779912948608398,0.5065193176269531,0.4223029613494873,0.08421635627746582,0.13047441840171814,0.3921758234500885,0.0,0.1521155834197998,-0.3399503231048584,-0.42203760147094727,-0.497342586517334,-0.2252974510192871,0.4123806953430176,0.4803287982940674,0.5065193176269531,0.0,-0.09576821327209473,0.030320167541503906,-0.15880203247070312,-0.26999711990356445,-0.0773158073425293,-0.34952831268310547,-0.08862185478210449,-0.15762948989868164
7512,0.2,2,10,0.8761789798736572,2,0.011728048324584961,0.07982641458511353,2,0.18478208780288696,0.772750198841095,0.18273642659187317,0.2959270477294922,0.6005449295043945,0.7259199023246765,0.7932188510894775,0.7932188510894775,0.0,0.03854501247406006,0.08581730723381042,0.0,-0.020678222179412842,0.07982641458511353,0.06624096632003784,0.06809836626052856,0.034487247467041016,-0.0655374526977539,-0.0501401424407959,-0.049831509590148926,0.0,-0.6296669244766235,0.772750198841095,0.5627512335777283,0.5261681079864502,0.587968111038208,-1.9574692249298096,-0.9301943778991699,-0.7752780914306641
7539,0.2,1,4,2.393789768218994,6,0.05289793014526367,0.08765053749084473,6,0.2427685260772705,0.5833172798156738,0.20997898280620575,0.31114745140075684,0.7783559560775757,0.928484320640564,0.6423889398574829,0.6423889398574829,0.0,0.2244458645582199,0.3759985566139221,0.0,0.008545637130737305,-0.0613555908203125,0.012147188186645508,0.034752607345581055,-0.01286458969116211,0.08765053749084473,-0.010057449340820312,-0.03782176971435547,0.0,0.3405487537384033,-0.33533596992492676,-0.14829730987548828,-0.04909467697143555,-0.3226766586303711,0.5833172798156738,0.2905280590057373,0.17079854011535645
7540,0.2,1,1,0.0899793952703476,4,0.002143673598766327,0.002829216420650482,4,0.011037278920412064,0.027576912194490433,0.01395709253847599,0.019013186916708946,0.03278667852282524,0.04812762886285782,0.029614541679620743,0.029614541679620743,0.0,0.005026207305490971,0.012302774004638195,0.0,-0.0007133707404136658,-0.0012228786945343018,0.0006855428218841553,0.002829216420650482,0.00036756694316864014,-0.004932783544063568,-0.0043548718094825745,-0.009316042065620422,0.0,-0.02128014713525772,0.00904100388288498,0.016081377863883972,0.027576912194490433,0.01653963327407837,-0.02497708797454834,-0.04316863417625427,-0.0817972719669342
7583,0.2,3,1,0.8716683387756348,2,0.008849918842315674,0.19869452714920044,4,0.012072086334228516,0.15630072355270386,0.22633329033851624,0.30697837471961975,0.3457242548465729,0.47576674818992615,0.334200918674469,0.32329320907592773,0.01090770959854126,0.04910265654325485,0.1232641413807869,0.0,-0.13401615619659424,0.19869452714920044,0.1741563081741333,0.18984460830688477,0.16503894329071045,-0.32979869842529297,-0.275543212890625,-0.29752469062805176,0.0,-0.19407081604003906,0.08458477258682251,0.09159094095230103,0.15630072355270386,0.14422863721847534,-0.21855485439300537,-0.18091273307800293,-0.25222480297088623
7763,0.2,1,1,0.7878889441490173,6,0.009656250476837158,0.12018662691116333,6,0.060068607330322266,0.0996808409690857,0.16167233884334564,0.2148246318101883,0.23855061829090118,0.3627716600894928,0.1903458833694458,0.1903458833694458,0.0,0.055318307131528854,0.10886786878108978,0.0,0.059441328048706055,-0.12755131721496582,-0.09725666046142578,-0.10911744832992554,-0.10209554433822632,0.12018662691116333,0.10333293676376343,0.11053037643432617,0.0,0.022012829780578613,-0.08866226673126221,0.03126782178878784,0.03961223363876343,-0.04542982578277588,0.0996808409690857,-0.045146405696868896,-0.05478888750076294
7848,0.2,1,1,8.071605682373047,5,0.0796670913696289,0.285585880279541,5,0.19811487197875977,0.4092121124267578,0.47623109817504883,0.6073314547538757,0.7027132511138916,1.1728217601776123,0.6919279098510742,0.6919279098510742,0.0,0.17271384596824646,0.4614562392234802,0.0,-0.1577014923095703,0.2059187889099121,0.18444442749023438,0.19394588470458984,0.285585880279541,-0.2182779312133789,-0.2267913818359375,-0.2266693115234375,0.0,-0.20917415618896484,0.21109724044799805,-0.054904937744140625,0.03141593933105469,0.4092121124267578,-0.2725095748901367,0.08746337890625,-0.03200531005859375
7875,0.2,3,1,1.8799784183502197,6,0.024213194847106934,0.12810885906219482,8,0.07092082500457764,0.35317397117614746,0.42770057916641235,0.6008909940719604,0.5398418307304382,0.84302818775177,0.45482122898101807,0.43012452125549316,0.024696707725524902,0.1335962563753128,0.4329284429550171,0.0,0.057174086570739746,-0.05894744396209717,-0.03314685821533203,-0.048475027084350586,-0.053659677505493164,0.12810885906219482,0.08550107479095459,0.10389566421508789,0.0,0.2569185495376587,-0.11405062675476074,-0.24881219863891602,-0.3190898895263672,-0.45080089569091797,0.11847352981567383,0.2822531461715698,0.35317397117614746
8022,0.2,1,1,0.060608018189668655,2,0.0009688138961791992,0.003938410431146622,4,0.004432693123817444,0.010055948048830032,0.019580522552132607,0.025257105007767677,0.024156125262379646,0.03331205993890762,0.013275813311338425,0.010758861899375916,0.002516951411962509,0.007840744219720364,0.015545628033578396,0.0,-0.0016407929360866547,0.003938410431146622,0.0029695965349674225,0.0009362921118736267,0.0021963492035865784,-0.0068976990878582,-0.005409706383943558,-0.0026573725044727325,0.0,-0.005303461104631424,-0.0023532919585704803,0.0056232549250125885,0.010055948048830032,0.004876814782619476,0.0007013790309429169,-0.011294092983007431,-0.018218275159597397
8039,0.2,2,10,0.3297092318534851,3,0.016818076372146606,0.05762001872062683,8,0.007508620619773865,0.12565027177333832,0.08091285824775696,0.12368401139974594,0.16538232564926147,0.21549081802368164,0.1638159602880478,0.0819232165813446,0.08189274370670319,0.026500504463911057,0.06306534260511398,0.0,-0.016946107149124146,0.040801942348480225,0.05762001872062683,0.03924018144607544,0.023438215255737305,-0.06639367341995239,-0.08854398131370544,-0.06065067648887634,0.0,0.062413305044174194,-0.05328476428985596,-0.15333998203277588,-0.18832439184188843,-0.12560755014419556,0.05358895659446716,0.11814165115356445,0.12565027177333832
8168,0.2,1,1,0.47365468740463257,4,0.02859717607498169,0.07943639159202576,4,0.04051092267036438,0.12166836857795715,0.06255874782800674,0.08542565256357193,0.17480798065662384,0.23038427531719208,0.18408215045928955,0.18408215045928955,0.0,0.02525266632437706,0.07074645906686783,0.0,-0.00803452730178833,-0.02035549283027649,0.05083921551704407,0.07943639159202576,0.010827064514160156,0.008199065923690796,-0.08855253458023071,-0.12055355310440063,0.0,-0.0751146674156189,0.07488921284675598,0.0774989128112793,0.12166836857795715,0.08115744590759277,-0.1313362717628479,-0.1317330002784729,-0.18565678596496582
8175,0.2,0,3,0.358310341835022,4,0.0033764541149139404,0.01551908254623413,4,0.06048096716403961,0.17259812355041504,0.05608011409640312,0.09521616250276566,0.18621693551540375,0.2226540595293045,0.19229356944561005,0.19229356944561005,0.0,0.02005670964717865,0.057307686656713486,0.0,-0.0015541017055511475,-0.0026830732822418213,0.01214262843132019,0.01551908254623413,0.002729445695877075,-0.007909029722213745,-0.03218609094619751,-0.03845834732055664,0.0,-0.018301695585250854,-0.10025542974472046,0.07817000150680542,0.17259812355041504,0.021626383066177368,0.11211715638637543,-0.1604396104812622,-0.31575846672058105
8201,0.2,2,1,3.832061290740967,8,0.023448705673217773,0.2911512851715088,5,0.015821218490600586,0.2120218276977539,0.3727840781211853,0.511984646320343,0.6809789538383484,0.9598696231842041,0.495009183883667,0.13316917419433594,0.36184000968933105,0.11954323202371597,0.2743806838989258,0.0,0.09483885765075684,-0.1717987060546875,-0.20595884323120117,-0.23290586471557617,-0.14040446281433105,0.2495114803314209,0.267702579498291,0.2911512851715088,0.0,-0.14418435096740723,0.10194683074951172,0.16871953010559082,0.19620060920715332,0.2120218276977539,-0.1130208969116211,-0.23132896423339844,-0.23158836364746094
8323,0.2,3,1,0.05113091692328453,4,0.0003537386655807495,0.0017983727157115936,5,0.003733612596988678,0.014102883636951447,0.008095504716038704,0.011541013605892658,0.014449735172092915,0.0211627297103405,0.015367548912763596,0.01500656083226204,0.0003609880805015564,0.0022596896160393953,0.004800010472536087,0.0,-0.001278989017009735,0.0002867206931114197,0.001437600702047348,0.0017983727157115936,0.0014446340501308441,-0.0010631270706653595,-0.0025938525795936584,-0.003035031259059906,0.0,-0.0160331092774868,0.002110809087753296,0.007537610828876495,0.010369271039962769,0.014102883636951447,-0.011335965245962143,-0.013901058584451675,-0.020160403102636337
8397,0.2,0,1,4.309228897094727,5,0.01259756088256836,0.06324625015258789,6,0.016997337341308594,0.3811936378479004,0.34364694356918335,0.45868128538131714,0.693514883518219,1.0529630184173584,0.46329355239868164,0.3146324157714844,0.14866113662719727,0.21454587578773499,0.5104945302009583,0.0,-0.03033733367919922,0.05064868927001953,0.03750181198120117,0.03977155685424805,0.06324625015258789,-0.0499424934387207,-0.03906726837158203,-0.041031837463378906,0.0,0.3641963005065918,-0.29478979110717773,-0.16454029083251953,-0.1884174346923828,-0.5332932472229004,0.3811936378479004,0.23480606079101562,0.26482295989990234
8399,0.2,2,1,0.2588610351085663,2,0.015972375869750977,0.05372077226638794,6,0.057275474071502686,0.0769486129283905,0.06262534111738205,0.09205194562673569,0.1110578402876854,0.16091208159923553,0.11667557060718536,0.04826873540878296,0.0684068351984024,0.013474181294441223,0.03225041553378105,0.0,-0.02527022361755371,0.05372077226638794,0.03484630584716797,0.03774839639663696,0.03414629399776459,-0.0853528082370758,-0.05458003282546997,-0.05740326642990112,0.0,0.019673138856887817,-0.09059754014015198,0.00531923770904541,0.013451173901557922,-0.038415729999542236,0.0769486129283905,-0.010449826717376709,-0.01930314302444458
8582,0.2,2,3,0.7378133535385132,8,0.002873837947845459,0.02061307430267334,1,0.020534634590148926,0.2255382537841797,0.08691928535699844,0.14308574795722961,0.3425261378288269,0.4579230844974518,0.24476683139801025,0.23654532432556152,0.00822150707244873,0.05948551744222641,0.11708978563547134,0.0,0.010156333446502686,-0.003049612045288086,-0.012383699417114258,-0.014691472053527832,-0.014725744724273682,0.004546999931335449,0.01773923635482788,0.02061307430267334,0.0,0.2255382537841797,-0.05675506591796875,-0.08802926540374756,-0.18555307388305664,-0.4739187955856323,0.07045888900756836,0.11237013339996338,0.20500361919403076
8823,0.2,0,3,1.2477761507034302,8,0.012953639030456543,0.018711209297180176,7,0.07646834850311279,0.31191182136535645,0.18831191956996918,0.29150182008743286,0.5033016204833984,0.6470673680305481,0.3432421088218689,0.2404266595840454,0.10281544923782349,0.1003105416893959,0.2350793480873108,0.0,0.004972338676452637,0.0038129091262817383,-0.12329697608947754,-0.14453792572021484,-0.012491345405578613,-0.0465770959854126,0.005757570266723633,0.018711209297180176,0.0,0.11756432056427002,-0.1852203607559204,-0.53770911693573,-0.432822585105896,-0.20123136043548584,0.23163223266601562,0.31191182136535645,0.23544347286224365
8924,0.2,1,11,0.41025039553642273,2,0.0022829771041870117,0.06743848323822021,5,0.06006525456905365,0.1734127253293991,0.14755506813526154,0.18307797610759735,0.17650583386421204,0.23585930466651917,0.22719046473503113,0.2208271473646164,0.006363317370414734,0.029161909595131874,0.060150619596242905,0.0,-0.046319425106048584,0.06743848323822021,0.0651555061340332,0.06029537320137024,0.056617677211761475,-0.1164868175983429,-0.11371853947639465,-0.10953453183174133,0.0,-0.29883870482444763,0.09693461656570435,0.10206723213195801,0.11334747076034546,0.1734127253293991,-0.2390240728855133,-0.23030033707618713,-0.26078376173973083
8986,0.2,0,1,1.1103055477142334,4,0.05008804798126221,0.12816035747528076,3,0.013083696365356445,0.02657461166381836,0.2576132118701935,0.4068191647529602,0.2583691477775574,0.3960651159286499,0.1472073793411255,0.10090088844299316,0.046306490898132324,0.13414981961250305,0.24982410669326782,0.0,-0.00840306282043457,-0.01633596420288086,0.07807230949401855,0.12816035747528076,0.012826919555664062,0.02496933937072754,-0.09958457946777344,-0.14889514446258545,0.0,-0.012419939041137695,0.00995492935180664,0.02657461166381836,-0.05186915397644043,0.013490915298461914,-0.02929210662841797,-0.06442546844482422,-0.023453474044799805
9209,0.2,3,1,4.166624069213867,5,0.0013179779052734375,0.13850784301757812,8,0.13618254661560059,0.5759677886962891,0.4633084833621979,0.6011326909065247,1.088027000427246,1.515170693397522,0.7124733924865723,0.500147819519043,0.2123255729675293,0.18852567672729492,0.4164705276489258,0.0,-0.08112239837646484,0.1371898651123047,0.06957769393920898,0.06894302368164062,0.13850784301757812,-0.17670869827270508,-0.08404922485351562,-0.07860040664672852,0.0,0.19887065887451172,0.3042266368865967,-0.32625579833984375,-0.45531463623046875,-0.21805429458618164,-0.36174869537353516,0.4397852420806885,0.5759677886962891
9263,0.2,0,1,0.9344559907913208,5,0.0025833845138549805,0.029351472854614258,1,0.0007146596908569336,0.011345744132995605,0.25136661529541016,0.3439594507217407,0.36212730407714844,0.45321235060691833,0.031209230422973633,0.006509363651275635,0.024699866771697998,0.057346392422914505,0.1574585735797882,0.0,-0.01881265640258789,0.026768088340759277,0.026768088340759277,0.026768088340759277,0.029351472854614258,-0.03766739368438721,-0.03766739368438721,-0.03766739368438721,0.0,0.011345744132995605,-0.023708462715148926,-0.023708224296569824,-0.023708343505859375,-0.08277761936187744,0.01063084602355957,0.010631084442138672,0.01063084602355957
9289,0.2,3,10,0.27943363785743713,4,0.0077994465827941895,0.046868160367012024,7,0.008665993809700012,0.05494745075702667,0.08252419531345367,0.10988124459981918,0.12023204565048218,0.15061302483081818,0.09450565278530121,0.0348932147026062,0.05961243808269501,0.01475088857114315,0.039128683507442474,0.0,-0.025801897048950195,0.0251217782497406,0.039068713784217834,0.046868160367012024,0.03614000976085663,-0.03686907887458801,-0.05612102150917053,-0.06580635905265808,0.0,0.024725288152694702,0.008718729019165039,-0.06589540839195251,-0.07782068848609924,-0.07066982984542847,-0.02475002408027649,0.05494745075702667,0.04628145694732666
9381,0.2,0,10,0.5648276209831238,6,0.0025416910648345947,0.11550596356391907,4,0.05410453677177429,0.2656426727771759,0.13609462976455688,0.20339947938919067,0.3674728274345398,0.4228280782699585,0.3084840476512909,0.18293696641921997,0.12554708123207092,0.03159164637327194,0.0831524208188057,0.0,0.035736799240112305,-0.1326325535774231,-0.13729947805404663,-0.19815385341644287,-0.06405335664749146,0.11550596356391907,0.1018189787864685,0.11296427249908447,0.0,-0.17363691329956055,0.10164260864257812,0.2115381360054016,0.2656426727771759,0.1779375672340393,-0.21650826930999756,-0.44292622804641724,-0.3968513607978821
9576,0.2,3,1,0.15567266941070557,6,0.007150709629058838,0.009077131748199463,6,0.017248794436454773,0.09030172973871231,0.042043671011924744,0.06207435578107834,0.06778113543987274,0.08773603290319443,0.09057355672121048,0.09050174057483673,7.181614637374878e-05,0.011844560503959656,0.02803994156420231,0.0,0.001926422119140625,-0.016688227653503418,-0.00853148102760315,-0.004913032054901123,-0.004648417234420776,0.009077131748199463,0.00031600892543792725,-0.0037416666746139526,0.0,0.05236782133579254,-0.20600679516792297,-0.1834656000137329,-0.1837339997291565,-0.14838626980781555,0.09030172973871231,0.07305293530225754,0.071125827729702
9582,0.2,1,11,0.4556311368942261,2,0.01924833655357361,0.03261113166809082,3,0.0018582344055175781,0.164653480052948,0.09440930932760239,0.14208894968032837,0.247609943151474,0.2803831398487091,0.1839994490146637,0.1738467812538147,0.010152667760848999,0.022852260619401932,0.0756373330950737,0.0,-0.012341439723968506,0.03261113166809082,0.00954166054725647,-0.007492482662200928,0.013362795114517212,-0.06508970260620117,-0.03850209712982178,-0.03149038553237915,0.0,-0.17885029315948486,0.09364068508148193,0.164653480052948,0.16279524564743042,0.13756555318832397,-0.30520349740982056,-0.3524550199508667,-0.35768425464630127
9610,0.2,0,1,0.2492876797914505,8,0.0,0.011718690395355225,5,0.039609238505363464,0.07194611430168152,0.07404369115829468,0.0890774130821228,0.11533775180578232,0.15004214644432068,0.0795755386352539,0.06486424803733826,0.01471129059791565,0.013623693957924843,0.03434910252690315,0.0,0.006779834628105164,-0.00871296226978302,-0.00871296226978302,-0.00871296226978302,-0.011007502675056458,0.011718690395355225,0.011718690395355225,0.011718690395355225,0.0,-0.08457095921039581,0.032336875796318054,0.032336875796318054,0.0323367714881897,0.07194611430168152,-0.06235779821872711,-0.0623580664396286,-0.06235779821872711
9612,0.2,0,1,0.7129100561141968,4,0.02763468027114868,0.1282569169998169,5,0.005622148513793945,0.278946191072464,0.17087814211845398,0.1979786455631256,0.25401806831359863,0.3651639521121979,0.3682785630226135,0.36336711049079895,0.004911452531814575,0.0388617105782032,0.08308237791061401,0.0,-0.057795822620391846,0.05843919515609741,0.10062223672866821,0.1282569169998169,0.07912933826446533,-0.0927477478981018,-0.1636408567428589,-0.20817255973815918,0.0,-0.2749537229537964,0.07414329051971436,0.19314157962799072,0.27332404255867004,0.278946191072464,-0.14041173458099365,-0.35132670402526855,-0.4994436502456665
9714,0.2,3,1,0.8978739976882935,2,0.03361093997955322,0.31034499406814575,6,0.1824343204498291,0.21289730072021484,0.23370830714702606,0.30382123589515686,0.3112725615501404,0.44631654024124146,0.48385441303253174,0.0963791012763977,0.38747531175613403,0.028397122398018837,0.10247837007045746,0.0,-0.14789032936096191,0.31034499406814575,0.2605714797973633,0.27673405408859253,0.20410627126693726,-0.3819030523300171,-0.34555959701538086,-0.3619471788406372,0.0,0.030462980270385742,-0.5107829570770264,-0.15193712711334229,-0.15220391750335693,-0.25003623962402344,0.21289730072021484,-0.031209707260131836,-0.057665228843688965
9820,0.2,0,1,2.9301986694335938,4,0.0428919792175293,0.07171463966369629,4,0.10964202880859375,0.3517146110534668,0.13263976573944092,0.2206145077943802,0.29832011461257935,0.49491357803344727,0.4504408836364746,0.4504408836364746,0.0,0.2145182192325592,0.37962931394577026,0.0,-0.01076650619506836,0.021642208099365234,0.028822660446166992,0.07171463966369629,0.015110492706298828,-0.030001163482666016,-0.06378555297851562,-0.08597731590270996,0.0,-0.06537485122680664,-0.045209407806396484,0.24207258224487305,0.3517146110534668,0.09229874610900879,0.05200624465942383,-0.3532900810241699,-0.3235454559326172
9870,0.2,1,17,0.6610660552978516,6,0.009450912475585938,0.011730015277862549,2,0.05274641513824463,0.11321496963500977,0.1702127456665039,0.22892701625823975,0.28134992718696594,0.35865357518196106,0.12628436088562012,0.08435660600662231,0.0419277548789978,0.05871959403157234,0.13484688103199005,0.0,0.0022791028022766113,-0.03975456953048706,-0.04590517282485962,-0.043388545513153076,-0.007594764232635498,0.011730015277862549,-0.006034731864929199,-0.019411861896514893,0.0,-0.055599749088287354,0.11321496963500977,0.03106510639190674,0.01708608865737915,0.06046855449676514,-0.23697948455810547,-0.10354691743850708,-0.08011597394943237
9927,0.2,0,17,0.6545618176460266,7,0.0036194324493408203,0.03250730037689209,4,0.023272037506103516,0.06043750047683716,0.08602912724018097,0.1216583177447319,0.27026259899139404,0.3283460736274719,0.08961409330368042,0.03923112154006958,0.05038297176361084,0.027813464403152466,0.07453552633523941,0.0,0.013619780540466309,-0.019749343395233154,-0.02737647294998169,-0.026118457317352295,-0.023548007011413574,0.025758087635040283,0.03250730037689209,0.02888786792755127,0.0,-0.057870328426361084,0.006213188171386719,0.030423343181610107,0.06043750047683716,0.03716546297073364,-0.03584820032119751,-0.0595628023147583,-0.10927098989486694
9988,0.2,1,1,3.779325485229492,6,0.1581873893737793,0.27933287620544434,8,0.01256871223449707,0.35150647163391113,0.37393999099731445,0.596757173538208,0.5449274182319641,0.8645538687705994,0.6255884170532227,0.44654250144958496,0.1790459156036377,0.24153736233711243,0.710231363773346,0.0,0.022186279296875,-0.1925950050354004,0.07396245002746582,-0.055805206298828125,-0.027907848358154297,0.27933287620544434,-0.0009605884552001953,0.12114548683166504,0.0,0.03726935386657715,0.33893775939941406,-0.29517507553100586,-0.4445223808288574,-0.018100261688232422,-0.3538846969604492,0.26297807693481445,0.35150647163391113
10162,0.2,1,3,0.05506317690014839,2,0.00032889097929000854,0.009501457214355469,4,0.005956482142210007,0.019269559532403946,0.011326516047120094,0.01654709130525589,0.01990182138979435,0.026247933506965637,0.02528475783765316,0.025055095553398132,0.00022966228425502777,0.0052222260273993015,0.014089399017393589,0.0,-0.003303851932287216,0.009501457214355469,0.007875833660364151,0.00917256623506546,0.004361633211374283,-0.017358656972646713,-0.014850262552499771,-0.01723634824156761,0.0,-0.003884151577949524,-0.012502040714025497,0.01331307739019394,0.019269559532403946,0.004570838063955307,0.008555397391319275,-0.026819933205842972,-0.041860248893499374
10194,0.2,3,1,1.3546819686889648,7,0.00237274169921875,0.1928081512451172,8,0.0025708675384521484,0.34367847442626953,0.39807528257369995,0.5329495668411255,0.4285184442996979,0.6547911763191223,0.5075608491897583,0.5064600706100464,0.001100778579711914,0.0851212739944458,0.19833429157733917,0.0,0.10713863372802734,-0.11061704158782959,-0.1482834815979004,-0.1471189260482788,-0.1610276699066162,0.15455210208892822,0.1928081512451172,0.19043540954589844,0.0,0.3411076068878174,-0.23141956329345703,-0.2922161817550659,-0.33205270767211914,-0.6517038345336914,0.25263381004333496,0.30864500999450684,0.34367847442626953
10258,0.2,3,7,0.9593954682350159,4,0.020034432411193848,0.1678791642189026,2,0.02712702751159668,0.5755611658096313,0.18586000800132751,0.33007675409317017,0.381449818611145,0.6191396713256836,0.6818339824676514,0.670063853263855,0.011770129203796387,0.10100040584802628,0.232820525765419,0.0,-0.06437844038009644,0.1431710124015808,0.14784473180770874,0.1678791642189026,0.08880627155303955,-0.17037183046340942,-0.17979902029037476,-0.19954627752304077,0.0,-0.5321502089500427,0.5755611658096313,0.46681249141693115,0.4740104675292969,0.5484341382980347,-0.9574010968208313,-0.7408706545829773,-0.7011968493461609
10272,0.2,3,2,0.15007202327251434,6,0.004374653100967407,0.011806830763816833,8,0.005814559757709503,0.04944278299808502,0.021052822470664978,0.0374392494559288,0.07095150649547577,0.10886378586292267,0.05144863575696945,0.046312302350997925,0.005136333405971527,0.01156213041394949,0.02417541667819023,0.0,0.006259918212890625,-0.01781928539276123,-0.012701556086540222,-0.011781200766563416,-0.015695706009864807,0.011806830763816833,0.007432177662849426,0.005084484815597534,0.0,0.010292991995811462,0.02969782054424286,-0.08146119117736816,-0.12119288742542267,-0.06966397166252136,-0.07000257074832916,0.04362822324037552,0.04944278299808502
10351,0.2,1,3,4.202560901641846,6,0.1075897216796875,0.1808156967163086,3,0.002165079116821289,0.6061592102050781,0.28436279296875,0.4812917709350586,0.7975808382034302,0.9568087458610535,0.8658215999603271,0.36039233207702637,0.5054292678833008,0.12636548280715942,0.4076322019100189,0.0,0.01967620849609375,-0.09821557998657227,-0.11632871627807617,-0.11805343627929688,-0.03214883804321289,0.1808156967163086,0.0732259750366211,0.052330970764160156,0.0,-0.25728940963745117,0.2100229263305664,0.6061592102050781,0.6039941310882568,0.3649435043334961,-0.27989673614501953,-0.6510014533996582,-0.6227278709411621
10433,0.2,1,2,0.10174097865819931,4,0.0018937960267066956,0.02335437387228012,2,0.003681078553199768,0.02160932868719101,0.025211215019226074,0.03218180686235428,0.028675172477960587,0.04325851425528526,0.0385235920548439,0.03783214092254639,0.0006914511322975159,0.008462248370051384,0.022034626454114914,0.0,-0.007938578724861145,0.021460577845573425,0.0199277326464653,0.02335437387228012,0.009905144572257996,-0.048357926309108734,-0.04281160980463028,-0.04549730569124222,0.0,-0.018820270895957947,0.02160932868719101,0.01418258249759674,0.01792825013399124,0.016312584280967712,-0.07352181524038315,-0.045020826160907745,-0.038645096123218536
10443,0.2,1,1,1.4756180047988892,2,0.040892720222473145,0.2728785276412964,7,0.01097249984741211,0.3013441562652588,0.30455759167671204,0.5165843367576599,0.5290242433547974,0.6842871904373169,0.5401515364646912,0.275856614112854,0.26429492235183716,0.09262397140264511,0.31887200474739075,0.0,-0.16255080699920654,0.2728785276412964,0.13600337505340576,0.15299320220947266,0.23198580741882324,-0.40362775325775146,-0.19603168964385986,-0.2142806053161621,0.0,0.1544572114944458,0.012709379196166992,-0.246801495552063,-0.2639716863632202,-0.21388161182403564,-0.009718656539916992,0.3013441562652588,0.2903716564178467
10451,0.2,0,10,3.5468156337738037,4,0.07717299461364746,0.27133989334106445,4,0.07211899757385254,0.8128299713134766,0.33430179953575134,0.4732929766178131,0.654164731502533,0.8765272498130798,1.1626834869384766,1.1626834869384766,0.0,0.19676056504249573,0.4769178330898285,0.0,-0.02194070816040039,0.05130720138549805,0.194166898727417,0.27133989334106445,0.03311443328857422,-0.07615089416503906,-0.20129108428955078,-0.2115793228149414,0.0,-0.166489839553833,-0.05432319641113281,0.740710973739624,0.8128299713134766,0.23739194869995117,0.08582472801208496,-0.7857916355133057,-0.6366517543792725
10454,0.2,2,10,0.04488709196448326,3,0.00018353387713432312,0.0008986517786979675,8,0.004070602357387543,0.018191352486610413,0.008062781766057014,0.012155339121818542,0.020832912996411324,0.031127773225307465,0.018998589366674423,0.013881377875804901,0.005117211490869522,0.0030289802234619856,0.006580976769328117,0.0,-0.0012578517198562622,0.0006434917449951172,0.0008986517786979675,-0.0011064447462558746,0.0007151179015636444,-0.005183421075344086,-0.005066853016614914,-0.003222506493330002,0.0,0.011338841170072556,-0.008274231106042862,-0.020318571478128433,-0.03459858521819115,-0.03250658139586449,0.005611281841993332,0.01412075012922287,0.018191352486610413
10459,0.2,3,1,0.1589023321866989,4,0.00027499347925186157,0.035960108041763306,4,0.004564844071865082,0.048877470195293427,0.043807003647089005,0.053616032004356384,0.04897326976060867,0.07349171489477158,0.07411802560091019,0.07356401532888412,0.000554010272026062,0.006519701331853867,0.01661280170083046,0.0,-0.024161070585250854,0.035685114562511444,0.03257326781749725,0.035960108041763306,0.02874605357646942,-0.07181695103645325,-0.061756670475006104,-0.06888236105442047,0.0,-0.050772011280059814,0.007556349039077759,0.04175899177789688,0.048877470195293427,0.044312626123428345,-0.03224736452102661,-0.08415359258651733,-0.09802807867527008
10499,0.2,2,13,0.605376124382019,2,0.03427568078041077,0.18330958485603333,5,0.026379436254501343,0.17487898468971252,0.14898967742919922,0.26605331897735596,0.1930001676082611,0.24230815470218658,0.3222043812274933,0.2721870243549347,0.050017356872558594,0.02502753771841526,0.11020305752754211,0.0,-0.07945340871810913,0.18330958485603333,0.14903390407562256,0.1408529281616211,0.10922330617904663,-0.24970638751983643,-0.2026611566543579,-0.18454861640930176,0.0,-0.2238156795501709,0.10776126384735107,0.13422641158103943,0.14849954843521118,0.17487898468971252,-0.31767064332962036,-0.2852233648300171,-0.3103899359703064
10507,0.2,2,10,2.039458990097046,8,0.0012874603271484375,0.03240799903869629,6,0.32105326652526855,0.5808653831481934,0.29715266823768616,0.5013647675514221,0.7683995962142944,1.118812084197998,0.6136542558670044,0.5511951446533203,0.06245911121368408,0.18067999184131622,0.4609142243862152,0.0,0.009112358093261719,-0.026135683059692383,-0.03263115882873535,-0.03513383865356445,-0.017366409301757812,0.022085189819335938,0.03112053871154785,0.03240799903869629,0.0,0.2598121166229248,-0.4191756248474121,-0.14205002784729004,0.0408635139465332,-0.3184692859649658,0.5808653831481934,0.20430254936218262,0.023416757583618164
10697,0.2,2,2,1.4660426378250122,4,0.003827691078186035,0.1605825424194336,4,0.0687989592552185,0.5571845769882202,0.17477473616600037,0.2632206678390503,0.45052140951156616,0.5982500910758972,0.6934126615524292,0.6934126615524292,0.0,0.09391792863607407,0.3214142322540283,0.0,-0.06365835666656494,0.15675485134124756,0.14737582206726074,0.1605825424194336,0.09831249713897705,-0.20964360237121582,-0.1873011589050293,-0.19539785385131836,0.0,-0.27432966232299805,0.23742389678955078,0.4883856177330017,0.5571845769882202,0.41908907890319824,-0.23536550998687744,-0.5172176361083984,-0.48901867866516113
10710,0.2,3,13,2.0046463012695312,4,0.002226114273071289,0.06268024444580078,5,0.1672675609588623,0.8667904138565063,0.19960740208625793,0.363420307636261,0.5998095870018005,1.0204280614852905,0.9164940118789673,0.8999307155609131,0.0165632963180542,0.07897098362445831,0.23636677861213684,0.0,-0.021619319915771484,0.03023242950439453,0.06045413017272949,0.06268024444580078,0.05266571044921875,-0.019385337829589844,-0.04470539093017578,-0.04004621505737305,0.0,-0.678246259689331,0.3788832426071167,0.5975451469421387,0.699522852897644,0.8667904138565063,-0.4608147144317627,-0.744055986404419,-0.8129243850708008
10864,0.2,1,10,0.05762739107012749,4,0.00035276636481285095,0.00041026994585990906,3,0.0021051988005638123,0.02432067319750786,0.012926253490149975,0.01887558028101921,0.024600423872470856,0.03373866155743599,0.026825331151485443,0.024969816207885742,0.001855514943599701,0.0025825335178524256,0.007190285250544548,0.0,5.7503581047058105e-05,-0.002420146018266678,-0.002090044319629669,0.00041026994585990906,-0.000415164977312088,-0.0003588087856769562,-0.0033349990844726562,-0.008084181696176529,0.0,-0.028996232897043228,0.014806091785430908,0.02432067319750786,0.022215474396944046,0.019733455032110214,-0.04766954854130745,-0.09779621660709381,-0.07572305202484131
10969,0.2,0,1,4.3140668869018555,8,1.430511474609375e-06,0.24476146697998047,5,0.42255306243896484,0.7278494834899902,0.4914473593235016,0.6502309441566467,0.6183105707168579,0.8526435494422913,0.9741239547729492,0.5805087089538574,0.3936152458190918,0.1944189965724945,0.5286647081375122,0.0,0.11347007751464844,-0.13810491561889648,-0.1381053924560547,-0.1381058692932129,-0.14243125915527344,0.24476003646850586,0.24476003646850586,0.24476146697998047,0.0,-0.5410947799682617,0.305295467376709,0.3052964210510254,0.3052959442138672,0.7278494834899902,-0.44024181365966797,-0.44024181365966797,-0.44024133682250977
10972,0.2,1,1,2.73203182220459,7,0.0011799335479736328,0.16944646835327148,7,0.03755593299865723,0.25650691986083984,0.4636767506599426,0.5887084007263184,0.6137896776199341,0.9189237356185913,0.4136192798614502,0.4136192798614502,0.0,0.2444021999835968,0.5827355980873108,0.0,0.023537158966064453,-0.07258343696594238,-0.1546339988708496,-0.17427420616149902,-0.0347440242767334,0.09324312210083008,0.16944646835327148,0.16826653480529785,0.0,0.08296942710876465,0.02391791343688965,-0.23676204681396484,-0.23872017860412598,-0.12546801567077637,0.021848678588867188,0.25650691986083984,0.21895098686218262
11083,0.2,3,1,2.4871485233306885,8,0.01099085807800293,0.09540796279907227,2,0.01917576789855957,0.16944026947021484,0.4089323580265045,0.5527059435844421,0.4627903401851654,0.6176947951316833,0.3441007137298584,0.10810160636901855,0.23599910736083984,0.2794310748577118,0.478151798248291,0.0,0.048383235931396484,-0.0338132381439209,-0.059369802474975586,-0.0759429931640625,-0.057242631912231445,0.0648810863494873,0.08441710472106934,0.09540796279907227,0.0,-0.3502333164215088,0.16944026947021484,0.07541704177856445,0.012938976287841797,0.15026450157165527,-0.34282565116882324,-0.27950143814086914,-0.2095320224761963
11183,0.2,2,14,0.2173999845981598,5,0.00035844743251800537,0.03784707188606262,6,0.036646053194999695,0.06935003399848938,0.03659181669354439,0.05681641772389412,0.07499359548091888,0.10959336906671524,0.09592320770025253,0.019391745328903198,0.07653146237134933,0.015217969194054604,0.039557188749313354,0.0,-0.03179877996444702,0.03748862445354462,0.02918154001235962,0.024890974164009094,0.03784707188606262,-0.07039287686347961,-0.0535455048084259,-0.046862274408340454,0.0,0.032703980803489685,-0.1277390718460083,-0.01860623061656952,-0.044698089361190796,-0.1561051607131958,0.06935003399848938,-0.016263902187347412,0.003959596157073975
11246,0.2,0,3,8.0274019241333,8,0.03870868682861328,0.20376873016357422,8,0.2020878791809082,0.5106954574584961,0.348457932472229,0.5710239410400391,1.3083248138427734,1.5182058811187744,0.6942729949951172,0.6942729949951172,0.0,0.2159866988658905,0.5110290050506592,0.0,0.057471275329589844,-0.047987937927246094,-0.08086872100830078,-0.09826850891113281,-0.06592559814453125,0.10702991485595703,0.16506004333496094,0.20376873016357422,0.0,0.3086075782775879,-0.09484195709228516,-0.16149139404296875,-0.2714061737060547,-0.28202152252197266,0.17289400100708008,0.3030967712402344,0.5106954574584961
11272,0.2,2,10,0.5038825273513794,2,0.040210992097854614,0.06564155220985413,2,0.06248483061790466,0.16693827509880066,0.1198965460062027,0.20302408933639526,0.2430862933397293,0.3499464988708496,0.21491628885269165,0.21491628885269165,0.0,0.037494368851184845,0.06474090367555618,0.0,-0.0178375244140625,0.06564155220985413,0.002325892448425293,-0.012981295585632324,0.02543056011199951,-0.0891181230545044,-0.012716948986053467,-0.005214571952819824,0.0,-0.16259640455245972,0.16693827509880066,-0.1274237036705017,0.015451133251190186,0.104453444480896,-0.38660728931427,0.012704938650131226,-0.13160723447799683
11374,0.2,2,1,0.23186537623405457,4,0.00907813012599945,0.031937018036842346,6,0.08225294947624207,0.12668432295322418,0.08925606310367584,0.10693062096834183,0.12513473629951477,0.1586492955684662,0.14675694704055786,0.09934289753437042,0.04741404950618744,0.016785118728876114,0.04277526214718819,0.0,-0.0068079084157943726,0.022858887910842896,0.005623757839202881,0.031937018036842346,0.009368717670440674,-0.03930383920669556,-0.018958717584609985,-0.05169302225112915,0.0,0.04443137347698212,-0.22846481204032898,-0.057535797357559204,-0.07951739430427551,-0.11044692993164062,0.12668432295322418,0.02641919255256653,0.033007457852363586
11531,0.2,1,2,0.819493293762207,4,0.021484792232513428,0.15853071212768555,6,0.0859258770942688,0.09538578987121582,0.16389158368110657,0.23321297764778137,0.2463575154542923,0.3681821823120117,0.2987101078033447,0.1475871205329895,0.15112298727035522,0.04134106636047363,0.16030925512313843,0.0,-0.028685331344604492,0.0977623462677002,0.13704591989517212,0.15853071212768555,0.04361015558242798,-0.13750052452087402,-0.14312881231307983,-0.15846681594848633,0.0,-0.021507978439331055,-0.3276783227920532,-0.042131662368774414,0.009459912776947021,-0.10260027647018433,0.09538578987121582,-0.20666491985321045,-0.21807706356048584
11606,0.2,1,10,0.4787008464336395,2,0.01571112871170044,0.13082653284072876,4,0.06336024403572083,0.1676994264125824,0.132294163107872,0.18390069901943207,0.24377572536468506,0.3179357349872589,0.24736493825912476,0.2166323959827423,0.030732542276382446,0.0260537751019001,0.09593303501605988,0.0,-0.041950732469558716,0.13082653284072876,0.11511540412902832,0.0853264331817627,0.06121465563774109,-0.21029093861579895,-0.16032448410987854,-0.11193493008613586,0.0,-0.06280222535133362,0.0187741219997406,0.10433918237686157,0.1676994264125824,0.07236984372138977,-0.0637073814868927,-0.1654934585094452,-0.20772334933280945
11622,0.2,0,15,1.8653697967529297,4,0.09274232387542725,0.6324098110198975,4,0.06567049026489258,0.34444451332092285,0.3437851071357727,0.43505048751831055,0.6540330052375793,0.8821300268173218,0.9475203156471252,0.9475203156471252,0.0,0.09036268293857574,0.21606259047985077,0.0,-0.07622623443603516,0.07196235656738281,0.5396674871444702,0.6324098110198975,0.11897063255310059,-0.09613454341888428,-0.4677276611328125,-0.5215296745300293,0.0,-0.00574946403503418,-0.1913590431213379,0.16192388534545898,0.34444451332092285,0.011549234390258789,0.2787740230560303,-0.19657039642333984,-0.3092026710510254
11668,0.2,1,0,0.7371178269386292,6,0.03925168514251709,0.19047290086746216,6,0.043238699436187744,0.17681974172592163,0.238327294588089,0.3300090432167053,0.30717724561691284,0.4448428153991699,0.33311212062835693,0.33311212062835693,0.0,0.09872261434793472,0.20543324947357178,0.0,0.10461938381195068,-0.19079309701919556,-0.13273346424102783,-0.1465320587158203,-0.1864224076271057,0.19047290086746216,0.14593356847763062,0.15122121572494507,0.0,0.1335810422897339,-0.15530556440353394,-0.042378127574920654,-0.12315481901168823,-0.2246834635734558,0.17681974172592163,0.06027776002883911,0.13145983219146729
11738,0.2,3,1,5.810977935791016,1,0.019067764282226562,0.2203044891357422,5,0.716331958770752,1.1934137344360352,0.5404354929924011,0.7329093217849731,1.233210563659668,1.7482603788375854,1.4021639823913574,0.9364089965820312,0.46575498580932617,0.156688392162323,0.4638413190841675,0.0,0.2203044891357422,-0.10817432403564453,-0.12032461166381836,-0.13062143325805664,-0.2721991539001465,0.1726388931274414,0.18619108200073242,0.20123672485351562,0.0,-0.6257429122924805,0.4770817756652832,0.33555078506469727,0.28961992263793945,1.1934137344360352,-0.5352058410644531,-0.3661017417907715,-0.2914133071899414
11894,0.2,0,1,0.3664819300174713,2,0.013910502195358276,0.020420998334884644,4,0.001469939947128296,0.05650979280471802,0.0818169116973877,0.11179697513580322,0.159407839179039,0.19389256834983826,0.07515892386436462,0.0625004768371582,0.012658447027206421,0.013987310230731964,0.04132220521569252,0.0,-0.00571104884147644,0.020420998334884644,-0.0006061792373657227,-0.017936021089553833,0.006510496139526367,-0.03437298536300659,-0.02181336283683777,-0.023064374923706055,0.0,-0.046942561864852905,0.0194663405418396,0.04057198762893677,0.05650979280471802,0.05503985285758972,-0.03893366456031799,-0.07370829582214355,-0.10701003670692444
11906,0.2,1,7,6.115741729736328,8,0.05838298797607422,0.1624755859375,8,0.0992884635925293,0.31699371337890625,0.3626956641674042,0.5371421575546265,0.40859994292259216,0.6345086097717285,0.49577999114990234,0.49577999114990234,0.0,0.2507271468639374,0.6840474605560303,0.0,0.04103517532348633,-0.05840635299682617,-0.07036399841308594,-0.11333656311035156,-0.0588078498840332,0.0920267105102539,0.10409259796142578,0.1624755859375,0.0,0.10986042022705078,0.015416145324707031,-0.1324629783630371,-0.2350144386291504,-0.06919384002685547,0.06481027603149414,0.21770524978637695,0.31699371337890625
11960,0.2,1,10,1.7059752941131592,6,0.22673285007476807,0.6447476148605347,6,0.2559652328491211,0.5315515995025635,0.4476408362388611,0.7350994944572449,0.7189706563949585,0.9796403050422668,1.030989170074463,1.030989170074463,0.0,0.1700570285320282,0.4406537711620331,0.0,0.14276552200317383,-0.7836556434631348,-0.4368405342102051,-0.4195382595062256,-0.22847139835357666,0.6447476148605347,0.4180147647857666,0.3671351671218872,0.0,0.0651559829711914,-0.4794602394104004,0.13229787349700928,0.2755863666534424,-0.09050333499908447,0.5315515995025635,-0.0862356424331665,-0.1818528175354004
11967,0.2,0,11,2.825943946838379,8,0.025082111358642578,0.06553411483764648,4,0.06322216987609863,0.5054516792297363,0.1827814280986786,0.28992247581481934,0.6377280354499817,1.0181258916854858,0.5917868614196777,0.413393497467041,0.17839336395263672,0.17399361729621887,0.3538801074028015,0.0,0.0040624141693115234,0.014333963394165039,-0.0304412841796875,-0.06355047225952148,-0.007937908172607422,-0.04853487014770508,0.040452003479003906,0.06553411483764648,0.0,-0.17667174339294434,0.23699450492858887,0.4422295093536377,0.5054516792297363,0.26892781257629395,-0.3218822479248047,-0.3853108882904053,-0.37770986557006836
11972,0.2,0,10,0.27845144271850586,4,0.0013736337423324585,0.03304539620876312,4,0.006835669279098511,0.0630217045545578,0.05196216702461243,0.08211013674736023,0.1140262633562088,0.14897611737251282,0.0734512060880661,0.06896772980690002,0.004483476281166077,0.014100423082709312,0.038236141204833984,0.0,-0.00707244873046875,0.01713654398918152,0.031671762466430664,0.03304539620876312,0.009590089321136475,-0.03232702612876892,-0.060911089181900024,-0.04951822757720947,0.0,-0.01971524953842163,-0.004882305860519409,0.05618603527545929,0.0630217045545578,0.023746967315673828,0.005547255277633667,-0.10159468650817871,-0.07260030508041382
11981,0.2,0,0,1.875091552734375,7,1.1920928955078125e-07,0.18872559070587158,5,0.11926138401031494,0.18728375434875488,0.30472201108932495,0.4068049490451813,0.2848164439201355,0.42217308282852173,0.3716384172439575,0.07855474948883057,0.29308366775512695,0.19622714817523956,0.42060530185699463,0.0,0.09100115299224854,-0.1269679069519043,-0.1269676685333252,-0.1269676685333252,-0.13097119331359863,0.18872547149658203,0.18872559070587158,0.18872547149658203,0.0,-0.1507706642150879,0.06802213191986084,0.06802237033843994,0.06802225112915039,0.18728375434875488,-0.10653138160705566,-0.10653114318847656,-0.10653102397918701
11988,0.2,0,1,3.0328946113586426,4,0.005249738693237305,0.25092601776123047,4,0.03804421424865723,0.13018345832824707,0.28450486063957214,0.40231865644454956,0.3334982991218567,0.4674184322357178,0.4128127098083496,0.4128127098083496,0.0,0.1574830710887909,0.3918265104293823,0.0,-0.07398509979248047,0.21363353729248047,0.24567627906799316,0.25092601776123047,0.11942100524902344,-0.23500871658325195,-0.25570130348205566,-0.23958301544189453,0.0,-0.09728670120239258,0.018558979034423828,0.09213924407958984,0.13018345832824707,0.0865333080291748,-0.06018972396850586,-0.1856520175933838,-0.2922096252441406
11989,0.2,3,1,0.08433890342712402,2,4.857778549194336e-05,0.009941786527633667,2,0.003229789435863495,0.003229789435863495,0.02151884324848652,0.02833218313753605,0.03369656205177307,0.04543761909008026,0.013096094131469727,0.012887418270111084,0.00020867586135864258,0.0033220432233065367,0.008512401022017002,0.0,-0.008003786206245422,0.009941786527633667,0.00884053111076355,0.009504325687885284,0.009893208742141724,-0.018058687448501587,-0.017079420387744904,-0.018663793802261353,0.0,-0.004535220563411713,0.003229789435863495,-0.0029010772705078125,-0.006511062383651733,-0.007470391690731049,-0.010869204998016357,-0.003586500883102417,-0.0006867498159408569
12042,0.2,3,1,0.33206215500831604,4,6.270408630371094e-05,0.08409787714481354,5,0.004402279853820801,0.04988908767700195,0.07283912599086761,0.09671743959188461,0.14763793349266052,0.1866861879825592,0.12206318974494934,0.11946848034858704,0.0025947093963623047,0.01188141293823719,0.029843376949429512,0.0,-0.05576145648956299,0.07967963814735413,0.08403517305850983,0.08409787714481354,0.06749176979064941,-0.14592841267585754,-0.15002912282943726,-0.14862439036369324,0.0,-0.032433152198791504,0.028348833322525024,0.0396786630153656,0.04548680782318115,0.04988908767700195,-0.029954373836517334,-0.04155966639518738,-0.04872217774391174
12140,0.2,2,1,0.005778749473392963,4,2.336828038096428e-05,0.0008430494926869869,6,0.0004186853766441345,0.0009295288473367691,0.001080186222679913,0.0014130204217508435,0.0012741766404360533,0.001978479791432619,0.0016827736981213093,0.0005327812395989895,0.0011499924585223198,0.0004190397448837757,0.0014687379589304328,0.0,-0.0007722307927906513,0.0007495791651308537,0.0008196812123060226,0.0008430494926869869,0.0007652360945940018,-0.001791046466678381,-0.0021073585376143456,-0.002212497405707836,0.0,0.0005108434706926346,-0.0011846404522657394,-0.00040834490209817886,-0.0003652195446193218,-0.002116701565682888,0.0009295288473367691,0.00016250740736722946,7.384223863482475e-05
12156,0.2,0,0,1.262995958328247,8,0.02042633295059204,0.3365018367767334,6,0.07036411762237549,0.14606034755706787,0.358171284198761,0.4871489405632019,0.4441685080528259,0.6214017271995544,0.431194007396698,0.3556676506996155,0.07552635669708252,0.1090032085776329,0.27723729610443115,0.0,0.10646927356719971,-0.15762710571289062,-0.30335772037506104,-0.3341277837753296,-0.1794058084487915,0.18122243881225586,0.31607550382614136,0.3365018367767334,0.0,0.07569622993469238,-0.11001145839691162,-0.03517889976501465,0.008578300476074219,-0.10472607612609863,0.14606034755706787,0.06100654602050781,0.011757612228393555
12227,0.2,0,2,0.5251989364624023,6,0.01657402515411377,0.027877748012542725,4,0.06969809532165527,0.15625643730163574,0.12726977467536926,0.18011555075645447,0.18254275619983673,0.2520083487033844,0.17002344131469727,0.17002344131469727,0.0,0.03238392993807793,0.07248713076114655,0.0,0.00641787052154541,-0.02590101957321167,-0.013342857360839844,-0.019937515258789062,-0.010883331298828125,0.027877748012542725,0.006209015846252441,0.011303722858428955,0.0,-0.05946362018585205,0.018973112106323242,0.08655834197998047,0.15625643730163574,0.06767410039901733,-0.03327536582946777,-0.17932677268981934,-0.25831007957458496
12246,0.2,3,1,1.8379886150360107,6,0.08663070201873779,0.17865526676177979,3,0.00536954402923584,0.4367525577545166,0.3875647783279419,0.506810188293457,0.4456349015235901,0.7053979635238647,0.5565214157104492,0.30519580841064453,0.2513256072998047,0.22215712070465088,0.5543493628501892,0.0,0.08112263679504395,-0.30368852615356445,-0.1697394847869873,-0.19346237182617188,-0.17420363426208496,0.17865526676177979,0.08679938316345215,0.09202456474304199,0.0,-0.3498079776763916,0.09417283535003662,0.4367525577545166,0.43138301372528076,0.4271758794784546,-0.17080903053283691,-0.5594198703765869,-0.5099160671234131
12358,0.2,3,1,0.5316063165664673,6,0.014246642589569092,0.040248215198516846,6,0.03226017951965332,0.0915340781211853,0.08426030725240707,0.13744214177131653,0.2662888467311859,0.3488888144493103,0.11400806903839111,0.11400806903839111,0.0,0.025470847263932228,0.057688675820827484,0.0,0.01809370517730713,-0.05322617292404175,-0.04788172245025635,-0.04960274696350098,-0.039456069469451904,0.040248215198516846,0.026001572608947754,0.0183524489402771,0.0,0.05927389860153198,-0.08671349287033081,-0.05631554126739502,-0.05935561656951904,-0.1047062873840332,0.0915340781211853,0.05753064155578613,0.05564248561859131
12388,0.2,2,17,0.948829710483551,4,0.0010994672775268555,0.06773823499679565,5,0.050322651863098145,0.21333736181259155,0.12724128365516663,0.21555966138839722,0.3606869876384735,0.5180662870407104,0.26763999462127686,0.25276118516921997,0.014878809452056885,0.06377694755792618,0.15455463528633118,0.0,-0.038131117820739746,0.0666387677192688,0.06324160099029541,0.06773823499679565,0.05107313394546509,-0.11398667097091675,-0.10405510663986206,-0.1092638373374939,0.0,-0.10843843221664429,0.14375239610671997,0.1630147099494934,0.10752087831497192,0.21333736181259155,-0.14262241125106812,-0.1473807692527771,-0.046305179595947266
12479,0.2,2,1,1.9277968406677246,6,0.02731943130493164,0.16809344291687012,8,0.009757518768310547,0.057375192642211914,0.3447273373603821,0.4611680209636688,0.4063209593296051,0.5344353914260864,0.22862160205841064,0.20056724548339844,0.028054356575012207,0.16845567524433136,0.4296121895313263,0.0,0.08888161182403564,-0.1421215534210205,-0.10177040100097656,-0.12746763229370117,-0.14634943008422852,0.16809344291687012,0.11751937866210938,0.14077401161193848,0.0,0.021367788314819336,0.006203889846801758,-0.03851902484893799,-0.04948997497558594,-0.03210735321044922,-0.020756959915161133,0.04761767387390137,0.057375192642211914
12576,0.2,3,1,2.8224833011627197,7,0.0011849403381347656,0.24004292488098145,5,0.17922139167785645,0.552065372467041,0.5424097180366516,0.703834593296051,0.5928851366043091,1.0047235488891602,0.7638626098632812,0.3911895751953125,0.37267303466796875,0.22585418820381165,0.49756714701652527,0.0,0.13306236267089844,-0.16138792037963867,-0.1643965244293213,-0.15842008590698242,-0.18341326713562012,0.23885798454284668,0.24004292488098145,0.23291635513305664,0.0,-0.4080939292907715,0.37284398078918457,0.23050212860107422,0.15937280654907227,0.552065372467041,-0.5032882690429688,-0.3143951892852783,-0.21663618087768555
12665,0.2,0,14,0.3900735378265381,4,0.006736069917678833,0.008616834878921509,4,0.04162546992301941,0.09406670928001404,0.0796685665845871,0.10706492513418198,0.14520414173603058,0.20480971038341522,0.10168671607971191,0.10168671607971191,0.0,0.01976734772324562,0.05171816423535347,0.0,-0.0035188496112823486,0.0011506378650665283,-0.0006951093673706055,0.008616834878921509,0.0018807649612426758,-0.00580105185508728,-0.0034373104572296143,-0.015237689018249512,0.0,-0.054847657680511475,-0.025400668382644653,0.051611244678497314,0.09406670928001404,0.05244123935699463,0.0299832820892334,-0.09701502323150635,-0.1888103485107422
12705,0.2,0,17,0.5278645753860474,4,2.384185791015625e-07,0.015587329864501953,8,1.7881393432617188e-07,0.008125126361846924,0.09918926656246185,0.1328287422657013,0.17631234228610992,0.24290242791175842,0.021879494190216064,0.0,0.021879494190216064,0.02887328341603279,0.07422292977571487,0.0,-0.011388719081878662,0.015587091445922852,0.015587091445922852,0.015587329864501953,0.015551924705505371,-0.026281416416168213,-0.026281416416168213,-0.026281237602233887,0.0,0.004942476749420166,-0.01712024211883545,-0.01711982488632202,-0.0171201229095459,-0.07064151763916016,0.008124828338623047,0.008124947547912598,0.008125126361846924
12774,0.2,2,11,0.2227955013513565,2,0.003630891442298889,0.026081234216690063,8,0.009628534317016602,0.0721970945596695,0.04748975858092308,0.060600556433200836,0.08816340565681458,0.12007901072502136,0.08510072529315948,0.055019497871398926,0.03008122742176056,0.01747971959412098,0.03644036501646042,0.0,-0.0091991126537323,0.026081234216690063,0.022200793027877808,0.022450342774391174,0.012249082326889038,-0.04002170264720917,-0.03627975285053253,-0.036397770047187805,0.0,0.05149541795253754,-0.048065707087516785,-0.282818078994751,-0.4496394991874695,-0.25653499364852905,0.008798956871032715,0.0625685602426529,0.0721970945596695
12789,0.2,2,2,1.9748952388763428,7,0.007478237152099609,0.05569005012512207,5,0.04297435283660889,0.1141660213470459,0.3965190351009369,0.6279680728912354,0.5137984156608582,0.839514434337616,0.17130029201507568,0.12566471099853516,0.04563558101654053,0.18001335859298706,0.3738720715045929,0.0,0.01383507251739502,0.02568340301513672,-0.024053573608398438,-0.01545560359954834,0.0018246173858642578,-0.003612518310546875,0.05569005012512207,0.04821181297302246,0.0,-0.08552956581115723,0.07119166851043701,0.0378260612487793,0.02661454677581787,0.1141660213470459,-0.10760736465454102,-0.05794930458068848,-0.04001140594482422
12827,0.2,0,3,0.25829431414604187,8,0.00029195845127105713,0.037081241607666016,3,0.003544554114341736,0.022800400853157043,0.04442126676440239,0.07141748815774918,0.1322149634361267,0.1618182361125946,0.05681636929512024,0.03442670404911041,0.022389665246009827,0.0140650300309062,0.03352737054228783,0.0,0.005304396152496338,-0.02608966827392578,-0.035589903593063354,-0.05775371193885803,-0.008290737867355347,0.03245730698108673,0.03678928315639496,0.037081241607666016,0.0,-0.006145954132080078,-0.0019032657146453857,0.022800400853157043,0.019255846738815308,0.007092833518981934,0.0018231570720672607,-0.054104626178741455,-0.042319923639297485
12859,0.2,1,1,0.024801675230264664,5,1.093931496143341e-05,0.0006759855896234512,2,0.0015152692794799805,0.0033077262341976166,0.006326367147266865,0.00781931634992361,0.007363601122051477,0.011060461401939392,0.004276474937796593,0.004168219864368439,0.00010825507342815399,0.0029495947528630495,0.006898105144500732,0.0,-0.0005453620105981827,0.0006650462746620178,0.0002693627029657364,0.000254705548286438,0.0006759855896234512,-0.0012096036225557327,-0.000511540099978447,-0.0005122367292642593,0.0,-0.00893457606434822,0.0033077262341976166,0.0007070563733577728,0.000528557226061821,0.001792456954717636,-0.009382009506225586,-0.0016592293977737427,-0.0018008574843406677
12888,0.2,3,2,1.8018828630447388,8,0.03589785099029541,0.20145893096923828,5,0.009914398193359375,0.08633792400360107,0.2663652300834656,0.37980371713638306,0.5008928179740906,0.7578172087669373,0.2701679468154907,0.21319246292114258,0.056975483894348145,0.1041562557220459,0.3185194730758667,0.0,0.13055336475372314,-0.1584089994430542,-0.15337896347045898,-0.19507062435150146,-0.254250168800354,0.14630568027496338,0.16556107997894287,0.20145893096923828,0.0,0.019414782524108887,-0.028041958808898926,0.030261874198913574,0.0764235258102417,0.08633792400360107,0.07399308681488037,-0.024503707885742188,-0.06927800178527832
12892,0.2,0,11,1.155593752861023,5,0.0213090181350708,0.11643087863922119,5,0.20218425989151,0.35553067922592163,0.35078001022338867,0.5202653408050537,0.5354213118553162,0.6894704103469849,0.4413827657699585,0.4413827657699585,0.0,0.11960494518280029,0.2881346344947815,0.0,-0.07585585117340088,0.09512186050415039,0.09512186050415039,0.09512174129486084,0.11643087863922119,-0.13830912113189697,-0.13830864429473877,-0.13830935955047607,0.0,-0.30961859226226807,0.15334546566009521,0.15334641933441162,0.15334546566009521,0.35553067922592163,-0.23207104206085205,-0.2320704460144043,-0.23207104206085205
12937,0.2,1,1,0.1715833991765976,6,0.008265599608421326,0.0094166100025177,4,0.007341057062149048,0.028634026646614075,0.027189483866095543,0.0382065586745739,0.07532837241888046,0.09715374559164047,0.037907928228378296,0.017048120498657227,0.02085980772972107,0.009967002086341381,0.020560452714562416,0.0,0.0011510103940963745,-0.010944515466690063,-0.00771157443523407,-0.009722024202346802,-0.003941282629966736,0.0094166100025177,-0.0058801621198654175,-0.016324415802955627,0.0,-0.043667569756507874,0.012191534042358398,0.020734816789627075,0.028634026646614075,0.021292969584465027,-0.050204068422317505,-0.1036374419927597,-0.11698262393474579
13040,0.2,2,10,6.9047040939331055,8,0.0008692741394042969,0.4002566337585449,8,0.12282514572143555,1.1481127738952637,0.729749321937561,1.0116522312164307,1.2183791399002075,1.7075139284133911,1.4821815490722656,1.476850986480713,0.005330562591552734,0.22640764713287354,0.5603442192077637,0.0,0.11751556396484375,-0.13030385971069336,-0.21428394317626953,-0.21575260162353516,-0.1407933235168457,0.29286766052246094,0.3993873596191406,0.4002566337585449,0.0,0.5238075256347656,-0.13913631439208984,-0.787193775177002,-0.8852992057800293,-0.633969783782959,0.5027685165405273,1.0252876281738281,1.1481127738952637
13088,0.2,3,1,2.0548737049102783,8,0.024453163146972656,0.37379491329193115,1,0.3292278051376343,1.365973711013794,0.46528083086013794,0.6533492803573608,0.6972125768661499,0.9724728465080261,1.537843108177185,1.5209085941314697,0.016934514045715332,0.1276882290840149,0.32137244939804077,0.0,0.3369868993759155,-0.2486579418182373,-0.26851725578308105,-0.2941455841064453,-0.5587809085845947,0.32337069511413574,0.3493417501449585,0.37379491329193115,0.0,1.365973711013794,-0.9720065593719482,-0.9600498676300049,-1.0496392250061035,-2.629868268966675,1.0367459058761597,1.0079865455627441,1.0349228382110596
13139,0.2,3,2,0.7552074790000916,6,0.04143500328063965,0.09266108274459839,5,0.16732043027877808,0.5154135227203369,0.09351898729801178,0.16814807057380676,0.30930423736572266,0.5137924551963806,0.520354688167572,0.5125853419303894,0.007769346237182617,0.05584489181637764,0.17816174030303955,0.0,0.039411962032318115,-0.07518661022186279,-0.0360105037689209,-0.03400862216949463,-0.05575042963027954,0.09266108274459839,0.05122607946395874,0.050262272357940674,0.0,-0.5533173680305481,0.30837777256965637,0.3238197863101959,0.34809309244155884,0.5154135227203369,-0.5405836701393127,-0.4990461468696594,-0.45858126878738403
13193,0.2,2,1,2.040210723876953,4,0.004517555236816406,0.15962815284729004,6,0.12157905101776123,0.12157905101776123,0.1304663121700287,0.2009783685207367,0.3434816598892212,0.6327313184738159,0.30006885528564453,0.1280357837677002,0.17203307151794434,0.18848460912704468,0.38127270340919495,0.0,-0.08079719543457031,0.15511059761047363,0.1458989381790161,0.15962815284729004,0.12296164035797119,-0.20120620727539062,-0.18908286094665527,-0.20534491539001465,0.0,-0.004109859466552734,-0.2803525924682617,-0.0022974014282226562,-0.030922889709472656,-0.2074604034423828,0.12157905101776123,-0.12274932861328125,-0.08174657821655273
13204,0.2,1,1,1.1695539951324463,8,0.003294706344604492,0.02585899829864502,5,0.09957230091094971,0.23069310188293457,0.1978609263896942,0.3227423131465912,0.3228321671485901,0.5076248645782471,0.24711567163467407,0.2315773367881775,0.015538334846496582,0.15257064998149872,0.31377533078193665,0.0,-0.003103494644165039,0.022564291954040527,-0.004141688346862793,-0.014987349510192871,0.0042192935943603516,-0.030034542083740234,0.010420799255371094,0.02585899829864502,0.0,-0.19634628295898438,0.13112080097198486,0.12498235702514648,0.12594938278198242,0.23069310188293457,-0.19935834407806396,-0.18403422832489014,-0.18652009963989258
13228,0.2,1,13,0.2846404016017914,8,0.0034182369709014893,0.012370854616165161,7,8.559226989746094e-05,0.058619946241378784,0.06771982461214066,0.10486091673374176,0.07664074003696442,0.10407369583845139,0.058619946241378784,0.05177803337574005,0.006841912865638733,0.027901360765099525,0.0799674242734909,0.0,0.004248857498168945,-0.010224461555480957,-0.024009525775909424,-0.03657793998718262,-0.009246110916137695,0.008952617645263672,0.005941629409790039,0.012370854616165161,0.0,0.01702141761779785,0.021862506866455078,-0.13048911094665527,-0.16580742597579956,-0.05305749177932739,-0.11780735850334167,0.058619946241378784,0.05853435397148132
13246,0.2,2,10,3.5529115200042725,8,0.009324073791503906,0.4269397258758545,2,0.16716241836547852,0.43529748916625977,0.579413115978241,0.7243189811706543,1.0608088970184326,1.468435525894165,0.8368892669677734,0.49117159843444824,0.3457176685333252,0.19634483754634857,0.4276140034198761,0.0,0.15187788009643555,-0.3367176055908203,-0.3568916320800781,-0.3621542453765869,-0.2346789836883545,0.41099095344543457,0.4176156520843506,0.4269397258758545,0.0,-0.14494109153747559,0.43529748916625977,0.09524178504943848,-0.007043361663818359,0.26813507080078125,-0.5078976154327393,-0.05680727958679199,0.06739139556884766
13372,0.2,0,1,2.7418277263641357,5,0.00740504264831543,0.05286097526550293,5,0.025722265243530273,0.04478812217712402,0.2518698275089264,0.47526445984840393,0.38870158791542053,0.6389262676239014,0.09383893013000488,0.09383893013000488,0.0,0.2631833553314209,0.5077320337295532,0.0,-0.03572797775268555,0.0454559326171875,0.0454556941986084,0.0454559326171875,0.05286097526550293,-0.06813716888427734,-0.06813716888427734,-0.06813716888427734,0.0,-0.04095292091369629,0.01906585693359375,0.01906561851501465,0.019065380096435547,0.04478812217712402,-0.02814650535583496,-0.028146743774414062,-0.028146743774414062
13727,0.2,2,1,0.052225951105356216,4,0.0005036257207393646,0.003231152892112732,7,0.004018206149339676,0.006704550236463547,0.01091654971241951,0.0163206048309803,0.0267445407807827,0.03510183095932007,0.00985829159617424,0.0007539317011833191,0.009104359894990921,0.00346759264357388,0.007501145824790001,0.0,-0.001716718077659607,0.0027275271713733673,0.001138981431722641,0.003231152892112732,0.0019264183938503265,-0.006790269166231155,-0.004739750176668167,-0.007897473871707916,0.0,0.001447584480047226,-0.0025915801525115967,-0.015846658498048782,-0.01221248134970665,-0.013190772384405136,-0.005676884204149246,0.006704550236463547,0.002686344087123871
13782,0.2,1,10,0.06467781215906143,4,0.002024460583925247,0.012230463325977325,4,0.0029838234186172485,0.007221147418022156,0.013731908984482288,0.01752636767923832,0.02494501695036888,0.03972149267792702,0.017669927328824997,0.017669927328824997,0.0,0.004197930451482534,0.010553665459156036,0.0,-0.006724730134010315,0.009191527962684631,0.010206002742052078,0.012230463325977325,0.008622512221336365,-0.016279272735118866,-0.017393536865711212,-0.02100086212158203,0.0,-0.00819753110408783,-0.004442527890205383,0.004237323999404907,0.007221147418022156,-0.0008007660508155823,-0.002725943922996521,-0.010423973202705383,-0.01736520230770111
13790,0.2,2,1,0.17489886283874512,6,0.029216140508651733,0.04038417339324951,6,0.044228240847587585,0.126056969165802,0.05144355818629265,0.0667630136013031,0.10235508531332016,0.12590990960597992,0.13432367146015167,0.13432367146015167,0.0,0.007804053835570812,0.019343385472893715,0.0,0.003956720232963562,-0.04041410982608795,-0.01242879033088684,-0.0006436258554458618,-0.006367668509483337,0.04038417339324951,0.011168032884597778,-0.004599347710609436,0.0,0.05420944094657898,-0.3798908591270447,-0.1698172688484192,-0.09366005659103394,-0.1381726861000061,0.126056969165802,0.08182872831821442,0.05243377387523651
13824,0.2,0,1,4.56551456451416,8,0.027422428131103516,0.450897216796875,5,0.14633989334106445,0.7976336479187012,0.5115870237350464,0.6533562541007996,0.8611930012702942,1.1324375867843628,1.2244019508361816,0.48905038833618164,0.7353515625,0.11079518496990204,0.34636521339416504,0.0,0.18199968338012695,-0.4856419563293457,-0.5575070381164551,-0.6307129859924316,-0.3389759063720703,0.38805627822875977,0.4234747886657715,0.450897216796875,0.0,-0.6336126327514648,0.6025295257568359,0.530174732208252,0.6512937545776367,0.7976336479187012,-0.8856801986694336,-0.7631831169128418,-0.9086079597473145
13958,0.2,1,10,4.30997896194458,6,0.16165733337402344,0.3548908233642578,6,0.16966938972473145,0.582364559173584,0.46947750449180603,0.6195995807647705,0.6872126460075378,1.227912187576294,0.8031446933746338,0.8031446933746338,0.0,0.2895667254924774,0.5926164984703064,0.0,0.07662343978881836,-0.29459285736083984,-0.15828371047973633,-0.17063093185424805,-0.11593103408813477,0.3548908233642578,0.18490219116210938,0.19323348999023438,0.0,0.33396363258361816,-0.5637612342834473,-0.664456844329834,-0.5456795692443848,-0.7525982856750488,0.582364559173584,0.41269516944885254,0.2922849655151367
14063,0.2,1,10,0.047596290707588196,4,0.0011392682790756226,0.009060155600309372,4,0.0053609274327754974,0.013188101351261139,0.009090789593756199,0.01301640272140503,0.01783742569386959,0.025175882503390312,0.02024010382592678,0.02024010382592678,0.0,0.0034066210500895977,0.008056334219872952,0.0,-0.004703879356384277,0.007435448467731476,0.00792088732123375,0.009060155600309372,0.0051589347422122955,-0.0225222185254097,-0.018419533967971802,-0.020604051649570465,0.0,-0.006352931261062622,-0.002904321998357773,0.007827173918485641,0.013188101351261139,0.0057038553059101105,-0.008722040802240372,-0.015460379421710968,-0.021167881786823273
14114,0.2,2,3,7.405395984649658,8,0.008663177490234375,0.1096034049987793,2,0.029266357421875,0.18466806411743164,0.3250988721847534,0.47806793451309204,0.6326242685317993,0.8861196041107178,0.30613088607788086,0.30613088607788086,0.0,0.20463435351848602,0.5616148114204407,0.0,0.004116058349609375,0.1006474494934082,0.040384769439697266,0.03364086151123047,0.006049633026123047,0.08437824249267578,0.10094022750854492,0.1096034049987793,0.0,-0.010602951049804688,0.18466806411743164,0.10977792739868164,0.15540170669555664,0.11794471740722656,0.02237987518310547,0.05846214294433594,0.022304534912109375
14189,0.2,1,2,1.498318076133728,5,0.005488395690917969,0.09565746784210205,5,0.0030641555786132812,0.09293568134307861,0.25361132621765137,0.35035598278045654,0.3391655385494232,0.5076455473899841,0.1901339292526245,0.1901339292526245,0.0,0.10642316192388535,0.2767638862133026,0.0,-0.07853806018829346,0.09016907215118408,0.06950736045837402,0.07106935977935791,0.09565746784210205,-0.16022217273712158,-0.11586189270019531,-0.12035024166107178,0.0,-0.058985114097595215,0.08987152576446533,-0.039270758628845215,-0.02625107765197754,0.09293568134307861,-0.1364760398864746,0.057089924812316895,0.038916945457458496
14249,0.2,3,12,0.3499622344970703,2,0.033161431550979614,0.0953129231929779,5,0.03555583953857422,0.12175017595291138,0.07509474456310272,0.11334186792373657,0.0418156161904335,0.0747021734714508,0.18697980046272278,0.1647995412349701,0.022180259227752686,0.03231170028448105,0.08931710571050644,0.0,-0.0510103702545166,0.0953129231929779,0.061631590127944946,0.06215149164199829,0.06124415993690491,-0.16041505336761475,-0.10115808248519897,-0.09889715909957886,0.0,-0.16426759958267212,0.0766167938709259,0.07565179467201233,0.08619433641433716,0.12175017595291138,-0.22828388214111328,-0.19715672731399536,-0.21778374910354614
14279,0.2,3,10,0.6760826110839844,5,0.02169787883758545,0.122283935546875,7,0.06102532148361206,0.13145828247070312,0.18869654834270477,0.251725971698761,0.35797470808029175,0.47442856431007385,0.24250656366348267,0.14868134260177612,0.09382522106170654,0.04463542252779007,0.11528541147708893,0.0,-0.08000808954238892,0.09116077423095703,0.09162312746047974,0.10058605670928955,0.122283935546875,-0.11589497327804565,-0.1142609715461731,-0.12373042106628418,0.0,0.008339226245880127,0.06257897615432739,-0.14963269233703613,-0.10497832298278809,-0.13446569442749023,-0.13491076231002808,0.13145828247070312,0.07043296098709106
14306,0.2,1,3,0.5503062009811401,8,0.0044751763343811035,0.033034682273864746,4,0.10009244084358215,0.24025756120681763,0.06040262058377266,0.08445039391517639,0.2817234396934509,0.33092817664146423,0.2673264145851135,0.222314715385437,0.045011699199676514,0.037910956889390945,0.07765912264585495,0.0,0.004913806915283203,-0.0059416890144348145,-0.020748436450958252,-0.026492536067962646,-0.007057249546051025,0.0075321197509765625,0.028559505939483643,0.033034682273864746,0.0,-0.09661692380905151,0.04606348276138306,0.14016512036323547,0.24025756120681763,0.12563160061836243,-0.062259793281555176,-0.22086763381958008,-0.3803994059562683
14341,0.2,1,7,1.6164888143539429,4,0.054725050926208496,0.32581889629364014,3,0.0254439115524292,0.40988385677337646,0.309924840927124,0.4531347453594208,0.5281829237937927,0.7381893396377563,0.7348041534423828,0.6979734897613525,0.03683066368103027,0.18876327574253082,0.38648176193237305,0.0,-0.043431997299194336,0.17329680919647217,0.27109384536743164,0.32581889629364014,0.06690824031829834,-0.13711810111999512,-0.2373446226119995,-0.2512930631637573,0.0,-0.08517718315124512,-0.004793763160705566,0.40988385677337646,0.38443994522094727,0.16427183151245117,0.03808736801147461,-0.29602277278900146,-0.25313735008239746
14385,0.2,2,1,0.05705420672893524,7,0.0005215592682361603,0.001993175595998764,2,0.0011042170226573944,0.0013365335762500763,0.013956442475318909,0.01826196163892746,0.015950698405504227,0.02406059391796589,0.003493715077638626,0.0019959956407546997,0.0014977194368839264,0.004007908049970865,0.011575356125831604,0.0,0.00035170838236808777,0.0004690811038017273,-0.0024793781340122223,-0.0022248290479183197,-0.000777076929807663,-0.0017636455595493317,0.001993175595998764,0.0014716163277626038,0.0,-0.0006148219108581543,0.0013365335762500763,-0.0020747222006320953,-0.004543136805295944,-0.001579631119966507,-0.005669549107551575,-0.0014636069536209106,0.00023231655359268188
14423,0.2,2,1,2.1068761348724365,3,0.0007997751235961914,0.1671379804611206,8,0.026737451553344727,0.06738996505737305,0.2943289279937744,0.39500147104263306,0.4958341717720032,0.9021705985069275,0.24137115478515625,0.10055255889892578,0.14081859588623047,0.16491542756557465,0.49762359261512756,0.0,-0.09706234931945801,0.14830100536346436,0.1671379804611206,0.1642671823501587,0.16633820533752441,-0.16521525382995605,-0.19723987579345703,-0.19157004356384277,0.0,0.02556896209716797,-0.060576677322387695,-0.10203266143798828,-0.12643814086914062,-0.23824858665466309,-0.022359609603881836,0.04065251350402832,0.06738996505737305
14488,0.2,0,0,1.7324880361557007,4,0.06277823448181152,0.25489723682403564,3,0.06737542152404785,0.5105538368225098,0.23663683235645294,0.37055644392967224,0.4461859166622162,0.6346235871315002,0.7484927177429199,0.7000240087509155,0.048468708992004395,0.13054528832435608,0.3028492033481598,0.0,-0.02369868755340576,0.06427907943725586,0.19211900234222412,0.25489723682403564,0.03608238697052002,-0.10133183002471924,-0.24574625492095947,-0.238908052444458,0.0,-0.08123064041137695,-0.05607473850250244,0.5105538368225098,0.4431784152984619,0.12577104568481445,0.07931685447692871,-0.4415551424026489,-0.31452763080596924
14712,0.2,1,1,0.09260765463113785,2,0.0020583420991897583,0.005158476531505585,4,0.0020220987498760223,0.05100826174020767,0.024685993790626526,0.03387937322258949,0.0366562157869339,0.048256177455186844,0.0532197542488575,0.04967112094163895,0.0035486333072185516,0.009220553562045097,0.019549569115042686,0.0,-0.0009199753403663635,0.005158476531505585,0.0029989853501319885,-0.005863204598426819,0.0014496669173240662,-0.008731499314308167,-0.0056281015276908875,0.0031001344323158264,0.0,-0.02449602633714676,0.01672014594078064,0.04898616299033165,0.05100826174020767,0.02840396761894226,-0.030817583203315735,-0.09962166100740433,-0.07159852236509323
14854,0.2,3,2,0.787181556224823,5,0.020725011825561523,0.22749847173690796,5,0.08384770154953003,0.3982028365135193,0.16917784512043,0.23978345096111298,0.3481103479862213,0.47464534640312195,0.5075510740280151,0.5075510740280151,0.0,0.04568253830075264,0.1386396884918213,0.0,-0.17238181829452515,0.20677345991134644,0.173683762550354,0.1925559639930725,0.22749847173690796,-0.3241308331489563,-0.25590306520462036,-0.27917200326919556,0.0,-0.4778297543525696,0.31435513496398926,0.19940966367721558,0.21649855375289917,0.3982028365135193,-0.633245050907135,-0.3060036301612854,-0.29870492219924927
14881,0.2,3,1,0.09730269759893417,4,0.002592824399471283,0.013800039887428284,5,0.00023354589939117432,0.030861787497997284,0.03517811372876167,0.04547460004687309,0.036517903208732605,0.0480794720351696,0.040440939366817474,0.03676682710647583,0.0036741122603416443,0.006236047483980656,0.013487668707966805,0.0,-0.008238844573497772,0.008298680186271667,0.011207215487957,0.013800039887428284,0.008805923163890839,-0.021383166313171387,-0.02565765380859375,-0.0296643003821373,0.0,-0.03256625682115555,0.03062824159860611,0.020214244723320007,0.015669606626033783,0.030861787497997284,-0.07328600436449051,-0.03944646567106247,-0.02811894565820694
14894,0.2,1,1,0.012336025945842266,5,9.422190487384796e-06,0.00022574793547391891,5,0.0017002345994114876,0.004363464191555977,0.0020237560383975506,0.003105883253738284,0.003497948870062828,0.005279734265059233,0.004544067662209272,0.004544067662209272,0.0,0.0006801147246733308,0.0018084119074046612,0.0,-0.0002255793660879135,0.0002047838643193245,0.00021632574498653412,0.00020490214228630066,0.00022574793547391891,-0.0004967721179127693,-0.0005177212879061699,-0.0005126604810357094,0.0,-0.006429859437048435,0.0025488343089818954,0.0025592222809791565,0.0026632295921444893,0.004363464191555977,-0.006056816317141056,-0.005903954617679119,-0.00609684269875288
14963,0.2,1,1,2.974315881729126,2,0.014289140701293945,0.07333731651306152,7,0.006579875946044922,0.2120966911315918,0.5418564677238464,0.6591441035270691,0.5919694900512695,0.8718045949935913,0.289111852645874,0.16188788414001465,0.12722396850585938,0.21240873634815216,0.6501764059066772,0.0,-0.031905174255371094,0.07333731651306152,0.05904817581176758,0.028513431549072266,0.04979705810546875,-0.10362696647644043,-0.07836318016052246,-0.032691240310668945,0.0,0.18775177001953125,-0.14542102813720703,-0.15590405464172363,-0.16362357139587402,-0.27913784980773926,0.20551681518554688,0.2120966911315918,0.20087647438049316
14965,0.2,0,10,0.06273797154426575,4,0.005766123533248901,0.016935382038354874,3,0.010736934840679169,0.04148825258016586,0.014387497678399086,0.021097205579280853,0.019484402611851692,0.02670985460281372,0.047517403960227966,0.04536457359790802,0.0021528303623199463,0.0017584966262802482,0.00483877956867218,0.0,-0.0011810436844825745,0.0014907382428646088,0.011169258505105972,0.016935382038354874,0.001788366585969925,-0.0023299753665924072,-0.019153371453285217,-0.02035798877477646,0.0,-0.012978695333003998,0.005172025412321091,0.04148825258016586,0.030751317739486694,0.014813344925642014,-0.009721115231513977,-0.1648956835269928,-0.039946675300598145
14968,0.2,0,1,2.3929975032806396,4,0.04688429832458496,0.21339011192321777,7,0.010245800018310547,0.34919071197509766,0.347799688577652,0.5976390242576599,0.36433523893356323,0.6543779373168945,0.5527700185775757,0.1783299446105957,0.37444007396698,0.22563059628009796,0.49344125390052795,0.0,-0.028614044189453125,0.07498311996459961,0.1665058135986328,0.21339011192321777,0.04513430595397949,-0.08738160133361816,-0.16379833221435547,-0.15275835990905762,0.0,0.07289814949035645,0.09155464172363281,-0.44173574447631836,-0.647005558013916,-0.13117194175720215,-0.13013148307800293,0.34919071197509766,0.3389449119567871
15016,0.2,0,1,0.47522616386413574,4,0.012692004442214966,0.05110812187194824,4,0.021405816078186035,0.10292580723762512,0.11502070724964142,0.1457442343235016,0.19871878623962402,0.24814683198928833,0.14545264840126038,0.14545264840126038,0.0,0.01553935557603836,0.05014893040060997,0.0,-0.023091763257980347,0.03149205446243286,0.038416117429733276,0.05110812187194824,0.027196496725082397,-0.07043850421905518,-0.07812011241912842,-0.10017549991607666,0.0,-0.09016799926757812,0.022148489952087402,0.07164299488067627,0.10292580723762512,0.08151999115943909,-0.05137401819229126,-0.15407371520996094,-0.23018133640289307
15032,0.2,1,1,3.495453357696533,8,0.06635618209838867,0.18189334869384766,5,0.026076316833496094,0.2410433292388916,0.26528388261795044,0.4253482520580292,0.4601345956325531,0.821936845779419,0.4081249237060547,0.20253682136535645,0.20558810234069824,0.2309424877166748,0.5653524994850159,0.0,0.03060317039489746,-0.009164810180664062,-0.08144855499267578,-0.13529062271118164,-0.04750871658325195,0.012555122375488281,0.11553716659545898,0.18189334869384766,0.0,-0.2723875045776367,0.18657922744750977,0.2149670124053955,0.17486906051635742,0.2410433292388916,-0.3948957920074463,-0.34354233741760254,-0.27884578704833984
15048,0.2,2,7,1.219973087310791,4,0.02430546283721924,0.2539212703704834,6,0.16653329133987427,0.2747548222541809,0.2023095190525055,0.2880859076976776,0.3068767786026001,0.42224064469337463,0.5252507328987122,0.3150100111961365,0.21024072170257568,0.08089251816272736,0.24126079678535461,0.0,-0.06191718578338623,0.17751216888427734,0.22961580753326416,0.2539212703704834,0.08812558650970459,-0.21127665042877197,-0.26215577125549316,-0.26338517665863037,0.0,0.07157707214355469,-0.22146320343017578,-0.07527875900268555,0.05255532264709473,-0.10055851936340332,0.2747548222541809,0.10822153091430664,-0.01725316047668457
15049,0.2,2,1,0.7630193829536438,4,0.04288434982299805,0.15171104669570923,6,0.05617046356201172,0.14982914924621582,0.14878365397453308,0.1944318562746048,0.22317329049110413,0.30097123980522156,0.29155924916267395,0.13911855220794678,0.15244069695472717,0.03399822860956192,0.08458398282527924,0.0,-0.028281986713409424,0.08892953395843506,0.10882669687271118,0.15171104669570923,0.04262155294418335,-0.15068811178207397,-0.15013360977172852,-0.19178611040115356,0.0,0.05032229423522949,-0.13746362924575806,-0.08278697729110718,0.008497238159179688,-0.07972019910812378,0.14982914924621582,0.0936586856842041,0.0020832419395446777
15189,0.2,3,1,0.08873504400253296,4,0.00118989497423172,0.039743538945913315,8,0.001099906861782074,0.028389159590005875,0.03333546966314316,0.040446411818265915,0.027624119073152542,0.04086780920624733,0.05230569466948509,0.03216399997472763,0.02014169469475746,0.006086056120693684,0.014262842014431953,0.0,-0.01515147089958191,0.034213677048683167,0.038553643971681595,0.039743538945913315,0.018391169607639313,-0.07757389545440674,-0.08253400027751923,-0.08430388569831848,0.0,0.013947702944278717,-0.008000209927558899,-0.0679110735654831,-0.07712975144386292,-0.04330325126647949,-0.008510760962963104,0.0272892527282238,0.028389159590005875
15392,0.2,2,1,0.7585780024528503,3,0.0008519291877746582,0.011337995529174805,8,0.07485312223434448,0.2177286148071289,0.21229656040668488,0.3751969039440155,0.33836087584495544,0.4542933404445648,0.22750329971313477,0.21646082401275635,0.011042475700378418,0.06266920268535614,0.18270182609558105,0.0,-0.0038494467735290527,0.010486066341400146,0.011337995529174805,0.006040036678314209,0.00864642858505249,-0.007280528545379639,-0.009319007396697998,0.0015660524368286133,0.0,0.12380349636077881,-0.07160037755966187,-0.15788716077804565,-0.295288622379303,-0.2547686696052551,0.06374567747116089,0.14287549257278442,0.2177286148071289
15400,0.2,1,15,0.356149286031723,4,0.0007097721099853516,0.01566082239151001,6,0.03088313341140747,0.06562978029251099,0.04809964448213577,0.06296554952859879,0.11899398267269135,0.16651701927185059,0.09263178706169128,0.04992389678955078,0.0427078902721405,0.020687775686383247,0.04908699169754982,0.0,-0.0041731297969818115,-0.0026656389236450195,0.014951050281524658,0.01566082239151001,0.005387932062149048,-0.005009293556213379,-0.03314375877380371,-0.036367058753967285,0.0,0.034746646881103516,-0.08702513575553894,-0.09993389248847961,-0.12690231204032898,-0.10211572051048279,0.06562978029251099,0.03198912739753723,-0.0017647743225097656
15406,0.2,2,1,4.0263190269470215,3,0.06009340286254883,0.20282626152038574,3,0.10962295532226562,0.5314080715179443,0.3663783073425293,0.5228469967842102,0.4480990469455719,0.7314309477806091,0.6866862773895264,0.6866862773895264,0.0,0.2183009684085846,0.471464067697525,0.0,-0.008937358856201172,0.11316514015197754,0.20282626152038574,0.14273285865783691,0.03461480140686035,0.018723487854003906,-0.03842735290527344,0.028769254684448242,0.0,-0.21050214767456055,0.20035600662231445,0.5314080715179443,0.4217851161956787,0.30567097663879395,-0.3011317253112793,-0.5197010040283203,-0.3811216354370117
15454,0.2,1,1,1.7966251373291016,8,0.006906986236572266,0.07636332511901855,8,0.0667644739151001,0.6178019046783447,0.20615926384925842,0.31058716773986816,0.5423426032066345,0.8109949827194214,0.6582440137863159,0.6558510065078735,0.002393007278442383,0.16658607125282288,0.4169742465019226,0.0,0.013416171073913574,-0.02881777286529541,-0.05212676525115967,-0.053640127182006836,-0.020173311233520508,0.026033520698547363,0.06945633888244629,0.07636332511901855,0.0,0.11708080768585205,0.5510374307632446,-0.741328239440918,-1.041269063949585,-0.2567598819732666,-0.964092493057251,0.48487603664398193,0.6178019046783447
15716,0.2,2,10,4.042208671569824,8,0.00842595100402832,0.32886505126953125,6,0.012434720993041992,0.18216657638549805,0.42341217398643494,0.567565381526947,0.6266326308250427,0.8941153287887573,0.5010385513305664,0.47777223587036133,0.023266315460205078,0.20188918709754944,0.4561893045902252,0.0,0.13121294975280762,-0.19966697692871094,-0.2525768280029297,-0.2636547088623047,-0.18280267715454102,0.29826784133911133,0.32043910026550293,0.32886505126953125,0.0,0.11769461631774902,-0.023596763610839844,-0.09808063507080078,-0.03305244445800781,-0.056229591369628906,0.18216657638549805,0.16973185539245605,0.1112055778503418
15732,0.2,1,1,0.10574769228696823,4,0.008388765156269073,0.021727025508880615,2,0.0023324191570281982,0.016370326280593872,0.04097289964556694,0.049973443150520325,0.044200874865055084,0.0577840618789196,0.034852080047130585,0.026906639337539673,0.007945440709590912,0.005463543813675642,0.014079432934522629,0.0,-0.009387411177158356,0.012562759220600128,0.013338260352611542,0.021727025508880615,0.011444881558418274,-0.025388263165950775,-0.026679344475269318,-0.0403534397482872,0.0,-0.014758504927158356,0.016370326280593872,0.004600733518600464,0.0034705176949501038,0.014037907123565674,-0.03835468739271164,-0.013633273541927338,-0.011390559375286102
15783,0.2,0,1,0.023337453603744507,7,4.1542574763298035e-05,0.0020226147025823593,7,0.000945650041103363,0.004419606178998947,0.005693111103028059,0.008188090287148952,0.008068801835179329,0.010529916733503342,0.005823709070682526,0.005823709070682526,0.0,0.0022474422585219145,0.0045647346414625645,0.0,0.0006605423986911774,-0.0014851521700620651,-0.001638755202293396,-0.0016418937593698502,-0.0010524727404117584,0.0019810721278190613,0.0020226147025823593,0.0018134023994207382,0.0,0.0029449332505464554,-0.0009854603558778763,-0.00802600011229515,-0.013874020427465439,-0.007709171622991562,0.0009391028434038162,0.004419606178998947,0.003473956137895584
15787,0.2,1,10,0.19328220188617706,3,0.0010543763637542725,0.012974381446838379,6,0.00748772919178009,0.03144367039203644,0.02931886911392212,0.0389450266957283,0.08978234976530075,0.11560217291116714,0.04457904398441315,0.018700331449508667,0.02587871253490448,0.008817753754556179,0.025955507531762123,0.0,-0.007030755281448364,0.007512956857681274,0.012974381446838379,0.011920005083084106,0.007417038083076477,-0.038837745785713196,-0.04061776399612427,-0.03883887827396393,0.0,-0.0034444034099578857,-0.03962323069572449,0.0194045752286911,0.023955941200256348,0.0005668103694915771,0.03144367039203644,-0.04359064996242523,-0.04511037468910217
15801,0.2,1,10,0.3599914610385895,2,0.013854682445526123,0.07117292284965515,6,0.000849992036819458,0.0545937716960907,0.13592475652694702,0.18672342598438263,0.16953767836093903,0.2273918241262436,0.11899559199810028,0.03224441409111023,0.08675117790699005,0.03556791692972183,0.09526653587818146,0.0,-0.03917822241783142,0.07117292284965515,0.0464191734790802,0.05731824040412903,0.05030721426010132,-0.12577983736991882,-0.07942140102386475,-0.09792998433113098,0.0,0.05374377965927124,-0.04618188738822937,-0.04673686623573303,-0.04783296585083008,-0.108663409948349,0.0545937716960907,0.05248868465423584,0.04381728172302246
15805,0.2,3,13,1.091897964477539,1,0.04532730579376221,0.14133411645889282,5,0.1097257137298584,0.15756440162658691,0.22118768095970154,0.3398524522781372,0.3565254211425781,0.5391968488693237,0.2559237480163574,0.14482653141021729,0.11109721660614014,0.10306248813867569,0.20441491901874542,0.0,0.14133411645889282,-0.08762013912200928,-0.07084321975708008,-0.0852435827255249,-0.346216082572937,0.09600681066513062,0.07550549507141113,0.09313225746154785,0.0,-0.009105801582336426,-0.0019304752349853516,0.047838687896728516,0.04753291606903076,0.15756440162658691,0.024857759475708008,-0.05987811088562012,-0.04641258716583252
15854,0.2,2,1,1.3241941928863525,6,0.1030198335647583,0.1420307159423828,5,0.09531503915786743,0.7872055768966675,0.14406409859657288,0.24231991171836853,0.5853416323661804,0.8877309560775757,0.8496369123458862,0.7530819773674011,0.09655493497848511,0.10605578124523163,0.22678083181381226,0.0,0.03901088237762451,-0.18078482151031494,-0.06715798377990723,-0.0677638053894043,-0.0783534049987793,0.1420307159423828,0.03018927574157715,0.014262914657592773,0.0,-0.6671955585479736,0.6918905377388,0.43838512897491455,0.5952121019363403,0.7872055768966675,-1.1586377620697021,-0.5253186225891113,-0.6563735008239746
15859,0.2,2,2,1.8046135902404785,4,0.0239790678024292,0.0671839714050293,3,0.07347297668457031,0.40829896926879883,0.21126535534858704,0.3726480305194855,0.5975387096405029,0.9143214821815491,0.496915340423584,0.48211240768432617,0.014802932739257812,0.1424575299024582,0.289835661649704,0.0,-0.01690065860748291,0.0015597343444824219,0.0432049036026001,0.0671839714050293,0.013980388641357422,-0.006099820137023926,-0.09097230434417725,-0.10031867027282715,0.0,-0.2558403015136719,0.04135572910308838,0.40829896926879883,0.3348259925842285,0.3053852319717407,-0.14098477363586426,-0.5812592506408691,-0.4457511901855469
15918,0.2,0,13,2.3371434211730957,7,0.0033538341522216797,0.35870933532714844,5,0.037499427795410156,0.14589285850524902,0.3689427673816681,0.5586398839950562,0.41037529706954956,0.5755577683448792,0.5119810104370117,0.1956026554107666,0.3163783550262451,0.2577475309371948,0.5156622529029846,0.0,0.18413639068603516,-0.3451995849609375,-0.35419750213623047,-0.3574709892272949,-0.3125340938568115,0.35269153118133545,0.35870933532714844,0.35535550117492676,0.0,-0.14632034301757812,0.0893094539642334,0.08209991455078125,0.10839343070983887,0.14589285850524902,-0.14386677742004395,-0.16403961181640625,-0.2141265869140625
15938,0.2,0,0,3.0303149223327637,8,0.050807952880859375,0.214996337890625,8,0.002240419387817383,0.2395644187927246,0.5639872550964355,0.7255650162696838,1.0420969724655151,1.3355484008789062,0.4399845600128174,0.4399845600128174,0.0,0.22054548561573029,0.5385686755180359,0.0,0.012327432632446289,0.06220555305480957,-0.1587691307067871,-0.28911519050598145,-0.017174482345581055,-0.0799570083618164,0.16418838500976562,0.214996337890625,0.0,0.027019977569580078,0.13174819946289062,-0.2851066589355469,-0.37491512298583984,-0.036675453186035156,-0.19317126274108887,0.23732399940490723,0.2395644187927246
16037,0.2,3,7,0.517042338848114,2,0.0018520951271057129,0.0641971230506897,8,0.0055072009563446045,0.03151404857635498,0.16822248697280884,0.2377963662147522,0.1677357256412506,0.24946404993534088,0.09081658720970154,0.0882524847984314,0.0025641024112701416,0.02293386682868004,0.07633058726787567,0.0,-0.045526325702667236,0.0641971230506897,0.04949003458023071,0.04700791835784912,0.062345027923583984,-0.0930662751197815,-0.07316035032272339,-0.06842344999313354,0.0,-0.02076178789138794,0.026006847620010376,-0.051242172718048096,-0.08811408281326294,-0.08948522806167603,-0.11106216907501221,0.014731109142303467,0.03151404857635498
16063,0.2,3,1,0.10478834062814713,5,0.0029381662607192993,0.016339145600795746,5,0.015602633357048035,0.05605805665254593,0.017711589112877846,0.03182782232761383,0.03845905512571335,0.054520368576049805,0.06255415081977844,0.06255415081977844,0.0,0.004773085005581379,0.011308012530207634,0.0,-0.013660140335559845,0.00942915678024292,0.01213863492012024,0.013400979340076447,0.016339145600795746,-0.017178811132907867,-0.02116883546113968,-0.02363116294145584,0.0,-0.12322138994932175,0.024183563888072968,0.036001354455947876,0.040455423295497894,0.05605805665254593,-0.062243200838565826,-0.0942242369055748,-0.10974124819040298
16179,0.2,3,1,2.8678390979766846,6,0.07911801338195801,0.37500572204589844,1,0.22754240036010742,0.6387014389038086,0.3431069254875183,0.5013921856880188,0.3849211633205414,0.5845171213150024,0.9698847532272339,0.8982348442077637,0.07164990901947021,0.1790006458759308,0.41622522473335266,0.0,0.29588770866394043,-0.29921817779541016,-0.169952392578125,-0.23109984397888184,-0.4820575714111328,0.37500572204589844,0.22640633583068848,0.2923154830932617,0.0,0.6387014389038086,-0.20325589179992676,-0.1737964153289795,-0.30342721939086914,-0.8280646800994873,0.2965869903564453,0.2503178119659424,0.41115903854370117
16210,0.2,1,2,0.25880610942840576,2,0.0067247748374938965,0.01667819917201996,4,0.00219842791557312,0.0579492449760437,0.04963856190443039,0.07144218683242798,0.10980457067489624,0.14788146317005157,0.07305707037448883,0.07000388205051422,0.0030531883239746094,0.017918352037668228,0.05319112539291382,0.0,-0.007161378860473633,0.01667819917201996,0.004500448703765869,0.009953424334526062,0.00873759388923645,-0.03112661838531494,-0.021544814109802246,-0.03248152136802673,0.0,-0.056625545024871826,0.04063744843006134,0.04150645434856415,0.0579492449760437,0.05575081706047058,-0.076509028673172,-0.08145022392272949,-0.1206892728805542
16221,0.2,3,1,0.44539618492126465,5,0.048783451318740845,0.0957811176776886,8,0.024964451789855957,0.09981000423431396,0.10496089607477188,0.14182089269161224,0.2256884127855301,0.3044974207878113,0.17616474628448486,0.06463873386383057,0.1115260124206543,0.03518287092447281,0.1086411252617836,0.0,-0.07284766435623169,0.046997666358947754,0.045923203229904175,0.046904027462005615,0.0957811176776886,-0.0660480260848999,-0.06257569789886475,-0.06532835960388184,0.0,0.07484555244445801,0.021804094314575195,-0.07761979103088379,-0.12886202335357666,-0.1773943305015564,-0.025459647178649902,0.07069975137710571,0.09981000423431396
16243,0.2,3,10,1.5045080184936523,3,0.014095187187194824,0.43719184398651123,5,0.031246483325958252,0.8533987998962402,0.31540217995643616,0.46176689863204956,0.8667672872543335,1.189583659172058,1.1125593185424805,1.0674923658370972,0.0450669527053833,0.29236191511154175,0.4894067645072937,0.0,-0.2274942398071289,0.36501896381378174,0.43719184398651123,0.4230966567993164,0.34704864025115967,-0.4036465883255005,-0.4631122350692749,-0.4460817575454712,0.0,-0.6678688526153564,0.822152316570282,0.5737247467041016,0.50959312915802,0.8533987998962402,-1.1304447650909424,-0.706540584564209,-0.5755181312561035
16311,0.2,3,1,0.106852687895298,6,0.0004035830497741699,0.008266463875770569,8,0.003197692334651947,0.04413890093564987,0.029000744223594666,0.048332180827856064,0.0413319356739521,0.05772292613983154,0.047959305346012115,0.046512749046087265,0.0014465562999248505,0.007108201272785664,0.021748535335063934,0.0,0.004485651850700378,-0.006463438272476196,-0.006281629204750061,-0.00509093701839447,-0.00763750821352005,0.008266463875770569,0.007862880825996399,0.00610671192407608,0.0,0.03895649313926697,-0.022580020129680634,-0.048721231520175934,-0.05904199928045273,-0.10170460492372513,0.023152001202106476,0.040941208600997925,0.04413890093564987
16494,0.2,2,1,2.330545425415039,8,0.030962705612182617,0.21402835845947266,6,0.01641082763671875,0.3242344856262207,0.47849446535110474,0.6299505829811096,0.6052325963973999,0.8375037312507629,0.5393428802490234,0.5295865535736084,0.009756326675415039,0.16967400908470154,0.36477792263031006,0.0,0.0746004581451416,-0.14144015312194824,-0.20564723014831543,-0.2515089511871338,-0.14497756958007812,0.10109853744506836,0.18306565284729004,0.21402835845947266,0.0,0.20874953269958496,-0.10669755935668945,-0.09417462348937988,-0.1553325653076172,-0.16373491287231445,0.3242344856262207,0.2174077033996582,0.30782365798950195
16521,0.2,3,12,0.3835659325122833,2,0.016919434070587158,0.03429204225540161,5,0.059080928564071655,0.23601944744586945,0.037557851523160934,0.059389375150203705,0.1049988716840744,0.1857934296131134,0.2465135157108307,0.2397991418838501,0.006714373826980591,0.027113819494843483,0.06322558224201202,0.0,-0.014663994312286377,0.03429204225540161,0.011257022619247437,-0.0028666555881500244,0.017372608184814453,-0.06506040692329407,-0.03131312131881714,-0.019328266382217407,0.0,-0.45217272639274597,0.17618246376514435,0.17607367038726807,0.1769385188817978,0.23601944744586945,-0.5189964771270752,-0.4450942575931549,-0.44012752175331116
16560,0.2,3,1,3.2922301292419434,8,0.023641109466552734,0.20070505142211914,5,0.32594728469848633,0.6979079246520996,0.5130093693733215,0.6915861368179321,0.626143753528595,0.9495484828948975,0.8411188125610352,0.5046710968017578,0.33644771575927734,0.17357605695724487,0.48658961057662964,0.0,0.12586498260498047,-0.14310860633850098,-0.19344592094421387,-0.21331310272216797,-0.2280278205871582,0.15520048141479492,0.1770639419555664,0.20070505142211914,0.0,-0.4009268283843994,0.2412395477294922,0.23745441436767578,0.3719606399536133,0.6979079246520996,-0.3103046417236328,-0.28478384017944336,-0.3728780746459961
16568,0.2,2,7,0.9646283388137817,7,0.008737504482269287,0.09250003099441528,8,0.007966160774230957,0.1688157320022583,0.19556662440299988,0.3011898696422577,0.2948536276817322,0.47197678685188293,0.22843247652053833,0.22363495826721191,0.004797518253326416,0.07167257368564606,0.16025641560554504,0.0,0.03319329023361206,-0.04368138313293457,-0.16759228706359863,-0.17569077014923096,-0.06327509880065918,-0.015568554401397705,0.09250003099441528,0.083762526512146,0.0,0.09679067134857178,-0.24510526657104492,-0.2863907814025879,-0.32883644104003906,-0.2410564422607422,0.05425429344177246,0.16084957122802734,0.1688157320022583
16590,0.2,1,2,1.3643898963928223,3,0.004003286361694336,0.07393097877502441,2,0.029593706130981445,0.1676168441772461,0.18576984107494354,0.3078893721103668,0.4334922730922699,0.5644441246986389,0.23813295364379883,0.23491442203521729,0.003218531608581543,0.10619612783193588,0.2605583965778351,0.0,-0.01722276210784912,0.06460821628570557,0.07393097877502441,0.06992769241333008,0.02911233901977539,-0.06606817245483398,-0.07735967636108398,-0.07763540744781494,0.0,-0.1251513957977295,0.1676168441772461,0.11699092388153076,0.09914135932922363,0.13802313804626465,-0.3950542211532593,-0.20369040966033936,-0.15099823474884033
16640,0.2,2,1,0.2127154916524887,5,0.001901969313621521,0.02332282066345215,5,0.009679615497589111,0.04792317748069763,0.051580943167209625,0.07929044961929321,0.07575197517871857,0.10603103786706924,0.06265279650688171,0.06265279650688171,0.0,0.01486416906118393,0.04514213278889656,0.0,-0.019188836216926575,0.01346065104007721,0.01722550392150879,0.021420851349830627,0.02332282066345215,-0.023785263299942017,-0.030857369303703308,-0.03867615759372711,0.0,-0.07459460198879242,0.02443353831768036,0.02866387367248535,0.03824356198310852,0.04792317748069763,-0.05119405686855316,-0.061269864439964294,-0.07892219722270966
