dataset,seed,variant,epoch,stage,text_weight_frobenius,visual_weight_frobenius
Grocery,42,residual_generic,0,initial,0.0,0.0
Grocery,42,residual_generic,1,post_optimizer_step,0.12787555158138275,0.12785877287387848
Grocery,42,residual_generic,2,post_optimizer_step,0.19589002430438995,0.19274558126926422
Grocery,42,residual_generic,3,post_optimizer_step,0.24782660603523254,0.24216754734516144
Grocery,42,residual_generic,4,post_optimizer_step,0.29296669363975525,0.2873990833759308
Grocery,42,residual_generic,5,post_optimizer_step,0.33001670241355896,0.32364463806152344
Grocery,42,residual_generic,6,post_optimizer_step,0.3668997883796692,0.3592757284641266
Grocery,42,residual_generic,7,post_optimizer_step,0.4022793471813202,0.3966973125934601
Grocery,42,residual_generic,8,post_optimizer_step,0.44124308228492737,0.4387141168117523
Grocery,42,residual_generic,9,post_optimizer_step,0.48534706234931946,0.4846147894859314
Grocery,42,residual_generic,10,post_optimizer_step,0.5328570008277893,0.5344327092170715
Grocery,42,residual_generic,11,post_optimizer_step,0.5678204298019409,0.5732448101043701
Grocery,42,residual_generic,12,post_optimizer_step,0.5882929563522339,0.5991091132164001
Grocery,42,residual_generic,13,post_optimizer_step,0.6033585667610168,0.6190598011016846
Grocery,42,residual_generic,14,post_optimizer_step,0.6171146631240845,0.6351026892662048
Grocery,42,residual_generic,15,post_optimizer_step,0.6329077482223511,0.6507455110549927
Grocery,42,residual_generic,16,post_optimizer_step,0.650165855884552,0.6674928069114685
Grocery,42,residual_generic,17,post_optimizer_step,0.6668659448623657,0.6851094961166382
Grocery,42,residual_generic,18,post_optimizer_step,0.6829228401184082,0.7032341957092285
Grocery,42,residual_generic,19,post_optimizer_step,0.6990628838539124,0.7203515768051147
Grocery,42,residual_generic,20,post_optimizer_step,0.7138896584510803,0.7364449501037598
Grocery,42,residual_generic,21,post_optimizer_step,0.728095293045044,0.7529243230819702
Grocery,42,residual_generic,22,post_optimizer_step,0.7421057820320129,0.7703878879547119
Grocery,42,residual_generic,23,post_optimizer_step,0.7553693056106567,0.7869730591773987
Grocery,42,residual_generic,24,post_optimizer_step,0.7681036591529846,0.8034847974777222
Grocery,42,residual_generic,25,post_optimizer_step,0.7805420756340027,0.8203506469726562
Grocery,42,residual_generic,26,post_optimizer_step,0.7924695611000061,0.8375341296195984
Grocery,42,residual_generic,27,post_optimizer_step,0.8045977354049683,0.8546931147575378
Grocery,42,residual_generic,28,post_optimizer_step,0.8164998292922974,0.8706273436546326
Grocery,42,residual_generic,29,post_optimizer_step,0.8281835317611694,0.8858623504638672
Grocery,42,residual_generic,30,post_optimizer_step,0.8398346900939941,0.9001295566558838
Grocery,42,residual_generic,31,post_optimizer_step,0.851535975933075,0.9131496548652649
Grocery,42,residual_generic,32,post_optimizer_step,0.8632292151451111,0.9249816536903381
Grocery,42,residual_generic,33,post_optimizer_step,0.8752075433731079,0.9363083839416504
Grocery,42,residual_generic,34,post_optimizer_step,0.8875373601913452,0.9472512602806091
Grocery,42,residual_generic,35,post_optimizer_step,0.8990667462348938,0.9566393494606018
Grocery,42,residual_generic,36,post_optimizer_step,0.9103732705116272,0.9648208022117615
Grocery,42,residual_generic,37,post_optimizer_step,0.9217504262924194,0.9729809165000916
Grocery,42,residual_generic,38,post_optimizer_step,0.9332618713378906,0.981250524520874
Grocery,42,residual_generic,39,post_optimizer_step,0.9448895454406738,0.9890211224555969
Grocery,42,residual_generic,40,post_optimizer_step,0.9562122821807861,0.9963865280151367
Grocery,42,residual_generic,41,post_optimizer_step,0.9676418900489807,1.0036660432815552
Grocery,42,residual_generic,42,post_optimizer_step,0.9784464240074158,1.0108599662780762
Grocery,42,residual_generic,43,post_optimizer_step,0.9893133640289307,1.0185993909835815
Grocery,42,residual_generic,44,post_optimizer_step,1.000378966331482,1.026404857635498
Grocery,42,residual_generic,45,post_optimizer_step,1.011501669883728,1.034145712852478
Grocery,42,residual_generic,46,post_optimizer_step,1.0214954614639282,1.042857050895691
Grocery,42,residual_generic,47,post_optimizer_step,1.0313106775283813,1.0525375604629517
Grocery,42,residual_generic,48,post_optimizer_step,1.0409801006317139,1.0612823963165283
Grocery,42,residual_generic,49,post_optimizer_step,1.0506727695465088,1.0696964263916016
Grocery,42,residual_generic,50,post_optimizer_step,1.060349464416504,1.078092336654663
Grocery,42,residual_generic,51,post_optimizer_step,1.069695234298706,1.0869395732879639
Grocery,42,residual_generic,52,post_optimizer_step,1.0797582864761353,1.0949660539627075
Grocery,42,residual_generic,53,post_optimizer_step,1.0901060104370117,1.1038496494293213
Grocery,42,residual_generic,54,post_optimizer_step,1.1008429527282715,1.1124173402786255
Grocery,42,residual_generic,55,post_optimizer_step,1.1115816831588745,1.1194151639938354
Grocery,42,residual_generic,56,post_optimizer_step,1.1225450038909912,1.1275898218154907
Grocery,42,residual_generic,57,post_optimizer_step,1.133579969406128,1.1376303434371948
Grocery,42,residual_generic,58,post_optimizer_step,1.1437478065490723,1.1472386121749878
Grocery,42,residual_generic,59,post_optimizer_step,1.1543200016021729,1.1552740335464478
Grocery,42,residual_generic,60,post_optimizer_step,1.1657931804656982,1.1653094291687012
Grocery,42,residual_generic,61,post_optimizer_step,1.177585244178772,1.1766117811203003
Grocery,42,residual_generic,62,post_optimizer_step,1.1901326179504395,1.1882704496383667
Grocery,42,residual_generic,63,post_optimizer_step,1.2029261589050293,1.2004376649856567
Grocery,42,residual_generic,64,post_optimizer_step,1.2156050205230713,1.2135584354400635
Grocery,42,residual_generic,65,post_optimizer_step,1.229026198387146,1.2266364097595215
Grocery,42,residual_generic,66,post_optimizer_step,1.2428656816482544,1.2386330366134644
Grocery,42,residual_generic,67,post_optimizer_step,1.2564367055892944,1.2505134344100952
Grocery,42,residual_generic,68,post_optimizer_step,1.2700204849243164,1.263214111328125
Grocery,42,residual_generic,69,post_optimizer_step,1.283367395401001,1.2747440338134766
Grocery,42,residual_generic,70,post_optimizer_step,1.2974056005477905,1.286689281463623
Grocery,42,residual_generic,71,post_optimizer_step,1.310868740081787,1.2985894680023193
Grocery,42,residual_generic,72,post_optimizer_step,1.3241466283798218,1.3107465505599976
Grocery,42,residual_generic,73,post_optimizer_step,1.3362200260162354,1.3213834762573242
Grocery,42,residual_generic,74,post_optimizer_step,1.347528100013733,1.330438494682312
Grocery,42,residual_generic,75,post_optimizer_step,1.3582154512405396,1.339629888534546
Grocery,42,residual_generic,76,post_optimizer_step,1.3683574199676514,1.3488149642944336
Grocery,42,residual_generic,77,post_optimizer_step,1.3771698474884033,1.3580197095870972
Grocery,42,residual_generic,78,post_optimizer_step,1.3860353231430054,1.3667817115783691
Grocery,42,residual_generic,79,post_optimizer_step,1.3965922594070435,1.375027060508728
Grocery,42,residual_generic,80,post_optimizer_step,1.4067314863204956,1.3839925527572632
Grocery,42,residual_generic,81,post_optimizer_step,1.4168963432312012,1.3935972452163696
Grocery,42,residual_generic,82,post_optimizer_step,1.428770661354065,1.4030275344848633
Grocery,42,residual_generic,83,post_optimizer_step,1.4406397342681885,1.4123462438583374
Grocery,42,residual_generic,84,post_optimizer_step,1.452246904373169,1.4217361211776733
Grocery,42,residual_generic,85,post_optimizer_step,1.46330988407135,1.4309368133544922
Grocery,42,residual_generic,86,post_optimizer_step,1.474051833152771,1.4400066137313843
Grocery,42,residual_generic,87,post_optimizer_step,1.4832059144973755,1.4498016834259033
Grocery,42,residual_generic,88,post_optimizer_step,1.4920001029968262,1.4597755670547485
Grocery,42,residual_generic,89,post_optimizer_step,1.5009312629699707,1.469840168952942
Grocery,42,residual_generic,90,post_optimizer_step,1.5098050832748413,1.4789586067199707
Grocery,42,residual_generic,91,post_optimizer_step,1.518457293510437,1.4882442951202393
Grocery,42,residual_generic,92,post_optimizer_step,1.5274914503097534,1.4967621564865112
Grocery,42,residual_generic,93,post_optimizer_step,1.5373154878616333,1.5047602653503418
Grocery,42,residual_generic,94,post_optimizer_step,1.5481499433517456,1.514539361000061
Grocery,42,residual_generic,95,post_optimizer_step,1.5585882663726807,1.5248926877975464
Grocery,42,residual_generic,96,post_optimizer_step,1.5692557096481323,1.53488028049469
Grocery,42,residual_generic,97,post_optimizer_step,1.580062985420227,1.544995665550232
Grocery,42,residual_generic,98,post_optimizer_step,1.5907223224639893,1.5541564226150513
Grocery,42,residual_generic,99,post_optimizer_step,1.6018604040145874,1.5633718967437744
Grocery,42,residual_generic,100,post_optimizer_step,1.6129735708236694,1.5730873346328735
Grocery,42,residual_generic,101,post_optimizer_step,1.6236106157302856,1.5833958387374878
Grocery,42,residual_generic,102,post_optimizer_step,1.634242296218872,1.5939985513687134
Grocery,42,residual_generic,103,post_optimizer_step,1.6449849605560303,1.6031757593154907
Grocery,42,residual_generic,104,post_optimizer_step,1.654140830039978,1.6127420663833618
Grocery,42,residual_generic,105,post_optimizer_step,1.6634705066680908,1.6235299110412598
Grocery,42,residual_generic,106,post_optimizer_step,1.6729536056518555,1.634535312652588
Grocery,42,residual_generic,107,post_optimizer_step,1.6814894676208496,1.644497036933899
Grocery,42,residual_generic,108,post_optimizer_step,1.6910029649734497,1.6538429260253906
Grocery,42,residual_generic,109,post_optimizer_step,1.7007455825805664,1.6627224683761597
Grocery,42,residual_generic,110,post_optimizer_step,1.710193395614624,1.6709333658218384
Grocery,42,residual_generic,111,post_optimizer_step,1.7195426225662231,1.678898572921753
Grocery,42,residual_generic,81,best_checkpoint,1.4168963432312012,1.3935972452163696
Grocery,42,residual_protected,0,initial,0.0,0.0
Grocery,42,residual_protected,1,post_optimizer_step,0.12786395847797394,0.12788468599319458
Grocery,42,residual_protected,2,post_optimizer_step,0.1924528181552887,0.19411630928516388
Grocery,42,residual_protected,3,post_optimizer_step,0.24426530301570892,0.24439717829227448
Grocery,42,residual_protected,4,post_optimizer_step,0.2902880907058716,0.2898101508617401
Grocery,42,residual_protected,5,post_optimizer_step,0.32946041226387024,0.3278244435787201
Grocery,42,residual_protected,6,post_optimizer_step,0.3673918843269348,0.36608386039733887
Grocery,42,residual_protected,7,post_optimizer_step,0.40356433391571045,0.406792014837265
Grocery,42,residual_protected,8,post_optimizer_step,0.4431765079498291,0.45304158329963684
Grocery,42,residual_protected,9,post_optimizer_step,0.4875567555427551,0.5035707354545593
Grocery,42,residual_protected,10,post_optimizer_step,0.5351514220237732,0.5570483803749084
Grocery,42,residual_protected,11,post_optimizer_step,0.5698282122612,0.5975858569145203
Grocery,42,residual_protected,12,post_optimizer_step,0.5892979502677917,0.62449711561203
Grocery,42,residual_protected,13,post_optimizer_step,0.6036747694015503,0.6451506614685059
Grocery,42,residual_protected,14,post_optimizer_step,0.6166695952415466,0.6605275273323059
Grocery,42,residual_protected,15,post_optimizer_step,0.6320300698280334,0.6753897666931152
Grocery,42,residual_protected,16,post_optimizer_step,0.6494051218032837,0.690777599811554
Grocery,42,residual_protected,17,post_optimizer_step,0.6659297347068787,0.7073016166687012
Grocery,42,residual_protected,18,post_optimizer_step,0.6821117401123047,0.7239470481872559
Grocery,42,residual_protected,19,post_optimizer_step,0.6981372833251953,0.7388403415679932
Grocery,42,residual_protected,20,post_optimizer_step,0.7127705216407776,0.7538202404975891
Grocery,42,residual_protected,21,post_optimizer_step,0.72712641954422,0.7700377702713013
Grocery,42,residual_protected,22,post_optimizer_step,0.7410355806350708,0.7859885692596436
Grocery,42,residual_protected,23,post_optimizer_step,0.754583477973938,0.8017249703407288
Grocery,42,residual_protected,24,post_optimizer_step,0.7673945426940918,0.8174305558204651
Grocery,42,residual_protected,25,post_optimizer_step,0.7798126339912415,0.8330212235450745
Grocery,42,residual_protected,26,post_optimizer_step,0.7921675443649292,0.8491566777229309
Grocery,42,residual_protected,27,post_optimizer_step,0.8044041395187378,0.8650720715522766
Grocery,42,residual_protected,28,post_optimizer_step,0.8161239624023438,0.8803830742835999
Grocery,42,residual_protected,29,post_optimizer_step,0.8282837867736816,0.8955494165420532
Grocery,42,residual_protected,30,post_optimizer_step,0.8401854038238525,0.9097365140914917
Grocery,42,residual_protected,31,post_optimizer_step,0.8515392541885376,0.9225894212722778
Grocery,42,residual_protected,32,post_optimizer_step,0.8627675175666809,0.9354580640792847
Grocery,42,residual_protected,33,post_optimizer_step,0.8743627071380615,0.9484277367591858
Grocery,42,residual_protected,34,post_optimizer_step,0.8856984972953796,0.9606192708015442
Grocery,42,residual_protected,35,post_optimizer_step,0.8968743085861206,0.9722326993942261
Grocery,42,residual_protected,36,post_optimizer_step,0.9083234071731567,0.9834541082382202
Grocery,42,residual_protected,37,post_optimizer_step,0.9196107387542725,0.9939534068107605
Grocery,42,residual_protected,38,post_optimizer_step,0.9315305352210999,1.0052459239959717
Grocery,42,residual_protected,39,post_optimizer_step,0.944010317325592,1.0174787044525146
Grocery,42,residual_protected,40,post_optimizer_step,0.9560558199882507,1.028252124786377
Grocery,42,residual_protected,41,post_optimizer_step,0.9680845737457275,1.0367785692214966
Grocery,42,residual_protected,42,post_optimizer_step,0.9799190163612366,1.045753836631775
Grocery,42,residual_protected,43,post_optimizer_step,0.9919008612632751,1.0559839010238647
Grocery,42,residual_protected,44,post_optimizer_step,1.0036176443099976,1.0662317276000977
Grocery,42,residual_protected,45,post_optimizer_step,1.0145866870880127,1.075568437576294
Grocery,42,residual_protected,46,post_optimizer_step,1.025093913078308,1.0850526094436646
Grocery,42,residual_protected,47,post_optimizer_step,1.0355396270751953,1.094529390335083
Grocery,42,residual_protected,48,post_optimizer_step,1.04605233669281,1.104172706604004
Grocery,42,residual_protected,49,post_optimizer_step,1.0561703443527222,1.1134319305419922
Grocery,42,residual_protected,50,post_optimizer_step,1.0661953687667847,1.1238704919815063
Grocery,42,residual_protected,51,post_optimizer_step,1.0762901306152344,1.134170651435852
Grocery,42,residual_protected,52,post_optimizer_step,1.0859640836715698,1.1434016227722168
Grocery,42,residual_protected,53,post_optimizer_step,1.0959492921829224,1.152895212173462
Grocery,42,residual_protected,54,post_optimizer_step,1.106076955795288,1.1621243953704834
Grocery,42,residual_protected,55,post_optimizer_step,1.1160880327224731,1.1724507808685303
Grocery,42,residual_protected,56,post_optimizer_step,1.1272817850112915,1.1836745738983154
Grocery,42,residual_protected,57,post_optimizer_step,1.138043999671936,1.1940163373947144
Grocery,42,residual_protected,58,post_optimizer_step,1.148692011833191,1.2038426399230957
Grocery,42,residual_protected,59,post_optimizer_step,1.1600289344787598,1.2158113718032837
Grocery,42,residual_protected,60,post_optimizer_step,1.172951340675354,1.2292702198028564
Grocery,42,residual_protected,61,post_optimizer_step,1.1853312253952026,1.2420610189437866
Grocery,42,residual_protected,62,post_optimizer_step,1.1977934837341309,1.2554081678390503
Grocery,42,residual_protected,63,post_optimizer_step,1.2103486061096191,1.2694662809371948
Grocery,42,residual_protected,64,post_optimizer_step,1.2232612371444702,1.2830407619476318
Grocery,42,residual_protected,65,post_optimizer_step,1.2373371124267578,1.296511173248291
Grocery,42,residual_protected,66,post_optimizer_step,1.2504030466079712,1.3077203035354614
Grocery,42,residual_protected,67,post_optimizer_step,1.2630914449691772,1.3186804056167603
Grocery,42,residual_protected,68,post_optimizer_step,1.2761033773422241,1.330528736114502
Grocery,42,residual_protected,69,post_optimizer_step,1.2886689901351929,1.341845989227295
Grocery,42,residual_protected,70,post_optimizer_step,1.3014936447143555,1.3521758317947388
Grocery,42,residual_protected,71,post_optimizer_step,1.3146297931671143,1.3639565706253052
Grocery,42,residual_protected,72,post_optimizer_step,1.3256722688674927,1.3750468492507935
Grocery,42,residual_protected,73,post_optimizer_step,1.3364267349243164,1.3865761756896973
Grocery,42,residual_protected,74,post_optimizer_step,1.3478130102157593,1.3980692625045776
Grocery,42,residual_protected,75,post_optimizer_step,1.358865737915039,1.4085370302200317
Grocery,42,residual_protected,76,post_optimizer_step,1.3694467544555664,1.4177381992340088
Grocery,42,residual_protected,77,post_optimizer_step,1.381632924079895,1.4273970127105713
Grocery,42,residual_protected,78,post_optimizer_step,1.393259882926941,1.437191128730774
Grocery,42,residual_protected,79,post_optimizer_step,1.4050744771957397,1.4480133056640625
Grocery,42,residual_protected,80,post_optimizer_step,1.417630672454834,1.458584189414978
Grocery,42,residual_protected,81,post_optimizer_step,1.429713487625122,1.4693613052368164
Grocery,42,residual_protected,82,post_optimizer_step,1.4398720264434814,1.4786218404769897
Grocery,42,residual_protected,83,post_optimizer_step,1.4493547677993774,1.4890782833099365
Grocery,42,residual_protected,84,post_optimizer_step,1.4587733745574951,1.5010100603103638
Grocery,42,residual_protected,85,post_optimizer_step,1.4676899909973145,1.5105754137039185
Grocery,42,residual_protected,86,post_optimizer_step,1.4765981435775757,1.5198605060577393
Grocery,42,residual_protected,87,post_optimizer_step,1.4862850904464722,1.5308231115341187
Grocery,42,residual_protected,88,post_optimizer_step,1.4952207803726196,1.5412623882293701
Grocery,42,residual_protected,89,post_optimizer_step,1.5052987337112427,1.5530451536178589
Grocery,42,residual_protected,90,post_optimizer_step,1.5162402391433716,1.5647215843200684
Grocery,42,residual_protected,91,post_optimizer_step,1.5260744094848633,1.5749074220657349
Grocery,42,residual_protected,92,post_optimizer_step,1.5363366603851318,1.584000825881958
Grocery,42,residual_protected,93,post_optimizer_step,1.5457371473312378,1.5925623178482056
Grocery,42,residual_protected,94,post_optimizer_step,1.5553797483444214,1.6015620231628418
Grocery,42,residual_protected,95,post_optimizer_step,1.5657600164413452,1.6100748777389526
Grocery,42,residual_protected,96,post_optimizer_step,1.574953317642212,1.6186013221740723
Grocery,42,residual_protected,97,post_optimizer_step,1.5852562189102173,1.628055214881897
Grocery,42,residual_protected,98,post_optimizer_step,1.5951510667800903,1.6372582912445068
Grocery,42,residual_protected,99,post_optimizer_step,1.605337142944336,1.647102952003479
Grocery,42,residual_protected,100,post_optimizer_step,1.6150164604187012,1.6554397344589233
Grocery,42,residual_protected,101,post_optimizer_step,1.6241906881332397,1.6637941598892212
Grocery,42,residual_protected,102,post_optimizer_step,1.633103609085083,1.6732228994369507
Grocery,42,residual_protected,103,post_optimizer_step,1.6423401832580566,1.683035969734192
Grocery,42,residual_protected,104,post_optimizer_step,1.6502727270126343,1.6910372972488403
Grocery,42,residual_protected,105,post_optimizer_step,1.6576694250106812,1.697721242904663
Grocery,42,residual_protected,106,post_optimizer_step,1.6643346548080444,1.7034504413604736
Grocery,42,residual_protected,107,post_optimizer_step,1.6718394756317139,1.7098114490509033
Grocery,42,residual_protected,108,post_optimizer_step,1.6799588203430176,1.7159680128097534
Grocery,42,residual_protected,109,post_optimizer_step,1.6873713731765747,1.721219539642334
Grocery,42,residual_protected,110,post_optimizer_step,1.6941027641296387,1.7258760929107666
Grocery,42,residual_protected,111,post_optimizer_step,1.7007192373275757,1.7312071323394775
Grocery,42,residual_protected,112,post_optimizer_step,1.7073177099227905,1.736639142036438
Grocery,42,residual_protected,113,post_optimizer_step,1.7120413780212402,1.7414915561676025
Grocery,42,residual_protected,114,post_optimizer_step,1.7167329788208008,1.746526837348938
Grocery,42,residual_protected,115,post_optimizer_step,1.722731351852417,1.753111481666565
Grocery,42,residual_protected,116,post_optimizer_step,1.7289230823516846,1.7597377300262451
Grocery,42,residual_protected,117,post_optimizer_step,1.7347196340560913,1.7655367851257324
Grocery,42,residual_protected,118,post_optimizer_step,1.7411078214645386,1.7701390981674194
Grocery,42,residual_protected,88,best_checkpoint,1.4952207803726196,1.5412623882293701
Grocery,42,smooth_base,0,initial,0.0,0.0
Grocery,42,smooth_base,1,post_optimizer_step,0.0,0.0
Grocery,42,smooth_base,2,post_optimizer_step,0.0,0.0
Grocery,42,smooth_base,3,post_optimizer_step,0.0,0.0
Grocery,42,smooth_base,4,post_optimizer_step,0.0,0.0
Grocery,42,smooth_base,5,post_optimizer_step,0.0,0.0
Grocery,42,smooth_base,6,post_optimizer_step,0.0,0.0
Grocery,42,smooth_base,7,post_optimizer_step,0.0,0.0
Grocery,42,smooth_base,8,post_optimizer_step,0.0,0.0
Grocery,42,smooth_base,9,post_optimizer_step,0.0,0.0
Grocery,42,smooth_base,10,post_optimizer_step,0.0,0.0
Grocery,42,smooth_base,11,post_optimizer_step,0.0,0.0
Grocery,42,smooth_base,12,post_optimizer_step,0.0,0.0
Grocery,42,smooth_base,13,post_optimizer_step,0.0,0.0
Grocery,42,smooth_base,14,post_optimizer_step,0.0,0.0
Grocery,42,smooth_base,15,post_optimizer_step,0.0,0.0
Grocery,42,smooth_base,16,post_optimizer_step,0.0,0.0
Grocery,42,smooth_base,17,post_optimizer_step,0.0,0.0
Grocery,42,smooth_base,18,post_optimizer_step,0.0,0.0
Grocery,42,smooth_base,19,post_optimizer_step,0.0,0.0
Grocery,42,smooth_base,20,post_optimizer_step,0.0,0.0
Grocery,42,smooth_base,21,post_optimizer_step,0.0,0.0
Grocery,42,smooth_base,22,post_optimizer_step,0.0,0.0
Grocery,42,smooth_base,23,post_optimizer_step,0.0,0.0
Grocery,42,smooth_base,24,post_optimizer_step,0.0,0.0
Grocery,42,smooth_base,25,post_optimizer_step,0.0,0.0
Grocery,42,smooth_base,26,post_optimizer_step,0.0,0.0
Grocery,42,smooth_base,27,post_optimizer_step,0.0,0.0
Grocery,42,smooth_base,28,post_optimizer_step,0.0,0.0
Grocery,42,smooth_base,29,post_optimizer_step,0.0,0.0
Grocery,42,smooth_base,30,post_optimizer_step,0.0,0.0
Grocery,42,smooth_base,31,post_optimizer_step,0.0,0.0
Grocery,42,smooth_base,32,post_optimizer_step,0.0,0.0
Grocery,42,smooth_base,33,post_optimizer_step,0.0,0.0
Grocery,42,smooth_base,34,post_optimizer_step,0.0,0.0
Grocery,42,smooth_base,35,post_optimizer_step,0.0,0.0
Grocery,42,smooth_base,36,post_optimizer_step,0.0,0.0
Grocery,42,smooth_base,37,post_optimizer_step,0.0,0.0
Grocery,42,smooth_base,38,post_optimizer_step,0.0,0.0
Grocery,42,smooth_base,39,post_optimizer_step,0.0,0.0
Grocery,42,smooth_base,40,post_optimizer_step,0.0,0.0
Grocery,42,smooth_base,41,post_optimizer_step,0.0,0.0
Grocery,42,smooth_base,42,post_optimizer_step,0.0,0.0
Grocery,42,smooth_base,43,post_optimizer_step,0.0,0.0
Grocery,42,smooth_base,44,post_optimizer_step,0.0,0.0
Grocery,42,smooth_base,45,post_optimizer_step,0.0,0.0
Grocery,42,smooth_base,46,post_optimizer_step,0.0,0.0
Grocery,42,smooth_base,47,post_optimizer_step,0.0,0.0
Grocery,42,smooth_base,48,post_optimizer_step,0.0,0.0
Grocery,42,smooth_base,49,post_optimizer_step,0.0,0.0
Grocery,42,smooth_base,50,post_optimizer_step,0.0,0.0
Grocery,42,smooth_base,51,post_optimizer_step,0.0,0.0
Grocery,42,smooth_base,52,post_optimizer_step,0.0,0.0
Grocery,42,smooth_base,53,post_optimizer_step,0.0,0.0
Grocery,42,smooth_base,54,post_optimizer_step,0.0,0.0
Grocery,42,smooth_base,55,post_optimizer_step,0.0,0.0
Grocery,42,smooth_base,56,post_optimizer_step,0.0,0.0
Grocery,42,smooth_base,57,post_optimizer_step,0.0,0.0
Grocery,42,smooth_base,58,post_optimizer_step,0.0,0.0
Grocery,42,smooth_base,59,post_optimizer_step,0.0,0.0
Grocery,42,smooth_base,60,post_optimizer_step,0.0,0.0
Grocery,42,smooth_base,61,post_optimizer_step,0.0,0.0
Grocery,42,smooth_base,62,post_optimizer_step,0.0,0.0
Grocery,42,smooth_base,63,post_optimizer_step,0.0,0.0
Grocery,42,smooth_base,64,post_optimizer_step,0.0,0.0
Grocery,42,smooth_base,65,post_optimizer_step,0.0,0.0
Grocery,42,smooth_base,66,post_optimizer_step,0.0,0.0
Grocery,42,smooth_base,67,post_optimizer_step,0.0,0.0
Grocery,42,smooth_base,68,post_optimizer_step,0.0,0.0
Grocery,42,smooth_base,69,post_optimizer_step,0.0,0.0
Grocery,42,smooth_base,70,post_optimizer_step,0.0,0.0
Grocery,42,smooth_base,71,post_optimizer_step,0.0,0.0
Grocery,42,smooth_base,72,post_optimizer_step,0.0,0.0
Grocery,42,smooth_base,73,post_optimizer_step,0.0,0.0
Grocery,42,smooth_base,74,post_optimizer_step,0.0,0.0
Grocery,42,smooth_base,75,post_optimizer_step,0.0,0.0
Grocery,42,smooth_base,76,post_optimizer_step,0.0,0.0
Grocery,42,smooth_base,77,post_optimizer_step,0.0,0.0
Grocery,42,smooth_base,78,post_optimizer_step,0.0,0.0
Grocery,42,smooth_base,79,post_optimizer_step,0.0,0.0
Grocery,42,smooth_base,80,post_optimizer_step,0.0,0.0
Grocery,42,smooth_base,81,post_optimizer_step,0.0,0.0
Grocery,42,smooth_base,82,post_optimizer_step,0.0,0.0
Grocery,42,smooth_base,83,post_optimizer_step,0.0,0.0
Grocery,42,smooth_base,84,post_optimizer_step,0.0,0.0
Grocery,42,smooth_base,85,post_optimizer_step,0.0,0.0
Grocery,42,smooth_base,86,post_optimizer_step,0.0,0.0
Grocery,42,smooth_base,87,post_optimizer_step,0.0,0.0
Grocery,42,smooth_base,88,post_optimizer_step,0.0,0.0
Grocery,42,smooth_base,89,post_optimizer_step,0.0,0.0
Grocery,42,smooth_base,90,post_optimizer_step,0.0,0.0
Grocery,42,smooth_base,91,post_optimizer_step,0.0,0.0
Grocery,42,smooth_base,92,post_optimizer_step,0.0,0.0
Grocery,42,smooth_base,93,post_optimizer_step,0.0,0.0
Grocery,42,smooth_base,94,post_optimizer_step,0.0,0.0
Grocery,42,smooth_base,95,post_optimizer_step,0.0,0.0
Grocery,42,smooth_base,96,post_optimizer_step,0.0,0.0
Grocery,42,smooth_base,97,post_optimizer_step,0.0,0.0
Grocery,42,smooth_base,98,post_optimizer_step,0.0,0.0
Grocery,42,smooth_base,99,post_optimizer_step,0.0,0.0
Grocery,42,smooth_base,100,post_optimizer_step,0.0,0.0
Grocery,42,smooth_base,101,post_optimizer_step,0.0,0.0
Grocery,42,smooth_base,102,post_optimizer_step,0.0,0.0
Grocery,42,smooth_base,103,post_optimizer_step,0.0,0.0
Grocery,42,smooth_base,104,post_optimizer_step,0.0,0.0
Grocery,42,smooth_base,105,post_optimizer_step,0.0,0.0
Grocery,42,smooth_base,106,post_optimizer_step,0.0,0.0
Grocery,42,smooth_base,107,post_optimizer_step,0.0,0.0
Grocery,42,smooth_base,108,post_optimizer_step,0.0,0.0
Grocery,42,smooth_base,109,post_optimizer_step,0.0,0.0
Grocery,42,smooth_base,110,post_optimizer_step,0.0,0.0
Grocery,42,smooth_base,111,post_optimizer_step,0.0,0.0
Grocery,42,smooth_base,112,post_optimizer_step,0.0,0.0
Grocery,42,smooth_base,113,post_optimizer_step,0.0,0.0
Grocery,42,smooth_base,114,post_optimizer_step,0.0,0.0
Grocery,42,smooth_base,115,post_optimizer_step,0.0,0.0
Grocery,42,smooth_base,116,post_optimizer_step,0.0,0.0
Grocery,42,smooth_base,86,best_checkpoint,0.0,0.0
Grocery,43,residual_generic,0,initial,0.0,0.0
Grocery,43,residual_generic,1,post_optimizer_step,0.12783652544021606,0.12785260379314423
Grocery,43,residual_generic,2,post_optimizer_step,0.19163532555103302,0.19341041147708893
Grocery,43,residual_generic,3,post_optimizer_step,0.24195073544979095,0.2444050908088684
Grocery,43,residual_generic,4,post_optimizer_step,0.2837657928466797,0.2889200747013092
Grocery,43,residual_generic,5,post_optimizer_step,0.31643933057785034,0.32752418518066406
Grocery,43,residual_generic,6,post_optimizer_step,0.34668704867362976,0.36625275015830994
Grocery,43,residual_generic,7,post_optimizer_step,0.3813580870628357,0.41010192036628723
Grocery,43,residual_generic,8,post_optimizer_step,0.42094096541404724,0.4574028551578522
Grocery,43,residual_generic,9,post_optimizer_step,0.46611863374710083,0.5079355239868164
Grocery,43,residual_generic,10,post_optimizer_step,0.51669842004776,0.5608437061309814
Grocery,43,residual_generic,11,post_optimizer_step,0.5602609515190125,0.6078864932060242
Grocery,43,residual_generic,12,post_optimizer_step,0.5905885100364685,0.6425860524177551
Grocery,43,residual_generic,13,post_optimizer_step,0.615813136100769,0.6676740050315857
Grocery,43,residual_generic,14,post_optimizer_step,0.637581467628479,0.6890305280685425
Grocery,43,residual_generic,15,post_optimizer_step,0.6571973562240601,0.705760657787323
Grocery,43,residual_generic,16,post_optimizer_step,0.6762296557426453,0.7197420001029968
Grocery,43,residual_generic,17,post_optimizer_step,0.6951818466186523,0.7329127788543701
Grocery,43,residual_generic,18,post_optimizer_step,0.7116706967353821,0.745886504650116
Grocery,43,residual_generic,19,post_optimizer_step,0.7277196645736694,0.7596701979637146
Grocery,43,residual_generic,20,post_optimizer_step,0.7435172200202942,0.7728074193000793
Grocery,43,residual_generic,21,post_optimizer_step,0.7584143280982971,0.7850269079208374
Grocery,43,residual_generic,22,post_optimizer_step,0.7724493145942688,0.7974861264228821
Grocery,43,residual_generic,23,post_optimizer_step,0.7859992384910583,0.8107725381851196
Grocery,43,residual_generic,24,post_optimizer_step,0.7990371584892273,0.8244608640670776
Grocery,43,residual_generic,25,post_optimizer_step,0.8120737075805664,0.8386077880859375
Grocery,43,residual_generic,26,post_optimizer_step,0.8244203329086304,0.8532305955886841
Grocery,43,residual_generic,27,post_optimizer_step,0.8365078568458557,0.8675164580345154
Grocery,43,residual_generic,28,post_optimizer_step,0.8484911918640137,0.88164222240448
Grocery,43,residual_generic,29,post_optimizer_step,0.8601309061050415,0.8953051567077637
Grocery,43,residual_generic,30,post_optimizer_step,0.8716660141944885,0.9084530472755432
Grocery,43,residual_generic,31,post_optimizer_step,0.8826661109924316,0.9208666086196899
Grocery,43,residual_generic,32,post_optimizer_step,0.8935970664024353,0.9322301745414734
Grocery,43,residual_generic,33,post_optimizer_step,0.904090404510498,0.9435933232307434
Grocery,43,residual_generic,34,post_optimizer_step,0.9147201776504517,0.9549791216850281
Grocery,43,residual_generic,35,post_optimizer_step,0.9253809452056885,0.9652010798454285
Grocery,43,residual_generic,36,post_optimizer_step,0.9354742765426636,0.9746537804603577
Grocery,43,residual_generic,37,post_optimizer_step,0.9451500773429871,0.984425961971283
Grocery,43,residual_generic,38,post_optimizer_step,0.9542754292488098,0.9936086535453796
Grocery,43,residual_generic,39,post_optimizer_step,0.9631567001342773,1.0017383098602295
Grocery,43,residual_generic,40,post_optimizer_step,0.9720114469528198,1.0098607540130615
Grocery,43,residual_generic,41,post_optimizer_step,0.9812343716621399,1.0171427726745605
Grocery,43,residual_generic,42,post_optimizer_step,0.990504801273346,1.0243632793426514
Grocery,43,residual_generic,43,post_optimizer_step,0.9995364546775818,1.0314912796020508
Grocery,43,residual_generic,44,post_optimizer_step,1.008387565612793,1.03800630569458
Grocery,43,residual_generic,45,post_optimizer_step,1.0171825885772705,1.0444055795669556
Grocery,43,residual_generic,46,post_optimizer_step,1.0258344411849976,1.0511246919631958
Grocery,43,residual_generic,47,post_optimizer_step,1.0349128246307373,1.0579736232757568
Grocery,43,residual_generic,48,post_optimizer_step,1.0447657108306885,1.0651477575302124
Grocery,43,residual_generic,49,post_optimizer_step,1.054483413696289,1.072162389755249
Grocery,43,residual_generic,50,post_optimizer_step,1.06398606300354,1.0791798830032349
Grocery,43,residual_generic,51,post_optimizer_step,1.0734783411026,1.08661949634552
Grocery,43,residual_generic,52,post_optimizer_step,1.0837507247924805,1.0956625938415527
Grocery,43,residual_generic,53,post_optimizer_step,1.0936980247497559,1.1042946577072144
Grocery,43,residual_generic,54,post_optimizer_step,1.1032706499099731,1.112310528755188
Grocery,43,residual_generic,55,post_optimizer_step,1.112933874130249,1.120308756828308
Grocery,43,residual_generic,56,post_optimizer_step,1.1229548454284668,1.128678560256958
Grocery,43,residual_generic,57,post_optimizer_step,1.1329883337020874,1.1369577646255493
Grocery,43,residual_generic,58,post_optimizer_step,1.1425238847732544,1.1452183723449707
Grocery,43,residual_generic,59,post_optimizer_step,1.1518338918685913,1.1532669067382812
Grocery,43,residual_generic,60,post_optimizer_step,1.160549521446228,1.1615238189697266
Grocery,43,residual_generic,61,post_optimizer_step,1.1697759628295898,1.1696289777755737
Grocery,43,residual_generic,62,post_optimizer_step,1.1797178983688354,1.178303837776184
Grocery,43,residual_generic,63,post_optimizer_step,1.190889596939087,1.1874662637710571
Grocery,43,residual_generic,64,post_optimizer_step,1.202579379081726,1.197371006011963
Grocery,43,residual_generic,65,post_optimizer_step,1.2139023542404175,1.2076445817947388
Grocery,43,residual_generic,66,post_optimizer_step,1.2255992889404297,1.2183609008789062
Grocery,43,residual_generic,67,post_optimizer_step,1.2374366521835327,1.2286878824234009
Grocery,43,residual_generic,68,post_optimizer_step,1.2496148347854614,1.2389165163040161
Grocery,43,residual_generic,69,post_optimizer_step,1.2618082761764526,1.250171184539795
Grocery,43,residual_generic,70,post_optimizer_step,1.2754857540130615,1.2618989944458008
Grocery,43,residual_generic,71,post_optimizer_step,1.2892810106277466,1.2738347053527832
Grocery,43,residual_generic,72,post_optimizer_step,1.3016189336776733,1.2874469757080078
Grocery,43,residual_generic,73,post_optimizer_step,1.3133504390716553,1.300906777381897
Grocery,43,residual_generic,74,post_optimizer_step,1.3250772953033447,1.312414526939392
Grocery,43,residual_generic,75,post_optimizer_step,1.3370310068130493,1.3249503374099731
Grocery,43,residual_generic,76,post_optimizer_step,1.3485966920852661,1.3374494314193726
Grocery,43,residual_generic,77,post_optimizer_step,1.3598994016647339,1.3495171070098877
Grocery,43,residual_generic,78,post_optimizer_step,1.3711687326431274,1.3614259958267212
Grocery,43,residual_generic,79,post_optimizer_step,1.3820842504501343,1.3741884231567383
Grocery,43,residual_generic,80,post_optimizer_step,1.3927680253982544,1.3872127532958984
Grocery,43,residual_generic,81,post_optimizer_step,1.4022797346115112,1.3985825777053833
Grocery,43,residual_generic,82,post_optimizer_step,1.411647081375122,1.4093077182769775
Grocery,43,residual_generic,83,post_optimizer_step,1.422019362449646,1.4199028015136719
Grocery,43,residual_generic,84,post_optimizer_step,1.430624008178711,1.430670976638794
Grocery,43,residual_generic,85,post_optimizer_step,1.4380087852478027,1.4413504600524902
Grocery,43,residual_generic,86,post_optimizer_step,1.4470185041427612,1.4519497156143188
Grocery,43,residual_generic,87,post_optimizer_step,1.4550888538360596,1.461634874343872
Grocery,43,residual_generic,88,post_optimizer_step,1.4620628356933594,1.4700870513916016
Grocery,43,residual_generic,89,post_optimizer_step,1.468690276145935,1.4788624048233032
Grocery,43,residual_generic,90,post_optimizer_step,1.4754818677902222,1.4872246980667114
Grocery,43,residual_generic,91,post_optimizer_step,1.483484148979187,1.496239185333252
Grocery,43,residual_generic,92,post_optimizer_step,1.491024374961853,1.50460684299469
Grocery,43,residual_generic,93,post_optimizer_step,1.4977227449417114,1.5123759508132935
Grocery,43,residual_generic,94,post_optimizer_step,1.5033539533615112,1.5194370746612549
Grocery,43,residual_generic,95,post_optimizer_step,1.5090595483779907,1.5262418985366821
Grocery,43,residual_generic,96,post_optimizer_step,1.5159451961517334,1.533826470375061
Grocery,43,residual_generic,97,post_optimizer_step,1.5245094299316406,1.542548656463623
Grocery,43,residual_generic,98,post_optimizer_step,1.5316729545593262,1.550463318824768
Grocery,43,residual_generic,99,post_optimizer_step,1.537878155708313,1.5580973625183105
Grocery,43,residual_generic,100,post_optimizer_step,1.545916199684143,1.5654854774475098
Grocery,43,residual_generic,70,best_checkpoint,1.2754857540130615,1.2618989944458008
Grocery,43,residual_protected,0,initial,0.0,0.0
Grocery,43,residual_protected,1,post_optimizer_step,0.12786567211151123,0.1278494894504547
Grocery,43,residual_protected,2,post_optimizer_step,0.1944361925125122,0.19166825711727142
Grocery,43,residual_protected,3,post_optimizer_step,0.24470028281211853,0.24358071386814117
Grocery,43,residual_protected,4,post_optimizer_step,0.28452223539352417,0.289172887802124
Grocery,43,residual_protected,5,post_optimizer_step,0.31757599115371704,0.3292090892791748
Grocery,43,residual_protected,6,post_optimizer_step,0.34905219078063965,0.3688822090625763
Grocery,43,residual_protected,7,post_optimizer_step,0.38405799865722656,0.4140261113643646
Grocery,43,residual_protected,8,post_optimizer_step,0.42333245277404785,0.46345028281211853
Grocery,43,residual_protected,9,post_optimizer_step,0.4675464928150177,0.5159524083137512
Grocery,43,residual_protected,10,post_optimizer_step,0.5174539685249329,0.5708252191543579
Grocery,43,residual_protected,11,post_optimizer_step,0.5609827041625977,0.6204841732978821
Grocery,43,residual_protected,12,post_optimizer_step,0.5900902152061462,0.6577368378639221
Grocery,43,residual_protected,13,post_optimizer_step,0.6145796775817871,0.6848757266998291
Grocery,43,residual_protected,14,post_optimizer_step,0.6362723708152771,0.7082014679908752
Grocery,43,residual_protected,15,post_optimizer_step,0.6564458012580872,0.7275004982948303
Grocery,43,residual_protected,16,post_optimizer_step,0.675315797328949,0.743455171585083
Grocery,43,residual_protected,17,post_optimizer_step,0.6943228840827942,0.7583168745040894
Grocery,43,residual_protected,18,post_optimizer_step,0.7115046381950378,0.772991955280304
Grocery,43,residual_protected,19,post_optimizer_step,0.7278841137886047,0.7884944677352905
Grocery,43,residual_protected,20,post_optimizer_step,0.7437003254890442,0.8032093644142151
Grocery,43,residual_protected,21,post_optimizer_step,0.7588024735450745,0.8169970512390137
Grocery,43,residual_protected,22,post_optimizer_step,0.7731373906135559,0.831371545791626
Grocery,43,residual_protected,23,post_optimizer_step,0.78714919090271,0.8464299440383911
Grocery,43,residual_protected,24,post_optimizer_step,0.8005286455154419,0.8614139556884766
Grocery,43,residual_protected,25,post_optimizer_step,0.8136791586875916,0.8763828277587891
Grocery,43,residual_protected,26,post_optimizer_step,0.8262648582458496,0.8915025591850281
Grocery,43,residual_protected,27,post_optimizer_step,0.8383985161781311,0.9063491821289062
Grocery,43,residual_protected,28,post_optimizer_step,0.8501994013786316,0.9203110337257385
Grocery,43,residual_protected,29,post_optimizer_step,0.8615951538085938,0.933165431022644
Grocery,43,residual_protected,30,post_optimizer_step,0.8725558519363403,0.9450534582138062
Grocery,43,residual_protected,31,post_optimizer_step,0.8833081126213074,0.9561310410499573
Grocery,43,residual_protected,32,post_optimizer_step,0.8938179016113281,0.9665576219558716
Grocery,43,residual_protected,33,post_optimizer_step,0.9038757681846619,0.9766958951950073
Grocery,43,residual_protected,34,post_optimizer_step,0.9133139252662659,0.9870260953903198
Grocery,43,residual_protected,35,post_optimizer_step,0.9227598309516907,0.9971756935119629
Grocery,43,residual_protected,36,post_optimizer_step,0.9318557381629944,1.0070735216140747
Grocery,43,residual_protected,37,post_optimizer_step,0.9417870044708252,1.0176512002944946
Grocery,43,residual_protected,38,post_optimizer_step,0.9507293701171875,1.0281670093536377
Grocery,43,residual_protected,39,post_optimizer_step,0.9591541290283203,1.0389468669891357
Grocery,43,residual_protected,40,post_optimizer_step,0.9679734110832214,1.049453854560852
Grocery,43,residual_protected,41,post_optimizer_step,0.9765236377716064,1.059382677078247
Grocery,43,residual_protected,42,post_optimizer_step,0.9848832488059998,1.0691159963607788
Grocery,43,residual_protected,43,post_optimizer_step,0.9928928017616272,1.0788325071334839
Grocery,43,residual_protected,44,post_optimizer_step,1.0008705854415894,1.0884076356887817
Grocery,43,residual_protected,45,post_optimizer_step,1.008573055267334,1.0977966785430908
Grocery,43,residual_protected,46,post_optimizer_step,1.0167899131774902,1.1070541143417358
Grocery,43,residual_protected,47,post_optimizer_step,1.0263780355453491,1.1161569356918335
Grocery,43,residual_protected,48,post_optimizer_step,1.0357871055603027,1.124882459640503
Grocery,43,residual_protected,49,post_optimizer_step,1.045380711555481,1.1337151527404785
Grocery,43,residual_protected,50,post_optimizer_step,1.0550099611282349,1.1431220769882202
Grocery,43,residual_protected,51,post_optimizer_step,1.0645633935928345,1.1534637212753296
Grocery,43,residual_protected,52,post_optimizer_step,1.0743123292922974,1.163897156715393
Grocery,43,residual_protected,53,post_optimizer_step,1.085296630859375,1.1747019290924072
Grocery,43,residual_protected,54,post_optimizer_step,1.096481442451477,1.1865143775939941
Grocery,43,residual_protected,55,post_optimizer_step,1.107556700706482,1.1979063749313354
Grocery,43,residual_protected,56,post_optimizer_step,1.1196314096450806,1.210563063621521
Grocery,43,residual_protected,57,post_optimizer_step,1.131752848625183,1.2230055332183838
Grocery,43,residual_protected,58,post_optimizer_step,1.143717646598816,1.2350038290023804
Grocery,43,residual_protected,59,post_optimizer_step,1.1562522649765015,1.2470173835754395
Grocery,43,residual_protected,60,post_optimizer_step,1.1685304641723633,1.25954270362854
Grocery,43,residual_protected,61,post_optimizer_step,1.1798394918441772,1.2723623514175415
Grocery,43,residual_protected,62,post_optimizer_step,1.1921981573104858,1.2852948904037476
Grocery,43,residual_protected,63,post_optimizer_step,1.2050224542617798,1.2983225584030151
Grocery,43,residual_protected,64,post_optimizer_step,1.2168546915054321,1.3114033937454224
Grocery,43,residual_protected,65,post_optimizer_step,1.229148030281067,1.3243944644927979
Grocery,43,residual_protected,66,post_optimizer_step,1.2418789863586426,1.3368066549301147
Grocery,43,residual_protected,67,post_optimizer_step,1.2549947500228882,1.3493807315826416
Grocery,43,residual_protected,68,post_optimizer_step,1.2685120105743408,1.3616926670074463
Grocery,43,residual_protected,69,post_optimizer_step,1.2817033529281616,1.3735008239746094
Grocery,43,residual_protected,70,post_optimizer_step,1.2961163520812988,1.385614037513733
Grocery,43,residual_protected,71,post_optimizer_step,1.3093645572662354,1.397139549255371
Grocery,43,residual_protected,72,post_optimizer_step,1.3226577043533325,1.4095336198806763
Grocery,43,residual_protected,73,post_optimizer_step,1.3357747793197632,1.4212088584899902
Grocery,43,residual_protected,74,post_optimizer_step,1.3503936529159546,1.4330267906188965
Grocery,43,residual_protected,75,post_optimizer_step,1.3631047010421753,1.4438676834106445
Grocery,43,residual_protected,76,post_optimizer_step,1.375370740890503,1.4540725946426392
Grocery,43,residual_protected,77,post_optimizer_step,1.3877006769180298,1.4640146493911743
Grocery,43,residual_protected,78,post_optimizer_step,1.4003225564956665,1.4737694263458252
Grocery,43,residual_protected,79,post_optimizer_step,1.4128429889678955,1.483405351638794
Grocery,43,residual_protected,80,post_optimizer_step,1.4236118793487549,1.4929873943328857
Grocery,43,residual_protected,81,post_optimizer_step,1.432053804397583,1.5025955438613892
Grocery,43,residual_protected,82,post_optimizer_step,1.44135582447052,1.5120704174041748
Grocery,43,residual_protected,83,post_optimizer_step,1.4522045850753784,1.5216901302337646
Grocery,43,residual_protected,84,post_optimizer_step,1.4618024826049805,1.5312371253967285
Grocery,43,residual_protected,85,post_optimizer_step,1.4714202880859375,1.5414081811904907
Grocery,43,residual_protected,86,post_optimizer_step,1.4819453954696655,1.5509899854660034
Grocery,43,residual_protected,87,post_optimizer_step,1.4936109781265259,1.5607342720031738
Grocery,43,residual_protected,88,post_optimizer_step,1.5037648677825928,1.570192575454712
Grocery,43,residual_protected,89,post_optimizer_step,1.512039303779602,1.5792086124420166
Grocery,43,residual_protected,90,post_optimizer_step,1.5192570686340332,1.5873808860778809
Grocery,43,residual_protected,91,post_optimizer_step,1.527635931968689,1.5954622030258179
Grocery,43,residual_protected,92,post_optimizer_step,1.536973237991333,1.6043204069137573
Grocery,43,residual_protected,93,post_optimizer_step,1.545141339302063,1.613398551940918
Grocery,43,residual_protected,94,post_optimizer_step,1.5523793697357178,1.622532844543457
Grocery,43,residual_protected,95,post_optimizer_step,1.5604904890060425,1.631935477256775
Grocery,43,residual_protected,96,post_optimizer_step,1.5696462392807007,1.6411627531051636
Grocery,43,residual_protected,97,post_optimizer_step,1.5778391361236572,1.6493685245513916
Grocery,43,residual_protected,98,post_optimizer_step,1.5879313945770264,1.6589603424072266
Grocery,43,residual_protected,99,post_optimizer_step,1.598572850227356,1.667829155921936
Grocery,43,residual_protected,100,post_optimizer_step,1.6078824996948242,1.6757327318191528
Grocery,43,residual_protected,101,post_optimizer_step,1.6176344156265259,1.6840579509735107
Grocery,43,residual_protected,102,post_optimizer_step,1.6256470680236816,1.6918524503707886
Grocery,43,residual_protected,103,post_optimizer_step,1.6324807405471802,1.6992344856262207
Grocery,43,residual_protected,104,post_optimizer_step,1.6382490396499634,1.7059296369552612
Grocery,43,residual_protected,105,post_optimizer_step,1.6453261375427246,1.7127197980880737
Grocery,43,residual_protected,106,post_optimizer_step,1.654093623161316,1.7201288938522339
Grocery,43,residual_protected,107,post_optimizer_step,1.6613452434539795,1.727742075920105
Grocery,43,residual_protected,108,post_optimizer_step,1.6698267459869385,1.7371506690979004
Grocery,43,residual_protected,78,best_checkpoint,1.4003225564956665,1.4737694263458252
Grocery,43,smooth_base,0,initial,0.0,0.0
Grocery,43,smooth_base,1,post_optimizer_step,0.0,0.0
Grocery,43,smooth_base,2,post_optimizer_step,0.0,0.0
Grocery,43,smooth_base,3,post_optimizer_step,0.0,0.0
Grocery,43,smooth_base,4,post_optimizer_step,0.0,0.0
Grocery,43,smooth_base,5,post_optimizer_step,0.0,0.0
Grocery,43,smooth_base,6,post_optimizer_step,0.0,0.0
Grocery,43,smooth_base,7,post_optimizer_step,0.0,0.0
Grocery,43,smooth_base,8,post_optimizer_step,0.0,0.0
Grocery,43,smooth_base,9,post_optimizer_step,0.0,0.0
Grocery,43,smooth_base,10,post_optimizer_step,0.0,0.0
Grocery,43,smooth_base,11,post_optimizer_step,0.0,0.0
Grocery,43,smooth_base,12,post_optimizer_step,0.0,0.0
Grocery,43,smooth_base,13,post_optimizer_step,0.0,0.0
Grocery,43,smooth_base,14,post_optimizer_step,0.0,0.0
Grocery,43,smooth_base,15,post_optimizer_step,0.0,0.0
Grocery,43,smooth_base,16,post_optimizer_step,0.0,0.0
Grocery,43,smooth_base,17,post_optimizer_step,0.0,0.0
Grocery,43,smooth_base,18,post_optimizer_step,0.0,0.0
Grocery,43,smooth_base,19,post_optimizer_step,0.0,0.0
Grocery,43,smooth_base,20,post_optimizer_step,0.0,0.0
Grocery,43,smooth_base,21,post_optimizer_step,0.0,0.0
Grocery,43,smooth_base,22,post_optimizer_step,0.0,0.0
Grocery,43,smooth_base,23,post_optimizer_step,0.0,0.0
Grocery,43,smooth_base,24,post_optimizer_step,0.0,0.0
Grocery,43,smooth_base,25,post_optimizer_step,0.0,0.0
Grocery,43,smooth_base,26,post_optimizer_step,0.0,0.0
Grocery,43,smooth_base,27,post_optimizer_step,0.0,0.0
Grocery,43,smooth_base,28,post_optimizer_step,0.0,0.0
Grocery,43,smooth_base,29,post_optimizer_step,0.0,0.0
Grocery,43,smooth_base,30,post_optimizer_step,0.0,0.0
Grocery,43,smooth_base,31,post_optimizer_step,0.0,0.0
Grocery,43,smooth_base,32,post_optimizer_step,0.0,0.0
Grocery,43,smooth_base,33,post_optimizer_step,0.0,0.0
Grocery,43,smooth_base,34,post_optimizer_step,0.0,0.0
Grocery,43,smooth_base,35,post_optimizer_step,0.0,0.0
Grocery,43,smooth_base,36,post_optimizer_step,0.0,0.0
Grocery,43,smooth_base,37,post_optimizer_step,0.0,0.0
Grocery,43,smooth_base,38,post_optimizer_step,0.0,0.0
Grocery,43,smooth_base,39,post_optimizer_step,0.0,0.0
Grocery,43,smooth_base,40,post_optimizer_step,0.0,0.0
Grocery,43,smooth_base,41,post_optimizer_step,0.0,0.0
Grocery,43,smooth_base,42,post_optimizer_step,0.0,0.0
Grocery,43,smooth_base,43,post_optimizer_step,0.0,0.0
Grocery,43,smooth_base,44,post_optimizer_step,0.0,0.0
Grocery,43,smooth_base,45,post_optimizer_step,0.0,0.0
Grocery,43,smooth_base,46,post_optimizer_step,0.0,0.0
Grocery,43,smooth_base,47,post_optimizer_step,0.0,0.0
Grocery,43,smooth_base,48,post_optimizer_step,0.0,0.0
Grocery,43,smooth_base,49,post_optimizer_step,0.0,0.0
Grocery,43,smooth_base,50,post_optimizer_step,0.0,0.0
Grocery,43,smooth_base,51,post_optimizer_step,0.0,0.0
Grocery,43,smooth_base,52,post_optimizer_step,0.0,0.0
Grocery,43,smooth_base,53,post_optimizer_step,0.0,0.0
Grocery,43,smooth_base,54,post_optimizer_step,0.0,0.0
Grocery,43,smooth_base,55,post_optimizer_step,0.0,0.0
Grocery,43,smooth_base,56,post_optimizer_step,0.0,0.0
Grocery,43,smooth_base,57,post_optimizer_step,0.0,0.0
Grocery,43,smooth_base,58,post_optimizer_step,0.0,0.0
Grocery,43,smooth_base,59,post_optimizer_step,0.0,0.0
Grocery,43,smooth_base,60,post_optimizer_step,0.0,0.0
Grocery,43,smooth_base,61,post_optimizer_step,0.0,0.0
Grocery,43,smooth_base,62,post_optimizer_step,0.0,0.0
Grocery,43,smooth_base,63,post_optimizer_step,0.0,0.0
Grocery,43,smooth_base,64,post_optimizer_step,0.0,0.0
Grocery,43,smooth_base,65,post_optimizer_step,0.0,0.0
Grocery,43,smooth_base,66,post_optimizer_step,0.0,0.0
Grocery,43,smooth_base,67,post_optimizer_step,0.0,0.0
Grocery,43,smooth_base,68,post_optimizer_step,0.0,0.0
Grocery,43,smooth_base,69,post_optimizer_step,0.0,0.0
Grocery,43,smooth_base,70,post_optimizer_step,0.0,0.0
Grocery,43,smooth_base,71,post_optimizer_step,0.0,0.0
Grocery,43,smooth_base,72,post_optimizer_step,0.0,0.0
Grocery,43,smooth_base,73,post_optimizer_step,0.0,0.0
Grocery,43,smooth_base,74,post_optimizer_step,0.0,0.0
Grocery,43,smooth_base,75,post_optimizer_step,0.0,0.0
Grocery,43,smooth_base,76,post_optimizer_step,0.0,0.0
Grocery,43,smooth_base,77,post_optimizer_step,0.0,0.0
Grocery,43,smooth_base,78,post_optimizer_step,0.0,0.0
Grocery,43,smooth_base,79,post_optimizer_step,0.0,0.0
Grocery,43,smooth_base,80,post_optimizer_step,0.0,0.0
Grocery,43,smooth_base,81,post_optimizer_step,0.0,0.0
Grocery,43,smooth_base,82,post_optimizer_step,0.0,0.0
Grocery,43,smooth_base,83,post_optimizer_step,0.0,0.0
Grocery,43,smooth_base,84,post_optimizer_step,0.0,0.0
Grocery,43,smooth_base,85,post_optimizer_step,0.0,0.0
Grocery,43,smooth_base,86,post_optimizer_step,0.0,0.0
Grocery,43,smooth_base,87,post_optimizer_step,0.0,0.0
Grocery,43,smooth_base,88,post_optimizer_step,0.0,0.0
Grocery,43,smooth_base,89,post_optimizer_step,0.0,0.0
Grocery,43,smooth_base,90,post_optimizer_step,0.0,0.0
Grocery,43,smooth_base,91,post_optimizer_step,0.0,0.0
Grocery,43,smooth_base,92,post_optimizer_step,0.0,0.0
Grocery,43,smooth_base,93,post_optimizer_step,0.0,0.0
Grocery,43,smooth_base,94,post_optimizer_step,0.0,0.0
Grocery,43,smooth_base,95,post_optimizer_step,0.0,0.0
Grocery,43,smooth_base,96,post_optimizer_step,0.0,0.0
Grocery,43,smooth_base,97,post_optimizer_step,0.0,0.0
Grocery,43,smooth_base,98,post_optimizer_step,0.0,0.0
Grocery,43,smooth_base,99,post_optimizer_step,0.0,0.0
Grocery,43,smooth_base,100,post_optimizer_step,0.0,0.0
Grocery,43,smooth_base,101,post_optimizer_step,0.0,0.0
Grocery,43,smooth_base,102,post_optimizer_step,0.0,0.0
Grocery,43,smooth_base,103,post_optimizer_step,0.0,0.0
Grocery,43,smooth_base,104,post_optimizer_step,0.0,0.0
Grocery,43,smooth_base,105,post_optimizer_step,0.0,0.0
Grocery,43,smooth_base,106,post_optimizer_step,0.0,0.0
Grocery,43,smooth_base,107,post_optimizer_step,0.0,0.0
Grocery,43,smooth_base,108,post_optimizer_step,0.0,0.0
Grocery,43,smooth_base,109,post_optimizer_step,0.0,0.0
Grocery,43,smooth_base,110,post_optimizer_step,0.0,0.0
Grocery,43,smooth_base,111,post_optimizer_step,0.0,0.0
Grocery,43,smooth_base,112,post_optimizer_step,0.0,0.0
Grocery,43,smooth_base,113,post_optimizer_step,0.0,0.0
Grocery,43,smooth_base,114,post_optimizer_step,0.0,0.0
Grocery,43,smooth_base,115,post_optimizer_step,0.0,0.0
Grocery,43,smooth_base,116,post_optimizer_step,0.0,0.0
Grocery,43,smooth_base,117,post_optimizer_step,0.0,0.0
Grocery,43,smooth_base,118,post_optimizer_step,0.0,0.0
Grocery,43,smooth_base,119,post_optimizer_step,0.0,0.0
Grocery,43,smooth_base,120,post_optimizer_step,0.0,0.0
Grocery,43,smooth_base,90,best_checkpoint,0.0,0.0
Grocery,44,residual_generic,0,initial,0.0,0.0
Grocery,44,residual_generic,1,post_optimizer_step,0.12784090638160706,0.12787556648254395
Grocery,44,residual_generic,2,post_optimizer_step,0.18902166187763214,0.18502448499202728
Grocery,44,residual_generic,3,post_optimizer_step,0.23823727667331696,0.23398879170417786
Grocery,44,residual_generic,4,post_optimizer_step,0.2821075916290283,0.2784997820854187
Grocery,44,residual_generic,5,post_optimizer_step,0.3168952763080597,0.3152727484703064
Grocery,44,residual_generic,6,post_optimizer_step,0.3509424924850464,0.3525708019733429
Grocery,44,residual_generic,7,post_optimizer_step,0.3864537179470062,0.3926736116409302
Grocery,44,residual_generic,8,post_optimizer_step,0.4250876307487488,0.4366084635257721
Grocery,44,residual_generic,9,post_optimizer_step,0.46813833713531494,0.4851321578025818
Grocery,44,residual_generic,10,post_optimizer_step,0.5151563286781311,0.5374259352684021
Grocery,44,residual_generic,11,post_optimizer_step,0.5553632974624634,0.5861180424690247
Grocery,44,residual_generic,12,post_optimizer_step,0.5830998420715332,0.6215893030166626
Grocery,44,residual_generic,13,post_optimizer_step,0.6079341173171997,0.6481224894523621
Grocery,44,residual_generic,14,post_optimizer_step,0.6307578682899475,0.6700195074081421
Grocery,44,residual_generic,15,post_optimizer_step,0.6545072197914124,0.6880753040313721
Grocery,44,residual_generic,16,post_optimizer_step,0.6767835021018982,0.7029815912246704
Grocery,44,residual_generic,17,post_optimizer_step,0.6974799633026123,0.7166503667831421
Grocery,44,residual_generic,18,post_optimizer_step,0.7178516387939453,0.7309228777885437
Grocery,44,residual_generic,19,post_optimizer_step,0.7368887066841125,0.7456715106964111
Grocery,44,residual_generic,20,post_optimizer_step,0.75461745262146,0.7586320638656616
Grocery,44,residual_generic,21,post_optimizer_step,0.7706598043441772,0.7704148888587952
Grocery,44,residual_generic,22,post_optimizer_step,0.7857387065887451,0.7830958366394043
Grocery,44,residual_generic,23,post_optimizer_step,0.8000423312187195,0.7968625426292419
Grocery,44,residual_generic,24,post_optimizer_step,0.8136757016181946,0.8106748461723328
Grocery,44,residual_generic,25,post_optimizer_step,0.8266578912734985,0.8243014812469482
Grocery,44,residual_generic,26,post_optimizer_step,0.8390721678733826,0.8378212451934814
Grocery,44,residual_generic,27,post_optimizer_step,0.8507593870162964,0.850955069065094
Grocery,44,residual_generic,28,post_optimizer_step,0.8619779348373413,0.8634282946586609
Grocery,44,residual_generic,29,post_optimizer_step,0.8727872371673584,0.8751178979873657
Grocery,44,residual_generic,30,post_optimizer_step,0.8833090662956238,0.8866538405418396
Grocery,44,residual_generic,31,post_optimizer_step,0.8939038515090942,0.89830482006073
Grocery,44,residual_generic,32,post_optimizer_step,0.9041526913642883,0.9094462394714355
Grocery,44,residual_generic,33,post_optimizer_step,0.9143497943878174,0.9181804060935974
Grocery,44,residual_generic,34,post_optimizer_step,0.924619734287262,0.9267622232437134
Grocery,44,residual_generic,35,post_optimizer_step,0.9350057244300842,0.9362648129463196
Grocery,44,residual_generic,36,post_optimizer_step,0.94585782289505,0.946520209312439
Grocery,44,residual_generic,37,post_optimizer_step,0.9567022323608398,0.9559913873672485
Grocery,44,residual_generic,38,post_optimizer_step,0.9673187732696533,0.9636933207511902
Grocery,44,residual_generic,39,post_optimizer_step,0.9778676629066467,0.9704485535621643
Grocery,44,residual_generic,40,post_optimizer_step,0.9895157217979431,0.9776054620742798
Grocery,44,residual_generic,41,post_optimizer_step,1.0002858638763428,0.984725296497345
Grocery,44,residual_generic,42,post_optimizer_step,1.01088547706604,0.9918844699859619
Grocery,44,residual_generic,43,post_optimizer_step,1.0219182968139648,0.9987395405769348
Grocery,44,residual_generic,44,post_optimizer_step,1.0324240922927856,1.0051851272583008
Grocery,44,residual_generic,45,post_optimizer_step,1.0425077676773071,1.010787010192871
Grocery,44,residual_generic,46,post_optimizer_step,1.0520108938217163,1.0162495374679565
Grocery,44,residual_generic,47,post_optimizer_step,1.0620734691619873,1.022793173789978
Grocery,44,residual_generic,48,post_optimizer_step,1.0727328062057495,1.029614806175232
Grocery,44,residual_generic,49,post_optimizer_step,1.0833555459976196,1.0363643169403076
Grocery,44,residual_generic,50,post_optimizer_step,1.093916416168213,1.0426114797592163
Grocery,44,residual_generic,51,post_optimizer_step,1.1050093173980713,1.0501205921173096
Grocery,44,residual_generic,52,post_optimizer_step,1.1171417236328125,1.0586873292922974
Grocery,44,residual_generic,53,post_optimizer_step,1.1306288242340088,1.0683443546295166
Grocery,44,residual_generic,54,post_optimizer_step,1.142966866493225,1.077256441116333
Grocery,44,residual_generic,55,post_optimizer_step,1.1555298566818237,1.0854254961013794
Grocery,44,residual_generic,56,post_optimizer_step,1.167335867881775,1.093835711479187
Grocery,44,residual_generic,57,post_optimizer_step,1.1797258853912354,1.1034470796585083
Grocery,44,residual_generic,58,post_optimizer_step,1.192713737487793,1.1137534379959106
Grocery,44,residual_generic,59,post_optimizer_step,1.204438328742981,1.1241718530654907
Grocery,44,residual_generic,60,post_optimizer_step,1.2162370681762695,1.1341279745101929
Grocery,44,residual_generic,61,post_optimizer_step,1.2277647256851196,1.1440531015396118
Grocery,44,residual_generic,62,post_optimizer_step,1.2407903671264648,1.1542778015136719
Grocery,44,residual_generic,63,post_optimizer_step,1.253301978111267,1.1643154621124268
Grocery,44,residual_generic,64,post_optimizer_step,1.2671597003936768,1.1758490800857544
Grocery,44,residual_generic,65,post_optimizer_step,1.2815682888031006,1.1876866817474365
Grocery,44,residual_generic,66,post_optimizer_step,1.2960532903671265,1.1987584829330444
Grocery,44,residual_generic,67,post_optimizer_step,1.3090312480926514,1.209258794784546
Grocery,44,residual_generic,68,post_optimizer_step,1.3229484558105469,1.2201679944992065
Grocery,44,residual_generic,69,post_optimizer_step,1.335810661315918,1.230858564376831
Grocery,44,residual_generic,70,post_optimizer_step,1.3493906259536743,1.2429686784744263
Grocery,44,residual_generic,71,post_optimizer_step,1.3627712726593018,1.2543362379074097
Grocery,44,residual_generic,72,post_optimizer_step,1.378522515296936,1.266674518585205
Grocery,44,residual_generic,73,post_optimizer_step,1.3930436372756958,1.2783063650131226
Grocery,44,residual_generic,74,post_optimizer_step,1.4089401960372925,1.2924931049346924
Grocery,44,residual_generic,75,post_optimizer_step,1.4248435497283936,1.306170105934143
Grocery,44,residual_generic,76,post_optimizer_step,1.438808560371399,1.3189247846603394
Grocery,44,residual_generic,77,post_optimizer_step,1.4532541036605835,1.3320624828338623
Grocery,44,residual_generic,78,post_optimizer_step,1.4687689542770386,1.3448807001113892
Grocery,44,residual_generic,79,post_optimizer_step,1.4837391376495361,1.3574039936065674
Grocery,44,residual_generic,80,post_optimizer_step,1.4975706338882446,1.3693126440048218
Grocery,44,residual_generic,81,post_optimizer_step,1.510508418083191,1.381848931312561
Grocery,44,residual_generic,82,post_optimizer_step,1.523163914680481,1.3939805030822754
Grocery,44,residual_generic,83,post_optimizer_step,1.5361814498901367,1.4064689874649048
Grocery,44,residual_generic,84,post_optimizer_step,1.5486845970153809,1.419126272201538
Grocery,44,residual_generic,85,post_optimizer_step,1.560807228088379,1.4313292503356934
Grocery,44,residual_generic,86,post_optimizer_step,1.572944164276123,1.4426151514053345
Grocery,44,residual_generic,87,post_optimizer_step,1.5859862565994263,1.4537532329559326
Grocery,44,residual_generic,88,post_optimizer_step,1.5982304811477661,1.4645015001296997
Grocery,44,residual_generic,89,post_optimizer_step,1.6105026006698608,1.4751993417739868
Grocery,44,residual_generic,90,post_optimizer_step,1.6216580867767334,1.485332727432251
Grocery,44,residual_generic,91,post_optimizer_step,1.6339970827102661,1.4971102476119995
Grocery,44,residual_generic,92,post_optimizer_step,1.6449143886566162,1.506720781326294
Grocery,44,residual_generic,93,post_optimizer_step,1.6555712223052979,1.5159156322479248
Grocery,44,residual_generic,94,post_optimizer_step,1.666011929512024,1.5245437622070312
Grocery,44,residual_generic,95,post_optimizer_step,1.6758917570114136,1.5322980880737305
Grocery,44,residual_generic,96,post_optimizer_step,1.6840084791183472,1.5396487712860107
Grocery,44,residual_generic,97,post_optimizer_step,1.692240595817566,1.5470956563949585
Grocery,44,residual_generic,98,post_optimizer_step,1.7014846801757812,1.556249976158142
Grocery,44,residual_generic,99,post_optimizer_step,1.7109568119049072,1.5652334690093994
Grocery,44,residual_generic,100,post_optimizer_step,1.7227554321289062,1.575285792350769
Grocery,44,residual_generic,101,post_optimizer_step,1.7346339225769043,1.584486722946167
Grocery,44,residual_generic,102,post_optimizer_step,1.7450116872787476,1.5940155982971191
Grocery,44,residual_generic,103,post_optimizer_step,1.7546857595443726,1.6029671430587769
Grocery,44,residual_generic,104,post_optimizer_step,1.7641079425811768,1.6121450662612915
Grocery,44,residual_generic,105,post_optimizer_step,1.7732508182525635,1.6219849586486816
Grocery,44,residual_generic,75,best_checkpoint,1.4248435497283936,1.306170105934143
Grocery,44,residual_protected,0,initial,0.0,0.0
Grocery,44,residual_protected,1,post_optimizer_step,0.12784387171268463,0.12789286673069
Grocery,44,residual_protected,2,post_optimizer_step,0.19185873866081238,0.18565259873867035
Grocery,44,residual_protected,3,post_optimizer_step,0.2406844198703766,0.23276960849761963
Grocery,44,residual_protected,4,post_optimizer_step,0.2832423150539398,0.2769047021865845
Grocery,44,residual_protected,5,post_optimizer_step,0.31965601444244385,0.31653299927711487
Grocery,44,residual_protected,6,post_optimizer_step,0.3547561764717102,0.3570794463157654
Grocery,44,residual_protected,7,post_optimizer_step,0.39044463634490967,0.39974454045295715
Grocery,44,residual_protected,8,post_optimizer_step,0.42872509360313416,0.4457314610481262
Grocery,44,residual_protected,9,post_optimizer_step,0.4708392322063446,0.49554550647735596
Grocery,44,residual_protected,10,post_optimizer_step,0.5156728029251099,0.5479833483695984
Grocery,44,residual_protected,11,post_optimizer_step,0.5537018775939941,0.5969588160514832
Grocery,44,residual_protected,12,post_optimizer_step,0.578769862651825,0.6318234801292419
Grocery,44,residual_protected,13,post_optimizer_step,0.6016901135444641,0.6568903923034668
Grocery,44,residual_protected,14,post_optimizer_step,0.6241851449012756,0.6783156991004944
Grocery,44,residual_protected,15,post_optimizer_step,0.6474533081054688,0.6955963969230652
Grocery,44,residual_protected,16,post_optimizer_step,0.6692990660667419,0.7097399830818176
Grocery,44,residual_protected,17,post_optimizer_step,0.6900136470794678,0.723307728767395
Grocery,44,residual_protected,18,post_optimizer_step,0.7101554274559021,0.7380794882774353
Grocery,44,residual_protected,19,post_optimizer_step,0.7300130724906921,0.7535914778709412
Grocery,44,residual_protected,20,post_optimizer_step,0.7487652897834778,0.768226683139801
Grocery,44,residual_protected,21,post_optimizer_step,0.766528844833374,0.7830803394317627
Grocery,44,residual_protected,22,post_optimizer_step,0.7831430435180664,0.8000686168670654
Grocery,44,residual_protected,23,post_optimizer_step,0.7992265820503235,0.8174426555633545
Grocery,44,residual_protected,24,post_optimizer_step,0.8148969411849976,0.835986852645874
Grocery,44,residual_protected,25,post_optimizer_step,0.8298497796058655,0.8536117672920227
Grocery,44,residual_protected,26,post_optimizer_step,0.8436266183853149,0.8694691061973572
Grocery,44,residual_protected,27,post_optimizer_step,0.8565073609352112,0.8837057948112488
Grocery,44,residual_protected,28,post_optimizer_step,0.8688840866088867,0.8970327377319336
Grocery,44,residual_protected,29,post_optimizer_step,0.8806379437446594,0.9101205468177795
Grocery,44,residual_protected,30,post_optimizer_step,0.8921098113059998,0.9226528406143188
Grocery,44,residual_protected,31,post_optimizer_step,0.9028533101081848,0.9338768720626831
Grocery,44,residual_protected,32,post_optimizer_step,0.913486123085022,0.9443992972373962
Grocery,44,residual_protected,33,post_optimizer_step,0.9237776398658752,0.9545921683311462
Grocery,44,residual_protected,34,post_optimizer_step,0.9336130619049072,0.9647915363311768
Grocery,44,residual_protected,35,post_optimizer_step,0.9440261125564575,0.9753282070159912
Grocery,44,residual_protected,36,post_optimizer_step,0.9548684358596802,0.987118124961853
Grocery,44,residual_protected,37,post_optimizer_step,0.9660536646842957,0.9970888495445251
Grocery,44,residual_protected,38,post_optimizer_step,0.9768121242523193,1.006285309791565
Grocery,44,residual_protected,39,post_optimizer_step,0.9877057075500488,1.0162732601165771
Grocery,44,residual_protected,40,post_optimizer_step,0.9987061619758606,1.0256457328796387
Grocery,44,residual_protected,41,post_optimizer_step,1.0092809200286865,1.03570556640625
Grocery,44,residual_protected,42,post_optimizer_step,1.0197139978408813,1.0454181432724
Grocery,44,residual_protected,43,post_optimizer_step,1.0305655002593994,1.0541657209396362
Grocery,44,residual_protected,44,post_optimizer_step,1.0401638746261597,1.0625098943710327
Grocery,44,residual_protected,45,post_optimizer_step,1.0483975410461426,1.0715076923370361
Grocery,44,residual_protected,46,post_optimizer_step,1.0570969581604004,1.0801658630371094
Grocery,44,residual_protected,47,post_optimizer_step,1.0660760402679443,1.0887483358383179
Grocery,44,residual_protected,48,post_optimizer_step,1.074695110321045,1.098131775856018
Grocery,44,residual_protected,49,post_optimizer_step,1.083032250404358,1.106765627861023
Grocery,44,residual_protected,50,post_optimizer_step,1.09128737449646,1.1145391464233398
Grocery,44,residual_protected,51,post_optimizer_step,1.0991122722625732,1.1221803426742554
Grocery,44,residual_protected,52,post_optimizer_step,1.1072889566421509,1.1298401355743408
Grocery,44,residual_protected,53,post_optimizer_step,1.1165372133255005,1.1373060941696167
Grocery,44,residual_protected,54,post_optimizer_step,1.1246967315673828,1.145433783531189
Grocery,44,residual_protected,55,post_optimizer_step,1.1320946216583252,1.1543734073638916
Grocery,44,residual_protected,56,post_optimizer_step,1.1405984163284302,1.1631314754486084
Grocery,44,residual_protected,57,post_optimizer_step,1.1500321626663208,1.171280860900879
Grocery,44,residual_protected,58,post_optimizer_step,1.1583268642425537,1.1801179647445679
Grocery,44,residual_protected,59,post_optimizer_step,1.1672863960266113,1.1899476051330566
Grocery,44,residual_protected,60,post_optimizer_step,1.177976131439209,1.2017971277236938
Grocery,44,residual_protected,61,post_optimizer_step,1.186914086341858,1.2132066488265991
Grocery,44,residual_protected,62,post_optimizer_step,1.1966662406921387,1.2230547666549683
Grocery,44,residual_protected,63,post_optimizer_step,1.2078937292099,1.233955979347229
Grocery,44,residual_protected,64,post_optimizer_step,1.2195383310317993,1.2455098628997803
Grocery,44,residual_protected,65,post_optimizer_step,1.2328249216079712,1.2582387924194336
Grocery,44,residual_protected,66,post_optimizer_step,1.245391607284546,1.2725259065628052
Grocery,44,residual_protected,67,post_optimizer_step,1.258855938911438,1.2856076955795288
Grocery,44,residual_protected,68,post_optimizer_step,1.2702367305755615,1.297398567199707
Grocery,44,residual_protected,69,post_optimizer_step,1.2825384140014648,1.3090534210205078
Grocery,44,residual_protected,70,post_optimizer_step,1.2953979969024658,1.3220622539520264
Grocery,44,residual_protected,71,post_optimizer_step,1.3092535734176636,1.3338600397109985
Grocery,44,residual_protected,72,post_optimizer_step,1.3230938911437988,1.3463120460510254
Grocery,44,residual_protected,73,post_optimizer_step,1.3383700847625732,1.358431100845337
Grocery,44,residual_protected,74,post_optimizer_step,1.3521918058395386,1.3700776100158691
Grocery,44,residual_protected,75,post_optimizer_step,1.366631031036377,1.3821547031402588
Grocery,44,residual_protected,76,post_optimizer_step,1.378556489944458,1.393760085105896
Grocery,44,residual_protected,77,post_optimizer_step,1.3916351795196533,1.4050439596176147
Grocery,44,residual_protected,78,post_optimizer_step,1.4045144319534302,1.4167550802230835
Grocery,44,residual_protected,79,post_optimizer_step,1.4155374765396118,1.4272959232330322
Grocery,44,residual_protected,80,post_optimizer_step,1.4270744323730469,1.4379255771636963
Grocery,44,residual_protected,81,post_optimizer_step,1.438400149345398,1.448434591293335
Grocery,44,residual_protected,82,post_optimizer_step,1.4497220516204834,1.4578286409378052
Grocery,44,residual_protected,83,post_optimizer_step,1.4611890316009521,1.4684829711914062
Grocery,44,residual_protected,84,post_optimizer_step,1.4753751754760742,1.479144811630249
Grocery,44,residual_protected,85,post_optimizer_step,1.4873360395431519,1.4899243116378784
Grocery,44,residual_protected,86,post_optimizer_step,1.5000829696655273,1.4993706941604614
Grocery,44,residual_protected,87,post_optimizer_step,1.512289047241211,1.5100308656692505
Grocery,44,residual_protected,88,post_optimizer_step,1.5238935947418213,1.5207439661026
Grocery,44,residual_protected,89,post_optimizer_step,1.5358132123947144,1.5314711332321167
Grocery,44,residual_protected,90,post_optimizer_step,1.5478036403656006,1.542117714881897
Grocery,44,residual_protected,91,post_optimizer_step,1.5586408376693726,1.5526025295257568
Grocery,44,residual_protected,92,post_optimizer_step,1.569661021232605,1.561793565750122
Grocery,44,residual_protected,93,post_optimizer_step,1.5795944929122925,1.5705170631408691
Grocery,44,residual_protected,94,post_optimizer_step,1.5905038118362427,1.5782583951950073
Grocery,44,residual_protected,95,post_optimizer_step,1.6020804643630981,1.586068868637085
Grocery,44,residual_protected,96,post_optimizer_step,1.6126662492752075,1.5949338674545288
Grocery,44,residual_protected,97,post_optimizer_step,1.6233446598052979,1.603253722190857
Grocery,44,residual_protected,98,post_optimizer_step,1.632765769958496,1.612671136856079
Grocery,44,residual_protected,99,post_optimizer_step,1.642154335975647,1.6207044124603271
Grocery,44,residual_protected,100,post_optimizer_step,1.648256540298462,1.627825140953064
Grocery,44,residual_protected,101,post_optimizer_step,1.6566877365112305,1.6345999240875244
Grocery,44,residual_protected,102,post_optimizer_step,1.6655046939849854,1.6435065269470215
Grocery,44,residual_protected,72,best_checkpoint,1.3230938911437988,1.3463120460510254
Grocery,44,smooth_base,0,initial,0.0,0.0
Grocery,44,smooth_base,1,post_optimizer_step,0.0,0.0
Grocery,44,smooth_base,2,post_optimizer_step,0.0,0.0
Grocery,44,smooth_base,3,post_optimizer_step,0.0,0.0
Grocery,44,smooth_base,4,post_optimizer_step,0.0,0.0
Grocery,44,smooth_base,5,post_optimizer_step,0.0,0.0
Grocery,44,smooth_base,6,post_optimizer_step,0.0,0.0
Grocery,44,smooth_base,7,post_optimizer_step,0.0,0.0
Grocery,44,smooth_base,8,post_optimizer_step,0.0,0.0
Grocery,44,smooth_base,9,post_optimizer_step,0.0,0.0
Grocery,44,smooth_base,10,post_optimizer_step,0.0,0.0
Grocery,44,smooth_base,11,post_optimizer_step,0.0,0.0
Grocery,44,smooth_base,12,post_optimizer_step,0.0,0.0
Grocery,44,smooth_base,13,post_optimizer_step,0.0,0.0
Grocery,44,smooth_base,14,post_optimizer_step,0.0,0.0
Grocery,44,smooth_base,15,post_optimizer_step,0.0,0.0
Grocery,44,smooth_base,16,post_optimizer_step,0.0,0.0
Grocery,44,smooth_base,17,post_optimizer_step,0.0,0.0
Grocery,44,smooth_base,18,post_optimizer_step,0.0,0.0
Grocery,44,smooth_base,19,post_optimizer_step,0.0,0.0
Grocery,44,smooth_base,20,post_optimizer_step,0.0,0.0
Grocery,44,smooth_base,21,post_optimizer_step,0.0,0.0
Grocery,44,smooth_base,22,post_optimizer_step,0.0,0.0
Grocery,44,smooth_base,23,post_optimizer_step,0.0,0.0
Grocery,44,smooth_base,24,post_optimizer_step,0.0,0.0
Grocery,44,smooth_base,25,post_optimizer_step,0.0,0.0
Grocery,44,smooth_base,26,post_optimizer_step,0.0,0.0
Grocery,44,smooth_base,27,post_optimizer_step,0.0,0.0
Grocery,44,smooth_base,28,post_optimizer_step,0.0,0.0
Grocery,44,smooth_base,29,post_optimizer_step,0.0,0.0
Grocery,44,smooth_base,30,post_optimizer_step,0.0,0.0
Grocery,44,smooth_base,31,post_optimizer_step,0.0,0.0
Grocery,44,smooth_base,32,post_optimizer_step,0.0,0.0
Grocery,44,smooth_base,33,post_optimizer_step,0.0,0.0
Grocery,44,smooth_base,34,post_optimizer_step,0.0,0.0
Grocery,44,smooth_base,35,post_optimizer_step,0.0,0.0
Grocery,44,smooth_base,36,post_optimizer_step,0.0,0.0
Grocery,44,smooth_base,37,post_optimizer_step,0.0,0.0
Grocery,44,smooth_base,38,post_optimizer_step,0.0,0.0
Grocery,44,smooth_base,39,post_optimizer_step,0.0,0.0
Grocery,44,smooth_base,40,post_optimizer_step,0.0,0.0
Grocery,44,smooth_base,41,post_optimizer_step,0.0,0.0
Grocery,44,smooth_base,42,post_optimizer_step,0.0,0.0
Grocery,44,smooth_base,43,post_optimizer_step,0.0,0.0
Grocery,44,smooth_base,44,post_optimizer_step,0.0,0.0
Grocery,44,smooth_base,45,post_optimizer_step,0.0,0.0
Grocery,44,smooth_base,46,post_optimizer_step,0.0,0.0
Grocery,44,smooth_base,47,post_optimizer_step,0.0,0.0
Grocery,44,smooth_base,48,post_optimizer_step,0.0,0.0
Grocery,44,smooth_base,49,post_optimizer_step,0.0,0.0
Grocery,44,smooth_base,50,post_optimizer_step,0.0,0.0
Grocery,44,smooth_base,51,post_optimizer_step,0.0,0.0
Grocery,44,smooth_base,52,post_optimizer_step,0.0,0.0
Grocery,44,smooth_base,53,post_optimizer_step,0.0,0.0
Grocery,44,smooth_base,54,post_optimizer_step,0.0,0.0
Grocery,44,smooth_base,55,post_optimizer_step,0.0,0.0
Grocery,44,smooth_base,56,post_optimizer_step,0.0,0.0
Grocery,44,smooth_base,57,post_optimizer_step,0.0,0.0
Grocery,44,smooth_base,58,post_optimizer_step,0.0,0.0
Grocery,44,smooth_base,59,post_optimizer_step,0.0,0.0
Grocery,44,smooth_base,60,post_optimizer_step,0.0,0.0
Grocery,44,smooth_base,61,post_optimizer_step,0.0,0.0
Grocery,44,smooth_base,62,post_optimizer_step,0.0,0.0
Grocery,44,smooth_base,63,post_optimizer_step,0.0,0.0
Grocery,44,smooth_base,64,post_optimizer_step,0.0,0.0
Grocery,44,smooth_base,65,post_optimizer_step,0.0,0.0
Grocery,44,smooth_base,66,post_optimizer_step,0.0,0.0
Grocery,44,smooth_base,67,post_optimizer_step,0.0,0.0
Grocery,44,smooth_base,68,post_optimizer_step,0.0,0.0
Grocery,44,smooth_base,69,post_optimizer_step,0.0,0.0
Grocery,44,smooth_base,70,post_optimizer_step,0.0,0.0
Grocery,44,smooth_base,71,post_optimizer_step,0.0,0.0
Grocery,44,smooth_base,72,post_optimizer_step,0.0,0.0
Grocery,44,smooth_base,73,post_optimizer_step,0.0,0.0
Grocery,44,smooth_base,74,post_optimizer_step,0.0,0.0
Grocery,44,smooth_base,75,post_optimizer_step,0.0,0.0
Grocery,44,smooth_base,76,post_optimizer_step,0.0,0.0
Grocery,44,smooth_base,77,post_optimizer_step,0.0,0.0
Grocery,44,smooth_base,78,post_optimizer_step,0.0,0.0
Grocery,44,smooth_base,79,post_optimizer_step,0.0,0.0
Grocery,44,smooth_base,80,post_optimizer_step,0.0,0.0
Grocery,44,smooth_base,81,post_optimizer_step,0.0,0.0
Grocery,44,smooth_base,82,post_optimizer_step,0.0,0.0
Grocery,44,smooth_base,83,post_optimizer_step,0.0,0.0
Grocery,44,smooth_base,84,post_optimizer_step,0.0,0.0
Grocery,44,smooth_base,85,post_optimizer_step,0.0,0.0
Grocery,44,smooth_base,86,post_optimizer_step,0.0,0.0
Grocery,44,smooth_base,87,post_optimizer_step,0.0,0.0
Grocery,44,smooth_base,88,post_optimizer_step,0.0,0.0
Grocery,44,smooth_base,89,post_optimizer_step,0.0,0.0
Grocery,44,smooth_base,90,post_optimizer_step,0.0,0.0
Grocery,44,smooth_base,91,post_optimizer_step,0.0,0.0
Grocery,44,smooth_base,92,post_optimizer_step,0.0,0.0
Grocery,44,smooth_base,93,post_optimizer_step,0.0,0.0
Grocery,44,smooth_base,94,post_optimizer_step,0.0,0.0
Grocery,44,smooth_base,95,post_optimizer_step,0.0,0.0
Grocery,44,smooth_base,96,post_optimizer_step,0.0,0.0
Grocery,44,smooth_base,97,post_optimizer_step,0.0,0.0
Grocery,44,smooth_base,98,post_optimizer_step,0.0,0.0
Grocery,44,smooth_base,99,post_optimizer_step,0.0,0.0
Grocery,44,smooth_base,100,post_optimizer_step,0.0,0.0
Grocery,44,smooth_base,101,post_optimizer_step,0.0,0.0
Grocery,44,smooth_base,102,post_optimizer_step,0.0,0.0
Grocery,44,smooth_base,103,post_optimizer_step,0.0,0.0
Grocery,44,smooth_base,104,post_optimizer_step,0.0,0.0
Grocery,44,smooth_base,105,post_optimizer_step,0.0,0.0
Grocery,44,smooth_base,106,post_optimizer_step,0.0,0.0
Grocery,44,smooth_base,107,post_optimizer_step,0.0,0.0
Grocery,44,smooth_base,108,post_optimizer_step,0.0,0.0
Grocery,44,smooth_base,109,post_optimizer_step,0.0,0.0
Grocery,44,smooth_base,110,post_optimizer_step,0.0,0.0
Grocery,44,smooth_base,111,post_optimizer_step,0.0,0.0
Grocery,44,smooth_base,112,post_optimizer_step,0.0,0.0
Grocery,44,smooth_base,113,post_optimizer_step,0.0,0.0
Grocery,44,smooth_base,114,post_optimizer_step,0.0,0.0
Grocery,44,smooth_base,115,post_optimizer_step,0.0,0.0
Grocery,44,smooth_base,116,post_optimizer_step,0.0,0.0
Grocery,44,smooth_base,117,post_optimizer_step,0.0,0.0
Grocery,44,smooth_base,87,best_checkpoint,0.0,0.0
Movies,42,residual_generic,0,initial,0.0,0.0
Movies,42,residual_generic,1,post_optimizer_step,0.12782646715641022,0.12785279750823975
Movies,42,residual_generic,2,post_optimizer_step,0.1974709928035736,0.1923295557498932
Movies,42,residual_generic,3,post_optimizer_step,0.23920919001102448,0.24312840402126312
Movies,42,residual_generic,4,post_optimizer_step,0.27405858039855957,0.2881854772567749
Movies,42,residual_generic,5,post_optimizer_step,0.30233699083328247,0.3256242573261261
Movies,42,residual_generic,6,post_optimizer_step,0.32936960458755493,0.36266574263572693
Movies,42,residual_generic,7,post_optimizer_step,0.35401451587677,0.3950839042663574
Movies,42,residual_generic,8,post_optimizer_step,0.3797346353530884,0.43115705251693726
Movies,42,residual_generic,9,post_optimizer_step,0.40811944007873535,0.4717135429382324
Movies,42,residual_generic,10,post_optimizer_step,0.4415004253387451,0.5174035429954529
Movies,42,residual_generic,11,post_optimizer_step,0.47575709223747253,0.5524367690086365
Movies,42,residual_generic,12,post_optimizer_step,0.5027644634246826,0.5789915919303894
Movies,42,residual_generic,13,post_optimizer_step,0.5246081352233887,0.6032816767692566
Movies,42,residual_generic,14,post_optimizer_step,0.5452735424041748,0.6262509822845459
Movies,42,residual_generic,15,post_optimizer_step,0.5598673224449158,0.641663134098053
Movies,42,residual_generic,16,post_optimizer_step,0.5761129260063171,0.6561764478683472
Movies,42,residual_generic,17,post_optimizer_step,0.5896474719047546,0.6654269695281982
Movies,42,residual_generic,18,post_optimizer_step,0.605663537979126,0.6763225197792053
Movies,42,residual_generic,19,post_optimizer_step,0.6230860948562622,0.6893474459648132
Movies,42,residual_generic,20,post_optimizer_step,0.6383898258209229,0.6993091702461243
Movies,42,residual_generic,21,post_optimizer_step,0.6557478904724121,0.7100512981414795
Movies,42,residual_generic,22,post_optimizer_step,0.6729547381401062,0.7189170122146606
Movies,42,residual_generic,23,post_optimizer_step,0.6867812275886536,0.7264615297317505
Movies,42,residual_generic,24,post_optimizer_step,0.7009689211845398,0.7363261580467224
Movies,42,residual_generic,25,post_optimizer_step,0.7138391733169556,0.7463232278823853
Movies,42,residual_generic,26,post_optimizer_step,0.7241154909133911,0.7555217146873474
Movies,42,residual_generic,27,post_optimizer_step,0.7351232767105103,0.7667344212532043
Movies,42,residual_generic,28,post_optimizer_step,0.7460354566574097,0.7772675156593323
Movies,42,residual_generic,29,post_optimizer_step,0.7552393674850464,0.7882843613624573
Movies,42,residual_generic,30,post_optimizer_step,0.7645189762115479,0.8007065057754517
Movies,42,residual_generic,31,post_optimizer_step,0.7739613056182861,0.8103188276290894
Movies,42,residual_generic,32,post_optimizer_step,0.7836577296257019,0.8211140036582947
Movies,42,residual_generic,33,post_optimizer_step,0.7927378416061401,0.8312341570854187
Movies,42,residual_generic,34,post_optimizer_step,0.8017163872718811,0.8426491022109985
Movies,42,residual_generic,35,post_optimizer_step,0.8106220960617065,0.8533321022987366
Movies,42,residual_generic,36,post_optimizer_step,0.8204290866851807,0.8657612800598145
Movies,42,residual_generic,37,post_optimizer_step,0.8307803869247437,0.8765627145767212
Movies,42,residual_generic,38,post_optimizer_step,0.8415355086326599,0.889038622379303
Movies,42,residual_generic,39,post_optimizer_step,0.8517969846725464,0.9003198742866516
Movies,42,residual_generic,40,post_optimizer_step,0.862630307674408,0.9131901860237122
Movies,42,residual_generic,41,post_optimizer_step,0.8735982775688171,0.9260386824607849
Movies,42,residual_generic,42,post_optimizer_step,0.8856572508811951,0.9380793571472168
Movies,42,residual_generic,43,post_optimizer_step,0.8984473347663879,0.9524567723274231
Movies,42,residual_generic,44,post_optimizer_step,0.9097427725791931,0.9650443196296692
Movies,42,residual_generic,45,post_optimizer_step,0.9229573011398315,0.9800174832344055
Movies,42,residual_generic,46,post_optimizer_step,0.9359757304191589,0.9942989349365234
Movies,42,residual_generic,47,post_optimizer_step,0.9495767951011658,1.0071446895599365
Movies,42,residual_generic,48,post_optimizer_step,0.9641639590263367,1.0218092203140259
Movies,42,residual_generic,49,post_optimizer_step,0.9771945476531982,1.0343905687332153
Movies,42,residual_generic,50,post_optimizer_step,0.9900373816490173,1.046097755432129
Movies,42,residual_generic,51,post_optimizer_step,1.0031720399856567,1.059604287147522
Movies,42,residual_generic,52,post_optimizer_step,1.0165016651153564,1.0728415250778198
Movies,42,residual_generic,53,post_optimizer_step,1.0284420251846313,1.0840728282928467
Movies,42,residual_generic,54,post_optimizer_step,1.0394539833068848,1.0954079627990723
Movies,42,residual_generic,55,post_optimizer_step,1.0510213375091553,1.1071815490722656
Movies,42,residual_generic,56,post_optimizer_step,1.0637941360473633,1.1194831132888794
Movies,42,residual_generic,57,post_optimizer_step,1.0756721496582031,1.1306370496749878
Movies,42,residual_generic,58,post_optimizer_step,1.0868611335754395,1.1402510404586792
Movies,42,residual_generic,59,post_optimizer_step,1.098540186882019,1.1488858461380005
Movies,42,residual_generic,60,post_optimizer_step,1.1097211837768555,1.1589432954788208
Movies,42,residual_generic,61,post_optimizer_step,1.1211552619934082,1.169704556465149
Movies,42,residual_generic,62,post_optimizer_step,1.1312261819839478,1.1778326034545898
Movies,42,residual_generic,63,post_optimizer_step,1.1418715715408325,1.1876424551010132
Movies,42,residual_generic,64,post_optimizer_step,1.1535708904266357,1.1992322206497192
Movies,42,residual_generic,65,post_optimizer_step,1.1629884243011475,1.2076268196105957
Movies,42,residual_generic,66,post_optimizer_step,1.1717069149017334,1.216001272201538
Movies,42,residual_generic,67,post_optimizer_step,1.1811885833740234,1.2263842821121216
Movies,42,residual_generic,68,post_optimizer_step,1.189314842224121,1.2358403205871582
Movies,42,residual_generic,69,post_optimizer_step,1.1981549263000488,1.2445780038833618
Movies,42,residual_generic,70,post_optimizer_step,1.2066477537155151,1.2545770406723022
Movies,42,residual_generic,71,post_optimizer_step,1.2144341468811035,1.26405930519104
Movies,42,residual_generic,72,post_optimizer_step,1.2222261428833008,1.2706290483474731
Movies,42,residual_generic,73,post_optimizer_step,1.230908989906311,1.2784039974212646
Movies,42,residual_generic,74,post_optimizer_step,1.2400552034378052,1.2878164052963257
Movies,42,residual_generic,75,post_optimizer_step,1.2484540939331055,1.2964904308319092
Movies,42,residual_generic,76,post_optimizer_step,1.2556109428405762,1.3047341108322144
Movies,42,residual_generic,77,post_optimizer_step,1.2630430459976196,1.314125418663025
Movies,42,residual_generic,78,post_optimizer_step,1.2693570852279663,1.3233393430709839
Movies,42,residual_generic,79,post_optimizer_step,1.277301549911499,1.3324944972991943
Movies,42,residual_generic,49,best_checkpoint,0.9771945476531982,1.0343905687332153
Movies,42,residual_protected,0,initial,0.0,0.0
Movies,42,residual_protected,1,post_optimizer_step,0.12782712280750275,0.12787717580795288
Movies,42,residual_protected,2,post_optimizer_step,0.19739755988121033,0.19325228035449982
Movies,42,residual_protected,3,post_optimizer_step,0.23649589717388153,0.2457592636346817
Movies,42,residual_protected,4,post_optimizer_step,0.2704639732837677,0.2909680902957916
Movies,42,residual_protected,5,post_optimizer_step,0.3004876673221588,0.32978540658950806
Movies,42,residual_protected,6,post_optimizer_step,0.3301624357700348,0.36759719252586365
Movies,42,residual_protected,7,post_optimizer_step,0.3566240966320038,0.4021318554878235
Movies,42,residual_protected,8,post_optimizer_step,0.3835398554801941,0.44027191400527954
Movies,42,residual_protected,9,post_optimizer_step,0.4137915074825287,0.48115360736846924
Movies,42,residual_protected,10,post_optimizer_step,0.4491652250289917,0.5271413326263428
Movies,42,residual_protected,11,post_optimizer_step,0.48554912209510803,0.5613581538200378
Movies,42,residual_protected,12,post_optimizer_step,0.5132771730422974,0.5874123573303223
Movies,42,residual_protected,13,post_optimizer_step,0.534637451171875,0.6112471222877502
Movies,42,residual_protected,14,post_optimizer_step,0.5555261373519897,0.6338329315185547
Movies,42,residual_protected,15,post_optimizer_step,0.570195734500885,0.6481233835220337
Movies,42,residual_protected,16,post_optimizer_step,0.5871420502662659,0.6619822978973389
Movies,42,residual_protected,17,post_optimizer_step,0.6009917855262756,0.6718234419822693
Movies,42,residual_protected,18,post_optimizer_step,0.6170275211334229,0.6835103034973145
Movies,42,residual_protected,19,post_optimizer_step,0.6333628296852112,0.6976059079170227
Movies,42,residual_protected,20,post_optimizer_step,0.648367702960968,0.7090547680854797
Movies,42,residual_protected,21,post_optimizer_step,0.6654245257377625,0.7212606072425842
Movies,42,residual_protected,22,post_optimizer_step,0.6791113018989563,0.7295644879341125
Movies,42,residual_protected,23,post_optimizer_step,0.6941269636154175,0.7405881881713867
Movies,42,residual_protected,24,post_optimizer_step,0.7058202624320984,0.7520827651023865
Movies,42,residual_protected,25,post_optimizer_step,0.7160665392875671,0.7630771398544312
Movies,42,residual_protected,26,post_optimizer_step,0.7281267046928406,0.7762472629547119
Movies,42,residual_protected,27,post_optimizer_step,0.7373822927474976,0.7873424887657166
Movies,42,residual_protected,28,post_optimizer_step,0.7468112707138062,0.801131546497345
Movies,42,residual_protected,29,post_optimizer_step,0.7550961971282959,0.8149307370185852
Movies,42,residual_protected,30,post_optimizer_step,0.7630742788314819,0.8269926905632019
Movies,42,residual_protected,31,post_optimizer_step,0.7716535329818726,0.8408341407775879
Movies,42,residual_protected,32,post_optimizer_step,0.7795059680938721,0.8530213832855225
Movies,42,residual_protected,33,post_optimizer_step,0.7874553203582764,0.8665593862533569
Movies,42,residual_protected,34,post_optimizer_step,0.7958375215530396,0.88177090883255
Movies,42,residual_protected,35,post_optimizer_step,0.8042097687721252,0.8941550254821777
Movies,42,residual_protected,36,post_optimizer_step,0.8138629198074341,0.9071472883224487
Movies,42,residual_protected,37,post_optimizer_step,0.8238289952278137,0.921716570854187
Movies,42,residual_protected,38,post_optimizer_step,0.8332682251930237,0.9335871934890747
Movies,42,residual_protected,39,post_optimizer_step,0.8441938161849976,0.9475350975990295
Movies,42,residual_protected,40,post_optimizer_step,0.8548579216003418,0.9625477194786072
Movies,42,residual_protected,41,post_optimizer_step,0.8658493757247925,0.9758941531181335
Movies,42,residual_protected,42,post_optimizer_step,0.8781226277351379,0.9908517003059387
Movies,42,residual_protected,43,post_optimizer_step,0.8884546160697937,1.0065457820892334
Movies,42,residual_protected,44,post_optimizer_step,0.8994805812835693,1.0223207473754883
Movies,42,residual_protected,45,post_optimizer_step,0.9123740196228027,1.0395042896270752
Movies,42,residual_protected,46,post_optimizer_step,0.9245691895484924,1.055943489074707
Movies,42,residual_protected,47,post_optimizer_step,0.9366123080253601,1.0713131427764893
Movies,42,residual_protected,48,post_optimizer_step,0.9495204091072083,1.086866855621338
Movies,42,residual_protected,49,post_optimizer_step,0.9598547220230103,1.1002401113510132
Movies,42,residual_protected,50,post_optimizer_step,0.9695022106170654,1.113169550895691
Movies,42,residual_protected,51,post_optimizer_step,0.9784982800483704,1.126481056213379
Movies,42,residual_protected,52,post_optimizer_step,0.9882503151893616,1.1395984888076782
Movies,42,residual_protected,53,post_optimizer_step,0.996132493019104,1.15141761302948
Movies,42,residual_protected,54,post_optimizer_step,1.0047506093978882,1.1631256341934204
Movies,42,residual_protected,55,post_optimizer_step,1.014322280883789,1.174896478652954
Movies,42,residual_protected,56,post_optimizer_step,1.0223463773727417,1.1869760751724243
Movies,42,residual_protected,57,post_optimizer_step,1.0319061279296875,1.2008192539215088
Movies,42,residual_protected,58,post_optimizer_step,1.0420479774475098,1.2137905359268188
Movies,42,residual_protected,59,post_optimizer_step,1.0525707006454468,1.2249739170074463
Movies,42,residual_protected,60,post_optimizer_step,1.0642389059066772,1.2378257513046265
Movies,42,residual_protected,61,post_optimizer_step,1.075839638710022,1.248084545135498
Movies,42,residual_protected,62,post_optimizer_step,1.0889593362808228,1.2589805126190186
Movies,42,residual_protected,63,post_optimizer_step,1.102457046508789,1.2715085744857788
Movies,42,residual_protected,64,post_optimizer_step,1.1154330968856812,1.282354712486267
Movies,42,residual_protected,65,post_optimizer_step,1.1272518634796143,1.2913527488708496
Movies,42,residual_protected,66,post_optimizer_step,1.1405909061431885,1.3034518957138062
Movies,42,residual_protected,67,post_optimizer_step,1.151934027671814,1.3162391185760498
Movies,42,residual_protected,68,post_optimizer_step,1.1620335578918457,1.3285104036331177
Movies,42,residual_protected,69,post_optimizer_step,1.1709951162338257,1.3387635946273804
Movies,42,residual_protected,70,post_optimizer_step,1.1799978017807007,1.3499704599380493
Movies,42,residual_protected,71,post_optimizer_step,1.1903207302093506,1.3621481657028198
Movies,42,residual_protected,72,post_optimizer_step,1.2008777856826782,1.3716012239456177
Movies,42,residual_protected,73,post_optimizer_step,1.2118178606033325,1.3794878721237183
Movies,42,residual_protected,74,post_optimizer_step,1.2226005792617798,1.3890279531478882
Movies,42,residual_protected,75,post_optimizer_step,1.232433795928955,1.4004267454147339
Movies,42,residual_protected,76,post_optimizer_step,1.2421278953552246,1.4093173742294312
Movies,42,residual_protected,77,post_optimizer_step,1.2525203227996826,1.4171596765518188
Movies,42,residual_protected,78,post_optimizer_step,1.2636287212371826,1.4258824586868286
Movies,42,residual_protected,79,post_optimizer_step,1.2742489576339722,1.4368332624435425
Movies,42,residual_protected,80,post_optimizer_step,1.2849910259246826,1.447774052619934
Movies,42,residual_protected,81,post_optimizer_step,1.296561598777771,1.459025263786316
Movies,42,residual_protected,82,post_optimizer_step,1.3077994585037231,1.4721444845199585
Movies,42,residual_protected,83,post_optimizer_step,1.3181339502334595,1.4850804805755615
Movies,42,residual_protected,84,post_optimizer_step,1.3291642665863037,1.4962109327316284
Movies,42,residual_protected,85,post_optimizer_step,1.3395743370056152,1.5051356554031372
Movies,42,residual_protected,86,post_optimizer_step,1.3502984046936035,1.5158005952835083
Movies,42,residual_protected,87,post_optimizer_step,1.358597755432129,1.5265246629714966
Movies,42,residual_protected,88,post_optimizer_step,1.3698797225952148,1.5380444526672363
Movies,42,residual_protected,89,post_optimizer_step,1.3795616626739502,1.5468990802764893
Movies,42,residual_protected,90,post_optimizer_step,1.3901679515838623,1.5567128658294678
Movies,42,residual_protected,91,post_optimizer_step,1.3999967575073242,1.5669816732406616
Movies,42,residual_protected,92,post_optimizer_step,1.4107787609100342,1.5771147012710571
Movies,42,residual_protected,93,post_optimizer_step,1.4233921766281128,1.585286021232605
Movies,42,residual_protected,94,post_optimizer_step,1.4369398355484009,1.5948402881622314
Movies,42,residual_protected,95,post_optimizer_step,1.4470603466033936,1.605100154876709
Movies,42,residual_protected,65,best_checkpoint,1.1272518634796143,1.2913527488708496
Movies,42,smooth_base,0,initial,0.0,0.0
Movies,42,smooth_base,1,post_optimizer_step,0.0,0.0
Movies,42,smooth_base,2,post_optimizer_step,0.0,0.0
Movies,42,smooth_base,3,post_optimizer_step,0.0,0.0
Movies,42,smooth_base,4,post_optimizer_step,0.0,0.0
Movies,42,smooth_base,5,post_optimizer_step,0.0,0.0
Movies,42,smooth_base,6,post_optimizer_step,0.0,0.0
Movies,42,smooth_base,7,post_optimizer_step,0.0,0.0
Movies,42,smooth_base,8,post_optimizer_step,0.0,0.0
Movies,42,smooth_base,9,post_optimizer_step,0.0,0.0
Movies,42,smooth_base,10,post_optimizer_step,0.0,0.0
Movies,42,smooth_base,11,post_optimizer_step,0.0,0.0
Movies,42,smooth_base,12,post_optimizer_step,0.0,0.0
Movies,42,smooth_base,13,post_optimizer_step,0.0,0.0
Movies,42,smooth_base,14,post_optimizer_step,0.0,0.0
Movies,42,smooth_base,15,post_optimizer_step,0.0,0.0
Movies,42,smooth_base,16,post_optimizer_step,0.0,0.0
Movies,42,smooth_base,17,post_optimizer_step,0.0,0.0
Movies,42,smooth_base,18,post_optimizer_step,0.0,0.0
Movies,42,smooth_base,19,post_optimizer_step,0.0,0.0
Movies,42,smooth_base,20,post_optimizer_step,0.0,0.0
Movies,42,smooth_base,21,post_optimizer_step,0.0,0.0
Movies,42,smooth_base,22,post_optimizer_step,0.0,0.0
Movies,42,smooth_base,23,post_optimizer_step,0.0,0.0
Movies,42,smooth_base,24,post_optimizer_step,0.0,0.0
Movies,42,smooth_base,25,post_optimizer_step,0.0,0.0
Movies,42,smooth_base,26,post_optimizer_step,0.0,0.0
Movies,42,smooth_base,27,post_optimizer_step,0.0,0.0
Movies,42,smooth_base,28,post_optimizer_step,0.0,0.0
Movies,42,smooth_base,29,post_optimizer_step,0.0,0.0
Movies,42,smooth_base,30,post_optimizer_step,0.0,0.0
Movies,42,smooth_base,31,post_optimizer_step,0.0,0.0
Movies,42,smooth_base,32,post_optimizer_step,0.0,0.0
Movies,42,smooth_base,33,post_optimizer_step,0.0,0.0
Movies,42,smooth_base,34,post_optimizer_step,0.0,0.0
Movies,42,smooth_base,35,post_optimizer_step,0.0,0.0
Movies,42,smooth_base,36,post_optimizer_step,0.0,0.0
Movies,42,smooth_base,37,post_optimizer_step,0.0,0.0
Movies,42,smooth_base,38,post_optimizer_step,0.0,0.0
Movies,42,smooth_base,39,post_optimizer_step,0.0,0.0
Movies,42,smooth_base,40,post_optimizer_step,0.0,0.0
Movies,42,smooth_base,41,post_optimizer_step,0.0,0.0
Movies,42,smooth_base,42,post_optimizer_step,0.0,0.0
Movies,42,smooth_base,43,post_optimizer_step,0.0,0.0
Movies,42,smooth_base,44,post_optimizer_step,0.0,0.0
Movies,42,smooth_base,45,post_optimizer_step,0.0,0.0
Movies,42,smooth_base,46,post_optimizer_step,0.0,0.0
Movies,42,smooth_base,47,post_optimizer_step,0.0,0.0
Movies,42,smooth_base,48,post_optimizer_step,0.0,0.0
Movies,42,smooth_base,49,post_optimizer_step,0.0,0.0
Movies,42,smooth_base,50,post_optimizer_step,0.0,0.0
Movies,42,smooth_base,51,post_optimizer_step,0.0,0.0
Movies,42,smooth_base,52,post_optimizer_step,0.0,0.0
Movies,42,smooth_base,53,post_optimizer_step,0.0,0.0
Movies,42,smooth_base,54,post_optimizer_step,0.0,0.0
Movies,42,smooth_base,55,post_optimizer_step,0.0,0.0
Movies,42,smooth_base,56,post_optimizer_step,0.0,0.0
Movies,42,smooth_base,57,post_optimizer_step,0.0,0.0
Movies,42,smooth_base,58,post_optimizer_step,0.0,0.0
Movies,42,smooth_base,59,post_optimizer_step,0.0,0.0
Movies,42,smooth_base,60,post_optimizer_step,0.0,0.0
Movies,42,smooth_base,61,post_optimizer_step,0.0,0.0
Movies,42,smooth_base,62,post_optimizer_step,0.0,0.0
Movies,42,smooth_base,63,post_optimizer_step,0.0,0.0
Movies,42,smooth_base,64,post_optimizer_step,0.0,0.0
Movies,42,smooth_base,65,post_optimizer_step,0.0,0.0
Movies,42,smooth_base,66,post_optimizer_step,0.0,0.0
Movies,42,smooth_base,67,post_optimizer_step,0.0,0.0
Movies,42,smooth_base,68,post_optimizer_step,0.0,0.0
Movies,42,smooth_base,69,post_optimizer_step,0.0,0.0
Movies,42,smooth_base,70,post_optimizer_step,0.0,0.0
Movies,42,smooth_base,71,post_optimizer_step,0.0,0.0
Movies,42,smooth_base,72,post_optimizer_step,0.0,0.0
Movies,42,smooth_base,73,post_optimizer_step,0.0,0.0
Movies,42,smooth_base,74,post_optimizer_step,0.0,0.0
Movies,42,smooth_base,75,post_optimizer_step,0.0,0.0
Movies,42,smooth_base,76,post_optimizer_step,0.0,0.0
Movies,42,smooth_base,77,post_optimizer_step,0.0,0.0
Movies,42,smooth_base,78,post_optimizer_step,0.0,0.0
Movies,42,smooth_base,79,post_optimizer_step,0.0,0.0
Movies,42,smooth_base,80,post_optimizer_step,0.0,0.0
Movies,42,smooth_base,81,post_optimizer_step,0.0,0.0
Movies,42,smooth_base,82,post_optimizer_step,0.0,0.0
Movies,42,smooth_base,83,post_optimizer_step,0.0,0.0
Movies,42,smooth_base,84,post_optimizer_step,0.0,0.0
Movies,42,smooth_base,85,post_optimizer_step,0.0,0.0
Movies,42,smooth_base,86,post_optimizer_step,0.0,0.0
Movies,42,smooth_base,87,post_optimizer_step,0.0,0.0
Movies,42,smooth_base,88,post_optimizer_step,0.0,0.0
Movies,42,smooth_base,89,post_optimizer_step,0.0,0.0
Movies,42,smooth_base,90,post_optimizer_step,0.0,0.0
Movies,42,smooth_base,91,post_optimizer_step,0.0,0.0
Movies,42,smooth_base,92,post_optimizer_step,0.0,0.0
Movies,42,smooth_base,93,post_optimizer_step,0.0,0.0
Movies,42,smooth_base,94,post_optimizer_step,0.0,0.0
Movies,42,smooth_base,95,post_optimizer_step,0.0,0.0
Movies,42,smooth_base,96,post_optimizer_step,0.0,0.0
Movies,42,smooth_base,97,post_optimizer_step,0.0,0.0
Movies,42,smooth_base,67,best_checkpoint,0.0,0.0
Movies,43,residual_generic,0,initial,0.0,0.0
Movies,43,residual_generic,1,post_optimizer_step,0.12781041860580444,0.1278037577867508
Movies,43,residual_generic,2,post_optimizer_step,0.1946478933095932,0.19321909546852112
Movies,43,residual_generic,3,post_optimizer_step,0.24683921039104462,0.2458789348602295
Movies,43,residual_generic,4,post_optimizer_step,0.28918367624282837,0.29108259081840515
Movies,43,residual_generic,5,post_optimizer_step,0.3269140422344208,0.328766793012619
Movies,43,residual_generic,6,post_optimizer_step,0.36105096340179443,0.36030566692352295
Movies,43,residual_generic,7,post_optimizer_step,0.3948100507259369,0.39376792311668396
Movies,43,residual_generic,8,post_optimizer_step,0.4317053258419037,0.433014452457428
Movies,43,residual_generic,9,post_optimizer_step,0.46931886672973633,0.4764867424964905
Movies,43,residual_generic,10,post_optimizer_step,0.5102770924568176,0.5246815085411072
Movies,43,residual_generic,11,post_optimizer_step,0.5530778169631958,0.5746604204177856
Movies,43,residual_generic,12,post_optimizer_step,0.5904642939567566,0.6142001152038574
Movies,43,residual_generic,13,post_optimizer_step,0.6132065653800964,0.6431161761283875
Movies,43,residual_generic,14,post_optimizer_step,0.6340345144271851,0.667025625705719
Movies,43,residual_generic,15,post_optimizer_step,0.6515471935272217,0.6848567724227905
Movies,43,residual_generic,16,post_optimizer_step,0.6666633486747742,0.7009284496307373
Movies,43,residual_generic,17,post_optimizer_step,0.6825065612792969,0.718766450881958
Movies,43,residual_generic,18,post_optimizer_step,0.69746333360672,0.7370150685310364
Movies,43,residual_generic,19,post_optimizer_step,0.7111266255378723,0.7505775094032288
Movies,43,residual_generic,20,post_optimizer_step,0.7238110899925232,0.7624708414077759
Movies,43,residual_generic,21,post_optimizer_step,0.7362367510795593,0.7746245265007019
Movies,43,residual_generic,22,post_optimizer_step,0.7480387687683105,0.7845313549041748
Movies,43,residual_generic,23,post_optimizer_step,0.7583755254745483,0.793154239654541
Movies,43,residual_generic,24,post_optimizer_step,0.7677249312400818,0.8025722503662109
Movies,43,residual_generic,25,post_optimizer_step,0.7775288820266724,0.8142094612121582
Movies,43,residual_generic,26,post_optimizer_step,0.787345290184021,0.8252648711204529
Movies,43,residual_generic,27,post_optimizer_step,0.7963582873344421,0.835555374622345
Movies,43,residual_generic,28,post_optimizer_step,0.8047304749488831,0.8456729054450989
Movies,43,residual_generic,29,post_optimizer_step,0.8132506012916565,0.8570887446403503
Movies,43,residual_generic,30,post_optimizer_step,0.8221776485443115,0.8704019784927368
Movies,43,residual_generic,31,post_optimizer_step,0.8310899138450623,0.882079005241394
Movies,43,residual_generic,32,post_optimizer_step,0.839881420135498,0.8915926218032837
Movies,43,residual_generic,33,post_optimizer_step,0.8486345410346985,0.9024080634117126
Movies,43,residual_generic,34,post_optimizer_step,0.8568746447563171,0.9126074314117432
Movies,43,residual_generic,35,post_optimizer_step,0.8649353981018066,0.9227989315986633
Movies,43,residual_generic,36,post_optimizer_step,0.8735948801040649,0.9320480823516846
Movies,43,residual_generic,37,post_optimizer_step,0.88318932056427,0.9412825703620911
Movies,43,residual_generic,38,post_optimizer_step,0.8928925395011902,0.9520235657691956
Movies,43,residual_generic,39,post_optimizer_step,0.901633620262146,0.9618130922317505
Movies,43,residual_generic,40,post_optimizer_step,0.9104173183441162,0.9719810485839844
Movies,43,residual_generic,41,post_optimizer_step,0.9201266765594482,0.982576310634613
Movies,43,residual_generic,42,post_optimizer_step,0.9299341440200806,0.9930959343910217
Movies,43,residual_generic,43,post_optimizer_step,0.9405526518821716,1.0053637027740479
Movies,43,residual_generic,44,post_optimizer_step,0.9499523043632507,1.015749216079712
Movies,43,residual_generic,45,post_optimizer_step,0.9588493704795837,1.0269168615341187
Movies,43,residual_generic,46,post_optimizer_step,0.9687522649765015,1.039138913154602
Movies,43,residual_generic,47,post_optimizer_step,0.9788036942481995,1.0501987934112549
Movies,43,residual_generic,48,post_optimizer_step,0.9864250421524048,1.060399055480957
Movies,43,residual_generic,49,post_optimizer_step,0.9941658973693848,1.0712090730667114
Movies,43,residual_generic,50,post_optimizer_step,1.0022258758544922,1.0825814008712769
Movies,43,residual_generic,51,post_optimizer_step,1.008689045906067,1.09211266040802
Movies,43,residual_generic,52,post_optimizer_step,1.013184666633606,1.1007696390151978
Movies,43,residual_generic,53,post_optimizer_step,1.0196003913879395,1.1110671758651733
Movies,43,residual_generic,54,post_optimizer_step,1.0282338857650757,1.1224311590194702
Movies,43,residual_generic,55,post_optimizer_step,1.0347542762756348,1.1309208869934082
Movies,43,residual_generic,56,post_optimizer_step,1.038668155670166,1.1378412246704102
Movies,43,residual_generic,57,post_optimizer_step,1.0441524982452393,1.1470659971237183
Movies,43,residual_generic,58,post_optimizer_step,1.0526419878005981,1.1574150323867798
Movies,43,residual_generic,59,post_optimizer_step,1.0607370138168335,1.1658610105514526
Movies,43,residual_generic,60,post_optimizer_step,1.0667634010314941,1.174448013305664
Movies,43,residual_generic,61,post_optimizer_step,1.0743509531021118,1.1841826438903809
Movies,43,residual_generic,62,post_optimizer_step,1.0839482545852661,1.1940817832946777
Movies,43,residual_generic,63,post_optimizer_step,1.0919923782348633,1.2029883861541748
Movies,43,residual_generic,64,post_optimizer_step,1.098667025566101,1.2127503156661987
Movies,43,residual_generic,65,post_optimizer_step,1.1071139574050903,1.2232483625411987
Movies,43,residual_generic,66,post_optimizer_step,1.1167042255401611,1.2330695390701294
Movies,43,residual_generic,67,post_optimizer_step,1.1236802339553833,1.2424081563949585
Movies,43,residual_generic,68,post_optimizer_step,1.1307395696640015,1.2527809143066406
Movies,43,residual_generic,69,post_optimizer_step,1.1402616500854492,1.2619881629943848
Movies,43,residual_generic,70,post_optimizer_step,1.1504309177398682,1.2695916891098022
Movies,43,residual_generic,71,post_optimizer_step,1.1577450037002563,1.2783175706863403
Movies,43,residual_generic,72,post_optimizer_step,1.166384220123291,1.287115454673767
Movies,43,residual_generic,73,post_optimizer_step,1.177686333656311,1.2989575862884521
Movies,43,residual_generic,74,post_optimizer_step,1.1868078708648682,1.309887409210205
Movies,43,residual_generic,75,post_optimizer_step,1.1955211162567139,1.3199036121368408
Movies,43,residual_generic,76,post_optimizer_step,1.205378770828247,1.3297991752624512
Movies,43,residual_generic,77,post_optimizer_step,1.2143617868423462,1.3404462337493896
Movies,43,residual_generic,78,post_optimizer_step,1.220894455909729,1.3505017757415771
Movies,43,residual_generic,79,post_optimizer_step,1.2296929359436035,1.36061429977417
Movies,43,residual_generic,80,post_optimizer_step,1.2409683465957642,1.371051549911499
Movies,43,residual_generic,81,post_optimizer_step,1.2487471103668213,1.3808187246322632
Movies,43,residual_generic,82,post_optimizer_step,1.2559542655944824,1.3897061347961426
Movies,43,residual_generic,83,post_optimizer_step,1.2663816213607788,1.3996127843856812
Movies,43,residual_generic,84,post_optimizer_step,1.276692271232605,1.410485029220581
Movies,43,residual_generic,85,post_optimizer_step,1.2845412492752075,1.4214658737182617
Movies,43,residual_generic,86,post_optimizer_step,1.2948695421218872,1.4330074787139893
Movies,43,residual_generic,87,post_optimizer_step,1.3056519031524658,1.443577527999878
Movies,43,residual_generic,88,post_optimizer_step,1.3116198778152466,1.4537608623504639
Movies,43,residual_generic,89,post_optimizer_step,1.3171765804290771,1.4642820358276367
Movies,43,residual_generic,90,post_optimizer_step,1.3257293701171875,1.4744060039520264
Movies,43,residual_generic,91,post_optimizer_step,1.3376895189285278,1.484257698059082
Movies,43,residual_generic,61,best_checkpoint,1.0743509531021118,1.1841826438903809
Movies,43,residual_protected,0,initial,0.0,0.0
Movies,43,residual_protected,1,post_optimizer_step,0.12786389887332916,0.12779806554317474
Movies,43,residual_protected,2,post_optimizer_step,0.19699303805828094,0.1931142657995224
Movies,43,residual_protected,3,post_optimizer_step,0.2516449987888336,0.24632209539413452
Movies,43,residual_protected,4,post_optimizer_step,0.29560208320617676,0.2925751209259033
Movies,43,residual_protected,5,post_optimizer_step,0.33512169122695923,0.3305274248123169
Movies,43,residual_protected,6,post_optimizer_step,0.37127968668937683,0.36216211318969727
Movies,43,residual_protected,7,post_optimizer_step,0.40727847814559937,0.39603424072265625
Movies,43,residual_protected,8,post_optimizer_step,0.44627535343170166,0.43547487258911133
Movies,43,residual_protected,9,post_optimizer_step,0.4873712360858917,0.47932881116867065
Movies,43,residual_protected,10,post_optimizer_step,0.5321687459945679,0.527632474899292
Movies,43,residual_protected,11,post_optimizer_step,0.5765918493270874,0.5766124725341797
Movies,43,residual_protected,12,post_optimizer_step,0.6185763478279114,0.6157638430595398
Movies,43,residual_protected,13,post_optimizer_step,0.644819438457489,0.6441130042076111
Movies,43,residual_protected,14,post_optimizer_step,0.6641663908958435,0.6656922698020935
Movies,43,residual_protected,15,post_optimizer_step,0.6832099556922913,0.6850007772445679
Movies,43,residual_protected,16,post_optimizer_step,0.7000564336776733,0.7004604935646057
Movies,43,residual_protected,17,post_optimizer_step,0.7158217430114746,0.7155796885490417
Movies,43,residual_protected,18,post_optimizer_step,0.7309924960136414,0.7328934669494629
Movies,43,residual_protected,19,post_optimizer_step,0.7447021007537842,0.75099778175354
Movies,43,residual_protected,20,post_optimizer_step,0.7559802532196045,0.7654255032539368
Movies,43,residual_protected,21,post_optimizer_step,0.766683042049408,0.7778388261795044
Movies,43,residual_protected,22,post_optimizer_step,0.777997612953186,0.7911266088485718
Movies,43,residual_protected,23,post_optimizer_step,0.7899270057678223,0.8024297952651978
Movies,43,residual_protected,24,post_optimizer_step,0.8005579113960266,0.8117265105247498
Movies,43,residual_protected,25,post_optimizer_step,0.8091126680374146,0.8225318193435669
Movies,43,residual_protected,26,post_optimizer_step,0.8168115019798279,0.8344644904136658
Movies,43,residual_protected,27,post_optimizer_step,0.8249657154083252,0.844658374786377
Movies,43,residual_protected,28,post_optimizer_step,0.8338000178337097,0.8550423979759216
Movies,43,residual_protected,29,post_optimizer_step,0.8420433402061462,0.8672870397567749
Movies,43,residual_protected,30,post_optimizer_step,0.8493191003799438,0.8791804313659668
Movies,43,residual_protected,31,post_optimizer_step,0.8568062782287598,0.8904714584350586
Movies,43,residual_protected,32,post_optimizer_step,0.8648070693016052,0.9028511047363281
Movies,43,residual_protected,33,post_optimizer_step,0.8733832240104675,0.9149569272994995
Movies,43,residual_protected,34,post_optimizer_step,0.8827473521232605,0.9258515238761902
Movies,43,residual_protected,35,post_optimizer_step,0.8919851779937744,0.9381161332130432
Movies,43,residual_protected,36,post_optimizer_step,0.9016624689102173,0.9509525895118713
Movies,43,residual_protected,37,post_optimizer_step,0.9116572141647339,0.9630354046821594
Movies,43,residual_protected,38,post_optimizer_step,0.9214745163917542,0.9758638739585876
Movies,43,residual_protected,39,post_optimizer_step,0.9314318895339966,0.9881152510643005
Movies,43,residual_protected,40,post_optimizer_step,0.9419479966163635,1.0022608041763306
Movies,43,residual_protected,41,post_optimizer_step,0.9516783356666565,1.0167521238327026
Movies,43,residual_protected,42,post_optimizer_step,0.9607983231544495,1.031938910484314
Movies,43,residual_protected,43,post_optimizer_step,0.97139573097229,1.0476932525634766
Movies,43,residual_protected,44,post_optimizer_step,0.9831101298332214,1.0632065534591675
Movies,43,residual_protected,45,post_optimizer_step,0.9933943748474121,1.0794384479522705
Movies,43,residual_protected,46,post_optimizer_step,1.0023313760757446,1.0935224294662476
Movies,43,residual_protected,47,post_optimizer_step,1.0111435651779175,1.1083048582077026
Movies,43,residual_protected,48,post_optimizer_step,1.020992636680603,1.120686411857605
Movies,43,residual_protected,49,post_optimizer_step,1.0300829410552979,1.13426673412323
Movies,43,residual_protected,50,post_optimizer_step,1.0396496057510376,1.148983120918274
Movies,43,residual_protected,51,post_optimizer_step,1.0492160320281982,1.1608505249023438
Movies,43,residual_protected,52,post_optimizer_step,1.0588937997817993,1.1713258028030396
Movies,43,residual_protected,53,post_optimizer_step,1.0677902698516846,1.18271005153656
Movies,43,residual_protected,54,post_optimizer_step,1.0749562978744507,1.1959072351455688
Movies,43,residual_protected,55,post_optimizer_step,1.0810807943344116,1.2068595886230469
Movies,43,residual_protected,56,post_optimizer_step,1.0884782075881958,1.215401291847229
Movies,43,residual_protected,57,post_optimizer_step,1.0976125001907349,1.2260258197784424
Movies,43,residual_protected,58,post_optimizer_step,1.1064168214797974,1.2393417358398438
Movies,43,residual_protected,59,post_optimizer_step,1.1136035919189453,1.2509390115737915
Movies,43,residual_protected,60,post_optimizer_step,1.12228524684906,1.2596757411956787
Movies,43,residual_protected,61,post_optimizer_step,1.132095456123352,1.2690799236297607
Movies,43,residual_protected,62,post_optimizer_step,1.1405936479568481,1.280534029006958
Movies,43,residual_protected,63,post_optimizer_step,1.1495554447174072,1.2902123928070068
Movies,43,residual_protected,64,post_optimizer_step,1.1600823402404785,1.2992489337921143
Movies,43,residual_protected,65,post_optimizer_step,1.171216607093811,1.3091777563095093
Movies,43,residual_protected,66,post_optimizer_step,1.1808491945266724,1.3186577558517456
Movies,43,residual_protected,67,post_optimizer_step,1.1906371116638184,1.3280284404754639
Movies,43,residual_protected,68,post_optimizer_step,1.2012978792190552,1.339012622833252
Movies,43,residual_protected,69,post_optimizer_step,1.2117453813552856,1.3500570058822632
Movies,43,residual_protected,70,post_optimizer_step,1.2204605340957642,1.3590106964111328
Movies,43,residual_protected,71,post_optimizer_step,1.2303098440170288,1.369539737701416
Movies,43,residual_protected,72,post_optimizer_step,1.2410255670547485,1.3821858167648315
Movies,43,residual_protected,73,post_optimizer_step,1.2508102655410767,1.3960850238800049
Movies,43,residual_protected,74,post_optimizer_step,1.2622506618499756,1.4065145254135132
Movies,43,residual_protected,75,post_optimizer_step,1.2749106884002686,1.4176021814346313
Movies,43,residual_protected,76,post_optimizer_step,1.2848767042160034,1.4287467002868652
Movies,43,residual_protected,77,post_optimizer_step,1.295397400856018,1.4400545358657837
Movies,43,residual_protected,78,post_optimizer_step,1.306549310684204,1.4527655839920044
Movies,43,residual_protected,79,post_optimizer_step,1.3198150396347046,1.4662343263626099
Movies,43,residual_protected,80,post_optimizer_step,1.332841157913208,1.4793872833251953
Movies,43,residual_protected,81,post_optimizer_step,1.3449866771697998,1.4915143251419067
Movies,43,residual_protected,82,post_optimizer_step,1.3561532497406006,1.5021940469741821
Movies,43,residual_protected,83,post_optimizer_step,1.3678052425384521,1.5140416622161865
Movies,43,residual_protected,84,post_optimizer_step,1.3811025619506836,1.5265227556228638
Movies,43,residual_protected,85,post_optimizer_step,1.3931688070297241,1.5370126962661743
Movies,43,residual_protected,86,post_optimizer_step,1.404726505279541,1.5467380285263062
Movies,43,residual_protected,87,post_optimizer_step,1.4170855283737183,1.5572795867919922
Movies,43,residual_protected,57,best_checkpoint,1.0976125001907349,1.2260258197784424
Movies,43,smooth_base,0,initial,0.0,0.0
Movies,43,smooth_base,1,post_optimizer_step,0.0,0.0
Movies,43,smooth_base,2,post_optimizer_step,0.0,0.0
Movies,43,smooth_base,3,post_optimizer_step,0.0,0.0
Movies,43,smooth_base,4,post_optimizer_step,0.0,0.0
Movies,43,smooth_base,5,post_optimizer_step,0.0,0.0
Movies,43,smooth_base,6,post_optimizer_step,0.0,0.0
Movies,43,smooth_base,7,post_optimizer_step,0.0,0.0
Movies,43,smooth_base,8,post_optimizer_step,0.0,0.0
Movies,43,smooth_base,9,post_optimizer_step,0.0,0.0
Movies,43,smooth_base,10,post_optimizer_step,0.0,0.0
Movies,43,smooth_base,11,post_optimizer_step,0.0,0.0
Movies,43,smooth_base,12,post_optimizer_step,0.0,0.0
Movies,43,smooth_base,13,post_optimizer_step,0.0,0.0
Movies,43,smooth_base,14,post_optimizer_step,0.0,0.0
Movies,43,smooth_base,15,post_optimizer_step,0.0,0.0
Movies,43,smooth_base,16,post_optimizer_step,0.0,0.0
Movies,43,smooth_base,17,post_optimizer_step,0.0,0.0
Movies,43,smooth_base,18,post_optimizer_step,0.0,0.0
Movies,43,smooth_base,19,post_optimizer_step,0.0,0.0
Movies,43,smooth_base,20,post_optimizer_step,0.0,0.0
Movies,43,smooth_base,21,post_optimizer_step,0.0,0.0
Movies,43,smooth_base,22,post_optimizer_step,0.0,0.0
Movies,43,smooth_base,23,post_optimizer_step,0.0,0.0
Movies,43,smooth_base,24,post_optimizer_step,0.0,0.0
Movies,43,smooth_base,25,post_optimizer_step,0.0,0.0
Movies,43,smooth_base,26,post_optimizer_step,0.0,0.0
Movies,43,smooth_base,27,post_optimizer_step,0.0,0.0
Movies,43,smooth_base,28,post_optimizer_step,0.0,0.0
Movies,43,smooth_base,29,post_optimizer_step,0.0,0.0
Movies,43,smooth_base,30,post_optimizer_step,0.0,0.0
Movies,43,smooth_base,31,post_optimizer_step,0.0,0.0
Movies,43,smooth_base,32,post_optimizer_step,0.0,0.0
Movies,43,smooth_base,33,post_optimizer_step,0.0,0.0
Movies,43,smooth_base,34,post_optimizer_step,0.0,0.0
Movies,43,smooth_base,35,post_optimizer_step,0.0,0.0
Movies,43,smooth_base,36,post_optimizer_step,0.0,0.0
Movies,43,smooth_base,37,post_optimizer_step,0.0,0.0
Movies,43,smooth_base,38,post_optimizer_step,0.0,0.0
Movies,43,smooth_base,39,post_optimizer_step,0.0,0.0
Movies,43,smooth_base,40,post_optimizer_step,0.0,0.0
Movies,43,smooth_base,41,post_optimizer_step,0.0,0.0
Movies,43,smooth_base,42,post_optimizer_step,0.0,0.0
Movies,43,smooth_base,43,post_optimizer_step,0.0,0.0
Movies,43,smooth_base,44,post_optimizer_step,0.0,0.0
Movies,43,smooth_base,45,post_optimizer_step,0.0,0.0
Movies,43,smooth_base,46,post_optimizer_step,0.0,0.0
Movies,43,smooth_base,47,post_optimizer_step,0.0,0.0
Movies,43,smooth_base,48,post_optimizer_step,0.0,0.0
Movies,43,smooth_base,49,post_optimizer_step,0.0,0.0
Movies,43,smooth_base,50,post_optimizer_step,0.0,0.0
Movies,43,smooth_base,51,post_optimizer_step,0.0,0.0
Movies,43,smooth_base,52,post_optimizer_step,0.0,0.0
Movies,43,smooth_base,53,post_optimizer_step,0.0,0.0
Movies,43,smooth_base,54,post_optimizer_step,0.0,0.0
Movies,43,smooth_base,55,post_optimizer_step,0.0,0.0
Movies,43,smooth_base,56,post_optimizer_step,0.0,0.0
Movies,43,smooth_base,57,post_optimizer_step,0.0,0.0
Movies,43,smooth_base,58,post_optimizer_step,0.0,0.0
Movies,43,smooth_base,59,post_optimizer_step,0.0,0.0
Movies,43,smooth_base,60,post_optimizer_step,0.0,0.0
Movies,43,smooth_base,61,post_optimizer_step,0.0,0.0
Movies,43,smooth_base,62,post_optimizer_step,0.0,0.0
Movies,43,smooth_base,63,post_optimizer_step,0.0,0.0
Movies,43,smooth_base,64,post_optimizer_step,0.0,0.0
Movies,43,smooth_base,65,post_optimizer_step,0.0,0.0
Movies,43,smooth_base,66,post_optimizer_step,0.0,0.0
Movies,43,smooth_base,67,post_optimizer_step,0.0,0.0
Movies,43,smooth_base,68,post_optimizer_step,0.0,0.0
Movies,43,smooth_base,69,post_optimizer_step,0.0,0.0
Movies,43,smooth_base,70,post_optimizer_step,0.0,0.0
Movies,43,smooth_base,71,post_optimizer_step,0.0,0.0
Movies,43,smooth_base,72,post_optimizer_step,0.0,0.0
Movies,43,smooth_base,73,post_optimizer_step,0.0,0.0
Movies,43,smooth_base,74,post_optimizer_step,0.0,0.0
Movies,43,smooth_base,75,post_optimizer_step,0.0,0.0
Movies,43,smooth_base,76,post_optimizer_step,0.0,0.0
Movies,43,smooth_base,77,post_optimizer_step,0.0,0.0
Movies,43,smooth_base,78,post_optimizer_step,0.0,0.0
Movies,43,smooth_base,79,post_optimizer_step,0.0,0.0
Movies,43,smooth_base,80,post_optimizer_step,0.0,0.0
Movies,43,smooth_base,81,post_optimizer_step,0.0,0.0
Movies,43,smooth_base,82,post_optimizer_step,0.0,0.0
Movies,43,smooth_base,83,post_optimizer_step,0.0,0.0
Movies,43,smooth_base,84,post_optimizer_step,0.0,0.0
Movies,43,smooth_base,85,post_optimizer_step,0.0,0.0
Movies,43,smooth_base,86,post_optimizer_step,0.0,0.0
Movies,43,smooth_base,87,post_optimizer_step,0.0,0.0
Movies,43,smooth_base,88,post_optimizer_step,0.0,0.0
Movies,43,smooth_base,89,post_optimizer_step,0.0,0.0
Movies,43,smooth_base,90,post_optimizer_step,0.0,0.0
Movies,43,smooth_base,91,post_optimizer_step,0.0,0.0
Movies,43,smooth_base,92,post_optimizer_step,0.0,0.0
Movies,43,smooth_base,93,post_optimizer_step,0.0,0.0
Movies,43,smooth_base,94,post_optimizer_step,0.0,0.0
Movies,43,smooth_base,95,post_optimizer_step,0.0,0.0
Movies,43,smooth_base,96,post_optimizer_step,0.0,0.0
Movies,43,smooth_base,97,post_optimizer_step,0.0,0.0
Movies,43,smooth_base,98,post_optimizer_step,0.0,0.0
Movies,43,smooth_base,99,post_optimizer_step,0.0,0.0
Movies,43,smooth_base,100,post_optimizer_step,0.0,0.0
Movies,43,smooth_base,101,post_optimizer_step,0.0,0.0
Movies,43,smooth_base,102,post_optimizer_step,0.0,0.0
Movies,43,smooth_base,103,post_optimizer_step,0.0,0.0
Movies,43,smooth_base,104,post_optimizer_step,0.0,0.0
Movies,43,smooth_base,105,post_optimizer_step,0.0,0.0
Movies,43,smooth_base,106,post_optimizer_step,0.0,0.0
Movies,43,smooth_base,107,post_optimizer_step,0.0,0.0
Movies,43,smooth_base,108,post_optimizer_step,0.0,0.0
Movies,43,smooth_base,109,post_optimizer_step,0.0,0.0
Movies,43,smooth_base,110,post_optimizer_step,0.0,0.0
Movies,43,smooth_base,111,post_optimizer_step,0.0,0.0
Movies,43,smooth_base,112,post_optimizer_step,0.0,0.0
Movies,43,smooth_base,113,post_optimizer_step,0.0,0.0
Movies,43,smooth_base,114,post_optimizer_step,0.0,0.0
Movies,43,smooth_base,115,post_optimizer_step,0.0,0.0
Movies,43,smooth_base,116,post_optimizer_step,0.0,0.0
Movies,43,smooth_base,117,post_optimizer_step,0.0,0.0
Movies,43,smooth_base,118,post_optimizer_step,0.0,0.0
Movies,43,smooth_base,88,best_checkpoint,0.0,0.0
Movies,44,residual_generic,0,initial,0.0,0.0
Movies,44,residual_generic,1,post_optimizer_step,0.1278505027294159,0.12784108519554138
Movies,44,residual_generic,2,post_optimizer_step,0.1990470290184021,0.19518128037452698
Movies,44,residual_generic,3,post_optimizer_step,0.23577071726322174,0.24757780134677887
Movies,44,residual_generic,4,post_optimizer_step,0.2706434726715088,0.2960890233516693
Movies,44,residual_generic,5,post_optimizer_step,0.2977617383003235,0.33400827646255493
Movies,44,residual_generic,6,post_optimizer_step,0.32445284724235535,0.37076643109321594
Movies,44,residual_generic,7,post_optimizer_step,0.35056623816490173,0.41004011034965515
Movies,44,residual_generic,8,post_optimizer_step,0.37531155347824097,0.45175784826278687
Movies,44,residual_generic,9,post_optimizer_step,0.4027901589870453,0.49690744280815125
Movies,44,residual_generic,10,post_optimizer_step,0.43754321336746216,0.5486940741539001
Movies,44,residual_generic,11,post_optimizer_step,0.4732308089733124,0.5959712862968445
Movies,44,residual_generic,12,post_optimizer_step,0.5015993118286133,0.629848301410675
Movies,44,residual_generic,13,post_optimizer_step,0.5235138535499573,0.6562107801437378
Movies,44,residual_generic,14,post_optimizer_step,0.5456702709197998,0.6777159571647644
Movies,44,residual_generic,15,post_optimizer_step,0.5682889819145203,0.693817138671875
Movies,44,residual_generic,16,post_optimizer_step,0.5902467966079712,0.7094627022743225
Movies,44,residual_generic,17,post_optimizer_step,0.6077724695205688,0.7194682955741882
Movies,44,residual_generic,18,post_optimizer_step,0.6242259740829468,0.7321406602859497
Movies,44,residual_generic,19,post_optimizer_step,0.640407383441925,0.7472662329673767
Movies,44,residual_generic,20,post_optimizer_step,0.6567678451538086,0.7619324326515198
Movies,44,residual_generic,21,post_optimizer_step,0.6711190938949585,0.7783542275428772
Movies,44,residual_generic,22,post_optimizer_step,0.683028519153595,0.7898005247116089
Movies,44,residual_generic,23,post_optimizer_step,0.6942278742790222,0.8018076419830322
Movies,44,residual_generic,24,post_optimizer_step,0.706473708152771,0.8128383159637451
Movies,44,residual_generic,25,post_optimizer_step,0.7194259762763977,0.82414311170578
Movies,44,residual_generic,26,post_optimizer_step,0.7315316200256348,0.8379935622215271
Movies,44,residual_generic,27,post_optimizer_step,0.7422991394996643,0.8457372188568115
Movies,44,residual_generic,28,post_optimizer_step,0.7524383664131165,0.8517665266990662
Movies,44,residual_generic,29,post_optimizer_step,0.7623705267906189,0.8612964749336243
Movies,44,residual_generic,30,post_optimizer_step,0.7732677459716797,0.8703843951225281
Movies,44,residual_generic,31,post_optimizer_step,0.7839877605438232,0.8781960606575012
Movies,44,residual_generic,32,post_optimizer_step,0.793618381023407,0.8859849572181702
Movies,44,residual_generic,33,post_optimizer_step,0.8032721281051636,0.8923808336257935
Movies,44,residual_generic,34,post_optimizer_step,0.8127414584159851,0.9003567695617676
Movies,44,residual_generic,35,post_optimizer_step,0.8229793906211853,0.9075732827186584
Movies,44,residual_generic,36,post_optimizer_step,0.8326032161712646,0.916815459728241
Movies,44,residual_generic,37,post_optimizer_step,0.8420271277427673,0.9257271885871887
Movies,44,residual_generic,38,post_optimizer_step,0.8515629172325134,0.9346218705177307
Movies,44,residual_generic,39,post_optimizer_step,0.8617375493049622,0.9430083632469177
Movies,44,residual_generic,40,post_optimizer_step,0.8729538917541504,0.9533036351203918
Movies,44,residual_generic,41,post_optimizer_step,0.8843405842781067,0.961083710193634
Movies,44,residual_generic,42,post_optimizer_step,0.895757257938385,0.9683205485343933
Movies,44,residual_generic,43,post_optimizer_step,0.9085661768913269,0.9771038293838501
Movies,44,residual_generic,44,post_optimizer_step,0.9222901463508606,0.9855403304100037
Movies,44,residual_generic,45,post_optimizer_step,0.9348716735839844,0.9952549934387207
Movies,44,residual_generic,46,post_optimizer_step,0.9464467167854309,1.0037788152694702
Movies,44,residual_generic,47,post_optimizer_step,0.9580467939376831,1.013628363609314
Movies,44,residual_generic,48,post_optimizer_step,0.96955806016922,1.0241570472717285
Movies,44,residual_generic,49,post_optimizer_step,0.982393741607666,1.0340449810028076
Movies,44,residual_generic,50,post_optimizer_step,0.994809091091156,1.045790195465088
Movies,44,residual_generic,51,post_optimizer_step,1.0062891244888306,1.0567394495010376
Movies,44,residual_generic,52,post_optimizer_step,1.0177215337753296,1.0673742294311523
Movies,44,residual_generic,53,post_optimizer_step,1.0298892259597778,1.077019453048706
Movies,44,residual_generic,54,post_optimizer_step,1.0411813259124756,1.087435007095337
Movies,44,residual_generic,55,post_optimizer_step,1.0514161586761475,1.0984336137771606
Movies,44,residual_generic,56,post_optimizer_step,1.0620193481445312,1.1080387830734253
Movies,44,residual_generic,57,post_optimizer_step,1.0726373195648193,1.1176438331604004
Movies,44,residual_generic,58,post_optimizer_step,1.0821969509124756,1.1274727582931519
Movies,44,residual_generic,59,post_optimizer_step,1.0904288291931152,1.1368283033370972
Movies,44,residual_generic,60,post_optimizer_step,1.0971546173095703,1.1462631225585938
Movies,44,residual_generic,61,post_optimizer_step,1.104671597480774,1.1564737558364868
Movies,44,residual_generic,62,post_optimizer_step,1.1123958826065063,1.1655770540237427
Movies,44,residual_generic,63,post_optimizer_step,1.119621753692627,1.1745835542678833
Movies,44,residual_generic,64,post_optimizer_step,1.1275585889816284,1.1837190389633179
Movies,44,residual_generic,65,post_optimizer_step,1.1359210014343262,1.191643238067627
Movies,44,residual_generic,66,post_optimizer_step,1.143876552581787,1.2014129161834717
Movies,44,residual_generic,67,post_optimizer_step,1.1526424884796143,1.2113935947418213
Movies,44,residual_generic,68,post_optimizer_step,1.161412000656128,1.221779465675354
Movies,44,residual_generic,69,post_optimizer_step,1.1706963777542114,1.2333582639694214
Movies,44,residual_generic,70,post_optimizer_step,1.1785097122192383,1.2424715757369995
Movies,44,residual_generic,71,post_optimizer_step,1.1846431493759155,1.251780390739441
Movies,44,residual_generic,72,post_optimizer_step,1.1938060522079468,1.2624759674072266
Movies,44,residual_generic,73,post_optimizer_step,1.201461911201477,1.2730544805526733
Movies,44,residual_generic,74,post_optimizer_step,1.2072709798812866,1.2842515707015991
Movies,44,residual_generic,75,post_optimizer_step,1.213475227355957,1.2948806285858154
Movies,44,residual_generic,76,post_optimizer_step,1.2205028533935547,1.3041532039642334
Movies,44,residual_generic,77,post_optimizer_step,1.2278786897659302,1.3142521381378174
Movies,44,residual_generic,78,post_optimizer_step,1.2358232736587524,1.3233375549316406
Movies,44,residual_generic,79,post_optimizer_step,1.2461847066879272,1.335240364074707
Movies,44,residual_generic,80,post_optimizer_step,1.2546720504760742,1.3454616069793701
Movies,44,residual_generic,81,post_optimizer_step,1.2649370431900024,1.3550004959106445
Movies,44,residual_generic,82,post_optimizer_step,1.2748409509658813,1.3650875091552734
Movies,44,residual_generic,83,post_optimizer_step,1.2842202186584473,1.3765491247177124
Movies,44,residual_generic,84,post_optimizer_step,1.2930985689163208,1.3878190517425537
Movies,44,residual_generic,85,post_optimizer_step,1.301951289176941,1.3984720706939697
Movies,44,residual_generic,86,post_optimizer_step,1.3096033334732056,1.4094128608703613
Movies,44,residual_generic,87,post_optimizer_step,1.3168833255767822,1.4191551208496094
Movies,44,residual_generic,57,best_checkpoint,1.0726373195648193,1.1176438331604004
Movies,44,residual_protected,0,initial,0.0,0.0
Movies,44,residual_protected,1,post_optimizer_step,0.12785696983337402,0.12783774733543396
Movies,44,residual_protected,2,post_optimizer_step,0.19895215332508087,0.19513705372810364
Movies,44,residual_protected,3,post_optimizer_step,0.23730111122131348,0.24744915962219238
Movies,44,residual_protected,4,post_optimizer_step,0.2728646397590637,0.29575851559638977
Movies,44,residual_protected,5,post_optimizer_step,0.30110886693000793,0.3342578113079071
Movies,44,residual_protected,6,post_optimizer_step,0.3283298909664154,0.3710457682609558
Movies,44,residual_protected,7,post_optimizer_step,0.35492265224456787,0.40993401408195496
Movies,44,residual_protected,8,post_optimizer_step,0.38089168071746826,0.4516943097114563
Movies,44,residual_protected,9,post_optimizer_step,0.4098067283630371,0.49693331122398376
Movies,44,residual_protected,10,post_optimizer_step,0.44490930438041687,0.5480654835700989
Movies,44,residual_protected,11,post_optimizer_step,0.4803696572780609,0.5951167941093445
Movies,44,residual_protected,12,post_optimizer_step,0.510012686252594,0.6294531226158142
Movies,44,residual_protected,13,post_optimizer_step,0.5348369479179382,0.6551175117492676
Movies,44,residual_protected,14,post_optimizer_step,0.5591245889663696,0.676283597946167
Movies,44,residual_protected,15,post_optimizer_step,0.5817541480064392,0.6911844611167908
Movies,44,residual_protected,16,post_optimizer_step,0.6054312586784363,0.7067440152168274
Movies,44,residual_protected,17,post_optimizer_step,0.6257303357124329,0.718392550945282
Movies,44,residual_protected,18,post_optimizer_step,0.642147421836853,0.72864830493927
Movies,44,residual_protected,19,post_optimizer_step,0.6587055921554565,0.7434618473052979
Movies,44,residual_protected,20,post_optimizer_step,0.6752512454986572,0.7579814195632935
Movies,44,residual_protected,21,post_optimizer_step,0.6905008554458618,0.7728161215782166
Movies,44,residual_protected,22,post_optimizer_step,0.702816903591156,0.7864407300949097
Movies,44,residual_protected,23,post_optimizer_step,0.7147873640060425,0.7987918853759766
Movies,44,residual_protected,24,post_optimizer_step,0.7282638549804688,0.81125408411026
Movies,44,residual_protected,25,post_optimizer_step,0.7421829104423523,0.8255812525749207
Movies,44,residual_protected,26,post_optimizer_step,0.7549949884414673,0.8396139144897461
Movies,44,residual_protected,27,post_optimizer_step,0.7662903070449829,0.8489217162132263
Movies,44,residual_protected,28,post_optimizer_step,0.7776284217834473,0.8579824566841125
Movies,44,residual_protected,29,post_optimizer_step,0.7894229888916016,0.8681818842887878
Movies,44,residual_protected,30,post_optimizer_step,0.801648736000061,0.8791959285736084
Movies,44,residual_protected,31,post_optimizer_step,0.8143916726112366,0.8866656422615051
Movies,44,residual_protected,32,post_optimizer_step,0.8259820938110352,0.8962506651878357
Movies,44,residual_protected,33,post_optimizer_step,0.837277889251709,0.9044522047042847
Movies,44,residual_protected,34,post_optimizer_step,0.8485389947891235,0.9143342971801758
Movies,44,residual_protected,35,post_optimizer_step,0.8603416085243225,0.9235206246376038
Movies,44,residual_protected,36,post_optimizer_step,0.8721143007278442,0.9354526400566101
Movies,44,residual_protected,37,post_optimizer_step,0.8833775520324707,0.945703387260437
Movies,44,residual_protected,38,post_optimizer_step,0.8943939208984375,0.9563523530960083
Movies,44,residual_protected,39,post_optimizer_step,0.9052352905273438,0.9649866819381714
Movies,44,residual_protected,40,post_optimizer_step,0.917529284954071,0.9752136468887329
Movies,44,residual_protected,41,post_optimizer_step,0.9305462837219238,0.9841574430465698
Movies,44,residual_protected,42,post_optimizer_step,0.9432469606399536,0.9919679164886475
Movies,44,residual_protected,43,post_optimizer_step,0.9561628103256226,1.0022624731063843
Movies,44,residual_protected,44,post_optimizer_step,0.9691480398178101,1.0110491514205933
Movies,44,residual_protected,45,post_optimizer_step,0.9826725125312805,1.019981026649475
Movies,44,residual_protected,46,post_optimizer_step,0.9947261810302734,1.0303069353103638
Movies,44,residual_protected,47,post_optimizer_step,1.0051697492599487,1.0408744812011719
Movies,44,residual_protected,48,post_optimizer_step,1.0138494968414307,1.0486469268798828
Movies,44,residual_protected,49,post_optimizer_step,1.0235140323638916,1.0561097860336304
Movies,44,residual_protected,50,post_optimizer_step,1.0340040922164917,1.065794587135315
Movies,44,residual_protected,51,post_optimizer_step,1.046303629875183,1.0770998001098633
Movies,44,residual_protected,52,post_optimizer_step,1.0577143430709839,1.0876120328903198
Movies,44,residual_protected,53,post_optimizer_step,1.0670264959335327,1.0981199741363525
Movies,44,residual_protected,54,post_optimizer_step,1.075657606124878,1.10831880569458
Movies,44,residual_protected,55,post_optimizer_step,1.0846309661865234,1.1170108318328857
Movies,44,residual_protected,56,post_optimizer_step,1.0940966606140137,1.127047061920166
Movies,44,residual_protected,57,post_optimizer_step,1.1038352251052856,1.1372097730636597
Movies,44,residual_protected,58,post_optimizer_step,1.1132489442825317,1.1436407566070557
Movies,44,residual_protected,59,post_optimizer_step,1.1229246854782104,1.1509430408477783
Movies,44,residual_protected,60,post_optimizer_step,1.1320444345474243,1.1604465246200562
Movies,44,residual_protected,61,post_optimizer_step,1.1413662433624268,1.1670171022415161
Movies,44,residual_protected,62,post_optimizer_step,1.1513131856918335,1.1718647480010986
Movies,44,residual_protected,63,post_optimizer_step,1.1603400707244873,1.1790525913238525
Movies,44,residual_protected,64,post_optimizer_step,1.1695222854614258,1.188521146774292
Movies,44,residual_protected,65,post_optimizer_step,1.1779907941818237,1.1949090957641602
Movies,44,residual_protected,66,post_optimizer_step,1.1857633590698242,1.1988332271575928
Movies,44,residual_protected,67,post_optimizer_step,1.193349003791809,1.2054530382156372
Movies,44,residual_protected,68,post_optimizer_step,1.200911045074463,1.214558720588684
Movies,44,residual_protected,69,post_optimizer_step,1.2102044820785522,1.222538948059082
Movies,44,residual_protected,70,post_optimizer_step,1.2213003635406494,1.2297172546386719
Movies,44,residual_protected,71,post_optimizer_step,1.230051040649414,1.2383620738983154
Movies,44,residual_protected,72,post_optimizer_step,1.237410545349121,1.2488089799880981
Movies,44,residual_protected,73,post_optimizer_step,1.2458692789077759,1.258378267288208
Movies,44,residual_protected,74,post_optimizer_step,1.2559547424316406,1.2673217058181763
Movies,44,residual_protected,75,post_optimizer_step,1.2650973796844482,1.2768731117248535
Movies,44,residual_protected,76,post_optimizer_step,1.2739924192428589,1.2867716550827026
Movies,44,residual_protected,77,post_optimizer_step,1.2847775220870972,1.296113133430481
Movies,44,residual_protected,78,post_optimizer_step,1.2972878217697144,1.304211139678955
Movies,44,residual_protected,79,post_optimizer_step,1.308152437210083,1.311922550201416
Movies,44,residual_protected,80,post_optimizer_step,1.3172199726104736,1.3215819597244263
Movies,44,residual_protected,81,post_optimizer_step,1.3274303674697876,1.3315539360046387
Movies,44,residual_protected,82,post_optimizer_step,1.337486982345581,1.339951992034912
Movies,44,residual_protected,83,post_optimizer_step,1.3471577167510986,1.3506163358688354
Movies,44,residual_protected,84,post_optimizer_step,1.3554972410202026,1.3618545532226562
Movies,44,residual_protected,85,post_optimizer_step,1.3644458055496216,1.3709903955459595
Movies,44,residual_protected,86,post_optimizer_step,1.3757736682891846,1.3796950578689575
Movies,44,residual_protected,87,post_optimizer_step,1.3857553005218506,1.3866546154022217
Movies,44,residual_protected,88,post_optimizer_step,1.3945242166519165,1.3950423002243042
Movies,44,residual_protected,89,post_optimizer_step,1.403178334236145,1.4045157432556152
Movies,44,residual_protected,90,post_optimizer_step,1.4127508401870728,1.4148857593536377
Movies,44,residual_protected,91,post_optimizer_step,1.4197691679000854,1.4225492477416992
Movies,44,residual_protected,92,post_optimizer_step,1.4262995719909668,1.4318009614944458
Movies,44,residual_protected,93,post_optimizer_step,1.433516263961792,1.440717101097107
Movies,44,residual_protected,94,post_optimizer_step,1.4451199769973755,1.451596736907959
Movies,44,residual_protected,95,post_optimizer_step,1.4554648399353027,1.4589756727218628
Movies,44,residual_protected,96,post_optimizer_step,1.4654760360717773,1.4683197736740112
Movies,44,residual_protected,66,best_checkpoint,1.1857633590698242,1.1988332271575928
Movies,44,smooth_base,0,initial,0.0,0.0
Movies,44,smooth_base,1,post_optimizer_step,0.0,0.0
Movies,44,smooth_base,2,post_optimizer_step,0.0,0.0
Movies,44,smooth_base,3,post_optimizer_step,0.0,0.0
Movies,44,smooth_base,4,post_optimizer_step,0.0,0.0
Movies,44,smooth_base,5,post_optimizer_step,0.0,0.0
Movies,44,smooth_base,6,post_optimizer_step,0.0,0.0
Movies,44,smooth_base,7,post_optimizer_step,0.0,0.0
Movies,44,smooth_base,8,post_optimizer_step,0.0,0.0
Movies,44,smooth_base,9,post_optimizer_step,0.0,0.0
Movies,44,smooth_base,10,post_optimizer_step,0.0,0.0
Movies,44,smooth_base,11,post_optimizer_step,0.0,0.0
Movies,44,smooth_base,12,post_optimizer_step,0.0,0.0
Movies,44,smooth_base,13,post_optimizer_step,0.0,0.0
Movies,44,smooth_base,14,post_optimizer_step,0.0,0.0
Movies,44,smooth_base,15,post_optimizer_step,0.0,0.0
Movies,44,smooth_base,16,post_optimizer_step,0.0,0.0
Movies,44,smooth_base,17,post_optimizer_step,0.0,0.0
Movies,44,smooth_base,18,post_optimizer_step,0.0,0.0
Movies,44,smooth_base,19,post_optimizer_step,0.0,0.0
Movies,44,smooth_base,20,post_optimizer_step,0.0,0.0
Movies,44,smooth_base,21,post_optimizer_step,0.0,0.0
Movies,44,smooth_base,22,post_optimizer_step,0.0,0.0
Movies,44,smooth_base,23,post_optimizer_step,0.0,0.0
Movies,44,smooth_base,24,post_optimizer_step,0.0,0.0
Movies,44,smooth_base,25,post_optimizer_step,0.0,0.0
Movies,44,smooth_base,26,post_optimizer_step,0.0,0.0
Movies,44,smooth_base,27,post_optimizer_step,0.0,0.0
Movies,44,smooth_base,28,post_optimizer_step,0.0,0.0
Movies,44,smooth_base,29,post_optimizer_step,0.0,0.0
Movies,44,smooth_base,30,post_optimizer_step,0.0,0.0
Movies,44,smooth_base,31,post_optimizer_step,0.0,0.0
Movies,44,smooth_base,32,post_optimizer_step,0.0,0.0
Movies,44,smooth_base,33,post_optimizer_step,0.0,0.0
Movies,44,smooth_base,34,post_optimizer_step,0.0,0.0
Movies,44,smooth_base,35,post_optimizer_step,0.0,0.0
Movies,44,smooth_base,36,post_optimizer_step,0.0,0.0
Movies,44,smooth_base,37,post_optimizer_step,0.0,0.0
Movies,44,smooth_base,38,post_optimizer_step,0.0,0.0
Movies,44,smooth_base,39,post_optimizer_step,0.0,0.0
Movies,44,smooth_base,40,post_optimizer_step,0.0,0.0
Movies,44,smooth_base,41,post_optimizer_step,0.0,0.0
Movies,44,smooth_base,42,post_optimizer_step,0.0,0.0
Movies,44,smooth_base,43,post_optimizer_step,0.0,0.0
Movies,44,smooth_base,44,post_optimizer_step,0.0,0.0
Movies,44,smooth_base,45,post_optimizer_step,0.0,0.0
Movies,44,smooth_base,46,post_optimizer_step,0.0,0.0
Movies,44,smooth_base,47,post_optimizer_step,0.0,0.0
Movies,44,smooth_base,48,post_optimizer_step,0.0,0.0
Movies,44,smooth_base,49,post_optimizer_step,0.0,0.0
Movies,44,smooth_base,50,post_optimizer_step,0.0,0.0
Movies,44,smooth_base,51,post_optimizer_step,0.0,0.0
Movies,44,smooth_base,52,post_optimizer_step,0.0,0.0
Movies,44,smooth_base,53,post_optimizer_step,0.0,0.0
Movies,44,smooth_base,54,post_optimizer_step,0.0,0.0
Movies,44,smooth_base,55,post_optimizer_step,0.0,0.0
Movies,44,smooth_base,56,post_optimizer_step,0.0,0.0
Movies,44,smooth_base,57,post_optimizer_step,0.0,0.0
Movies,44,smooth_base,58,post_optimizer_step,0.0,0.0
Movies,44,smooth_base,59,post_optimizer_step,0.0,0.0
Movies,44,smooth_base,60,post_optimizer_step,0.0,0.0
Movies,44,smooth_base,61,post_optimizer_step,0.0,0.0
Movies,44,smooth_base,62,post_optimizer_step,0.0,0.0
Movies,44,smooth_base,63,post_optimizer_step,0.0,0.0
Movies,44,smooth_base,64,post_optimizer_step,0.0,0.0
Movies,44,smooth_base,65,post_optimizer_step,0.0,0.0
Movies,44,smooth_base,66,post_optimizer_step,0.0,0.0
Movies,44,smooth_base,67,post_optimizer_step,0.0,0.0
Movies,44,smooth_base,68,post_optimizer_step,0.0,0.0
Movies,44,smooth_base,69,post_optimizer_step,0.0,0.0
Movies,44,smooth_base,70,post_optimizer_step,0.0,0.0
Movies,44,smooth_base,71,post_optimizer_step,0.0,0.0
Movies,44,smooth_base,72,post_optimizer_step,0.0,0.0
Movies,44,smooth_base,73,post_optimizer_step,0.0,0.0
Movies,44,smooth_base,74,post_optimizer_step,0.0,0.0
Movies,44,smooth_base,75,post_optimizer_step,0.0,0.0
Movies,44,smooth_base,76,post_optimizer_step,0.0,0.0
Movies,44,smooth_base,77,post_optimizer_step,0.0,0.0
Movies,44,smooth_base,78,post_optimizer_step,0.0,0.0
Movies,44,smooth_base,79,post_optimizer_step,0.0,0.0
Movies,44,smooth_base,80,post_optimizer_step,0.0,0.0
Movies,44,smooth_base,81,post_optimizer_step,0.0,0.0
Movies,44,smooth_base,82,post_optimizer_step,0.0,0.0
Movies,44,smooth_base,83,post_optimizer_step,0.0,0.0
Movies,44,smooth_base,84,post_optimizer_step,0.0,0.0
Movies,44,smooth_base,85,post_optimizer_step,0.0,0.0
Movies,44,smooth_base,86,post_optimizer_step,0.0,0.0
Movies,44,smooth_base,87,post_optimizer_step,0.0,0.0
Movies,44,smooth_base,88,post_optimizer_step,0.0,0.0
Movies,44,smooth_base,89,post_optimizer_step,0.0,0.0
Movies,44,smooth_base,90,post_optimizer_step,0.0,0.0
Movies,44,smooth_base,91,post_optimizer_step,0.0,0.0
Movies,44,smooth_base,92,post_optimizer_step,0.0,0.0
Movies,44,smooth_base,93,post_optimizer_step,0.0,0.0
Movies,44,smooth_base,94,post_optimizer_step,0.0,0.0
Movies,44,smooth_base,95,post_optimizer_step,0.0,0.0
Movies,44,smooth_base,96,post_optimizer_step,0.0,0.0
Movies,44,smooth_base,97,post_optimizer_step,0.0,0.0
Movies,44,smooth_base,98,post_optimizer_step,0.0,0.0
Movies,44,smooth_base,99,post_optimizer_step,0.0,0.0
Movies,44,smooth_base,100,post_optimizer_step,0.0,0.0
Movies,44,smooth_base,101,post_optimizer_step,0.0,0.0
Movies,44,smooth_base,102,post_optimizer_step,0.0,0.0
Movies,44,smooth_base,103,post_optimizer_step,0.0,0.0
Movies,44,smooth_base,104,post_optimizer_step,0.0,0.0
Movies,44,smooth_base,74,best_checkpoint,0.0,0.0
ele-fashion,42,residual_generic,0,initial,0.0,0.0
ele-fashion,42,residual_generic,1,post_optimizer_step,0.12787294387817383,0.12786808609962463
ele-fashion,42,residual_generic,2,post_optimizer_step,0.19470569491386414,0.1935519427061081
ele-fashion,42,residual_generic,3,post_optimizer_step,0.24968895316123962,0.24501655995845795
ele-fashion,42,residual_generic,4,post_optimizer_step,0.29893824458122253,0.29070183634757996
ele-fashion,42,residual_generic,5,post_optimizer_step,0.34840795397758484,0.33349645137786865
ele-fashion,42,residual_generic,6,post_optimizer_step,0.3911949098110199,0.3708967864513397
ele-fashion,42,residual_generic,7,post_optimizer_step,0.43143218755722046,0.40397125482559204
ele-fashion,42,residual_generic,8,post_optimizer_step,0.4696226418018341,0.4362160265445709
ele-fashion,42,residual_generic,9,post_optimizer_step,0.5052911043167114,0.4680720865726471
ele-fashion,42,residual_generic,10,post_optimizer_step,0.5384035706520081,0.4986046254634857
ele-fashion,42,residual_generic,11,post_optimizer_step,0.5718755125999451,0.5282455086708069
ele-fashion,42,residual_generic,12,post_optimizer_step,0.6059907674789429,0.5598637461662292
ele-fashion,42,residual_generic,13,post_optimizer_step,0.6389524340629578,0.5937556624412537
ele-fashion,42,residual_generic,14,post_optimizer_step,0.6676908135414124,0.6239084005355835
ele-fashion,42,residual_generic,15,post_optimizer_step,0.694932222366333,0.650309145450592
ele-fashion,42,residual_generic,16,post_optimizer_step,0.7221625447273254,0.6752216815948486
ele-fashion,42,residual_generic,17,post_optimizer_step,0.7490307688713074,0.6982241868972778
ele-fashion,42,residual_generic,18,post_optimizer_step,0.7752392292022705,0.7191436290740967
ele-fashion,42,residual_generic,19,post_optimizer_step,0.800122857093811,0.7385538816452026
ele-fashion,42,residual_generic,20,post_optimizer_step,0.8229567408561707,0.7561300992965698
ele-fashion,42,residual_generic,21,post_optimizer_step,0.8436858654022217,0.7719047665596008
ele-fashion,42,residual_generic,22,post_optimizer_step,0.863124430179596,0.7869104146957397
ele-fashion,42,residual_generic,23,post_optimizer_step,0.8821414709091187,0.801823079586029
ele-fashion,42,residual_generic,24,post_optimizer_step,0.90117347240448,0.8169085383415222
ele-fashion,42,residual_generic,25,post_optimizer_step,0.9198871850967407,0.8319212794303894
ele-fashion,42,residual_generic,26,post_optimizer_step,0.9376085996627808,0.8465099930763245
ele-fashion,42,residual_generic,27,post_optimizer_step,0.9536085724830627,0.8601800203323364
ele-fashion,42,residual_generic,28,post_optimizer_step,0.9678789377212524,0.8728505373001099
ele-fashion,42,residual_generic,29,post_optimizer_step,0.9809679985046387,0.8849337100982666
ele-fashion,42,residual_generic,30,post_optimizer_step,0.993445634841919,0.8967050909996033
ele-fashion,42,residual_generic,31,post_optimizer_step,1.0054298639297485,0.9081482291221619
ele-fashion,42,residual_generic,32,post_optimizer_step,1.016795039176941,0.9192178249359131
ele-fashion,42,residual_generic,33,post_optimizer_step,1.027547836303711,0.9298791289329529
ele-fashion,42,residual_generic,34,post_optimizer_step,1.037726879119873,0.9401066303253174
ele-fashion,42,residual_generic,35,post_optimizer_step,1.047442078590393,0.9497789144515991
ele-fashion,42,residual_generic,36,post_optimizer_step,1.0567675828933716,0.9587145447731018
ele-fashion,42,residual_generic,37,post_optimizer_step,1.0659018754959106,0.9670767188072205
ele-fashion,42,residual_generic,38,post_optimizer_step,1.074950098991394,0.9751752018928528
ele-fashion,42,residual_generic,39,post_optimizer_step,1.0838531255722046,0.9832913875579834
ele-fashion,42,residual_generic,40,post_optimizer_step,1.0925829410552979,0.9913197755813599
ele-fashion,42,residual_generic,41,post_optimizer_step,1.100989818572998,0.9991410970687866
ele-fashion,42,residual_generic,42,post_optimizer_step,1.1088656187057495,1.0068540573120117
ele-fashion,42,residual_generic,43,post_optimizer_step,1.116359829902649,1.0146489143371582
ele-fashion,42,residual_generic,44,post_optimizer_step,1.1237956285476685,1.0227398872375488
ele-fashion,42,residual_generic,45,post_optimizer_step,1.1313979625701904,1.0311663150787354
ele-fashion,42,residual_generic,46,post_optimizer_step,1.1392149925231934,1.0397286415100098
ele-fashion,42,residual_generic,47,post_optimizer_step,1.1471407413482666,1.048389196395874
ele-fashion,42,residual_generic,48,post_optimizer_step,1.1551244258880615,1.0573402643203735
ele-fashion,42,residual_generic,49,post_optimizer_step,1.1631253957748413,1.0663446187973022
ele-fashion,42,residual_generic,50,post_optimizer_step,1.1713420152664185,1.0752536058425903
ele-fashion,42,residual_generic,51,post_optimizer_step,1.1791695356369019,1.083646535873413
ele-fashion,42,residual_generic,52,post_optimizer_step,1.1872315406799316,1.0919972658157349
ele-fashion,42,residual_generic,53,post_optimizer_step,1.195146083831787,1.0998005867004395
ele-fashion,42,residual_generic,54,post_optimizer_step,1.203305721282959,1.106637954711914
ele-fashion,42,residual_generic,55,post_optimizer_step,1.21161949634552,1.1133466958999634
ele-fashion,42,residual_generic,56,post_optimizer_step,1.2201769351959229,1.1206233501434326
ele-fashion,42,residual_generic,57,post_optimizer_step,1.2292301654815674,1.1282709836959839
ele-fashion,42,residual_generic,58,post_optimizer_step,1.2386959791183472,1.136697769165039
ele-fashion,42,residual_generic,59,post_optimizer_step,1.249403715133667,1.1451363563537598
ele-fashion,42,residual_generic,60,post_optimizer_step,1.2596735954284668,1.152880311012268
ele-fashion,42,residual_generic,61,post_optimizer_step,1.270900011062622,1.1597832441329956
ele-fashion,42,residual_generic,62,post_optimizer_step,1.2829277515411377,1.1671987771987915
ele-fashion,42,residual_generic,63,post_optimizer_step,1.2950832843780518,1.1748943328857422
ele-fashion,42,residual_generic,64,post_optimizer_step,1.307451844215393,1.180528163909912
ele-fashion,42,residual_generic,65,post_optimizer_step,1.3180086612701416,1.1843631267547607
ele-fashion,42,residual_generic,66,post_optimizer_step,1.3298885822296143,1.1887757778167725
ele-fashion,42,residual_generic,67,post_optimizer_step,1.3415802717208862,1.1936671733856201
ele-fashion,42,residual_generic,68,post_optimizer_step,1.3525760173797607,1.1984813213348389
ele-fashion,42,residual_generic,69,post_optimizer_step,1.3645917177200317,1.2053879499435425
ele-fashion,42,residual_generic,70,post_optimizer_step,1.3775827884674072,1.2123403549194336
ele-fashion,42,residual_generic,71,post_optimizer_step,1.390844702720642,1.2179487943649292
ele-fashion,42,residual_generic,72,post_optimizer_step,1.4043323993682861,1.2265876531600952
ele-fashion,42,residual_generic,73,post_optimizer_step,1.4180996417999268,1.23586905002594
ele-fashion,42,residual_generic,74,post_optimizer_step,1.432233452796936,1.242288589477539
ele-fashion,42,residual_generic,75,post_optimizer_step,1.446192979812622,1.2500895261764526
ele-fashion,42,residual_generic,76,post_optimizer_step,1.459551453590393,1.2587372064590454
ele-fashion,42,residual_generic,77,post_optimizer_step,1.4729684591293335,1.2666712999343872
ele-fashion,42,residual_generic,78,post_optimizer_step,1.4857919216156006,1.275047779083252
ele-fashion,42,residual_generic,79,post_optimizer_step,1.499131202697754,1.2849979400634766
ele-fashion,42,residual_generic,80,post_optimizer_step,1.5131078958511353,1.295418620109558
ele-fashion,42,residual_generic,81,post_optimizer_step,1.5254462957382202,1.304113745689392
ele-fashion,42,residual_generic,82,post_optimizer_step,1.5378129482269287,1.3147035837173462
ele-fashion,42,residual_generic,83,post_optimizer_step,1.5462008714675903,1.3175897598266602
ele-fashion,42,residual_generic,84,post_optimizer_step,1.557897925376892,1.320875644683838
ele-fashion,42,residual_generic,85,post_optimizer_step,1.5672149658203125,1.3277435302734375
ele-fashion,42,residual_generic,86,post_optimizer_step,1.5773972272872925,1.3334453105926514
ele-fashion,42,residual_generic,87,post_optimizer_step,1.588655948638916,1.3381093740463257
ele-fashion,42,residual_generic,88,post_optimizer_step,1.6009520292282104,1.34852933883667
ele-fashion,42,residual_generic,89,post_optimizer_step,1.6142446994781494,1.360801339149475
ele-fashion,42,residual_generic,90,post_optimizer_step,1.628818392753601,1.3728759288787842
ele-fashion,42,residual_generic,91,post_optimizer_step,1.6418977975845337,1.3832972049713135
ele-fashion,42,residual_generic,92,post_optimizer_step,1.6541435718536377,1.3956518173217773
ele-fashion,42,residual_generic,93,post_optimizer_step,1.6654589176177979,1.4072664976119995
ele-fashion,42,residual_generic,94,post_optimizer_step,1.67758309841156,1.4174394607543945
ele-fashion,42,residual_generic,95,post_optimizer_step,1.6905295848846436,1.4283109903335571
ele-fashion,42,residual_generic,96,post_optimizer_step,1.7031793594360352,1.4387935400009155
ele-fashion,42,residual_generic,97,post_optimizer_step,1.7148300409317017,1.4493026733398438
ele-fashion,42,residual_generic,98,post_optimizer_step,1.7280149459838867,1.4597690105438232
ele-fashion,42,residual_generic,99,post_optimizer_step,1.7412327527999878,1.4700604677200317
ele-fashion,42,residual_generic,100,post_optimizer_step,1.754701852798462,1.4810917377471924
ele-fashion,42,residual_generic,101,post_optimizer_step,1.766125202178955,1.491864562034607
ele-fashion,42,residual_generic,102,post_optimizer_step,1.7771553993225098,1.501851201057434
ele-fashion,42,residual_generic,103,post_optimizer_step,1.7894269227981567,1.5135332345962524
ele-fashion,42,residual_generic,104,post_optimizer_step,1.8022502660751343,1.5234534740447998
ele-fashion,42,residual_generic,105,post_optimizer_step,1.812699317932129,1.5327825546264648
ele-fashion,42,residual_generic,106,post_optimizer_step,1.8231327533721924,1.5409799814224243
ele-fashion,42,residual_generic,107,post_optimizer_step,1.8337171077728271,1.5498803853988647
ele-fashion,42,residual_generic,108,post_optimizer_step,1.8438538312911987,1.5583292245864868
ele-fashion,42,residual_generic,109,post_optimizer_step,1.8483517169952393,1.5650925636291504
ele-fashion,42,residual_generic,110,post_optimizer_step,1.8553760051727295,1.5727938413619995
ele-fashion,42,residual_generic,111,post_optimizer_step,1.8656891584396362,1.5813608169555664
ele-fashion,42,residual_generic,112,post_optimizer_step,1.8750337362289429,1.591807246208191
ele-fashion,42,residual_generic,113,post_optimizer_step,1.8843588829040527,1.598000168800354
ele-fashion,42,residual_generic,114,post_optimizer_step,1.89513099193573,1.6102145910263062
ele-fashion,42,residual_generic,115,post_optimizer_step,1.9010924100875854,1.6163710355758667
ele-fashion,42,residual_generic,116,post_optimizer_step,1.909645915031433,1.6242138147354126
ele-fashion,42,residual_generic,117,post_optimizer_step,1.9186935424804688,1.6349583864212036
ele-fashion,42,residual_generic,118,post_optimizer_step,1.9262022972106934,1.6454561948776245
ele-fashion,42,residual_generic,119,post_optimizer_step,1.9366886615753174,1.6509257555007935
ele-fashion,42,residual_generic,120,post_optimizer_step,1.9467380046844482,1.6558961868286133
ele-fashion,42,residual_generic,121,post_optimizer_step,1.9567852020263672,1.664907455444336
ele-fashion,42,residual_generic,122,post_optimizer_step,1.9683756828308105,1.6696704626083374
ele-fashion,42,residual_generic,123,post_optimizer_step,1.9785785675048828,1.6797338724136353
ele-fashion,42,residual_generic,124,post_optimizer_step,1.989426612854004,1.6901134252548218
ele-fashion,42,residual_generic,125,post_optimizer_step,1.9999675750732422,1.7006430625915527
ele-fashion,42,residual_generic,126,post_optimizer_step,2.010493516921997,1.705915927886963
ele-fashion,42,residual_generic,127,post_optimizer_step,2.021074056625366,1.7099498510360718
ele-fashion,42,residual_generic,128,post_optimizer_step,2.031181812286377,1.7193090915679932
ele-fashion,42,residual_generic,129,post_optimizer_step,2.0436959266662598,1.7312475442886353
ele-fashion,42,residual_generic,130,post_optimizer_step,2.0518929958343506,1.7397059202194214
ele-fashion,42,residual_generic,131,post_optimizer_step,2.062286138534546,1.7461016178131104
ele-fashion,42,residual_generic,132,post_optimizer_step,2.070385694503784,1.7525413036346436
ele-fashion,42,residual_generic,133,post_optimizer_step,2.0805273056030273,1.7613087892532349
ele-fashion,42,residual_generic,134,post_optimizer_step,2.0901002883911133,1.7691991329193115
ele-fashion,42,residual_generic,135,post_optimizer_step,2.1009812355041504,1.7768809795379639
ele-fashion,42,residual_generic,136,post_optimizer_step,2.110138177871704,1.7827361822128296
ele-fashion,42,residual_generic,137,post_optimizer_step,2.1209681034088135,1.7934589385986328
ele-fashion,42,residual_generic,138,post_optimizer_step,2.13309383392334,1.7979180812835693
ele-fashion,42,residual_generic,139,post_optimizer_step,2.138247489929199,1.8005260229110718
ele-fashion,42,residual_generic,140,post_optimizer_step,2.1458590030670166,1.80983304977417
ele-fashion,42,residual_generic,141,post_optimizer_step,2.155311346054077,1.8179595470428467
ele-fashion,42,residual_generic,142,post_optimizer_step,2.160506010055542,1.820472240447998
ele-fashion,42,residual_generic,143,post_optimizer_step,2.168919086456299,1.8226364850997925
ele-fashion,42,residual_generic,144,post_optimizer_step,2.1798691749572754,1.8288228511810303
ele-fashion,42,residual_generic,145,post_optimizer_step,2.1860969066619873,1.8334846496582031
ele-fashion,42,residual_generic,146,post_optimizer_step,2.1934750080108643,1.8344299793243408
ele-fashion,42,residual_generic,147,post_optimizer_step,2.205416679382324,1.8444461822509766
ele-fashion,42,residual_generic,148,post_optimizer_step,2.212345838546753,1.8515026569366455
ele-fashion,42,residual_generic,149,post_optimizer_step,2.2199857234954834,1.8591457605361938
ele-fashion,42,residual_generic,150,post_optimizer_step,2.2289483547210693,1.8683358430862427
ele-fashion,42,residual_generic,151,post_optimizer_step,2.235752820968628,1.8753674030303955
ele-fashion,42,residual_generic,152,post_optimizer_step,2.2447500228881836,1.8845109939575195
ele-fashion,42,residual_generic,153,post_optimizer_step,2.25241756439209,1.889892339706421
ele-fashion,42,residual_generic,154,post_optimizer_step,2.2571256160736084,1.8911769390106201
ele-fashion,42,residual_generic,155,post_optimizer_step,2.2642011642456055,1.9017688035964966
ele-fashion,42,residual_generic,156,post_optimizer_step,2.2734556198120117,1.9121593236923218
ele-fashion,42,residual_generic,157,post_optimizer_step,2.2796313762664795,1.9146676063537598
ele-fashion,42,residual_generic,158,post_optimizer_step,2.287874460220337,1.922888159751892
ele-fashion,42,residual_generic,159,post_optimizer_step,2.296358346939087,1.931847333908081
ele-fashion,42,residual_generic,160,post_optimizer_step,2.30220103263855,1.9362590312957764
ele-fashion,42,residual_generic,161,post_optimizer_step,2.308098077774048,1.943522334098816
ele-fashion,42,residual_generic,162,post_optimizer_step,2.3157553672790527,1.948729157447815
ele-fashion,42,residual_generic,163,post_optimizer_step,2.3237993717193604,1.955822229385376
ele-fashion,42,residual_generic,164,post_optimizer_step,2.3311638832092285,1.9637458324432373
ele-fashion,42,residual_generic,165,post_optimizer_step,2.3395485877990723,1.9680378437042236
ele-fashion,42,residual_generic,166,post_optimizer_step,2.346766471862793,1.9724704027175903
ele-fashion,42,residual_generic,167,post_optimizer_step,2.353708267211914,1.9813202619552612
ele-fashion,42,residual_generic,168,post_optimizer_step,2.36004900932312,1.987690806388855
ele-fashion,42,residual_generic,169,post_optimizer_step,2.3669443130493164,1.9888036251068115
ele-fashion,42,residual_generic,170,post_optimizer_step,2.3766932487487793,1.9962151050567627
ele-fashion,42,residual_generic,140,best_checkpoint,2.1458590030670166,1.80983304977417
ele-fashion,42,residual_protected,0,initial,0.0,0.0
ele-fashion,42,residual_protected,1,post_optimizer_step,0.12789449095726013,0.1278415322303772
ele-fashion,42,residual_protected,2,post_optimizer_step,0.1938541829586029,0.19518831372261047
ele-fashion,42,residual_protected,3,post_optimizer_step,0.2496485412120819,0.247779980301857
ele-fashion,42,residual_protected,4,post_optimizer_step,0.30006569623947144,0.29440414905548096
ele-fashion,42,residual_protected,5,post_optimizer_step,0.3496440351009369,0.3388676345348358
ele-fashion,42,residual_protected,6,post_optimizer_step,0.3935336172580719,0.37808191776275635
ele-fashion,42,residual_protected,7,post_optimizer_step,0.43340519070625305,0.4125208854675293
ele-fashion,42,residual_protected,8,post_optimizer_step,0.46971213817596436,0.44541940093040466
ele-fashion,42,residual_protected,9,post_optimizer_step,0.5060410499572754,0.47808700799942017
ele-fashion,42,residual_protected,10,post_optimizer_step,0.5412441492080688,0.5091164112091064
ele-fashion,42,residual_protected,11,post_optimizer_step,0.5769167542457581,0.538589358329773
ele-fashion,42,residual_protected,12,post_optimizer_step,0.6132990717887878,0.5699158310890198
ele-fashion,42,residual_protected,13,post_optimizer_step,0.648114800453186,0.6037899255752563
ele-fashion,42,residual_protected,14,post_optimizer_step,0.6783809065818787,0.6342254877090454
ele-fashion,42,residual_protected,15,post_optimizer_step,0.7067853808403015,0.6609552502632141
ele-fashion,42,residual_protected,16,post_optimizer_step,0.7352123856544495,0.6863033771514893
ele-fashion,42,residual_protected,17,post_optimizer_step,0.7635360360145569,0.709916353225708
ele-fashion,42,residual_protected,18,post_optimizer_step,0.7911005616188049,0.7314929962158203
ele-fashion,42,residual_protected,19,post_optimizer_step,0.8171889185905457,0.7516095638275146
ele-fashion,42,residual_protected,20,post_optimizer_step,0.841081976890564,0.7700033783912659
ele-fashion,42,residual_protected,21,post_optimizer_step,0.8625354170799255,0.7866334915161133
ele-fashion,42,residual_protected,22,post_optimizer_step,0.882436215877533,0.8023146986961365
ele-fashion,42,residual_protected,23,post_optimizer_step,0.9016265869140625,0.8176710605621338
ele-fashion,42,residual_protected,24,post_optimizer_step,0.9208580851554871,0.833318293094635
ele-fashion,42,residual_protected,25,post_optimizer_step,0.9399333596229553,0.8493908047676086
ele-fashion,42,residual_protected,26,post_optimizer_step,0.9583225846290588,0.865430474281311
ele-fashion,42,residual_protected,27,post_optimizer_step,0.9754576086997986,0.8806332945823669
ele-fashion,42,residual_protected,28,post_optimizer_step,0.991264820098877,0.8943738341331482
ele-fashion,42,residual_protected,29,post_optimizer_step,1.0061120986938477,0.9069536924362183
ele-fashion,42,residual_protected,30,post_optimizer_step,1.0202300548553467,0.9191115498542786
ele-fashion,42,residual_protected,31,post_optimizer_step,1.033624291419983,0.9311099648475647
ele-fashion,42,residual_protected,32,post_optimizer_step,1.0462908744812012,0.9428089261054993
ele-fashion,42,residual_protected,33,post_optimizer_step,1.058327078819275,0.9539633393287659
ele-fashion,42,residual_protected,34,post_optimizer_step,1.069798231124878,0.9645135998725891
ele-fashion,42,residual_protected,35,post_optimizer_step,1.0807039737701416,0.9744390249252319
ele-fashion,42,residual_protected,36,post_optimizer_step,1.0910981893539429,0.9837791323661804
ele-fashion,42,residual_protected,37,post_optimizer_step,1.101112723350525,0.9927583932876587
ele-fashion,42,residual_protected,38,post_optimizer_step,1.1107531785964966,1.001663088798523
ele-fashion,42,residual_protected,39,post_optimizer_step,1.119866132736206,1.0106823444366455
ele-fashion,42,residual_protected,40,post_optimizer_step,1.1287527084350586,1.0201196670532227
ele-fashion,42,residual_protected,41,post_optimizer_step,1.1370400190353394,1.0299763679504395
ele-fashion,42,residual_protected,42,post_optimizer_step,1.1447815895080566,1.0399768352508545
ele-fashion,42,residual_protected,43,post_optimizer_step,1.152072548866272,1.0500891208648682
ele-fashion,42,residual_protected,44,post_optimizer_step,1.159435510635376,1.0603415966033936
ele-fashion,42,residual_protected,45,post_optimizer_step,1.1671416759490967,1.0709196329116821
ele-fashion,42,residual_protected,46,post_optimizer_step,1.1753504276275635,1.0813226699829102
ele-fashion,42,residual_protected,47,post_optimizer_step,1.1837811470031738,1.091659426689148
ele-fashion,42,residual_protected,48,post_optimizer_step,1.192311406135559,1.1021016836166382
ele-fashion,42,residual_protected,49,post_optimizer_step,1.2009085416793823,1.1123725175857544
ele-fashion,42,residual_protected,50,post_optimizer_step,1.2096606492996216,1.1228049993515015
ele-fashion,42,residual_protected,51,post_optimizer_step,1.2183904647827148,1.1331243515014648
ele-fashion,42,residual_protected,52,post_optimizer_step,1.2269883155822754,1.1437714099884033
ele-fashion,42,residual_protected,53,post_optimizer_step,1.2353132963180542,1.1541121006011963
ele-fashion,42,residual_protected,54,post_optimizer_step,1.2438786029815674,1.1644028425216675
ele-fashion,42,residual_protected,55,post_optimizer_step,1.2530001401901245,1.1752139329910278
ele-fashion,42,residual_protected,56,post_optimizer_step,1.2625515460968018,1.1861318349838257
ele-fashion,42,residual_protected,57,post_optimizer_step,1.271946668624878,1.1973621845245361
ele-fashion,42,residual_protected,58,post_optimizer_step,1.28126859664917,1.2090898752212524
ele-fashion,42,residual_protected,59,post_optimizer_step,1.2901546955108643,1.2214572429656982
ele-fashion,42,residual_protected,60,post_optimizer_step,1.2990154027938843,1.233346939086914
ele-fashion,42,residual_protected,61,post_optimizer_step,1.307711124420166,1.2456501722335815
ele-fashion,42,residual_protected,62,post_optimizer_step,1.3167150020599365,1.2583314180374146
ele-fashion,42,residual_protected,63,post_optimizer_step,1.325751543045044,1.270424246788025
ele-fashion,42,residual_protected,64,post_optimizer_step,1.3355528116226196,1.2813252210617065
ele-fashion,42,residual_protected,65,post_optimizer_step,1.3435322046279907,1.2889517545700073
ele-fashion,42,residual_protected,66,post_optimizer_step,1.3504983186721802,1.2952630519866943
ele-fashion,42,residual_protected,67,post_optimizer_step,1.3578267097473145,1.3020589351654053
ele-fashion,42,residual_protected,68,post_optimizer_step,1.365190863609314,1.3085205554962158
ele-fashion,42,residual_protected,69,post_optimizer_step,1.3713748455047607,1.3145227432250977
ele-fashion,42,residual_protected,70,post_optimizer_step,1.3788747787475586,1.3228238821029663
ele-fashion,42,residual_protected,71,post_optimizer_step,1.3866134881973267,1.3321070671081543
ele-fashion,42,residual_protected,72,post_optimizer_step,1.3941103219985962,1.342819333076477
ele-fashion,42,residual_protected,73,post_optimizer_step,1.4014582633972168,1.3547505140304565
ele-fashion,42,residual_protected,74,post_optimizer_step,1.4088821411132812,1.365093469619751
ele-fashion,42,residual_protected,75,post_optimizer_step,1.4172340631484985,1.3756380081176758
ele-fashion,42,residual_protected,76,post_optimizer_step,1.4257919788360596,1.3864588737487793
ele-fashion,42,residual_protected,77,post_optimizer_step,1.4317330121994019,1.3944735527038574
ele-fashion,42,residual_protected,78,post_optimizer_step,1.4388126134872437,1.4053750038146973
ele-fashion,42,residual_protected,79,post_optimizer_step,1.4472659826278687,1.4168270826339722
ele-fashion,42,residual_protected,80,post_optimizer_step,1.4544931650161743,1.424818515777588
ele-fashion,42,residual_protected,81,post_optimizer_step,1.4623279571533203,1.4349908828735352
ele-fashion,42,residual_protected,82,post_optimizer_step,1.471876621246338,1.4469287395477295
ele-fashion,42,residual_protected,83,post_optimizer_step,1.4814884662628174,1.457722544670105
ele-fashion,42,residual_protected,84,post_optimizer_step,1.490553617477417,1.4701224565505981
ele-fashion,42,residual_protected,85,post_optimizer_step,1.4992692470550537,1.4832428693771362
ele-fashion,42,residual_protected,86,post_optimizer_step,1.5081876516342163,1.4959172010421753
ele-fashion,42,residual_protected,87,post_optimizer_step,1.5170109272003174,1.5078293085098267
ele-fashion,42,residual_protected,88,post_optimizer_step,1.5250270366668701,1.5186556577682495
ele-fashion,42,residual_protected,89,post_optimizer_step,1.534355878829956,1.5312892198562622
ele-fashion,42,residual_protected,90,post_optimizer_step,1.543782353401184,1.541024923324585
ele-fashion,42,residual_protected,91,post_optimizer_step,1.5532361268997192,1.5499520301818848
ele-fashion,42,residual_protected,92,post_optimizer_step,1.5635963678359985,1.5625863075256348
ele-fashion,42,residual_protected,93,post_optimizer_step,1.572060465812683,1.5721012353897095
ele-fashion,42,residual_protected,94,post_optimizer_step,1.58249032497406,1.5843418836593628
ele-fashion,42,residual_protected,95,post_optimizer_step,1.5892659425735474,1.5924588441848755
ele-fashion,42,residual_protected,96,post_optimizer_step,1.5981390476226807,1.6036096811294556
ele-fashion,42,residual_protected,97,post_optimizer_step,1.6061344146728516,1.6135884523391724
ele-fashion,42,residual_protected,98,post_optimizer_step,1.615045428276062,1.6232264041900635
ele-fashion,42,residual_protected,99,post_optimizer_step,1.6229960918426514,1.630542278289795
ele-fashion,42,residual_protected,100,post_optimizer_step,1.631355881690979,1.6372647285461426
ele-fashion,42,residual_protected,101,post_optimizer_step,1.6381880044937134,1.642318606376648
ele-fashion,42,residual_protected,102,post_optimizer_step,1.6468695402145386,1.6520719528198242
ele-fashion,42,residual_protected,103,post_optimizer_step,1.6555005311965942,1.662680983543396
ele-fashion,42,residual_protected,104,post_optimizer_step,1.6650065183639526,1.6729917526245117
ele-fashion,42,residual_protected,105,post_optimizer_step,1.6726728677749634,1.6840275526046753
ele-fashion,42,residual_protected,106,post_optimizer_step,1.678792119026184,1.6920510530471802
ele-fashion,42,residual_protected,107,post_optimizer_step,1.6863890886306763,1.7028417587280273
ele-fashion,42,residual_protected,108,post_optimizer_step,1.6938806772232056,1.7159640789031982
ele-fashion,42,residual_protected,109,post_optimizer_step,1.6986464262008667,1.7243732213974
ele-fashion,42,residual_protected,110,post_optimizer_step,1.7044681310653687,1.7343822717666626
ele-fashion,42,residual_protected,111,post_optimizer_step,1.713465929031372,1.746483564376831
ele-fashion,42,residual_protected,112,post_optimizer_step,1.7179865837097168,1.7514843940734863
ele-fashion,42,residual_protected,113,post_optimizer_step,1.7247142791748047,1.756347894668579
ele-fashion,42,residual_protected,114,post_optimizer_step,1.7338889837265015,1.7661173343658447
ele-fashion,42,residual_protected,115,post_optimizer_step,1.7391016483306885,1.773721694946289
ele-fashion,42,residual_protected,116,post_optimizer_step,1.7450345754623413,1.7836166620254517
ele-fashion,42,residual_protected,117,post_optimizer_step,1.752925992012024,1.7953535318374634
ele-fashion,42,residual_protected,118,post_optimizer_step,1.7556777000427246,1.8000390529632568
ele-fashion,42,residual_protected,119,post_optimizer_step,1.7601652145385742,1.804359793663025
ele-fashion,42,residual_protected,120,post_optimizer_step,1.7671854496002197,1.8100494146347046
ele-fashion,42,residual_protected,121,post_optimizer_step,1.7764445543289185,1.8182289600372314
ele-fashion,42,residual_protected,122,post_optimizer_step,1.7836049795150757,1.8248190879821777
ele-fashion,42,residual_protected,123,post_optimizer_step,1.791497826576233,1.8342758417129517
ele-fashion,42,residual_protected,124,post_optimizer_step,1.8013513088226318,1.8432596921920776
ele-fashion,42,residual_protected,125,post_optimizer_step,1.8117350339889526,1.848821759223938
ele-fashion,42,residual_protected,126,post_optimizer_step,1.8160266876220703,1.8499871492385864
ele-fashion,42,residual_protected,127,post_optimizer_step,1.8201152086257935,1.8564122915267944
ele-fashion,42,residual_protected,128,post_optimizer_step,1.824075698852539,1.8638362884521484
ele-fashion,42,residual_protected,129,post_optimizer_step,1.8299723863601685,1.871118187904358
ele-fashion,42,residual_protected,130,post_optimizer_step,1.8352574110031128,1.8784412145614624
ele-fashion,42,residual_protected,131,post_optimizer_step,1.8377832174301147,1.8834882974624634
ele-fashion,42,residual_protected,132,post_optimizer_step,1.843145728111267,1.8905056715011597
ele-fashion,42,residual_protected,133,post_optimizer_step,1.8504726886749268,1.8976190090179443
ele-fashion,42,residual_protected,134,post_optimizer_step,1.8562380075454712,1.9029247760772705
ele-fashion,42,residual_protected,135,post_optimizer_step,1.859687328338623,1.9114415645599365
ele-fashion,42,residual_protected,136,post_optimizer_step,1.8640388250350952,1.9182897806167603
ele-fashion,42,residual_protected,137,post_optimizer_step,1.8712314367294312,1.9252970218658447
ele-fashion,42,residual_protected,138,post_optimizer_step,1.8793758153915405,1.9314714670181274
ele-fashion,42,residual_protected,139,post_optimizer_step,1.8881169557571411,1.9366440773010254
ele-fashion,42,residual_protected,140,post_optimizer_step,1.8969191312789917,1.941564917564392
ele-fashion,42,residual_protected,141,post_optimizer_step,1.9051976203918457,1.946386456489563
ele-fashion,42,residual_protected,142,post_optimizer_step,1.9115409851074219,1.9524331092834473
ele-fashion,42,residual_protected,112,best_checkpoint,1.7179865837097168,1.7514843940734863
ele-fashion,42,smooth_base,0,initial,0.0,0.0
ele-fashion,42,smooth_base,1,post_optimizer_step,0.0,0.0
ele-fashion,42,smooth_base,2,post_optimizer_step,0.0,0.0
ele-fashion,42,smooth_base,3,post_optimizer_step,0.0,0.0
ele-fashion,42,smooth_base,4,post_optimizer_step,0.0,0.0
ele-fashion,42,smooth_base,5,post_optimizer_step,0.0,0.0
ele-fashion,42,smooth_base,6,post_optimizer_step,0.0,0.0
ele-fashion,42,smooth_base,7,post_optimizer_step,0.0,0.0
ele-fashion,42,smooth_base,8,post_optimizer_step,0.0,0.0
ele-fashion,42,smooth_base,9,post_optimizer_step,0.0,0.0
ele-fashion,42,smooth_base,10,post_optimizer_step,0.0,0.0
ele-fashion,42,smooth_base,11,post_optimizer_step,0.0,0.0
ele-fashion,42,smooth_base,12,post_optimizer_step,0.0,0.0
ele-fashion,42,smooth_base,13,post_optimizer_step,0.0,0.0
ele-fashion,42,smooth_base,14,post_optimizer_step,0.0,0.0
ele-fashion,42,smooth_base,15,post_optimizer_step,0.0,0.0
ele-fashion,42,smooth_base,16,post_optimizer_step,0.0,0.0
ele-fashion,42,smooth_base,17,post_optimizer_step,0.0,0.0
ele-fashion,42,smooth_base,18,post_optimizer_step,0.0,0.0
ele-fashion,42,smooth_base,19,post_optimizer_step,0.0,0.0
ele-fashion,42,smooth_base,20,post_optimizer_step,0.0,0.0
ele-fashion,42,smooth_base,21,post_optimizer_step,0.0,0.0
ele-fashion,42,smooth_base,22,post_optimizer_step,0.0,0.0
ele-fashion,42,smooth_base,23,post_optimizer_step,0.0,0.0
ele-fashion,42,smooth_base,24,post_optimizer_step,0.0,0.0
ele-fashion,42,smooth_base,25,post_optimizer_step,0.0,0.0
ele-fashion,42,smooth_base,26,post_optimizer_step,0.0,0.0
ele-fashion,42,smooth_base,27,post_optimizer_step,0.0,0.0
ele-fashion,42,smooth_base,28,post_optimizer_step,0.0,0.0
ele-fashion,42,smooth_base,29,post_optimizer_step,0.0,0.0
ele-fashion,42,smooth_base,30,post_optimizer_step,0.0,0.0
ele-fashion,42,smooth_base,31,post_optimizer_step,0.0,0.0
ele-fashion,42,smooth_base,32,post_optimizer_step,0.0,0.0
ele-fashion,42,smooth_base,33,post_optimizer_step,0.0,0.0
ele-fashion,42,smooth_base,34,post_optimizer_step,0.0,0.0
ele-fashion,42,smooth_base,35,post_optimizer_step,0.0,0.0
ele-fashion,42,smooth_base,36,post_optimizer_step,0.0,0.0
ele-fashion,42,smooth_base,37,post_optimizer_step,0.0,0.0
ele-fashion,42,smooth_base,38,post_optimizer_step,0.0,0.0
ele-fashion,42,smooth_base,39,post_optimizer_step,0.0,0.0
ele-fashion,42,smooth_base,40,post_optimizer_step,0.0,0.0
ele-fashion,42,smooth_base,41,post_optimizer_step,0.0,0.0
ele-fashion,42,smooth_base,42,post_optimizer_step,0.0,0.0
ele-fashion,42,smooth_base,43,post_optimizer_step,0.0,0.0
ele-fashion,42,smooth_base,44,post_optimizer_step,0.0,0.0
ele-fashion,42,smooth_base,45,post_optimizer_step,0.0,0.0
ele-fashion,42,smooth_base,46,post_optimizer_step,0.0,0.0
ele-fashion,42,smooth_base,47,post_optimizer_step,0.0,0.0
ele-fashion,42,smooth_base,48,post_optimizer_step,0.0,0.0
ele-fashion,42,smooth_base,49,post_optimizer_step,0.0,0.0
ele-fashion,42,smooth_base,50,post_optimizer_step,0.0,0.0
ele-fashion,42,smooth_base,51,post_optimizer_step,0.0,0.0
ele-fashion,42,smooth_base,52,post_optimizer_step,0.0,0.0
ele-fashion,42,smooth_base,53,post_optimizer_step,0.0,0.0
ele-fashion,42,smooth_base,54,post_optimizer_step,0.0,0.0
ele-fashion,42,smooth_base,55,post_optimizer_step,0.0,0.0
ele-fashion,42,smooth_base,56,post_optimizer_step,0.0,0.0
ele-fashion,42,smooth_base,57,post_optimizer_step,0.0,0.0
ele-fashion,42,smooth_base,58,post_optimizer_step,0.0,0.0
ele-fashion,42,smooth_base,59,post_optimizer_step,0.0,0.0
ele-fashion,42,smooth_base,60,post_optimizer_step,0.0,0.0
ele-fashion,42,smooth_base,61,post_optimizer_step,0.0,0.0
ele-fashion,42,smooth_base,62,post_optimizer_step,0.0,0.0
ele-fashion,42,smooth_base,63,post_optimizer_step,0.0,0.0
ele-fashion,42,smooth_base,64,post_optimizer_step,0.0,0.0
ele-fashion,42,smooth_base,65,post_optimizer_step,0.0,0.0
ele-fashion,42,smooth_base,66,post_optimizer_step,0.0,0.0
ele-fashion,42,smooth_base,67,post_optimizer_step,0.0,0.0
ele-fashion,42,smooth_base,68,post_optimizer_step,0.0,0.0
ele-fashion,42,smooth_base,69,post_optimizer_step,0.0,0.0
ele-fashion,42,smooth_base,70,post_optimizer_step,0.0,0.0
ele-fashion,42,smooth_base,71,post_optimizer_step,0.0,0.0
ele-fashion,42,smooth_base,72,post_optimizer_step,0.0,0.0
ele-fashion,42,smooth_base,73,post_optimizer_step,0.0,0.0
ele-fashion,42,smooth_base,74,post_optimizer_step,0.0,0.0
ele-fashion,42,smooth_base,75,post_optimizer_step,0.0,0.0
ele-fashion,42,smooth_base,76,post_optimizer_step,0.0,0.0
ele-fashion,42,smooth_base,77,post_optimizer_step,0.0,0.0
ele-fashion,42,smooth_base,78,post_optimizer_step,0.0,0.0
ele-fashion,42,smooth_base,79,post_optimizer_step,0.0,0.0
ele-fashion,42,smooth_base,80,post_optimizer_step,0.0,0.0
ele-fashion,42,smooth_base,81,post_optimizer_step,0.0,0.0
ele-fashion,42,smooth_base,82,post_optimizer_step,0.0,0.0
ele-fashion,42,smooth_base,83,post_optimizer_step,0.0,0.0
ele-fashion,42,smooth_base,84,post_optimizer_step,0.0,0.0
ele-fashion,42,smooth_base,85,post_optimizer_step,0.0,0.0
ele-fashion,42,smooth_base,86,post_optimizer_step,0.0,0.0
ele-fashion,42,smooth_base,87,post_optimizer_step,0.0,0.0
ele-fashion,42,smooth_base,88,post_optimizer_step,0.0,0.0
ele-fashion,42,smooth_base,89,post_optimizer_step,0.0,0.0
ele-fashion,42,smooth_base,90,post_optimizer_step,0.0,0.0
ele-fashion,42,smooth_base,91,post_optimizer_step,0.0,0.0
ele-fashion,42,smooth_base,92,post_optimizer_step,0.0,0.0
ele-fashion,42,smooth_base,93,post_optimizer_step,0.0,0.0
ele-fashion,42,smooth_base,94,post_optimizer_step,0.0,0.0
ele-fashion,42,smooth_base,95,post_optimizer_step,0.0,0.0
ele-fashion,42,smooth_base,96,post_optimizer_step,0.0,0.0
ele-fashion,42,smooth_base,97,post_optimizer_step,0.0,0.0
ele-fashion,42,smooth_base,98,post_optimizer_step,0.0,0.0
ele-fashion,42,smooth_base,99,post_optimizer_step,0.0,0.0
ele-fashion,42,smooth_base,100,post_optimizer_step,0.0,0.0
ele-fashion,42,smooth_base,101,post_optimizer_step,0.0,0.0
ele-fashion,42,smooth_base,102,post_optimizer_step,0.0,0.0
ele-fashion,42,smooth_base,103,post_optimizer_step,0.0,0.0
ele-fashion,42,smooth_base,104,post_optimizer_step,0.0,0.0
ele-fashion,42,smooth_base,105,post_optimizer_step,0.0,0.0
ele-fashion,42,smooth_base,106,post_optimizer_step,0.0,0.0
ele-fashion,42,smooth_base,107,post_optimizer_step,0.0,0.0
ele-fashion,42,smooth_base,108,post_optimizer_step,0.0,0.0
ele-fashion,42,smooth_base,109,post_optimizer_step,0.0,0.0
ele-fashion,42,smooth_base,110,post_optimizer_step,0.0,0.0
ele-fashion,42,smooth_base,111,post_optimizer_step,0.0,0.0
ele-fashion,42,smooth_base,112,post_optimizer_step,0.0,0.0
ele-fashion,42,smooth_base,113,post_optimizer_step,0.0,0.0
ele-fashion,42,smooth_base,114,post_optimizer_step,0.0,0.0
ele-fashion,42,smooth_base,115,post_optimizer_step,0.0,0.0
ele-fashion,42,smooth_base,116,post_optimizer_step,0.0,0.0
ele-fashion,42,smooth_base,117,post_optimizer_step,0.0,0.0
ele-fashion,42,smooth_base,118,post_optimizer_step,0.0,0.0
ele-fashion,42,smooth_base,119,post_optimizer_step,0.0,0.0
ele-fashion,42,smooth_base,120,post_optimizer_step,0.0,0.0
ele-fashion,42,smooth_base,121,post_optimizer_step,0.0,0.0
ele-fashion,42,smooth_base,122,post_optimizer_step,0.0,0.0
ele-fashion,42,smooth_base,123,post_optimizer_step,0.0,0.0
ele-fashion,42,smooth_base,124,post_optimizer_step,0.0,0.0
ele-fashion,42,smooth_base,125,post_optimizer_step,0.0,0.0
ele-fashion,42,smooth_base,126,post_optimizer_step,0.0,0.0
ele-fashion,42,smooth_base,127,post_optimizer_step,0.0,0.0
ele-fashion,42,smooth_base,128,post_optimizer_step,0.0,0.0
ele-fashion,42,smooth_base,129,post_optimizer_step,0.0,0.0
ele-fashion,42,smooth_base,130,post_optimizer_step,0.0,0.0
ele-fashion,42,smooth_base,131,post_optimizer_step,0.0,0.0
ele-fashion,42,smooth_base,132,post_optimizer_step,0.0,0.0
ele-fashion,42,smooth_base,133,post_optimizer_step,0.0,0.0
ele-fashion,42,smooth_base,134,post_optimizer_step,0.0,0.0
ele-fashion,42,smooth_base,135,post_optimizer_step,0.0,0.0
ele-fashion,42,smooth_base,136,post_optimizer_step,0.0,0.0
ele-fashion,42,smooth_base,137,post_optimizer_step,0.0,0.0
ele-fashion,42,smooth_base,138,post_optimizer_step,0.0,0.0
ele-fashion,42,smooth_base,139,post_optimizer_step,0.0,0.0
ele-fashion,42,smooth_base,140,post_optimizer_step,0.0,0.0
ele-fashion,42,smooth_base,141,post_optimizer_step,0.0,0.0
ele-fashion,42,smooth_base,142,post_optimizer_step,0.0,0.0
ele-fashion,42,smooth_base,143,post_optimizer_step,0.0,0.0
ele-fashion,42,smooth_base,144,post_optimizer_step,0.0,0.0
ele-fashion,42,smooth_base,145,post_optimizer_step,0.0,0.0
ele-fashion,42,smooth_base,146,post_optimizer_step,0.0,0.0
ele-fashion,42,smooth_base,147,post_optimizer_step,0.0,0.0
ele-fashion,42,smooth_base,148,post_optimizer_step,0.0,0.0
ele-fashion,42,smooth_base,149,post_optimizer_step,0.0,0.0
ele-fashion,42,smooth_base,150,post_optimizer_step,0.0,0.0
ele-fashion,42,smooth_base,151,post_optimizer_step,0.0,0.0
ele-fashion,42,smooth_base,152,post_optimizer_step,0.0,0.0
ele-fashion,42,smooth_base,153,post_optimizer_step,0.0,0.0
ele-fashion,42,smooth_base,154,post_optimizer_step,0.0,0.0
ele-fashion,42,smooth_base,155,post_optimizer_step,0.0,0.0
ele-fashion,42,smooth_base,156,post_optimizer_step,0.0,0.0
ele-fashion,42,smooth_base,157,post_optimizer_step,0.0,0.0
ele-fashion,42,smooth_base,158,post_optimizer_step,0.0,0.0
ele-fashion,42,smooth_base,159,post_optimizer_step,0.0,0.0
ele-fashion,42,smooth_base,160,post_optimizer_step,0.0,0.0
ele-fashion,42,smooth_base,161,post_optimizer_step,0.0,0.0
ele-fashion,42,smooth_base,162,post_optimizer_step,0.0,0.0
ele-fashion,42,smooth_base,163,post_optimizer_step,0.0,0.0
ele-fashion,42,smooth_base,164,post_optimizer_step,0.0,0.0
ele-fashion,42,smooth_base,165,post_optimizer_step,0.0,0.0
ele-fashion,42,smooth_base,166,post_optimizer_step,0.0,0.0
ele-fashion,42,smooth_base,167,post_optimizer_step,0.0,0.0
ele-fashion,42,smooth_base,168,post_optimizer_step,0.0,0.0
ele-fashion,42,smooth_base,169,post_optimizer_step,0.0,0.0
ele-fashion,42,smooth_base,170,post_optimizer_step,0.0,0.0
ele-fashion,42,smooth_base,171,post_optimizer_step,0.0,0.0
ele-fashion,42,smooth_base,172,post_optimizer_step,0.0,0.0
ele-fashion,42,smooth_base,173,post_optimizer_step,0.0,0.0
ele-fashion,42,smooth_base,174,post_optimizer_step,0.0,0.0
ele-fashion,42,smooth_base,175,post_optimizer_step,0.0,0.0
ele-fashion,42,smooth_base,176,post_optimizer_step,0.0,0.0
ele-fashion,42,smooth_base,177,post_optimizer_step,0.0,0.0
ele-fashion,42,smooth_base,178,post_optimizer_step,0.0,0.0
ele-fashion,42,smooth_base,179,post_optimizer_step,0.0,0.0
ele-fashion,42,smooth_base,180,post_optimizer_step,0.0,0.0
ele-fashion,42,smooth_base,181,post_optimizer_step,0.0,0.0
ele-fashion,42,smooth_base,182,post_optimizer_step,0.0,0.0
ele-fashion,42,smooth_base,183,post_optimizer_step,0.0,0.0
ele-fashion,42,smooth_base,184,post_optimizer_step,0.0,0.0
ele-fashion,42,smooth_base,185,post_optimizer_step,0.0,0.0
ele-fashion,42,smooth_base,186,post_optimizer_step,0.0,0.0
ele-fashion,42,smooth_base,187,post_optimizer_step,0.0,0.0
ele-fashion,42,smooth_base,188,post_optimizer_step,0.0,0.0
ele-fashion,42,smooth_base,189,post_optimizer_step,0.0,0.0
ele-fashion,42,smooth_base,190,post_optimizer_step,0.0,0.0
ele-fashion,42,smooth_base,191,post_optimizer_step,0.0,0.0
ele-fashion,42,smooth_base,192,post_optimizer_step,0.0,0.0
ele-fashion,42,smooth_base,193,post_optimizer_step,0.0,0.0
ele-fashion,42,smooth_base,194,post_optimizer_step,0.0,0.0
ele-fashion,42,smooth_base,195,post_optimizer_step,0.0,0.0
ele-fashion,42,smooth_base,196,post_optimizer_step,0.0,0.0
ele-fashion,42,smooth_base,166,best_checkpoint,0.0,0.0
ele-fashion,43,residual_generic,0,initial,0.0,0.0
ele-fashion,43,residual_generic,1,post_optimizer_step,0.12789273262023926,0.12781931459903717
ele-fashion,43,residual_generic,2,post_optimizer_step,0.19653241336345673,0.18538303673267365
ele-fashion,43,residual_generic,3,post_optimizer_step,0.24830275774002075,0.23365053534507751
ele-fashion,43,residual_generic,4,post_optimizer_step,0.29797467589378357,0.28331393003463745
ele-fashion,43,residual_generic,5,post_optimizer_step,0.3444386124610901,0.3249037563800812
ele-fashion,43,residual_generic,6,post_optimizer_step,0.3865428566932678,0.3585282564163208
ele-fashion,43,residual_generic,7,post_optimizer_step,0.4277538061141968,0.3908945918083191
ele-fashion,43,residual_generic,8,post_optimizer_step,0.4671124219894409,0.4256611168384552
ele-fashion,43,residual_generic,9,post_optimizer_step,0.5049542188644409,0.4620887339115143
ele-fashion,43,residual_generic,10,post_optimizer_step,0.5415152311325073,0.4991925060749054
ele-fashion,43,residual_generic,11,post_optimizer_step,0.5754932165145874,0.5366483926773071
ele-fashion,43,residual_generic,12,post_optimizer_step,0.6056092977523804,0.5717195868492126
ele-fashion,43,residual_generic,13,post_optimizer_step,0.6338885426521301,0.6032597422599792
ele-fashion,43,residual_generic,14,post_optimizer_step,0.6617509722709656,0.6313201189041138
ele-fashion,43,residual_generic,15,post_optimizer_step,0.6879237294197083,0.656691312789917
ele-fashion,43,residual_generic,16,post_optimizer_step,0.712660551071167,0.6800265312194824
ele-fashion,43,residual_generic,17,post_optimizer_step,0.7373523712158203,0.7027038931846619
ele-fashion,43,residual_generic,18,post_optimizer_step,0.7613465785980225,0.7249534726142883
ele-fashion,43,residual_generic,19,post_optimizer_step,0.7837843298912048,0.7467761635780334
ele-fashion,43,residual_generic,20,post_optimizer_step,0.8048151731491089,0.7680413126945496
ele-fashion,43,residual_generic,21,post_optimizer_step,0.8246291875839233,0.7885658144950867
ele-fashion,43,residual_generic,22,post_optimizer_step,0.84315425157547,0.8081485629081726
ele-fashion,43,residual_generic,23,post_optimizer_step,0.8606993556022644,0.826979398727417
ele-fashion,43,residual_generic,24,post_optimizer_step,0.877837598323822,0.8453927636146545
ele-fashion,43,residual_generic,25,post_optimizer_step,0.894721508026123,0.8633367419242859
ele-fashion,43,residual_generic,26,post_optimizer_step,0.9113312363624573,0.8805567622184753
ele-fashion,43,residual_generic,27,post_optimizer_step,0.9272273182868958,0.896963894367218
ele-fashion,43,residual_generic,28,post_optimizer_step,0.9422476887702942,0.9125636219978333
ele-fashion,43,residual_generic,29,post_optimizer_step,0.9565941691398621,0.926860511302948
ele-fashion,43,residual_generic,30,post_optimizer_step,0.9705824851989746,0.940083384513855
ele-fashion,43,residual_generic,31,post_optimizer_step,0.9844014048576355,0.9525656700134277
ele-fashion,43,residual_generic,32,post_optimizer_step,0.9979172945022583,0.9647534489631653
ele-fashion,43,residual_generic,33,post_optimizer_step,1.011031985282898,0.9763591885566711
ele-fashion,43,residual_generic,34,post_optimizer_step,1.0233672857284546,0.9871690273284912
ele-fashion,43,residual_generic,35,post_optimizer_step,1.0350569486618042,0.9977378249168396
ele-fashion,43,residual_generic,36,post_optimizer_step,1.0463457107543945,1.0087705850601196
ele-fashion,43,residual_generic,37,post_optimizer_step,1.0569859743118286,1.020222544670105
ele-fashion,43,residual_generic,38,post_optimizer_step,1.0668519735336304,1.0314562320709229
ele-fashion,43,residual_generic,39,post_optimizer_step,1.0757819414138794,1.0421041250228882
ele-fashion,43,residual_generic,40,post_optimizer_step,1.0842536687850952,1.0520843267440796
ele-fashion,43,residual_generic,41,post_optimizer_step,1.0927143096923828,1.062192678451538
ele-fashion,43,residual_generic,42,post_optimizer_step,1.1013498306274414,1.0730230808258057
ele-fashion,43,residual_generic,43,post_optimizer_step,1.1101559400558472,1.0838143825531006
ele-fashion,43,residual_generic,44,post_optimizer_step,1.1184582710266113,1.0936959981918335
ele-fashion,43,residual_generic,45,post_optimizer_step,1.1264458894729614,1.1024322509765625
ele-fashion,43,residual_generic,46,post_optimizer_step,1.1347488164901733,1.1106069087982178
ele-fashion,43,residual_generic,47,post_optimizer_step,1.1431080102920532,1.1188387870788574
ele-fashion,43,residual_generic,48,post_optimizer_step,1.151639699935913,1.1268055438995361
ele-fashion,43,residual_generic,49,post_optimizer_step,1.1601812839508057,1.134879231452942
ele-fashion,43,residual_generic,50,post_optimizer_step,1.1675653457641602,1.1426125764846802
ele-fashion,43,residual_generic,51,post_optimizer_step,1.174659013748169,1.1509195566177368
ele-fashion,43,residual_generic,52,post_optimizer_step,1.181915521621704,1.15908944606781
ele-fashion,43,residual_generic,53,post_optimizer_step,1.1887238025665283,1.167650580406189
ele-fashion,43,residual_generic,54,post_optimizer_step,1.1962145566940308,1.1753034591674805
ele-fashion,43,residual_generic,55,post_optimizer_step,1.2010172605514526,1.1822224855422974
ele-fashion,43,residual_generic,56,post_optimizer_step,1.207142949104309,1.1895015239715576
ele-fashion,43,residual_generic,57,post_optimizer_step,1.2133169174194336,1.196408987045288
ele-fashion,43,residual_generic,58,post_optimizer_step,1.2194066047668457,1.2036341428756714
ele-fashion,43,residual_generic,59,post_optimizer_step,1.2269355058670044,1.2126590013504028
ele-fashion,43,residual_generic,60,post_optimizer_step,1.2335314750671387,1.2215731143951416
ele-fashion,43,residual_generic,61,post_optimizer_step,1.2412140369415283,1.2304372787475586
ele-fashion,43,residual_generic,62,post_optimizer_step,1.2494003772735596,1.2399464845657349
ele-fashion,43,residual_generic,63,post_optimizer_step,1.2572109699249268,1.24937903881073
ele-fashion,43,residual_generic,64,post_optimizer_step,1.2661004066467285,1.2565045356750488
ele-fashion,43,residual_generic,65,post_optimizer_step,1.2726153135299683,1.2624528408050537
ele-fashion,43,residual_generic,66,post_optimizer_step,1.2822264432907104,1.2671631574630737
ele-fashion,43,residual_generic,67,post_optimizer_step,1.2893857955932617,1.2665916681289673
ele-fashion,43,residual_generic,68,post_optimizer_step,1.2963995933532715,1.2715712785720825
ele-fashion,43,residual_generic,69,post_optimizer_step,1.305759072303772,1.2786011695861816
ele-fashion,43,residual_generic,70,post_optimizer_step,1.3136430978775024,1.2836021184921265
ele-fashion,43,residual_generic,71,post_optimizer_step,1.3204565048217773,1.2900058031082153
ele-fashion,43,residual_generic,72,post_optimizer_step,1.3271499872207642,1.3021451234817505
ele-fashion,43,residual_generic,73,post_optimizer_step,1.335856556892395,1.3144145011901855
ele-fashion,43,residual_generic,74,post_optimizer_step,1.3436802625656128,1.324336051940918
ele-fashion,43,residual_generic,75,post_optimizer_step,1.3508789539337158,1.3369179964065552
ele-fashion,43,residual_generic,76,post_optimizer_step,1.3591489791870117,1.3506438732147217
ele-fashion,43,residual_generic,77,post_optimizer_step,1.368617296218872,1.3594956398010254
ele-fashion,43,residual_generic,78,post_optimizer_step,1.378682255744934,1.3665852546691895
ele-fashion,43,residual_generic,79,post_optimizer_step,1.3882650136947632,1.3771839141845703
ele-fashion,43,residual_generic,80,post_optimizer_step,1.3975034952163696,1.3870460987091064
ele-fashion,43,residual_generic,81,post_optimizer_step,1.4083681106567383,1.393498182296753
ele-fashion,43,residual_generic,82,post_optimizer_step,1.4198030233383179,1.4005157947540283
ele-fashion,43,residual_generic,83,post_optimizer_step,1.428544282913208,1.4105830192565918
ele-fashion,43,residual_generic,84,post_optimizer_step,1.439184546470642,1.4200153350830078
ele-fashion,43,residual_generic,85,post_optimizer_step,1.452205777168274,1.4260456562042236
ele-fashion,43,residual_generic,86,post_optimizer_step,1.461108684539795,1.431788444519043
ele-fashion,43,residual_generic,87,post_optimizer_step,1.4723937511444092,1.4420185089111328
ele-fashion,43,residual_generic,88,post_optimizer_step,1.482935905456543,1.4503231048583984
ele-fashion,43,residual_generic,89,post_optimizer_step,1.4938952922821045,1.4577443599700928
ele-fashion,43,residual_generic,90,post_optimizer_step,1.5043511390686035,1.4687272310256958
ele-fashion,43,residual_generic,91,post_optimizer_step,1.5133776664733887,1.477181077003479
ele-fashion,43,residual_generic,92,post_optimizer_step,1.5261569023132324,1.485264778137207
ele-fashion,43,residual_generic,93,post_optimizer_step,1.5344182252883911,1.4926719665527344
ele-fashion,43,residual_generic,94,post_optimizer_step,1.5466300249099731,1.4981375932693481
ele-fashion,43,residual_generic,95,post_optimizer_step,1.5573641061782837,1.501671314239502
ele-fashion,43,residual_generic,96,post_optimizer_step,1.569000244140625,1.5087515115737915
ele-fashion,43,residual_generic,97,post_optimizer_step,1.5817278623580933,1.517500400543213
ele-fashion,43,residual_generic,98,post_optimizer_step,1.5910648107528687,1.5234729051589966
ele-fashion,43,residual_generic,99,post_optimizer_step,1.6029049158096313,1.5305291414260864
ele-fashion,43,residual_generic,100,post_optimizer_step,1.6119765043258667,1.538447380065918
ele-fashion,43,residual_generic,101,post_optimizer_step,1.6235677003860474,1.546420693397522
ele-fashion,43,residual_generic,102,post_optimizer_step,1.6346633434295654,1.556361198425293
ele-fashion,43,residual_generic,103,post_optimizer_step,1.6441606283187866,1.563556432723999
ele-fashion,43,residual_generic,104,post_optimizer_step,1.6567542552947998,1.5711915493011475
ele-fashion,43,residual_generic,105,post_optimizer_step,1.665635108947754,1.5772815942764282
ele-fashion,43,residual_generic,106,post_optimizer_step,1.6785887479782104,1.583308458328247
ele-fashion,43,residual_generic,107,post_optimizer_step,1.685208797454834,1.5901232957839966
ele-fashion,43,residual_generic,108,post_optimizer_step,1.6952195167541504,1.597831130027771
ele-fashion,43,residual_generic,109,post_optimizer_step,1.7057546377182007,1.607848882675171
ele-fashion,43,residual_generic,110,post_optimizer_step,1.712207317352295,1.6134073734283447
ele-fashion,43,residual_generic,111,post_optimizer_step,1.7190020084381104,1.6174687147140503
ele-fashion,43,residual_generic,112,post_optimizer_step,1.7261745929718018,1.6184841394424438
ele-fashion,43,residual_generic,113,post_optimizer_step,1.7332810163497925,1.6221275329589844
ele-fashion,43,residual_generic,114,post_optimizer_step,1.7362624406814575,1.6272910833358765
ele-fashion,43,residual_generic,115,post_optimizer_step,1.7405681610107422,1.6326323747634888
ele-fashion,43,residual_generic,116,post_optimizer_step,1.7512198686599731,1.641159176826477
ele-fashion,43,residual_generic,117,post_optimizer_step,1.7577357292175293,1.6464457511901855
ele-fashion,43,residual_generic,118,post_optimizer_step,1.7622686624526978,1.653104543685913
ele-fashion,43,residual_generic,119,post_optimizer_step,1.7725634574890137,1.6593884229660034
ele-fashion,43,residual_generic,120,post_optimizer_step,1.7838526964187622,1.6629997491836548
ele-fashion,43,residual_generic,121,post_optimizer_step,1.792766809463501,1.668241024017334
ele-fashion,43,residual_generic,122,post_optimizer_step,1.7994451522827148,1.6700009107589722
ele-fashion,43,residual_generic,123,post_optimizer_step,1.806681752204895,1.677040696144104
ele-fashion,43,residual_generic,124,post_optimizer_step,1.816684365272522,1.686254858970642
ele-fashion,43,residual_generic,125,post_optimizer_step,1.8260376453399658,1.6919254064559937
ele-fashion,43,residual_generic,126,post_optimizer_step,1.834555745124817,1.6998231410980225
ele-fashion,43,residual_generic,127,post_optimizer_step,1.8387739658355713,1.7060184478759766
ele-fashion,43,residual_generic,128,post_optimizer_step,1.8464466333389282,1.711519479751587
ele-fashion,43,residual_generic,129,post_optimizer_step,1.8578022718429565,1.7218420505523682
ele-fashion,43,residual_generic,130,post_optimizer_step,1.8650003671646118,1.7311345338821411
ele-fashion,43,residual_generic,131,post_optimizer_step,1.8742952346801758,1.7326431274414062
ele-fashion,43,residual_generic,132,post_optimizer_step,1.88188898563385,1.7383651733398438
ele-fashion,43,residual_generic,133,post_optimizer_step,1.889708399772644,1.7485947608947754
ele-fashion,43,residual_generic,134,post_optimizer_step,1.8993723392486572,1.7535244226455688
ele-fashion,43,residual_generic,135,post_optimizer_step,1.9084852933883667,1.7603039741516113
ele-fashion,43,residual_generic,136,post_optimizer_step,1.9156585931777954,1.766567587852478
ele-fashion,43,residual_generic,137,post_optimizer_step,1.9255703687667847,1.7731754779815674
ele-fashion,43,residual_generic,138,post_optimizer_step,1.9329535961151123,1.7783595323562622
ele-fashion,43,residual_generic,139,post_optimizer_step,1.9415804147720337,1.7828686237335205
ele-fashion,43,residual_generic,140,post_optimizer_step,1.949952483177185,1.7858957052230835
ele-fashion,43,residual_generic,141,post_optimizer_step,1.9572752714157104,1.7954838275909424
ele-fashion,43,residual_generic,142,post_optimizer_step,1.963870644569397,1.7996582984924316
ele-fashion,43,residual_generic,143,post_optimizer_step,1.9732515811920166,1.8043133020401
ele-fashion,43,residual_generic,144,post_optimizer_step,1.9789655208587646,1.8121145963668823
ele-fashion,43,residual_generic,145,post_optimizer_step,1.9896531105041504,1.822719931602478
ele-fashion,43,residual_generic,146,post_optimizer_step,1.996863842010498,1.8246769905090332
ele-fashion,43,residual_generic,147,post_optimizer_step,2.0015852451324463,1.8285807371139526
ele-fashion,43,residual_generic,148,post_optimizer_step,2.009610652923584,1.8352669477462769
ele-fashion,43,residual_generic,149,post_optimizer_step,2.0161306858062744,1.8396437168121338
ele-fashion,43,residual_generic,150,post_optimizer_step,2.0221097469329834,1.8445779085159302
ele-fashion,43,residual_generic,151,post_optimizer_step,2.0280137062072754,1.8501847982406616
ele-fashion,43,residual_generic,152,post_optimizer_step,2.0363638401031494,1.8594468832015991
ele-fashion,43,residual_generic,153,post_optimizer_step,2.044219493865967,1.8682305812835693
ele-fashion,43,residual_generic,154,post_optimizer_step,2.049170970916748,1.8722294569015503
ele-fashion,43,residual_generic,155,post_optimizer_step,2.0562756061553955,1.8777801990509033
ele-fashion,43,residual_generic,156,post_optimizer_step,2.060790777206421,1.8823376893997192
ele-fashion,43,residual_generic,157,post_optimizer_step,2.065180540084839,1.8890702724456787
ele-fashion,43,residual_generic,158,post_optimizer_step,2.0720949172973633,1.895323634147644
ele-fashion,43,residual_generic,159,post_optimizer_step,2.0773468017578125,1.8979132175445557
ele-fashion,43,residual_generic,160,post_optimizer_step,2.0818819999694824,1.905753254890442
ele-fashion,43,residual_generic,161,post_optimizer_step,2.089336395263672,1.9103705883026123
ele-fashion,43,residual_generic,162,post_optimizer_step,2.0958337783813477,1.9128029346466064
ele-fashion,43,residual_generic,163,post_optimizer_step,2.102142810821533,1.9225884675979614
ele-fashion,43,residual_generic,164,post_optimizer_step,2.10836124420166,1.9309512376785278
ele-fashion,43,residual_generic,165,post_optimizer_step,2.1133368015289307,1.937716007232666
ele-fashion,43,residual_generic,166,post_optimizer_step,2.1168670654296875,1.9451813697814941
ele-fashion,43,residual_generic,167,post_optimizer_step,2.120821475982666,1.9471625089645386
ele-fashion,43,residual_generic,168,post_optimizer_step,2.1271228790283203,1.9511321783065796
ele-fashion,43,residual_generic,169,post_optimizer_step,2.1327593326568604,1.9617161750793457
ele-fashion,43,residual_generic,170,post_optimizer_step,2.1373977661132812,1.9659398794174194
ele-fashion,43,residual_generic,171,post_optimizer_step,2.1446104049682617,1.9724894762039185
ele-fashion,43,residual_generic,172,post_optimizer_step,2.1515684127807617,1.979706883430481
ele-fashion,43,residual_generic,173,post_optimizer_step,2.15742826461792,1.985190749168396
ele-fashion,43,residual_generic,143,best_checkpoint,1.9732515811920166,1.8043133020401
ele-fashion,43,residual_protected,0,initial,0.0,0.0
ele-fashion,43,residual_protected,1,post_optimizer_step,0.12787120044231415,0.12784135341644287
ele-fashion,43,residual_protected,2,post_optimizer_step,0.19787749648094177,0.18496526777744293
ele-fashion,43,residual_protected,3,post_optimizer_step,0.2482801079750061,0.23534637689590454
ele-fashion,43,residual_protected,4,post_optimizer_step,0.2974243760108948,0.28593945503234863
ele-fashion,43,residual_protected,5,post_optimizer_step,0.34604981541633606,0.33024871349334717
ele-fashion,43,residual_protected,6,post_optimizer_step,0.3911365270614624,0.3686279356479645
ele-fashion,43,residual_protected,7,post_optimizer_step,0.43488022685050964,0.4046803414821625
ele-fashion,43,residual_protected,8,post_optimizer_step,0.4754584729671478,0.4411781132221222
ele-fashion,43,residual_protected,9,post_optimizer_step,0.5142014026641846,0.48050349950790405
ele-fashion,43,residual_protected,10,post_optimizer_step,0.5521166324615479,0.5205948352813721
ele-fashion,43,residual_protected,11,post_optimizer_step,0.5876670479774475,0.5598592162132263
ele-fashion,43,residual_protected,12,post_optimizer_step,0.6191898584365845,0.5950638055801392
ele-fashion,43,residual_protected,13,post_optimizer_step,0.6491118669509888,0.6258633136749268
ele-fashion,43,residual_protected,14,post_optimizer_step,0.6785739660263062,0.6535459160804749
ele-fashion,43,residual_protected,15,post_optimizer_step,0.7053633332252502,0.6792054176330566
ele-fashion,43,residual_protected,16,post_optimizer_step,0.7295313477516174,0.7030941247940063
ele-fashion,43,residual_protected,17,post_optimizer_step,0.7530665397644043,0.7263193726539612
ele-fashion,43,residual_protected,18,post_optimizer_step,0.7760874629020691,0.7491829991340637
ele-fashion,43,residual_protected,19,post_optimizer_step,0.7980279922485352,0.7714791893959045
ele-fashion,43,residual_protected,20,post_optimizer_step,0.8187524676322937,0.7931687235832214
ele-fashion,43,residual_protected,21,post_optimizer_step,0.8381218314170837,0.814206063747406
ele-fashion,43,residual_protected,22,post_optimizer_step,0.8561164140701294,0.8342965245246887
ele-fashion,43,residual_protected,23,post_optimizer_step,0.8730003237724304,0.8532116413116455
ele-fashion,43,residual_protected,24,post_optimizer_step,0.889255940914154,0.8708734512329102
ele-fashion,43,residual_protected,25,post_optimizer_step,0.9050887227058411,0.8872690200805664
ele-fashion,43,residual_protected,26,post_optimizer_step,0.9205875992774963,0.9025474190711975
ele-fashion,43,residual_protected,27,post_optimizer_step,0.9355971813201904,0.9167194962501526
ele-fashion,43,residual_protected,28,post_optimizer_step,0.9499451518058777,0.9301411509513855
ele-fashion,43,residual_protected,29,post_optimizer_step,0.96353679895401,0.9429382085800171
ele-fashion,43,residual_protected,30,post_optimizer_step,0.9767647981643677,0.955142617225647
ele-fashion,43,residual_protected,31,post_optimizer_step,0.9898926019668579,0.9668041467666626
ele-fashion,43,residual_protected,32,post_optimizer_step,1.0026267766952515,0.9781304001808167
ele-fashion,43,residual_protected,33,post_optimizer_step,1.014752984046936,0.988970160484314
ele-fashion,43,residual_protected,34,post_optimizer_step,1.0258846282958984,0.9994446039199829
ele-fashion,43,residual_protected,35,post_optimizer_step,1.0362290143966675,1.0100210905075073
ele-fashion,43,residual_protected,36,post_optimizer_step,1.0460736751556396,1.0210907459259033
ele-fashion,43,residual_protected,37,post_optimizer_step,1.055439829826355,1.0324891805648804
ele-fashion,43,residual_protected,38,post_optimizer_step,1.0644100904464722,1.0433812141418457
ele-fashion,43,residual_protected,39,post_optimizer_step,1.0729243755340576,1.053714632987976
ele-fashion,43,residual_protected,40,post_optimizer_step,1.081086277961731,1.0637307167053223
ele-fashion,43,residual_protected,41,post_optimizer_step,1.0892137289047241,1.0738537311553955
ele-fashion,43,residual_protected,42,post_optimizer_step,1.0973562002182007,1.0841716527938843
ele-fashion,43,residual_protected,43,post_optimizer_step,1.105533480644226,1.0944453477859497
ele-fashion,43,residual_protected,44,post_optimizer_step,1.1134319305419922,1.1045411825180054
ele-fashion,43,residual_protected,45,post_optimizer_step,1.1211950778961182,1.114193081855774
ele-fashion,43,residual_protected,46,post_optimizer_step,1.128976821899414,1.122843861579895
ele-fashion,43,residual_protected,47,post_optimizer_step,1.1367497444152832,1.131011962890625
ele-fashion,43,residual_protected,48,post_optimizer_step,1.1446616649627686,1.1391056776046753
ele-fashion,43,residual_protected,49,post_optimizer_step,1.152584433555603,1.1472150087356567
ele-fashion,43,residual_protected,50,post_optimizer_step,1.1604222059249878,1.1548802852630615
ele-fashion,43,residual_protected,51,post_optimizer_step,1.168129324913025,1.1626780033111572
ele-fashion,43,residual_protected,52,post_optimizer_step,1.1762231588363647,1.1700248718261719
ele-fashion,43,residual_protected,53,post_optimizer_step,1.1846497058868408,1.1771076917648315
ele-fashion,43,residual_protected,54,post_optimizer_step,1.1933724880218506,1.1838079690933228
ele-fashion,43,residual_protected,55,post_optimizer_step,1.201973557472229,1.1908296346664429
ele-fashion,43,residual_protected,56,post_optimizer_step,1.2112469673156738,1.1963131427764893
ele-fashion,43,residual_protected,57,post_optimizer_step,1.2202651500701904,1.203187108039856
ele-fashion,43,residual_protected,58,post_optimizer_step,1.230084776878357,1.208871841430664
ele-fashion,43,residual_protected,59,post_optimizer_step,1.2395830154418945,1.216065526008606
ele-fashion,43,residual_protected,60,post_optimizer_step,1.2498506307601929,1.2227224111557007
ele-fashion,43,residual_protected,61,post_optimizer_step,1.260270595550537,1.2305635213851929
ele-fashion,43,residual_protected,62,post_optimizer_step,1.2703619003295898,1.239663004875183
ele-fashion,43,residual_protected,63,post_optimizer_step,1.2811260223388672,1.247057557106018
ele-fashion,43,residual_protected,64,post_optimizer_step,1.2902607917785645,1.2560747861862183
ele-fashion,43,residual_protected,65,post_optimizer_step,1.3003491163253784,1.2627301216125488
ele-fashion,43,residual_protected,66,post_optimizer_step,1.3104854822158813,1.2722376585006714
ele-fashion,43,residual_protected,67,post_optimizer_step,1.3197537660598755,1.2664605379104614
ele-fashion,43,residual_protected,68,post_optimizer_step,1.3251384496688843,1.2682818174362183
ele-fashion,43,residual_protected,69,post_optimizer_step,1.3321564197540283,1.2758489847183228
ele-fashion,43,residual_protected,70,post_optimizer_step,1.3411588668823242,1.2802739143371582
ele-fashion,43,residual_protected,71,post_optimizer_step,1.3496593236923218,1.2851754426956177
ele-fashion,43,residual_protected,72,post_optimizer_step,1.3565897941589355,1.2936389446258545
ele-fashion,43,residual_protected,73,post_optimizer_step,1.3654067516326904,1.3029637336730957
ele-fashion,43,residual_protected,74,post_optimizer_step,1.3751938343048096,1.3124101161956787
ele-fashion,43,residual_protected,75,post_optimizer_step,1.3847688436508179,1.3235374689102173
ele-fashion,43,residual_protected,76,post_optimizer_step,1.3937351703643799,1.3346538543701172
ele-fashion,43,residual_protected,77,post_optimizer_step,1.40403151512146,1.342298150062561
ele-fashion,43,residual_protected,78,post_optimizer_step,1.4136874675750732,1.3480801582336426
ele-fashion,43,residual_protected,79,post_optimizer_step,1.424048662185669,1.3549164533615112
ele-fashion,43,residual_protected,80,post_optimizer_step,1.4351799488067627,1.3616862297058105
ele-fashion,43,residual_protected,81,post_optimizer_step,1.446217656135559,1.3693552017211914
ele-fashion,43,residual_protected,82,post_optimizer_step,1.457900047302246,1.379082441329956
ele-fashion,43,residual_protected,83,post_optimizer_step,1.4692909717559814,1.3895481824874878
ele-fashion,43,residual_protected,84,post_optimizer_step,1.4799500703811646,1.4006115198135376
ele-fashion,43,residual_protected,85,post_optimizer_step,1.4916213750839233,1.4090957641601562
ele-fashion,43,residual_protected,86,post_optimizer_step,1.50326669216156,1.4180080890655518
ele-fashion,43,residual_protected,87,post_optimizer_step,1.5141090154647827,1.4271715879440308
ele-fashion,43,residual_protected,88,post_optimizer_step,1.5254088640213013,1.4323731660842896
ele-fashion,43,residual_protected,89,post_optimizer_step,1.5370715856552124,1.4395089149475098
ele-fashion,43,residual_protected,90,post_optimizer_step,1.54883873462677,1.447703242301941
ele-fashion,43,residual_protected,91,post_optimizer_step,1.5584003925323486,1.4567574262619019
ele-fashion,43,residual_protected,92,post_optimizer_step,1.5683852434158325,1.465087890625
ele-fashion,43,residual_protected,93,post_optimizer_step,1.57876455783844,1.4748798608779907
ele-fashion,43,residual_protected,94,post_optimizer_step,1.589930534362793,1.4811018705368042
ele-fashion,43,residual_protected,95,post_optimizer_step,1.5975960493087769,1.489769458770752
ele-fashion,43,residual_protected,96,post_optimizer_step,1.6080242395401,1.4913010597229004
ele-fashion,43,residual_protected,97,post_optimizer_step,1.6156666278839111,1.4993555545806885
ele-fashion,43,residual_protected,98,post_optimizer_step,1.6235603094100952,1.5040606260299683
ele-fashion,43,residual_protected,99,post_optimizer_step,1.6310847997665405,1.5101127624511719
ele-fashion,43,residual_protected,100,post_optimizer_step,1.6390324831008911,1.5213543176651
ele-fashion,43,residual_protected,101,post_optimizer_step,1.6486074924468994,1.5301625728607178
ele-fashion,43,residual_protected,102,post_optimizer_step,1.655647873878479,1.5399985313415527
ele-fashion,43,residual_protected,103,post_optimizer_step,1.6646192073822021,1.5486366748809814
ele-fashion,43,residual_protected,104,post_optimizer_step,1.673095464706421,1.5578306913375854
ele-fashion,43,residual_protected,105,post_optimizer_step,1.680890440940857,1.5663939714431763
ele-fashion,43,residual_protected,106,post_optimizer_step,1.6896039247512817,1.5700924396514893
ele-fashion,43,residual_protected,107,post_optimizer_step,1.696879506111145,1.5780327320098877
ele-fashion,43,residual_protected,108,post_optimizer_step,1.707587480545044,1.5842479467391968
ele-fashion,43,residual_protected,109,post_optimizer_step,1.718003511428833,1.5928722620010376
ele-fashion,43,residual_protected,110,post_optimizer_step,1.7271220684051514,1.6021778583526611
ele-fashion,43,residual_protected,111,post_optimizer_step,1.7374650239944458,1.6083580255508423
ele-fashion,43,residual_protected,112,post_optimizer_step,1.7470966577529907,1.6164189577102661
ele-fashion,43,residual_protected,113,post_optimizer_step,1.755435824394226,1.6171225309371948
ele-fashion,43,residual_protected,114,post_optimizer_step,1.7601596117019653,1.6243047714233398
ele-fashion,43,residual_protected,115,post_optimizer_step,1.769992709159851,1.6295576095581055
ele-fashion,43,residual_protected,116,post_optimizer_step,1.779298186302185,1.6385934352874756
ele-fashion,43,residual_protected,117,post_optimizer_step,1.7855769395828247,1.6448829174041748
ele-fashion,43,residual_protected,118,post_optimizer_step,1.793489933013916,1.6485350131988525
ele-fashion,43,residual_protected,119,post_optimizer_step,1.8033546209335327,1.6562072038650513
ele-fashion,43,residual_protected,120,post_optimizer_step,1.8136067390441895,1.6596662998199463
ele-fashion,43,residual_protected,121,post_optimizer_step,1.8145588636398315,1.6657168865203857
ele-fashion,43,residual_protected,122,post_optimizer_step,1.8201775550842285,1.6702409982681274
ele-fashion,43,residual_protected,123,post_optimizer_step,1.826094150543213,1.680045485496521
ele-fashion,43,residual_protected,124,post_optimizer_step,1.833203911781311,1.6884324550628662
ele-fashion,43,residual_protected,125,post_optimizer_step,1.8392833471298218,1.6962169408798218
ele-fashion,43,residual_protected,126,post_optimizer_step,1.8463910818099976,1.7013089656829834
ele-fashion,43,residual_protected,127,post_optimizer_step,1.8541582822799683,1.7081512212753296
ele-fashion,43,residual_protected,128,post_optimizer_step,1.8613016605377197,1.7138320207595825
ele-fashion,43,residual_protected,129,post_optimizer_step,1.8672559261322021,1.7198206186294556
ele-fashion,43,residual_protected,130,post_optimizer_step,1.8756935596466064,1.7262060642242432
ele-fashion,43,residual_protected,131,post_optimizer_step,1.88674795627594,1.7330322265625
ele-fashion,43,residual_protected,132,post_optimizer_step,1.89472234249115,1.7419006824493408
ele-fashion,43,residual_protected,133,post_optimizer_step,1.9004112482070923,1.7421969175338745
ele-fashion,43,residual_protected,134,post_optimizer_step,1.9065532684326172,1.7502474784851074
ele-fashion,43,residual_protected,135,post_optimizer_step,1.915029764175415,1.7592045068740845
ele-fashion,43,residual_protected,136,post_optimizer_step,1.9222302436828613,1.7594727277755737
ele-fashion,43,residual_protected,137,post_optimizer_step,1.9295670986175537,1.764033317565918
ele-fashion,43,residual_protected,138,post_optimizer_step,1.9382268190383911,1.7726842164993286
ele-fashion,43,residual_protected,108,best_checkpoint,1.707587480545044,1.5842479467391968
ele-fashion,43,smooth_base,0,initial,0.0,0.0
ele-fashion,43,smooth_base,1,post_optimizer_step,0.0,0.0
ele-fashion,43,smooth_base,2,post_optimizer_step,0.0,0.0
ele-fashion,43,smooth_base,3,post_optimizer_step,0.0,0.0
ele-fashion,43,smooth_base,4,post_optimizer_step,0.0,0.0
ele-fashion,43,smooth_base,5,post_optimizer_step,0.0,0.0
ele-fashion,43,smooth_base,6,post_optimizer_step,0.0,0.0
ele-fashion,43,smooth_base,7,post_optimizer_step,0.0,0.0
ele-fashion,43,smooth_base,8,post_optimizer_step,0.0,0.0
ele-fashion,43,smooth_base,9,post_optimizer_step,0.0,0.0
ele-fashion,43,smooth_base,10,post_optimizer_step,0.0,0.0
ele-fashion,43,smooth_base,11,post_optimizer_step,0.0,0.0
ele-fashion,43,smooth_base,12,post_optimizer_step,0.0,0.0
ele-fashion,43,smooth_base,13,post_optimizer_step,0.0,0.0
ele-fashion,43,smooth_base,14,post_optimizer_step,0.0,0.0
ele-fashion,43,smooth_base,15,post_optimizer_step,0.0,0.0
ele-fashion,43,smooth_base,16,post_optimizer_step,0.0,0.0
ele-fashion,43,smooth_base,17,post_optimizer_step,0.0,0.0
ele-fashion,43,smooth_base,18,post_optimizer_step,0.0,0.0
ele-fashion,43,smooth_base,19,post_optimizer_step,0.0,0.0
ele-fashion,43,smooth_base,20,post_optimizer_step,0.0,0.0
ele-fashion,43,smooth_base,21,post_optimizer_step,0.0,0.0
ele-fashion,43,smooth_base,22,post_optimizer_step,0.0,0.0
ele-fashion,43,smooth_base,23,post_optimizer_step,0.0,0.0
ele-fashion,43,smooth_base,24,post_optimizer_step,0.0,0.0
ele-fashion,43,smooth_base,25,post_optimizer_step,0.0,0.0
ele-fashion,43,smooth_base,26,post_optimizer_step,0.0,0.0
ele-fashion,43,smooth_base,27,post_optimizer_step,0.0,0.0
ele-fashion,43,smooth_base,28,post_optimizer_step,0.0,0.0
ele-fashion,43,smooth_base,29,post_optimizer_step,0.0,0.0
ele-fashion,43,smooth_base,30,post_optimizer_step,0.0,0.0
ele-fashion,43,smooth_base,31,post_optimizer_step,0.0,0.0
ele-fashion,43,smooth_base,32,post_optimizer_step,0.0,0.0
ele-fashion,43,smooth_base,33,post_optimizer_step,0.0,0.0
ele-fashion,43,smooth_base,34,post_optimizer_step,0.0,0.0
ele-fashion,43,smooth_base,35,post_optimizer_step,0.0,0.0
ele-fashion,43,smooth_base,36,post_optimizer_step,0.0,0.0
ele-fashion,43,smooth_base,37,post_optimizer_step,0.0,0.0
ele-fashion,43,smooth_base,38,post_optimizer_step,0.0,0.0
ele-fashion,43,smooth_base,39,post_optimizer_step,0.0,0.0
ele-fashion,43,smooth_base,40,post_optimizer_step,0.0,0.0
ele-fashion,43,smooth_base,41,post_optimizer_step,0.0,0.0
ele-fashion,43,smooth_base,42,post_optimizer_step,0.0,0.0
ele-fashion,43,smooth_base,43,post_optimizer_step,0.0,0.0
ele-fashion,43,smooth_base,44,post_optimizer_step,0.0,0.0
ele-fashion,43,smooth_base,45,post_optimizer_step,0.0,0.0
ele-fashion,43,smooth_base,46,post_optimizer_step,0.0,0.0
ele-fashion,43,smooth_base,47,post_optimizer_step,0.0,0.0
ele-fashion,43,smooth_base,48,post_optimizer_step,0.0,0.0
ele-fashion,43,smooth_base,49,post_optimizer_step,0.0,0.0
ele-fashion,43,smooth_base,50,post_optimizer_step,0.0,0.0
ele-fashion,43,smooth_base,51,post_optimizer_step,0.0,0.0
ele-fashion,43,smooth_base,52,post_optimizer_step,0.0,0.0
ele-fashion,43,smooth_base,53,post_optimizer_step,0.0,0.0
ele-fashion,43,smooth_base,54,post_optimizer_step,0.0,0.0
ele-fashion,43,smooth_base,55,post_optimizer_step,0.0,0.0
ele-fashion,43,smooth_base,56,post_optimizer_step,0.0,0.0
ele-fashion,43,smooth_base,57,post_optimizer_step,0.0,0.0
ele-fashion,43,smooth_base,58,post_optimizer_step,0.0,0.0
ele-fashion,43,smooth_base,59,post_optimizer_step,0.0,0.0
ele-fashion,43,smooth_base,60,post_optimizer_step,0.0,0.0
ele-fashion,43,smooth_base,61,post_optimizer_step,0.0,0.0
ele-fashion,43,smooth_base,62,post_optimizer_step,0.0,0.0
ele-fashion,43,smooth_base,63,post_optimizer_step,0.0,0.0
ele-fashion,43,smooth_base,64,post_optimizer_step,0.0,0.0
ele-fashion,43,smooth_base,65,post_optimizer_step,0.0,0.0
ele-fashion,43,smooth_base,66,post_optimizer_step,0.0,0.0
ele-fashion,43,smooth_base,67,post_optimizer_step,0.0,0.0
ele-fashion,43,smooth_base,68,post_optimizer_step,0.0,0.0
ele-fashion,43,smooth_base,69,post_optimizer_step,0.0,0.0
ele-fashion,43,smooth_base,70,post_optimizer_step,0.0,0.0
ele-fashion,43,smooth_base,71,post_optimizer_step,0.0,0.0
ele-fashion,43,smooth_base,72,post_optimizer_step,0.0,0.0
ele-fashion,43,smooth_base,73,post_optimizer_step,0.0,0.0
ele-fashion,43,smooth_base,74,post_optimizer_step,0.0,0.0
ele-fashion,43,smooth_base,75,post_optimizer_step,0.0,0.0
ele-fashion,43,smooth_base,76,post_optimizer_step,0.0,0.0
ele-fashion,43,smooth_base,77,post_optimizer_step,0.0,0.0
ele-fashion,43,smooth_base,78,post_optimizer_step,0.0,0.0
ele-fashion,43,smooth_base,79,post_optimizer_step,0.0,0.0
ele-fashion,43,smooth_base,80,post_optimizer_step,0.0,0.0
ele-fashion,43,smooth_base,81,post_optimizer_step,0.0,0.0
ele-fashion,43,smooth_base,82,post_optimizer_step,0.0,0.0
ele-fashion,43,smooth_base,83,post_optimizer_step,0.0,0.0
ele-fashion,43,smooth_base,84,post_optimizer_step,0.0,0.0
ele-fashion,43,smooth_base,85,post_optimizer_step,0.0,0.0
ele-fashion,43,smooth_base,86,post_optimizer_step,0.0,0.0
ele-fashion,43,smooth_base,87,post_optimizer_step,0.0,0.0
ele-fashion,43,smooth_base,88,post_optimizer_step,0.0,0.0
ele-fashion,43,smooth_base,89,post_optimizer_step,0.0,0.0
ele-fashion,43,smooth_base,90,post_optimizer_step,0.0,0.0
ele-fashion,43,smooth_base,91,post_optimizer_step,0.0,0.0
ele-fashion,43,smooth_base,92,post_optimizer_step,0.0,0.0
ele-fashion,43,smooth_base,93,post_optimizer_step,0.0,0.0
ele-fashion,43,smooth_base,94,post_optimizer_step,0.0,0.0
ele-fashion,43,smooth_base,95,post_optimizer_step,0.0,0.0
ele-fashion,43,smooth_base,96,post_optimizer_step,0.0,0.0
ele-fashion,43,smooth_base,97,post_optimizer_step,0.0,0.0
ele-fashion,43,smooth_base,98,post_optimizer_step,0.0,0.0
ele-fashion,43,smooth_base,99,post_optimizer_step,0.0,0.0
ele-fashion,43,smooth_base,100,post_optimizer_step,0.0,0.0
ele-fashion,43,smooth_base,101,post_optimizer_step,0.0,0.0
ele-fashion,43,smooth_base,102,post_optimizer_step,0.0,0.0
ele-fashion,43,smooth_base,103,post_optimizer_step,0.0,0.0
ele-fashion,43,smooth_base,104,post_optimizer_step,0.0,0.0
ele-fashion,43,smooth_base,105,post_optimizer_step,0.0,0.0
ele-fashion,43,smooth_base,106,post_optimizer_step,0.0,0.0
ele-fashion,43,smooth_base,107,post_optimizer_step,0.0,0.0
ele-fashion,43,smooth_base,108,post_optimizer_step,0.0,0.0
ele-fashion,43,smooth_base,109,post_optimizer_step,0.0,0.0
ele-fashion,43,smooth_base,110,post_optimizer_step,0.0,0.0
ele-fashion,43,smooth_base,111,post_optimizer_step,0.0,0.0
ele-fashion,43,smooth_base,112,post_optimizer_step,0.0,0.0
ele-fashion,43,smooth_base,113,post_optimizer_step,0.0,0.0
ele-fashion,43,smooth_base,114,post_optimizer_step,0.0,0.0
ele-fashion,43,smooth_base,115,post_optimizer_step,0.0,0.0
ele-fashion,43,smooth_base,116,post_optimizer_step,0.0,0.0
ele-fashion,43,smooth_base,117,post_optimizer_step,0.0,0.0
ele-fashion,43,smooth_base,118,post_optimizer_step,0.0,0.0
ele-fashion,43,smooth_base,119,post_optimizer_step,0.0,0.0
ele-fashion,43,smooth_base,120,post_optimizer_step,0.0,0.0
ele-fashion,43,smooth_base,121,post_optimizer_step,0.0,0.0
ele-fashion,43,smooth_base,122,post_optimizer_step,0.0,0.0
ele-fashion,43,smooth_base,123,post_optimizer_step,0.0,0.0
ele-fashion,43,smooth_base,124,post_optimizer_step,0.0,0.0
ele-fashion,43,smooth_base,125,post_optimizer_step,0.0,0.0
ele-fashion,43,smooth_base,126,post_optimizer_step,0.0,0.0
ele-fashion,43,smooth_base,127,post_optimizer_step,0.0,0.0
ele-fashion,43,smooth_base,128,post_optimizer_step,0.0,0.0
ele-fashion,43,smooth_base,129,post_optimizer_step,0.0,0.0
ele-fashion,43,smooth_base,130,post_optimizer_step,0.0,0.0
ele-fashion,43,smooth_base,131,post_optimizer_step,0.0,0.0
ele-fashion,43,smooth_base,132,post_optimizer_step,0.0,0.0
ele-fashion,43,smooth_base,133,post_optimizer_step,0.0,0.0
ele-fashion,43,smooth_base,134,post_optimizer_step,0.0,0.0
ele-fashion,43,smooth_base,135,post_optimizer_step,0.0,0.0
ele-fashion,43,smooth_base,136,post_optimizer_step,0.0,0.0
ele-fashion,43,smooth_base,137,post_optimizer_step,0.0,0.0
ele-fashion,43,smooth_base,138,post_optimizer_step,0.0,0.0
ele-fashion,43,smooth_base,139,post_optimizer_step,0.0,0.0
ele-fashion,43,smooth_base,140,post_optimizer_step,0.0,0.0
ele-fashion,43,smooth_base,141,post_optimizer_step,0.0,0.0
ele-fashion,43,smooth_base,142,post_optimizer_step,0.0,0.0
ele-fashion,43,smooth_base,143,post_optimizer_step,0.0,0.0
ele-fashion,43,smooth_base,144,post_optimizer_step,0.0,0.0
ele-fashion,43,smooth_base,145,post_optimizer_step,0.0,0.0
ele-fashion,43,smooth_base,146,post_optimizer_step,0.0,0.0
ele-fashion,43,smooth_base,147,post_optimizer_step,0.0,0.0
ele-fashion,43,smooth_base,148,post_optimizer_step,0.0,0.0
ele-fashion,43,smooth_base,149,post_optimizer_step,0.0,0.0
ele-fashion,43,smooth_base,150,post_optimizer_step,0.0,0.0
ele-fashion,43,smooth_base,151,post_optimizer_step,0.0,0.0
ele-fashion,43,smooth_base,152,post_optimizer_step,0.0,0.0
ele-fashion,43,smooth_base,153,post_optimizer_step,0.0,0.0
ele-fashion,43,smooth_base,154,post_optimizer_step,0.0,0.0
ele-fashion,43,smooth_base,155,post_optimizer_step,0.0,0.0
ele-fashion,43,smooth_base,156,post_optimizer_step,0.0,0.0
ele-fashion,43,smooth_base,157,post_optimizer_step,0.0,0.0
ele-fashion,43,smooth_base,158,post_optimizer_step,0.0,0.0
ele-fashion,43,smooth_base,159,post_optimizer_step,0.0,0.0
ele-fashion,43,smooth_base,160,post_optimizer_step,0.0,0.0
ele-fashion,43,smooth_base,161,post_optimizer_step,0.0,0.0
ele-fashion,43,smooth_base,131,best_checkpoint,0.0,0.0
ele-fashion,44,residual_generic,0,initial,0.0,0.0
ele-fashion,44,residual_generic,1,post_optimizer_step,0.1278543323278427,0.12787629663944244
ele-fashion,44,residual_generic,2,post_optimizer_step,0.18879391252994537,0.19301973283290863
ele-fashion,44,residual_generic,3,post_optimizer_step,0.24011322855949402,0.24535046517848969
ele-fashion,44,residual_generic,4,post_optimizer_step,0.2912415862083435,0.2942817211151123
ele-fashion,44,residual_generic,5,post_optimizer_step,0.33386939764022827,0.33121541142463684
ele-fashion,44,residual_generic,6,post_optimizer_step,0.3753080666065216,0.36636167764663696
ele-fashion,44,residual_generic,7,post_optimizer_step,0.419503778219223,0.40493202209472656
ele-fashion,44,residual_generic,8,post_optimizer_step,0.4700905978679657,0.44748765230178833
ele-fashion,44,residual_generic,9,post_optimizer_step,0.5170645117759705,0.4871838688850403
ele-fashion,44,residual_generic,10,post_optimizer_step,0.5565032958984375,0.5279210209846497
ele-fashion,44,residual_generic,11,post_optimizer_step,0.5867090225219727,0.565629243850708
ele-fashion,44,residual_generic,12,post_optimizer_step,0.6109023690223694,0.5969711542129517
ele-fashion,44,residual_generic,13,post_optimizer_step,0.6344177722930908,0.6231139302253723
ele-fashion,44,residual_generic,14,post_optimizer_step,0.6594790816307068,0.6482349038124084
ele-fashion,44,residual_generic,15,post_optimizer_step,0.6847249865531921,0.6728081703186035
ele-fashion,44,residual_generic,16,post_optimizer_step,0.709907591342926,0.6966760158538818
ele-fashion,44,residual_generic,17,post_optimizer_step,0.7358414530754089,0.720293402671814
ele-fashion,44,residual_generic,18,post_optimizer_step,0.7613605856895447,0.7433182597160339
ele-fashion,44,residual_generic,19,post_optimizer_step,0.7853750586509705,0.7653815150260925
ele-fashion,44,residual_generic,20,post_optimizer_step,0.807589054107666,0.7858473658561707
ele-fashion,44,residual_generic,21,post_optimizer_step,0.8280433416366577,0.8040898442268372
ele-fashion,44,residual_generic,22,post_optimizer_step,0.8468127250671387,0.8203304409980774
ele-fashion,44,residual_generic,23,post_optimizer_step,0.8643923997879028,0.8352910280227661
ele-fashion,44,residual_generic,24,post_optimizer_step,0.8810719847679138,0.8494119644165039
ele-fashion,44,residual_generic,25,post_optimizer_step,0.8970866799354553,0.8628459572792053
ele-fashion,44,residual_generic,26,post_optimizer_step,0.9126654863357544,0.8757976293563843
ele-fashion,44,residual_generic,27,post_optimizer_step,0.9276319146156311,0.888231635093689
ele-fashion,44,residual_generic,28,post_optimizer_step,0.9418920278549194,0.900190532207489
ele-fashion,44,residual_generic,29,post_optimizer_step,0.9555100202560425,0.9117303490638733
ele-fashion,44,residual_generic,30,post_optimizer_step,0.9686803817749023,0.9228489398956299
ele-fashion,44,residual_generic,31,post_optimizer_step,0.9814879894256592,0.9334076642990112
ele-fashion,44,residual_generic,32,post_optimizer_step,0.9939107894897461,0.9434322714805603
ele-fashion,44,residual_generic,33,post_optimizer_step,1.0057518482208252,0.9528603553771973
ele-fashion,44,residual_generic,34,post_optimizer_step,1.0169099569320679,0.9617895483970642
ele-fashion,44,residual_generic,35,post_optimizer_step,1.0275118350982666,0.9702619910240173
ele-fashion,44,residual_generic,36,post_optimizer_step,1.0377308130264282,0.9785980582237244
ele-fashion,44,residual_generic,37,post_optimizer_step,1.0473378896713257,0.9868915677070618
ele-fashion,44,residual_generic,38,post_optimizer_step,1.0562865734100342,0.9952489137649536
ele-fashion,44,residual_generic,39,post_optimizer_step,1.0646755695343018,1.0035853385925293
ele-fashion,44,residual_generic,40,post_optimizer_step,1.072607159614563,1.011691927909851
ele-fashion,44,residual_generic,41,post_optimizer_step,1.0802427530288696,1.0195342302322388
ele-fashion,44,residual_generic,42,post_optimizer_step,1.0874836444854736,1.0270692110061646
ele-fashion,44,residual_generic,43,post_optimizer_step,1.0944188833236694,1.0344288349151611
ele-fashion,44,residual_generic,44,post_optimizer_step,1.101128339767456,1.041837215423584
ele-fashion,44,residual_generic,45,post_optimizer_step,1.1078916788101196,1.0495328903198242
ele-fashion,44,residual_generic,46,post_optimizer_step,1.1148548126220703,1.0574853420257568
ele-fashion,44,residual_generic,47,post_optimizer_step,1.1220985651016235,1.065587043762207
ele-fashion,44,residual_generic,48,post_optimizer_step,1.129502296447754,1.0736198425292969
ele-fashion,44,residual_generic,49,post_optimizer_step,1.1372991800308228,1.0817726850509644
ele-fashion,44,residual_generic,50,post_optimizer_step,1.145614743232727,1.0900616645812988
ele-fashion,44,residual_generic,51,post_optimizer_step,1.1541599035263062,1.0985504388809204
ele-fashion,44,residual_generic,52,post_optimizer_step,1.1631250381469727,1.107482671737671
ele-fashion,44,residual_generic,53,post_optimizer_step,1.1727936267852783,1.1168673038482666
ele-fashion,44,residual_generic,54,post_optimizer_step,1.1827080249786377,1.12664794921875
ele-fashion,44,residual_generic,55,post_optimizer_step,1.1928631067276,1.1367998123168945
ele-fashion,44,residual_generic,56,post_optimizer_step,1.2031476497650146,1.147438406944275
ele-fashion,44,residual_generic,57,post_optimizer_step,1.2139214277267456,1.158428430557251
ele-fashion,44,residual_generic,58,post_optimizer_step,1.2251040935516357,1.1690126657485962
ele-fashion,44,residual_generic,59,post_optimizer_step,1.2364013195037842,1.1802388429641724
ele-fashion,44,residual_generic,60,post_optimizer_step,1.2480272054672241,1.1921385526657104
ele-fashion,44,residual_generic,61,post_optimizer_step,1.2598448991775513,1.2039411067962646
ele-fashion,44,residual_generic,62,post_optimizer_step,1.2723890542984009,1.215048909187317
ele-fashion,44,residual_generic,63,post_optimizer_step,1.2838410139083862,1.2266871929168701
ele-fashion,44,residual_generic,64,post_optimizer_step,1.296264410018921,1.2355269193649292
ele-fashion,44,residual_generic,65,post_optimizer_step,1.3091766834259033,1.244469165802002
ele-fashion,44,residual_generic,66,post_optimizer_step,1.3197044134140015,1.2552658319473267
ele-fashion,44,residual_generic,67,post_optimizer_step,1.3311309814453125,1.2637033462524414
ele-fashion,44,residual_generic,68,post_optimizer_step,1.34319007396698,1.2704176902770996
ele-fashion,44,residual_generic,69,post_optimizer_step,1.3541086912155151,1.2790919542312622
ele-fashion,44,residual_generic,70,post_optimizer_step,1.3634775876998901,1.289829969406128
ele-fashion,44,residual_generic,71,post_optimizer_step,1.3746652603149414,1.3014862537384033
ele-fashion,44,residual_generic,72,post_optimizer_step,1.3861125707626343,1.3129774332046509
ele-fashion,44,residual_generic,73,post_optimizer_step,1.3965322971343994,1.324342131614685
ele-fashion,44,residual_generic,74,post_optimizer_step,1.4069362878799438,1.3368183374404907
ele-fashion,44,residual_generic,75,post_optimizer_step,1.4174028635025024,1.3505345582962036
ele-fashion,44,residual_generic,76,post_optimizer_step,1.428189992904663,1.3632687330245972
ele-fashion,44,residual_generic,77,post_optimizer_step,1.4378550052642822,1.372092604637146
ele-fashion,44,residual_generic,78,post_optimizer_step,1.449662208557129,1.3807774782180786
ele-fashion,44,residual_generic,79,post_optimizer_step,1.4592056274414062,1.3927702903747559
ele-fashion,44,residual_generic,80,post_optimizer_step,1.4706732034683228,1.4044586420059204
ele-fashion,44,residual_generic,81,post_optimizer_step,1.483467936515808,1.4147863388061523
ele-fashion,44,residual_generic,82,post_optimizer_step,1.4930921792984009,1.4261620044708252
ele-fashion,44,residual_generic,83,post_optimizer_step,1.5060279369354248,1.4386729001998901
ele-fashion,44,residual_generic,84,post_optimizer_step,1.5180091857910156,1.4507845640182495
ele-fashion,44,residual_generic,85,post_optimizer_step,1.5255579948425293,1.4617431163787842
ele-fashion,44,residual_generic,86,post_optimizer_step,1.5361465215682983,1.4716166257858276
ele-fashion,44,residual_generic,87,post_optimizer_step,1.5490103960037231,1.4819031953811646
ele-fashion,44,residual_generic,88,post_optimizer_step,1.5594614744186401,1.4921869039535522
ele-fashion,44,residual_generic,89,post_optimizer_step,1.5676363706588745,1.4999898672103882
ele-fashion,44,residual_generic,90,post_optimizer_step,1.5796412229537964,1.507537841796875
ele-fashion,44,residual_generic,91,post_optimizer_step,1.5878715515136719,1.5164735317230225
ele-fashion,44,residual_generic,92,post_optimizer_step,1.5957581996917725,1.5271421670913696
ele-fashion,44,residual_generic,93,post_optimizer_step,1.6064585447311401,1.5343477725982666
ele-fashion,44,residual_generic,94,post_optimizer_step,1.617098331451416,1.5423144102096558
ele-fashion,44,residual_generic,95,post_optimizer_step,1.6241713762283325,1.5525431632995605
ele-fashion,44,residual_generic,96,post_optimizer_step,1.6344255208969116,1.5645090341567993
ele-fashion,44,residual_generic,97,post_optimizer_step,1.6446001529693604,1.5755125284194946
ele-fashion,44,residual_generic,98,post_optimizer_step,1.6548057794570923,1.5864181518554688
ele-fashion,44,residual_generic,99,post_optimizer_step,1.6652382612228394,1.5940372943878174
ele-fashion,44,residual_generic,100,post_optimizer_step,1.6742323637008667,1.5993818044662476
ele-fashion,44,residual_generic,101,post_optimizer_step,1.6829856634140015,1.607486367225647
ele-fashion,44,residual_generic,102,post_optimizer_step,1.6927005052566528,1.6158113479614258
ele-fashion,44,residual_generic,103,post_optimizer_step,1.7027708292007446,1.6250876188278198
ele-fashion,44,residual_generic,104,post_optimizer_step,1.7097573280334473,1.6353411674499512
ele-fashion,44,residual_generic,105,post_optimizer_step,1.7194353342056274,1.6456434726715088
ele-fashion,44,residual_generic,106,post_optimizer_step,1.7300173044204712,1.656254768371582
ele-fashion,44,residual_generic,107,post_optimizer_step,1.7402914762496948,1.667664885520935
ele-fashion,44,residual_generic,108,post_optimizer_step,1.7509520053863525,1.6775212287902832
ele-fashion,44,residual_generic,109,post_optimizer_step,1.760245442390442,1.6865102052688599
ele-fashion,44,residual_generic,110,post_optimizer_step,1.7698968648910522,1.6931143999099731
ele-fashion,44,residual_generic,111,post_optimizer_step,1.7796399593353271,1.7000209093093872
ele-fashion,44,residual_generic,112,post_optimizer_step,1.7882115840911865,1.7081035375595093
ele-fashion,44,residual_generic,113,post_optimizer_step,1.7966253757476807,1.7147647142410278
ele-fashion,44,residual_generic,114,post_optimizer_step,1.8037654161453247,1.7194454669952393
ele-fashion,44,residual_generic,115,post_optimizer_step,1.8130888938903809,1.7271546125411987
ele-fashion,44,residual_generic,116,post_optimizer_step,1.8173969984054565,1.7327169179916382
ele-fashion,44,residual_generic,117,post_optimizer_step,1.8225102424621582,1.7381689548492432
ele-fashion,44,residual_generic,118,post_optimizer_step,1.8311389684677124,1.7468441724777222
ele-fashion,44,residual_generic,119,post_optimizer_step,1.842599630355835,1.7542628049850464
ele-fashion,44,residual_generic,120,post_optimizer_step,1.8472316265106201,1.7566704750061035
ele-fashion,44,residual_generic,121,post_optimizer_step,1.8531440496444702,1.7643861770629883
ele-fashion,44,residual_generic,122,post_optimizer_step,1.8639243841171265,1.7768338918685913
ele-fashion,44,residual_generic,123,post_optimizer_step,1.871232509613037,1.7892183065414429
ele-fashion,44,residual_generic,124,post_optimizer_step,1.8735694885253906,1.795170783996582
ele-fashion,44,residual_generic,125,post_optimizer_step,1.8798292875289917,1.8040642738342285
ele-fashion,44,residual_generic,126,post_optimizer_step,1.8889352083206177,1.8143703937530518
ele-fashion,44,residual_generic,127,post_optimizer_step,1.8982691764831543,1.8253896236419678
ele-fashion,44,residual_generic,128,post_optimizer_step,1.9048233032226562,1.830246925354004
ele-fashion,44,residual_generic,129,post_optimizer_step,1.911853313446045,1.8343011140823364
ele-fashion,44,residual_generic,130,post_optimizer_step,1.9191598892211914,1.8416868448257446
ele-fashion,44,residual_generic,131,post_optimizer_step,1.9261835813522339,1.848752498626709
ele-fashion,44,residual_generic,132,post_optimizer_step,1.9309407472610474,1.8567672967910767
ele-fashion,44,residual_generic,133,post_optimizer_step,1.93696129322052,1.866202712059021
ele-fashion,44,residual_generic,134,post_optimizer_step,1.948417067527771,1.875868797302246
ele-fashion,44,residual_generic,135,post_optimizer_step,1.9595812559127808,1.8867536783218384
ele-fashion,44,residual_generic,136,post_optimizer_step,1.9642820358276367,1.8935810327529907
ele-fashion,44,residual_generic,137,post_optimizer_step,1.9694243669509888,1.9015389680862427
ele-fashion,44,residual_generic,138,post_optimizer_step,1.9784101247787476,1.9095087051391602
ele-fashion,44,residual_generic,139,post_optimizer_step,1.9851646423339844,1.918461561203003
ele-fashion,44,residual_generic,140,post_optimizer_step,1.9902597665786743,1.9296704530715942
ele-fashion,44,residual_generic,141,post_optimizer_step,1.9978607892990112,1.9387242794036865
ele-fashion,44,residual_generic,142,post_optimizer_step,2.0061943531036377,1.946974515914917
ele-fashion,44,residual_generic,143,post_optimizer_step,2.011866331100464,1.9511665105819702
ele-fashion,44,residual_generic,144,post_optimizer_step,2.0185701847076416,1.9571638107299805
ele-fashion,44,residual_generic,145,post_optimizer_step,2.026151657104492,1.963517189025879
ele-fashion,44,residual_generic,146,post_optimizer_step,2.0344998836517334,1.971174955368042
ele-fashion,44,residual_generic,147,post_optimizer_step,2.04021954536438,1.9773893356323242
ele-fashion,44,residual_generic,148,post_optimizer_step,2.0468826293945312,1.985632300376892
ele-fashion,44,residual_generic,149,post_optimizer_step,2.05536150932312,1.9945664405822754
ele-fashion,44,residual_generic,150,post_optimizer_step,2.063883066177368,2.004574775695801
ele-fashion,44,residual_generic,151,post_optimizer_step,2.071558952331543,2.0123825073242188
ele-fashion,44,residual_generic,152,post_optimizer_step,2.078472137451172,2.0187199115753174
ele-fashion,44,residual_generic,153,post_optimizer_step,2.0849452018737793,2.024343252182007
ele-fashion,44,residual_generic,154,post_optimizer_step,2.0892529487609863,2.030958414077759
ele-fashion,44,residual_generic,155,post_optimizer_step,2.0927493572235107,2.0347678661346436
ele-fashion,44,residual_generic,156,post_optimizer_step,2.098393201828003,2.041173219680786
ele-fashion,44,residual_generic,157,post_optimizer_step,2.1072840690612793,2.049302577972412
ele-fashion,44,residual_generic,158,post_optimizer_step,2.114992618560791,2.058717966079712
ele-fashion,44,residual_generic,159,post_optimizer_step,2.1205756664276123,2.0667836666107178
ele-fashion,44,residual_generic,160,post_optimizer_step,2.1246492862701416,2.070127487182617
ele-fashion,44,residual_generic,161,post_optimizer_step,2.1310741901397705,2.074268102645874
ele-fashion,44,residual_generic,162,post_optimizer_step,2.136263370513916,2.0801796913146973
ele-fashion,44,residual_generic,163,post_optimizer_step,2.141018867492676,2.0814743041992188
ele-fashion,44,residual_generic,164,post_optimizer_step,2.1468496322631836,2.0855674743652344
ele-fashion,44,residual_generic,165,post_optimizer_step,2.1517162322998047,2.0944747924804688
ele-fashion,44,residual_generic,166,post_optimizer_step,2.157412052154541,2.1011199951171875
ele-fashion,44,residual_generic,167,post_optimizer_step,2.163363456726074,2.105591297149658
ele-fashion,44,residual_generic,168,post_optimizer_step,2.1671929359436035,2.1068320274353027
ele-fashion,44,residual_generic,169,post_optimizer_step,2.173178195953369,2.1130707263946533
ele-fashion,44,residual_generic,170,post_optimizer_step,2.180561065673828,2.1187903881073
ele-fashion,44,residual_generic,171,post_optimizer_step,2.1845006942749023,2.12519907951355
ele-fashion,44,residual_generic,172,post_optimizer_step,2.1874513626098633,2.1350784301757812
ele-fashion,44,residual_generic,173,post_optimizer_step,2.192462205886841,2.1422128677368164
ele-fashion,44,residual_generic,174,post_optimizer_step,2.195824384689331,2.14638352394104
ele-fashion,44,residual_generic,175,post_optimizer_step,2.200129270553589,2.151726007461548
ele-fashion,44,residual_generic,176,post_optimizer_step,2.2053275108337402,2.1547725200653076
ele-fashion,44,residual_generic,177,post_optimizer_step,2.2101871967315674,2.158076047897339
ele-fashion,44,residual_generic,178,post_optimizer_step,2.2152462005615234,2.166252374649048
ele-fashion,44,residual_generic,179,post_optimizer_step,2.2213213443756104,2.1727540493011475
ele-fashion,44,residual_generic,180,post_optimizer_step,2.2257797718048096,2.1759042739868164
ele-fashion,44,residual_generic,181,post_optimizer_step,2.2288858890533447,2.1809582710266113
ele-fashion,44,residual_generic,151,best_checkpoint,2.071558952331543,2.0123825073242188
ele-fashion,44,residual_protected,0,initial,0.0,0.0
ele-fashion,44,residual_protected,1,post_optimizer_step,0.12786443531513214,0.12787386775016785
ele-fashion,44,residual_protected,2,post_optimizer_step,0.18915270268917084,0.1939561665058136
ele-fashion,44,residual_protected,3,post_optimizer_step,0.24181517958641052,0.24660532176494598
ele-fashion,44,residual_protected,4,post_optimizer_step,0.29380345344543457,0.29764842987060547
ele-fashion,44,residual_protected,5,post_optimizer_step,0.33733758330345154,0.3356626629829407
ele-fashion,44,residual_protected,6,post_optimizer_step,0.3791506290435791,0.3704673647880554
ele-fashion,44,residual_protected,7,post_optimizer_step,0.42417553067207336,0.40939080715179443
ele-fashion,44,residual_protected,8,post_optimizer_step,0.4761679768562317,0.45346394181251526
ele-fashion,44,residual_protected,9,post_optimizer_step,0.5261459350585938,0.4940353035926819
ele-fashion,44,residual_protected,10,post_optimizer_step,0.5688552260398865,0.5335063934326172
ele-fashion,44,residual_protected,11,post_optimizer_step,0.6011057496070862,0.5714371204376221
ele-fashion,44,residual_protected,12,post_optimizer_step,0.6279219388961792,0.6033855676651001
ele-fashion,44,residual_protected,13,post_optimizer_step,0.6553220748901367,0.6302536129951477
ele-fashion,44,residual_protected,14,post_optimizer_step,0.6846936941146851,0.6557832956314087
ele-fashion,44,residual_protected,15,post_optimizer_step,0.7138002514839172,0.6806787252426147
ele-fashion,44,residual_protected,16,post_optimizer_step,0.7418913245201111,0.7052763104438782
ele-fashion,44,residual_protected,17,post_optimizer_step,0.7699360847473145,0.7300454378128052
ele-fashion,44,residual_protected,18,post_optimizer_step,0.7972682118415833,0.7543100118637085
ele-fashion,44,residual_protected,19,post_optimizer_step,0.8231266736984253,0.7774906754493713
ele-fashion,44,residual_protected,20,post_optimizer_step,0.8473370671272278,0.7988600730895996
ele-fashion,44,residual_protected,21,post_optimizer_step,0.869766354560852,0.8175742030143738
ele-fashion,44,residual_protected,22,post_optimizer_step,0.8903516530990601,0.8337196111679077
ele-fashion,44,residual_protected,23,post_optimizer_step,0.9096902012825012,0.8480490446090698
ele-fashion,44,residual_protected,24,post_optimizer_step,0.9280765652656555,0.8613027334213257
ele-fashion,44,residual_protected,25,post_optimizer_step,0.9457122683525085,0.8738319277763367
ele-fashion,44,residual_protected,26,post_optimizer_step,0.9627091288566589,0.8860869407653809
ele-fashion,44,residual_protected,27,post_optimizer_step,0.9787744879722595,0.898091197013855
ele-fashion,44,residual_protected,28,post_optimizer_step,0.9940013289451599,0.9098233580589294
ele-fashion,44,residual_protected,29,post_optimizer_step,1.0084540843963623,0.9212263226509094
ele-fashion,44,residual_protected,30,post_optimizer_step,1.0224324464797974,0.9321898221969604
ele-fashion,44,residual_protected,31,post_optimizer_step,1.035953164100647,0.9425477981567383
ele-fashion,44,residual_protected,32,post_optimizer_step,1.0492504835128784,0.9523943066596985
ele-fashion,44,residual_protected,33,post_optimizer_step,1.0621726512908936,0.9617387652397156
ele-fashion,44,residual_protected,34,post_optimizer_step,1.0745882987976074,0.9707157015800476
ele-fashion,44,residual_protected,35,post_optimizer_step,1.0864816904067993,0.9794375896453857
ele-fashion,44,residual_protected,36,post_optimizer_step,1.0982341766357422,0.9880288243293762
ele-fashion,44,residual_protected,37,post_optimizer_step,1.1097595691680908,0.9965034127235413
ele-fashion,44,residual_protected,38,post_optimizer_step,1.1208508014678955,1.0050086975097656
ele-fashion,44,residual_protected,39,post_optimizer_step,1.131454348564148,1.0136483907699585
ele-fashion,44,residual_protected,40,post_optimizer_step,1.141363501548767,1.0223424434661865
ele-fashion,44,residual_protected,41,post_optimizer_step,1.1509034633636475,1.031022310256958
ele-fashion,44,residual_protected,42,post_optimizer_step,1.1602076292037964,1.0395537614822388
ele-fashion,44,residual_protected,43,post_optimizer_step,1.1694037914276123,1.0480408668518066
ele-fashion,44,residual_protected,44,post_optimizer_step,1.1780648231506348,1.0565139055252075
ele-fashion,44,residual_protected,45,post_optimizer_step,1.186435580253601,1.0651328563690186
ele-fashion,44,residual_protected,46,post_optimizer_step,1.1948127746582031,1.0737559795379639
ele-fashion,44,residual_protected,47,post_optimizer_step,1.2031850814819336,1.0821219682693481
ele-fashion,44,residual_protected,48,post_optimizer_step,1.2114627361297607,1.0899982452392578
ele-fashion,44,residual_protected,49,post_optimizer_step,1.2199989557266235,1.0977669954299927
ele-fashion,44,residual_protected,50,post_optimizer_step,1.2289143800735474,1.1058151721954346
ele-fashion,44,residual_protected,51,post_optimizer_step,1.2380491495132446,1.1142576932907104
ele-fashion,44,residual_protected,52,post_optimizer_step,1.2474480867385864,1.1230486631393433
ele-fashion,44,residual_protected,53,post_optimizer_step,1.2570983171463013,1.1322098970413208
ele-fashion,44,residual_protected,54,post_optimizer_step,1.2669053077697754,1.1418019533157349
ele-fashion,44,residual_protected,55,post_optimizer_step,1.2769763469696045,1.1519924402236938
ele-fashion,44,residual_protected,56,post_optimizer_step,1.2868075370788574,1.1622958183288574
ele-fashion,44,residual_protected,57,post_optimizer_step,1.2974368333816528,1.1730084419250488
ele-fashion,44,residual_protected,58,post_optimizer_step,1.308257818222046,1.1832997798919678
ele-fashion,44,residual_protected,59,post_optimizer_step,1.3183282613754272,1.1932488679885864
ele-fashion,44,residual_protected,60,post_optimizer_step,1.3282665014266968,1.2036656141281128
ele-fashion,44,residual_protected,61,post_optimizer_step,1.3383753299713135,1.2133333683013916
ele-fashion,44,residual_protected,62,post_optimizer_step,1.3478628396987915,1.2226225137710571
ele-fashion,44,residual_protected,63,post_optimizer_step,1.3572252988815308,1.2315280437469482
ele-fashion,44,residual_protected,64,post_optimizer_step,1.3669527769088745,1.2416783571243286
ele-fashion,44,residual_protected,65,post_optimizer_step,1.3751031160354614,1.251177430152893
ele-fashion,44,residual_protected,66,post_optimizer_step,1.3831686973571777,1.260848879814148
ele-fashion,44,residual_protected,67,post_optimizer_step,1.3925879001617432,1.2717171907424927
ele-fashion,44,residual_protected,68,post_optimizer_step,1.402835488319397,1.2835582494735718
ele-fashion,44,residual_protected,69,post_optimizer_step,1.4116607904434204,1.2952148914337158
ele-fashion,44,residual_protected,70,post_optimizer_step,1.4217941761016846,1.306516170501709
ele-fashion,44,residual_protected,71,post_optimizer_step,1.43247389793396,1.3179570436477661
ele-fashion,44,residual_protected,72,post_optimizer_step,1.4438992738723755,1.3289824724197388
ele-fashion,44,residual_protected,73,post_optimizer_step,1.4519509077072144,1.335801362991333
ele-fashion,44,residual_protected,74,post_optimizer_step,1.4606209993362427,1.3415004014968872
ele-fashion,44,residual_protected,75,post_optimizer_step,1.4687060117721558,1.346970558166504
ele-fashion,44,residual_protected,76,post_optimizer_step,1.4772412776947021,1.3507089614868164
ele-fashion,44,residual_protected,77,post_optimizer_step,1.4854191541671753,1.3578633069992065
ele-fashion,44,residual_protected,78,post_optimizer_step,1.4924514293670654,1.368838906288147
ele-fashion,44,residual_protected,79,post_optimizer_step,1.5005731582641602,1.3797532320022583
ele-fashion,44,residual_protected,80,post_optimizer_step,1.5112559795379639,1.3907195329666138
ele-fashion,44,residual_protected,81,post_optimizer_step,1.522476077079773,1.403531551361084
ele-fashion,44,residual_protected,82,post_optimizer_step,1.529984712600708,1.4173827171325684
ele-fashion,44,residual_protected,83,post_optimizer_step,1.5366090536117554,1.4270066022872925
ele-fashion,44,residual_protected,84,post_optimizer_step,1.5457698106765747,1.4323089122772217
ele-fashion,44,residual_protected,85,post_optimizer_step,1.5548704862594604,1.4377479553222656
ele-fashion,44,residual_protected,86,post_optimizer_step,1.5649560689926147,1.4445600509643555
ele-fashion,44,residual_protected,87,post_optimizer_step,1.575217843055725,1.4510878324508667
ele-fashion,44,residual_protected,88,post_optimizer_step,1.5841128826141357,1.457013487815857
ele-fashion,44,residual_protected,89,post_optimizer_step,1.5952411890029907,1.4655184745788574
ele-fashion,44,residual_protected,90,post_optimizer_step,1.6079182624816895,1.4753868579864502
ele-fashion,44,residual_protected,91,post_optimizer_step,1.6179485321044922,1.4837065935134888
ele-fashion,44,residual_protected,92,post_optimizer_step,1.6279739141464233,1.4931639432907104
ele-fashion,44,residual_protected,93,post_optimizer_step,1.6381841897964478,1.5035450458526611
ele-fashion,44,residual_protected,94,post_optimizer_step,1.6466023921966553,1.5120183229446411
ele-fashion,44,residual_protected,95,post_optimizer_step,1.653216004371643,1.519621729850769
ele-fashion,44,residual_protected,96,post_optimizer_step,1.6606321334838867,1.5279338359832764
ele-fashion,44,residual_protected,97,post_optimizer_step,1.670491337776184,1.536921501159668
ele-fashion,44,residual_protected,98,post_optimizer_step,1.6777974367141724,1.5433748960494995
ele-fashion,44,residual_protected,99,post_optimizer_step,1.6852428913116455,1.5517535209655762
ele-fashion,44,residual_protected,100,post_optimizer_step,1.6939777135849,1.5622401237487793
ele-fashion,44,residual_protected,101,post_optimizer_step,1.7030689716339111,1.5733150243759155
ele-fashion,44,residual_protected,102,post_optimizer_step,1.7101976871490479,1.5807100534439087
ele-fashion,44,residual_protected,103,post_optimizer_step,1.7171550989151,1.587475299835205
ele-fashion,44,residual_protected,104,post_optimizer_step,1.724645733833313,1.5971689224243164
ele-fashion,44,residual_protected,105,post_optimizer_step,1.7321832180023193,1.6046279668807983
ele-fashion,44,residual_protected,106,post_optimizer_step,1.7395833730697632,1.6105934381484985
ele-fashion,44,residual_protected,107,post_optimizer_step,1.7462233304977417,1.6181138753890991
ele-fashion,44,residual_protected,108,post_optimizer_step,1.7539879083633423,1.6245238780975342
ele-fashion,44,residual_protected,109,post_optimizer_step,1.7629809379577637,1.6335769891738892
ele-fashion,44,residual_protected,110,post_optimizer_step,1.7725061178207397,1.6430367231369019
ele-fashion,44,residual_protected,111,post_optimizer_step,1.7790014743804932,1.6441885232925415
ele-fashion,44,residual_protected,112,post_optimizer_step,1.7850905656814575,1.6510627269744873
ele-fashion,44,residual_protected,113,post_optimizer_step,1.7927602529525757,1.659912347793579
ele-fashion,44,residual_protected,114,post_optimizer_step,1.8018418550491333,1.6686766147613525
ele-fashion,44,residual_protected,115,post_optimizer_step,1.809779167175293,1.6753478050231934
ele-fashion,44,residual_protected,116,post_optimizer_step,1.8140839338302612,1.6855764389038086
ele-fashion,44,residual_protected,117,post_optimizer_step,1.820465087890625,1.6958554983139038
ele-fashion,44,residual_protected,118,post_optimizer_step,1.8278921842575073,1.7023042440414429
ele-fashion,44,residual_protected,119,post_optimizer_step,1.8328157663345337,1.7038326263427734
ele-fashion,44,residual_protected,120,post_optimizer_step,1.8392740488052368,1.707200288772583
ele-fashion,44,residual_protected,121,post_optimizer_step,1.846285104751587,1.712989330291748
ele-fashion,44,residual_protected,122,post_optimizer_step,1.854109764099121,1.7176264524459839
ele-fashion,44,residual_protected,123,post_optimizer_step,1.8639659881591797,1.7216459512710571
ele-fashion,44,residual_protected,124,post_optimizer_step,1.8725383281707764,1.729623556137085
ele-fashion,44,residual_protected,125,post_optimizer_step,1.8811309337615967,1.7384282350540161
ele-fashion,44,residual_protected,126,post_optimizer_step,1.8910188674926758,1.742982268333435
ele-fashion,44,residual_protected,127,post_optimizer_step,1.899932861328125,1.746882438659668
ele-fashion,44,residual_protected,128,post_optimizer_step,1.9089096784591675,1.7496942281723022
ele-fashion,44,residual_protected,129,post_optimizer_step,1.9156477451324463,1.7554155588150024
ele-fashion,44,residual_protected,130,post_optimizer_step,1.9233993291854858,1.7639391422271729
ele-fashion,44,residual_protected,131,post_optimizer_step,1.9323934316635132,1.7712961435317993
ele-fashion,44,residual_protected,132,post_optimizer_step,1.9395374059677124,1.7794212102890015
ele-fashion,44,residual_protected,133,post_optimizer_step,1.9449129104614258,1.7852503061294556
ele-fashion,44,residual_protected,134,post_optimizer_step,1.9528944492340088,1.7915769815444946
ele-fashion,44,residual_protected,135,post_optimizer_step,1.9626117944717407,1.7965490818023682
ele-fashion,44,residual_protected,136,post_optimizer_step,1.9709981679916382,1.7992750406265259
ele-fashion,44,residual_protected,137,post_optimizer_step,1.9785866737365723,1.8060764074325562
ele-fashion,44,residual_protected,138,post_optimizer_step,1.9858946800231934,1.8162988424301147
ele-fashion,44,residual_protected,108,best_checkpoint,1.7539879083633423,1.6245238780975342
ele-fashion,44,smooth_base,0,initial,0.0,0.0
ele-fashion,44,smooth_base,1,post_optimizer_step,0.0,0.0
ele-fashion,44,smooth_base,2,post_optimizer_step,0.0,0.0
ele-fashion,44,smooth_base,3,post_optimizer_step,0.0,0.0
ele-fashion,44,smooth_base,4,post_optimizer_step,0.0,0.0
ele-fashion,44,smooth_base,5,post_optimizer_step,0.0,0.0
ele-fashion,44,smooth_base,6,post_optimizer_step,0.0,0.0
ele-fashion,44,smooth_base,7,post_optimizer_step,0.0,0.0
ele-fashion,44,smooth_base,8,post_optimizer_step,0.0,0.0
ele-fashion,44,smooth_base,9,post_optimizer_step,0.0,0.0
ele-fashion,44,smooth_base,10,post_optimizer_step,0.0,0.0
ele-fashion,44,smooth_base,11,post_optimizer_step,0.0,0.0
ele-fashion,44,smooth_base,12,post_optimizer_step,0.0,0.0
ele-fashion,44,smooth_base,13,post_optimizer_step,0.0,0.0
ele-fashion,44,smooth_base,14,post_optimizer_step,0.0,0.0
ele-fashion,44,smooth_base,15,post_optimizer_step,0.0,0.0
ele-fashion,44,smooth_base,16,post_optimizer_step,0.0,0.0
ele-fashion,44,smooth_base,17,post_optimizer_step,0.0,0.0
ele-fashion,44,smooth_base,18,post_optimizer_step,0.0,0.0
ele-fashion,44,smooth_base,19,post_optimizer_step,0.0,0.0
ele-fashion,44,smooth_base,20,post_optimizer_step,0.0,0.0
ele-fashion,44,smooth_base,21,post_optimizer_step,0.0,0.0
ele-fashion,44,smooth_base,22,post_optimizer_step,0.0,0.0
ele-fashion,44,smooth_base,23,post_optimizer_step,0.0,0.0
ele-fashion,44,smooth_base,24,post_optimizer_step,0.0,0.0
ele-fashion,44,smooth_base,25,post_optimizer_step,0.0,0.0
ele-fashion,44,smooth_base,26,post_optimizer_step,0.0,0.0
ele-fashion,44,smooth_base,27,post_optimizer_step,0.0,0.0
ele-fashion,44,smooth_base,28,post_optimizer_step,0.0,0.0
ele-fashion,44,smooth_base,29,post_optimizer_step,0.0,0.0
ele-fashion,44,smooth_base,30,post_optimizer_step,0.0,0.0
ele-fashion,44,smooth_base,31,post_optimizer_step,0.0,0.0
ele-fashion,44,smooth_base,32,post_optimizer_step,0.0,0.0
ele-fashion,44,smooth_base,33,post_optimizer_step,0.0,0.0
ele-fashion,44,smooth_base,34,post_optimizer_step,0.0,0.0
ele-fashion,44,smooth_base,35,post_optimizer_step,0.0,0.0
ele-fashion,44,smooth_base,36,post_optimizer_step,0.0,0.0
ele-fashion,44,smooth_base,37,post_optimizer_step,0.0,0.0
ele-fashion,44,smooth_base,38,post_optimizer_step,0.0,0.0
ele-fashion,44,smooth_base,39,post_optimizer_step,0.0,0.0
ele-fashion,44,smooth_base,40,post_optimizer_step,0.0,0.0
ele-fashion,44,smooth_base,41,post_optimizer_step,0.0,0.0
ele-fashion,44,smooth_base,42,post_optimizer_step,0.0,0.0
ele-fashion,44,smooth_base,43,post_optimizer_step,0.0,0.0
ele-fashion,44,smooth_base,44,post_optimizer_step,0.0,0.0
ele-fashion,44,smooth_base,45,post_optimizer_step,0.0,0.0
ele-fashion,44,smooth_base,46,post_optimizer_step,0.0,0.0
ele-fashion,44,smooth_base,47,post_optimizer_step,0.0,0.0
ele-fashion,44,smooth_base,48,post_optimizer_step,0.0,0.0
ele-fashion,44,smooth_base,49,post_optimizer_step,0.0,0.0
ele-fashion,44,smooth_base,50,post_optimizer_step,0.0,0.0
ele-fashion,44,smooth_base,51,post_optimizer_step,0.0,0.0
ele-fashion,44,smooth_base,52,post_optimizer_step,0.0,0.0
ele-fashion,44,smooth_base,53,post_optimizer_step,0.0,0.0
ele-fashion,44,smooth_base,54,post_optimizer_step,0.0,0.0
ele-fashion,44,smooth_base,55,post_optimizer_step,0.0,0.0
ele-fashion,44,smooth_base,56,post_optimizer_step,0.0,0.0
ele-fashion,44,smooth_base,57,post_optimizer_step,0.0,0.0
ele-fashion,44,smooth_base,58,post_optimizer_step,0.0,0.0
ele-fashion,44,smooth_base,59,post_optimizer_step,0.0,0.0
ele-fashion,44,smooth_base,60,post_optimizer_step,0.0,0.0
ele-fashion,44,smooth_base,61,post_optimizer_step,0.0,0.0
ele-fashion,44,smooth_base,62,post_optimizer_step,0.0,0.0
ele-fashion,44,smooth_base,63,post_optimizer_step,0.0,0.0
ele-fashion,44,smooth_base,64,post_optimizer_step,0.0,0.0
ele-fashion,44,smooth_base,65,post_optimizer_step,0.0,0.0
ele-fashion,44,smooth_base,66,post_optimizer_step,0.0,0.0
ele-fashion,44,smooth_base,67,post_optimizer_step,0.0,0.0
ele-fashion,44,smooth_base,68,post_optimizer_step,0.0,0.0
ele-fashion,44,smooth_base,69,post_optimizer_step,0.0,0.0
ele-fashion,44,smooth_base,70,post_optimizer_step,0.0,0.0
ele-fashion,44,smooth_base,71,post_optimizer_step,0.0,0.0
ele-fashion,44,smooth_base,72,post_optimizer_step,0.0,0.0
ele-fashion,44,smooth_base,73,post_optimizer_step,0.0,0.0
ele-fashion,44,smooth_base,74,post_optimizer_step,0.0,0.0
ele-fashion,44,smooth_base,75,post_optimizer_step,0.0,0.0
ele-fashion,44,smooth_base,76,post_optimizer_step,0.0,0.0
ele-fashion,44,smooth_base,77,post_optimizer_step,0.0,0.0
ele-fashion,44,smooth_base,78,post_optimizer_step,0.0,0.0
ele-fashion,44,smooth_base,79,post_optimizer_step,0.0,0.0
ele-fashion,44,smooth_base,80,post_optimizer_step,0.0,0.0
ele-fashion,44,smooth_base,81,post_optimizer_step,0.0,0.0
ele-fashion,44,smooth_base,82,post_optimizer_step,0.0,0.0
ele-fashion,44,smooth_base,83,post_optimizer_step,0.0,0.0
ele-fashion,44,smooth_base,84,post_optimizer_step,0.0,0.0
ele-fashion,44,smooth_base,85,post_optimizer_step,0.0,0.0
ele-fashion,44,smooth_base,86,post_optimizer_step,0.0,0.0
ele-fashion,44,smooth_base,87,post_optimizer_step,0.0,0.0
ele-fashion,44,smooth_base,88,post_optimizer_step,0.0,0.0
ele-fashion,44,smooth_base,89,post_optimizer_step,0.0,0.0
ele-fashion,44,smooth_base,90,post_optimizer_step,0.0,0.0
ele-fashion,44,smooth_base,91,post_optimizer_step,0.0,0.0
ele-fashion,44,smooth_base,92,post_optimizer_step,0.0,0.0
ele-fashion,44,smooth_base,93,post_optimizer_step,0.0,0.0
ele-fashion,44,smooth_base,94,post_optimizer_step,0.0,0.0
ele-fashion,44,smooth_base,95,post_optimizer_step,0.0,0.0
ele-fashion,44,smooth_base,96,post_optimizer_step,0.0,0.0
ele-fashion,44,smooth_base,97,post_optimizer_step,0.0,0.0
ele-fashion,44,smooth_base,98,post_optimizer_step,0.0,0.0
ele-fashion,44,smooth_base,99,post_optimizer_step,0.0,0.0
ele-fashion,44,smooth_base,100,post_optimizer_step,0.0,0.0
ele-fashion,44,smooth_base,101,post_optimizer_step,0.0,0.0
ele-fashion,44,smooth_base,102,post_optimizer_step,0.0,0.0
ele-fashion,44,smooth_base,103,post_optimizer_step,0.0,0.0
ele-fashion,44,smooth_base,104,post_optimizer_step,0.0,0.0
ele-fashion,44,smooth_base,105,post_optimizer_step,0.0,0.0
ele-fashion,44,smooth_base,106,post_optimizer_step,0.0,0.0
ele-fashion,44,smooth_base,107,post_optimizer_step,0.0,0.0
ele-fashion,44,smooth_base,108,post_optimizer_step,0.0,0.0
ele-fashion,44,smooth_base,109,post_optimizer_step,0.0,0.0
ele-fashion,44,smooth_base,110,post_optimizer_step,0.0,0.0
ele-fashion,44,smooth_base,111,post_optimizer_step,0.0,0.0
ele-fashion,44,smooth_base,112,post_optimizer_step,0.0,0.0
ele-fashion,44,smooth_base,113,post_optimizer_step,0.0,0.0
ele-fashion,44,smooth_base,114,post_optimizer_step,0.0,0.0
ele-fashion,44,smooth_base,115,post_optimizer_step,0.0,0.0
ele-fashion,44,smooth_base,116,post_optimizer_step,0.0,0.0
ele-fashion,44,smooth_base,117,post_optimizer_step,0.0,0.0
ele-fashion,44,smooth_base,118,post_optimizer_step,0.0,0.0
ele-fashion,44,smooth_base,119,post_optimizer_step,0.0,0.0
ele-fashion,44,smooth_base,120,post_optimizer_step,0.0,0.0
ele-fashion,44,smooth_base,121,post_optimizer_step,0.0,0.0
ele-fashion,44,smooth_base,122,post_optimizer_step,0.0,0.0
ele-fashion,44,smooth_base,123,post_optimizer_step,0.0,0.0
ele-fashion,44,smooth_base,124,post_optimizer_step,0.0,0.0
ele-fashion,44,smooth_base,125,post_optimizer_step,0.0,0.0
ele-fashion,44,smooth_base,126,post_optimizer_step,0.0,0.0
ele-fashion,44,smooth_base,127,post_optimizer_step,0.0,0.0
ele-fashion,44,smooth_base,128,post_optimizer_step,0.0,0.0
ele-fashion,44,smooth_base,129,post_optimizer_step,0.0,0.0
ele-fashion,44,smooth_base,130,post_optimizer_step,0.0,0.0
ele-fashion,44,smooth_base,131,post_optimizer_step,0.0,0.0
ele-fashion,44,smooth_base,132,post_optimizer_step,0.0,0.0
ele-fashion,44,smooth_base,133,post_optimizer_step,0.0,0.0
ele-fashion,44,smooth_base,134,post_optimizer_step,0.0,0.0
ele-fashion,44,smooth_base,135,post_optimizer_step,0.0,0.0
ele-fashion,44,smooth_base,136,post_optimizer_step,0.0,0.0
ele-fashion,44,smooth_base,137,post_optimizer_step,0.0,0.0
ele-fashion,44,smooth_base,138,post_optimizer_step,0.0,0.0
ele-fashion,44,smooth_base,139,post_optimizer_step,0.0,0.0
ele-fashion,44,smooth_base,140,post_optimizer_step,0.0,0.0
ele-fashion,44,smooth_base,141,post_optimizer_step,0.0,0.0
ele-fashion,44,smooth_base,142,post_optimizer_step,0.0,0.0
ele-fashion,44,smooth_base,143,post_optimizer_step,0.0,0.0
ele-fashion,44,smooth_base,144,post_optimizer_step,0.0,0.0
ele-fashion,44,smooth_base,145,post_optimizer_step,0.0,0.0
ele-fashion,44,smooth_base,146,post_optimizer_step,0.0,0.0
ele-fashion,44,smooth_base,147,post_optimizer_step,0.0,0.0
ele-fashion,44,smooth_base,148,post_optimizer_step,0.0,0.0
ele-fashion,44,smooth_base,149,post_optimizer_step,0.0,0.0
ele-fashion,44,smooth_base,150,post_optimizer_step,0.0,0.0
ele-fashion,44,smooth_base,151,post_optimizer_step,0.0,0.0
ele-fashion,44,smooth_base,152,post_optimizer_step,0.0,0.0
ele-fashion,44,smooth_base,122,best_checkpoint,0.0,0.0
