dataset,host_seed,receiver_id,sender_id,directed_edge_index,modality,hop,normalized_edge_weight,receiver_indegree,sender_indegree,receiver_sample_probability,edge_sample_probability,semantic_cosine_text,semantic_cosine_visual,role_score_text,role_score_visual,support_flag_text,support_flag_visual,router_cosine_active_modality,router_reliability_active_modality,raw_message_rms,raw_receiver_hop_state_rms,message_to_state_rms_ratio,baseline_loss,baseline_entropy,baseline_max_prob,baseline_margin,delta_delete,compensation_feasible,comp_scale,delta_comp
Movies,42,7870,10014,87592,text,2,0.12309148907661438,6,11,0.14994002399040385,0.6666666666666666,0.9414010643959045,0.6129249334335327,-0.014660477638244629,0.017109394073486328,False,True,0.8834547996520996,0.9417273998260498,0.0988185927271843,0.59343022108078,0.16652099788188934,2.9763846397399902,0.3916570246219635,0.9187960624694824,0.8678192496299744,0.0004162788391113281,True,1.3458874225616455,0.00014662742614746094
Movies,42,13302,11334,100636,visual,3,0.14433756470680237,6,8,0.14994002399040385,0.6666666666666666,0.9948991537094116,0.7531899213790894,0.0139540433883667,0.03337979316711426,True,True,0.9491510391235352,0.9745755195617676,0.14439547061920166,0.9492848515510559,0.15210974216461182,0.10596570372581482,0.4541018009185791,0.8994554877281189,0.8331645131111145,-0.0011699572205543518,True,1.1279270648956299,0.0005517229437828064
Movies,42,10054,2542,21382,text,2,0.031943827867507935,20,49,0.15,0.2,0.9827778339385986,0.4827856719493866,0.023957371711730957,-0.08890292048454285,True,False,0.8787821531295776,0.9393910765647888,0.042374517768621445,0.9014864563941956,0.04700516164302826,0.0941423550248146,0.40024107694625854,0.9101532101631165,0.8429524302482605,-0.0002514272928237915,True,1.0226374864578247,-0.00017405301332473755
Movies,42,13001,3635,29979,text,1,0.15811388194561005,4,10,0.14994002399040385,1.0,0.9222865700721741,0.5057500600814819,-0.01615816354751587,-0.050518810749053955,False,False,0.7651063799858093,0.882553219795227,0.1578391194343567,0.38585740327835083,0.4090607464313507,0.1672203540802002,0.6080544590950012,0.8460131883621216,0.734778881072998,0.003529459238052368,True,1.4977682828903198,0.004805862903594971
Movies,42,7168,10957,97040,visual,1,0.05025189369916916,9,44,0.14994002399040385,0.4444444444444444,0.9420856237411499,0.6089408993721008,-0.02281022071838379,-0.028722405433654785,False,False,0.9193804264068604,0.9596902132034302,0.05000300332903862,0.5804028511047363,0.08615223318338394,0.8612489104270935,1.1264175176620483,0.45091310143470764,0.028279215097427368,0.024577736854553223,True,1.0719208717346191,0.030022740364074707
Movies,42,5849,13788,127305,visual,2,0.5,4,1,0.14994002399040385,1.0,0.9214413166046143,0.28868648409843445,-0.023851394653320312,-0.057302325963974,False,False,0.8280700445175171,0.9140350222587585,0.24916115403175354,0.6284255385398865,0.39648476243019104,0.5305337309837341,1.435887336730957,0.5882908701896667,0.4629307985305786,0.02986663579940796,True,1.8912588357925415,0.019822299480438232
Movies,42,6464,11127,98788,text,3,0.018993429839611053,36,77,0.15,0.1111111111111111,0.9653652310371399,0.6898015737533569,0.0034949183464050293,0.05715245008468628,True,True,0.6352351903915405,0.8176175951957703,0.028677990660071373,1.051368236541748,0.02727682888507843,0.39930322766304016,0.9018459916114807,0.6707872748374939,0.406178742647171,-0.00022879242897033691,True,1.0139381885528564,-0.0001182854175567627
Movies,42,14438,12312,110184,visual,2,0.40824827551841736,3,2,0.14994002399040385,1.0,0.980052649974823,0.8024396896362305,-0.0009937882423400879,-0.04137486219406128,False,False,0.9603023529052734,0.9801511764526367,0.2948671579360962,0.9300638437271118,0.31703969836235046,0.34634435176849365,0.9404613375663757,0.7072688937187195,0.514922022819519,-0.015798091888427734,True,1.6563388109207153,-0.001950979232788086
Movies,42,1415,10438,92047,text,3,0.06741998344659805,10,22,0.14994002399040385,0.4,0.9796371459960938,0.6073489189147949,0.007506966590881348,0.04127222299575806,True,True,0.9533582925796509,0.9766791462898254,0.0603049136698246,0.6707333922386169,0.08990892022848129,0.13433220982551575,0.481624573469162,0.8742995858192444,0.7694405317306519,0.0001787245273590088,True,1.0933200120925903,-3.378093242645264e-05
Movies,42,12706,16253,155761,visual,1,0.05212860181927681,4,92,0.14994002399040385,1.0,0.9475539922714233,0.4170391261577606,-0.008610129356384277,-0.1206001341342926,False,False,0.709779679775238,0.8548898696899414,0.05191732197999954,0.33072417974472046,0.1569807231426239,0.21007898449897766,0.875699520111084,0.8105202317237854,0.7697703242301941,-0.0029594600200653076,True,1.1257201433181763,-0.009369969367980957
Movies,42,15056,10209,89632,text,3,0.12309148907661438,3,22,0.14994002399040385,1.0,0.9865816235542297,0.35911697149276733,0.02671712636947632,-0.0694780945777893,True,False,0.9087104201316833,0.9543552398681641,0.12886327505111694,0.5314935445785522,0.24245502054691315,0.28083354234695435,0.9180712699890137,0.755154013633728,0.6103214025497437,-0.0008117556571960449,True,1.1507556438446045,-0.0004832446575164795
Movies,42,14615,16024,152620,text,4,0.021368691697716713,30,73,0.15,0.13333333333333333,0.9927947521209717,0.6613287925720215,0.009922921657562256,0.005286216735839844,True,True,0.9827898740768433,0.9913949370384216,0.0319097600877285,0.9461761713027954,0.03372496739029884,0.5956007242202759,1.0698713064193726,0.551231324672699,0.2049197256565094,-0.0014092326164245605,True,1.0215386152267456,-0.0005919337272644043
Movies,42,2631,2320,19682,visual,1,0.05360562726855278,4,87,0.14994002399040385,1.0,0.9711881875991821,0.6717731952667236,-0.008096516132354736,-0.004881739616394043,False,False,0.9353089928627014,0.9676544666290283,0.05352574214339256,0.3651066720485687,0.14660301804542542,0.05017709359526634,0.28553834557533264,0.9510610103607178,0.9324232339859009,0.0015273578464984894,True,1.1455429792404175,0.0018691718578338623
Movies,42,6938,1679,14777,text,2,0.04335550218820572,19,28,0.15,0.21052631578947367,0.991514265537262,0.7484864592552185,0.01753145456314087,0.05059248208999634,True,True,0.9733387231826782,0.9866693615913391,0.0458671934902668,0.9551206231117249,0.04802240803837776,0.3743519186973572,0.8789713382720947,0.687734842300415,0.4498361051082611,-0.0001366138458251953,True,1.0481064319610596,-4.634261131286621e-05
Movies,42,15900,14964,140593,visual,1,0.015982110053300858,29,135,0.15,0.13793103448275862,0.9913328886032104,0.6110426783561707,0.015600025653839111,0.004959285259246826,True,True,0.7299981713294983,0.8649990558624268,0.015950150787830353,1.0400385856628418,0.015336114913225174,0.07558492571115494,0.3651420474052429,0.927200973033905,0.8955753445625305,0.00024368613958358765,True,1.0113228559494019,0.00027474015951156616
Movies,42,15234,5942,48964,visual,1,0.25819888710975647,5,3,0.14994002399040385,0.8,0.9639791250228882,0.6401469707489014,0.007408022880554199,0.03510546684265137,True,True,0.7890980839729309,0.8945490121841431,0.2570052444934845,0.5089024901390076,0.5050186514854431,2.029062509536743,0.7441247701644897,0.7900713086128235,0.6586126089096069,-0.174582839012146,True,1.5827562808990479,-0.09181582927703857
Movies,42,12964,16030,152752,text,1,0.08058229833841324,14,11,0.15,0.2857142857142857,0.9798836708068848,0.617224931716919,0.036235690116882324,0.0011762380599975586,True,True,0.8982870578765869,0.9491435289382935,0.08062295615673065,1.0117334127426147,0.0796879455447197,0.33595362305641174,0.9592604637145996,0.7146562337875366,0.5275360941886902,0.0030571818351745605,True,1.0604156255722046,0.0010740458965301514
Movies,42,11849,11446,101429,text,4,0.7071067690849304,1,2,0.14994002399040385,1.0,0.948762834072113,0.5429463982582092,-0.010121822357177734,-0.024044454097747803,False,False,0.6222518682479858,0.8111259341239929,0.7929420471191406,0.7929420471191406,1.0,0.6636797189712524,1.1008011102676392,0.5149529576301575,0.1552114188671112,-0.08516770601272583,False,,
Movies,42,10059,11499,102019,text,4,0.11470786482095718,19,4,0.15,0.21052631578947367,0.989264190196991,0.5578490495681763,0.0026784539222717285,-0.08714723587036133,True,False,0.954769492149353,0.9773847460746765,0.05091628432273865,0.9081082940101624,0.05606851726770401,0.27150291204452515,0.8300760984420776,0.7622330784797668,0.6405823826789856,-0.00040459632873535156,True,1.12192702293396,0.0003229975700378418
Movies,42,3580,1377,12210,visual,3,0.08451542258262634,10,14,0.14994002399040385,0.4,0.9862732887268066,0.5815712809562683,0.007755875587463379,-0.06978082656860352,True,False,0.8852413892745972,0.9426206946372986,0.06127040088176727,0.6766039133071899,0.09055578708648682,0.008571973070502281,0.06739326566457748,0.9914646744728088,0.9890674948692322,-0.00011843442916870117,True,1.1056923866271973,9.573996067047119e-06
Movies,42,3020,4422,36526,visual,4,0.3162277638912201,1,10,0.14994002399040385,1.0,0.9539138078689575,0.6250601410865784,0.00260317325592041,0.0021799206733703613,True,True,0.8472373485565186,0.9236186742782593,0.16809850931167603,0.16809850931167603,1.0,0.20903879404067993,0.6677075028419495,0.8113637566566467,0.6680122017860413,0.04681488871574402,False,,
Movies,42,4628,4996,40926,text,4,0.28867512941360474,4,3,0.14994002399040385,1.0,0.9720302820205688,0.5240903496742249,0.0008345842361450195,-0.02082163095474243,True,False,0.874476969242096,0.9372384548187256,0.20010614395141602,0.8108620047569275,0.24678198993206024,0.6529399752616882,1.0287188291549683,0.5205132365226746,0.11457151174545288,-0.00608903169631958,True,1.3767904043197632,-0.003097355365753174
Movies,42,7879,4517,37225,text,3,0.22360679507255554,2,10,0.14994002399040385,1.0,0.9689593315124512,0.608612596988678,-0.0030188560485839844,-0.05433166027069092,False,False,0.9495366215705872,0.9747682809829712,0.26627057790756226,0.5657793879508972,0.4706261456012726,0.07966138422489166,0.37325921654701233,0.9234289526939392,0.8838650584220886,-0.0005489066243171692,True,1.4472136497497559,-0.00025156885385513306
Movies,42,15739,14126,131300,visual,1,0.05439282953739166,13,26,0.15,0.3076923076923077,0.9289593696594238,0.619090735912323,-0.029762864112854004,-0.04602748155593872,False,False,0.9175773859024048,0.9587886929512024,0.054263047873973846,0.9845970869064331,0.05511193349957466,0.6382907629013062,1.3409398794174194,0.5281944870948792,0.3053879141807556,0.008234679698944092,True,1.0457223653793335,0.0009573101997375488
Movies,42,5766,15891,151056,visual,1,0.08451543003320694,5,28,0.14994002399040385,0.8,0.9792012572288513,0.49720993638038635,0.0006566047668457031,0.016272634267807007,True,True,0.6916446089744568,0.8458223342895508,0.08443111181259155,0.4389876127243042,0.19233141839504242,1.7645660638809204,0.6289556622505188,0.8003501296043396,0.6290890574455261,0.09942328929901123,True,1.1669447422027588,0.05621492862701416
Movies,42,10054,2542,21382,text,4,0.031943827867507935,20,49,0.15,0.2,0.9827778339385986,0.4827856719493866,0.023957371711730957,-0.08890292048454285,True,False,0.8787821531295776,0.9393910765647888,0.04191095009446144,0.8994085192680359,0.046598345041275024,0.0941423550248146,0.40024107694625854,0.9101532101631165,0.8429524302482605,0.00010317564010620117,True,1.0226374864578247,7.594376802444458e-05
Movies,42,9641,12124,108704,visual,2,0.11180339753627777,10,8,0.14994002399040385,0.4,0.9884240627288818,0.7911739349365234,0.028525590896606445,0.08243787288665771,True,True,0.8641831278800964,0.9320915937423706,0.0738045796751976,0.6789186000823975,0.10870902240276337,0.7607613205909729,1.5738359689712524,0.46731051802635193,0.2797493636608124,-0.011476695537567139,True,1.1159172058105469,-0.0022786855697631836
Movies,42,12284,8852,76081,visual,3,0.21320071816444397,2,11,0.14994002399040385,1.0,0.9177942276000977,0.737801194190979,-0.02346348762512207,0.16938215494155884,False,True,0.8127059936523438,0.9063529968261719,0.13154393434524536,0.23928038775920868,0.5497480630874634,0.21285828948020935,0.7693063020706177,0.8082706928253174,0.696563720703125,0.0019831061363220215,True,2.537412166595459,-0.0031595826148986816
Movies,42,13874,8268,70481,visual,2,0.09449111670255661,14,8,0.15,0.2857142857142857,0.9550934433937073,0.7455043792724609,-0.004683494567871094,0.01644158363342285,False,True,0.9536813497543335,0.9768406748771667,0.06695476919412613,1.0040814876556396,0.0666826069355011,0.43342891335487366,1.1041584014892578,0.6482823491096497,0.4585479497909546,-0.007529497146606445,True,1.0795255899429321,0.00019803643226623535
Movies,42,11091,6331,52326,text,3,0.09759001433849335,15,7,0.15,0.26666666666666666,0.959170937538147,0.5576612949371338,-0.005824446678161621,-0.08774662017822266,False,False,0.922279417514801,0.9611396789550781,0.06397083401679993,0.81156325340271,0.07882421463727951,0.17122887074947357,0.6849523782730103,0.8426287174224854,0.7821829915046692,7.724761962890625e-05,True,1.1015474796295166,-0.00012727081775665283
Movies,42,5942,12171,109070,visual,3,0.19245009124279022,3,9,0.14994002399040385,1.0,0.9664684534072876,0.6251630187034607,0.010224223136901855,0.06314462423324585,True,True,0.7917072176933289,0.8958536386489868,0.13568463921546936,0.4217509329319,0.3217174708843231,0.4778101444244385,1.4054065942764282,0.6201399564743042,0.49414485692977905,0.03733992576599121,True,1.3253417015075684,0.0072654783725738525
Movies,42,7769,6334,52338,visual,2,0.0980580672621727,8,13,0.14994002399040385,0.5,0.9843276739120483,0.7901304960250854,0.02089869976043701,0.14608335494995117,True,True,0.8837244510650635,0.9418622255325317,0.05226106941699982,0.5627018213272095,0.09287524223327637,0.08800411969423294,0.41362249851226807,0.9157571196556091,0.867637574672699,0.001560300588607788,True,1.1029475927352905,0.0015770867466926575
Movies,42,6609,9242,79664,visual,1,0.056613851338624954,24,13,0.15,0.16666666666666666,0.9764199256896973,0.5310065746307373,0.0019369125366210938,-0.02326035499572754,True,False,0.94504714012146,0.97252357006073,0.056540556252002716,1.0203301906585693,0.05541398003697395,0.38253799080848694,1.0495761632919312,0.6821279525756836,0.49092936515808105,0.003115147352218628,True,1.0469950437545776,0.001963794231414795
Movies,42,15341,13439,123471,text,2,0.1178511306643486,9,8,0.14994002399040385,0.4444444444444444,0.9686474800109863,0.7936222553253174,-0.013386845588684082,0.12859433889389038,False,True,0.8879239559173584,0.9439619779586792,0.09361694008111954,0.813083827495575,0.11513811349868774,1.7217621803283691,0.615715503692627,0.7998058795928955,0.621055006980896,0.0006210803985595703,True,1.1775538921356201,-0.0003635883331298828
Movies,42,12728,12798,116038,text,3,0.058321189135313034,42,7,0.15,0.09523809523809523,0.9817332029342651,0.7610719203948975,0.012825727462768555,0.07893669605255127,True,True,0.9591419696807861,0.9795709848403931,0.031350284814834595,1.2432384490966797,0.025216631591320038,3.0753936767578125,1.087385892868042,0.6028401255607605,0.32498636841773987,-0.0008590221405029297,True,1.0325227975845337,0.00018143653869628906
Movies,42,15143,14964,140573,text,1,0.01656346768140793,27,135,0.15,0.14814814814814814,0.9876694679260254,0.6386452913284302,0.003151535987854004,-0.007389187812805176,True,False,0.9727246761322021,0.9863623380661011,0.0165115837007761,0.7599673271179199,0.02172670140862465,0.48367154598236084,0.9715121984481812,0.6165156364440918,0.30363017320632935,-0.00016707181930541992,True,1.0209351778030396,-0.0009179115295410156
Movies,42,5698,11534,102457,visual,1,0.05270462855696678,9,40,0.14994002399040385,0.4444444444444444,0.9353426694869995,0.7646235227584839,-0.028440475463867188,0.04281759262084961,False,True,0.9631977677345276,0.9815988540649414,0.05253002792596817,0.6175591349601746,0.0850607231259346,0.2778209447860718,0.8653087019920349,0.7574324011802673,0.5985814929008484,0.00014337897300720215,True,1.0639266967773438,-0.0036845803260803223
Movies,42,3683,13751,126979,visual,3,0.0766965001821518,17,10,0.15,0.23529411764705882,0.9919933080673218,0.7478386163711548,0.011814594268798828,0.05647242069244385,True,True,0.9284594058990479,0.9642297029495239,0.057406459003686905,0.9397237300872803,0.06108865514397621,1.1108765602111816,1.2386906147003174,0.529418408870697,0.20014816522598267,0.0004736185073852539,True,1.0620051622390747,-0.001534581184387207
Movies,42,11873,12152,108967,text,4,0.03959037736058235,29,22,0.15,0.13793103448275862,0.9956899285316467,0.7722580432891846,0.016349375247955322,0.07607674598693848,True,True,0.9890425801277161,0.9945212602615356,0.03577860817313194,1.0511125326156616,0.03403880074620247,0.1110544204711914,0.5022996664047241,0.8948900699615479,0.8349170088768005,-0.00010593235492706299,True,1.0340603590011597,2.0265579223632812e-06
Movies,42,2397,9266,79944,visual,4,0.031158847734332085,10,103,0.14994002399040385,0.4,0.9719427227973938,0.7670403122901917,0.04093044996261597,0.1224413514137268,True,True,0.9342154264450073,0.9671077132225037,0.0524057112634182,0.5084400177001953,0.10307157039642334,0.5684292316436768,1.3354072570800781,0.5664144158363342,0.33693939447402954,0.003580927848815918,True,1.0313153266906738,0.001895606517791748
Movies,42,9309,7392,62876,text,2,0.02691909484565258,60,23,0.15,0.06666666666666667,0.9546310305595398,0.4972173571586609,-0.00792306661605835,-0.034693896770477295,False,False,0.8636854887008667,0.9318427443504333,0.021323028951883316,1.3019400835037231,0.01637788861989975,1.810703158378601,0.9955184459686279,0.6842518448829651,0.5207127332687378,-0.0011192560195922852,True,1.0135966539382935,-0.00022029876708984375
Movies,42,13056,15334,144672,text,4,0.09245003759860992,3,39,0.14994002399040385,1.0,0.9235098361968994,0.6822002530097961,-0.017715752124786377,0.021809935569763184,False,True,0.5218185782432556,0.7609093189239502,0.14567410945892334,0.4376458525657654,0.3328584134578705,0.13499891757965088,0.5566126704216003,0.8737168312072754,0.8220813274383545,0.002219259738922119,True,1.3632892370224,0.00045797228813171387
Movies,42,1865,15554,147458,visual,2,0.267261266708374,2,7,0.14994002399040385,1.0,0.9535073041915894,0.392512708902359,-0.003558516502380371,-0.09330210089683533,False,False,0.784276008605957,0.8921380043029785,0.12743331491947174,0.24685508012771606,0.5162272453308105,0.30041247606277466,0.8032790422439575,0.7405127286911011,0.5458520650863647,-0.0062715113162994385,True,3.5354628562927246,-0.016976475715637207
Movies,42,7918,9365,81284,visual,2,0.25,4,4,0.14994002399040385,1.0,0.9945216178894043,0.5747311115264893,0.03579908609390259,-0.09104710817337036,True,False,0.7952260375022888,0.8976130485534668,0.19893886148929596,0.7913472056388855,0.2513926327228546,3.105449676513672,1.5344078540802002,0.3874731659889221,0.015332698822021484,-0.011326313018798828,True,1.3333333730697632,0.0036950111389160156
Movies,42,8684,5342,43441,text,2,0.08671100437641144,7,19,0.14994002399040385,0.5714285714285714,0.9766320586204529,0.4413118064403534,0.00795060396194458,-0.08334699273109436,True,False,0.9586107730865479,0.9793053865432739,0.08202379941940308,0.6200739145278931,0.13228067755699158,0.027391215786337852,0.15962277352809906,0.9729804992675781,0.9552896022796631,0.00016422569751739502,True,1.1403234004974365,-1.5426427125930786e-05
Movies,42,8024,9772,85118,text,3,0.40824827551841736,2,3,0.14994002399040385,1.0,0.9972504377365112,0.6040197014808655,0.0006860494613647461,-0.006844699382781982,True,False,0.9940868616104126,0.9970434308052063,0.39133504033088684,0.750068724155426,0.5217322707176208,0.12122421711683273,0.4208662509918213,0.8858352899551392,0.7862277030944824,0.005927450954914093,True,2.4142136573791504,-0.0009702965617179871
Movies,42,14330,15219,143372,text,4,0.0990147516131401,6,17,0.14994002399040385,0.6666666666666666,0.9646130204200745,0.5946353077888489,0.0032611489295959473,0.050078749656677246,True,True,0.5211533308029175,0.7605766654014587,0.08867328613996506,0.5368460416793823,0.16517451405525208,0.6684439778327942,1.5972431898117065,0.5125054121017456,0.3302189111709595,0.005525767803192139,True,1.1476869583129883,0.0023688673973083496
Movies,42,1700,557,5596,text,2,0.10482849180698395,7,13,0.14994002399040385,0.5714285714285714,0.9559298157691956,0.7096225023269653,0.0027189254760742188,0.1577242612838745,True,True,0.3120288848876953,0.6560144424438477,0.10019546747207642,0.6237353086471558,0.16063779592514038,0.4303947389125824,1.2132362127304077,0.6502523422241211,0.5028637647628784,0.0005612075328826904,True,1.138753890991211,0.00036278367042541504
Movies,42,1260,2218,18935,text,2,0.7071067690849304,2,1,0.14994002399040385,1.0,0.9805880188941956,0.7387536764144897,-0.002146303653717041,0.012509822845458984,False,True,0.9679663777351379,0.9839831590652466,0.5006753206253052,0.591355562210083,0.8466569781303406,0.043294940143823624,0.23734116554260254,0.9576289057731628,0.9342139959335327,-6.769970059394836e-05,True,7.999999046325684,-0.00035680830478668213
Movies,42,4781,3518,29113,visual,4,0.04950737580657005,17,24,0.15,0.23529411764705882,0.9171419143676758,0.6412630081176758,-0.036811232566833496,0.033709704875946045,False,True,0.8356324434280396,0.9178162217140198,0.040655236691236496,0.6861782670021057,0.059248797595500946,0.32827603816986084,1.0756465196609497,0.7201641798019409,0.6155874133110046,0.0015175342559814453,True,1.0534743070602417,0.00036600232124328613
Movies,42,13949,16473,158205,visual,2,0.05270462483167648,24,15,0.15,0.16666666666666666,0.9868971705436707,0.6651694178581238,0.04376053810119629,0.06179279088973999,True,True,0.8982112407684326,0.9491056203842163,0.039486706256866455,0.8394507169723511,0.047038741409778595,0.7037659287452698,1.1499403715133667,0.4947187304496765,0.15882790088653564,-0.0008231997489929199,True,1.0364152193069458,0.0027364492416381836
Movies,42,8962,16290,156241,text,1,0.02860647812485695,26,47,0.15,0.15384615384615385,0.9367167353630066,0.3639068901538849,-0.016974329948425293,-0.14813515543937683,False,False,0.8290587067604065,0.9145293235778809,0.028535064309835434,0.9228834509849548,0.03091946616768837,0.7402775287628174,1.4672030210494995,0.476981520652771,0.2787681818008423,0.001497507095336914,True,1.0213552713394165,0.0016022920608520508
Movies,42,15354,326,2629,visual,4,0.06593804806470871,23,10,0.15,0.17391304347826086,0.9820368885993958,0.5244649648666382,0.01648503541946411,-0.008730769157409668,True,False,0.7829502820968628,0.8914751410484314,0.03756963089108467,0.9487396478652954,0.03959951549768448,0.07520274072885513,0.38160961866378784,0.9275553822517395,0.9013362526893616,-0.0006886646151542664,True,1.0429691076278687,9.144097566604614e-05
Movies,42,1215,5427,44163,text,4,0.11180339753627777,10,8,0.14994002399040385,0.4,0.9840617179870605,0.5550754070281982,0.00759512186050415,-0.04194533824920654,True,False,0.9525288939476013,0.976264476776123,0.06680769473314285,0.6090282797813416,0.10969555377960205,0.6897666454315186,1.175053358078003,0.5016931295394897,0.11848729848861694,-0.00905752182006836,True,1.144641637802124,0.0037204623222351074
Movies,42,4128,1952,16961,text,4,0.5,4,1,0.14994002399040385,1.0,0.956991970539093,0.6014791131019592,-0.005206465721130371,-0.00286710262298584,False,False,0.8572009801864624,0.9286004900932312,0.15835492312908173,0.4796849489212036,0.33012276887893677,0.0722387507557869,0.3424392640590668,0.9303087592124939,0.8881679773330688,0.00026491284370422363,True,1.8473262786865234,0.00016833841800689697
Movies,42,12821,9231,79523,text,1,0.28867512941360474,1,12,0.14994002399040385,1.0,0.9901493191719055,0.6807178854942322,0.015957355499267578,0.046916842460632324,True,True,0.9208803176879883,0.9604401588439941,0.2883203625679016,0.2883203625679016,1.0,0.06474955379962921,0.3581171929836273,0.9373021721839905,0.9188289642333984,0.0006118938326835632,False,,
Movies,42,11648,11698,104140,text,2,0.03806934878230095,30,23,0.15,0.13333333333333333,0.9924032688140869,0.794018030166626,0.012198090553283691,0.06743395328521729,True,True,0.9693549871444702,0.9846774935722351,0.03471973538398743,0.9471190571784973,0.036658257246017456,5.898923397064209,1.388147234916687,0.48081687092781067,0.3055564761161804,-2.1457672119140625e-05,True,1.0334962606430054,2.1457672119140625e-05
Movies,42,6108,6103,50296,visual,1,0.25819888710975647,3,5,0.14994002399040385,1.0,0.9961809515953064,0.8924152851104736,0.0005844235420227051,0.07644474506378174,True,True,0.9376994371414185,0.9688497185707092,0.2573696970939636,0.7073366641998291,0.3638574182987213,0.18531383574008942,0.604060173034668,0.8308435082435608,0.7302904725074768,-0.012651681900024414,True,1.5227744579315186,-0.004197970032691956
Movies,42,365,4733,38711,visual,4,0.03904344141483307,16,41,0.15,0.25,0.9644573926925659,0.6758190989494324,0.005678713321685791,0.017164647579193115,True,True,0.8446068167686462,0.9223034381866455,0.03540633246302605,0.5569013357162476,0.06357739120721817,0.02525300718843937,0.16116362810134888,0.9750632047653198,0.9632360339164734,0.00037606991827487946,True,1.0659209489822388,-3.789365291595459e-05
Movies,42,5701,5472,44477,text,2,0.17407765984535217,3,11,0.14994002399040385,1.0,0.939663290977478,0.5286681652069092,-0.01467132568359375,0.06888630986213684,False,True,0.7943359613418579,0.897167980670929,0.18062227964401245,0.49167096614837646,0.36736413836479187,1.802865743637085,1.7225452661514282,0.27430230379104614,0.017242878675460815,-0.0049898624420166016,True,1.4376184940338135,-0.001344919204711914
Movies,42,12190,12151,108947,visual,4,0.09534625709056854,10,11,0.14994002399040385,0.4,0.9952390789985657,0.7156502604484558,0.007482469081878662,-0.04857391119003296,True,False,0.9052774310112,0.9526387453079224,0.07561451941728592,0.6939252614974976,0.10896637290716171,0.06773556768894196,0.35775309801101685,0.9345075488090515,0.9118056893348694,0.0011727064847946167,True,1.123399257659912,0.00037958472967147827
Movies,42,8033,7384,62789,text,1,0.13608276844024658,3,18,0.14994002399040385,1.0,0.9556981921195984,0.6161575317382812,0.009993672370910645,0.08314621448516846,True,True,0.8028203248977661,0.9014101624488831,0.13627631962299347,0.3768499493598938,0.36161959171295166,0.1741405725479126,0.7112016081809998,0.8401787877082825,0.7812903523445129,-0.004424601793289185,True,1.4623454809188843,-0.0010085999965667725
Movies,42,12739,12730,114977,text,2,0.11322770267724991,6,13,0.14994002399040385,0.6666666666666666,0.9851189255714417,0.8377184271812439,0.006108522415161133,0.13887906074523926,True,True,0.9247429370880127,0.9623714685440063,0.07497197389602661,0.4979747235774994,0.15055377781391144,0.0959324985742569,0.47735145688056946,0.9085253477096558,0.8751999735832214,-0.00013051927089691162,True,1.2614961862564087,4.2885541915893555e-05
Movies,42,12553,14543,135591,text,2,0.10050378739833832,9,11,0.14994002399040385,0.4444444444444444,0.9901153445243835,0.6828968524932861,0.03234642744064331,-0.00015270709991455078,True,False,0.9620943069458008,0.9810471534729004,0.07456900179386139,0.553881824016571,0.13462980091571808,0.18288490176200867,0.7672340869903564,0.832863986492157,0.7689687013626099,0.0007274895906448364,True,1.1544256210327148,7.367134094238281e-05
Movies,42,194,13993,129510,visual,1,0.117851123213768,3,24,0.14994002399040385,1.0,0.9789845943450928,0.6554200649261475,0.007362008094787598,-0.036813974380493164,True,False,0.9355218410491943,0.9677609205245972,0.11754567921161652,0.3803248405456543,0.3090665340423584,2.988776683807373,0.9824231266975403,0.5974559187889099,0.27635112404823303,0.04891395568847656,True,1.3849002122879028,-0.05580878257751465
Movies,42,14266,8656,74050,visual,3,0.28867512941360474,6,2,0.14994002399040385,0.6666666666666666,0.9883440136909485,0.4725864827632904,0.008720457553863525,-0.08461561799049377,True,False,0.855765700340271,0.9278828501701355,0.10855187475681305,0.546119213104248,0.19876955449581146,0.6023600101470947,1.3942413330078125,0.5475179553031921,0.36908793449401855,0.006833016872406006,True,1.4151874780654907,-0.006190598011016846
Movies,42,256,3697,30609,text,1,0.3535533845424652,4,2,0.14994002399040385,1.0,0.98591148853302,0.6566649079322815,0.013682246208190918,0.037014663219451904,True,True,0.9781776666641235,0.9890888333320618,0.3524957299232483,0.7282479405403137,0.4840325713157654,1.5544230937957764,1.2569856643676758,0.5330458283424377,0.32173460721969604,0.03561758995056152,True,1.6120468378067017,0.03349947929382324
Movies,42,14524,14525,135428,text,2,0.4472135901451111,5,1,0.14994002399040385,0.8,0.9775866866111755,0.7413727045059204,0.009711861610412598,0.06814247369766235,True,True,0.9497467875480652,0.974873423576355,0.19927766919136047,0.5523437261581421,0.3607856035232544,0.24096372723579407,0.7373288869857788,0.7858701348304749,0.6251338720321655,0.0005478113889694214,True,1.89765465259552,0.0018897652626037598
Movies,42,15367,7411,63026,text,1,0.235702246427536,6,3,0.14994002399040385,0.6666666666666666,0.9226592779159546,0.5009095072746277,-0.007208883762359619,0.005835771560668945,False,True,0.8416774272918701,0.9208387136459351,0.2348434329032898,0.8389819860458374,0.2799147367477417,1.0301158428192139,1.4038127660751343,0.4399115741252899,0.08294594287872314,0.025126934051513672,True,1.2731035947799683,0.03883790969848633
Movies,42,5653,1310,11730,text,1,0.01575438305735588,51,79,0.15,0.0784313725490196,0.9836545586585999,0.7002874612808228,0.0033974647521972656,-0.005347490310668945,True,False,0.9031032919883728,0.9515516757965088,0.01576153002679348,1.0588791370391846,0.01488510798662901,0.1533425897359848,0.5960673093795776,0.8578357696533203,0.7823834419250488,0.000681653618812561,True,1.013218641281128,2.689659595489502e-05
Movies,42,12421,13576,124855,visual,1,0.027472112327814102,25,53,0.15,0.16,0.963782787322998,0.6332644820213318,0.01898205280303955,0.01588040590286255,True,True,0.8885595798492432,0.9442797899246216,0.02737990766763687,0.8904423713684082,0.030748657882213593,0.7050039768218994,0.8549447059631348,0.49410662055015564,0.015644192695617676,-0.014848947525024414,True,1.0243579149246216,-0.0037887096405029297
Movies,42,6820,5880,48347,visual,2,0.10425720363855362,4,23,0.14994002399040385,1.0,0.987318217754364,0.49073362350463867,0.011572599411010742,-0.005159199237823486,True,False,0.8509156107902527,0.9254578351974487,0.10250363498926163,0.40767261385917664,0.25143614411354065,3.204622507095337,1.830231785774231,0.3735348582267761,0.19916462898254395,0.059560537338256836,True,1.2565147876739502,0.02709507942199707
Movies,42,11524,6190,51089,visual,4,0.08908708393573761,14,9,0.15,0.2857142857142857,0.9845920205116272,0.5405624508857727,0.008997440338134766,-0.027358710765838623,True,False,0.6317616105079651,0.8158807754516602,0.03702839836478233,0.5582475066184998,0.0663297176361084,0.15583732724189758,0.6017328500747681,0.8556984066963196,0.7668735980987549,-0.0016115754842758179,True,1.1572223901748657,-0.0014062374830245972
Movies,42,2293,1446,12885,visual,1,0.3535533845424652,2,4,0.14994002399040385,1.0,0.9747599959373474,0.6317163109779358,0.0012931227684020996,-0.02133578062057495,True,False,0.8060580492019653,0.9030290246009827,0.3517107665538788,0.49754253029823303,0.7068958878517151,0.44829800724983215,1.119400143623352,0.6387143135070801,0.40511664748191833,-0.12469452619552612,True,2.6583123207092285,-0.1047760546207428
Movies,42,9568,3175,26583,visual,4,0.11180339753627777,8,10,0.14994002399040385,0.5,0.9680517911911011,0.7093247175216675,-0.0017845630645751953,0.059726595878601074,False,True,0.9237430691719055,0.9618715047836304,0.08761054277420044,0.6264944672584534,0.13984248042106628,0.11231788247823715,0.5145062804222107,0.893760085105896,0.8549728989601135,0.0002811327576637268,True,1.200407862663269,0.0005769804120063782
Movies,42,15139,8856,76167,visual,2,0.029135825112462044,19,62,0.15,0.21052631578947367,0.9123986959457397,0.5936529636383057,-0.04386937618255615,-0.03859913349151611,False,False,0.8871425986289978,0.9435713291168213,0.03545726463198662,0.6775136590003967,0.052334390580654144,1.2502477169036865,1.0335397720336914,0.625023365020752,0.33858954906463623,-0.002620697021484375,True,1.0415197610855103,0.0008065700531005859
Movies,42,3104,15154,142748,visual,3,0.11470786482095718,2,38,0.14994002399040385,1.0,0.9018850922584534,0.511584997177124,-0.034984290599823,-0.02265453338623047,False,False,0.7765524983406067,0.888276219367981,0.11893286556005478,0.24949896335601807,0.4766868054866791,0.05448558181524277,0.3070451021194458,0.946972131729126,0.9257941246032715,-0.001449625939130783,True,1.4588314294815063,-0.0007353946566581726
Movies,42,6923,10990,97313,visual,3,0.13363061845302582,14,4,0.15,0.2857142857142857,0.974563479423523,0.7485125660896301,0.00046944618225097656,0.01458829641342163,True,True,0.9212536811828613,0.9606268405914307,0.06048458814620972,0.8015535473823547,0.07545919716358185,3.114687442779541,0.6360288858413696,0.8604484796524048,0.8046239018440247,0.00754237174987793,True,1.1134649515151978,-0.010796070098876953
Movies,42,11210,15702,148955,text,3,0.036760732531547546,10,74,0.14994002399040385,0.4,0.9441018104553223,0.54694664478302,-0.012967824935913086,-0.03179466724395752,False,False,0.7057488560676575,0.8528743982315063,0.05976977199316025,0.65229332447052,0.09163020551204681,0.8224684596061707,1.6243531703948975,0.4393458068370819,0.16631737351417542,-0.0005140304565429688,True,1.0514124631881714,-0.00040036439895629883
Movies,42,4705,7991,68122,visual,2,0.14433756470680237,3,16,0.14994002399040385,1.0,0.9799832105636597,0.38094955682754517,0.040325045585632324,-0.09430453181266785,True,False,0.9207232594490051,0.9603615999221802,0.13097962737083435,0.44520214200019836,0.294202595949173,1.44460129737854,1.368734359741211,0.36588624119758606,0.05089119076728821,-0.0099639892578125,True,1.3874613046646118,0.01642131805419922
Movies,42,11194,10669,94498,visual,3,0.021926449611783028,80,26,0.15,0.05,0.9710345268249512,0.6118896007537842,-0.0023280978202819824,-0.022228598594665527,False,False,0.9285612106323242,0.9642806053161621,0.01909499429166317,1.4727603197097778,0.012965446338057518,1.2180452346801758,1.239405870437622,0.48602575063705444,0.19021788239479065,-0.0011899471282958984,True,1.0102075338363647,-0.001222848892211914
Movies,42,15782,11595,103036,text,3,0.3162277638912201,5,2,0.14994002399040385,0.8,0.9849132895469666,0.4097920060157776,-0.003407895565032959,-0.10120922327041626,False,False,0.9268485903739929,0.9634243249893188,0.26489365100860596,1.0733202695846558,0.2467983365058899,0.051749732345342636,0.2504419982433319,0.9495664834976196,0.9112943410873413,0.0005541741847991943,True,1.3162941932678223,4.4032931327819824e-05
Movies,42,14162,14147,131422,visual,3,0.055901698768138885,16,20,0.15,0.25,0.9387011528015137,0.6974204182624817,-0.027418136596679688,-0.01563173532485962,False,False,0.9002783894538879,0.9501391649246216,0.05136075243353844,0.7010066509246826,0.0732671394944191,0.1460881531238556,0.6558903455734253,0.8640815019607544,0.8213943243026733,0.002011239528656006,True,1.0513410568237305,0.0016887038946151733
Movies,42,2965,14423,134263,text,4,0.10050378739833832,9,11,0.14994002399040385,0.4444444444444444,0.9836280941963196,0.6847819685935974,0.010018646717071533,-0.028102874755859375,True,False,0.9733263254165649,0.9866631627082825,0.09195045381784439,0.8578401803970337,0.10718832910060883,1.4515854120254517,1.3451014757156372,0.4130038022994995,0.12043923139572144,-0.015056252479553223,True,1.1277891397476196,0.0007003545761108398
Movies,42,4117,7954,67815,text,4,0.2182178944349289,7,3,0.14994002399040385,0.5714285714285714,0.9480355381965637,0.5503248572349548,-0.021940886974334717,-0.018262088298797607,False,False,0.8811554908752441,0.9405777454376221,0.09162453562021255,0.657716691493988,0.13930699229240417,0.5117624402046204,0.9955394268035889,0.5994381904602051,0.27062150835990906,-0.0002828240394592285,True,1.2888497114181519,0.0013071894645690918
Movies,42,11077,6641,55323,text,1,0.04756515100598335,26,17,0.15,0.15384615384615385,0.9655272960662842,0.5590829253196716,-0.002682924270629883,0.011186003684997559,False,True,0.7418708801269531,0.8709354400634766,0.0474063903093338,1.2792785167694092,0.03705713152885437,2.6231162548065186,1.061182975769043,0.7403376698493958,0.6677613258361816,-0.00014925003051757812,True,1.0323528051376343,-0.011323928833007812
Movies,42,13187,14958,140351,visual,3,0.02206479012966156,26,79,0.15,0.15384615384615385,0.9838999509811401,0.6547594666481018,0.002282083034515381,0.023340046405792236,True,True,0.8677393198013306,0.9338696599006653,0.02677905559539795,0.7251558303833008,0.036928690969944,0.10600966215133667,0.4306284189224243,0.8994159698486328,0.8261446952819824,0.0003500059247016907,True,1.0295333862304688,0.00010528415441513062
Movies,42,15234,12531,112406,text,4,0.06454972177743912,5,48,0.14994002399040385,0.8,0.9747777581214905,0.5947710275650024,0.017281770706176758,-0.00025725364685058594,True,False,0.9316772222518921,0.965838611125946,0.10674477368593216,0.5437287092208862,0.19631990790367126,2.029062509536743,0.7441247701644897,0.7900713086128235,0.6586126089096069,-0.006078243255615234,True,1.1013795137405396,-0.0016586780548095703
Movies,42,10719,16282,156134,visual,4,0.40824827551841736,1,6,0.14994002399040385,1.0,0.9773160815238953,0.6796602606773376,0.006886661052703857,0.01847076416015625,True,True,0.9345621466636658,0.9672811031341553,0.5135595202445984,0.5135595202445984,1.0,0.06909330189228058,0.35630884766578674,0.9332395792007446,0.9055125713348389,0.013568468391895294,False,,
Movies,42,6565,3404,28292,text,3,0.0990147590637207,51,2,0.15,0.0784313725490196,0.9733172059059143,0.5316268801689148,0.007415950298309326,0.01283806562423706,True,True,0.9651381969451904,0.9825690984725952,0.03953171893954277,1.70133638381958,0.023235686123371124,0.6348427534103394,0.999287486076355,0.5300188064575195,0.13243931531906128,0.00045412778854370117,True,1.0411193370819092,-0.0002887248992919922
Movies,42,1053,1012,9053,text,4,0.18257418274879456,5,6,0.14994002399040385,0.8,0.9900187849998474,0.8128149509429932,0.01097637414932251,0.07837921380996704,True,True,0.9836856722831726,0.9918428659439087,0.16981881856918335,0.845414936542511,0.20087037980556488,0.34156766533851624,1.0248421430587769,0.7106553912162781,0.547292947769165,0.005039036273956299,True,1.2637696266174316,-0.00048357248306274414
Movies,42,11194,3134,26252,visual,2,0.02282177284359932,80,24,0.15,0.05,0.9727264046669006,0.6425735950469971,-0.002228379249572754,0.0037840604782104492,False,True,0.9044632911682129,0.9522316455841064,0.019400108605623245,1.4219005107879639,0.013643787242472172,1.2180452346801758,1.239405870437622,0.48602575063705444,0.19021788239479065,-0.0016959905624389648,True,1.0106287002563477,-0.0017600059509277344
Movies,42,6877,5648,46196,text,4,0.5773502588272095,3,1,0.14994002399040385,1.0,0.9792265892028809,0.4680728316307068,0.0017889738082885742,-0.1018642783164978,True,False,0.9662695527076721,0.9831347465515137,0.22992514073848724,0.6037003993988037,0.3808596730232239,0.4671338200569153,0.9162113666534424,0.6267961859703064,0.31417274475097656,0.019379615783691406,True,2.581139087677002,-0.035268306732177734
Movies,42,2688,6996,58761,text,2,1.0,1,1,0.14994002399040385,1.0,0.9598484635353088,0.5435370206832886,0.0,0.0,True,True,0.8760601282119751,0.9380300641059875,0.9994800090789795,0.9994800090789795,1.0,0.7628633975982666,1.4227088689804077,0.4663292169570923,0.23217745125293732,0.06691449880599976,False,,
Movies,42,8352,5610,45887,text,2,0.11624763160943985,2,37,0.14994002399040385,1.0,0.9800825715065002,0.6820722818374634,0.01807379722595215,0.03785097599029541,True,True,0.9275025129318237,0.9637512564659119,0.14927276968955994,0.30861759185791016,0.48368197679519653,1.3113760948181152,1.8654762506484985,0.26944899559020996,0.0005497932434082031,-0.0001933574676513672,True,1.6151245832443237,-0.0008918046951293945
Movies,42,419,8464,72084,visual,1,0.05292561650276184,7,51,0.14994002399040385,0.5714285714285714,0.9679941534996033,0.63411945104599,0.0012014508247375488,-0.0018391609191894531,True,False,0.9249044060707092,0.9624521732330322,0.05272100120782852,0.7323428392410278,0.071989506483078,1.3683977127075195,1.4643105268478394,0.37320882081985474,0.101355642080307,-0.013089895248413086,True,1.062214732170105,-0.0039577484130859375
Movies,42,2574,1668,14577,visual,4,0.03580574318766594,26,30,0.15,0.15384615384615385,0.9510325789451599,0.5898230075836182,-0.012902319431304932,-0.06701332330703735,False,False,0.9369966983795166,0.9684983491897583,0.03923948109149933,1.0032309293746948,0.039113108068704605,0.23398591578006744,0.6652204394340515,0.7913729548454285,0.6282696723937988,-0.0017554908990859985,True,1.026903510093689,-0.0005762875080108643
Movies,42,6331,2308,19480,visual,3,0.142857164144516,7,7,0.14994002399040385,0.5714285714285714,0.9749438166618347,0.6473149657249451,-0.00036412477493286133,-0.021561920642852783,False,False,0.9249107241630554,0.9624553918838501,0.08800237625837326,0.5627992153167725,0.1563654989004135,1.9580118656158447,1.5327250957489014,0.3946200907230377,0.09489244222640991,0.018200993537902832,True,1.2108492851257324,-0.0019103288650512695
Movies,42,4128,16594,159496,text,2,0.05976143106818199,4,70,0.14994002399040385,1.0,0.9895491600036621,0.6238177418708801,0.027369379997253418,0.014380216598510742,True,True,0.902931272983551,0.9514656066894531,0.10719884932041168,0.6334196925163269,0.16923826932907104,0.0722387507557869,0.3424392640590668,0.9303087592124939,0.8881679773330688,-8.340179920196533e-05,True,1.058002233505249,-5.689263343811035e-05
Movies,42,15894,11503,102160,text,4,0.22360679507255554,5,4,0.14994002399040385,0.8,0.9130694270133972,0.6545382142066956,-0.02657395601272583,-0.039681851863861084,False,False,0.7709437012672424,0.8854718208312988,0.17821788787841797,0.9315317273139954,0.19131703674793243,0.24735428392887115,0.8685821890830994,0.7808640003204346,0.7054095268249512,-0.004923522472381592,True,1.2739230394363403,0.00026069581508636475
Movies,42,11903,6374,52702,visual,3,0.05025189369916916,11,36,0.14994002399040385,0.36363636363636365,0.9883943796157837,0.6921250224113464,0.01433718204498291,0.048565447330474854,True,True,0.8042271733283997,0.9021135568618774,0.06232762336730957,0.6962177157402039,0.08952318131923676,0.01977900043129921,0.13509081304073334,0.9804153442382812,0.9747186303138733,-0.00026323646306991577,True,1.052371621131897,-0.00018432922661304474
Movies,42,11922,15673,148577,text,2,0.0833333283662796,12,12,0.14994002399040385,0.3333333333333333,0.9884219169616699,0.7740645408630371,-0.004752635955810547,-0.028699874877929688,False,False,0.8693206906318665,0.9346603155136108,0.07701058685779572,0.9409288763999939,0.08184527605772018,0.665020227432251,1.0125432014465332,0.5142630934715271,0.09343355894088745,0.003303706645965576,True,1.0922247171401978,-0.00014889240264892578
Movies,42,10816,10815,95927,text,4,0.7071067690849304,1,2,0.14994002399040385,1.0,0.9948581457138062,0.5388466119766235,0.0005348920822143555,-0.04342144727706909,True,False,0.9787964820861816,0.9893982410430908,0.982456386089325,0.982456386089325,1.0,0.16074658930301666,0.5661317110061646,0.851507842540741,0.7394499778747559,0.008988797664642334,False,,
Movies,42,2254,2207,18890,visual,3,0.25819888710975647,1,15,0.14994002399040385,1.0,0.9172899127006531,0.6532565355300903,0.0026244521141052246,-0.0033130645751953125,True,False,0.934640109539032,0.9673200845718384,0.2685655653476715,0.2685655653476715,1.0,2.739739418029785,1.4478782415390015,0.4739651083946228,0.22662495076656342,-0.040697574615478516,False,,
Movies,42,12967,14786,138336,text,4,0.0629940778017044,6,42,0.14994002399040385,0.6666666666666666,0.9905086755752563,0.5412560701370239,0.015406668186187744,-0.03707915544509888,True,False,0.969142496585846,0.9845712184906006,0.07010870426893234,0.4402262270450592,0.15925608575344086,0.23830005526542664,0.8148407340049744,0.7879661917686462,0.6917338371276855,-0.001748114824295044,True,1.1827093362808228,1.4469027519226074e-05
Movies,42,2137,1576,13904,visual,2,0.07856741547584534,6,27,0.14994002399040385,0.6666666666666666,0.9725412726402283,0.6607133150100708,0.0033884644508361816,0.0038022994995117188,True,True,0.7702711224555969,0.8851355314254761,0.07628093659877777,0.45453062653541565,0.16782353818416595,0.8481253385543823,1.240336537361145,0.42821693420410156,0.010737806558609009,-0.01808065176010132,True,1.1516624689102173,-0.008143186569213867
Movies,42,5130,8318,70899,text,4,0.18898224830627441,4,7,0.14994002399040385,1.0,0.9909694790840149,0.5019418001174927,0.011239469051361084,0.041070640087127686,True,True,0.9676724672317505,0.9838362336158752,0.10633688420057297,0.41972050070762634,0.2533516585826874,0.13639019429683685,0.6073917150497437,0.8725021481513977,0.8281697034835815,-0.003767073154449463,True,1.497269630432129,0.0006279200315475464
Movies,42,9496,10115,88717,visual,4,0.18898223340511322,2,14,0.14994002399040385,1.0,0.9654738903045654,0.44091734290122986,-0.0057634711265563965,-0.017895787954330444,False,False,0.8656294345855713,0.9328147172927856,0.12664295732975006,0.3001578748226166,0.42192116379737854,1.7773656845092773,1.9951742887496948,0.33965450525283813,0.17057152092456818,-0.09934878349304199,True,1.9258201122283936,-0.1243126392364502
Movies,42,7404,14907,139867,visual,2,0.04708816111087799,11,41,0.14994002399040385,0.36363636363636365,0.9370349049568176,0.7017739415168762,-0.02437514066696167,0.0002632737159729004,False,True,0.8530647158622742,0.9265323877334595,0.06412364542484283,0.6341827511787415,0.1011122539639473,0.5054502487182617,1.0321190357208252,0.6032338738441467,0.2965641915798187,-0.0006451606750488281,True,1.0664857625961304,-8.809566497802734e-05
Movies,42,1977,8234,70063,visual,4,0.09128709137439728,6,20,0.14994002399040385,0.6666666666666666,0.9853086471557617,0.3609139323234558,0.02256906032562256,-0.16451770067214966,True,False,0.8629887104034424,0.9314943552017212,0.06587297469377518,0.42929792404174805,0.15344350039958954,0.24239446222782135,0.8649608492851257,0.7847465872764587,0.6651352047920227,0.010765478014945984,True,1.2123346328735352,-0.001531064510345459
Movies,42,13094,7129,59935,text,1,0.1249999925494194,8,8,0.14994002399040385,0.5,0.9820591807365417,0.5778155326843262,0.0024486184120178223,0.03486132621765137,True,True,0.9461397528648376,0.9730699062347412,0.12466318160295486,0.8197276592254639,0.152078777551651,1.305316686630249,1.9291943311691284,0.2710866630077362,0.05032390356063843,0.019660353660583496,True,1.1485151052474976,0.013858199119567871
Movies,42,6684,14067,130364,text,3,0.029424495995044708,7,165,0.14994002399040385,0.5714285714285714,0.9367275834083557,0.51301109790802,-0.021554887294769287,-0.05290675163269043,False,False,0.7574719190597534,0.8787359595298767,0.06204858794808388,0.5251860618591309,0.1181459128856659,0.3716000020503998,0.9481127858161926,0.6896300315856934,0.5194915533065796,0.00019425153732299805,True,1.0462027788162231,0.00016236305236816406
Movies,42,1865,11482,101877,visual,3,0.10540925711393356,2,45,0.14994002399040385,1.0,0.9816426038742065,0.3284405469894409,0.01274418830871582,-0.1597370207309723,True,False,0.461730033159256,0.7308650016784668,0.10807759314775467,0.2292463779449463,0.47144731879234314,0.30041247606277466,0.8032790422439575,0.7405127286911011,0.5458520650863647,0.0023621320724487305,True,1.3944053649902344,0.00020188093185424805
Movies,42,2593,16402,157561,text,2,0.033004920929670334,17,54,0.15,0.23529411764705882,0.9839465618133545,0.7289966344833374,0.023026704788208008,0.05489325523376465,True,True,0.9022253751754761,0.951112687587738,0.049631766974925995,0.797062337398529,0.06226836144924164,1.1962138414382935,1.4151694774627686,0.3568686544895172,0.05453190207481384,0.0011349916458129883,True,1.0449713468551636,0.0004267692565917969
Movies,42,9375,2896,24173,visual,1,0.05923488736152649,15,19,0.15,0.26666666666666666,0.9515889286994934,0.5554471611976624,-0.01093214750289917,-0.045228660106658936,False,False,0.7846757173538208,0.8923378586769104,0.05911874398589134,0.6545889973640442,0.09031429886817932,0.31646090745925903,0.9206715226173401,0.7287235260009766,0.5919922590255737,0.002343207597732544,True,1.0731122493743896,0.004278600215911865
Movies,42,10618,8257,70416,text,3,0.07216878235340118,16,12,0.15,0.25,0.9741019010543823,0.8450340032577515,0.008874118328094482,0.11443257331848145,True,True,0.8722422122955322,0.9361211061477661,0.05120326578617096,0.7545928359031677,0.06785549223423004,1.4954543113708496,1.504298210144043,0.43105781078338623,0.20691104233264923,-0.0009477138519287109,True,1.1002237796783447,0.0004684925079345703
Movies,42,15867,2860,23878,text,3,0.05143444985151291,21,18,0.15,0.19047619047619047,0.9669382572174072,0.7728153467178345,0.00010156631469726562,0.019311070442199707,True,True,0.9169365167617798,0.9584682583808899,0.04619770869612694,0.9829580783843994,0.046998657286167145,0.8665871620178223,1.0587290525436401,0.495837926864624,0.07545414566993713,-0.0007853507995605469,True,1.0505589246749878,5.602836608886719e-06
Movies,42,13799,11105,98572,visual,2,0.05773502588272095,12,25,0.15,0.3333333333333333,0.9818856120109558,0.6771962642669678,0.0049283504486083984,-0.010999679565429688,True,False,0.923037588596344,0.9615187644958496,0.036208536475896835,0.5906398296356201,0.06130392104387283,0.8618982434272766,1.0997463464736938,0.4763414263725281,0.05398187041282654,-0.0061893463134765625,True,1.0854623317718506,7.176399230957031e-05
Movies,42,10614,6200,51261,visual,1,0.044901326298713684,16,31,0.15,0.25,0.9759610295295715,0.5390220880508423,0.007070362567901611,-0.0456465482711792,True,False,0.8140051960945129,0.9070025682449341,0.04474477469921112,0.6822649836540222,0.06558269262313843,0.4198492169380188,0.922070324420929,0.6571459174156189,0.3795655071735382,-0.004347324371337891,True,1.051039218902588,-0.006334364414215088
Movies,42,12190,15682,148625,text,3,0.10000000149011612,10,10,0.14994002399040385,0.4,0.9905178546905518,0.6950103640556335,0.003236055374145508,-0.07853221893310547,True,False,0.9834263324737549,0.9917131662368774,0.08385356515645981,0.8077629804611206,0.10380961745977402,0.06773556768894196,0.35775309801101685,0.9345075488090515,0.9118056893348694,-3.609806299209595e-05,True,1.13020658493042,9.804964065551758e-06
Movies,42,4492,12021,107488,text,4,0.07453559339046478,6,30,0.14994002399040385,0.6666666666666666,0.9666451811790466,0.6385685801506042,0.018083274364471436,0.026705503463745117,True,True,0.9634354114532471,0.9817177057266235,0.10891279578208923,0.6796798706054688,0.16024132072925568,3.3194334506988525,1.3582866191864014,0.5940304398536682,0.44962331652641296,-0.0022003650665283203,True,1.1101551055908203,0.0014989376068115234
Movies,42,14163,2147,18425,visual,2,0.0657951682806015,21,11,0.15,0.19047619047619047,0.9867533445358276,0.4979981780052185,0.020584702491760254,-0.05582559108734131,True,False,0.8468615412712097,0.9234308004379272,0.031488820910453796,0.7569485306739807,0.041599687188863754,0.1565462350845337,0.6370102763175964,0.8550919890403748,0.7871917486190796,-0.00018492341041564941,True,1.048452615737915,0.0004777461290359497
Movies,42,4739,13383,122418,text,3,0.16903086006641388,5,7,0.14994002399040385,0.8,0.9721347689628601,0.6626610159873962,0.015779435634613037,0.04502624273300171,True,True,0.965607762336731,0.9828038811683655,0.09644120186567307,0.40977662801742554,0.23535066843032837,0.6528055667877197,1.2632019519805908,0.5205832123756409,0.21446552872657776,0.0015312433242797852,True,1.4274601936340332,-3.93986701965332e-05
Movies,42,6694,10318,90677,visual,2,0.17407765984535217,11,3,0.14994002399040385,0.36363636363636365,0.9587390422821045,0.6384477019309998,-0.012544751167297363,0.09383004903793335,False,True,0.891975998878479,0.9459879994392395,0.09618280082941055,0.7519044876098633,0.12791891396045685,0.8232454657554626,0.9096169471740723,0.5208368897438049,0.08183228969573975,-0.025031089782714844,True,1.155906319618225,-0.007462918758392334
Movies,42,13839,11466,101713,text,4,0.21320071816444397,2,11,0.14994002399040385,1.0,0.9845035076141357,0.42943358421325684,0.025330960750579834,0.03703349828720093,True,True,0.9305593967437744,0.9652796983718872,0.16927754878997803,0.4973656237125397,0.3403483033180237,0.7110861539840698,0.7403706908226013,0.5026228427886963,0.01151236891746521,-0.009792029857635498,True,1.522233009338379,-0.002350449562072754
Movies,42,8536,3434,28521,visual,1,0.125,4,16,0.14994002399040385,1.0,0.939443826675415,0.4896916151046753,-0.02646803855895996,-0.14238005876541138,False,False,0.8883422613143921,0.944171130657196,0.12449037283658981,0.6235644817352295,0.19964314997196198,0.11538538336753845,0.44640275835990906,0.8910226821899414,0.8085654377937317,0.0062890127301216125,True,1.2013483047485352,0.0011354610323905945
Movies,42,11556,14708,137570,text,4,0.0980580672621727,8,13,0.14994002399040385,0.5,0.9902576208114624,0.8872092962265015,0.007698714733123779,0.04744386672973633,True,True,0.9821763038635254,0.9910881519317627,0.08044402301311493,0.6225398778915405,0.12921907007694244,0.3567800223827362,0.7788898944854736,0.6999264359474182,0.43429243564605713,0.0015739798545837402,True,1.130963921546936,0.0003567039966583252
Movies,42,13078,13047,118662,text,3,0.28867512941360474,6,2,0.14994002399040385,0.6666666666666666,0.9589230418205261,0.5342692732810974,0.0003929734230041504,-0.06505125761032104,True,False,0.7177702784538269,0.8588851690292358,0.13402868807315826,0.7173413634300232,0.18684087693691254,0.08619610220193863,0.45089179277420044,0.9174143075942993,0.8920500874519348,-0.0012768805027008057,True,1.3253811597824097,0.0002866014838218689
Movies,42,15280,8465,72167,text,2,0.09365857392549515,3,38,0.14994002399040385,1.0,0.9906413555145264,0.7994013428688049,0.03320735692977905,0.020715057849884033,True,True,0.9581700563430786,0.9790850281715393,0.1362471878528595,0.3818140923976898,0.35684168338775635,0.32785114645957947,1.1348755359649658,0.7204702496528625,0.6385170221328735,-0.00015416741371154785,True,1.2951253652572632,0.0002117753028869629
Movies,42,11150,8521,72557,text,2,0.03726780042052269,60,12,0.15,0.06666666666666667,0.9383434057235718,0.6551998257637024,-0.02446812391281128,-0.033725082874298096,False,False,0.6290794014930725,0.8145396709442139,0.02860882505774498,1.2703940868377686,0.02251964621245861,0.9050033688545227,1.1317064762115479,0.47494909167289734,0.07040855288505554,9.167194366455078e-05,True,1.0246238708496094,-4.678964614868164e-05
Movies,42,14116,4232,35296,text,4,0.2357022613286972,2,9,0.14994002399040385,1.0,0.9851813912391663,0.6073305010795593,0.04997760057449341,0.013155996799468994,True,True,0.9393346905708313,0.9696673154830933,0.2266353815793991,0.36316126585006714,0.6240626573562622,1.449904203414917,1.503717064857483,0.38892707228660583,0.12649816274642944,0.03833746910095215,True,2.0540926456451416,0.028190255165100098
Movies,42,8023,10913,96391,text,4,0.25,4,4,0.14994002399040385,1.0,0.9264494180679321,0.7117056250572205,-0.017813682556152344,0.08149862289428711,False,True,0.899458646774292,0.949729323387146,0.22733522951602936,0.7571718096733093,0.3002426028251648,1.336632490158081,1.5075143575668335,0.43008285760879517,0.16735392808914185,0.0005270242691040039,True,1.4117006063461304,0.0001926422119140625
Movies,42,3642,15053,141411,visual,2,0.02618914283812046,18,81,0.15,0.2222222222222222,0.9560055136680603,0.6711547374725342,-0.008251845836639404,0.06946456432342529,False,True,0.9546633958816528,0.9773316979408264,0.04324081912636757,0.6508976221084595,0.06643259525299072,0.17456373572349548,0.6446143388748169,0.839823305606842,0.759787380695343,0.0002986043691635132,True,1.0307005643844604,8.821487426757812e-06
Movies,42,13158,4465,36914,text,2,0.06482037901878357,34,7,0.15,0.11764705882352941,0.9630796313285828,0.6384865641593933,0.008949100971221924,0.016991913318634033,True,True,0.3541364073753357,0.6770682334899902,0.03379756957292557,1.0644457340240479,0.03175133094191551,0.49392616748809814,0.8448892831802368,0.6102258563041687,0.2537268102169037,-0.00037041306495666504,True,1.0464216470718384,0.0001392960548400879
Movies,42,5793,4129,34349,text,1,0.2182178795337677,21,1,0.15,0.19047619047619047,0.9848636984825134,0.6282131671905518,0.004746377468109131,0.03535759449005127,True,True,0.9729766845703125,0.9864883422851562,0.21808326244354248,1.009668231010437,0.2159949690103531,0.0702643096446991,0.3614288568496704,0.9321473836898804,0.9072109460830688,0.0014466345310211182,True,1.212663173675537,-0.0004561394453048706
Movies,42,10228,11774,105065,visual,3,0.019892865791916847,19,133,0.15,0.21052631578947367,0.9703403115272522,0.5410411953926086,0.004162728786468506,-0.010662496089935303,True,False,0.8008447885513306,0.9004223942756653,0.03467680141329765,0.6683066487312317,0.05188756063580513,0.47016382217407227,0.778717041015625,0.6248998641967773,0.269075870513916,-0.005255311727523804,True,1.0216671228408813,-0.003838866949081421
Movies,42,16063,10472,92296,text,1,0.09491579234600067,37,3,0.15,0.10810810810810811,0.9727266430854797,0.6138357520103455,0.0024948716163635254,-0.0352933406829834,True,False,0.7922101616859436,0.8961050510406494,0.0947953388094902,1.0659617185592651,0.08892939984798431,0.1702711284160614,0.5690073370933533,0.8434361219406128,0.7209023833274841,0.00012336671352386475,True,1.0840821266174316,-0.0006218552589416504
Movies,42,13003,16541,158918,text,2,0.07216878235340118,8,24,0.14994002399040385,0.5,0.8990441560745239,0.7094621062278748,-0.03460037708282471,0.07038611173629761,False,True,0.6896482706069946,0.8448241353034973,0.05167536437511444,0.5062045454978943,0.1020839586853981,0.34547075629234314,1.0685575008392334,0.7078870534896851,0.5659617185592651,-0.00016137957572937012,True,1.1420221328735352,-3.656744956970215e-05
Movies,42,8621,3402,28290,text,1,1.0,1,1,0.14994002399040385,1.0,0.9614064693450928,0.32501745223999023,0.0,0.0,True,True,0.8462669253349304,0.9231334924697876,0.9953505992889404,0.9953505992889404,1.0,0.31062349677085876,1.0471802949905396,0.7329897880554199,0.6075869798660278,0.05054447054862976,False,,
Movies,42,13750,13104,119449,visual,2,0.30151134729385376,1,11,0.14994002399040385,1.0,0.9069201350212097,0.6460833549499512,-0.015939056873321533,0.001107931137084961,False,True,0.8617805242538452,0.9308902621269226,0.26872339844703674,0.26872339844703674,1.0,0.3251199424266815,1.0498634576797485,0.7224407196044922,0.5687979459762573,-0.039516568183898926,False,,
Movies,42,10217,791,7360,text,4,0.10910894721746445,12,7,0.14994002399040385,0.3333333333333333,0.9610979557037354,0.508786678314209,-0.007605195045471191,-0.0932464599609375,False,False,0.7445400953292847,0.8722700476646423,0.09507007151842117,0.9412103295326233,0.10100831836462021,0.6122522950172424,1.1006531715393066,0.5421284437179565,0.2323307991027832,0.009916186332702637,True,1.0796529054641724,0.003923594951629639
Movies,42,4117,7954,67815,visual,1,0.2182178944349289,7,3,0.14994002399040385,0.5714285714285714,0.9480355381965637,0.5503248572349548,-0.021940886974334717,-0.018262088298797607,False,False,0.7924216389656067,0.896210789680481,0.21740110218524933,0.7170946002006531,0.3031693398952484,0.5117624402046204,0.9955394268035889,0.5994381904602051,0.27062150835990906,-0.037174999713897705,True,1.2888497114181519,-0.04678565263748169
Movies,42,10296,14883,139605,text,4,0.13608276844024658,3,18,0.14994002399040385,1.0,0.9876893162727356,0.6458799839019775,0.019894301891326904,-0.008540153503417969,True,False,0.9218857288360596,0.9609428644180298,0.10885647684335709,0.34002938866615295,0.32013842463493347,0.5013473033905029,1.1388671398162842,0.6057140231132507,0.41666173934936523,-0.0004926323890686035,True,1.4104783535003662,0.0013593435287475586
Movies,42,16282,10733,95124,visual,4,0.20412413775920868,6,4,0.14994002399040385,0.6666666666666666,0.957473874092102,0.649702250957489,-0.011711478233337402,0.04077810049057007,False,True,0.8916988372802734,0.9458494186401367,0.16647879779338837,1.0166430473327637,0.1637534350156784,0.8260677456855774,0.9328539371490479,0.5136210322380066,0.07585370540618896,-0.00814056396484375,True,1.1252641677856445,-0.008042514324188232
Movies,42,953,12389,110927,visual,2,0.20412413775920868,4,6,0.14994002399040385,1.0,0.9365497827529907,0.6055210828781128,-0.006488323211669922,-0.03537261486053467,False,False,0.8195152282714844,0.9097576141357422,0.1344345062971115,0.4456571042537689,0.301654577255249,3.0378897190093994,1.368200659751892,0.6288579702377319,0.5177977681159973,0.03768134117126465,True,1.3399213552474976,0.012053728103637695
Movies,42,14103,13502,124044,text,2,0.12909944355487823,5,12,0.14994002399040385,0.8,0.9246975779533386,0.5684913992881775,-0.029120206832885742,-0.03597426414489746,False,False,0.7985352277755737,0.8992676138877869,0.14149633049964905,0.4873584806919098,0.2903331518173218,0.48704636096954346,1.0425831079483032,0.614438533782959,0.3837469220161438,-0.0038038790225982666,True,1.2152034044265747,-0.0024654269218444824
Movies,42,7755,3730,30875,text,2,0.05504818633198738,30,11,0.15,0.13333333333333333,0.9765141010284424,0.581719160079956,0.005120396614074707,-0.015361666679382324,True,False,0.8370610475540161,0.9185305237770081,0.026041323319077492,0.9167369604110718,0.0284065380692482,0.2149551510810852,0.69979327917099,0.8065776228904724,0.6965185403823853,-0.00012451410293579102,True,1.0398789644241333,0.00015334784984588623
Movies,42,2137,13983,129441,visual,4,0.0800640732049942,6,26,0.14994002399040385,0.6666666666666666,0.9783375263214111,0.645820677280426,0.005228638648986816,-0.025183379650115967,True,False,0.7592141032218933,0.879607081413269,0.07074858993291855,0.4187193810939789,0.1689642071723938,0.8481253385543823,1.240336537361145,0.42821693420410156,0.010737806558609009,-0.014314889907836914,True,1.1549993753433228,-0.003948569297790527
Movies,42,11077,16165,154312,visual,2,0.041812099516391754,26,22,0.15,0.15384615384615385,0.9635152816772461,0.48936954140663147,0.002777695655822754,-0.10715553164482117,True,False,0.8722043037414551,0.9361021518707275,0.04409719631075859,0.9862205982208252,0.04471331834793091,2.6231162548065186,1.061182975769043,0.7403376698493958,0.6677613258361816,0.008348941802978516,True,1.0283288955688477,0.0023221969604492188
Movies,42,13100,10709,94814,text,4,0.03892494738101959,20,33,0.15,0.2,0.9756437540054321,0.5741373896598816,0.00537419319152832,-0.07922530174255371,True,False,0.9353340864181519,0.9676670432090759,0.0416586734354496,0.7757178544998169,0.05370338261127472,0.6483922004699707,1.0449291467666626,0.522885799407959,0.13243547081947327,-0.0009529590606689453,True,1.0428352355957031,-0.00037348270416259766
Movies,42,5160,16290,156219,text,1,0.0439799502491951,11,47,0.14994002399040385,0.36363636363636365,0.9235855937004089,0.4018789827823639,-0.028447628021240234,-0.06519916653633118,False,False,0.7912945747375488,0.8956472873687744,0.04387015849351883,0.6145793795585632,0.07138241082429886,2.199003219604492,0.938843309879303,0.7401991486549377,0.629285454750061,0.008582353591918945,True,1.0545419454574585,0.02299332618713379
Movies,42,14963,14294,132788,text,3,0.25,4,4,0.14994002399040385,1.0,0.9923936724662781,0.8644916415214539,1.3589859008789062e-05,-0.014084994792938232,True,False,0.9886947870254517,0.9943473935127258,0.19005431234836578,0.6971266865730286,0.272625207901001,1.2265560626983643,1.4228672981262207,0.482319176197052,0.18901824951171875,0.003622293472290039,True,1.3957445621490479,-0.0006875991821289062
Movies,42,10053,9423,81810,visual,2,0.06201736629009247,10,26,0.14994002399040385,0.4,0.9881262183189392,0.6566451787948608,0.023658931255340576,0.02559959888458252,True,True,0.9157541394233704,0.9578770399093628,0.05687176436185837,0.5726274251937866,0.09931722283363342,0.5184981226921082,1.2279012203216553,0.5954141020774841,0.38649505376815796,0.004496514797210693,True,1.0894193649291992,-5.418062210083008e-05
Movies,42,11365,10612,94009,visual,4,0.3535533845424652,4,2,0.14994002399040385,1.0,0.9681574106216431,0.8553524017333984,-0.005707502365112305,0.010344088077545166,False,True,0.945528507232666,0.972764253616333,0.2237139493227005,0.8546841144561768,0.2617504596710205,0.27112331986427307,0.8477200269699097,0.7625224590301514,0.625634491443634,-0.01716148853302002,True,1.4142135381698608,0.0016140639781951904
Movies,42,15900,8573,73167,visual,1,0.018854504451155663,29,97,0.15,0.13793103448275862,0.990228533744812,0.45310714840888977,0.020064055919647217,-0.09003779292106628,True,False,0.7506717443466187,0.8753358721733093,0.018777217715978622,1.0400385856628418,0.01805434748530388,0.07558492571115494,0.3651420474052429,0.927200973033905,0.8955753445625305,-0.0009783506393432617,True,1.0133851766586304,-0.0009528994560241699
Movies,42,6628,13493,123930,text,3,0.08703882992267609,4,33,0.14994002399040385,1.0,0.9869621396064758,0.6595065593719482,0.018493354320526123,-0.03866744041442871,True,False,0.9569619297981262,0.9784809350967407,0.08686141669750214,0.36858779191970825,0.23566004633903503,0.15426865220069885,0.6313730478286743,0.8570417165756226,0.7767729759216309,0.0007487088441848755,True,1.2019336223602295,0.00024487078189849854
Movies,42,16230,1514,13263,text,3,0.14907120168209076,5,9,0.14994002399040385,0.8,0.9477570652961731,0.5329082608222961,-0.008726358413696289,-0.02780735492706299,False,False,0.935200035572052,0.9675999879837036,0.15085214376449585,0.7358092069625854,0.20501530170440674,0.11101590842008591,0.4525478482246399,0.894924521446228,0.8266494274139404,-0.00036588311195373535,True,1.1929279565811157,6.368756294250488e-05
Movies,42,2707,4181,34867,text,2,0.267261266708374,2,7,0.14994002399040385,1.0,0.97705078125,0.5995954275131226,-0.002984285354614258,-0.03251945972442627,False,False,0.9090440273284912,0.9545220136642456,0.40483301877975464,0.7571814060211182,0.534657895565033,1.5799248218536377,1.3614355325698853,0.4054619371891022,0.11727821826934814,0.010861515998840332,True,1.534522533416748,0.006738185882568359
Movies,42,12432,7943,67532,text,3,0.03214121609926224,22,44,0.15,0.18181818181818182,0.9918937087059021,0.6482148170471191,0.008680403232574463,0.012381672859191895,True,True,0.982451319694519,0.9912256598472595,0.03720291331410408,0.8201264142990112,0.04536241292953491,0.11147113144397736,0.5009326934814453,0.8945172429084778,0.8402673006057739,1.930445432662964e-05,True,1.0376638174057007,3.2417476177215576e-05
Movies,42,1984,13041,118545,visual,1,0.030772872269153595,11,96,0.14994002399040385,0.36363636363636365,0.9622834324836731,0.5008239150047302,-0.0013934969902038574,-0.09648388624191284,False,False,0.8486664295196533,0.9243332147598267,0.03058338165283203,0.46744734048843384,0.06542636454105377,4.06608772277832,1.026075005531311,0.49338728189468384,0.056828826665878296,-0.015326976776123047,True,1.052054762840271,-0.028010845184326172
Movies,42,2189,16221,155204,visual,2,0.03703703731298447,9,81,0.14994002399040385,0.4444444444444444,0.9680309891700745,0.5330697894096375,0.004555881023406982,-0.068226158618927,True,False,0.8590440154075623,0.9295220375061035,0.05570787191390991,0.5331426858901978,0.10448960959911346,0.2001362442970276,0.5974999070167542,0.8186191916465759,0.6657484769821167,-0.001806497573852539,True,1.0609172582626343,-0.0007146894931793213
Movies,42,15709,7963,67866,visual,2,0.09166985750198364,7,17,0.14994002399040385,0.5714285714285714,0.9757157564163208,0.5367833971977234,0.003884434700012207,-0.0038240551948547363,True,False,0.7892741560935974,0.8946371078491211,0.06934143602848053,0.6064096093177795,0.11434752494096756,1.1803162097930908,1.369075894355774,0.45092761516571045,0.1437460482120514,-0.004128456115722656,True,1.094214916229248,-0.003148794174194336
Movies,42,737,15443,146063,text,2,0.03207501769065857,36,27,0.15,0.1111111111111111,0.9873530864715576,0.5262630581855774,0.012596964836120605,-0.11842608451843262,True,False,0.9559448957443237,0.9779724478721619,0.03596668317914009,1.2328534126281738,0.029173526912927628,0.16209664940834045,0.5832685232162476,0.8503590226173401,0.7406024932861328,0.00029493868350982666,True,1.0184428691864014,0.00010745227336883545
Movies,42,8823,11830,105623,text,1,0.10314212739467621,2,47,0.14994002399040385,1.0,0.8991259932518005,0.5481039881706238,-0.030218899250030518,-0.03772842884063721,False,False,0.5616016983985901,0.7808008193969727,0.1032913327217102,0.23534372448921204,0.43889564275741577,0.10482215136289597,0.5018329620361328,0.9004846811294556,0.8549070358276367,0.002610042691230774,True,1.6684374809265137,0.0017024576663970947
Movies,42,11240,10784,95643,text,3,0.0833333283662796,12,12,0.14994002399040385,0.3333333333333333,0.9835085272789001,0.5337486863136292,0.012646853923797607,-0.041324079036712646,True,False,0.9778053760528564,0.9889026880264282,0.07593376189470291,0.8105612397193909,0.0936804786324501,0.25619032979011536,0.8712820410728455,0.7739946246147156,0.6414376497268677,0.0002396106719970703,True,1.0825600624084473,8.130073547363281e-05
Movies,42,12101,3499,29002,text,1,0.20412413775920868,8,3,0.14994002399040385,0.5,0.9506015777587891,0.5669234395027161,-0.013765811920166016,0.007335543632507324,False,True,0.8324633836746216,0.9162316918373108,0.20368033647537231,0.6261419057846069,0.3252941966056824,1.9814997911453247,1.2683614492416382,0.4410376250743866,0.08730527758598328,-0.02214980125427246,True,1.344551920890808,-0.01954793930053711
Movies,42,8965,5624,46039,visual,3,0.7071067690849304,1,2,0.14994002399040385,1.0,0.9332827925682068,0.7867422699928284,-0.0020919442176818848,-0.0018600821495056152,False,False,0.9642808437347412,0.9821404218673706,0.7048470377922058,0.7048470377922058,1.0,0.16407091915607452,0.7048786282539368,0.8486818075180054,0.7995707392692566,0.0211162269115448,False,,
Movies,42,1668,3648,30122,visual,4,0.03580574318766594,30,26,0.15,0.13333333333333333,0.9737809300422668,0.7196354269981384,0.008755981922149658,0.043924152851104736,True,True,0.9410315752029419,0.970515787601471,0.03588877245783806,1.079795241355896,0.03323664516210556,0.4739963114261627,0.7975876331329346,0.6225095391273499,0.2690200209617615,0.0008440017700195312,True,1.0238398313522339,0.0004303455352783203
Movies,42,9078,12658,114103,visual,1,0.15430335700511932,6,7,0.14994002399040385,0.6666666666666666,0.9764562845230103,0.8548009395599365,-0.00984203815460205,0.05606478452682495,False,True,0.9537686109542847,0.9768843054771423,0.15369002521038055,0.5860892534255981,0.2622297406196594,2.0044779777526855,0.6403605341911316,0.823077380657196,0.6883467435836792,0.014780521392822266,True,1.2986907958984375,0.06498575210571289
Movies,42,7389,14471,134697,text,3,0.029695693403482437,21,54,0.15,0.19047619047619047,0.9922088384628296,0.6343887448310852,0.007850885391235352,0.007363617420196533,True,True,0.9826939105987549,0.9913469552993774,0.03830781951546669,0.7944532632827759,0.048219095915555954,0.4273536503314972,0.8343824148178101,0.652232825756073,0.3504611849784851,-0.0006168484687805176,True,1.0342553853988647,-0.00016203522682189941
Movies,42,549,8779,75551,text,3,0.06454972177743912,24,10,0.15,0.16666666666666666,0.9869080185890198,0.6665395498275757,0.02618950605392456,0.008379578590393066,True,True,0.9183386564254761,0.959169328212738,0.039478711783885956,1.0514684915542603,0.03754626214504242,0.26312604546546936,0.8567304611206055,0.7686449885368347,0.6701037883758545,2.652406692504883e-06,True,1.037739872932434,-3.30805778503418e-05
Movies,42,3281,1341,11987,visual,1,0.267261266708374,2,7,0.14994002399040385,1.0,0.9880816340446472,0.49770307540893555,-0.00019055604934692383,-0.023224949836730957,False,False,0.8328996896743774,0.9164498448371887,0.2667631208896637,0.49928978085517883,0.5342851877212524,0.21802669763565063,0.7966042160987854,0.8041039705276489,0.7098760008811951,0.0027435868978500366,True,1.8451542854309082,0.0029280632734298706
Movies,42,8843,6299,52076,text,2,0.14002801477909088,17,3,0.15,0.23529411764705882,0.9610370993614197,0.4236718714237213,0.00040203332901000977,-0.12223789095878601,True,False,0.8978036046028137,0.9489017724990845,0.07939833402633667,0.9531559944152832,0.08330046385526657,2.5817034244537354,0.8621587753295898,0.7483801245689392,0.605446457862854,0.0006670951843261719,True,1.130753755569458,0.0007283687591552734
Movies,42,15742,16573,159269,text,3,0.22360679507255554,1,20,0.14994002399040385,1.0,0.9464558959007263,0.6804966926574707,-0.010299742221832275,0.05950099229812622,False,True,0.7011821269989014,0.8505910634994507,0.2176634967327118,0.2176634967327118,1.0,0.03236043080687523,0.19326065480709076,0.9681575894355774,0.9506121873855591,-0.0004296600818634033,False,,
Movies,42,12938,11733,104533,visual,3,0.052631575614213943,19,19,0.15,0.21052631578947367,0.9367480874061584,0.7151216864585876,-0.021761715412139893,0.04305070638656616,False,True,0.8985421657562256,0.9492710828781128,0.04140854999423027,0.9081692099571228,0.04559563472867012,2.6646151542663574,1.6397931575775146,0.36886027455329895,0.041463643312454224,0.004477500915527344,True,1.0388957262039185,0.0015935897827148438
Movies,42,13007,12792,115947,text,3,0.07216878235340118,6,32,0.14994002399040385,0.6666666666666666,0.972667932510376,0.48116064071655273,-0.0028742551803588867,-0.044782161712646484,False,False,0.8758241534233093,0.937912106513977,0.08762667328119278,0.5826640129089355,0.15038971602916718,1.2054417133331299,1.2954798936843872,0.47815701365470886,0.1785973608493805,-0.0006216764450073242,True,1.1111438274383545,-0.0006786584854125977
Movies,42,16306,7666,65229,text,4,0.111111119389534,9,9,0.14994002399040385,0.4444444444444444,0.9801632165908813,0.5214104056358337,0.010151267051696777,-0.017267227172851562,True,False,0.9441854953765869,0.9720927476882935,0.06671514362096786,0.6768810153007507,0.0985625833272934,0.11229689419269562,0.5195190906524658,0.8937788605690002,0.8372913599014282,-0.001082785427570343,True,1.140052318572998,-0.0004137009382247925
Movies,42,9421,630,6166,text,2,0.117851123213768,12,6,0.14994002399040385,0.3333333333333333,0.9725615382194519,0.6169354915618896,0.008830010890960693,-0.003970980644226074,True,False,0.9425145983695984,0.9712573289871216,0.07827164977788925,0.7306032776832581,0.10713290423154831,0.058200813829898834,0.30445683002471924,0.9434604644775391,0.9151763319969177,0.00029170140624046326,True,1.1162109375,8.322298526763916e-06
Movies,42,10847,13460,123670,visual,1,0.06019292399287224,12,23,0.14994002399040385,0.3333333333333333,0.9364987015724182,0.6502255201339722,-0.01906496286392212,0.08812248706817627,False,True,0.9280970096588135,0.9640485048294067,0.060042232275009155,0.7225411534309387,0.08309870213270187,0.4118591248989105,0.8803114891052246,0.6624175906181335,0.38144293427467346,0.008855432271957397,True,1.0703922510147095,0.0075868964195251465
Movies,42,13945,13080,119142,text,3,0.07106690108776093,6,33,0.14994002399040385,0.6666666666666666,0.9826703667640686,0.40296754240989685,0.01612168550491333,-0.08528158068656921,True,False,0.9020025134086609,0.9510012865066528,0.06339895725250244,0.41647523641586304,0.15222743153572083,0.11098060011863708,0.4476932883262634,0.894956111907959,0.82417231798172,-0.00015588104724884033,True,1.1671303510665894,4.6193599700927734e-05
Movies,42,9003,8185,69564,text,2,0.03475240245461464,18,46,0.15,0.2222222222222222,0.9708109498023987,0.5905385613441467,0.014666974544525146,0.0008686184883117676,True,True,0.722090482711792,0.861045241355896,0.04316818714141846,0.7873099446296692,0.054829977452754974,0.6292316317558289,1.099085807800293,0.533001184463501,0.15769121050834656,0.00046187639236450195,True,1.0467660427093506,-1.138448715209961e-05
Movies,42,10455,11381,101030,text,3,0.0314970389008522,42,24,0.15,0.09523809523809523,0.9884771108627319,0.5959248542785645,0.009530067443847656,-0.06702148914337158,True,False,0.9591364860534668,0.9795682430267334,0.03796295076608658,1.1744731664657593,0.032323386520147324,0.8331208825111389,1.0433354377746582,0.48745259642601013,0.05276209115982056,4.178285598754883e-05,True,1.025216817855835,-3.844499588012695e-05
Movies,42,231,13493,123923,visual,3,0.17407765984535217,1,33,0.14994002399040385,1.0,0.9260890483856201,0.40793025493621826,-0.01678931713104248,-0.09963864088058472,False,False,0.9453233480453491,0.9726616740226746,0.1564342975616455,0.1564342975616455,1.0,0.2297735959291458,0.686814546585083,0.7947134971618652,0.6344335675239563,0.01087653636932373,False,,
Movies,42,12608,1420,12652,text,3,0.047457899898290634,6,74,0.14994002399040385,0.6666666666666666,0.9692521095275879,0.6145377159118652,0.0002938508987426758,-0.03527116775512695,True,False,0.563991129398346,0.7819955348968506,0.06266797333955765,0.4049629867076874,0.15474988520145416,0.13103275001049042,0.5285219550132751,0.877189040184021,0.8021872043609619,2.6032328605651855e-05,True,1.0746738910675049,-1.0877847671508789e-05
Movies,42,16552,7970,68014,visual,4,0.14002801477909088,17,3,0.15,0.23529411764705882,0.8902434706687927,0.6007172465324402,-0.03219980001449585,0.04958838224411011,False,True,0.9437922239303589,0.9718961119651794,0.05678928270936012,0.989452600479126,0.05739464610815048,1.3442480564117432,1.4460868835449219,0.47322672605514526,0.21249103546142578,-0.04186701774597168,True,1.0840758085250854,-0.018622159957885742
Movies,42,12913,14371,133581,text,2,0.11624763160943985,2,37,0.14994002399040385,1.0,0.9363513588905334,0.7465789914131165,-0.0016904473304748535,0.12224173545837402,False,True,0.886318564414978,0.943159282207489,0.17337575554847717,0.4999140799045563,0.34681111574172974,0.49181193113327026,1.1151635646820068,0.6115173697471619,0.3503999412059784,0.0014161467552185059,True,1.3287979364395142,0.0006841421127319336
Movies,42,1973,1765,15378,visual,4,0.19245009124279022,3,9,0.14994002399040385,1.0,0.9896005988121033,0.6271442174911499,0.02470487356185913,-0.012281477451324463,True,False,0.8339853882789612,0.9169926643371582,0.12944623827934265,0.44422292709350586,0.2913992702960968,0.8041420578956604,1.1924537420272827,0.44747164845466614,0.08516579866409302,0.004811346530914307,True,1.3253417015075684,-0.0031430721282958984
Movies,42,15912,1945,16908,text,2,0.40824827551841736,1,6,0.14994002399040385,1.0,0.9051682949066162,0.5837597846984863,-0.018401384353637695,0.016607582569122314,False,True,0.7081160545349121,0.854058027267456,0.3267084062099457,0.3267084062099457,1.0,0.397960364818573,1.1187739372253418,0.6716886162757874,0.5214161276817322,-0.00018274784088134766,False,,
Movies,42,3390,9994,87325,visual,2,0.12216944992542267,1,67,0.14994002399040385,1.0,0.9807823300361633,0.6985054016113281,0.009589612483978271,0.015300989151000977,True,True,0.9357688426971436,0.9678844213485718,0.22134558856487274,0.22134558856487274,1.0,0.16446125507354736,0.6929457187652588,0.8483506441116333,0.7845034003257751,0.017449483275413513,False,,
Movies,42,1599,8900,76589,text,4,0.20412413775920868,6,4,0.14994002399040385,0.6666666666666666,0.8992432355880737,0.45651137828826904,-0.028162121772766113,-0.0922846794128418,False,False,0.8237107992172241,0.9118553996086121,0.0850088894367218,0.5984848737716675,0.1420401632785797,0.5570193529129028,1.078394889831543,0.572914183139801,0.24675977230072021,0.0030500292778015137,True,1.3071597814559937,-0.0030292868614196777
Movies,42,11061,3476,28849,visual,4,0.04517539218068123,14,35,0.15,0.2857142857142857,0.9719920754432678,0.42845767736434937,-0.0008844733238220215,-0.17550772428512573,False,False,0.909468412399292,0.954734206199646,0.04451889544725418,0.6504033207893372,0.06844813376665115,0.0731736570596695,0.3798138499259949,0.9294394254684448,0.9007872939109802,-0.00018671154975891113,True,1.0900031328201294,0.00035393983125686646
Movies,42,491,11308,100423,visual,4,0.1386750489473343,4,13,0.14994002399040385,1.0,0.9512564539909363,0.5618322491645813,-0.011658728122711182,-0.04093104600906372,False,False,0.9267749786376953,0.9633874893188477,0.11453951150178909,0.4296334981918335,0.2665981948375702,0.3605116605758667,0.9298451542854309,0.6973194479942322,0.48900026082992554,0.0020624101161956787,True,1.3447591066360474,-0.0022073984146118164
Movies,42,1034,14453,134497,text,1,0.20412413775920868,3,8,0.14994002399040385,1.0,0.9624738097190857,0.5724846720695496,-0.0009518861770629883,-0.0026870369911193848,False,False,0.8628151416778564,0.9314075708389282,0.2032386064529419,0.4083075225353241,0.4977586567401886,0.47461169958114624,1.200966477394104,0.622126579284668,0.4032052159309387,-0.005136668682098389,True,1.643452525138855,-0.0013804733753204346
Movies,42,1526,8928,76850,visual,3,1.0,1,1,0.14994002399040385,1.0,0.960354745388031,0.6356380581855774,0.0,0.0,True,True,0.9124438762664795,0.9562219381332397,0.995172381401062,0.995172381401062,1.0,1.3168714046478271,1.103796124458313,0.6230437159538269,0.35507136583328247,0.20650506019592285,False,,
Movies,42,1215,563,5632,text,3,0.08164965361356735,10,15,0.14994002399040385,0.4,0.9619875550270081,0.6184043288230896,-0.01142042875289917,-0.020729243755340576,False,False,0.8922315239906311,0.9461157321929932,0.06243111938238144,0.6331678628921509,0.09860121458768845,0.6897666454315186,1.175053358078003,0.5016931295394897,0.11848729848861694,-0.0007552504539489746,True,1.1016652584075928,-2.09808349609375e-05
Movies,42,7987,7986,68110,text,3,0.3333333134651184,3,3,0.14994002399040385,1.0,0.9983162879943848,0.8557938933372498,0.0007417201995849609,0.049251019954681396,True,True,0.9921914935112,0.9960957765579224,0.3276824653148651,0.9993589520454407,0.3278926610946655,0.17642223834991455,0.5357246398925781,0.8382639288902283,0.6947370171546936,-0.0007170438766479492,True,1.5358983278274536,-7.286667823791504e-06
Movies,42,11649,9838,85817,visual,3,0.03539961576461792,42,19,0.15,0.09523809523809523,0.9387549757957458,0.6893703937530518,-0.019788026809692383,0.024937987327575684,False,True,0.9484001994132996,0.9742001295089722,0.02437686175107956,0.9539087414741516,0.025554710999131203,0.14744342863559723,0.5561584234237671,0.8629112839698792,0.7836871147155762,-0.00012664496898651123,True,1.0339624881744385,1.7076730728149414e-05
Movies,42,11922,15221,143385,visual,3,0.0800640732049942,12,13,0.14994002399040385,0.3333333333333333,0.9883346557617188,0.7585545778274536,-0.00460207462310791,-0.03915989398956299,False,False,0.9624765515327454,0.9812382459640503,0.0776621550321579,0.9362464547157288,0.08295054733753204,0.665020227432251,1.0125432014465332,0.5142630934715271,0.09343355894088745,-0.007545351982116699,True,1.0882872343063354,-0.00011789798736572266
Movies,42,1895,12193,109252,text,3,0.4472135901451111,1,5,0.14994002399040385,1.0,0.9743325114250183,0.6742630004882812,0.013927996158599854,-0.010766088962554932,True,False,0.9046539664268494,0.9523270130157471,0.31021079421043396,0.31021079421043396,1.0,0.2802807688713074,0.9261794090270996,0.7555716037750244,0.6325473785400391,-0.005962073802947998,False,,
Movies,42,14368,6123,50516,text,2,0.0668153166770935,8,28,0.14994002399040385,0.5,0.99163818359375,0.4230797588825226,0.022151589393615723,-0.09594473242759705,True,False,0.9842731356620789,0.9921365976333618,0.07479458302259445,0.6221711039543152,0.12021545320749283,0.12998609244823456,0.48836541175842285,0.8781076669692993,0.7837750911712646,-0.00031785666942596436,True,1.1356747150421143,-3.7476420402526855e-05
Movies,42,283,475,4676,text,4,0.18257418274879456,6,5,0.14994002399040385,0.6666666666666666,0.9770937561988831,0.8391702771186829,0.003282606601715088,0.025056540966033936,True,True,0.8559092283248901,0.9279546141624451,0.15418632328510284,0.9314925074577332,0.1655261069536209,0.152056023478508,0.7006102204322815,0.8589401841163635,0.8171260952949524,-0.0034043341875076294,True,1.2059032917022705,-0.00040493905544281006
Movies,42,1439,4261,35449,visual,1,0.28867512941360474,2,6,0.14994002399040385,1.0,0.9801115393638611,0.630290687084198,0.0022326111793518066,-2.1755695343017578e-05,True,False,0.8661163449287415,0.9330581426620483,0.28810277581214905,0.7261192202568054,0.3967706263065338,0.6841890215873718,1.0664894580841064,0.5044991970062256,0.13538771867752075,-0.074130117893219,True,1.577350378036499,-0.08801603317260742
Movies,42,8470,7338,62304,visual,4,0.07856741547584534,6,27,0.14994002399040385,0.6666666666666666,0.9644139409065247,0.6378085613250732,-0.0053296685218811035,0.014676094055175781,False,True,0.812790036201477,0.9063950181007385,0.08767687529325485,0.4327816069126129,0.20258918404579163,0.08497167378664017,0.37495720386505127,0.9185383319854736,0.8664172887802124,-0.00635528564453125,True,1.2355140447616577,-0.0017673298716545105
Movies,42,14335,16184,154601,text,1,0.07905694097280502,10,16,0.14994002399040385,0.4,0.9987909197807312,0.5835011005401611,0.01702958345413208,0.005287766456604004,True,True,0.995102047920227,0.9975510239601135,0.0789092406630516,0.6829439997673035,0.11554276943206787,0.02409275807440281,0.14594632387161255,0.9761951565742493,0.9623982906341553,2.7921050786972046e-06,True,1.1210781335830688,-4.014931619167328e-05
Movies,42,12913,4022,33361,text,4,0.3535533845424652,2,4,0.14994002399040385,1.0,0.8892890214920044,0.5152227878570557,-0.03441905975341797,-0.05649590492248535,False,False,0.8573322296142578,0.9286661148071289,0.24852237105369568,0.4101879298686981,0.6058744192123413,0.49181193113327026,1.1151635646820068,0.6115173697471619,0.3503999412059784,0.01362144947052002,True,4.041381359100342,0.012020528316497803
Movies,42,392,16397,157471,text,3,0.18257418274879456,2,15,0.14994002399040385,1.0,0.9831722974777222,0.7217340469360352,0.017525434494018555,0.07011449337005615,True,True,0.9308587908744812,0.965429425239563,0.15887124836444855,0.3402036726474762,0.46698862314224243,0.6447789669036865,1.1195391416549683,0.5247785449028015,0.15191859006881714,-0.0012042522430419922,True,1.4472136497497559,0.0009869933128356934
Movies,42,4455,4640,38058,text,1,0.7071067690849304,2,1,0.14994002399040385,1.0,0.9787976145744324,0.7360419631004333,0.0009273886680603027,0.035291850566864014,True,True,0.920818567276001,0.9604092836380005,0.7043705582618713,0.9699984788894653,0.7261563539505005,2.8216962814331055,0.836876392364502,0.7644532322883606,0.6291630864143372,-0.020536422729492188,True,3.000000238418579,0.18677902221679688
Movies,42,9026,7504,63942,text,3,1.0,1,1,0.14994002399040385,1.0,0.974117636680603,0.7650189995765686,0.0,0.0,True,True,0.8984774351119995,0.9492387175559998,0.9999619126319885,0.9999619126319885,1.0,0.10635313391685486,0.38244137167930603,0.8991070985794067,0.8100252151489258,-0.003486163914203644,False,,
Movies,42,4843,9615,83720,visual,2,0.117851123213768,6,12,0.14994002399040385,0.6666666666666666,0.9272505640983582,0.3706749379634857,-0.013971030712127686,-0.0632702112197876,False,False,0.8882573843002319,0.944128692150116,0.10730540007352829,0.670574963092804,0.16001999378204346,0.6982908248901367,0.9257169365882874,0.4974347949028015,0.03939986228942871,-0.018140077590942383,True,1.1686819791793823,-0.01743215322494507
Movies,42,11174,3238,27045,visual,1,0.04622501879930496,9,52,0.14994002399040385,0.4444444444444444,0.9415533542633057,0.697973370552063,-0.01619863510131836,0.07405400276184082,False,True,0.9421303868293762,0.9710651636123657,0.04598994925618172,0.5012202858924866,0.09175596386194229,1.56268310546875,1.0001866817474365,0.6864821910858154,0.47690922021865845,0.0006909370422363281,True,1.083112120628357,0.010823965072631836
Movies,42,6938,7237,61204,visual,3,0.10259783267974854,19,5,0.15,0.21052631578947367,0.9358399510383606,0.737529456615448,-0.031055033206939697,0.06549257040023804,False,True,0.9669948220252991,0.9834973812103271,0.07238104939460754,0.8717145323753357,0.08303297311067581,0.3743519186973572,0.8789713382720947,0.687734842300415,0.4498361051082611,0.0025237202644348145,True,1.1218502521514893,0.004549920558929443
Movies,42,194,12633,113699,text,1,0.20412413775920868,3,8,0.14994002399040385,1.0,0.977022647857666,0.7449030876159668,0.005620598793029785,0.036925315856933594,True,True,0.8774973154067993,0.9387486577033997,0.20396775007247925,0.3593518137931824,0.5675990581512451,2.988776683807373,0.9824231266975403,0.5974559187889099,0.27635112404823303,0.012708425521850586,True,1.9282032251358032,-0.0037441253662109375
Movies,42,1914,13308,121528,text,3,0.20412413775920868,6,4,0.14994002399040385,0.6666666666666666,0.9860061407089233,0.6066625714302063,0.002099275588989258,-0.0332372784614563,True,False,0.9679543375968933,0.983977198600769,0.14951206743717194,0.9027680158615112,0.16561515629291534,0.4003835916519165,1.017829179763794,0.6700629591941833,0.4807150363922119,0.000483781099319458,True,1.2161496877670288,-3.841519355773926e-05
Movies,42,15933,9954,86994,visual,2,0.02331261895596981,10,184,0.14994002399040385,0.4,0.8946376442909241,0.5443877577781677,-0.03223222494125366,-0.05240410566329956,False,False,0.8526169657707214,0.9263085126876831,0.06349615752696991,0.6090812087059021,0.10424908250570297,0.797086238861084,1.5013861656188965,0.45064011216163635,0.18404218554496765,-0.002545952796936035,True,1.0316163301467896,-0.003121495246887207
Movies,42,9567,5653,46282,text,3,0.04950737953186035,8,51,0.14994002399040385,0.5,0.9865413904190063,0.6182190179824829,0.00433957576751709,-0.054075539112091064,True,False,0.9412260055541992,0.9706130027770996,0.05515808239579201,0.47570815682411194,0.11594941467046738,0.7623181343078613,1.0289559364318848,0.46658357977867126,0.01700308918952942,-0.00035011768341064453,True,1.1199885606765747,3.272294998168945e-05
Movies,42,12738,12735,115072,text,3,0.06324555724859238,10,25,0.14994002399040385,0.4,0.9940913319587708,0.7247495651245117,0.0209234356880188,0.030218541622161865,True,True,0.9647756814956665,0.9823878407478333,0.05913325771689415,0.6018805503845215,0.09824749827384949,0.0341552272439003,0.21325981616973877,0.9664214849472046,0.9581202268600464,-3.3408403396606445e-05,True,1.09456205368042,-1.2211501598358154e-05
Movies,42,15341,13439,123471,text,4,0.1178511306643486,9,8,0.14994002399040385,0.4444444444444444,0.9686474800109863,0.7936222553253174,-0.013386845588684082,0.12859433889389038,False,True,0.8879239559173584,0.9439619779586792,0.08081872016191483,0.7590329647064209,0.10647590458393097,1.7217621803283691,0.615715503692627,0.7998058795928955,0.621055006980896,-0.002554655075073242,True,1.1775538921356201,0.0014615058898925781
Movies,42,15674,3297,27694,text,2,0.15075567364692688,2,22,0.14994002399040385,1.0,0.9102930426597595,0.42626145482063293,-0.022305548191070557,-0.05287685990333557,False,False,0.5992619395256042,0.7996309995651245,0.21581800282001495,0.45026886463165283,0.47930917143821716,0.14696456491947174,0.6388490200042725,0.8633245825767517,0.8062686324119568,0.0009025782346725464,True,1.522233009338379,0.001306489109992981
Movies,42,8323,11502,102102,text,4,0.020412413403391838,32,75,0.15,0.125,0.9605543613433838,0.5024509429931641,-0.009716272354125977,-0.06239306926727295,False,False,0.9511713981628418,0.9755856990814209,0.033566080033779144,1.0567513704299927,0.031763460487127304,0.15259355306625366,0.6267926692962646,0.8584786057472229,0.8014780879020691,-0.00021064281463623047,True,1.0191326141357422,-6.048381328582764e-05
Movies,42,6678,10585,93773,text,1,0.40824827551841736,2,3,0.14994002399040385,1.0,0.9388564229011536,0.3371832072734833,-0.014478623867034912,-0.03318700194358826,False,False,0.7622175812721252,0.8811087608337402,0.4083360731601715,0.6235851049423218,0.6548201441764832,0.8491854667663574,1.5452126264572144,0.4277632236480713,0.10890349745750427,0.11748796701431274,True,2.0,0.11055433750152588
Movies,42,9375,2896,24173,visual,3,0.05923488736152649,15,19,0.15,0.26666666666666666,0.9515889286994934,0.5554471611976624,-0.01093214750289917,-0.045228660106658936,False,False,0.7846757173538208,0.8923378586769104,0.04340646415948868,0.6135287284851074,0.07074887305498123,0.31646090745925903,0.9206715226173401,0.7287235260009766,0.5919922590255737,-0.001534193754196167,True,1.0731122493743896,0.0003046095371246338
Movies,42,2987,525,5110,text,3,0.3162277638912201,2,5,0.14994002399040385,1.0,0.9845228791236877,0.5154302716255188,0.008603215217590332,0.011523127555847168,True,True,0.9447770714759827,0.972388505935669,0.19548925757408142,0.39671650528907776,0.49276813864707947,0.9091795086860657,1.5636565685272217,0.4028546214103699,0.14115512371063232,-0.00550156831741333,True,2.095445156097412,0.002068459987640381
Movies,42,9169,14254,132346,text,4,0.04445542022585869,22,23,0.15,0.18181818181818182,0.9765504002571106,0.6922453045845032,0.012059390544891357,0.12616842985153198,True,True,0.4612123668193817,0.730606198310852,0.033374857157468796,0.7145571112632751,0.04670705273747444,0.7845537066459656,1.6414555311203003,0.4563233256340027,0.24921391904354095,0.002009153366088867,True,1.0497137308120728,0.0007201433181762695
Movies,42,14585,14058,130279,text,4,0.0800640806555748,2,78,0.14994002399040385,1.0,0.9362213015556335,0.5184637308120728,-0.014290690422058105,-0.04278445243835449,False,False,0.6563963890075684,0.8281981945037842,0.14686979353427887,0.293944776058197,0.4996509850025177,0.12135135382413864,0.4760704040527344,0.8857226967811584,0.8140610456466675,0.0026417598128318787,True,1.3202563524246216,0.0019206702709197998
Movies,42,13949,14785,138307,visual,2,0.058925561606884,24,12,0.15,0.16666666666666666,0.9331070780754089,0.5220066905021667,-0.02766209840774536,-0.08397793769836426,False,False,0.7375001907348633,0.8687500953674316,0.039823781698942184,0.8394507169723511,0.047440286725759506,0.7037659287452698,1.1499403715133667,0.4947187304496765,0.15882790088653564,-0.009076893329620361,True,1.0408891439437866,-0.005459845066070557
Movies,42,13302,12823,116251,visual,3,0.20412413775920868,6,4,0.14994002399040385,0.6666666666666666,0.997871994972229,0.8021124005317688,0.00928354263305664,0.046979308128356934,True,True,0.9497408866882324,0.9748704433441162,0.15740936994552612,0.9492848515510559,0.16581889986991882,0.10596570372581482,0.4541018009185791,0.8994554877281189,0.8331645131111145,-0.0027455762028694153,True,1.1910392045974731,-0.0004883110523223877
Movies,42,3331,4019,33310,visual,1,0.4999999701976776,2,2,0.14994002399040385,1.0,0.9806758165359497,0.6141504645347595,0.0009080171585083008,0.017194807529449463,True,True,0.9518911838531494,0.9759455919265747,0.4983226954936981,0.8291225433349609,0.6010241508483887,0.2046673744916916,0.7522618174552917,0.8149183392524719,0.7349460124969482,-0.007160454988479614,True,2.2247447967529297,0.007513806223869324
Movies,42,11922,15672,148565,text,2,0.0833333283662796,12,12,0.14994002399040385,0.3333333333333333,0.9867584705352783,0.73218834400177,-0.005673408508300781,-0.0468897819519043,False,False,0.9060600996017456,0.9530300498008728,0.07699097692966461,0.9409288763999939,0.08182443678379059,0.665020227432251,1.0125432014465332,0.5142630934715271,0.09343355894088745,0.0032723546028137207,True,1.0922247171401978,-0.00018787384033203125
Movies,42,6109,6130,50567,text,3,0.28867512941360474,6,2,0.14994002399040385,0.6666666666666666,0.9691578149795532,0.4255986511707306,-0.010410785675048828,-0.16906937956809998,False,False,0.8400380611419678,0.9200190305709839,0.19669975340366364,1.1398106813430786,0.1725722998380661,0.3802189230918884,0.8748070597648621,0.6837117075920105,0.44658470153808594,-0.0016980469226837158,True,1.2923147678375244,0.00010588765144348145
Movies,42,10739,2120,18258,text,3,1.0,1,1,0.14994002399040385,1.0,0.9615260362625122,0.6172157526016235,0.0,0.0,True,True,0.8570061922073364,0.9285030961036682,0.9978578686714172,0.9978578686714172,1.0,0.43264496326446533,0.6933997273445129,0.6487907767295837,0.3038083016872406,0.02294081449508667,False,,
Movies,42,6151,5123,41833,text,1,0.40824827551841736,3,2,0.14994002399040385,1.0,0.9748955965042114,0.5716165900230408,0.006814241409301758,-0.050808608531951904,True,False,0.9555338621139526,0.9777669310569763,0.4070557653903961,0.9212815761566162,0.4418364465236664,0.6972835063934326,0.839013934135437,0.49793609976768494,0.02220207452774048,-0.03799408674240112,True,1.6909830570220947,-0.01972508430480957
Movies,42,11522,14095,130901,text,1,0.05802588909864426,9,33,0.14994002399040385,0.4444444444444444,0.9929208159446716,0.7013222575187683,0.007501006126403809,0.021371841430664062,True,True,0.9823371171951294,0.9911685585975647,0.05784699693322182,0.43386757373809814,0.13332869112491608,0.014214104041457176,0.09841786324977875,0.9858864545822144,0.9812192916870117,4.983041435480118e-05,True,1.1397180557250977,2.1977350115776062e-05
Movies,42,16155,9530,82968,text,1,0.014201909303665161,37,134,0.15,0.10810810810810811,0.9301835298538208,0.5919674634933472,-0.023188114166259766,-0.0054781436920166016,False,False,0.6208578944206238,0.8104289770126343,0.01419558934867382,1.4579682350158691,0.009736555628478527,0.07215479761362076,0.35415762662887573,0.9303868412971497,0.8970133066177368,4.1365623474121094e-05,True,1.0087502002716064,3.546476364135742e-06
Movies,42,7041,8241,70182,text,3,0.07453560084104538,18,10,0.15,0.2222222222222222,0.9037749767303467,0.8158195614814758,-0.038440704345703125,0.19199258089065552,False,True,0.7965307831764221,0.8982653617858887,0.05241964012384415,0.9188903570175171,0.05704667419195175,0.462851881980896,1.0294677019119263,0.6294858455657959,0.39000996947288513,0.0005162954330444336,True,1.0874738693237305,-2.777576446533203e-05
Movies,42,13985,6374,52704,visual,4,0.0589255653321743,8,36,0.14994002399040385,0.5,0.974032461643219,0.6033066511154175,0.008290588855743408,-0.05660337209701538,True,False,0.8454163670539856,0.9227081537246704,0.07918629050254822,0.7284897565841675,0.1086992472410202,0.10155424475669861,0.45384204387664795,0.9034321904182434,0.849540650844574,0.0023285076022148132,True,1.0544886589050293,0.0006980672478675842
Movies,42,14130,6636,55299,text,2,0.22360679507255554,4,5,0.14994002399040385,1.0,0.9878326058387756,0.5602966547012329,0.008744776248931885,-0.037200212478637695,True,False,0.9707620143890381,0.985381007194519,0.15864740312099457,0.4966961145401001,0.31940537691116333,0.9323630332946777,1.5044163465499878,0.3936224579811096,0.10891219973564148,0.0043694376945495605,True,1.6508427858352661,-0.0007439255714416504
Movies,42,16257,10148,88898,visual,4,0.0345032773911953,42,20,0.15,0.09523809523809523,0.9748590588569641,0.47039860486984253,0.014666497707366943,-0.08318990468978882,True,False,0.8071990013122559,0.9035995006561279,0.03348340839147568,1.4295648336410522,0.02342209778726101,0.509713888168335,0.8020564913749695,0.600667417049408,0.22300556302070618,0.000586092472076416,True,1.0177953243255615,0.0005658864974975586
Movies,42,196,4428,36545,text,3,0.09534625709056854,10,11,0.14994002399040385,0.4,0.9743330478668213,0.681556761264801,0.00909411907196045,0.033528149127960205,True,True,0.8884958028793335,0.9442479014396667,0.05963164195418358,0.560942530632019,0.10630615055561066,1.9964561462402344,1.2530667781829834,0.5725331902503967,0.37426233291625977,0.0021741390228271484,True,1.164713978767395,-0.0015012025833129883
Movies,42,9084,11206,99666,text,4,0.041739195585250854,14,41,0.15,0.2857142857142857,0.9789547920227051,0.48222896456718445,0.021519005298614502,-0.08065202832221985,True,False,0.7673235535621643,0.8836617469787598,0.04827233776450157,0.6832635998725891,0.070649653673172,0.023002926260232925,0.14987322688102722,0.977259635925293,0.968864381313324,-0.0001529734581708908,True,1.0753353834152222,-6.1746686697006226e-06
Movies,42,15912,1945,16908,visual,4,0.40824827551841736,1,6,0.14994002399040385,1.0,0.9051682949066162,0.5837597846984863,-0.018401384353637695,0.016607582569122314,False,True,0.937565267086029,0.9687826633453369,0.23459336161613464,0.23459336161613464,1.0,0.397960364818573,1.1187739372253418,0.6716886162757874,0.5214161276817322,0.007488220930099487,False,,
Movies,42,1279,10647,94323,text,3,0.07856742292642593,81,2,0.15,0.04938271604938271,0.9695260524749756,0.6506511569023132,-0.005114734172821045,-0.051295340061187744,False,False,0.7507407069206238,0.8753703832626343,0.016107242554426193,1.4376037120819092,0.011204229667782784,0.15752452611923218,0.5614628791809082,0.8542558550834656,0.7459179162979126,-3.390014171600342e-05,True,1.056626796722412,0.00014072656631469727
Movies,42,14516,14233,132213,visual,3,0.06482037156820297,17,14,0.15,0.23529411764705882,0.9893572926521301,0.6642755270004272,0.007390379905700684,-0.042722463607788086,True,False,0.9090865850448608,0.9545432925224304,0.04826383292675018,0.7705484628677368,0.06263568997383118,0.562063455581665,0.9165100455284119,0.5700315833091736,0.187938392162323,0.0010933279991149902,True,1.0686368942260742,0.0014297962188720703
Movies,42,3105,4390,36349,visual,2,0.25,4,4,0.14994002399040385,1.0,0.9965114593505859,0.7200848460197449,0.033750057220458984,0.04146838188171387,True,True,0.9317788481712341,0.9658894538879395,0.16820529103279114,0.5226296186447144,0.3218441605567932,0.0654081255197525,0.3354818820953369,0.9366850852966309,0.9025502800941467,-0.004695545881986618,True,1.4229212999343872,-0.002024129033088684
Movies,42,14524,14525,135428,text,3,0.4472135901451111,5,1,0.14994002399040385,0.8,0.9775866866111755,0.7413727045059204,0.009711861610412598,0.06814247369766235,True,True,0.9497467875480652,0.974873423576355,0.16898933053016663,0.5729358792304993,0.294953316450119,0.24096372723579407,0.7373288869857788,0.7858701348304749,0.6251338720321655,0.0003865659236907959,True,1.89765465259552,-0.0014601796865463257
Movies,42,4476,10622,94081,visual,1,0.10050377994775772,3,33,0.14994002399040385,1.0,0.8951125741004944,0.6243813633918762,-0.06140536069869995,-0.03350406885147095,False,False,0.7557895183563232,0.8778947591781616,0.10025181621313095,0.16534075140953064,0.6063345670700073,0.3279089629650116,1.047790765762329,0.7204285860061646,0.6159189939498901,-0.021774590015411377,True,1.8246939182281494,-0.029392153024673462
Movies,42,11405,11112,98606,text,3,0.7071067690849304,2,1,0.14994002399040385,1.0,0.9176645874977112,0.7052763104438782,-0.01676177978515625,0.037705183029174805,False,True,0.6762869358062744,0.8381434679031372,0.6409662961959839,1.2819325923919678,0.5,1.1965467929840088,0.7998761534690857,0.6635717153549194,0.3613356053829193,0.07466769218444824,True,2.0,3.5762786865234375e-07
Movies,42,14553,4678,38344,visual,1,0.19245009124279022,9,3,0.14994002399040385,0.4444444444444444,0.9726138114929199,0.31970927119255066,0.0061914920806884766,-0.18588045239448547,True,False,0.6696528196334839,0.8348264098167419,0.19167473912239075,0.5753529667854309,0.33314287662506104,0.11613065004348755,0.4719310700893402,0.8903588652610779,0.8104226589202881,0.010040909051895142,True,1.2982330322265625,-0.0004622340202331543
Movies,42,8823,8143,69296,visual,3,0.15430334210395813,2,21,0.14994002399040385,1.0,0.9696206450462341,0.5426837205886841,0.01480710506439209,-0.059737443923950195,True,False,0.9198921918869019,0.9599460959434509,0.12935659289360046,0.2548545300960541,0.5075703263282776,0.10482215136289597,0.5018329620361328,0.9004846811294556,0.8549070358276367,-0.0026496946811676025,True,2.4960265159606934,0.0013120919466018677
Movies,42,4782,4831,39444,visual,2,0.05143444985151291,14,27,0.15,0.2857142857142857,0.9936900734901428,0.596470832824707,0.03577214479446411,0.003502964973449707,True,True,0.8626618385314941,0.9313309192657471,0.04412122070789337,0.640277087688446,0.06890957057476044,2.8320395946502686,1.6540791988372803,0.3930741846561432,0.1591337025165558,0.003675222396850586,True,1.0658131837844849,0.00466609001159668
Movies,42,5766,13549,124385,text,1,0.12909944355487823,5,12,0.14994002399040385,0.8,0.98649001121521,0.4835786819458008,0.015465319156646729,0.0050694942474365234,True,True,0.9540634155273438,0.9770317077636719,0.1286557912826538,0.5375354290008545,0.23934383690357208,1.7645660638809204,0.6289556622505188,0.8003501296043396,0.6290890574455261,0.03353536128997803,True,1.2796393632888794,0.009065508842468262
Movies,42,8962,16490,158330,text,1,0.031403716653585434,26,39,0.15,0.15384615384615385,0.9619715213775635,0.43930044770240784,0.013565659523010254,-0.0993550717830658,True,False,0.9662851095199585,0.9831425547599792,0.031317275017499924,0.9228834509849548,0.03393416106700897,0.7402775287628174,1.4672030210494995,0.476981520652771,0.2787681818008423,-0.00030875205993652344,True,1.023492455482483,-0.00026428699493408203
Movies,42,1109,16155,154196,visual,1,0.11624763160943985,2,37,0.14994002399040385,1.0,0.9585206508636475,0.7346606254577637,-0.008973777294158936,0.06376248598098755,False,True,0.9795753955841064,0.9897876977920532,0.11572466045618057,0.5836848616600037,0.1982656568288803,0.18751712143421173,0.6223352551460266,0.8290148973464966,0.7042142152786255,0.01738978922367096,True,1.2324953079223633,0.011015072464942932
Movies,42,13302,11334,100636,text,4,0.14433756470680237,6,8,0.14994002399040385,0.6666666666666666,0.9948991537094116,0.7531899213790894,0.0139540433883667,0.03337979316711426,True,True,0.9861596822738647,0.9930798411369324,0.1387929618358612,0.9040622711181641,0.15352146327495575,0.10596570372581482,0.4541018009185791,0.8994554877281189,0.8331645131111145,0.00045580416917800903,True,1.1279270648956299,7.623434066772461e-05
Movies,42,9724,10229,89842,visual,3,0.05307449400424957,5,71,0.14994002399040385,0.8,0.8945950269699097,0.47309044003486633,-0.03088843822479248,-0.129348486661911,False,False,0.8143240213394165,0.9071620106697083,0.06807863712310791,0.5659186840057373,0.12029755860567093,1.8094428777694702,2.1659998893737793,0.22636263072490692,0.06261728703975677,0.03936207294464111,True,1.051950216293335,0.03932690620422363
Movies,42,9169,10268,90268,visual,3,0.04767312854528427,22,20,0.15,0.18181818181818182,0.9627788066864014,0.6645163297653198,0.0024587512016296387,0.09342312812805176,True,True,0.9623372554779053,0.9811686277389526,0.03518625348806381,0.7339641451835632,0.04794001579284668,0.7845537066459656,1.6414555311203003,0.4563233256340027,0.24921391904354095,0.0008748769760131836,True,1.053504467010498,0.0007671117782592773
Movies,42,5847,6609,54883,visual,3,0.20412413775920868,1,24,0.14994002399040385,1.0,0.9721369743347168,0.593920111656189,0.0002086162567138672,0.014025688171386719,True,True,0.939217209815979,0.9696086049079895,0.17007316648960114,0.17007316648960114,1.0,0.7199671268463135,1.31923508644104,0.48676827549934387,0.19842344522476196,0.013918578624725342,False,,
Movies,42,6805,8594,73419,text,1,0.0471404567360878,25,18,0.15,0.16,0.9838581681251526,0.6909623742103577,0.014427244663238525,0.04559379816055298,True,True,0.9491598606109619,0.974579930305481,0.046985119581222534,1.3505357503890991,0.03478998690843582,0.5627135634422302,1.1243834495544434,0.5696611404418945,0.2877790331840515,-0.0004235506057739258,True,1.0283126831054688,-1.4901161193847656e-06
Movies,42,16196,13157,119996,visual,1,0.09245003759860992,9,13,0.14994002399040385,0.4444444444444444,0.9686295986175537,0.9313753843307495,-0.0030356645584106445,0.20410025119781494,False,True,0.9702990651130676,0.9851495027542114,0.09211261570453644,0.5212034583091736,0.17673063278198242,1.360491156578064,0.8726828694343567,0.684294581413269,0.4277598559856415,-0.02751767635345459,True,1.1743192672729492,0.006058931350708008
Movies,42,246,6674,55582,text,3,0.0260025504976511,17,87,0.15,0.23529411764705882,0.9387708902359009,0.748081624507904,-0.02469944953918457,0.07729357481002808,False,True,0.7966240048408508,0.898311972618103,0.039004892110824585,0.7556210160255432,0.051619648933410645,0.1929353028535843,0.699013352394104,0.8245353102684021,0.7120158672332764,-0.000136643648147583,True,1.0298470258712769,-5.5342912673950195e-05
Movies,42,12706,14552,135684,visual,2,0.15811388194561005,4,10,0.14994002399040385,1.0,0.9408729076385498,0.46805453300476074,-0.022139787673950195,0.008443504571914673,False,True,0.6841118931770325,0.8420559167861938,0.170926034450531,0.45123592019081116,0.3787952661514282,0.21007898449897766,0.875699520111084,0.8105202317237854,0.7697703242301941,0.013615250587463379,True,1.5122677087783813,0.0077254027128219604
Movies,42,14406,3087,25741,visual,4,0.04828045889735222,39,11,0.15,0.10256410256410256,0.9537714123725891,0.6640408039093018,-0.009576022624969482,0.030177831649780273,False,True,0.89214026927948,0.94607013463974,0.026042340323328972,1.0082225799560547,0.025829952210187912,0.2770768404006958,0.7568180561065674,0.7579962611198425,0.5665993690490723,0.00015750527381896973,True,1.0241118669509888,-0.000206679105758667
Movies,42,11745,15394,145472,text,3,0.05872201919555664,5,58,0.14994002399040385,0.8,0.9852160811424255,0.5539921522140503,0.020607292652130127,-0.024699091911315918,True,False,0.9830120205879211,0.9915059804916382,0.07922860234975815,0.4631267786026001,0.17107324302196503,0.3395695090293884,0.8446387052536011,0.7120767831802368,0.47759321331977844,-0.0012386739253997803,True,1.0952731370925903,-0.0006647109985351562
Movies,42,9509,9507,82589,visual,3,0.10101526230573654,7,14,0.14994002399040385,0.5714285714285714,0.9982487559318542,0.4622419476509094,0.04085797071456909,-0.06494033336639404,True,False,0.8109043836593628,0.9054521918296814,0.06451039761304855,0.4196310341358185,0.15373124182224274,0.1415368765592575,0.6189472079277039,0.868023157119751,0.8078269362449646,0.0007459968328475952,True,1.1902192831039429,-0.0004673004150390625
Movies,42,12326,15116,142164,visual,2,0.05783149227499962,23,13,0.15,0.17391304347826086,0.9563199281692505,0.6130870580673218,-0.006832718849182129,-0.02721339464187622,False,False,0.5804544687271118,0.7902272343635559,0.043482959270477295,0.8511709570884705,0.05108604580163956,0.19146277010440826,0.6260196566581726,0.8257503509521484,0.6972168684005737,-0.0027998238801956177,True,1.0338681936264038,-0.0034931302070617676
Movies,42,2319,1246,11091,visual,2,0.018575940281152725,23,126,0.15,0.17391304347826086,0.9906081557273865,0.7631111741065979,0.014150381088256836,0.03492707014083862,True,True,0.9618843197822571,0.9809421300888062,0.03247542306780815,0.8327342867851257,0.03899854049086571,0.052148107439279556,0.26452362537384033,0.9491882920265198,0.9179763793945312,-0.00023278221487998962,True,1.0244940519332886,-6.483867764472961e-05
Movies,42,15309,15989,152181,visual,3,0.10050378739833832,9,11,0.14994002399040385,0.4444444444444444,0.9132692813873291,0.460396945476532,-0.03393292427062988,-0.04380112886428833,False,False,0.8359087705612183,0.9179543852806091,0.0666177049279213,0.6318554282188416,0.10543187707662582,1.0118070840835571,1.8463544845581055,0.3635614216327667,0.1737426519393921,-0.013770997524261475,True,1.1059685945510864,-0.010001540184020996
Movies,42,10109,8668,74254,visual,3,0.009827565401792526,62,167,0.15,0.06451612903225806,0.9829688668251038,0.3925987780094147,0.015425264835357666,-0.14715418219566345,True,False,0.8555201292037964,0.9277600646018982,0.017333950847387314,1.2866466045379639,0.013472192920744419,2.917536973953247,1.1461620330810547,0.6561768651008606,0.516545832157135,0.006577968597412109,True,1.0052512884140015,0.0063016414642333984
Movies,42,14037,15587,147658,text,4,0.04089304059743881,13,46,0.15,0.3076923076923077,0.9262685179710388,0.6869316697120667,-0.04171055555343628,0.11293989419937134,False,True,0.5974411368370056,0.7987205982208252,0.05553339049220085,0.7859137058258057,0.07066092640161514,0.11551963537931442,0.388333261013031,0.8909030556678772,0.7892617583274841,-0.00022602826356887817,True,1.0396274328231812,-0.00020510703325271606
Movies,42,2137,2887,24124,visual,2,0.117851123213768,6,12,0.14994002399040385,0.6666666666666666,0.9586693644523621,0.7101598978042603,-0.006895005702972412,0.038187503814697266,False,True,0.8886097073554993,0.9443048238754272,0.08275589346885681,0.45453062653541565,0.18206889927387238,0.8481253385543823,1.240336537361145,0.42821693420410156,0.010737806558609009,-0.0034804344177246094,True,1.2461603879928589,0.016499221324920654
Movies,42,947,14119,131176,visual,1,0.06593804806470871,5,46,0.14994002399040385,0.8,0.9264710545539856,0.4648314118385315,-0.032224416732788086,-0.1401955485343933,False,False,0.769392728805542,0.884696364402771,0.0656176209449768,0.7793999910354614,0.08418991416692734,0.4007141590118408,1.1234854459762573,0.6698415279388428,0.4902077913284302,0.013019353151321411,True,1.0685744285583496,0.013189196586608887
Movies,42,12213,12090,108230,text,2,0.11396058648824692,11,7,0.14994002399040385,0.36363636363636365,0.9864864945411682,0.5557644963264465,0.027938425540924072,0.0007454752922058105,True,True,0.9277265071868896,0.9638632535934448,0.08800336718559265,0.7577115297317505,0.11614362895488739,0.2347988784313202,0.9035843014717102,0.7907298803329468,0.7078944444656372,-2.6106834411621094e-05,True,1.1177815198898315,0.0001378953456878662
Movies,42,365,4733,38711,text,2,0.03904344141483307,16,41,0.15,0.25,0.9644573926925659,0.6758190989494324,0.005678713321685791,0.017164647579193115,True,True,0.8567226529121399,0.9283612966537476,0.03858884423971176,0.6095395088195801,0.06330819427967072,0.02525300718843937,0.16116362810134888,0.9750632047653198,0.9632360339164734,-6.16069883108139e-05,True,1.0659209489822388,-2.4061650037765503e-05
Movies,42,5130,9945,86726,text,1,0.1178511381149292,4,18,0.14994002399040385,1.0,0.9892256855964661,0.5300927758216858,0.012514948844909668,0.03783673048019409,True,True,0.960306704044342,0.9801533222198486,0.11741215735673904,0.4940313398838043,0.23766136169433594,0.13639019429683685,0.6073917150497437,0.8725021481513977,0.8281697034835815,0.0015339106321334839,True,1.2612117528915405,-0.0007468760013580322
Movies,42,3331,4019,33310,text,2,0.4999999701976776,2,2,0.14994002399040385,1.0,0.9806758165359497,0.6141504645347595,0.0009080171585083008,0.017194807529449463,True,True,0.971149742603302,0.9855748414993286,0.43186667561531067,0.9790112972259521,0.4411253333091736,0.2046673744916916,0.7522618174552917,0.8149183392524719,0.7349460124969482,0.0004595816135406494,True,2.2247447967529297,-0.00036941468715667725
Movies,42,13175,5676,46660,visual,3,0.1259881556034088,3,21,0.14994002399040385,1.0,0.9628315567970276,0.5993861556053162,-0.0029404759407043457,-0.03979521989822388,False,False,0.9090002775192261,0.954500138759613,0.14356599748134613,0.4725581109523773,0.30380600690841675,0.6963625550270081,0.9554675817489624,0.4983948767185211,0.054019153118133545,-0.017570197582244873,True,1.3059698343276978,-0.006331324577331543
Movies,42,16041,6719,56039,visual,3,0.06213697791099548,37,7,0.15,0.10810810810810811,0.9764133095741272,0.510662317276001,0.011922240257263184,-0.07820606231689453,True,False,0.782351553440094,0.8911757469177246,0.0336645282804966,1.2571314573287964,0.026778845116496086,1.5217068195343018,1.7471169233322144,0.28267335891723633,0.022235512733459473,-0.0038799047470092773,True,1.0305581092834473,-0.003880023956298828
Movies,42,7122,3769,31152,text,2,0.08606629818677902,9,15,0.14994002399040385,0.4444444444444444,0.9806017875671387,0.5231101512908936,0.027166128158569336,-0.029610097408294678,True,False,0.8362656831741333,0.9181328415870667,0.07013817876577377,0.5969229936599731,0.11749954521656036,1.5176923274993896,1.5153981447219849,0.47668564319610596,0.25746843218803406,0.002613067626953125,True,1.1195766925811768,-0.0009081363677978516
Movies,42,12414,8158,69383,visual,4,0.03175003081560135,31,32,0.15,0.12903225806451613,0.9538091421127319,0.5519254207611084,-0.011073589324951172,0.010890364646911621,False,True,0.8175931572914124,0.9087965488433838,0.028805861249566078,0.8485307097434998,0.03394792973995209,1.035123348236084,1.37155020236969,0.403674840927124,0.04849231243133545,0.007476091384887695,True,1.0234556198120117,0.003485441207885742
Movies,42,5833,14872,139404,text,3,0.09128709137439728,8,15,0.14994002399040385,0.5,0.9789870977401733,0.3627844452857971,0.007431507110595703,-0.08761557936668396,True,False,0.9073401689529419,0.953670084476471,0.10933171957731247,0.6976982355117798,0.15670344233512878,0.24616225063800812,0.9027860164642334,0.7817953824996948,0.7011579871177673,-0.0002861618995666504,True,1.094422459602356,-0.00021679699420928955
Movies,42,14598,15899,151117,visual,3,0.041344914585351944,39,15,0.15,0.10256410256410256,0.9918866753578186,0.6423671245574951,0.005244791507720947,0.03440201282501221,True,True,0.5668452978134155,0.7834226489067078,0.024277886375784874,0.9629034399986267,0.0252132099121809,1.9217313528060913,1.2150967121124268,0.6304367780685425,0.4840834140777588,-0.003465890884399414,True,1.0285065174102783,-0.006361603736877441
Movies,42,14330,15219,143372,visual,3,0.0990147516131401,6,17,0.14994002399040385,0.6666666666666666,0.9646130204200745,0.5946353077888489,0.0032611489295959473,0.050078749656677246,True,True,0.8836767077445984,0.9418383836746216,0.07751435786485672,0.46074289083480835,0.16823777556419373,0.6684439778327942,1.5972431898117065,0.5125054121017456,0.3302189111709595,0.010430455207824707,True,1.1476869583129883,0.004078805446624756
Movies,42,1361,2118,18245,text,1,0.28867512941360474,3,4,0.14994002399040385,1.0,0.9142354726791382,0.4203697443008423,-0.030696570873260498,-0.05826050043106079,False,False,0.8786001205444336,0.9393000602722168,0.2885693609714508,0.5808955430984497,0.4967663586139679,0.10812520980834961,0.5421120524406433,0.8975152373313904,0.8747978210449219,0.004529401659965515,True,1.6854802370071411,0.00732092559337616
Movies,42,1250,1530,13356,text,2,0.09622504562139511,4,27,0.14994002399040385,1.0,0.9752078056335449,0.3816230595111847,0.01620560884475708,-0.16182395815849304,True,False,0.9639529585838318,0.9819765090942383,0.1424570232629776,0.6858669519424438,0.2077035754919052,0.07912459224462509,0.3844956159591675,0.9239248037338257,0.8862543106079102,-0.00012303143739700317,True,1.171522855758667,-8.646398782730103e-05
Movies,42,14270,9378,81470,visual,4,0.06933752447366714,26,8,0.15,0.15384615384615385,0.9364357590675354,0.5315746665000916,-0.022540032863616943,-0.078052818775177,False,False,0.737275242805481,0.8686376214027405,0.038351211696863174,1.084083080291748,0.03537663444876671,0.9316331148147583,1.3923704624176025,0.41682499647140503,0.022915124893188477,-0.0022774934768676758,True,1.0378180742263794,-0.0009958148002624512
Movies,42,14490,11685,103933,text,3,0.03045724518597126,11,98,0.14994002399040385,0.36363636363636365,0.9091287851333618,0.5899452567100525,-0.03274202346801758,-0.06479138135910034,False,False,0.6698220372200012,0.8349109888076782,0.048594698309898376,0.585003674030304,0.08306733518838882,0.34638357162475586,0.7803834676742554,0.7072411775588989,0.44824710488319397,-0.0006321966648101807,True,1.053958535194397,-0.0002726316452026367
Movies,42,2260,6074,49897,visual,1,0.10910893976688385,1,84,0.14994002399040385,1.0,0.9349122643470764,0.45410066843032837,-0.017506957054138184,-0.018353283405303955,False,False,0.919877827167511,0.9599388837814331,0.10872892290353775,0.10872892290353775,1.0,1.864160180091858,1.33549165725708,0.5182856321334839,0.27666229009628296,0.11021971702575684,False,,
Movies,42,13719,15269,143900,text,4,0.08451542258262634,10,14,0.14994002399040385,0.4,0.9421637654304504,0.5014481544494629,-0.009376704692840576,-0.015648365020751953,False,False,0.8515034317970276,0.9257516860961914,0.06451818346977234,0.6444411277770996,0.10011494159698486,0.4549351930618286,1.2387529611587524,0.6344890594482422,0.48358163237571716,-0.0012021958827972412,True,1.1353251934051514,0.00019633769989013672
Movies,42,16196,13157,119996,visual,2,0.09245003759860992,9,13,0.14994002399040385,0.4444444444444444,0.9686295986175537,0.9313753843307495,-0.0030356645584106445,0.20410025119781494,False,True,0.9702990651130676,0.9851495027542114,0.09545974433422089,0.6039930582046509,0.15804775059223175,1.360491156578064,0.8726828694343567,0.684294581413269,0.4277598559856415,-0.018475890159606934,True,1.1743192672729492,0.0005965232849121094
Movies,42,4248,6782,56590,visual,1,0.28867512941360474,4,3,0.14994002399040385,1.0,0.8978833556175232,0.5480125546455383,-0.04295867681503296,-0.019113600254058838,False,False,0.8701465129852295,0.9350732564926147,0.28744521737098694,0.7152143120765686,0.4019008278846741,0.5609931945800781,1.0393009185791016,0.5706420540809631,0.26409876346588135,-0.0024909377098083496,True,1.529113531112671,0.027952730655670166
Movies,42,7478,8258,70422,visual,1,0.22360679507255554,4,5,0.14994002399040385,1.0,0.9764360785484314,0.3614386320114136,0.01743382215499878,-0.04695996642112732,True,False,0.5611046552658081,0.780552327632904,0.22254212200641632,0.9218207597732544,0.2414158284664154,0.5121768712997437,1.3553415536880493,0.599189817905426,0.38958385586738586,0.015268206596374512,True,1.2098307609558105,0.03794205188751221
Movies,42,6928,7898,67116,visual,2,0.044901322573423386,8,62,0.14994002399040385,0.5,0.9657980799674988,0.4603538513183594,-0.000587165355682373,-0.030178844928741455,False,False,0.9036754369735718,0.9518377184867859,0.07174720615148544,0.6611615419387817,0.10851690918207169,0.4193633198738098,1.249934434890747,0.6574652791023254,0.5495967864990234,-0.0006800591945648193,True,1.079777717590332,0.001815199851989746
Movies,42,6540,8,37,text,2,0.14433756470680237,8,6,0.14994002399040385,0.5,0.9724957346916199,0.6006079316139221,0.01122194528579712,0.006691396236419678,True,True,0.5808257460594177,0.7904129028320312,0.0782608613371849,0.7133134603500366,0.10971454530954361,0.11924183368682861,0.49479639530181885,0.887593150138855,0.8146730661392212,0.00046249479055404663,True,1.229276418685913,-0.00022571533918380737
Movies,42,12526,4641,38091,visual,2,0.10314212739467621,2,47,0.14994002399040385,1.0,0.9103211760520935,0.6013911366462708,-0.02930968999862671,0.06472998857498169,False,True,0.9280634522438049,0.9640316963195801,0.2296064794063568,0.4370574951171875,0.5253461599349976,0.3413544297218323,0.7834438681602478,0.7108069658279419,0.4566221833229065,-0.051550716161727905,True,1.7437684535980225,-0.018271803855895996
Movies,42,14789,12252,109812,visual,4,0.04708816111087799,11,41,0.14994002399040385,0.36363636363636365,0.9844706058502197,0.6648745536804199,-0.0019255876541137695,0.02061241865158081,False,True,0.7481374740600586,0.8740687370300293,0.04451369866728783,0.4946763813495636,0.08998549729585648,0.02396811544895172,0.15197069942951202,0.9763168096542358,0.9655255079269409,0.00018480420112609863,True,1.0967531204223633,0.00017223693430423737
Movies,42,9509,14372,133592,visual,4,0.09449112415313721,7,16,0.14994002399040385,0.5714285714285714,0.9745775461196899,0.5424702763557434,0.02038639783859253,-0.030652105808258057,True,False,0.6312834024429321,0.8156417012214661,0.06733454763889313,0.41591212153434753,0.16189609467983246,0.1415368765592575,0.6189472079277039,0.868023157119751,0.8078269362449646,0.0006362795829772949,True,1.1757744550704956,-0.0020899176597595215
Movies,42,15674,3297,27694,visual,3,0.15075567364692688,2,22,0.14994002399040385,1.0,0.9102930426597595,0.42626145482063293,-0.022305548191070557,-0.05287685990333557,False,False,0.4111827611923218,0.7055913805961609,0.13882450759410858,0.2856939435005188,0.48592036962509155,0.14696456491947174,0.6388490200042725,0.8633245825767517,0.8062686324119568,-0.010354727506637573,True,1.522233009338379,-0.007623076438903809
Movies,42,15781,15779,150011,visual,1,0.28867512941360474,4,3,0.14994002399040385,1.0,0.9572321176528931,0.9483621120452881,0.005053579807281494,0.2961130142211914,True,True,0.9963220357894897,0.9981610178947449,0.28754615783691406,1.0129817724227905,0.2838611304759979,0.27437660098075867,0.9217142462730408,0.7600458264350891,0.6220723390579224,0.023898452520370483,True,1.3382039070129395,0.03277015686035156
Movies,42,819,11628,103293,visual,2,0.2357022613286972,2,9,0.14994002399040385,1.0,0.983057975769043,0.5637801885604858,0.04149758815765381,0.004257619380950928,True,True,0.9458547234535217,0.9729273319244385,0.30336707830429077,0.5019622445106506,0.6043623685836792,4.379222869873047,1.591320276260376,0.5323927998542786,0.37803053855895996,0.12659740447998047,True,1.8164966106414795,0.1438455581665039
Movies,42,8565,10803,95799,visual,2,0.03409971669316292,20,43,0.15,0.2,0.9847768545150757,0.7214953899383545,0.016091585159301758,0.05056530237197876,True,True,0.9165872931480408,0.9582936763763428,0.05353384464979172,0.7661218047142029,0.06987641751766205,0.22350254654884338,0.7107595801353455,0.7997128367424011,0.6552578210830688,-0.0017435401678085327,True,1.0384399890899658,-0.0014289170503616333
Movies,42,16100,11834,105666,text,4,0.06454972177743912,15,16,0.15,0.26666666666666666,0.9594530463218689,0.47742870450019836,0.0015048384666442871,-0.08612778782844543,True,False,0.8906834125518799,0.9453417062759399,0.06113073229789734,0.9528695344924927,0.06415435671806335,0.02037207968533039,0.14030732214450836,0.9798340201377869,0.9742047786712646,-6.272643804550171e-05,True,1.0551762580871582,-1.8455088138580322e-05
Movies,42,16452,11638,103379,text,1,0.16903086006641388,7,5,0.14994002399040385,0.5714285714285714,0.954692006111145,0.7647190093994141,-0.011302471160888672,0.10781300067901611,False,True,0.8531553745269775,0.9265776872634888,0.16851478815078735,0.6298121213912964,0.2675635814666748,0.4107879102230072,1.114607334136963,0.6631275415420532,0.48232024908065796,0.014782369136810303,True,1.2739473581314087,0.01045680046081543
Movies,42,4117,14808,138683,text,2,0.05292561650276184,7,51,0.14994002399040385,0.5714285714285714,0.9795536994934082,0.5554715991020203,0.01123356819152832,-0.024598002433776855,True,False,0.9429240226745605,0.9714620113372803,0.11171974241733551,0.7297857999801636,0.15308566391468048,0.5117624402046204,0.9955394268035889,0.5994381904602051,0.27062150835990906,0.002169489860534668,True,1.0574800968170166,0.0014567375183105469
Movies,42,13985,2139,18389,visual,4,0.20412413775920868,8,3,0.14994002399040385,0.5,0.9740415215492249,0.7412495613098145,0.006645023822784424,0.0780642032623291,True,True,0.8879773020744324,0.9439886808395386,0.10024656355381012,0.7284897565841675,0.13760875165462494,0.10155424475669861,0.45384204387664795,0.9034321904182434,0.849540650844574,0.004997476935386658,True,1.218027949333191,-0.001031622290611267
Movies,42,934,1075,9484,visual,2,0.09166985750198364,17,7,0.15,0.23529411764705882,0.9649046063423157,0.6779995560646057,0.008169889450073242,-0.0007978081703186035,True,False,0.929844081401825,0.9649220705032349,0.06794756650924683,0.9246724843978882,0.07348284870386124,1.6487436294555664,1.11711847782135,0.65110844373703,0.45881709456443787,-0.013484954833984375,True,1.092013955116272,-0.01262664794921875
Movies,42,5961,5759,47381,text,2,0.235702246427536,6,3,0.14994002399040385,0.6666666666666666,0.9449435472488403,0.3612039387226105,-0.010560989379882812,-0.08296898007392883,False,False,0.7517945170402527,0.8758972883224487,0.11220062524080276,0.5396251082420349,0.2079232782125473,1.3951728343963623,0.7928757667541504,0.7127546668052673,0.46496444940567017,-0.004399657249450684,True,1.4233900308609009,-0.000874638557434082
Movies,42,8436,5049,41279,visual,2,0.06565321236848831,8,29,0.14994002399040385,0.5,0.9901793003082275,0.46167686581611633,0.027144670486450195,-0.061804622411727905,True,False,0.8152798414230347,0.9076399207115173,0.07410475611686707,0.5516582131385803,0.13433092832565308,0.34418943524360657,1.0587308406829834,0.7087946534156799,0.563287079334259,-0.005274355411529541,True,1.1043649911880493,-0.002446085214614868
Movies,42,246,652,6295,text,1,0.04428074508905411,17,30,0.15,0.23529411764705882,0.9836331009864807,0.7151551842689514,0.025830566883087158,0.04415863752365112,True,True,0.9170002937316895,0.9585001468658447,0.04414939880371094,0.6926412582397461,0.06374064087867737,0.1929353028535843,0.699013352394104,0.8245353102684021,0.7120158672332764,0.00026564300060272217,True,1.0519169569015503,1.8671154975891113e-05
Movies,42,2752,2885,24063,visual,4,0.04029114916920662,11,56,0.14994002399040385,0.36363636363636365,0.9424089193344116,0.5969231128692627,-0.019407987594604492,0.012222528457641602,False,True,0.7974324822425842,0.8987162113189697,0.04990731179714203,0.5689692497253418,0.08771530538797379,0.2779086232185364,1.0023125410079956,0.7573660016059875,0.6896543502807617,-0.004491984844207764,True,1.0761054754257202,0.00011646747589111328
Movies,42,4031,4602,37730,visual,3,0.15075567364692688,4,11,0.14994002399040385,1.0,0.98395836353302,0.8045629858970642,0.011289715766906738,0.06503969430923462,True,True,0.9718818664550781,0.9859409332275391,0.07739517092704773,0.3063387870788574,0.25264567136764526,0.3994919955730438,1.0094724893569946,0.670660674571991,0.44574877619743347,0.008527606725692749,True,1.651935338973999,-0.009130209684371948
Movies,42,1594,16006,152346,text,2,0.056796181946992874,5,62,0.14994002399040385,0.8,0.9825541377067566,0.7226462364196777,0.00914078950881958,0.0376964807510376,True,True,0.9811252951622009,0.9905626773834229,0.08289428055286407,0.38255587220191956,0.2166854292154312,0.503494918346405,0.8497390747070312,0.6044145822525024,0.24825197458267212,-0.0024986863136291504,True,1.1973248720169067,-0.0007966160774230957
Movies,42,14368,6123,50516,text,1,0.0668153166770935,8,28,0.14994002399040385,0.5,0.99163818359375,0.4230797588825226,0.022151589393615723,-0.09594473242759705,True,False,0.9842731356620789,0.9921365976333618,0.06657887995243073,0.4709896445274353,0.14135953783988953,0.12998609244823456,0.48836541175842285,0.8781076669692993,0.7837750911712646,6.690621376037598e-06,True,1.1356747150421143,-0.0006011426448822021
Movies,42,14678,7283,61849,text,2,0.1767766922712326,2,16,0.14994002399040385,1.0,0.937020480632782,0.4415642321109772,-0.0052124857902526855,-0.05257776379585266,False,False,0.9383148550987244,0.9691574573516846,0.16776014864444733,0.2942532002925873,0.5701217651367188,2.457472324371338,1.0030242204666138,0.6929863095283508,0.5321934223175049,-0.008598804473876953,True,2.1726040840148926,-0.0011096000671386719
Movies,42,8665,7554,64272,text,2,0.1767766922712326,8,4,0.14994002399040385,0.5,0.9764111042022705,0.5865869522094727,0.037289321422576904,0.02720499038696289,True,True,0.9724885821342468,0.9862443208694458,0.05606084689497948,0.6326630711555481,0.08861090242862701,1.810492753982544,1.4760234355926514,0.5771620273590088,0.4135884940624237,-0.0005583763122558594,True,1.2206436395645142,-0.0011754035949707031
Movies,42,9855,8360,71225,visual,4,0.5773502588272095,3,1,0.14994002399040385,1.0,0.9611566662788391,0.6808290481567383,0.0012444853782653809,0.023347318172454834,True,True,0.7101645469665527,0.8550822734832764,0.25943315029144287,0.6213303804397583,0.4175446033477783,2.7246036529541016,0.611141562461853,0.8598319888114929,0.794259786605835,0.0598299503326416,True,1.8274621963500977,-0.02889394760131836
Movies,42,7310,15641,148304,text,2,0.10910893976688385,6,14,0.14994002399040385,0.6666666666666666,0.9939161539077759,0.5513978004455566,0.019007623195648193,-0.025768160820007324,True,False,0.9650107026100159,0.9825053215026855,0.14768514037132263,0.7389748096466064,0.199851393699646,0.05922218784689903,0.3047574758529663,0.9424973130226135,0.9091993570327759,0.0002614147961139679,True,1.0944322347640991,0.0001734606921672821
Movies,42,5430,9423,81798,text,3,0.08770579844713211,5,26,0.14994002399040385,0.8,0.9381188750267029,0.6771798729896545,-0.019633829593658447,0.03446328639984131,False,True,0.8539208769798279,0.9269604682922363,0.08053289353847504,0.39286479353904724,0.20498882234096527,0.4631544053554535,1.129101276397705,0.6292954683303833,0.4359942674636841,-0.0012063384056091309,True,1.239331841468811,-0.00010085105895996094
Movies,42,3820,8699,74596,text,4,0.07106690853834152,11,18,0.14994002399040385,0.36363636363636365,0.9603742957115173,0.7857247591018677,-0.005149781703948975,0.21350133419036865,False,True,0.7993674874305725,0.8996837139129639,0.0468396320939064,0.5245471596717834,0.08929537236690521,0.0971635952591896,0.44133874773979187,0.9074075222015381,0.8523830771446228,-0.001224711537361145,True,1.1193716526031494,0.00029234588146209717
Movies,42,4218,1435,12790,visual,4,0.20412413775920868,8,3,0.14994002399040385,0.5,0.9679807424545288,0.6384364366531372,-0.0036336183547973633,0.012172460556030273,False,True,0.9404431581497192,0.9702215790748596,0.1072368398308754,0.6404178142547607,0.1674482524394989,0.07454130053520203,0.3676607012748718,0.9281691312789917,0.8943154215812683,-0.001976214349269867,True,1.4026880264282227,0.001443333923816681
Movies,42,9641,12124,108704,text,2,0.11180339753627777,10,8,0.14994002399040385,0.4,0.9884240627288818,0.7911739349365234,0.028525590896606445,0.08243787288665771,True,True,0.9775152802467346,0.9887576103210449,0.06895522773265839,0.7521762847900391,0.09167429059743881,0.7607613205909729,1.5738359689712524,0.46731051802635193,0.2797493636608124,0.004692137241363525,True,1.1159172058105469,0.0023235082626342773
Movies,42,1576,935,8525,visual,4,0.04303314909338951,27,20,0.15,0.14814814814814814,0.958548903465271,0.8275346755981445,-0.0073049068450927734,0.16332685947418213,False,True,0.9250836372375488,0.9625418186187744,0.03224386274814606,0.8601517081260681,0.037486251443624496,1.0992753505706787,1.3239630460739136,0.4902415871620178,0.1571291983127594,-0.004235506057739258,True,1.0325019359588623,-0.0007082223892211914
Movies,42,8205,4346,35928,visual,2,0.3333333134651184,3,3,0.14994002399040385,1.0,0.9674254655838013,0.6667537093162537,0.006201624870300293,0.049708425998687744,True,True,0.4759232997894287,0.7379616498947144,0.32700279355049133,0.8314593434333801,0.3932877779006958,0.15854735672473907,0.665683388710022,0.8533825278282166,0.7852175235748291,-0.009448319673538208,True,1.366025447845459,-0.020937979221343994
Movies,42,12023,6692,55889,text,1,0.0857492983341217,8,17,0.14994002399040385,0.5,0.986666202545166,0.6367408633232117,0.02118992805480957,-0.01743227243423462,True,False,0.9774744510650635,0.9887372255325317,0.08538038283586502,0.8876978754997253,0.09618180245161057,0.7322949767112732,1.0963585376739502,0.48080429434776306,0.05409306287765503,0.0041168928146362305,True,1.0861104726791382,0.008606016635894775
Movies,42,12107,8563,72997,visual,2,0.09128709137439728,20,6,0.15,0.2,0.9816596508026123,0.7749297618865967,0.010462522506713867,0.10700809955596924,True,True,0.9623942375183105,0.9811971187591553,0.03374079614877701,0.7748502492904663,0.04354492574930191,3.535651683807373,1.5134485960006714,0.5029164552688599,0.27601158618927,0.011932611465454102,True,1.1115190982818604,0.007598400115966797
Movies,42,14112,3282,27552,visual,4,0.09712857753038406,2,53,0.14994002399040385,1.0,0.979012668132782,0.6124335527420044,0.00017470121383666992,-0.06293964385986328,True,False,0.9278170466423035,0.9639085531234741,0.11893389374017715,0.29210126399993896,0.40716665983200073,0.14447283744812012,0.5589602589607239,0.8654783964157104,0.7743311524391174,0.0010168850421905518,True,1.7647911310195923,0.005014002323150635
Movies,42,10349,1530,13376,text,1,0.05802588537335396,11,27,0.14994002399040385,0.36363636363636365,0.9051928520202637,0.6348764300346375,-0.0450519323348999,-0.021618783473968506,False,False,0.8040596842765808,0.9020298719406128,0.0579911470413208,0.6750072240829468,0.08591189235448837,0.030467592179775238,0.18834254145622253,0.9699918627738953,0.9600618481636047,-7.493235170841217e-05,True,1.081996202468872,4.683062434196472e-05
Movies,42,6238,15794,150070,visual,3,0.14433756470680237,6,8,0.14994002399040385,0.6666666666666666,0.955341637134552,0.5405491590499878,0.002863764762878418,-0.06206238269805908,True,False,0.7261638045310974,0.8630819320678711,0.07824736833572388,0.4539547264575958,0.17236821353435516,1.0729490518569946,1.2915998697280884,0.4837890565395355,0.14179059863090515,0.02389085292816162,True,1.2162538766860962,0.017848491668701172
Movies,42,9649,6420,53279,text,3,0.1386750489473343,4,13,0.14994002399040385,1.0,0.9471814036369324,0.4181171953678131,-0.0013083815574645996,-0.07845339179039001,False,False,0.9151824712753296,0.9575912356376648,0.08607741445302963,0.33757635951042175,0.2549864947795868,0.35614702105522156,1.163761854171753,0.700369656085968,0.6225203275680542,-0.003704637289047241,True,1.4123135805130005,0.0016268491744995117
Movies,42,14963,15621,148092,visual,1,0.22360679507255554,4,5,0.14994002399040385,1.0,0.9920524954795837,0.8564730286598206,0.000739753246307373,0.008023500442504883,True,True,0.9358981847763062,0.9679490923881531,0.2225348800420761,0.8087223172187805,0.2751684784889221,1.2265560626983643,1.4228672981262207,0.482319176197052,0.18901824951171875,0.08135771751403809,True,1.3397692441940308,0.04876673221588135
Movies,42,4781,4834,39519,visual,3,0.06482037156820297,17,14,0.15,0.23529411764705882,0.9581751227378845,0.43494296073913574,-0.002979278564453125,-0.11916089057922363,False,False,0.8065080642700195,0.9032540321350098,0.042194291949272156,0.6879919171333313,0.06132963299751282,0.32827603816986084,1.0756465196609497,0.7201641798019409,0.6155874133110046,0.00133553147315979,True,1.071191668510437,0.00012955069541931152
Movies,42,5236,3666,30355,visual,2,0.1178511306643486,8,9,0.14994002399040385,0.5,0.9999848008155823,0.7730700373649597,0.02124190330505371,0.13211125135421753,True,True,0.9166929125785828,0.9583464860916138,0.09932838380336761,0.734973669052124,0.13514550030231476,1.2845234870910645,1.3864824771881104,0.47623753547668457,0.1994551122188568,0.02729487419128418,True,1.1858044862747192,0.01587045192718506
Movies,42,15131,13761,127071,text,2,0.06804138422012329,12,18,0.15,0.3333333333333333,0.9924248456954956,0.5762256383895874,0.029319822788238525,-0.005024433135986328,True,False,0.9561456441879272,0.9780728220939636,0.06625037640333176,0.717447817325592,0.09234173595905304,0.2692902684211731,0.8349895477294922,0.7639214992523193,0.6173005104064941,0.000555187463760376,True,1.081250786781311,0.00034436583518981934
Movies,42,15856,14220,132121,visual,3,0.40824827551841736,2,3,0.14994002399040385,1.0,0.9924495816230774,0.7869787216186523,0.04089212417602539,-0.01313769817352295,True,False,0.9816446900367737,0.9908223152160645,0.3433568477630615,0.7028852105140686,0.488496333360672,0.22030530869960785,0.7054089307785034,0.8022738099098206,0.6715852618217468,-0.000936552882194519,True,2.0,0.007330343127250671
Movies,42,5430,6096,50224,visual,4,0.09128709137439728,5,24,0.14994002399040385,0.8,0.9659909605979919,0.610589861869812,0.007480323314666748,-0.03817594051361084,True,False,0.8785690069198608,0.9392845034599304,0.07520490139722824,0.35670724511146545,0.21083088219165802,0.4631544053554535,1.129101276397705,0.6292954683303833,0.4359942674636841,-0.023470014333724976,True,1.2515629529953003,-0.026573359966278076
Movies,42,9174,13875,128111,text,3,0.03466876223683357,16,52,0.15,0.25,0.9357315897941589,0.5819786190986633,-0.01872652769088745,0.015874207019805908,False,True,0.7700915336608887,0.8850457668304443,0.040651220828294754,0.7315754890441895,0.05556667968630791,0.036194492131471634,0.21584036946296692,0.9644526839256287,0.9519466161727905,-2.253800630569458e-05,True,1.0533368587493896,6.891787052154541e-07
Movies,42,14182,16327,156684,visual,3,0.07293249666690826,4,47,0.14994002399040385,1.0,0.9688131213188171,0.26265424489974976,0.008760511875152588,-0.16419225931167603,True,False,0.8440693616867065,0.9220346808433533,0.07626704126596451,0.36869072914123535,0.20685912668704987,1.431756615638733,1.400413990020752,0.49233242869377136,0.25344350934028625,-0.02930593490600586,True,1.13698148727417,-0.02631974220275879
Movies,42,12967,8574,73214,text,3,0.058925561606884,6,48,0.14994002399040385,0.6666666666666666,0.988615870475769,0.5299888849258423,0.02167832851409912,0.00012600421905517578,True,True,0.9592190980911255,0.9796095490455627,0.07205329835414886,0.42647096514701843,0.16895240545272827,0.23830005526542664,0.8148407340049744,0.7879661917686462,0.6917338371276855,-0.0010981112718582153,True,1.1689157485961914,1.963973045349121e-05
Movies,42,13421,14846,139146,visual,4,0.08451542258262634,4,35,0.14994002399040385,1.0,0.9362504482269287,0.6500793695449829,-0.01481020450592041,0.0089835524559021,False,True,0.7360149621963501,0.868007481098175,0.0878121554851532,0.3550129532814026,0.24734915792942047,0.20882636308670044,0.7230733633041382,0.8115361332893372,0.6943165063858032,-0.0049539655447006226,True,1.2734957933425903,-0.0002091825008392334
Movies,42,1599,14076,130682,visual,4,0.13608276844024658,6,9,0.14994002399040385,0.6666666666666666,0.8964087963104248,0.5614257454872131,-0.036656320095062256,-0.03371506929397583,False,False,0.7215325832366943,0.8607662916183472,0.0710379034280777,0.5397496819496155,0.13161268830299377,0.5570193529129028,1.078394889831543,0.572914183139801,0.24675977230072021,0.017995893955230713,True,1.185754418373108,0.01073688268661499
Movies,42,7041,3648,30145,visual,3,0.04622501879930496,18,26,0.15,0.2222222222222222,0.9212450385093689,0.5648840665817261,-0.02560746669769287,-0.07724213600158691,False,False,0.9018862247467041,0.950943112373352,0.04538538679480553,0.8371264934539795,0.0542156845331192,0.462851881980896,1.0294677019119263,0.6294858455657959,0.39000996947288513,0.0024127066135406494,True,1.052504539489746,0.00018426775932312012
Movies,42,14566,11020,97739,text,2,0.1666666716337204,4,9,0.14994002399040385,1.0,0.9739957451820374,0.8323320746421814,0.013466358184814453,0.11746722459793091,True,True,0.9623558521270752,0.9811779260635376,0.13746853172779083,0.5577232241630554,0.24648162722587585,0.32852017879486084,1.1214089393615723,0.7199884057044983,0.6376438736915588,0.0045416951179504395,True,1.2931536436080933,0.0007857084274291992
Movies,42,8823,8143,69296,text,1,0.15430334210395813,2,21,0.14994002399040385,1.0,0.9696206450462341,0.5426837205886841,0.01480710506439209,-0.059737443923950195,True,False,0.710273802280426,0.8551368713378906,0.15431368350982666,0.23534372448921204,0.6556949019432068,0.10482215136289597,0.5018329620361328,0.9004846811294556,0.8549070358276367,0.0014456585049629211,True,2.4960265159606934,-0.002403251826763153
Movies,42,5160,11203,99549,visual,3,0.02849014662206173,11,112,0.14994002399040385,0.36363636363636365,0.9569861888885498,0.28062722086906433,-0.003911018371582031,-0.18385884165763855,False,False,0.565383791923523,0.7826918959617615,0.03956837207078934,0.5015137195587158,0.0788978859782219,2.199003219604492,0.938843309879303,0.7401991486549377,0.629285454750061,0.001913309097290039,True,1.0346662998199463,0.0008528232574462891
Movies,42,6004,7558,64287,visual,4,0.28867512941360474,4,3,0.14994002399040385,1.0,0.9652315378189087,0.8219473361968994,-0.008836865425109863,0.22530800104141235,False,True,0.9886842370033264,0.9943420886993408,0.21164433658123016,0.8188595175743103,0.2584623396396637,0.5362237095832825,1.0977296829223633,0.5849530696868896,0.35268253087997437,-0.025451838970184326,True,1.2851725816726685,-0.006524622440338135
Movies,42,16107,10549,93441,visual,3,0.06154574453830719,3,88,0.14994002399040385,1.0,0.9844455718994141,0.47575643658638,0.0226743221282959,-0.010968953371047974,True,False,0.9208154082298279,0.9604077339172363,0.10268334299325943,0.31719970703125,0.32371827960014343,0.4436488151550293,1.0459742546081543,0.641690731048584,0.3868936002254486,0.0052762627601623535,True,1.1806213855743408,0.0021990537643432617
Movies,42,969,9853,85972,visual,4,0.06362847238779068,19,13,0.15,0.21052631578947367,0.9831621050834656,0.6289633512496948,0.008514583110809326,-0.019765138626098633,True,False,0.6829176545143127,0.841458797454834,0.037605948746204376,0.7232248187065125,0.0519975908100605,0.736113429069519,1.4745607376098633,0.4789718687534332,0.3241380751132965,-0.002260446548461914,True,1.0581589937210083,0.00039273500442504883
Movies,42,15588,13567,124714,visual,2,0.07161148637533188,13,15,0.15,0.3076923076923077,0.9871646761894226,0.6972814798355103,0.00838559865951538,-0.013088107109069824,True,False,0.9147896766662598,0.9573948383331299,0.053771499544382095,0.7264642715454102,0.07401809096336365,0.9495137333869934,1.7192442417144775,0.38692912459373474,0.12582805752754211,-0.0002173781394958496,True,1.0842310190200806,-0.002456963062286377
Movies,42,9452,9453,82072,visual,2,0.7071067690849304,1,2,0.14994002399040385,1.0,0.9982311129570007,0.9219499230384827,0.012770593166351318,0.07001692056655884,True,True,0.9720973968505859,0.986048698425293,0.6307312250137329,0.6307312250137329,1.0,0.19580847024917603,0.6048861742019653,0.8221696615219116,0.6759850382804871,0.03884722292423248,False,,
Movies,42,7783,10730,95020,visual,2,0.024693239480257034,20,82,0.15,0.2,0.9887520670890808,0.6500886678695679,0.009865939617156982,0.017928361892700195,True,True,0.6110405325889587,0.8055202960968018,0.034652579575777054,0.7009639143943787,0.04943561181426048,0.046629417687654495,0.25389352440834045,0.9544410109519958,0.9322693347930908,5.461275577545166e-05,True,1.0379531383514404,0.00010478496551513672
Movies,42,4353,2419,20524,visual,4,0.3333333432674408,9,1,0.14994002399040385,0.4444444444444444,0.9377785325050354,0.6125407218933105,-0.015867173671722412,0.0066967010498046875,False,True,0.8570764660835266,0.9285382032394409,0.09013284742832184,0.8000064492225647,0.11266515403985977,1.2764325141906738,1.640432357788086,0.426445335149765,0.14741438627243042,-0.003975868225097656,True,1.280845046043396,0.019189119338989258
Movies,42,7315,7407,63003,visual,2,0.13245323300361633,3,19,0.14994002399040385,1.0,0.9508917331695557,0.6894208192825317,-0.007187485694885254,0.010113418102264404,False,True,0.8289920091629028,0.9144960045814514,0.15311723947525024,0.5993874669075012,0.25545617938041687,0.29261502623558044,0.7639572620391846,0.7463093996047974,0.5346838235855103,0.018237799406051636,True,1.1929513216018677,0.005534768104553223
Movies,42,1157,9274,80172,visual,1,0.14744195342063904,2,23,0.14994002399040385,1.0,0.944872260093689,0.44032853841781616,-0.010876655578613281,-0.1213952898979187,False,False,0.5675901770591736,0.7837951183319092,0.14664128422737122,0.2515595257282257,0.5829287767410278,1.056069016456604,0.8575140237808228,0.613271176815033,0.2654508054256439,0.06291258335113525,True,2.122884511947632,-0.016759037971496582
Movies,42,15525,13562,124624,visual,1,0.02956561930477619,22,52,0.15,0.18181818181818182,0.9798295497894287,0.8485274314880371,0.0052037835121154785,0.09605598449707031,True,True,0.919731080532074,0.9598655700683594,0.029404200613498688,0.853858470916748,0.03443685546517372,0.2057243436574936,0.8481963276863098,0.814057469367981,0.7569311261177063,0.0009562969207763672,True,1.0299983024597168,0.0004614293575286865
Movies,42,6666,4347,35931,text,1,0.40824827551841736,1,6,0.14994002399040385,1.0,0.9999999403953552,0.9382613897323608,0.01145029067993164,0.1666179895401001,True,True,0.9999999403953552,1.0,0.40719541907310486,0.40719541907310486,1.0,0.4242689907550812,1.2553213834762573,0.6542478799819946,0.5223909020423889,-0.04054597020149231,False,,
Movies,42,2518,14582,136021,visual,4,0.05000000074505806,10,40,0.14994002399040385,0.4,0.9678457975387573,0.48597168922424316,-0.004278659820556641,-0.08125042915344238,False,False,0.4258902668952942,0.7129451036453247,0.046244580298662186,0.44556593894958496,0.10378841310739517,3.5523767471313477,1.2934571504592896,0.5406900644302368,0.23775061964988708,-0.011675357818603516,True,1.1089568138122559,0.004225492477416992
Movies,42,7568,10491,92410,text,1,0.05513178929686546,7,47,0.14994002399040385,0.5714285714285714,0.9877907037734985,0.6448211669921875,0.013669312000274658,-0.02084481716156006,True,False,0.9177662134170532,0.9588831067085266,0.05518202483654022,0.5616608262062073,0.0982479527592659,0.21530701220035553,0.7678370475769043,0.8062938451766968,0.6894398927688599,0.004924163222312927,True,1.0925049781799316,0.0018739700317382812
Movies,42,1410,4733,38718,text,3,0.05521576479077339,8,41,0.14994002399040385,0.5,0.9824943542480469,0.6025169491767883,0.01934415102005005,-0.021039068698883057,True,False,0.9504547715187073,0.9752273559570312,0.05601515248417854,0.6368905901908875,0.08795098215341568,0.8292924761772156,1.6248865127563477,0.43635791540145874,0.2612723112106323,-0.0010196566581726074,True,1.0602878332138062,-0.00030934810638427734
Movies,42,6551,5897,48523,text,3,0.03904343768954277,8,82,0.14994002399040385,0.5,0.9126091599464417,0.5761324167251587,-0.03687793016433716,0.0717363953590393,False,True,0.6841059327125549,0.8420529365539551,0.057469792664051056,0.4697338342666626,0.1223454400897026,2.4883317947387695,1.1492432355880737,0.6339832544326782,0.43484142422676086,-0.0012121200561523438,True,1.0790495872497559,-0.000518798828125
Movies,42,13092,9136,78731,visual,4,0.18257418274879456,3,10,0.14994002399040385,1.0,0.9724979400634766,0.6849710941314697,0.021561861038208008,0.027384638786315918,True,True,0.898713231086731,0.9493566155433655,0.1271912008523941,0.5142200589179993,0.24734780192375183,0.07184131443500519,0.3429996371269226,0.9306785464286804,0.8912807703018188,-0.0024284347891807556,True,1.2739514112472534,-0.0020303651690483093
Movies,42,12595,12290,110070,visual,2,1.0,1,1,0.14994002399040385,1.0,0.9993224143981934,0.6759076714515686,0.0,0.0,True,True,0.9265947341918945,0.9632973670959473,0.9976214170455933,0.9976214170455933,1.0,0.04007426276803017,0.2285785973072052,0.9607180953025818,0.9440802335739136,-0.011326324194669724,False,,
Movies,42,685,706,6708,text,4,0.016547584906220436,44,83,0.15,0.09090909090909091,0.9822522401809692,0.7000393271446228,0.005391716957092285,0.00847315788269043,True,True,0.8878564834594727,0.9439282417297363,0.024250611662864685,1.113239049911499,0.02178383059799671,0.09088197350502014,0.3866380751132965,0.9131254553794861,0.8541191816329956,-0.000576213002204895,True,1.0147734880447388,-0.00018528848886489868
Movies,42,11183,7681,65316,text,4,0.20412413775920868,12,2,0.14994002399040385,0.3333333333333333,0.9807060360908508,0.6262742280960083,0.03088456392288208,0.007062792778015137,True,True,0.9028447866439819,0.951422393321991,0.07760463654994965,0.9265578985214233,0.08375584334135056,0.17195294797420502,0.7030595541000366,0.8420187830924988,0.7777248024940491,-0.0006108731031417847,True,1.2071336507797241,0.00028011202812194824
Movies,42,16555,13386,122440,text,1,0.5773502588272095,1,3,0.14994002399040385,1.0,0.9515979290008545,0.636242687702179,0.011832952499389648,0.01684647798538208,True,True,0.7725967168807983,0.8862983584403992,0.5777198672294617,0.5777198672294617,1.0,0.6710419058799744,1.2500333786010742,0.5111756920814514,0.16324225068092346,-0.06479227542877197,False,,
Movies,42,16666,12732,114991,visual,2,0.10660035908222198,8,11,0.14994002399040385,0.5,0.9938333034515381,0.7404054999351501,0.006494104862213135,0.006160259246826172,True,True,0.8287784457206726,0.9143892526626587,0.07509049773216248,0.5974067449569702,0.12569409608840942,0.17154312133789062,0.5889716744422913,0.8423639535903931,0.7216408252716064,0.0032323449850082397,True,1.1373693943023682,-0.0011107325553894043
Movies,42,14274,13704,126127,visual,3,0.21320071816444397,11,2,0.14994002399040385,0.36363636363636365,0.9805616736412048,0.6387662887573242,0.023532509803771973,-0.03282296657562256,True,False,0.8168966174125671,0.908448338508606,0.08318881690502167,0.8318240642547607,0.10000770539045334,0.26685091853141785,0.691017210483551,0.7657872438430786,0.5662912130355835,-0.005511492490768433,True,1.1747950315475464,0.0013363063335418701
Movies,42,15772,15373,145140,visual,3,0.11180339753627777,2,40,0.14994002399040385,1.0,0.9673383831977844,0.5047327876091003,0.007489204406738281,-0.06742674112319946,True,False,0.8356224894523621,0.9178112745285034,0.10523992776870728,0.26129773259162903,0.4027586579322815,0.6223402619361877,0.978873610496521,0.5366869568824768,0.13194280862808228,-0.02093595266342163,True,1.4183300733566284,-0.008480668067932129
Movies,42,5221,16663,160664,visual,3,0.03143472969532013,22,46,0.15,0.18181818181818182,0.982677161693573,0.6931159496307373,0.02484196424484253,0.004984617233276367,True,True,0.897081732749939,0.9485408663749695,0.033327966928482056,0.7492717504501343,0.04448048025369644,1.4632956981658936,1.2777131795883179,0.5416529774665833,0.31018078327178955,0.011260271072387695,True,1.0398073196411133,0.0016226768493652344
Movies,42,13560,8782,75583,visual,2,0.03922322764992714,26,25,0.15,0.15384615384615385,0.9963738918304443,0.8233022093772888,0.012731730937957764,0.0625872015953064,True,True,0.9458113312721252,0.9729056358337402,0.031851936131715775,0.9046411514282227,0.03520946949720383,0.28850769996643066,0.9905468225479126,0.7493810057640076,0.6621988415718079,-0.0005070865154266357,True,1.0354373455047607,-0.0002518594264984131
Movies,42,11240,8980,77220,text,2,0.1666666567325592,12,3,0.14994002399040385,0.3333333333333333,0.9255039691925049,0.6462663412094116,-0.04040634632110596,0.02965724468231201,False,True,0.7408896088600159,0.8704447746276855,0.06707639992237091,0.8903825283050537,0.07533436268568039,0.25619032979011536,0.8712820410728455,0.7739946246147156,0.6414376497268677,-0.00019034743309020996,True,1.1799792051315308,0.00023111701011657715
Movies,42,14666,5838,47980,visual,4,0.19999998807907104,5,5,0.14994002399040385,0.8,0.9869303703308105,0.7604951858520508,0.030590534210205078,0.0951157808303833,True,True,0.9354053139686584,0.9677026271820068,0.14678336679935455,0.6446616649627686,0.22769054770469666,0.42467787861824036,1.244933843612671,0.6539804339408875,0.5088321566581726,0.013954579830169678,True,1.2880642414093018,-0.010798245668411255
Movies,42,16552,3973,32991,text,1,0.12126781791448593,17,4,0.15,0.23529411764705882,0.9067609310150146,0.640188455581665,-0.029737234115600586,0.06192237138748169,False,True,0.9498760104179382,0.9749380350112915,0.12097308039665222,1.4014133214950562,0.08632220327854156,1.3442480564117432,1.4460868835449219,0.47322672605514526,0.21249103546142578,0.01030588150024414,True,1.0720007419586182,0.011047720909118652
Movies,42,3002,857,7866,visual,4,0.18898223340511322,2,14,0.14994002399040385,1.0,0.9631373286247253,0.6265509128570557,0.006554603576660156,0.004669785499572754,True,True,0.8710282444953918,0.9355140924453735,0.14044350385665894,0.2596210539340973,0.5409557819366455,0.46794912219047546,1.3257215023040771,0.6262853741645813,0.48604530096054077,-0.0060794055461883545,True,2.1338932514190674,0.002653747797012329
Movies,42,947,14119,131176,text,3,0.06593804806470871,5,46,0.14994002399040385,0.8,0.9264710545539856,0.4648314118385315,-0.032224416732788086,-0.1401955485343933,False,False,0.7926920652389526,0.8963460326194763,0.0793294608592987,0.7008603811264038,0.11318867653608322,0.4007141590118408,1.1234854459762573,0.6698415279388428,0.4902077913284302,0.0011993646621704102,True,1.0685744285583496,0.0005286335945129395
Movies,42,12849,14167,131620,visual,4,0.05783149227499962,23,13,0.15,0.17391304347826086,0.9792148470878601,0.6172124147415161,0.00590282678604126,-0.009698987007141113,True,False,0.6939001679420471,0.8469500541687012,0.04145624116063118,0.8483246564865112,0.048868369311094284,0.2724030017852783,0.9130807518959045,0.761547327041626,0.6404860615730286,0.002320617437362671,True,1.0312491655349731,0.0006042420864105225
Movies,42,13094,7805,66317,text,1,0.11180339753627777,8,10,0.14994002399040385,0.5,0.9795098304748535,0.49963468313217163,0.0012510418891906738,-0.04026418924331665,True,False,0.9323135018348694,0.9661567211151123,0.11149294674396515,0.8197276592254639,0.13601218163967133,1.305316686630249,1.9291943311691284,0.2710866630077362,0.05032390356063843,0.01741933822631836,True,1.130785346031189,0.012119889259338379
Movies,42,522,6908,57818,visual,4,0.1154700517654419,5,15,0.14994002399040385,0.8,0.988227903842926,0.4355625510215759,0.011425912380218506,-0.10283905267715454,True,False,0.6930539011955261,0.8465269804000854,0.0923670157790184,0.43339088559150696,0.21312634646892548,0.5138195157051086,1.1246886253356934,0.5982063412666321,0.2990093231201172,0.00786125659942627,True,1.2701470851898193,-0.0023192763328552246
Movies,42,11648,1344,12008,text,1,0.0471404492855072,30,15,0.15,0.13333333333333333,0.9922186136245728,0.7915699481964111,0.01127171516418457,0.0678555965423584,True,True,0.9388485550880432,0.9694242477416992,0.04702417179942131,0.9563379287719727,0.049171082675457,5.898923397064209,1.388147234916687,0.48081687092781067,0.3055564761161804,-0.002613067626953125,True,1.0418113470077515,-0.0024886131286621094
Movies,42,12262,9645,83895,visual,2,0.3333333134651184,3,3,0.14994002399040385,1.0,0.9690170288085938,0.7595571875572205,-0.001374959945678711,0.06566864252090454,False,True,0.9315222501754761,0.965761125087738,0.2652352750301361,0.834729015827179,0.31775015592575073,0.334278404712677,0.9382686018943787,0.7158544659614563,0.5508954524993896,-0.011455923318862915,True,1.5358983278274536,0.0009413361549377441
Movies,42,9666,1065,9447,text,2,0.10910894721746445,12,7,0.14994002399040385,0.3333333333333333,0.9867086410522461,0.5834330916404724,0.01637810468673706,0.0001723766326904297,True,True,0.972376823425293,0.9861884117126465,0.08293306827545166,0.9024394154548645,0.09189876914024353,0.3781820237636566,1.0350656509399414,0.6851058006286621,0.5539867877960205,0.0011246204376220703,True,1.1072643995285034,-5.072355270385742e-05
Movies,42,256,15111,141989,visual,4,0.25,4,4,0.14994002399040385,1.0,0.9758185744285583,0.4983066916465759,0.0073506832122802734,-0.03231436014175415,True,False,0.8916363716125488,0.9458181858062744,0.10709577798843384,0.36780643463134766,0.2911742925643921,1.5544230937957764,1.2569856643676758,0.5330458283424377,0.32173460721969604,-0.014669299125671387,True,1.3669936656951904,-0.017872095108032227
Movies,42,10034,10033,87951,text,2,0.40824827551841736,2,3,0.14994002399040385,1.0,0.9845721125602722,0.8504360318183899,0.010766804218292236,0.0652475357055664,True,True,0.7536234259605408,0.8768117427825928,0.2228066772222519,0.35792049765586853,0.6225032806396484,0.4517807066440582,1.2149044275283813,0.6364937424659729,0.4556187093257904,0.0036427080631256104,True,4.316624641418457,-0.002866208553314209
Movies,42,4146,1628,14268,visual,1,0.04879499971866608,21,20,0.15,0.19047619047619047,0.9839321970939636,0.6545717120170593,0.010279357433319092,0.04101353883743286,True,True,0.9125086665153503,0.9562543630599976,0.04863152652978897,0.8708614110946655,0.055843014270067215,3.1436572074890137,1.1165509223937988,0.6977273225784302,0.5465825796127319,-0.05470085144042969,True,1.0405058860778809,-0.05425119400024414
Movies,42,13466,5701,46827,visual,4,0.28867512941360474,4,3,0.14994002399040385,1.0,0.9789304137229919,0.45773059129714966,0.006619155406951904,-0.04340928792953491,True,False,0.7547725439071655,0.8773862719535828,0.09477022290229797,0.36691203713417053,0.2582913935184479,1.9679853916168213,1.7613799571990967,0.37700536847114563,0.1595693975687027,0.03337717056274414,True,1.7268577814102173,-0.018056154251098633
Movies,42,12553,13568,124723,text,2,0.09245003759860992,9,13,0.14994002399040385,0.4444444444444444,0.9475920796394348,0.6807149052619934,-0.006047427654266357,0.006802856922149658,False,True,0.6833446621894836,0.8416723012924194,0.071493960916996,0.553881824016571,0.1290780007839203,0.18288490176200867,0.7672340869903564,0.832863986492157,0.7689687013626099,0.0004908442497253418,True,1.1403144598007202,-0.00014884769916534424
Movies,42,11522,12427,111357,visual,1,0.05802588909864426,9,33,0.14994002399040385,0.4444444444444444,0.9908482432365417,0.7353658676147461,0.007220208644866943,0.04193979501724243,True,True,0.8335566520690918,0.9167783260345459,0.057706721127033234,0.3877539336681366,0.14882303774356842,0.014214104041457176,0.09841786324977875,0.9858864545822144,0.9812192916870117,0.001516943797469139,True,1.1397180557250977,0.001024896278977394
Movies,42,608,3074,25495,text,3,0.07559289038181305,5,35,0.14994002399040385,0.8,0.9005250930786133,0.6369551420211792,-0.03769558668136597,0.03753179311752319,False,True,0.8116788268089294,0.9058394432067871,0.07377196103334427,0.388438880443573,0.1899190992116928,1.5044550895690918,1.996616244316101,0.28173038363456726,0.05959208309650421,0.0032491683959960938,True,1.2263057231903076,-5.805492401123047e-05
Movies,42,14410,14819,138778,text,4,0.267261266708374,7,2,0.14994002399040385,0.5714285714285714,0.9743933081626892,0.6865947842597961,0.039518654346466064,0.064899742603302,True,True,0.7215999364852905,0.8607999682426453,0.07419990748167038,0.5324272513389587,0.13936159014701843,0.39605918526649475,0.8970699310302734,0.6729668378829956,0.40146711468696594,0.0017654597759246826,True,1.4394530057907104,-0.0031856298446655273
Movies,42,15316,2927,24378,text,3,1.0,1,1,0.14994002399040385,1.0,0.9629287719726562,0.5708972215652466,0.0,0.0,True,True,0.9230126142501831,0.9615063071250916,0.996472954750061,0.996472954750061,1.0,1.4745469093322754,1.3054330348968506,0.5411664247512817,0.312283992767334,0.003683328628540039,False,,
Movies,42,5578,7463,63690,text,4,0.22360679507255554,5,4,0.14994002399040385,0.8,0.9885350465774536,0.5645402669906616,0.013774275779724121,0.007609844207763672,True,True,0.9761648178100586,0.9880824089050293,0.13089202344417572,0.6520769596099854,0.20073094964027405,0.46495184302330017,1.2383575439453125,0.6281653642654419,0.4524962902069092,-0.009978830814361572,True,1.302103042602539,-0.0004591941833496094
Movies,42,9060,8043,68536,visual,3,0.3162277638912201,5,2,0.14994002399040385,0.8,0.9078029990196228,0.5280753970146179,-0.034833550453186035,-0.03030949831008911,False,False,0.9426429271697998,0.9713214635848999,0.18016117811203003,0.6757943630218506,0.26659172773361206,1.1830999851226807,1.1869564056396484,0.4726884365081787,0.1663607656955719,-0.0008647441864013672,True,1.3695913553237915,-0.00500941276550293
Movies,42,11444,2368,20197,visual,1,0.0353553406894207,32,25,0.15,0.125,0.9762197732925415,0.7205565571784973,-0.00014209747314453125,0.03503340482711792,False,True,0.952549934387207,0.9762749671936035,0.035269975662231445,0.8696139454841614,0.04055820032954216,0.023043351247906685,0.1434256136417389,0.9772201180458069,0.9643285870552063,0.00014502368867397308,True,1.0339313745498657,8.049421012401581e-05
Movies,42,4128,1954,16996,text,2,0.3535533845424652,4,2,0.14994002399040385,1.0,0.9517106413841248,0.5921056866645813,-0.015909135341644287,-0.019454538822174072,False,False,0.874977707862854,0.937488853931427,0.16970032453536987,0.6334196925163269,0.2679113447666168,0.0722387507557869,0.3424392640590668,0.9303087592124939,0.8881679773330688,-0.00016425549983978271,True,1.480020523071289,2.9280781745910645e-05
Movies,42,1603,5479,44542,text,4,0.0833333358168602,8,18,0.14994002399040385,0.5,0.9834484457969666,0.46869707107543945,0.014975130558013916,-0.11383557319641113,True,False,0.8676585555076599,0.9338293075561523,0.07904643565416336,0.5507853031158447,0.14351586997509003,0.6737674474716187,1.2192150354385376,0.5097844004631042,0.18009090423583984,-0.0020897388458251953,True,1.1213873624801636,-0.0021765828132629395
Movies,42,1260,6220,51428,visual,2,0.10101525485515594,2,49,0.14994002399040385,1.0,0.9891733527183533,0.6887145042419434,0.0067487359046936035,-0.012682795524597168,True,False,0.9362235069274902,0.9681117534637451,0.09479819238185883,0.5885488986968994,0.1610710620880127,0.043294940143823624,0.23734116554260254,0.9576289057731628,0.9342139959335327,-0.000757955014705658,True,1.1428571939468384,-9.235739707946777e-05
Movies,42,14891,13866,128041,text,3,0.10910894721746445,3,28,0.14994002399040385,1.0,0.9245540499687195,0.564315140247345,-0.009535491466522217,0.011388599872589111,False,True,0.7698674201965332,0.8849337100982666,0.13247965276241302,0.3463732600212097,0.3824765682220459,1.4069106578826904,1.2066001892089844,0.5737635493278503,0.32886484265327454,0.0025086402893066406,True,1.3801010847091675,0.0006804466247558594
Movies,42,15322,9415,81723,text,1,0.08111070841550827,19,8,0.15,0.21052631578947367,0.9781380891799927,0.6152798533439636,0.010048985481262207,-0.017694413661956787,True,False,0.8104778528213501,0.905238926410675,0.0810326561331749,1.2509490251541138,0.0647769421339035,4.578139305114746,1.3959234952926636,0.6525982618331909,0.575925886631012,-0.004403591156005859,True,1.0496755838394165,0.0029621124267578125
Movies,42,10436,11690,104033,visual,1,0.06154574453830719,8,33,0.14994002399040385,0.5,0.936169445514679,0.6713503003120422,-0.004866302013397217,0.09281009435653687,False,True,0.6209579110145569,0.810478925704956,0.06128213182091713,0.3986801207065582,0.15371254086494446,0.4547458589076996,0.9881109595298767,0.6346092224121094,0.34047195315361023,-0.03399139642715454,True,1.1246229410171509,-0.042083412408828735
Movies,42,7478,985,8894,visual,1,0.5,4,1,0.14994002399040385,1.0,0.9391608238220215,0.48916614055633545,-0.008202612400054932,0.04908987879753113,False,True,0.8453159928321838,0.9226579666137695,0.4972759187221527,0.9218207597732544,0.5394496917724609,0.5121768712997437,1.3553415536880493,0.599189817905426,0.38958385586738586,-0.027927905321121216,True,1.6335047483444214,0.05980110168457031
Movies,42,16277,4540,37312,text,1,0.0851256474852562,23,6,0.15,0.17391304347826086,0.9364891648292542,0.41659149527549744,-0.01565229892730713,-0.13869014382362366,False,False,0.8239036798477173,0.9119518399238586,0.08490730077028275,1.0645039081573486,0.07976231724023819,0.26139044761657715,0.8799319863319397,0.7699801921844482,0.650306761264801,-0.0020990967750549316,True,1.0616250038146973,-0.001855015754699707
Movies,42,11873,1039,9288,visual,3,0.037904899567365646,29,24,0.15,0.13793103448275862,0.9849792122840881,0.6662589907646179,0.0064963698387146,-0.027681350708007812,True,False,0.9208595752716064,0.9604297876358032,0.03324980288743973,0.9679158926010132,0.034351956099271774,0.1110544204711914,0.5022996664047241,0.8948900699615479,0.8349170088768005,-0.00021113455295562744,True,1.0325630903244019,-7.787346839904785e-05
Movies,42,13830,13739,126873,visual,2,0.15811388194561005,5,8,0.14994002399040385,0.8,0.986469030380249,0.6518267393112183,0.0025060176849365234,0.05575132369995117,True,True,0.5758225321769714,0.7879112958908081,0.08174476027488708,0.4474911391735077,0.18267346918582916,0.02889179065823555,0.18125811219215393,0.9715216159820557,0.9590230584144592,0.00016120076179504395,True,1.347596287727356,0.00035502389073371887
Movies,42,1816,4014,33285,visual,2,0.40824827551841736,2,3,0.14994002399040385,1.0,0.9832919836044312,0.5300005674362183,0.0089607834815979,-0.06672525405883789,True,False,0.8989784121513367,0.9494892358779907,0.3052675426006317,0.5769880414009094,0.5290708541870117,0.019890492781996727,0.13506506383419037,0.9803060293197632,0.9747093319892883,0.0005986187607049942,True,2.29099440574646,0.0019045472145080566
Movies,42,14113,6249,51633,visual,2,0.073323555290699,6,31,0.14994002399040385,0.6666666666666666,0.9682170748710632,0.5299312472343445,-0.006700575351715088,-0.09814351797103882,False,False,0.8826838135719299,0.9413418769836426,0.11548718065023422,0.6195384860038757,0.1864084005355835,0.17661188542842865,0.5888354778289795,0.8381050229072571,0.7092477083206177,-0.002771928906440735,True,1.1118961572647095,0.0005571544170379639
Movies,42,13541,10861,96176,visual,2,0.04233337938785553,31,18,0.15,0.12903225806451613,0.9681742787361145,0.7552766799926758,-0.005614519119262695,0.18282854557037354,False,True,0.9344401955604553,0.9672200679779053,0.02752426639199257,0.8869258165359497,0.031033335253596306,0.3765394687652588,0.873586118221283,0.6862320303916931,0.426768958568573,-0.00333288311958313,True,1.0335155725479126,-0.001672595739364624
Movies,42,556,7329,62200,visual,4,0.06950480490922928,9,23,0.14994002399040385,0.4444444444444444,0.9701679348945618,0.8581452369689941,0.00030547380447387695,0.12887918949127197,True,True,0.985617995262146,0.992808997631073,0.05601970851421356,0.5288861989974976,0.10592015832662582,0.29367733001708984,0.9408844113349915,0.7455170154571533,0.628623902797699,0.009623080492019653,True,1.084962010383606,0.01426282525062561
Movies,42,1283,1310,11694,visual,1,0.05031546205282211,5,79,0.14994002399040385,0.8,0.9709662199020386,0.6292263865470886,-0.0035670995712280273,-0.01038426160812378,False,False,0.9078329801559448,0.9539164900779724,0.050257496535778046,0.46658533811569214,0.10771340876817703,0.10874620825052261,0.5335586071014404,0.89695805311203,0.8639201521873474,0.0047576576471328735,True,1.1050729751586914,0.0023964345455169678
Movies,42,15361,9903,86271,visual,1,0.03466876223683357,64,13,0.15,0.0625,0.9763212203979492,0.7256940007209778,0.007900655269622803,0.10510259866714478,True,True,0.9619401097297668,0.980970025062561,0.034609004855155945,1.7376989126205444,0.01991657167673111,2.0964202880859375,0.9240987300872803,0.73675137758255,0.6138558387756348,0.019188404083251953,True,1.0139544010162354,0.01896500587463379
Movies,42,4054,2394,20418,visual,3,0.1714985966682434,2,17,0.14994002399040385,1.0,0.9667820334434509,0.6782309412956238,-0.007170557975769043,-0.012819230556488037,False,False,0.925204336643219,0.9626021385192871,0.15583056211471558,0.3070288896560669,0.5075436234474182,0.5045895576477051,1.0329620838165283,0.6037533283233643,0.3081613779067993,-0.008297055959701538,True,1.9701424837112427,0.0010935068130493164
Movies,42,1863,4856,39665,text,3,0.11180339753627777,8,10,0.14994002399040385,0.5,0.9618159532546997,0.6755850315093994,-0.005747318267822266,0.06341373920440674,False,True,0.6860191822052002,0.8430095911026001,0.05310326814651489,0.42589250206947327,0.12468702346086502,0.2015630304813385,0.7747223377227783,0.817452073097229,0.7274990677833557,-0.0002971738576889038,True,1.2678554058074951,0.00021445751190185547
Movies,42,2589,2012,17424,visual,3,0.5773502588272095,3,1,0.14994002399040385,1.0,0.9992617964744568,0.7455820441246033,0.009138941764831543,0.03759521245956421,True,True,0.9286746978759766,0.9643373489379883,0.3434620499610901,0.8248773217201233,0.41637954115867615,0.2722422182559967,1.057464361190796,0.7616697549819946,0.676417887210846,0.0009014904499053955,True,1.7785391807556152,0.008681625127792358
Movies,42,12782,14439,134425,visual,1,1.0,1,1,0.14994002399040385,1.0,0.981634259223938,0.4241773784160614,0.0,0.0,True,True,0.8540180325508118,0.9270089864730835,0.9959998726844788,0.9959998726844788,1.0,0.1985878050327301,0.7970812916755676,0.8198877573013306,0.7489343285560608,0.42603573203086853,False,,
Movies,42,5109,9159,78953,visual,4,0.267261266708374,7,2,0.14994002399040385,0.5714285714285714,0.9986758232116699,0.9018961787223816,0.0019050836563110352,0.045977890491485596,True,True,0.9887077212333679,0.9943538904190063,0.14277558028697968,1.0783581733703613,0.13240088522434235,0.6146120429039001,0.9351543188095093,0.5408506989479065,0.13555297255516052,-0.006808280944824219,True,1.18276846408844,-0.00035953521728515625
Movies,42,15635,7781,66109,visual,2,0.06681530922651291,14,16,0.15,0.2857142857142857,0.9389980435371399,0.37141716480255127,-0.017923057079315186,-0.13108503818511963,False,False,0.846506655216217,0.9232532978057861,0.04277893528342247,0.6456658840179443,0.06625553220510483,1.0026912689208984,1.5618085861206055,0.36689069867134094,0.03936946392059326,0.00027501583099365234,True,1.104637622833252,0.018700003623962402
Movies,42,16603,7936,67442,visual,4,0.05923488736152649,19,15,0.15,0.21052631578947367,0.986480176448822,0.7572804093360901,0.03104168176651001,0.12976676225662231,True,True,0.9284199476242065,0.9642099738121033,0.040065567940473557,0.7404156923294067,0.0541122630238533,0.20130884647369385,0.7968001961708069,0.817659854888916,0.7359030246734619,-0.0003191828727722168,True,1.0555678606033325,-0.00045461952686309814
Movies,42,9253,5802,47700,visual,1,0.0690065547823906,15,14,0.15,0.26666666666666666,0.9704206585884094,0.4207664132118225,0.006033837795257568,-0.16341662406921387,True,False,0.9054058194160461,0.9527028799057007,0.06879451870918274,0.9360937476158142,0.07349105924367905,0.14813445508480072,0.6607998609542847,0.8623151779174805,0.8256146907806396,-0.001420527696609497,True,1.0575932264328003,-0.000810474157333374
Movies,42,6318,5068,41418,text,1,0.40824827551841736,1,6,0.14994002399040385,1.0,0.9902611970901489,0.6179438829421997,0.0241011381149292,0.01966559886932373,True,True,0.9406871199607849,0.9703435897827148,0.4082289934158325,0.4082289934158325,1.0,0.23596206307411194,0.9461575150489807,0.7898106575012207,0.7200500965118408,0.013368532061576843,False,,
Movies,42,147,99,941,visual,4,0.043478257954120636,23,23,0.15,0.17391304347826086,0.9850813150405884,0.4802294671535492,-0.0014143586158752441,-0.09431388974189758,False,False,0.8855034112930298,0.9427517056465149,0.03753983974456787,0.8721197843551636,0.04304436221718788,0.12680162489414215,0.479069322347641,0.8809084296226501,0.8172698616981506,-8.244812488555908e-05,True,1.0449894666671753,9.995698928833008e-05
Movies,42,41,7217,60971,visual,3,0.044946663081645966,9,55,0.14994002399040385,0.4444444444444444,0.9499279260635376,0.5359297394752502,-0.003627300262451172,-0.00926440954208374,False,False,0.8655545711517334,0.9327772855758667,0.04789169877767563,0.5363926291465759,0.08928478509187698,0.027501747012138367,0.15920154750347137,0.9728729724884033,0.9602692127227783,0.0002611428499221802,True,1.0762207508087158,0.0002755187451839447
Movies,42,16663,16618,160155,text,2,0.02737928368151188,46,29,0.15,0.08695652173913043,0.9978669881820679,0.9708743691444397,0.04256081581115723,0.27194517850875854,True,True,0.9479151964187622,0.9739575982093811,0.024671470746397972,1.1292188167572021,0.02184826321899891,8.23901081085205,0.8327512145042419,0.7277368903160095,0.5094780921936035,0.0010004043579101562,True,1.0148558616638184,0.00036716461181640625
Movies,42,5316,11238,100026,visual,2,0.20412413775920868,4,6,0.14994002399040385,1.0,0.9448292255401611,0.4582856595516205,-0.011841654777526855,-0.024285197257995605,False,False,0.8932955861091614,0.9466477632522583,0.15512697398662567,0.5553182363510132,0.27934789657592773,0.043929003179073334,0.2361619919538498,0.9570218920707703,0.9308963418006897,0.005234908312559128,True,1.3839398622512817,0.0006070956587791443
Movies,42,400,9384,81486,text,3,0.06666666269302368,15,15,0.15,0.26666666666666666,0.982399582862854,0.6469908952713013,0.009309887886047363,0.020460009574890137,True,True,0.9728764295578003,0.9864382147789001,0.04610508307814598,0.63274747133255,0.07286490499973297,1.4117629528045654,0.8584772348403931,0.701147198677063,0.45743393898010254,0.0008871555328369141,True,1.1139400005340576,-0.00030112266540527344
Movies,42,14113,9158,78952,text,3,0.20412413775920868,6,4,0.14994002399040385,0.6666666666666666,0.9640870094299316,0.48605024814605713,-0.008603513240814209,-0.14270150661468506,False,False,0.8495521545410156,0.9247760772705078,0.11391600221395493,0.6088361144065857,0.18710453808307648,0.17661188542842865,0.5888354778289795,0.8381050229072571,0.7092477083206177,0.00013737380504608154,True,1.3891923427581787,-8.521974086761475e-05
Movies,42,3199,870,8129,visual,1,0.024056261405348778,32,54,0.15,0.125,0.9618538618087769,0.6921698451042175,-0.007664740085601807,-0.008987963199615479,False,False,0.9387568235397339,0.9693784117698669,0.024028310552239418,1.1293244361877441,0.02127671241760254,0.05202578008174896,0.2817409336566925,0.9493044018745422,0.9215515851974487,-0.0007044784724712372,True,1.0189229249954224,-0.00032234564423561096
Movies,42,9635,2391,20400,visual,1,0.37796449661254883,1,7,0.14994002399040385,1.0,0.9552116394042969,0.6029994487762451,-0.0035893917083740234,-8.52346420288086e-05,False,False,0.7872781753540039,0.893639087677002,0.37637069821357727,0.37637069821357727,1.0,0.061041682958602905,0.28267553448677063,0.9407840371131897,0.8945125341415405,-0.023008644580841064,False,,
Movies,42,6842,15677,148598,text,2,0.1178511381149292,4,18,0.14994002399040385,1.0,0.9232394695281982,0.5036939978599548,-0.02356332540512085,-0.026951849460601807,False,False,0.6695358753204346,0.8347679376602173,0.09574956446886063,0.4132979214191437,0.2316720187664032,1.5505884885787964,1.5164278745651245,0.47272399067878723,0.26060086488723755,0.0022155046463012695,True,1.3192418813705444,-0.0011113882064819336
Movies,42,10239,16560,159158,visual,1,0.08164965361356735,6,25,0.14994002399040385,0.6666666666666666,0.9224505424499512,0.6531009078025818,-0.0284348726272583,0.006112098693847656,False,True,0.9357719421386719,0.9678859710693359,0.0812421664595604,0.4727041721343994,0.17186683416366577,0.5495909452438354,1.2773219347000122,0.577185869216919,0.3662797212600708,0.009885847568511963,True,1.1458735466003418,0.02788299322128296
Movies,42,7875,9368,81314,text,4,0.01838657818734646,51,58,0.15,0.0784313725490196,0.965369462966919,0.6690256595611572,0.00028777122497558594,0.044082581996917725,True,True,0.9572298526763916,0.9786149263381958,0.020057471469044685,1.0580555200576782,0.018956918269395828,0.6108283400535583,0.9224408864974976,0.5429009795188904,0.13298523426055908,0.0019269585609436035,True,1.0160361528396606,0.0003433823585510254
Movies,42,14299,346,2745,text,1,0.3162277638912201,5,2,0.14994002399040385,0.8,0.9134455919265747,0.596802830696106,-0.010554075241088867,0.0866660475730896,False,True,0.7035210728645325,0.8517605066299438,0.3160969614982605,0.8074134588241577,0.3914932906627655,0.9237335920333862,1.3308055400848389,0.4529586732387543,0.05592477321624756,-0.07661181688308716,True,1.390499234199524,-0.059112370014190674
Movies,42,5898,5906,48671,visual,1,0.12403473258018494,5,13,0.14994002399040385,0.8,0.9920685887336731,0.8218417167663574,0.015425026416778564,0.030350804328918457,True,True,0.9173793792724609,0.9586896896362305,0.12364861369132996,0.5974718332290649,0.2069530487060547,0.008845431730151176,0.07018972933292389,0.9911935925483704,0.9889411330223083,0.0001408364623785019,True,1.2390320301055908,-0.00015184655785560608
Movies,42,16436,15660,148431,text,3,1.0,1,1,0.14994002399040385,1.0,0.9800743460655212,0.5764658451080322,0.0,0.0,True,True,0.9727593660354614,0.9863796830177307,0.9973086714744568,0.9973086714744568,1.0,1.016017198562622,1.736310601234436,0.3620339632034302,0.13708096742630005,0.014806628227233887,False,,
Movies,42,8228,8231,70052,text,2,0.20412413775920868,6,4,0.14994002399040385,0.6666666666666666,0.9844160079956055,0.42802295088768005,0.026404261589050293,-0.13890984654426575,True,False,0.9644256830215454,0.9822128415107727,0.1506153643131256,0.721564769744873,0.20873436331748962,1.1626453399658203,1.6622236967086792,0.3307911157608032,0.01813313364982605,-0.0010783672332763672,True,1.3487586975097656,0.003942370414733887
Movies,42,14410,11047,97919,text,1,0.05513178929686546,7,47,0.14994002399040385,0.5714285714285714,0.8820362091064453,0.5042402148246765,-0.045145630836486816,-0.07161641120910645,False,False,0.7773335576057434,0.8886667490005493,0.05511178821325302,0.6037700772285461,0.09127943217754364,0.39605918526649475,0.8970699310302734,0.6729668378829956,0.40146711468696594,0.0028321444988250732,True,1.0672094821929932,0.004146099090576172
Movies,42,12117,282,2378,text,3,0.04850712791085243,25,17,0.15,0.16,0.9698227643966675,0.37818700075149536,0.014453411102294922,-0.1850939393043518,True,False,0.8735544085502625,0.9367772340774536,0.03333505243062973,0.7793534994125366,0.042772699147462845,1.0104773044586182,1.5091737508773804,0.3773799240589142,0.013334780931472778,-0.002625107765197754,True,1.039210557937622,0.0005369186401367188
Movies,42,11649,9144,78874,text,4,0.0209980271756649,42,54,0.15,0.09523809523809523,0.98959881067276,0.527203381061554,0.031854867935180664,-0.08205384016036987,True,False,0.9667393565177917,0.9833697080612183,0.025257661938667297,1.0296474695205688,0.024530397728085518,0.14744342863559723,0.5561584234237671,0.8629112839698792,0.7836871147155762,0.00027677416801452637,True,1.0198709964752197,9.493529796600342e-05
Movies,42,9950,6086,50068,visual,2,0.3333333134651184,3,3,0.14994002399040385,1.0,0.9862226843833923,0.6075581908226013,0.006342589855194092,0.037329137325286865,True,True,0.9054232835769653,0.9527116417884827,0.30471545457839966,0.9434108734130859,0.32299336791038513,1.4938085079193115,1.4392967224121094,0.46859925985336304,0.24408331513404846,-0.02160501480102539,True,1.449489712715149,-0.0860213041305542
Movies,42,12738,12730,114976,text,2,0.08770579844713211,10,13,0.14994002399040385,0.4,0.9945038557052612,0.8196984529495239,0.01533055305480957,0.12653350830078125,True,True,0.9650540351867676,0.9825270175933838,0.05807304009795189,0.5767688155174255,0.10068685561418533,0.0341552272439003,0.21325981616973877,0.9664214849472046,0.9581202268600464,2.3849308490753174e-05,True,1.1361117362976074,-1.0136514902114868e-05
Movies,42,5548,8512,72424,text,1,0.20412413775920868,2,12,0.14994002399040385,1.0,0.9633286595344543,0.8402248620986938,-0.006395280361175537,0.14092791080474854,False,True,0.7938964366912842,0.8969482183456421,0.20326519012451172,0.3562229871749878,0.5706121921539307,0.4947024881839752,1.2556407451629639,0.6097522974014282,0.450420081615448,0.004913538694381714,True,2.29099440574646,-0.005391329526901245
Movies,42,10438,9517,82671,visual,3,0.07106690853834152,22,9,0.15,0.18181818181818182,0.9897305965423584,0.45957711338996887,0.020913660526275635,-0.04383018612861633,True,False,0.8522665500640869,0.9261332750320435,0.041974786669015884,0.8674229979515076,0.0483902171254158,0.19030527770519257,0.619863748550415,0.8267067074775696,0.6898057460784912,-0.0008442550897598267,True,1.0481969118118286,-5.319714546203613e-06
Movies,42,780,1719,15101,text,2,0.5773502588272095,1,3,0.14994002399040385,1.0,0.9624056220054626,0.5683635473251343,-0.004218876361846924,-0.04356372356414795,False,False,0.7676354646682739,0.883817732334137,0.4085301160812378,0.4085301160812378,1.0,0.5204685926437378,1.1670253276824951,0.5942420363426208,0.3143290877342224,0.004171907901763916,False,,
Movies,42,13516,13521,124162,text,1,0.25819888710975647,3,5,0.14994002399040385,1.0,0.9891177415847778,0.9308798313140869,0.0032561421394348145,0.08940351009368896,True,True,0.9822036027908325,0.9911018013954163,0.2575928866863251,0.6391062140464783,0.4030517637729645,0.02393157035112381,0.15489479899406433,0.9763525128364563,0.9683247208595276,-0.000851757824420929,True,1.6270514726638794,7.5642019510269165e-06
Movies,42,4095,16596,159666,text,2,0.033501263707876205,9,99,0.14994002399040385,0.4444444444444444,0.9818884134292603,0.6121392250061035,0.008060932159423828,-0.026882469654083252,True,False,0.9336426258087158,0.9668213129043579,0.0583149753510952,0.7750430703163147,0.07524094730615616,0.07552047818899155,0.3827586770057678,0.9272607564926147,0.9034243822097778,0.00015087425708770752,True,1.033461332321167,8.82074236869812e-05
Movies,42,4218,1435,12790,visual,3,0.20412413775920868,8,3,0.14994002399040385,0.5,0.9679807424545288,0.6384364366531372,-0.0036336183547973633,0.012172460556030273,False,True,0.9404431581497192,0.9702215790748596,0.11429144442081451,0.6452479362487793,0.17712795734405518,0.07454130053520203,0.3676607012748718,0.9281691312789917,0.8943154215812683,-0.0017240345478057861,True,1.4026880264282227,0.0005805045366287231
Movies,42,5869,10744,95319,visual,2,0.0990147516131401,6,17,0.14994002399040385,0.6666666666666666,0.9559856057167053,0.43078261613845825,-0.013606131076812744,-0.1070675253868103,False,False,0.8662186861038208,0.9331093430519104,0.0921529084444046,0.5806097984313965,0.15871745347976685,2.26023268699646,1.327552080154419,0.6200823783874512,0.5032557249069214,-0.01779341697692871,True,1.1233935356140137,-0.003912687301635742
Movies,42,13382,7053,59268,visual,1,0.3333333134651184,3,3,0.14994002399040385,1.0,0.9792619943618774,0.6554589867591858,0.012471795082092285,0.07943457365036011,True,True,0.9308919906616211,0.9654459953308105,0.33223801851272583,0.6277704238891602,0.5292348861694336,0.06023365259170532,0.3418068289756775,0.9415445327758789,0.9266786575317383,5.39831817150116e-05,True,1.8134448528289795,-0.00040224194526672363
Movies,42,5354,4855,39660,text,4,0.235702246427536,3,6,0.14994002399040385,1.0,0.9689995050430298,0.7426922917366028,-0.009544134140014648,0.00630873441696167,False,True,0.8196617364883423,0.9098308682441711,0.20766480267047882,0.6558505892753601,0.31663432717323303,2.1643662452697754,1.619832158088684,0.375952810049057,0.15088802576065063,0.030408382415771484,True,1.3789373636245728,0.0044209957122802734
Movies,42,5662,10627,94128,visual,1,0.18898224830627441,7,4,0.14994002399040385,0.5714285714285714,0.9102082252502441,0.5765163898468018,-0.024136662483215332,0.008107244968414307,False,True,0.8715417981147766,0.9357708692550659,0.1885160654783249,0.5535046458244324,0.34058624505996704,0.590117335319519,1.4089479446411133,0.5542622804641724,0.3971284031867981,0.07644230127334595,True,1.3978736400604248,-0.03270202875137329
Movies,42,2641,5293,43090,visual,4,0.7071067690849304,2,1,0.14994002399040385,1.0,0.9609439373016357,0.9095644950866699,0.008937835693359375,0.09625780582427979,True,True,0.9219158887863159,0.960957944393158,0.3222689628601074,0.4578739404678345,0.7038377523422241,0.003700672183185816,0.03261999413371086,0.9963061809539795,0.9952934384346008,4.5012449845671654e-05,True,6.8309526443481445,0.0006531346589326859
Movies,42,1906,10933,96538,visual,4,0.026773978024721146,9,155,0.14994002399040385,0.4444444444444444,0.9496768712997437,0.4710625112056732,-0.012526154518127441,-0.08988144993782043,False,False,0.889470100402832,0.944735050201416,0.05733945220708847,0.5600357055664062,0.10238534957170486,0.16703033447265625,0.6227438449859619,0.8461739420890808,0.7801104187965393,-0.003745719790458679,True,1.0555810928344727,-0.0020236223936080933
Movies,42,5808,2834,23606,visual,2,0.22360679507255554,4,5,0.14994002399040385,1.0,0.947079062461853,0.5564271807670593,-0.01151663064956665,-0.09295910596847534,False,False,0.82478266954422,0.9123913049697876,0.24469010531902313,0.8529655933380127,0.2868698537349701,0.7593599557876587,1.4884319305419922,0.46796584129333496,0.16677367687225342,-0.033575594425201416,True,1.298142433166504,-0.022518038749694824
Movies,42,11903,16552,159095,visual,3,0.07312724739313126,11,17,0.14994002399040385,0.36363636363636365,0.9638923406600952,0.5149704813957214,0.009812653064727783,-0.07137542963027954,True,False,0.7656315565109253,0.8828157782554626,0.07103490084409714,0.6962177157402039,0.1020297259092331,0.01977900043129921,0.13509081304073334,0.9804153442382812,0.9747186303138733,-9.911507368087769e-05,True,1.078073263168335,3.3659860491752625e-05
Movies,42,6974,10705,94774,visual,2,0.06154574453830719,24,11,0.15,0.16666666666666666,0.9516128897666931,0.6594308614730835,-0.009071290493011475,0.01336604356765747,False,True,0.23003411293029785,0.6150170564651489,0.03354150056838989,0.7911077737808228,0.04239814355969429,1.969807505607605,0.862750768661499,0.7593446969985962,0.6198610067367554,0.011524677276611328,True,1.0565776824951172,0.0026276111602783203
Movies,42,10793,10425,91938,text,1,0.10540924966335297,6,15,0.14994002399040385,0.6666666666666666,0.9994577765464783,0.8927931785583496,0.028050780296325684,0.20335239171981812,True,True,0.9931436777114868,0.9965718388557434,0.10528645664453506,0.5350221395492554,0.1967889666557312,0.025117000564932823,0.14353302121162415,0.9751958250999451,0.9563738107681274,0.0007602348923683167,True,1.1868882179260254,0.0006922762840986252
Movies,42,4159,2107,18111,visual,1,0.02633403241634369,103,14,0.15,0.038834951456310676,0.9828211665153503,0.5917685031890869,0.01851367950439453,-0.05033242702484131,True,False,0.9257513284683228,0.9628756642341614,0.026243001222610474,1.756056785583496,0.014944278635084629,3.585145950317383,1.1644248962402344,0.5684918761253357,0.32787343859672546,-0.0018243789672851562,True,1.0109373331069946,0.0013890266418457031
Movies,42,3119,3492,28975,text,2,0.12909944355487823,4,15,0.14994002399040385,1.0,0.9897568821907043,0.8232756853103638,0.007805168628692627,0.2097376585006714,True,True,0.9772261381149292,0.9886130690574646,0.08323699980974197,0.4077426493167877,0.2041410207748413,0.23072382807731628,0.7216373085975647,0.7939587235450745,0.6558471918106079,0.0007881075143814087,True,1.3716540336608887,-7.146596908569336e-05
Movies,42,3112,530,5224,visual,2,0.1178511381149292,4,18,0.14994002399040385,1.0,0.9435660243034363,0.6309646964073181,-0.027414262294769287,0.033159852027893066,False,True,0.9208391308784485,0.9604195356369019,0.1204027384519577,0.5357586145401001,0.22473318874835968,0.4016054570674896,1.1964415311813354,0.6692447662353516,0.5434993505477905,0.0018547773361206055,True,1.1459136009216309,-0.0020909905433654785
Movies,42,5849,13788,127305,visual,3,0.5,4,1,0.14994002399040385,1.0,0.9214413166046143,0.28868648409843445,-0.023851394653320312,-0.057302325963974,False,False,0.8280700445175171,0.9140350222587585,0.19529633224010468,0.5266234278678894,0.3708462715148926,0.5305337309837341,1.435887336730957,0.5882908701896667,0.4629307985305786,-0.005123734474182129,True,1.8912588357925415,0.004538476467132568
Movies,42,14385,14383,133705,visual,3,0.11396058648824692,7,11,0.14994002399040385,0.5714285714285714,0.9861955642700195,0.828917384147644,0.011322259902954102,0.07118189334869385,True,True,0.9822237491607666,0.9911118745803833,0.0884610116481781,0.613986611366272,0.14407645165920258,0.08898995071649551,0.4262976050376892,0.9148547649383545,0.8854657411575317,9.640306234359741e-05,True,1.2176260948181152,-0.0001662224531173706
Movies,42,6805,8594,73419,text,4,0.0471404567360878,25,18,0.15,0.16,0.9838581681251526,0.6909623742103577,0.014427244663238525,0.04559379816055298,True,True,0.9491598606109619,0.974579930305481,0.03607327118515968,1.0036470890045166,0.035942185670137405,0.5627135634422302,1.1243834495544434,0.5696611404418945,0.2877790331840515,0.00039446353912353516,True,1.0283126831054688,1.5616416931152344e-05
Movies,42,11150,12278,110018,visual,3,0.03227486088871956,60,16,0.15,0.06666666666666667,0.9880643486976624,0.6491059064865112,0.012299418449401855,-0.03040790557861328,True,False,0.9351934194564819,0.967596709728241,0.02133820578455925,1.3456107378005981,0.01585763692855835,0.9050033688545227,1.1317064762115479,0.47494909167289734,0.07040855288505554,-0.001360476016998291,True,1.0212547779083252,0.0002523064613342285
Movies,42,3623,4888,40258,visual,1,0.10540925711393356,9,10,0.14994002399040385,0.4444444444444444,0.9714286923408508,0.7106678485870361,-0.00014257431030273438,0.07415664196014404,False,True,0.9017618894577026,0.9508809447288513,0.1049404889345169,0.6018181443214417,0.17437241971492767,1.6717054843902588,1.6603962182998657,0.45965301990509033,0.27172672748565674,0.03342151641845703,True,1.143159031867981,0.03914999961853027
Movies,42,12604,5031,41161,visual,2,0.03823595494031906,36,19,0.15,0.1111111111111111,0.9615523219108582,0.6760692000389099,-0.0011238455772399902,-0.017072558403015137,False,False,0.9252151846885681,0.9626076221466064,0.024089492857456207,0.9932756423950195,0.024252576753497124,0.9593765139579773,1.1342135667800903,0.4912347197532654,0.10810300707817078,-0.002971351146697998,True,1.0303592681884766,-0.0007710456848144531
Movies,42,15782,11595,103036,text,4,0.3162277638912201,5,2,0.14994002399040385,0.8,0.9849132895469666,0.4097920060157776,-0.003407895565032959,-0.10120922327041626,False,False,0.9268485903739929,0.9634243249893188,0.2109900563955307,0.9638108015060425,0.21891231834888458,0.051749732345342636,0.2504419982433319,0.9495664834976196,0.9112943410873413,-0.0004131421446800232,True,1.3162941932678223,-1.539662480354309e-05
Movies,42,8698,13566,124682,visual,2,0.033903174102306366,30,29,0.15,0.13333333333333333,0.9663404226303101,0.6620326042175293,-0.003000617027282715,0.028180241584777832,False,True,0.9032811522483826,0.9516406059265137,0.029718944802880287,0.952423095703125,0.031203512102365494,0.901867151260376,1.4991905689239502,0.40581125020980835,0.17937226593494415,0.004584848880767822,True,1.025803565979004,0.0016412734985351562
Movies,42,13603,5795,47644,text,3,0.060633908957242966,16,17,0.15,0.25,0.9733465313911438,0.45760682225227356,-0.001446843147277832,-0.06537410616874695,False,False,0.9194545149803162,0.9597272872924805,0.06443289667367935,1.0454341173171997,0.0616326704621315,1.5073485374450684,1.3279829025268555,0.5082139372825623,0.2867174744606018,0.0007915496826171875,True,1.053173542022705,0.0002969503402709961
Movies,42,6238,6681,55796,text,2,0.12909944355487823,6,10,0.14994002399040385,0.6666666666666666,0.9859666228294373,0.6798170804977417,0.021911799907684326,0.04505109786987305,True,True,0.9180260896682739,0.959013044834137,0.10809500515460968,0.5394280552864075,0.20038817822933197,1.0729490518569946,1.2915998697280884,0.4837890565395355,0.14179059863090515,0.003040909767150879,True,1.1891059875488281,0.0007594823837280273
Movies,42,9755,11054,97995,visual,2,0.03009646199643612,23,48,0.15,0.17391304347826086,0.9779870510101318,0.5964767932891846,0.004386246204376221,-0.0025969743728637695,True,False,0.9144455194473267,0.9572227597236633,0.03549400344491005,0.8103109002113342,0.04380294308066368,1.2587730884552002,1.441011667251587,0.3605986535549164,0.07659637928009033,-0.004264473915100098,True,1.0281187295913696,-0.001252889633178711
Movies,42,15739,11805,105436,visual,1,0.055470019578933716,13,25,0.15,0.3076923076923077,0.977131187915802,0.5750344395637512,0.018467605113983154,-0.10584431886672974,True,False,0.9310544729232788,0.9655272364616394,0.05527929961681366,0.9845970869064331,0.05614408105611801,0.6382907629013062,1.3409398794174194,0.5281944870948792,0.3053879141807556,0.010679125785827637,True,1.0466700792312622,0.003416717052459717
Movies,42,13748,15186,143144,visual,4,0.0883883461356163,32,4,0.15,0.125,0.9756319522857666,0.6818517446517944,0.02437293529510498,0.07610416412353516,True,True,0.9223028421401978,0.9611514210700989,0.03974383696913719,1.3161609172821045,0.030196791514754295,0.1975342184305191,0.8096008896827698,0.8207520842552185,0.7608647346496582,-0.0005348473787307739,True,1.0421411991119385,-5.537271499633789e-05
Movies,42,10703,10979,97268,visual,2,0.2499999850988388,8,2,0.14994002399040385,0.5,0.911040186882019,0.6288076639175415,-0.0366513729095459,0.028533101081848145,False,True,0.9568375945091248,0.9784188270568848,0.1747538298368454,1.0711616277694702,0.16314421594142914,0.775027334690094,0.8450097441673279,0.5137355327606201,0.05304434895515442,0.02176564931869507,True,1.2085719108581543,0.0161513090133667
Movies,42,2293,1446,12885,text,2,0.3535533845424652,2,4,0.14994002399040385,1.0,0.9747599959373474,0.6317163109779358,0.0012931227684020996,-0.02133578062057495,True,False,0.889101505279541,0.9445507526397705,0.2934717833995819,0.46173256635665894,0.6355882287025452,0.44829800724983215,1.119400143623352,0.6387143135070801,0.40511664748191833,0.0030157268047332764,True,2.6583123207092285,0.0010930895805358887
Movies,42,16080,16461,158122,visual,2,0.5773502588272095,3,1,0.14994002399040385,1.0,0.98175448179245,0.7838795185089111,0.00230562686920166,0.052480101585388184,True,True,0.9437921047210693,0.9718960523605347,0.3321986198425293,0.5239232182502747,0.634059727191925,0.2423512488603592,0.9374586343765259,0.7847805023193359,0.700462818145752,-0.015035226941108704,True,2.9925246238708496,-0.027070671319961548
Movies,42,15280,8465,72167,text,3,0.09365857392549515,3,38,0.14994002399040385,1.0,0.9906413555145264,0.7994013428688049,0.03320735692977905,0.020715057849884033,True,True,0.9581700563430786,0.9790850281715393,0.10743825882673264,0.34066537022590637,0.31537768244743347,0.32785114645957947,1.1348755359649658,0.7204702496528625,0.6385170221328735,0.00042617321014404297,True,1.2951253652572632,7.987022399902344e-06
Movies,42,4031,3093,25874,visual,4,0.07537783682346344,4,44,0.14994002399040385,1.0,0.9518728256225586,0.7625182867050171,-0.018941879272460938,0.04673564434051514,False,True,0.9577280879020691,0.9788640737533569,0.07864577323198318,0.3234633207321167,0.24313659965991974,0.3994919955730438,1.0094724893569946,0.670660674571991,0.44574877619743347,0.02268311381340027,True,1.2458337545394897,0.005452990531921387
Movies,42,15284,16138,154010,visual,3,0.05103103443980217,16,24,0.15,0.25,0.9883056282997131,0.7166523933410645,0.023742616176605225,0.010147929191589355,True,True,0.8867413997650146,0.9433706998825073,0.054820988327264786,0.9013073444366455,0.06082385778427124,0.2289922684431076,0.6319807767868042,0.7953346967697144,0.614340603351593,-0.004989832639694214,True,1.0543259382247925,-0.0014932453632354736
Movies,42,11633,11005,97429,visual,2,0.06388765573501587,5,49,0.14994002399040385,0.8,0.9871735572814941,0.5952942371368408,0.0022677183151245117,-0.0294572114944458,True,False,0.8407834768295288,0.9203917384147644,0.06723816692829132,0.34076160192489624,0.19731731712818146,0.8815183639526367,1.3552991151809692,0.4141535758972168,0.04622626304626465,-0.020331501960754395,True,1.1562929153442383,-0.005455613136291504
Movies,42,6199,6315,52218,text,4,0.06593804806470871,10,23,0.14994002399040385,0.4,0.9843361973762512,0.4387221038341522,0.0241163969039917,-0.09820082783699036,True,False,0.9612318873405457,0.9806159734725952,0.05742494761943817,0.6499217748641968,0.08835670351982117,1.4661941528320312,1.3832225799560547,0.5020192265510559,0.2712169885635376,0.008537769317626953,True,1.0594096183776855,0.003534078598022461
Movies,42,2282,7839,66489,text,1,0.17407765984535217,11,3,0.14994002399040385,0.36363636363636365,0.971059262752533,0.6979882717132568,0.01280897855758667,0.09978008270263672,True,True,0.9406454563140869,0.9703227281570435,0.17367960512638092,1.1383308172225952,0.15257392823696136,0.4203476309776306,1.057900309562683,0.6568184494972229,0.4925385117530823,0.003746718168258667,True,1.1593272686004639,0.0034734904766082764
Movies,42,10329,11330,100559,visual,1,0.034503281116485596,28,30,0.15,0.14285714285714285,0.964144766330719,0.7473796606063843,-0.008767545223236084,0.08034849166870117,False,True,0.8460445404052734,0.9230222702026367,0.034278471022844315,0.7039299011230469,0.04869585856795311,3.986659049987793,0.2201981246471405,0.9619539976119995,0.9433923959732056,-0.026932716369628906,True,1.0399012565612793,-0.027832984924316406
Movies,42,12800,2284,19334,text,1,0.40824827551841736,2,3,0.14994002399040385,1.0,0.9689047932624817,0.6475984454154968,0.018371999263763428,-0.018224716186523438,True,False,0.9163914918899536,0.9581957459449768,0.4067920446395874,0.6919671297073364,0.5878776907920837,0.20413312315940857,0.7703366875648499,0.8153538107872009,0.7487838268280029,0.007111296057701111,True,2.0,0.010879918932914734
Movies,42,12269,5739,47200,text,2,0.05050763115286827,28,14,0.15,0.14285714285714285,0.970636248588562,0.6974454522132874,0.004896402359008789,-0.01610201597213745,True,False,0.8276180624961853,0.913809061050415,0.03716721385717392,1.4214833974838257,0.0261467806994915,1.4625129699707031,1.2821600437164307,0.5590774416923523,0.3274240493774414,0.0006427764892578125,True,1.0258005857467651,-7.128715515136719e-05
Movies,42,13701,15828,150486,text,1,0.04902903363108635,13,32,0.15,0.3076923076923077,0.9728423953056335,0.6872503757476807,0.002717912197113037,0.1840595006942749,True,True,0.6112899780273438,0.8056449890136719,0.04885737970471382,0.9139339327812195,0.053458329290151596,0.08076576888561249,0.3902963399887085,0.92240971326828,0.8866682648658752,2.705305814743042e-05,True,1.0417084693908691,-0.00027977675199508667
Movies,42,6282,3754,31062,text,2,1.0,1,1,0.14994002399040385,1.0,0.9930740594863892,0.64972984790802,0.0,0.0,True,True,0.9675729274749756,0.9837864637374878,0.9961254000663757,0.9961254000663757,1.0,0.23365652561187744,0.6419848203659058,0.791633665561676,0.608790934085846,-0.002711251378059387,False,,
Movies,42,14816,13959,129299,text,3,0.06741999089717865,4,55,0.14994002399040385,1.0,0.9559250473976135,0.6231310963630676,-0.008402049541473389,0.08038055896759033,False,True,0.7700971961021423,0.8850486278533936,0.08771198242902756,0.38437420129776,0.2281942516565323,2.4602084159851074,1.3165920972824097,0.47008654475212097,0.1226208508014679,-0.007277250289916992,True,1.1945881843566895,-0.0036416053771972656
Movies,42,3930,11853,105790,text,3,0.06804138422012329,12,18,0.14994002399040385,0.3333333333333333,0.9609618782997131,0.5436181426048279,-0.004403233528137207,-0.03794980049133301,False,False,0.8492429852485657,0.9246214628219604,0.06382594257593155,0.8624528050422668,0.0740051418542862,2.599954605102539,1.6420671939849854,0.48419514298439026,0.32650062441825867,-0.002618551254272461,True,1.054426908493042,-0.0008633136749267578
Movies,42,3341,3343,28005,visual,3,0.4999999701976776,2,2,0.14994002399040385,1.0,0.9900896549224854,0.877702534198761,0.014582335948944092,0.054151833057403564,True,True,0.9679100513458252,0.9839550256729126,0.4785633385181427,0.9511609673500061,0.5031360387802124,0.37001940608024597,0.9581247568130493,0.6907209157943726,0.4713468551635742,-0.0029494762420654297,True,2.0,0.0027022361755371094
Movies,42,9567,6220,51458,visual,4,0.05050762742757797,8,49,0.14994002399040385,0.5,0.9816023111343384,0.6663925647735596,-0.0007839202880859375,-0.00902855396270752,False,False,0.8897745609283447,0.9448872804641724,0.05799281224608421,0.49315178394317627,0.11759627610445023,0.7623181343078613,1.0289559364318848,0.46658357977867126,0.01700308918952942,-0.014374613761901855,True,1.1227103471755981,-0.017261266708374023
Movies,42,8756,706,6770,text,2,0.02152654342353344,26,83,0.15,0.15384615384615385,0.9693745374679565,0.6698650121688843,-0.0076683759689331055,-0.05152881145477295,False,False,0.7532188892364502,0.8766094446182251,0.03030320070683956,0.9483368992805481,0.031954046338796616,0.19236838817596436,0.6103154420852661,0.825002908706665,0.6825985312461853,4.445016384124756e-05,True,1.0201196670532227,1.3276934623718262e-05
Movies,42,13092,9136,78731,text,1,0.18257418274879456,3,10,0.14994002399040385,1.0,0.9724979400634766,0.6849710941314697,0.021561861038208008,0.027384638786315918,True,True,0.8398758172988892,0.9199379086494446,0.18200932443141937,0.7434623837471008,0.24481308460235596,0.07184131443500519,0.3429996371269226,0.9306785464286804,0.8912807703018188,-0.0009560286998748779,True,1.2739514112472534,-0.001851506531238556
Movies,42,13603,3747,30935,visual,3,0.06933752447366714,16,13,0.15,0.25,0.987069308757782,0.49396994709968567,0.009663879871368408,-0.04845234751701355,True,False,0.8491174578666687,0.9245587587356567,0.06541094183921814,0.857315182685852,0.07629742473363876,1.5073485374450684,1.3279829025268555,0.5082139372825623,0.2867174744606018,-0.009629249572753906,True,1.0612738132476807,-0.005927324295043945
Movies,42,8585,12495,112044,visual,4,0.03093441016972065,95,11,0.15,0.042105263157894736,0.9847287535667419,0.569696843624115,0.01872861385345459,-0.009024500846862793,True,False,0.7873506546020508,0.8936753273010254,0.017464809119701385,1.5896636247634888,0.010986480861902237,0.26354625821113586,0.7757928967475891,0.7683220505714417,0.6020165681838989,-0.0004151761531829834,True,1.0106308460235596,-0.00022432208061218262
Movies,42,2094,12301,110130,visual,1,0.12309148907661438,3,22,0.14994002399040385,1.0,0.9889743328094482,0.6461067199707031,0.01752781867980957,0.02645432949066162,True,True,0.9179099202156067,0.958954930305481,0.12255853414535522,0.7279088497161865,0.16837070882320404,1.7813432216644287,1.2787058353424072,0.39877989888191223,0.01784193515777588,0.03857541084289551,True,1.175010323524475,-0.030909061431884766
Movies,42,14711,1668,14597,text,2,0.12909944355487823,2,30,0.14994002399040385,1.0,0.9592853784561157,0.673748254776001,-0.010137379169464111,-0.07960891723632812,False,False,0.8315420150756836,0.9157710075378418,0.17377518117427826,0.3618258833885193,0.48027294874191284,0.05743696540594101,0.2965180277824402,0.9441813826560974,0.915897011756897,-0.00025530532002449036,True,1.4082481861114502,-0.00015984103083610535
Movies,42,4491,6284,51889,text,3,0.09365857392549515,2,57,0.14994002399040385,1.0,0.9833716154098511,0.614858865737915,0.03722381591796875,-0.020836591720581055,True,False,0.7531980872154236,0.8765990734100342,0.11259036511182785,0.24051575362682343,0.4681205451488495,0.2339775264263153,0.8618257641792297,0.7913796305656433,0.7176937460899353,0.000676468014717102,True,1.7947193384170532,0.00013074278831481934
Movies,42,14312,12109,108498,visual,1,0.20412413775920868,4,6,0.14994002399040385,1.0,0.9800432920455933,0.800597071647644,0.005069613456726074,0.07417869567871094,True,True,0.9398803114891052,0.969940185546875,0.2035045176744461,0.8617197871208191,0.23616090416908264,0.06503555178642273,0.303522527217865,0.9370341300964355,0.8903164267539978,-0.002326466143131256,True,1.2721655368804932,-0.002257049083709717
Movies,42,7482,9543,83129,text,2,0.07559289783239365,7,25,0.14994002399040385,0.5714285714285714,0.922010600566864,0.6660633087158203,-0.0272560715675354,0.07717925310134888,False,True,0.7456710934638977,0.8728355169296265,0.08954189717769623,0.6900726556777954,0.12975719571113586,0.5600360035896301,1.0513496398925781,0.5711885094642639,0.23126772046089172,-0.0011893510818481445,True,1.119211196899414,-0.0003020763397216797
Movies,42,13949,10018,87637,visual,4,0.058925561606884,24,12,0.15,0.16666666666666666,0.9167317152023315,0.545279860496521,-0.03799843788146973,-0.09291613101959229,False,False,0.7839904427528381,0.8919951915740967,0.031482499092817307,0.8180253505706787,0.038485970348119736,0.7037659287452698,1.1499403715133667,0.4947187304496765,0.15882790088653564,-0.009094297885894775,True,1.0408891439437866,-0.002716541290283203
Movies,42,12101,3499,29002,text,2,0.20412413775920868,8,3,0.14994002399040385,0.5,0.9506015777587891,0.5669234395027161,-0.013765811920166016,0.007335543632507324,False,True,0.8324633836746216,0.9162316918373108,0.08198604732751846,0.5968654155731201,0.13736103475093842,1.9814997911453247,1.2683614492416382,0.4410376250743866,0.08730527758598328,0.003155827522277832,True,1.344551920890808,-0.004720568656921387
Movies,42,14615,16546,159030,visual,1,0.02300218492746353,30,63,0.15,0.13333333333333333,0.9775131344795227,0.6529487371444702,-0.004229068756103516,-0.0001308917999267578,False,False,0.9049668312072754,0.9524834156036377,0.022912172600626945,0.7814379930496216,0.029320525005459785,0.5956007242202759,1.0698713064193726,0.551231324672699,0.2049197256565094,-0.014390766620635986,True,1.0232234001159668,-0.01075732707977295
Movies,42,7538,15347,144779,visual,3,0.11952285468578339,5,14,0.14994002399040385,0.8,0.9879170656204224,0.7349221706390381,0.009221673011779785,0.07087945938110352,True,True,0.8912061452865601,0.94560307264328,0.1067899763584137,0.5229330062866211,0.20421350002288818,2.7486648559570312,1.6961044073104858,0.36144882440567017,0.12992393970489502,0.009719371795654297,True,1.2569268941879272,0.0026721954345703125
Movies,42,1870,1669,14605,visual,4,0.05423261597752571,20,17,0.15,0.2,0.9949173331260681,0.7428917288780212,0.015199363231658936,0.06825941801071167,True,True,0.9475064873695374,0.9737532138824463,0.04819461703300476,0.9458103179931641,0.05095590278506279,0.31660693883895874,0.7978569269180298,0.7286170721054077,0.5021915435791016,0.002120107412338257,True,1.0469930171966553,0.0003184378147125244
Movies,42,14954,10818,95931,visual,1,0.14907120168209076,15,3,0.15,0.26666666666666666,0.9752427339553833,0.5189127326011658,0.0064522624015808105,-0.013802945613861084,True,False,0.8732456564903259,0.9366228580474854,0.14842621982097626,0.823881208896637,0.18015487492084503,0.3822040557861328,1.1961696147918701,0.6823558211326599,0.5547909736633301,-0.03637272119522095,True,1.1467926502227783,-0.06057572364807129
Grocery,42,7206,7624,53867,visual,2,0.07715167105197906,8,21,0.14642717688402968,0.5,0.9669594764709473,0.6741292476654053,-0.013381004333496094,-0.041410207748413086,False,False,0.9748541712760925,0.9874271154403687,0.09121566265821457,0.6714341640472412,0.13585197925567627,0.004327456932514906,0.03685638681054115,0.995681881904602,0.9944812059402466,-0.0001617935486137867,True,1.1787253618240356,-0.00013306550681591034
Grocery,42,13001,12325,104540,text,3,0.13608276844024658,3,18,0.14642717688402968,1.0,0.9286661148071289,0.3690936267375946,-0.029471635818481445,-0.10842311382293701,False,False,0.8659241199493408,0.9329620599746704,0.12936633825302124,0.4817905128002167,0.2685115933418274,0.006253082305192947,0.05105143040418625,0.9937664270401001,0.9919531941413879,8.114613592624664e-05,True,1.2222222089767456,1.800665631890297e-05
Grocery,42,8135,8017,56872,text,1,0.19999998807907104,5,5,0.14642717688402968,0.8,0.9640552401542664,0.5722939968109131,-0.006174206733703613,-0.055250585079193115,False,False,0.9020957946777344,0.9510478973388672,0.19962020218372345,0.9588012099266052,0.2081976979970932,0.5899074673652649,1.0486069917678833,0.5543785691261292,0.21862444281578064,-0.004889309406280518,True,1.2168235778808594,0.015620827674865723
Grocery,42,12356,11277,94336,visual,2,0.08703882992267609,12,11,0.14642717688402968,0.3333333333333333,0.9633409976959229,0.47297027707099915,-0.0037615299224853516,-0.08963486552238464,False,False,0.9739155173301697,0.9869577884674072,0.08182865381240845,0.9360759854316711,0.08741667866706848,0.018116245046257973,0.11851607263088226,0.9820468425750732,0.9714493751525879,-3.664195537567139e-05,True,1.0952460765838623,0.00033452920615673065
Grocery,42,9850,9316,70805,visual,2,0.09534625709056854,22,5,0.14642717688402968,0.18181818181818182,0.980440616607666,0.7361419796943665,0.004988372325897217,-0.020510494709014893,True,False,0.991881787776947,0.9959409236907959,0.05415959656238556,1.272336721420288,0.04256702959537506,0.010785853490233421,0.07653103023767471,0.9892721176147461,0.9828848242759705,2.1698884665966034e-05,True,1.0809431076049805,8.537806570529938e-05
Grocery,42,16640,16780,140221,text,4,0.06415003538131714,27,9,0.14642717688402968,0.14814814814814814,0.9689007997512817,0.46382057666778564,0.006623566150665283,-0.08763408660888672,True,False,0.9055816531181335,0.9527908563613892,0.0537290945649147,1.1469253301620483,0.04684619978070259,0.10537944734096527,0.46226441860198975,0.8999829888343811,0.8549891114234924,3.33636999130249e-05,True,1.036562204360962,7.509440183639526e-05
Grocery,42,8800,8816,64929,text,3,0.09128709137439728,5,24,0.14642717688402968,0.8,0.942976713180542,0.8681359887123108,-0.013752937316894531,0.17250537872314453,False,True,0.8975543975830078,0.9487771987915039,0.0757114514708519,0.3677881956100464,0.2058561146259308,0.09579342603683472,0.4065365493297577,0.9086517095565796,0.8462300896644592,0.0015525296330451965,True,1.284106731414795,-3.488361835479736e-05
Grocery,42,2023,3544,17063,text,1,0.18898224830627441,4,7,0.14642717688402968,1.0,0.9182623624801636,0.4381117820739746,-0.03596389293670654,-0.08140605688095093,False,False,0.8607348203659058,0.9303674101829529,0.18880708515644073,0.7594484090805054,0.24861080944538116,0.06850327551364899,0.3068496882915497,0.933790385723114,0.8825203776359558,-0.0009054094552993774,True,1.2415156364440918,0.0069325268268585205
Grocery,42,5742,14358,123978,text,3,0.05504819005727768,10,33,0.14642717688402968,0.4,0.9865159392356873,0.6981011033058167,0.016180217266082764,0.08427876234054565,True,True,0.9555647373199463,0.9777823686599731,0.05412449315190315,0.5680603981018066,0.09527947008609772,1.005847692489624,1.2132227420806885,0.49376457929611206,0.12803015112876892,-0.0076590776443481445,True,1.1056641340255737,-0.002301454544067383
Grocery,42,11431,11821,99482,visual,1,0.026958193629980087,43,32,0.14642717688402968,0.09302325581395349,0.9862855672836304,0.38348445296287537,0.007104396820068359,-0.14943262934684753,True,False,0.9593701362609863,0.9796850681304932,0.02685871161520481,1.5341110229492188,0.01750767044723034,0.0019143365789204836,0.018278194591403008,0.998087465763092,0.9976642727851868,-1.380185130983591e-05,True,1.015368938446045,-1.0589370504021645e-05
Grocery,42,12256,7738,54769,visual,2,0.3535533845424652,1,8,0.14642717688402968,1.0,0.9580455422401428,0.7612203359603882,0.004458248615264893,0.07248032093048096,True,True,0.9891945123672485,0.9945972561836243,0.41482865810394287,0.41482865810394287,1.0,0.13146692514419556,0.516185462474823,0.8768082857131958,0.7864493131637573,-0.019238010048866272,False,,
Grocery,42,674,155,728,text,1,0.09622504562139511,12,9,0.14642717688402968,0.3333333333333333,0.9168038964271545,0.8782104849815369,-0.036606788635253906,0.12106412649154663,False,True,0.847128689289093,0.9235643148422241,0.09600284695625305,0.874580442905426,0.10977017134428024,0.005238378420472145,0.04274916648864746,0.9947752952575684,0.9922333359718323,9.190058335661888e-05,True,1.1012893915176392,8.004298433661461e-05
Grocery,42,12581,15314,132425,visual,4,0.03608439117670059,24,32,0.14642717688402968,0.16666666666666666,0.9878117442131042,0.6576908230781555,0.01602870225906372,-0.1352260708808899,True,False,0.9843877553939819,0.992193877696991,0.04390507936477661,0.9449059367179871,0.04646502807736397,0.10209904611110687,0.4650040566921234,0.9029400944709778,0.8468710780143738,-0.00012045353651046753,True,1.052909255027771,0.003014512360095978
Grocery,42,10624,14624,126235,text,1,0.40824827551841736,3,2,0.14642717688402968,1.0,0.9625346064567566,0.9202254414558411,0.009351134300231934,0.043651282787323,True,True,0.9638954401016235,0.9819477200508118,0.4069957435131073,0.618625283241272,0.6579034924507141,1.8217767477035522,0.5420629382133484,0.8240597248077393,0.6623215675354004,-0.1140739917755127,True,2.4930245876312256,-0.1570274829864502
Grocery,42,16055,1577,6550,text,4,0.30151134729385376,1,11,0.14642717688402968,1.0,0.9322113990783691,0.45561331510543823,-0.011341333389282227,-0.060496628284454346,False,False,0.7980598211288452,0.8990299105644226,0.2668381929397583,0.2668381929397583,1.0,0.1153714656829834,0.5395034551620483,0.8910350799560547,0.8408279418945312,-0.0009239017963409424,False,,
Grocery,42,6062,4029,21520,text,1,0.03289758414030075,4,231,0.14642717688402968,1.0,0.9786854982376099,0.5315386056900024,0.010754823684692383,-0.030240774154663086,True,False,0.9196170568466187,0.9598085284233093,0.03280922770500183,0.14370311796665192,0.22831256687641144,0.052026912569999695,0.2960352897644043,0.9493033289909363,0.9323379397392273,0.0012641698122024536,True,1.2222825288772583,0.0012563690543174744
Grocery,42,3163,653,2785,text,1,0.15811388194561005,5,8,0.14642717688402968,0.8,0.966475248336792,0.4921134412288666,-0.0036916732788085938,-0.12173369526863098,False,False,0.7628286480903625,0.8814142942428589,0.15801019966602325,0.2522869408130646,0.6263114213943481,0.40984803438186646,1.0879180431365967,0.6637511253356934,0.4718702435493469,-0.004926025867462158,True,1.945651888847351,0.018821030855178833
Grocery,42,9752,10294,82140,visual,1,0.10314212739467621,2,47,0.14642717688402968,1.0,0.9973121881484985,0.8322557806968689,0.01917290687561035,0.22475188970565796,True,True,0.9886376857757568,0.9943188428878784,0.10260675847530365,0.3154076039791107,0.32531479001045227,0.836357593536377,1.1654772758483887,0.45561328530311584,0.022327423095703125,0.10535275936126709,True,1.4612656831741333,0.06215029954910278
Grocery,42,7618,4414,25561,visual,4,1.0,1,1,0.14642717688402968,1.0,0.9883177280426025,0.35377225279808044,0.0,0.0,True,True,0.9684309959411621,0.984215497970581,0.9929764270782471,0.9929764270782471,1.0,0.29382601380348206,0.9697218537330627,0.7454061508178711,0.6164061427116394,0.25764021277427673,False,,
Grocery,42,7976,16555,138886,text,2,0.06052275002002716,13,21,0.14642717688402968,0.3076923076923077,0.9794104695320129,0.6415422558784485,-0.0003833174705505371,-0.006532490253448486,False,False,0.9310669898986816,0.9655334949493408,0.08021138608455658,0.9875050187110901,0.08122630417346954,0.8067504167556763,0.7604988813400269,0.5438631772994995,0.09755715727806091,-0.0004565715789794922,True,1.0476118326187134,0.00019752979278564453
Grocery,42,9309,8905,66075,visual,1,0.08703882992267609,3,44,0.14642717688402968,1.0,0.9425375461578369,0.48282796144485474,-0.020136356353759766,-0.07495331764221191,False,False,0.9738982915878296,0.9869491457939148,0.08646011352539062,0.1856742799282074,0.46565476059913635,0.08187399059534073,0.3947775065898895,0.9213880300521851,0.8808096051216125,0.018562808632850647,True,1.7112627029418945,0.03539466857910156
Grocery,42,10212,8928,66357,text,4,0.14433756470680237,4,12,0.14642717688402968,1.0,0.9817148447036743,0.6906470060348511,0.004251420497894287,0.039998531341552734,True,True,0.8814839124679565,0.9407419562339783,0.0966712161898613,0.4096156060695648,0.23600472509860992,0.015224911272525787,0.10517137497663498,0.9848904013633728,0.9768863320350647,5.9524551033973694e-05,True,1.3335343599319458,-3.63960862159729e-06
Grocery,42,6314,6126,41813,visual,3,0.0589255690574646,18,16,0.14642717688402968,0.2222222222222222,0.9763576984405518,0.48714330792427063,-0.0012007355690002441,-0.12222644686698914,False,False,0.9473005533218384,0.9736502766609192,0.04474359750747681,0.8180531859397888,0.05469521880149841,0.007619485259056091,0.0606895312666893,0.9924094676971436,0.9895623922348022,3.549037501215935e-05,True,1.0745394229888916,3.430526703596115e-06
Grocery,42,10820,10789,88388,visual,4,0.015558667480945587,27,153,0.14642717688402968,0.14814814814814814,0.9997344017028809,0.7689476609230042,0.025791645050048828,0.21406090259552002,True,True,0.9866068363189697,0.9933034181594849,0.044966552406549454,1.152854084968567,0.039004549384117126,0.0030611343681812286,0.02696397341787815,0.9969435334205627,0.9957287311553955,1.0101823136210442e-05,True,1.0145463943481445,9.983079507946968e-06
Grocery,42,7533,2368,10337,visual,4,0.2182178944349289,3,7,0.14642717688402968,1.0,0.9584628343582153,0.628817081451416,-0.01515650749206543,-0.054132044315338135,False,False,0.9758225679397583,0.9879112839698792,0.14082007110118866,0.43099233508110046,0.3267345130443573,2.7275118827819824,1.5612677335739136,0.42209067940711975,0.21334926784038544,0.06148958206176758,True,1.5316100120544434,0.001779794692993164
Grocery,42,6551,7132,49770,text,2,0.08944272249937057,5,25,0.14642717688402968,0.8,0.9756177067756653,0.5664215087890625,0.0031279921531677246,-0.016999483108520508,True,False,0.9167565703392029,0.9583783149719238,0.10308697819709778,0.542928159236908,0.18987222015857697,0.25760528445243835,0.6034427881240845,0.7729002833366394,0.5567344427108765,-0.0011155903339385986,True,1.2135686874389648,-0.001661062240600586
Grocery,42,11380,3417,16100,visual,4,0.01513068936765194,14,312,0.14642717688402968,0.2857142857142857,0.9819607138633728,0.7573223114013672,0.010609686374664307,0.062399446964263916,True,True,0.990382730960846,0.9951913356781006,0.05407225340604782,0.824749767780304,0.06556200981140137,0.0033598660957068205,0.030257485806941986,0.9966457486152649,0.9956841468811035,-3.9207981899380684e-05,True,1.0232212543487549,-4.645576700568199e-05
Grocery,42,10161,9070,67689,text,3,0.133630633354187,7,8,0.14642717688402968,0.5714285714285714,0.9864979386329651,0.7628604173660278,0.010048985481262207,0.08112096786499023,True,True,0.9210339784622192,0.9605169892311096,0.08035989105701447,0.5396907329559326,0.1488998979330063,0.004856219980865717,0.04177192226052284,0.9951555728912354,0.9942031502723694,4.353700205683708e-05,True,1.2375162839889526,4.38932329416275e-06
Grocery,42,4661,4706,29149,visual,3,0.0657951682806015,11,21,0.14642717688402968,0.36363636363636365,0.9891431331634521,0.5343925356864929,0.0073277950286865234,-0.08297520875930786,True,False,0.9371569752693176,0.9685784578323364,0.05122731626033783,0.5724717974662781,0.08948443830013275,0.40861988067626953,1.1540151834487915,0.6645668148994446,0.523475706577301,0.03582477569580078,True,1.1342172622680664,0.004596680402755737
Grocery,42,13705,13166,110674,visual,2,0.20412413775920868,3,8,0.14642717688402968,1.0,0.9641348123550415,0.8762642741203308,0.011437296867370605,0.027594268321990967,True,True,0.9884400963783264,0.9942200183868408,0.13824965059757233,0.604688823223114,0.22862941026687622,0.0027814533095806837,0.025576308369636536,0.9972224235534668,0.996629536151886,5.111563950777054e-06,True,1.3169546127319336,-2.793688327074051e-05
Grocery,42,2004,3355,15686,visual,2,0.28867512941360474,3,4,0.14642717688402968,1.0,0.9998649954795837,0.9703369140625,0.003210723400115967,0.045886993408203125,True,True,0.9993923306465149,0.9996961355209351,0.2777222692966461,0.8185252547264099,0.339295893907547,0.167259082198143,0.7173293828964233,0.8459804058074951,0.7895908355712891,0.024899303913116455,True,1.569499135017395,-0.007562115788459778
Grocery,42,9276,9217,69614,text,4,0.020593401044607162,9,262,0.14642717688402968,0.4444444444444444,0.9829859137535095,0.5666108131408691,0.006534576416015625,-0.007946491241455078,True,False,0.9559499025344849,0.9779749512672424,0.0693713054060936,0.7231369614601135,0.09593107551336288,0.006990854628384113,0.05496179312467575,0.9930335283279419,0.9907100200653076,1.0649673640727997e-06,True,1.037805438041687,2.130400389432907e-06
Grocery,42,989,5929,40163,visual,2,0.028171807527542114,21,60,0.14642717688402968,0.19047619047619047,0.9664666652679443,0.5914610028266907,-0.00820159912109375,-0.02975630760192871,False,False,0.9613642692565918,0.9806821346282959,0.03972985967993736,0.8793911933898926,0.04517882317304611,0.9107814431190491,1.3582992553710938,0.4079190194606781,0.005709201097488403,0.0035138726234436035,True,1.0298426151275635,0.006917238235473633
Grocery,42,14829,14415,124529,text,3,0.047245558351278305,14,32,0.14642717688402968,0.2857142857142857,0.986775279045105,0.7899430394172668,0.02578914165496826,0.13051170110702515,True,True,0.9222198724746704,0.9611099362373352,0.05533917620778084,0.7166335582733154,0.07722102105617523,0.006385400425642729,0.0527854859828949,0.9936349391937256,0.9914848804473877,6.632879376411438e-06,True,1.0566163063049316,2.4281907826662064e-05
Grocery,42,11468,11489,96420,text,3,0.3333333134651184,3,3,0.14642717688402968,1.0,0.9996057748794556,0.7272147536277771,0.012339234352111816,0.0461389422416687,True,True,0.9971652030944824,0.9985826015472412,0.180413156747818,0.4659305810928345,0.3872103691101074,0.02506282553076744,0.15715749561786652,0.9752486348152161,0.961824357509613,-0.001676458865404129,True,1.944754958152771,-0.0003579091280698776
Grocery,42,11291,11233,93856,visual,2,0.2182178944349289,3,7,0.14642717688402968,1.0,0.9781869649887085,0.6239006519317627,0.01588284969329834,-0.03974723815917969,True,False,0.9752256274223328,0.9876128435134888,0.22288064658641815,0.6417759656906128,0.34728729724884033,0.007563525345176458,0.05689208582043648,0.9924650192260742,0.9888444542884827,0.0007622246630489826,True,1.4985030889511108,0.000509199220687151
Grocery,42,11003,10767,87813,text,4,0.028005603700876236,25,51,0.14642717688402968,0.16,0.9657021760940552,0.6014624834060669,-0.0056188106536865234,-0.04740864038467407,False,False,0.807425856590271,0.9037129282951355,0.038173556327819824,1.0186333656311035,0.03747526556253433,0.0015773248160257936,0.015049953013658524,0.9984239339828491,0.9979149699211121,0.0,True,1.0254157781600952,-1.1909287422895432e-07
Grocery,42,6163,4019,21170,visual,1,0.03937496244907379,5,129,0.14642717688402968,0.8,0.9776220321655273,0.6125137209892273,0.010033905506134033,0.015812933444976807,True,True,0.9835159182548523,0.9917579889297485,0.03917636349797249,0.13511715829372406,0.289943665266037,0.0012849654303863645,0.012588145211338997,0.998715877532959,0.9983230233192444,3.7621124647557735e-05,True,1.3135247230529785,8.691102266311646e-06
Grocery,42,4804,4726,29336,text,1,0.3535533845424652,2,4,0.14642717688402968,1.0,0.9791945219039917,0.9376345872879028,-9.679794311523438e-05,0.10228496789932251,False,True,0.9555761814117432,0.9777880907058716,0.35279741883277893,0.486886590719223,0.72459876537323,0.12422813475131989,0.4712808430194855,0.8831783533096313,0.7929661273956299,0.017458975315093994,True,3.291287899017334,-0.0001304522156715393
Grocery,42,7206,6739,46311,visual,4,0.07715167105197906,8,21,0.14642717688402968,0.5,0.991156280040741,0.8586409687995911,0.005469143390655518,0.10849648714065552,True,True,0.9958717823028564,0.9979358911514282,0.07408816367387772,0.6281508207321167,0.11794645339250565,0.004327456932514906,0.03685638681054115,0.995681881904602,0.9944812059402466,-2.955552190542221e-05,True,1.1787253618240356,-3.6796554923057556e-06
Grocery,42,783,4926,31330,visual,4,0.06851887702941895,3,71,0.14642717688402968,1.0,0.9621598124504089,0.6386734247207642,-0.008666694164276123,-0.03612256050109863,False,False,0.984108030796051,0.9920539855957031,0.11493685096502304,0.6821480989456177,0.16849251091480255,0.39307934045791626,1.035185694694519,0.6749752163887024,0.48655009269714355,-0.015750348567962646,True,1.1028121709823608,-0.020853817462921143
Grocery,42,9936,8518,61230,visual,1,0.1767766922712326,2,16,0.14642717688402968,1.0,0.9844702482223511,0.7690816521644592,0.0058019161224365234,0.13558977842330933,True,True,0.989712655544281,0.9948563575744629,0.17562279105186462,0.32579267024993896,0.539063036441803,0.008542188443243504,0.06550533324480057,0.9914941787719727,0.9878404140472412,0.000840015709400177,True,2.030776262283325,-0.0005337940528988838
Grocery,42,1802,6273,42922,text,4,0.13608276844024658,2,27,0.14642717688402968,1.0,0.9652957916259766,0.47562113404273987,0.008730530738830566,-0.03719177842140198,True,False,0.8562532663345337,0.9281266331672668,0.21579568088054657,0.33820202946662903,0.638067364692688,0.07691008597612381,0.34570300579071045,0.925973117351532,0.8690547943115234,-0.0005658790469169617,True,3.07275128364563,0.0016267374157905579
Grocery,42,7340,7088,49213,visual,2,0.15430335700511932,7,6,0.14642717688402968,0.5714285714285714,0.9736858606338501,0.5009066462516785,-0.004142284393310547,-0.05930441617965698,False,False,0.974025309085846,0.9870126247406006,0.07346939295530319,0.6813137531280518,0.10783489048480988,0.1583624929189682,0.5532913208007812,0.853540301322937,0.7567533850669861,-0.01003439724445343,True,1.1089731454849243,-0.005129218101501465
Grocery,42,9413,8421,60123,visual,4,0.024753689765930176,32,51,0.14642717688402968,0.125,0.9835531711578369,0.5460416674613953,0.00661236047744751,-0.050604403018951416,True,False,0.9794072508811951,0.9897036552429199,0.031281668692827225,1.075823426246643,0.02907695434987545,0.013470000587403774,0.08903610706329346,0.986620306968689,0.9778534173965454,4.9513764679431915e-05,True,1.0310980081558228,2.2934749722480774e-05
Grocery,42,14346,13590,115558,text,3,0.22360679507255554,4,5,0.14642717688402968,1.0,0.9851781725883484,0.483998566865921,0.011400401592254639,-0.08755776286125183,True,False,0.9534734487533569,0.9767367243766785,0.19175885617733002,0.5370423793792725,0.3570646643638611,0.0832286924123764,0.39295345544815063,0.9201406836509705,0.873848021030426,-0.00048538297414779663,True,1.4975121021270752,-0.003634124994277954
Grocery,42,1949,666,2829,visual,4,0.28867512941360474,4,3,0.14642717688402968,1.0,0.9941291809082031,0.8361539840698242,-0.000164031982421875,0.01918184757232666,False,True,0.9978009462356567,0.9989004731178284,0.2111813873052597,0.9160448908805847,0.2305360734462738,2.5657012462615967,0.4424799680709839,0.8969327807426453,0.8200675249099731,0.06303143501281738,True,1.5384942293167114,0.011214733123779297
Grocery,42,13583,14969,129893,visual,4,0.09128709137439728,15,8,0.14642717688402968,0.26666666666666666,0.9960062503814697,0.5809026956558228,0.006372570991516113,-0.17338025569915771,True,False,0.9817809462547302,0.9908905029296875,0.06137453392148018,0.92941814661026,0.0660354346036911,0.004109153989702463,0.0336230993270874,0.9958992600440979,0.9933631420135498,5.461275577545166e-06,True,1.1132782697677612,2.6118941605091095e-06
Grocery,42,6910,6427,43955,text,4,0.06201736629009247,13,20,0.14642717688402968,0.3076923076923077,0.9859525561332703,0.8112936019897461,0.007350146770477295,0.1995772123336792,True,True,0.9501189589500427,0.9750595092773438,0.052137695252895355,0.7038964033126831,0.07407012581825256,0.12084440886974335,0.47167328000068665,0.886171817779541,0.8030719757080078,0.000173129141330719,True,1.1096978187561035,-9.518861770629883e-05
Grocery,42,15642,8478,60842,text,2,0.019764235243201256,80,32,0.14642717688402968,0.05,0.9799749255180359,0.6287907958030701,0.0028502345085144043,-0.01665949821472168,True,False,0.9687728881835938,0.9843864440917969,0.012309649027884007,1.4357960224151611,0.008573397062718868,0.055146098136901855,0.30039218068122864,0.9463468790054321,0.923539400100708,-6.306543946266174e-05,True,1.008009910583496,-4.8510730266571045e-05
Grocery,42,16904,15393,132889,text,1,0.09325047582387924,5,23,0.14642717688402968,0.8,0.9588021039962769,0.6433712840080261,-0.007929444313049316,0.02967679500579834,False,True,0.9276648759841919,0.963832437992096,0.09319186210632324,0.8898404836654663,0.10472872853279114,0.1529844105243683,0.5840021371841431,0.8581430912017822,0.7639420628547668,-0.0034760087728500366,True,1.0889275074005127,-0.0012111365795135498
Grocery,42,2088,8463,60662,visual,4,0.09325047582387924,5,23,0.14642717688402968,0.8,0.9624040722846985,0.5607961416244507,-0.013146579265594482,-0.11401170492172241,False,False,0.9881516098976135,0.9940757751464844,0.10737559199333191,0.6885541081428528,0.15594357252120972,2.417123556137085,1.4604763984680176,0.4992954432964325,0.25276342034339905,-0.024567365646362305,True,1.1317994594573975,-0.026903390884399414
Grocery,42,3812,3610,17304,text,4,0.2499999850988388,8,2,0.14642717688402968,0.5,0.9841312766075134,0.4895574748516083,0.009045064449310303,-0.05682453513145447,True,False,0.956598162651062,0.978299081325531,0.13454082608222961,1.029136300086975,0.13073179125785828,0.12258616089820862,0.487047404050827,0.8846296668052673,0.8071110844612122,7.529556751251221e-05,True,1.2022606134414673,-9.006261825561523e-05
Grocery,42,15848,15547,133821,text,4,0.0589255653321743,8,36,0.14642717688402968,0.5,0.9805077314376831,0.5615395307540894,0.014154911041259766,-0.0216672420501709,True,False,0.9459739923477173,0.9729869961738586,0.07386433333158493,0.5460971593856812,0.13525860011577606,0.19698821008205414,0.7123196721076965,0.8212003111839294,0.7005324363708496,0.0001685619354248047,True,1.108060359954834,0.000112876296043396
Grocery,42,15924,15169,131682,visual,2,0.07161148637533188,15,13,0.14642717688402968,0.26666666666666666,0.9821316003799438,0.5788286924362183,0.0030699968338012695,-0.016736745834350586,True,False,0.9917149543762207,0.9958574771881104,0.05128656327724457,0.8236904144287109,0.06226436793804169,0.16173326969146729,0.7035608887672424,0.8506680727005005,0.8106625080108643,0.0017133355140686035,True,1.0722593069076538,0.00032870471477508545
Grocery,42,12932,12782,107719,visual,3,0.28867512941360474,4,3,0.14642717688402968,1.0,0.9713302254676819,0.6100797653198242,-0.00777667760848999,-0.04610753059387207,False,False,0.9729565382003784,0.9864782691001892,0.21652691066265106,0.7648922801017761,0.2830815613269806,0.04871586710214615,0.247709259390831,0.9524517059326172,0.9190589189529419,0.004217207431793213,True,1.4092698097229004,0.0038287602365016937
Grocery,42,5612,10768,87998,visual,2,0.036369647830724716,2,378,0.14642717688402968,1.0,0.9719486236572266,0.6352541446685791,0.0013695955276489258,0.01559215784072876,True,True,0.968469500541687,0.9842347502708435,0.34093937277793884,0.6898372173309326,0.494231641292572,0.0014961488777771592,0.014249040745198727,0.9985049962997437,0.997893214225769,-3.3686403185129166e-05,True,1.7817360162734985,-5.8922101743519306e-05
Grocery,42,4188,3788,18401,text,3,0.025958707556128502,4,371,0.14642717688402968,1.0,0.9836521148681641,0.812419593334198,0.00954592227935791,0.17041093111038208,True,True,0.9395021200180054,0.9697510600090027,0.046953342854976654,0.20847010612487793,0.2252281755208969,0.008632367476820946,0.062266893684864044,0.9914047718048096,0.9868101477622986,3.226380795240402e-05,True,1.2330044507980347,3.0846334993839264e-05
Grocery,42,3922,3921,20019,visual,1,0.3333333134651184,3,3,0.14642717688402968,1.0,0.9946867823600769,0.6765390038490295,0.008791983127593994,-0.092304527759552,True,False,0.9909117221832275,0.9954558610916138,0.33109399676322937,0.7630534768104553,0.4339066743850708,0.5358012318611145,1.1246120929718018,0.5852001905441284,0.28550970554351807,0.04196137189865112,True,1.7343435287475586,-0.014496684074401855
Grocery,42,11934,15514,133513,visual,4,0.05103103443980217,12,32,0.14642717688402968,0.3333333333333333,0.9818891286849976,0.6242901086807251,0.011363625526428223,-0.042604148387908936,True,False,0.9440945386886597,0.9720472693443298,0.06727321445941925,0.7236958742141724,0.09295785427093506,0.00258421478793025,0.02395000122487545,0.9974191188812256,0.9964990019798279,-3.103376366198063e-05,True,1.1007392406463623,-2.6872148737311363e-05
Grocery,42,1743,472,2041,text,4,0.1154700517654419,15,5,0.14642717688402968,0.26666666666666666,0.9580998420715332,0.6977160573005676,-0.018901526927947998,-0.043180882930755615,False,False,0.8957948684692383,0.9478974342346191,0.07731804996728897,1.1176584959030151,0.06917860358953476,0.0021962826140224934,0.018777724355459213,0.9978061318397522,0.9963449239730835,-1.1897645890712738e-07,True,1.0815014839172363,1.1897645890712738e-07
Grocery,42,3922,3919,20006,visual,3,0.235702246427536,3,6,0.14642717688402968,1.0,0.970470130443573,0.6665583252906799,-0.012057721614837646,-0.04477328062057495,False,False,0.9905573129653931,0.9952786564826965,0.21969741582870483,0.7638399600982666,0.2876223027706146,0.5358012318611145,1.1246120929718018,0.5852001905441284,0.28550970554351807,0.03515046834945679,True,1.4273442029953003,0.03510481119155884
Grocery,42,2560,8017,56868,visual,3,0.19999998807907104,5,5,0.14642717688402968,0.8,0.9703584909439087,0.6667178273200989,0.0024043917655944824,0.007376313209533691,True,True,0.9819645881652832,0.9909822940826416,0.18810419738292694,0.9004787802696228,0.2088935375213623,0.26626884937286377,0.7476170063018799,0.7662330865859985,0.5998694896697998,-0.018717527389526367,True,1.2579939365386963,-0.004315614700317383
Grocery,42,15149,15132,131418,text,2,0.18257418274879456,5,6,0.14642717688402968,0.8,0.9808703660964966,0.6869342923164368,0.006753027439117432,-0.03113347291946411,True,False,0.9363597631454468,0.9681798815727234,0.11173797398805618,0.6099646687507629,0.18318761885166168,3.6005091667175293,0.9567997455596924,0.6830772161483765,0.44309690594673157,-0.011459827423095703,True,1.539353370666504,0.005019187927246094
Grocery,42,1743,472,2041,visual,3,0.1154700517654419,15,5,0.14642717688402968,0.26666666666666666,0.9580998420715332,0.6977160573005676,-0.018901526927947998,-0.043180882930755615,False,False,0.9837294816970825,0.9918647408485413,0.0882706418633461,1.2550530433654785,0.07033219933509827,0.0021962826140224934,0.018777724355459213,0.9978061318397522,0.9963449239730835,-3.0807917937636375e-05,True,1.0815014839172363,-1.0586576536297798e-05
Grocery,42,12465,12477,105672,text,1,0.10050378739833832,11,9,0.14642717688402968,0.36363636363636365,0.9927483797073364,0.7069321274757385,0.010209083557128906,0.06391125917434692,True,True,0.9666199684143066,0.9833099842071533,0.10036641359329224,1.2924870252609253,0.07765371352434158,2.462221384048462,0.950141966342926,0.7307395935058594,0.6071527004241943,0.002561807632446289,True,1.0691505670547485,0.003906726837158203
Grocery,42,8570,123,570,text,2,0.14002801477909088,3,17,0.14642717688402968,1.0,0.9654685258865356,0.5405415892601013,0.0010416507720947266,0.003785073757171631,True,True,0.8418612480163574,0.9209306240081787,0.15531456470489502,0.6275044083595276,0.24751150608062744,3.183022975921631,0.429728627204895,0.9157869219779968,0.874326765537262,-0.022287607192993164,True,1.9416383504867554,0.01834416389465332
Grocery,42,8598,9049,67492,text,4,0.05773502588272095,6,50,0.14642717688402968,0.6666666666666666,0.921558678150177,0.5680935382843018,-0.02726799249649048,-0.012704253196716309,False,False,0.850303590297699,0.9251518249511719,0.08422832190990448,0.5122128129005432,0.1644400954246521,0.026807740330696106,0.14843229949474335,0.973548412322998,0.9526636600494385,3.110244870185852e-05,True,1.1465282440185547,4.293397068977356e-06
Grocery,42,6392,6642,45705,visual,1,0.4472135901451111,5,1,0.14642717688402968,0.8,0.9939231872558594,0.5939468145370483,0.007837772369384766,-0.013629555702209473,True,False,0.9801516532897949,0.9900758266448975,0.44407734274864197,0.9340980648994446,0.4754076302051544,0.7938515543937683,1.611977219581604,0.45210015773773193,0.20568203926086426,0.14503729343414307,True,1.6473397016525269,0.3099890351295471
Grocery,42,9087,8477,60808,text,2,0.2499999850988388,2,8,0.14642717688402968,1.0,0.968437910079956,0.6393808722496033,-0.001109004020690918,-0.09697216749191284,False,False,0.8898661732673645,0.9449330568313599,0.18203425407409668,0.33095282316207886,0.5500308275222778,0.021220427006483078,0.14244601130485535,0.9790031313896179,0.9711995720863342,7.994100451469421e-05,True,3.207939863204956,-0.00017052143812179565
Grocery,42,1087,1312,5444,text,1,0.117851123213768,12,6,0.14642717688402968,0.3333333333333333,0.9676991701126099,0.7188560962677002,0.0004227161407470703,0.08555734157562256,True,True,0.9283920526504517,0.9641960263252258,0.11757712811231613,1.091181993484497,0.10775207728147507,0.002333657816052437,0.021162159740924835,0.9976690411567688,0.996705949306488,1.0703690350055695e-05,True,1.0892800092697144,-4.519475623965263e-06
Grocery,42,5682,14822,128139,visual,4,0.08671100437641144,19,7,0.14642717688402968,0.21052631578947367,0.9848260879516602,0.5734861493110657,0.018987655639648438,-0.07462269067764282,True,False,0.9802432656288147,0.990121603012085,0.0455818735063076,0.8578570485115051,0.053134579211473465,0.048803627490997314,0.2557057738304138,0.9523681402206421,0.9210600852966309,-0.00010854005813598633,True,1.1611312627792358,-0.0006185919046401978
Grocery,42,3254,2909,13088,visual,4,0.7071067690849304,2,1,0.14642717688402968,1.0,0.9865000247955322,0.7145329117774963,0.003010988235473633,0.06113511323928833,True,True,0.9860702157020569,0.993035078048706,0.4418339729309082,0.8245981335639954,0.5358173251152039,0.01387039665132761,0.09432949870824814,0.9862253665924072,0.9795824289321899,0.0013194093480706215,True,4.316624164581299,-0.0008031884208321571
Grocery,42,6338,8145,57874,visual,3,0.0690065547823906,10,21,0.14642717688402968,0.4,0.988097071647644,0.6309232711791992,0.0028298497200012207,-0.04526263475418091,True,False,0.8903570175170898,0.9451785087585449,0.07144387811422348,0.8640978932380676,0.08268030732870102,0.0307998638600111,0.17686882615089417,0.9696696400642395,0.9530571699142456,-0.0009322352707386017,True,1.0546423196792603,-0.0006758738309144974
Grocery,42,9414,9604,74066,text,4,0.4999999701976776,2,2,0.14642717688402968,1.0,0.9778367280960083,0.9997390508651733,0.003525257110595703,0.25874292850494385,True,True,0.7669734358787537,0.8834867477416992,0.2150784283876419,0.4177590310573578,0.5148385167121887,0.47206658124923706,1.259830117225647,0.6237120032310486,0.4060616195201874,0.0017261803150177002,True,4.807886123657227,-0.00895601511001587
Grocery,42,11263,11077,92116,text,1,0.11470786482095718,4,19,0.14642717688402968,1.0,0.915598452091217,0.5315447449684143,-0.03546088933944702,-0.0489688515663147,False,False,0.6958422660827637,0.8479211330413818,0.11449017375707626,0.8178272843360901,0.1399931013584137,0.1382199227809906,0.5386626124382019,0.8709071278572083,0.7842769622802734,0.002373114228248596,True,1.137518048286438,0.004640787839889526
Grocery,42,3200,2161,9289,text,1,0.5773502588272095,1,3,0.14642717688402968,1.0,0.9927834272384644,0.7208572030067444,0.001954793930053711,-0.0037689805030822754,True,False,0.9560949802398682,0.9780474901199341,0.5748669505119324,0.5748669505119324,1.0,0.21219131350517273,0.8515560030937195,0.8088099360466003,0.7502655386924744,0.0006607174873352051,False,,
Grocery,42,12808,12183,103111,visual,3,0.05479966104030609,9,37,0.14642717688402968,0.4444444444444444,0.9836803078651428,0.7547639608383179,0.00611799955368042,0.0690842866897583,True,True,0.9847738742828369,0.9923869371414185,0.0718851163983345,0.9917223453521729,0.07248512655496597,0.021058660000562668,0.1291479766368866,0.9791615009307861,0.9649978876113892,0.0005286242812871933,True,1.048661708831787,0.0006021205335855484
Grocery,42,13691,13536,114952,visual,3,0.02344036102294922,26,70,0.14642717688402968,0.15384615384615385,0.986792802810669,0.6671455502510071,0.008923768997192383,0.02615731954574585,True,True,0.9783259630203247,0.9891629815101624,0.04307379946112633,1.011033058166504,0.042603749781847,0.030945153906941414,0.19264443218708038,0.9695287346839905,0.9569812417030334,0.000211251899600029,True,1.0252708196640015,9.488500654697418e-05
Grocery,42,9008,9049,67499,text,2,0.053452253341674805,7,50,0.14642717688402968,0.5714285714285714,0.9908561706542969,0.6064192652702332,0.01968061923980713,0.008526742458343506,True,True,0.9738118052482605,0.9869059324264526,0.08753328770399094,0.5412431359291077,0.16172637045383453,0.004689172375947237,0.03849446401000023,0.9953218102455139,0.9929345846176147,-5.220528692007065e-06,True,1.0831435918807983,-3.4407712519168854e-06
Grocery,42,4798,4309,23485,text,2,0.1259881556034088,1,63,0.14642717688402968,1.0,0.9762836694717407,0.8008242845535278,-0.0005970001220703125,0.08196192979812622,False,True,0.9375584125518799,0.9687792062759399,0.2096952646970749,0.2096952646970749,1.0,0.04894746094942093,0.3063361346721649,0.9522311687469482,0.9440014362335205,0.0003517232835292816,False,,
Grocery,42,12468,12351,104642,visual,2,0.3333333134651184,3,3,0.14642717688402968,1.0,0.9663282036781311,0.5780462622642517,-0.004427850246429443,-0.06490755081176758,False,False,0.9614704847335815,0.9807352423667908,0.34049439430236816,1.00072181224823,0.34024879336357117,0.24233056604862213,0.8975528478622437,0.7847967147827148,0.6917173862457275,0.0014172941446304321,True,1.4082483053207397,0.02309630811214447
Grocery,42,1859,1533,6364,visual,2,0.15430335700511932,7,6,0.14642717688402968,0.5714285714285714,0.9901828169822693,0.7501219511032104,0.009545743465423584,0.027060866355895996,True,True,0.9750097393989563,0.9875048398971558,0.1335938721895218,1.0432149171829224,0.1280597746372223,0.001893633627332747,0.017825298011302948,0.9981081485748291,0.997462809085846,9.51928086578846e-07,True,1.1596685647964478,4.521338269114494e-06
Grocery,42,14880,14644,126476,text,3,0.06933752447366714,8,26,0.14642717688402968,0.5,0.9890320301055908,0.6831501126289368,0.01010751724243164,-0.03625929355621338,True,False,0.9176104664802551,0.9588052034378052,0.07083209604024887,0.5423197746276855,0.13060946762561798,0.4503210186958313,1.059842586517334,0.6374235153198242,0.4022161662578583,-0.010298073291778564,True,1.1341415643692017,-0.0034783482551574707
Grocery,42,4196,4166,22161,visual,2,0.04138029366731644,4,146,0.14642717688402968,1.0,0.9928568005561829,0.6755015850067139,0.011784017086029053,0.045928895473480225,True,True,0.9250082969665527,0.9625041484832764,0.20098377764225006,0.9107785820960999,0.22067248821258545,0.003257209435105324,0.02847265638411045,0.9967480897903442,0.9956130385398865,5.251774564385414e-05,True,1.4856351613998413,0.00016526714898645878
Grocery,42,1543,1957,8247,visual,2,0.28867512941360474,3,4,0.14642717688402968,1.0,0.9899455904960632,0.9999999403953552,0.022665441036224365,0.21362149715423584,True,True,1.0,1.0,0.2206236571073532,0.7192285060882568,0.30675044655799866,0.04972836747765541,0.3091945946216583,0.9514878392219543,0.9409714937210083,0.009108595550060272,True,1.375,0.01039685308933258
Grocery,42,15939,15213,131866,text,4,0.7071067690849304,1,2,0.14642717688402968,1.0,0.9582138657569885,0.6125568151473999,-0.010385215282440186,-0.029917776584625244,False,False,0.9095208644866943,0.9547604322433472,0.4108453392982483,0.4108453392982483,1.0,0.042960286140441895,0.2564009130001068,0.9579494595527649,0.945022463798523,-3.4146010875701904e-05,False,,
Grocery,42,10844,11068,91955,visual,3,0.0425628237426281,12,46,0.14642717688402968,0.3333333333333333,0.9936621189117432,0.6266366839408875,0.015652894973754883,-0.00880211591720581,True,False,0.9658793210983276,0.9829396605491638,0.06243039667606354,0.7762461304664612,0.08042602986097336,0.0039747534319758415,0.03430580720305443,0.9960331320762634,0.9946685433387756,7.74129293859005e-05,True,1.062803864479065,6.732111796736717e-05
Grocery,42,4651,4477,26354,text,4,0.08908708393573761,9,14,0.14642717688402968,0.4444444444444444,0.9999095797538757,0.6856886744499207,0.03183013200759888,-0.013522565364837646,True,False,0.9993202686309814,0.9996601343154907,0.056829411536455154,0.5295672416687012,0.10731292515993118,0.19009731709957123,0.7488647103309631,0.8268786668777466,0.7403887510299683,0.0005182474851608276,True,1.1637558937072754,-0.00022132694721221924
Grocery,42,9525,10686,86367,visual,4,0.5773502588272095,3,1,0.14642717688402968,1.0,0.9852790236473083,0.6633479595184326,-0.0001729726791381836,0.01793617010116577,False,True,0.9861960411071777,0.9930980205535889,0.260520339012146,0.6447312235832214,0.40407589077949524,0.5801337957382202,0.9387789964675903,0.5598234534263611,0.17038235068321228,-0.07158493995666504,True,1.8208712339401245,0.025752007961273193
Grocery,42,13484,3130,14263,text,4,1.0,1,1,0.14642717688402968,1.0,0.8962622284889221,0.4538535475730896,0.0,0.0,True,True,0.8619534969329834,0.9309767484664917,1.0005372762680054,1.0005372762680054,1.0,0.8672371506690979,1.711608648300171,0.42011064291000366,0.2110818773508072,0.017909526824951172,False,,
Grocery,42,1391,11844,99839,text,4,0.05976143106818199,4,70,0.14642717688402968,1.0,0.9690870642662048,0.5400340557098389,-0.005450308322906494,-0.04834979772567749,False,False,0.8493859767913818,0.9246929883956909,0.09175616502761841,0.3870508372783661,0.2370648980140686,0.004140851553529501,0.035859573632478714,0.9958677291870117,0.9943525791168213,-5.579553544521332e-06,True,1.1190670728683472,-4.985835403203964e-06
Grocery,42,3616,13897,118737,visual,3,0.08980265259742737,4,31,0.14642717688402968,1.0,0.9834056496620178,0.6172483563423157,0.005170881748199463,0.0007355809211730957,True,True,0.9718989133834839,0.9859494566917419,0.1319001168012619,0.717731237411499,0.1837736815214157,0.06411469727754593,0.31063157320022583,0.9378974437713623,0.9022176861763,-0.00040706247091293335,True,1.1122052669525146,-0.00191517174243927
Grocery,42,4450,7851,55643,text,1,0.3535533845424652,1,8,0.14642717688402968,1.0,0.9546202421188354,0.6918524503707886,-0.006620526313781738,0.012978553771972656,False,True,0.940250813961029,0.9701254367828369,0.35278210043907166,0.35278210043907166,1.0,0.0517398826777935,0.23493914306163788,0.9495758414268494,0.9058271050453186,0.0051273927092552185,False,,
Grocery,42,5317,4514,26709,text,1,0.04065578430891037,11,55,0.14642717688402968,0.36363636363636365,0.9723541736602783,0.5460823774337769,-0.0020917654037475586,-0.03750896453857422,False,False,0.918624222278595,0.9593120813369751,0.04054107889533043,0.6308855414390564,0.06426059454679489,0.022208090871572495,0.1415339857339859,0.9780367016792297,0.9653079509735107,-0.0001321062445640564,True,1.057077407836914,-9.187683463096619e-05
Grocery,42,9422,8543,61524,visual,1,0.4999999701976776,2,2,0.14642717688402968,1.0,0.9955615401268005,0.7296465635299683,0.008034765720367432,0.11699342727661133,True,True,0.9884676337242126,0.9942338466644287,0.4971332848072052,0.5531294345855713,0.8987648487091064,0.008340763859450817,0.06381454318761826,0.991693913936615,0.9880093336105347,0.011224917136132717,True,7.928201675415039,0.007663668133318424
Grocery,42,12153,10949,90709,text,3,0.037904903292655945,8,87,0.14642717688402968,0.5,0.9421733617782593,0.750656008720398,-0.020658135414123535,0.003107428550720215,False,True,0.8666409254074097,0.9333204627037048,0.05700964108109474,0.5862054824829102,0.09725197404623032,0.0011247029760852456,0.011425595730543137,0.9988759160041809,0.9986469745635986,-4.762550815939903e-07,True,1.0653958320617676,-1.428881660103798e-06
Grocery,42,7909,6812,46748,text,3,0.12309148907661438,6,11,0.14642717688402968,0.6666666666666666,0.9624484777450562,0.6336904764175415,-0.017808496952056885,-0.03951263427734375,False,False,0.9534164667129517,0.9767082333564758,0.10634642839431763,0.5847609043121338,0.18186309933662415,0.005420273635536432,0.04293851926922798,0.994594395160675,0.9920966029167175,-4.031229764223099e-06,True,1.3572269678115845,8.773989975452423e-06
Grocery,42,13235,9924,77881,text,1,0.15430335700511932,6,7,0.14642717688402968,0.6666666666666666,0.9883972406387329,0.4161383807659149,0.005671679973602295,-0.09949102997779846,True,False,0.9575968384742737,0.9787983894348145,0.15398097038269043,0.5364395380020142,0.2870425581932068,3.081080436706543,0.23881684243679047,0.9478049278259277,0.90189528465271,0.012547016143798828,True,1.3604038953781128,0.028722524642944336
Grocery,42,8514,9760,76180,text,2,0.03806934878230095,10,69,0.14642717688402968,0.4,0.9752915501594543,0.5879971385002136,0.00404435396194458,-0.04545491933822632,True,False,0.9540907144546509,0.9770453572273254,0.05184578150510788,0.5711714625358582,0.09077095985412598,0.024947956204414368,0.15761570632457733,0.9753606915473938,0.9655157923698425,2.9414892196655273e-05,True,1.050865650177002,2.5229528546333313e-05
Grocery,42,13583,14263,122916,text,4,0.033058978617191315,15,61,0.14642717688402968,0.26666666666666666,0.9777365922927856,0.7759193778038025,0.0043642520904541016,0.11351650953292847,True,True,0.9368594288825989,0.968429684638977,0.05302724987268448,0.8556390404701233,0.06197385489940643,0.004109153989702463,0.0336230993270874,0.9958992600440979,0.9933631420135498,0.0,True,1.0382585525512695,-2.3748725652694702e-07
Grocery,42,13566,3482,16673,visual,4,0.2357022613286972,9,2,0.14642717688402968,0.4444444444444444,0.929354727268219,0.8553436398506165,-0.007158815860748291,0.13920938968658447,False,True,0.9968194961547852,0.9984097480773926,0.06780357658863068,0.6465871930122375,0.10486377775669098,0.7460725903511047,1.2835514545440674,0.47422540187835693,0.10211342573165894,-0.0094376802444458,True,1.2743358612060547,-0.008077502250671387
Grocery,42,9833,8545,61580,text,3,0.017960531637072563,100,31,0.14642717688402968,0.04,0.9913743734359741,0.47624674439430237,0.010648667812347412,-0.11372110247612,True,False,0.962116539478302,0.9810582399368286,0.016832906752824783,1.753195881843567,0.009601269848644733,0.006102618761360645,0.049058061093091965,0.9939159750938416,0.9919734001159668,8.886214345693588e-06,True,1.0082690715789795,2.3702159523963928e-07
Grocery,42,15362,5970,40521,visual,4,0.04932636395096779,3,137,0.14642717688402968,1.0,0.9761695265769958,0.9359534978866577,0.008538246154785156,0.2800105810165405,True,True,0.9985228776931763,0.9992614388465881,0.12627048790454865,0.45239943265914917,0.279112845659256,0.11198295652866364,0.49404841661453247,0.8940594792366028,0.8362408876419067,0.0001997128129005432,True,1.113020896911621,-0.0034640952944755554
Grocery,42,6375,2940,13233,text,1,0.2357022613286972,2,9,0.14642717688402968,1.0,0.982995331287384,0.808667778968811,0.007946789264678955,0.08982908725738525,True,True,0.9165569543838501,0.958278477191925,0.2355158030986786,0.2688073217868805,0.8761510252952576,1.5183879137039185,0.971001148223877,0.6694686412811279,0.4504038691520691,-0.02585732936859131,True,5.041451454162598,-0.22437632083892822
Grocery,42,2177,7669,54240,text,1,0.25819888710975647,5,3,0.14642717688402968,0.8,0.9773238301277161,0.7025031447410583,0.004802286624908447,-1.3768672943115234e-05,True,False,0.9315558671951294,0.9657779335975647,0.25762027502059937,0.8922126889228821,0.28874310851097107,0.06878498196601868,0.3317769765853882,0.933527410030365,0.8952972292900085,0.004473209381103516,True,1.3289191722869873,0.008756741881370544
Grocery,42,9129,8439,60278,text,3,0.06201736629009247,20,13,0.14642717688402968,0.2,0.9727895259857178,0.7376806139945984,-0.00333559513092041,0.086891770362854,False,True,0.9494489431381226,0.9747244715690613,0.04747210070490837,0.8718734979629517,0.05444838106632233,0.30094030499458313,1.0745763778686523,0.7401219606399536,0.6535084247589111,4.470348358154297e-07,True,1.0538862943649292,0.00017407536506652832
Grocery,42,6281,4445,25712,visual,2,0.133630633354187,7,8,0.14642717688402968,0.5714285714285714,0.9412776231765747,0.4169031083583832,-0.01706695556640625,-0.08960714936256409,False,False,0.9653570652008057,0.9826785326004028,0.1368151605129242,0.7843112945556641,0.17443987727165222,0.02176378108561039,0.1409243643283844,0.9784713387489319,0.96925950050354,-0.0008922498673200607,True,1.22603178024292,-0.0004317890852689743
Grocery,42,8110,7067,49046,visual,3,0.034020692110061646,48,18,0.14642717688402968,0.08333333333333333,0.9813913702964783,0.9680811762809753,0.00592416524887085,0.0010649561882019043,True,True,0.9993979930877686,0.9996989965438843,0.029502909630537033,1.2779133319854736,0.023086784407496452,0.6727508306503296,0.9389731287956238,0.5103029012680054,0.06354066729545593,0.015983998775482178,True,1.027760624885559,-0.0012706518173217773
Grocery,42,11907,11880,100291,text,1,0.20000000298023224,1,25,0.14642717688402968,1.0,0.9875348210334778,0.9621667265892029,0.004537999629974365,0.10318058729171753,True,True,0.9561675190925598,0.9780837297439575,0.1995519995689392,0.1995519995689392,1.0,0.018274277448654175,0.1161583662033081,0.9818916916847229,0.9720945954322815,0.0013682041317224503,False,,
Grocery,42,915,625,2699,visual,4,0.25819888710975647,5,3,0.14642717688402968,0.8,0.980004608631134,0.6714817881584167,-0.0067719221115112305,-0.11650007963180542,False,False,0.9765063524246216,0.9882531762123108,0.15254206955432892,0.7865456938743591,0.1939392387866974,0.002950959140434861,0.025846678763628006,0.9970533847808838,0.9956271648406982,-7.9756835475564e-05,True,1.508769154548645,0.0001278831623494625
Grocery,42,10374,10716,87103,visual,1,0.117851123213768,3,24,0.14642717688402968,1.0,0.9536715149879456,0.458963006734848,-0.017416834831237793,-0.10624256730079651,False,False,0.9667534232139587,0.9833767414093018,0.11697036027908325,0.337626576423645,0.3464488983154297,0.09741171449422836,0.4742633104324341,0.9071824550628662,0.864515483379364,0.018395155668258667,True,1.441738486289978,0.03183601051568985
Grocery,42,727,1129,4752,text,3,0.4472135901451111,1,5,0.14642717688402968,1.0,0.9993014335632324,0.6921782493591309,0.006315112113952637,0.02006739377975464,True,True,0.9978805780410767,0.9989402890205383,0.4724860191345215,0.4724860191345215,1.0,0.009533237665891647,0.07188647985458374,0.9905120730400085,0.9878723621368408,0.00017450470477342606,False,,
Grocery,42,11859,11575,97126,visual,2,0.05205792188644409,9,41,0.14642717688402968,0.4444444444444444,0.9896238446235657,0.4122515320777893,0.011694848537445068,-0.1885097622871399,True,False,0.9569982886314392,0.978499174118042,0.09015405178070068,0.7280969023704529,0.12382150441408157,0.006260901223868132,0.05209058150649071,0.9937586784362793,0.9923376441001892,0.0002904343418776989,True,1.0661404132843018,0.0002376129850745201
Grocery,42,11414,11068,91976,visual,2,0.07372097671031952,4,46,0.14642717688402968,1.0,0.9597364664077759,0.8483542799949646,-0.010766565799713135,0.12865376472473145,False,True,0.9956263303756714,0.9978131651878357,0.13679683208465576,0.5595883131027222,0.24445977807044983,0.07421848922967911,0.29145118594169617,0.9284688234329224,0.8630695939064026,0.0217491015791893,True,1.2265911102294922,0.012953869998455048
Grocery,42,12074,11516,96591,text,4,0.09534625709056854,10,11,0.14642717688402968,0.4,0.9757344722747803,0.4887937307357788,0.004488468170166016,-0.07845240831375122,True,False,0.9176028966903687,0.9588014483451843,0.06687873601913452,0.7060865759849548,0.09471747279167175,0.004986706655472517,0.04207805171608925,0.9950256943702698,0.9937390089035034,9.607523679733276e-06,True,1.1180895566940308,-1.7792917788028717e-06
Grocery,42,2192,12097,102115,text,1,0.0857492983341217,2,68,0.14642717688402968,1.0,0.960150420665741,0.5756139755249023,0.0025084614753723145,-0.07010209560394287,True,False,0.8074150085449219,0.9037075042724609,0.08578107506036758,0.31305360794067383,0.27401402592658997,3.0579681396484375,1.0690401792526245,0.6388250589370728,0.38881152868270874,-0.0005185604095458984,True,1.3208444118499756,0.009532690048217773
Grocery,42,5414,6273,42931,text,1,0.06415003538131714,9,27,0.14642717688402968,0.4444444444444444,0.9867355823516846,0.5293242931365967,0.009397387504577637,-0.048890113830566406,True,False,0.9274215698242188,0.9637107849121094,0.06409730017185211,0.5178632140159607,0.12377264350652695,0.0006501944735646248,0.007052482105791569,0.9993500113487244,0.9992013573646545,6.552203558385372e-06,True,1.1153336763381958,4.526984412223101e-06
Grocery,42,11038,11037,91676,visual,1,0.12309148907661438,6,11,0.14642717688402968,0.6666666666666666,0.9960458278656006,0.4421353340148926,0.013931810855865479,-0.13081538677215576,True,False,0.9271007776260376,0.9635503888130188,0.12226751446723938,0.5388210415840149,0.22691674530506134,0.0037327392492443323,0.03280629217624664,0.9962742328643799,0.995305597782135,-4.014349542558193e-05,True,1.2594878673553467,3.182864747941494e-05
Grocery,42,11112,13897,118743,visual,4,0.04233337938785553,18,31,0.14642717688402968,0.2222222222222222,0.9858185052871704,0.5192809700965881,0.0043999552726745605,-0.09393143653869629,True,False,0.9700052738189697,0.9850026369094849,0.06696823984384537,1.1130225658416748,0.060167908668518066,0.007813367061316967,0.06199413537979126,0.9922170639038086,0.9901458024978638,-0.00012408476322889328,True,1.0350439548492432,-8.563930168747902e-05
Grocery,42,14589,14164,121736,text,3,0.10540925711393356,10,9,0.14642717688402968,0.4,0.9816344380378723,0.65121990442276,0.01022249460220337,-0.07675564289093018,True,False,0.9332858920097351,0.9666429758071899,0.06685144454240799,0.6113963723182678,0.10934223234653473,1.2694706916809082,1.2079719305038452,0.5699398517608643,0.2889595627784729,0.02509593963623047,True,1.1548696756362915,0.04033064842224121
Grocery,42,7094,13227,111535,text,2,0.030344855040311813,6,181,0.14642717688402968,0.6666666666666666,0.9232019186019897,0.45110875368118286,-0.03540647029876709,-0.08362627029418945,False,False,0.7041871547698975,0.8520935773849487,0.12810270488262177,0.9764654636383057,0.1311902105808258,0.016029303893446922,0.10633492469787598,0.984098494052887,0.9772248864173889,-6.2175095081329346e-06,True,1.2046103477478027,3.824196755886078e-05
Grocery,42,4944,9736,75757,visual,3,0.02942449413239956,11,105,0.14642717688402968,0.36363636363636365,0.9129101037979126,0.5258024334907532,-0.04662036895751953,-0.05610334873199463,False,False,0.9772214889526367,0.9886107444763184,0.04972545802593231,0.5527809858322144,0.08995508402585983,0.08443893492221832,0.4174087941646576,0.9190278053283691,0.8854063749313354,-0.000632457435131073,True,1.0672320127487183,-0.0010584443807601929
Grocery,42,8340,10504,84463,text,1,0.2182178944349289,3,7,0.14642717688402968,1.0,0.9628605246543884,0.7572285532951355,-0.007927894592285156,0.0887947678565979,False,True,0.8997975587844849,0.9498987793922424,0.21738609671592712,0.48716869950294495,0.4462234377861023,0.007060340140014887,0.058099620044231415,0.992964506149292,0.9912894368171692,0.0004009595140814781,True,1.711515188217163,0.00025813328102231026
Grocery,42,7533,6426,43945,visual,1,0.3333333134651184,3,3,0.14642717688402968,1.0,0.9903883337974548,0.9095214605331421,0.014416158199310303,0.17261767387390137,True,True,0.9955868124961853,0.997793436050415,0.33152371644973755,0.5821102261543274,0.5695205330848694,2.7275118827819824,1.5612677335739136,0.42209067940711975,0.21334926784038544,0.32930469512939453,True,2.1285295486450195,0.29485511779785156
Grocery,42,15,10014,78807,text,2,0.15430335700511932,6,7,0.14642717688402968,0.6666666666666666,0.9664304256439209,0.8483432531356812,-0.005161643028259277,0.1783730387687683,False,True,0.890781044960022,0.945390522480011,0.08840567618608475,0.5228254795074463,0.16909213364124298,1.5848381519317627,1.3096177577972412,0.559731662273407,0.35475069284439087,-0.004460573196411133,True,1.27665376663208,0.004033207893371582
Grocery,42,13413,14055,120455,visual,2,0.08703882247209549,6,22,0.14642717688402968,0.6666666666666666,0.9888408184051514,0.6957869529724121,0.015503764152526855,0.024747490882873535,True,True,0.9775316715240479,0.9887658357620239,0.0982893705368042,0.5681968331336975,0.17298471927642822,0.07481411099433899,0.29993852972984314,0.9279159307479858,0.8630111813545227,0.0017609000205993652,True,1.186496615409851,-0.0002697184681892395
Grocery,42,5445,5798,38725,visual,1,0.046423833817243576,16,29,0.14642717688402968,0.25,0.9741724133491516,0.6310673952102661,0.003133118152618408,0.006210207939147949,True,True,0.9645472764968872,0.9822736382484436,0.04614407941699028,0.7547140121459961,0.06114114448428154,0.020165080204606056,0.1356046497821808,0.9800368547439575,0.9717500805854797,-0.00022562406957149506,True,1.0578430891036987,-0.0003643408417701721
Grocery,42,644,1146,4809,text,1,0.17407765984535217,3,11,0.14642717688402968,1.0,0.9844078421592712,0.4352169334888458,-0.00016289949417114258,-0.14050725102424622,False,False,0.8406985998153687,0.9203492999076843,0.17383190989494324,0.6250005960464478,0.27813079953193665,0.4561105966567993,1.0046777725219727,0.6337437629699707,0.3578052520751953,0.021329253911972046,True,1.33197021484375,0.01182904839515686
Grocery,42,5357,3172,14499,visual,4,0.20412413775920868,4,6,0.14642717688402968,1.0,0.9989739656448364,0.6004517078399658,0.019872605800628662,-0.01955878734588623,True,False,0.95823073387146,0.97911536693573,0.1187969297170639,0.4633183181285858,0.2564045488834381,0.171884685754776,0.6169273853302002,0.8420762419700623,0.7406533360481262,0.0016710907220840454,True,1.6453126668930054,-0.0004017055034637451
Grocery,42,7753,4029,21560,visual,2,0.0657951682806015,1,231,0.14642717688402968,1.0,0.9096286296844482,0.6607770919799805,-0.028956174850463867,0.019588589668273926,False,True,0.8691309690475464,0.9345654845237732,0.49461594223976135,0.49461594223976135,1.0,0.01210580300539732,0.08895110338926315,0.9879671931266785,0.9838292598724365,-0.0006846245378255844,False,,
Grocery,42,8513,3835,18888,visual,3,0.12598817050457,9,7,0.14642717688402968,0.4444444444444444,0.9726647734642029,0.46863728761672974,0.0054836273193359375,-0.08402174711227417,True,False,0.9763203263282776,0.9881601333618164,0.07543563842773438,0.6770612001419067,0.1114162802696228,1.0906274318695068,1.5803602933883667,0.3360055983066559,0.06199836730957031,-0.003674745559692383,True,1.1823296546936035,-0.029897093772888184
Grocery,42,6715,7167,50054,visual,2,0.16903086006641388,7,5,0.14642717688402968,0.5714285714285714,0.9460387825965881,0.5235294103622437,-0.01223844289779663,-0.030497431755065918,False,False,0.9834834337234497,0.9917417168617249,0.09574713557958603,0.7013764381408691,0.13651318848133087,0.01283938903361559,0.08255773037672043,0.9872426986694336,0.9777970314025879,-0.0006878906860947609,True,1.4546782970428467,-0.0006645722314715385
Grocery,42,5872,4478,26375,text,1,0.05270462483167648,12,30,0.14642717688402968,0.3333333333333333,0.9928978085517883,0.5977559685707092,0.010703980922698975,-0.03492778539657593,True,False,0.9405332803726196,0.9702666401863098,0.052594415843486786,0.6368162035942078,0.08258963376283646,0.0030573313124477863,0.025392858311533928,0.9969473481178284,0.9950587749481201,3.446592018008232e-06,True,1.0743554830551147,3.3278483897447586e-06
Grocery,42,16075,16253,137272,visual,2,0.10101526230573654,7,14,0.14642717688402968,0.5714285714285714,0.9921518564224243,0.8243240118026733,0.009148836135864258,0.18363219499588013,True,True,0.9607357382774353,0.98036789894104,0.10499930381774902,0.671276330947876,0.15641741454601288,0.4146958291530609,1.0079666376113892,0.6605411767959595,0.4222276210784912,0.006596207618713379,True,1.1449090242385864,0.001332312822341919
Grocery,42,11859,12151,102770,text,4,0.06804138422012329,9,24,0.14642717688402968,0.4444444444444444,0.9912126064300537,0.5699537992477417,0.01741856336593628,-0.08340489864349365,True,False,0.9232274889945984,0.9616137742996216,0.0677076056599617,0.6858518719673157,0.09872045367956161,0.006260901223868132,0.05209058150649071,0.9937586784362793,0.9923376441001892,6.278511136770248e-06,True,1.0882395505905151,1.8952414393424988e-06
Grocery,42,4427,4425,25653,visual,2,0.28867512941360474,4,3,0.14642717688402968,1.0,0.9902918934822083,0.9354488849639893,0.014097094535827637,0.18293166160583496,True,True,0.9956092834472656,0.9978046417236328,0.26552483439445496,0.7969028949737549,0.3331959843635559,0.020682383328676224,0.12382172048091888,0.9795300364494324,0.9645775556564331,-0.002858852967619896,True,1.3417985439300537,-0.0009929127991199493
Grocery,42,15607,2943,13255,visual,2,0.09622504562139511,27,4,0.14642717688402968,0.14814814814814814,0.9263132810592651,0.5251443386077881,-0.03181350231170654,-0.032935500144958496,False,False,0.9088844656944275,0.9544422626495361,0.03183538466691971,1.2843036651611328,0.02478805184364319,0.019351264461874962,0.12499386817216873,0.9808347821235657,0.9706210494041443,0.0004163980484008789,True,1.0456912517547607,-7.401593029499054e-05
Grocery,42,16899,16612,139199,text,1,0.13608276844024658,6,9,0.14642717688402968,0.6666666666666666,0.986727237701416,0.6883858442306519,0.016694068908691406,-0.0025310516357421875,True,False,0.9333979487419128,0.9666990041732788,0.13536778092384338,0.9449059963226318,0.14326058328151703,0.007974926382303238,0.06211673095822334,0.9920567870140076,0.988987147808075,0.0004029572010040283,True,1.1490018367767334,7.320195436477661e-05
Grocery,42,3089,2135,9142,visual,4,0.18257418274879456,6,5,0.14642717688402968,0.6666666666666666,0.971619725227356,0.6090593338012695,-0.005950570106506348,-0.052686095237731934,False,False,0.9868260622024536,0.9934130311012268,0.17181876301765442,0.8844375014305115,0.19426897168159485,0.007455738261342049,0.054153114557266235,0.992572009563446,0.9877293705940247,0.0003772638738155365,True,1.233368158340454,7.028179243206978e-05
Grocery,42,10731,9779,76346,visual,2,0.1178511306643486,8,9,0.14642717688402968,0.5,0.9835132956504822,0.682414710521698,0.010677576065063477,-0.03754812479019165,True,False,0.9894082546234131,0.9947041273117065,0.09132517874240875,0.6542186141014099,0.13959428668022156,0.0537806898355484,0.3010680079460144,0.9476398825645447,0.9284390807151794,0.0005347579717636108,True,1.1860570907592773,-0.002013072371482849
Grocery,42,3233,16152,136758,text,3,0.09622504562139511,12,9,0.14642717688402968,0.3333333333333333,0.9718098044395447,0.6811916828155518,0.006322205066680908,0.037618279457092285,True,True,0.9008716940879822,0.9504358768463135,0.07476039975881577,0.8293542861938477,0.09014289826154709,1.9680380821228027,1.2408645153045654,0.43841609358787537,0.0668129026889801,-0.008012175559997559,True,1.1031954288482666,0.0015604496002197266
Grocery,42,8101,6527,44724,visual,2,0.0800640732049942,12,13,0.14642717688402968,0.3333333333333333,0.9948225021362305,0.8472417593002319,0.017922401428222656,0.1919642686843872,True,True,0.9901769161224365,0.9950884580612183,0.0747096836566925,0.9070819020271301,0.08236266672611237,0.02934984676539898,0.1525944173336029,0.9710766673088074,0.9473804235458374,0.00042452290654182434,True,1.0767104625701904,0.0007477700710296631
Grocery,42,9784,4372,24929,text,1,0.04879499971866608,5,84,0.14642717688402968,0.8,0.9831767678260803,0.6245408058166504,0.022214949131011963,0.007175862789154053,True,True,0.9338195323944092,0.9669097661972046,0.048652488738298416,0.546168863773346,0.08907957375049591,0.26233553886413574,0.9004663228988647,0.7692528963088989,0.6832159161567688,-0.006688445806503296,True,1.079632043838501,-0.016170307993888855
Grocery,42,16842,4340,23993,visual,3,0.7071067690849304,1,2,0.14642717688402968,1.0,0.9797740578651428,0.7333710789680481,0.0031242966651916504,0.025820791721343994,True,True,0.9931585192680359,0.9965792894363403,0.5445245504379272,0.5445245504379272,1.0,1.1539827585220337,1.5694146156311035,0.430292546749115,0.11491435766220093,0.2790486812591553,False,,
Grocery,42,9002,8737,64053,text,3,0.25,1,16,0.14642717688402968,1.0,0.9320216774940491,0.725010335445404,-0.0117453932762146,0.03265327215194702,False,True,0.8044759035110474,0.9022379517555237,0.2287512868642807,0.2287512868642807,1.0,0.025551456958055496,0.1466553956270218,0.9747722148895264,0.9564650654792786,0.000499427318572998,False,,
Grocery,42,9828,4456,25999,text,1,0.12803687155246735,1,61,0.14642717688402968,1.0,0.9607041478157043,0.6022318601608276,-0.0013550519943237305,-0.04348909854888916,False,False,0.9529884457588196,0.9764941930770874,0.12729869782924652,0.12729869782924652,1.0,0.5979208946228027,1.6057928800582886,0.5499538779258728,0.4313989281654358,0.0008829236030578613,False,,
Grocery,42,3327,6933,47755,visual,3,0.37796449661254883,1,7,0.14642717688402968,1.0,0.9910525679588318,0.5957386493682861,0.009890437126159668,0.006943464279174805,True,True,0.9788025617599487,0.9894012808799744,0.38498708605766296,0.38498708605766296,1.0,0.29434117674827576,0.937828779220581,0.7450222373008728,0.6152554750442505,0.08308002352714539,False,,
Grocery,42,15914,15342,132591,text,2,0.25,4,4,0.14642717688402968,1.0,0.9884436130523682,0.813846230506897,0.0141221284866333,0.24005627632141113,True,True,0.933131992816925,0.9665659666061401,0.22776135802268982,0.7735171318054199,0.29444900155067444,0.5995752215385437,1.019300103187561,0.5490447878837585,0.17185911536216736,0.00011736154556274414,True,1.3918057680130005,-0.0013663172721862793
Grocery,42,10231,4351,24262,visual,3,0.10101526230573654,7,14,0.14642717688402968,0.5714285714285714,0.9612693786621094,0.6497692465782166,0.0014873743057250977,0.04861193895339966,True,True,0.9624753594398499,0.9812376499176025,0.08367355912923813,0.5702569484710693,0.14672957360744476,0.12716637551784515,0.5894502401351929,0.8805871605873108,0.8383646607398987,0.0004557967185974121,True,1.2110332250595093,-0.002270340919494629
Grocery,42,15332,2412,10525,visual,4,0.0833333358168602,9,16,0.14642717688402968,0.4444444444444444,0.9558812975883484,0.6326978802680969,-0.009359180927276611,0.017715036869049072,False,True,0.9847128391265869,0.9923564195632935,0.07533124834299088,0.6513888239860535,0.11564712971448898,0.010521536692976952,0.08038207143545151,0.9895336031913757,0.9867302775382996,-7.90320336818695e-06,True,1.144044041633606,-2.135150134563446e-05
Grocery,42,15877,15118,131352,visual,3,0.3535533845424652,4,2,0.14642717688402968,1.0,0.9250150322914124,0.3730641305446625,-0.014726221561431885,-0.09705415368080139,False,False,0.9729077816009521,0.9864538908004761,0.29512786865234375,1.0979936122894287,0.26878833770751953,0.2104240506887436,0.6200613379478455,0.8102405667304993,0.6584972739219666,0.014734014868736267,True,1.3095295429229736,0.009085804224014282
Grocery,42,16714,3803,18743,visual,3,0.40824827551841736,2,3,0.14642717688402968,1.0,0.9740067720413208,0.47279417514801025,0.0012165307998657227,-0.02985072135925293,True,False,0.9509806632995605,0.9754903316497803,0.25930580496788025,0.5283337235450745,0.49079927802085876,0.5229642391204834,1.5576536655426025,0.5927608609199524,0.49579763412475586,0.12105381488800049,True,2.0,0.02309662103652954
Grocery,42,12523,12976,108871,text,1,0.28867512941360474,3,4,0.14642717688402968,1.0,0.9915498495101929,0.7194263935089111,0.008186697959899902,0.005697846412658691,True,True,0.9877309799194336,0.9938654899597168,0.2874184548854828,0.6388891935348511,0.44987213611602783,0.08836048096418381,0.34394970536231995,0.9154308438301086,0.8414013981819153,0.005149774253368378,True,1.721687912940979,0.00490579754114151
Grocery,42,6003,3535,16940,visual,1,0.05360562726855278,4,87,0.14642717688402968,1.0,0.9744799733161926,0.5183483362197876,-0.000891268253326416,-0.020098447799682617,False,False,0.9659857749938965,0.9829928874969482,0.05332226678729057,0.33947959542274475,0.1570706069469452,0.010844463482499123,0.0744834765791893,0.9892141222953796,0.9842201471328735,-0.0005651311948895454,True,1.158598780632019,-0.0014923736453056335
Grocery,42,11859,11575,97126,text,2,0.05205792188644409,9,41,0.14642717688402968,0.4444444444444444,0.9896238446235657,0.4122515320777893,0.011694848537445068,-0.1885097622871399,True,False,0.944913923740387,0.9724569320678711,0.08949179947376251,0.7097232937812805,0.12609392404556274,0.006260901223868132,0.05209058150649071,0.9937586784362793,0.9923376441001892,5.923211574554443e-06,True,1.0661404132843018,1.0658986866474152e-06
Grocery,42,1889,1480,6158,text,3,0.15430335700511932,6,7,0.14642717688402968,0.6666666666666666,0.9617123603820801,0.9165874123573303,0.006981372833251953,0.21153980493545532,True,True,0.9368793964385986,0.9684396982192993,0.13146695494651794,0.8350509405136108,0.1574358493089676,0.007076083682477474,0.05192483961582184,0.9929488897323608,0.9882345199584961,0.00025860220193862915,True,1.202445387840271,4.805624485015869e-05
Grocery,42,13461,14610,126098,text,1,0.0833333358168602,8,18,0.14642717688402968,0.5,0.9852458834648132,0.7306402921676636,0.01749366521835327,0.06786221265792847,True,True,0.9216991662979126,0.9608495831489563,0.08326835185289383,0.4154876470565796,0.2004111409187317,0.10399245470762253,0.49325403571128845,0.901232123374939,0.8564355373382568,0.002652488648891449,True,1.2059541940689087,0.002023637294769287
Grocery,42,7934,8249,58465,text,2,0.07624928653240204,43,4,0.14642717688402968,0.09302325581395349,0.968014657497406,0.7259157299995422,4.082918167114258e-05,-0.023227035999298096,True,False,0.9419383406639099,0.9709692001342773,0.028188591822981834,1.4767930507659912,0.01908770576119423,0.00378606328740716,0.03237101435661316,0.9962210655212402,0.9950416088104248,-1.1874362826347351e-07,True,1.0316970348358154,-7.124617695808411e-07
Grocery,42,10556,10102,79745,text,3,0.026324907317757607,39,37,0.14642717688402968,0.10256410256410256,0.9835116863250732,0.8842875957489014,0.00719529390335083,0.20046013593673706,True,True,0.9593026041984558,0.9796513319015503,0.02685166336596012,1.168944239616394,0.02297086827456951,0.01577669568359852,0.10766329616308212,0.9843471050262451,0.9773118495941162,7.251463830471039e-05,True,1.0165290832519531,2.9921531677246094e-05
Grocery,42,7976,15752,134808,visual,3,0.0980580672621727,13,8,0.14642717688402968,0.3076923076923077,0.9568769335746765,0.6737434267997742,-0.0031982064247131348,0.0004776120185852051,False,True,0.9820263385772705,0.9910131692886353,0.08572535216808319,1.0971037149429321,0.07813787460327148,0.8067504167556763,0.7604988813400269,0.5438631772994995,0.09755715727806091,-0.009438276290893555,True,1.0794870853424072,0.0010546445846557617
Grocery,42,8855,8379,59549,visual,2,0.1386750489473343,2,26,0.14642717688402968,1.0,0.9824769496917725,0.5415940880775452,0.013952970504760742,0.021059930324554443,True,True,0.9796558022499084,0.9898278713226318,0.19126074016094208,0.38084539771080017,0.5022004842758179,0.016656851395964622,0.11570075154304504,0.9834811091423035,0.9760614633560181,0.0020497161895036697,True,1.6504435539245605,0.0006713252514600754
Grocery,42,14719,14002,119842,visual,3,0.0261981263756752,31,47,0.14642717688402968,0.12903225806451613,0.9712965488433838,0.737674355506897,-0.0005147457122802734,0.1409287452697754,False,True,0.9924203157424927,0.9962101578712463,0.0356801375746727,1.0639824867248535,0.033534515649080276,0.006219082046300173,0.05020242929458618,0.9938002228736877,0.9913952946662903,1.3386830687522888e-05,True,1.0255975723266602,-2.6063062250614166e-06
Grocery,42,924,1752,7463,text,3,0.2499999850988388,2,8,0.14642717688402968,1.0,0.9842873215675354,0.671478807926178,0.01659148931503296,-0.021684467792510986,True,False,0.9312517046928406,0.9656258821487427,0.20343372225761414,0.37826061248779297,0.537813663482666,0.1275620460510254,0.5100659728050232,0.8802388310432434,0.8031405210494995,0.004937663674354553,True,2.274754762649536,-0.005128704011440277
Grocery,42,3456,9845,77054,visual,4,0.0182482972741127,77,39,0.14642717688402968,0.05194805194805195,0.9865996837615967,0.5834991335868835,0.008548617362976074,-0.04229867458343506,True,False,0.987656831741333,0.9938284158706665,0.02330775000154972,1.8717721700668335,0.012452236376702785,2.0048742294311523,0.6317176818847656,0.8235694169998169,0.6888921856880188,-0.0029745101928710938,True,1.008193850517273,-0.002758502960205078
Grocery,42,13218,13219,111425,text,4,0.117851123213768,12,6,0.14642717688402968,0.3333333333333333,0.983203649520874,0.4929191768169403,0.00023412704467773438,-0.09864124655723572,True,False,0.970474898815155,0.9852374792098999,0.06648147851228714,0.7197975516319275,0.09236135333776474,0.0478220097720623,0.22077617049217224,0.9533034563064575,0.9125996232032776,-1.2952834367752075e-05,True,1.1162550449371338,7.972121238708496e-07
Grocery,42,7182,6542,44800,text,2,0.4472135901451111,1,5,0.14642717688402968,1.0,0.9518325328826904,0.9713778495788574,-0.0012131929397583008,0.14642655849456787,False,True,0.9540444016456604,0.9770221710205078,0.8366269469261169,0.8366269469261169,1.0,0.22343933582305908,0.6881592869758606,0.7997633814811707,0.6601196527481079,0.012680888175964355,False,,
Grocery,42,9832,8524,61343,text,1,0.06950480490922928,9,23,0.14642717688402968,0.4444444444444444,0.9675067067146301,0.5829404592514038,0.006374657154083252,-0.047250986099243164,True,False,0.9460285902023315,0.9730142951011658,0.06950666755437851,0.7691483497619629,0.09036835283041,0.058793798089027405,0.2930145859718323,0.9429011940956116,0.9088097810745239,0.0004249066114425659,True,1.0832442045211792,-0.00025709718465805054
Grocery,42,6082,4476,26341,visual,1,0.05129891633987427,10,38,0.14642717688402968,0.4,0.8996578454971313,0.6931234002113342,-0.05018186569213867,0.03178673982620239,False,True,0.9903667569160461,0.9951833486557007,0.05102752521634102,0.671312153339386,0.07601162046194077,0.048105280846357346,0.25838351249694824,0.953033447265625,0.9247417449951172,0.00018119439482688904,True,1.0717605352401733,-0.0010139159858226776
Grocery,42,3226,13158,110587,text,3,0.015819299966096878,111,36,0.14642717688402968,0.036036036036036036,0.9747977256774902,0.594952404499054,0.012160301208496094,-0.017396509647369385,True,False,0.90162593126297,0.9508129358291626,0.016253972426056862,2.022848129272461,0.008035191334784031,1.2689250707626343,1.4519269466400146,0.46835416555404663,0.1872205138206482,0.00046575069427490234,True,1.0052735805511475,-0.00015795230865478516
Grocery,42,5500,3788,18447,visual,4,0.036711156368255615,2,371,0.14642717688402968,1.0,0.9699994325637817,0.6493715643882751,-0.004649043083190918,0.033654868602752686,False,True,0.9515084624290466,0.9757542610168457,0.2961563766002655,0.5291119813919067,0.559723436832428,0.27382248640060425,0.7820836305618286,0.7604670524597168,0.5719031691551208,0.05557060241699219,True,1.2489871978759766,0.057674020528793335
Grocery,42,14573,15034,130804,visual,3,0.03009646199643612,6,184,0.14642717688402968,0.6666666666666666,0.9779802560806274,0.6445059776306152,0.005144953727722168,-0.014622211456298828,True,False,0.9863036870956421,0.993151843547821,0.08041750639677048,0.5393856167793274,0.1490909308195114,0.7659417390823364,1.1302998065948486,0.46489593386650085,0.03251761198043823,0.0035344958305358887,True,1.072708010673523,0.0006652474403381348
Grocery,42,5442,4671,28926,visual,4,0.22360679507255554,2,10,0.14642717688402968,1.0,0.9933875203132629,0.7456053495407104,0.010158836841583252,0.05412435531616211,True,True,0.9733319282531738,0.9866659641265869,0.17922498285770416,0.33954721689224243,0.5278352499008179,0.0035622967407107353,0.030959222465753555,0.996444046497345,0.9949988126754761,0.0001630790065973997,True,4.082207202911377,0.0005995677784085274
Grocery,42,9493,10332,82586,text,2,0.03934447467327118,34,19,0.14642717688402968,0.11764705882352941,0.9552007913589478,0.69048011302948,-0.012940406799316406,0.03574550151824951,False,True,0.9137541055679321,0.9568770527839661,0.04112915322184563,1.3087782859802246,0.031425606459379196,0.13684773445129395,0.5496359467506409,0.8721030354499817,0.7946876883506775,0.0004087984561920166,True,1.016916275024414,0.00030174851417541504
Grocery,42,9581,7684,54299,visual,2,0.235702246427536,3,6,0.14642717688402968,1.0,0.9753264784812927,0.5065867304801941,-0.00028055906295776367,-0.04373401403427124,False,False,0.9844101071357727,0.992205023765564,0.19932645559310913,0.5655713677406311,0.3524337708950043,0.34878620505332947,0.8982083797454834,0.7055439352989197,0.48773878812789917,0.009252190589904785,True,1.4458703994750977,0.016768157482147217
Grocery,42,16606,15336,132555,visual,4,0.06900654733181,35,6,0.14642717688402968,0.11428571428571428,0.999237060546875,0.6412791013717651,0.021506547927856445,0.04825162887573242,True,True,0.9786725044250488,0.9893362522125244,0.03952181339263916,1.3770289421081543,0.02870078571140766,0.09017646312713623,0.3960081934928894,0.9137699007987976,0.8713503479957581,-0.001386985182762146,True,1.0343362092971802,-0.0004832148551940918
Grocery,42,7292,12300,104139,visual,1,0.07580979913473129,6,29,0.14642717688402968,0.6666666666666666,0.9859557151794434,0.9763264656066895,0.010637879371643066,0.03439974784851074,True,True,0.9995800852775574,0.9997900724411011,0.07529731094837189,0.41427120566368103,0.18175849318504333,3.1296684741973877,0.5429233312606812,0.8931857943534851,0.8494535088539124,-0.029828548431396484,True,1.2220349311828613,-0.002095460891723633
Grocery,42,496,1070,4496,visual,3,0.10101526230573654,7,14,0.14642717688402968,0.5714285714285714,0.9895415306091309,0.9596895575523376,-0.00060272216796875,0.04423600435256958,False,True,0.9984687566757202,0.9992343783378601,0.12614992260932922,0.8928961157798767,0.14128175377845764,0.0019116000039502978,0.017887765541672707,0.9980902075767517,0.9973261952400208,-6.579898763448e-05,True,1.1348917484283447,-1.035141758620739e-05
Grocery,42,701,16952,141291,text,4,0.07647190988063812,19,9,0.14642717688402968,0.21052631578947367,0.981211245059967,0.67043137550354,0.0012189745903015137,-0.02879488468170166,True,False,0.7714755535125732,0.8857377767562866,0.06323640793561935,1.52455735206604,0.041478537023067474,0.0021280040964484215,0.020423682406544685,0.9978742599487305,0.9975268840789795,-1.0705552995204926e-06,True,1.036544919013977,-1.6652047634124756e-06
Grocery,42,5381,4557,27246,visual,3,0.01601281575858593,15,260,0.14642717688402968,0.26666666666666666,0.9849145412445068,0.6231623291969299,0.009789586067199707,-0.010898053646087646,True,False,0.9806100130081177,0.9903050065040588,0.04674697667360306,0.7031715512275696,0.06648018956184387,0.06911711394786835,0.349859356880188,0.9332174062728882,0.9021546840667725,0.0016724392771720886,True,1.0292922258377075,0.0009662806987762451
Grocery,42,15362,16484,138489,visual,1,0.2182178944349289,3,7,0.14642717688402968,1.0,0.9714115858078003,0.6465590596199036,-0.0052874088287353516,-0.045715272426605225,False,False,0.9856610298156738,0.9928305149078369,0.21715424954891205,0.44679099321365356,0.4860309362411499,0.11198295652866364,0.49404841661453247,0.8940594792366028,0.8362408876419067,0.1235729455947876,True,1.815632939338684,0.00917726755142212
Grocery,42,8743,9963,78261,text,1,0.3535533845424652,2,4,0.14642717688402968,1.0,0.9142245054244995,0.6717333793640137,-0.029932618141174316,0.029233694076538086,False,True,0.9085735082626343,0.9542867541313171,0.35163024067878723,0.6062653064727783,0.5799940228462219,0.24282796680927277,0.683070719242096,0.7844064235687256,0.6098883152008057,0.018417075276374817,True,2.1180338859558105,-8.976459503173828e-05
Grocery,42,8264,6533,44752,visual,3,0.14907120168209076,5,9,0.14642717688402968,0.8,0.9971458315849304,0.8917322754859924,0.01368945837020874,0.1872725486755371,True,True,0.9928075075149536,0.9964037537574768,0.16556859016418457,0.7479884028434753,0.22135181725025177,0.13455407321453094,0.4117814004421234,0.8741056323051453,0.7534435987472534,-0.012240871787071228,True,1.2423417568206787,-0.001588568091392517
Grocery,42,4041,8864,65589,visual,2,0.19245009124279022,3,9,0.14642717688402968,1.0,0.9682483673095703,0.6705158948898315,-0.0046558380126953125,0.07610070705413818,False,True,0.9805222153663635,0.9902610778808594,0.12316206842660904,0.5230270028114319,0.23547936975955963,0.5209377408027649,1.341403603553772,0.5939633250236511,0.36440566182136536,0.013408005237579346,True,1.3640515804290771,0.049056947231292725
Grocery,42,5582,8821,65019,text,3,0.10721125453710556,1,87,0.14642717688402968,1.0,0.9844865202903748,0.5049859881401062,0.006334125995635986,0.005958646535873413,True,True,0.9132497310638428,0.9566248655319214,0.1396137773990631,0.1396137773990631,1.0,0.016858132556080818,0.11179699003696442,0.9832831621170044,0.9753165245056152,-0.0008278917521238327,False,,
Grocery,42,13828,5172,33611,text,4,0.11470786482095718,4,19,0.14642717688402968,1.0,0.9825149178504944,0.6163179874420166,-0.0030663609504699707,-0.04914116859436035,False,False,0.9245232343673706,0.9622616171836853,0.09627242386341095,0.536230742931366,0.17953544855117798,0.34195804595947266,0.8801590204238892,0.7103779911994934,0.4807942509651184,0.00012534856796264648,True,1.1820869445800781,-5.4448843002319336e-05
Grocery,42,10283,9573,73843,text,1,0.05783149227499962,13,23,0.14642717688402968,0.3076923076923077,0.9919822216033936,0.5275312662124634,0.009830594062805176,-0.06332802772521973,True,False,0.9483332633972168,0.9741666316986084,0.05766363441944122,0.7399001121520996,0.07793434709310532,0.017561769112944603,0.11889991909265518,0.9825915098190308,0.9757142066955566,-0.00019399262964725494,True,1.0703805685043335,-0.0003228727728128433
Grocery,42,13705,14986,130086,text,1,0.5773502588272095,3,1,0.14642717688402968,1.0,0.9232069849967957,0.7545651793479919,-0.01470094919204712,-0.03254753351211548,False,False,0.9013853669166565,0.9506926536560059,0.5768827795982361,0.7827203869819641,0.7370228171348572,0.0027814533095806837,0.025576308369636536,0.9972224235534668,0.996629536151886,-8.761719800531864e-05,True,3.132089614868164,-0.0002520536072552204
Grocery,42,5891,6046,41259,visual,4,0.0613139308989048,14,19,0.14642717688402968,0.2857142857142857,0.9795867204666138,0.39298146963119507,0.004430949687957764,-0.1559343934059143,True,False,0.9604318141937256,0.9802159070968628,0.0638098195195198,0.845149576663971,0.0755012109875679,0.07535643130540848,0.3101874589920044,0.9274128675460815,0.8646590709686279,-0.002127043902873993,True,1.0734431743621826,-0.0014080405235290527
Grocery,42,10965,11432,95908,visual,4,0.40824827551841736,3,2,0.14642717688402968,1.0,0.9902377724647522,0.6953321695327759,0.008580565452575684,0.013738691806793213,True,True,0.9844489097595215,0.9922244548797607,0.19930624961853027,0.5594466328620911,0.35625606775283813,0.0023246188648045063,0.021651698276400566,0.9976781010627747,0.9970612525939941,3.698747605085373e-05,True,2.13899827003479,-4.74550761282444e-05
Grocery,42,4682,4681,28981,text,4,1.0,1,1,0.14642717688402968,1.0,0.968158483505249,1.0,0.0,0.0,True,True,0.9166295528411865,0.9583147764205933,0.9968319535255432,0.9968319535255432,1.0,0.14987480640411377,0.6916983723640442,0.860815703868866,0.8228909969329834,0.01620526611804962,False,,
Grocery,42,16031,15763,134854,text,2,0.19999998807907104,5,5,0.14642717688402968,0.8,0.9930598735809326,0.6170737147331238,0.008241415023803711,-0.03919249773025513,True,False,0.9772167205810547,0.9886083602905273,0.15705609321594238,0.6846627593040466,0.2293919026851654,0.18040645122528076,0.6454009413719177,0.8349307775497437,0.7485209107398987,-0.000661894679069519,True,1.343758463859558,-0.0005540400743484497
Grocery,42,588,1879,7963,text,1,0.25819888710975647,5,3,0.14642717688402968,0.8,0.9910621047019958,0.55841463804245,0.005721032619476318,-0.09309524297714233,True,False,0.9580399990081787,0.9790199995040894,0.2575596272945404,1.0476211309432983,0.24585188925266266,0.5580391883850098,1.4287506341934204,0.5723301768302917,0.37959784269332886,0.016377389430999756,True,1.2800214290618896,-0.0004042983055114746
Grocery,42,10742,10687,86460,visual,2,0.019287919625639915,28,96,0.14642717688402968,0.14285714285714285,0.9682889580726624,0.7836793661117554,-0.005432546138763428,0.10573726892471313,False,True,0.9946378469467163,0.9973189234733582,0.03467177227139473,0.9870306849479675,0.03512734919786453,0.0069354516454041,0.05517752096056938,0.9930885434150696,0.9913982152938843,4.97233122587204e-06,True,1.0204472541809082,1.5390105545520782e-05
Grocery,42,5392,4559,27536,text,4,0.0476190485060215,3,147,0.14642717688402968,1.0,0.990678071975708,0.5336342453956604,0.023887991905212402,-0.04757380485534668,True,False,0.9770389795303345,0.9885194897651672,0.10514683276414871,0.30826255679130554,0.34109506011009216,0.013264154084026814,0.09328673779964447,0.9868234395980835,0.9814913272857666,3.5297125577926636e-07,True,1.3769639730453491,2.2351741790771484e-06
Grocery,42,8219,6430,43992,text,1,0.060633908957242966,16,17,0.14642717688402968,0.25,0.9705867171287537,0.8998239636421204,-0.0038629770278930664,0.14299064874649048,False,True,0.9251930117607117,0.9625965356826782,0.06047432869672775,0.7209599018096924,0.08388029783964157,0.0072382353246212006,0.05545934662222862,0.9927878975868225,0.9894649982452393,-7.811002433300018e-06,True,1.0843219757080078,2.0119361579418182e-05
Grocery,42,14385,13653,116393,text,2,0.05407380685210228,9,38,0.14642717688402968,0.4444444444444444,0.9360085725784302,0.6893858313560486,-0.02751392126083374,0.003312349319458008,False,True,0.8094333410263062,0.9047166705131531,0.0686512365937233,0.5774773955345154,0.11888125538825989,0.014034859836101532,0.09575055539608002,0.9860631823539734,0.9790171980857849,2.644769847393036e-05,True,1.0857828855514526,1.6104429960250854e-05
Grocery,42,9414,9459,72825,visual,1,0.13130642473697662,2,29,0.14642717688402968,1.0,0.9715805053710938,0.4814137816429138,0.005312681198120117,-0.20773297548294067,True,False,0.9773790836334229,0.9886895418167114,0.13061414659023285,0.5974426865577698,0.21862205862998962,0.47206658124923706,1.259830117225647,0.6237120032310486,0.4060616195201874,0.018649667501449585,True,1.2626128196716309,0.031330227851867676
Grocery,42,12601,12208,103298,text,4,0.054554469883441925,24,14,0.14642717688402968,0.16666666666666666,0.9827947616577148,0.5836911201477051,0.009162068367004395,-0.006546199321746826,True,False,0.9571987390518188,0.9785993695259094,0.05197848379611969,1.2612494230270386,0.04121189936995506,0.07073190808296204,0.3044320046901703,0.9317116141319275,0.8741288185119629,6.364285945892334e-05,True,1.0312588214874268,1.977384090423584e-05
Grocery,42,9857,730,3130,text,4,0.3162277638912201,2,5,0.14642717688402968,1.0,0.988213062286377,0.8074625730514526,0.0033368468284606934,0.14361804723739624,True,True,0.947636604309082,0.973818302154541,0.25319617986679077,0.673143208026886,0.37614014744758606,0.5275543928146362,1.4989502429962158,0.590046226978302,0.4979270100593567,0.0008317828178405762,True,1.8944271802902222,-0.001820385456085205
Grocery,42,4383,3434,16280,visual,1,0.025110095739364624,26,61,0.14642717688402968,0.15384615384615385,0.939140796661377,0.5049735903739929,-0.028626203536987305,-0.10054588317871094,False,False,0.9819991588592529,0.9909995794296265,0.024983884766697884,0.6943203806877136,0.03598322346806526,0.07024497538805008,0.353849321603775,0.9321654438972473,0.8973432779312134,-0.0017898976802825928,True,1.0327441692352295,-0.002089284360408783
Grocery,42,15146,15777,134902,visual,2,1.0,1,1,0.14642717688402968,1.0,0.9772571921348572,0.5702317357063293,0.0,0.0,True,True,0.9533613324165344,0.9766806364059448,0.9944069385528564,0.9944069385528564,1.0,0.16056041419506073,0.6695777177810669,0.8516663908958435,0.7915298938751221,-0.06067848950624466,False,,
Grocery,42,10436,9389,71972,visual,4,0.04364357516169548,3,175,0.14642717688402968,1.0,0.9451447129249573,0.5833841562271118,-0.023992836475372314,-0.05717432498931885,False,False,0.9903156757354736,0.9951578378677368,0.11563633382320404,0.33649158477783203,0.34365296363830566,0.02637278474867344,0.15856553614139557,0.973971962928772,0.960269033908844,-0.0005927830934524536,True,1.2076976299285889,-0.0010801423341035843
Grocery,42,15914,15342,132591,visual,1,0.25,4,4,0.14642717688402968,1.0,0.9884436130523682,0.813846230506897,0.0141221284866333,0.24005627632141113,True,True,0.9909619092941284,0.9954809546470642,0.24842065572738647,0.7752243876457214,0.3204500079154968,0.5995752215385437,1.019300103187561,0.5490447878837585,0.17185911536216736,-0.0048220157623291016,True,1.3918057680130005,-0.05622375011444092
Grocery,42,9280,8604,62253,text,3,0.05976142734289169,14,20,0.14642717688402968,0.2857142857142857,0.9761887192726135,0.6399474143981934,0.005064666271209717,-0.00022208690643310547,True,False,0.925683856010437,0.9628419280052185,0.059313204139471054,0.7854008078575134,0.07551966607570648,0.9996054768562317,0.7238659262657166,0.6230353713035583,0.25501078367233276,0.019431650638580322,True,1.0722209215164185,0.01120370626449585
Grocery,42,15362,15459,133167,text,2,0.2182178944349289,3,7,0.14642717688402968,1.0,0.9787110686302185,0.5256578326225281,0.005778253078460693,-0.08508014678955078,True,False,0.8502717614173889,0.9251358509063721,0.1860334575176239,0.4292159378528595,0.43342626094818115,0.11198295652866364,0.49404841661453247,0.8940594792366028,0.8362408876419067,-0.001164749264717102,True,1.815632939338684,0.0015178248286247253
Grocery,42,8400,9379,71772,visual,1,0.04244763404130936,37,15,0.14642717688402968,0.10810810810810811,0.9058335423469543,0.430442214012146,-0.05248802900314331,-0.13995122909545898,False,False,0.9787436723709106,0.9893718361854553,0.04219570383429527,1.5227760076522827,0.027709724381566048,0.0590779148042202,0.290435254573822,0.942633330821991,0.9100131988525391,0.0001177564263343811,True,1.0245232582092285,0.00043208152055740356
Grocery,42,14713,14663,126611,visual,2,0.11180339753627777,5,16,0.14642717688402968,0.8,0.9912555813789368,0.5108629465103149,0.013126254081726074,-0.02930152416229248,True,False,0.9658010005950928,0.9829005002975464,0.10340657830238342,0.5634515285491943,0.18352346122264862,0.06967975944280624,0.321291983127594,0.9326924681663513,0.884564995765686,0.005407094955444336,True,1.1981221437454224,0.0019844695925712585
Grocery,42,1979,696,2984,visual,3,0.10540925711393356,9,10,0.14642717688402968,0.4444444444444444,0.9713824391365051,0.7151262760162354,0.00493931770324707,0.03132891654968262,True,True,0.9922727346420288,0.9961363673210144,0.10106402635574341,1.1337274312973022,0.08914314210414886,1.2659099102020264,0.7118605375289917,0.6999732851982117,0.41799068450927734,-0.00979316234588623,True,1.0741137266159058,0.009640932083129883
Grocery,42,6003,3228,14927,text,2,0.04856429249048233,4,106,0.14642717688402968,1.0,0.942237377166748,0.5584231615066528,-0.02419799566268921,-0.014887809753417969,False,False,0.727614164352417,0.8638070821762085,0.10983806848526001,0.5269516706466675,0.20844049751758575,0.010844463482499123,0.0744834765791893,0.9892141222953796,0.9842201471328735,-5.27137890458107e-05,True,1.1415717601776123,-3.2075680792331696e-05
Grocery,42,11443,10952,90736,visual,1,0.5773502588272095,1,3,0.14642717688402968,1.0,0.9893431663513184,0.5306434631347656,0.005901932716369629,-0.026733696460723877,True,False,0.9451590180397034,0.9725794792175293,0.5735807418823242,0.5735807418823242,1.0,0.00960290152579546,0.06998078525066376,0.9904430508613586,0.985103964805603,-0.0004898738116025925,False,,
Grocery,42,13895,14031,120228,text,1,0.3333333432674408,9,1,0.14642717688402968,0.4444444444444444,0.973854124546051,0.7807917594909668,0.0024971365928649902,0.04460716247558594,True,True,0.894906222820282,0.9474531412124634,0.33229580521583557,1.4249207973480225,0.2332029938697815,0.010640907101333141,0.08064766228199005,0.9894155263900757,0.9859429001808167,0.0003496529534459114,True,1.274680256843567,0.00016157422214746475
Grocery,42,10477,8702,63485,text,3,0.03892494738101959,30,22,0.14642717688402968,0.13333333333333333,0.9795342683792114,0.6109999418258667,0.008684515953063965,-0.048854827880859375,True,False,0.9220068454742432,0.9610034227371216,0.030240360647439957,0.8976885676383972,0.03368691727519035,0.00786540936678648,0.05982152372598648,0.9921654462814331,0.9890312552452087,5.99641352891922e-05,True,1.042457103729248,1.1827796697616577e-07
Grocery,42,3042,2793,12340,visual,1,0.20412413775920868,4,6,0.14642717688402968,1.0,0.9764394164085388,0.6917234659194946,-0.0006523728370666504,0.031043648719787598,False,True,0.9879297614097595,0.9939649105072021,0.20310471951961517,1.1081479787826538,0.1832830309867859,0.04811403155326843,0.25687265396118164,0.9530251026153564,0.9270980954170227,0.0003641657531261444,True,1.1924500465393066,-0.0007539689540863037
Grocery,42,168,1678,7057,visual,4,0.25819888710975647,5,3,0.14642717688402968,0.8,0.9570603966712952,0.7718251943588257,-0.010230422019958496,0.026912450790405273,False,True,0.9797576069831848,0.98987877368927,0.2174171805381775,0.8821542263031006,0.2464616447687149,0.00205972115509212,0.018862491473555565,0.9979423880577087,0.9969853758811951,3.0454248189926147e-05,True,1.3043112754821777,4.0922779589891434e-05
Grocery,42,1589,495,2136,text,2,0.1666666716337204,9,4,0.14642717688402968,0.4444444444444444,0.9914528131484985,0.6955000758171082,0.014030814170837402,0.01971501111984253,True,True,0.9770859479904175,0.9885429739952087,0.10915084183216095,0.9616822004318237,0.11349990963935852,0.018422802910208702,0.12375366687774658,0.9817458391189575,0.9742352962493896,9.959004819393158e-05,True,1.163644790649414,1.0883435606956482e-05
Grocery,42,8340,9234,69943,visual,4,0.1666666567325592,3,12,0.14642717688402968,1.0,0.9755668640136719,0.5435225367546082,0.007808804512023926,-0.06820350885391235,True,False,0.9400192499160767,0.9700096249580383,0.13873282074928284,0.41625118255615234,0.33329111337661743,0.007060340140014887,0.058099620044231415,0.992964506149292,0.9912894368171692,0.00022819265723228455,True,1.4652297496795654,-2.402951940894127e-05
Grocery,42,14573,16667,139587,text,3,0.058321185410022736,6,49,0.14642717688402968,0.6666666666666666,0.9673062562942505,0.6844175457954407,-0.002134084701538086,0.010500729084014893,False,True,0.924275815486908,0.9621379375457764,0.07579381763935089,0.4973519742488861,0.15239472687244415,0.7659417390823364,1.1302998065948486,0.46489593386650085,0.03251761198043823,-0.0016997456550598145,True,1.151204228401184,0.002956569194793701
Grocery,42,15392,15539,133659,visual,4,0.18257418274879456,6,5,0.14642717688402968,0.6666666666666666,0.9841622114181519,0.6245638132095337,0.01766037940979004,-0.023603320121765137,True,False,0.9391650557518005,0.9695825576782227,0.17509602010250092,0.6391041278839111,0.2739710509777069,0.030059905722737312,0.1881008744239807,0.9703873991966248,0.9577611684799194,0.00020600482821464539,True,1.2676920890808105,0.000795094296336174
Grocery,42,10740,16695,139706,text,1,0.07254762202501297,5,38,0.14642717688402968,0.8,0.9790844321250916,0.6604288220405579,0.004798233509063721,-0.003638744354248047,True,False,0.8718791007995605,0.9359395503997803,0.07229404151439667,0.36613941192626953,0.1974494904279709,0.6257918477058411,1.1987444162368774,0.5348377227783203,0.23010435700416565,-0.006248176097869873,True,1.2094146013259888,-0.017945170402526855
Grocery,42,8331,10038,78952,text,2,0.03837648034095764,7,97,0.14642717688402968,0.5714285714285714,0.9281533360481262,0.5841677188873291,-0.02477353811264038,-0.022719502449035645,False,False,0.9105498790740967,0.9552749395370483,0.07131705433130264,0.5696437358856201,0.12519589066505432,0.048698265105485916,0.2509181499481201,0.9524684548377991,0.9189416170120239,0.0005164891481399536,True,1.0819432735443115,0.0004312582314014435
Grocery,42,9414,9604,74066,visual,1,0.4999999701976776,2,2,0.14642717688402968,1.0,0.9778367280960083,0.9997390508651733,0.003525257110595703,0.25874292850494385,True,True,0.999994158744812,0.999997079372406,0.4968733489513397,0.5974426865577698,0.8316669464111328,0.47206658124923706,1.259830117225647,0.6237120032310486,0.4060616195201874,-0.04674065113067627,True,4.807886123657227,-0.08947932720184326
Grocery,42,16485,15421,133000,visual,3,0.25,1,16,0.14642717688402968,1.0,0.9776760935783386,0.6337125301361084,0.006512582302093506,-0.0044564008712768555,True,False,0.9609997272491455,0.9804998636245728,0.2297373265028,0.2297373265028,1.0,0.9706525802612305,1.5225369930267334,0.3788357377052307,0.01150164008140564,0.02940690517425537,False,,
Grocery,42,11816,11840,99697,text,4,0.04065578058362007,5,121,0.14642717688402968,0.8,0.9592545628547668,0.5545655488967896,-0.009669721126556396,-0.02491605281829834,False,False,0.8667625784873962,0.9333813190460205,0.08301190286874771,0.4199215769767761,0.19768430292606354,0.013895438052713871,0.10115689784288406,0.9862006306648254,0.980648398399353,5.1021575927734375e-05,True,1.1726467609405518,9.758397936820984e-06
Grocery,42,11942,12102,102228,visual,4,0.40824827551841736,3,2,0.14642717688402968,1.0,0.997479259967804,0.8349810838699341,-0.00033849477767944336,-0.006654560565948486,False,False,0.9900858402252197,0.9950429201126099,0.19465632736682892,0.5188685059547424,0.37515541911125183,0.004352145362645388,0.03630320355296135,0.9956573247909546,0.9935184121131897,0.0002443557605147362,True,1.9354143142700195,-0.000352220144122839
Grocery,42,13160,13154,110500,text,4,0.06454972177743912,5,48,0.14642717688402968,0.8,0.9694311618804932,0.6520829796791077,-0.00019919872283935547,0.039375245571136475,False,True,0.937732458114624,0.968866229057312,0.08141125738620758,0.4180232882499695,0.19475291669368744,0.17263276875019073,0.7169406414031982,0.841446578502655,0.7683459520339966,0.0006671249866485596,True,1.1518062353134155,0.00022095441818237305
Grocery,42,4804,5266,34266,text,2,0.15430334210395813,2,21,0.14642717688402968,1.0,0.9881434440612793,0.854012668132782,0.00731426477432251,0.08901602029800415,True,True,0.9669874906539917,0.9834937453269958,0.1262255311012268,0.32683002948760986,0.3862115442752838,0.12422813475131989,0.4712808430194855,0.8831783533096313,0.7929661273956299,0.0006434917449951172,True,1.4364358186721802,0.00010622292757034302
Grocery,42,6258,10768,88027,text,2,0.05143444985151291,1,378,0.14642717688402968,1.0,0.9777287244796753,0.5532398223876953,0.006536245346069336,-0.02179265022277832,True,False,0.7903159260749817,0.8951579332351685,0.45075610280036926,0.45075610280036926,1.0,0.04457873851060867,0.2743877172470093,0.9564002752304077,0.9430163502693176,0.0024541690945625305,False,,
Grocery,42,12,1529,6348,text,2,0.18898224830627441,7,4,0.14642717688402968,0.5714285714285714,0.9543961882591248,0.6487940549850464,-0.014668285846710205,-0.050164103507995605,False,False,0.9442474842071533,0.9721237421035767,0.15933343768119812,0.9449740052223206,0.16861145198345184,0.00416661286726594,0.03425662964582443,0.9958420395851135,0.9940106272697449,1.3058539479970932e-05,True,1.1978099346160889,2.018176019191742e-06
Grocery,42,15,8968,66628,text,2,0.09365857392549515,6,19,0.14642717688402968,0.6666666666666666,0.9761179685592651,0.6050285696983337,0.008793830871582031,-0.05041438341140747,True,False,0.8748151659965515,0.9374076128005981,0.09745701402425766,0.5228254795074463,0.18640448153018951,1.5848381519317627,1.3096177577972412,0.559731662273407,0.35475069284439087,-0.0058133602142333984,True,1.1514545679092407,-0.0013415813446044922
Grocery,42,4845,6314,43243,text,3,0.1178511381149292,4,18,0.14642717688402968,1.0,0.9837693572044373,0.506087064743042,0.004403233528137207,-0.029734373092651367,True,False,0.9616421461105347,0.9808210730552673,0.10439060628414154,0.4000539779663086,0.2609412968158722,0.03031228668987751,0.18644209206104279,0.9701425433158875,0.9578608870506287,0.000621424987912178,True,1.20871901512146,0.00021404586732387543
Grocery,42,15652,16349,137788,text,3,0.21320071816444397,1,22,0.14642717688402968,1.0,0.9581390619277954,0.740283727645874,-0.007864594459533691,0.04950070381164551,False,True,0.9328515529632568,0.9664257764816284,0.21121513843536377,0.21121513843536377,1.0,0.01541133876889944,0.11156623810529709,0.9847068190574646,0.9807835221290588,0.0003613671287894249,False,,
Grocery,42,593,238,1091,text,3,0.7071067690849304,1,2,0.14642717688402968,1.0,0.9894853830337524,0.7182628512382507,0.0024080276489257812,0.011700451374053955,True,True,0.9725804328918457,0.9862902164459229,0.5146937966346741,0.5146937966346741,1.0,0.04791758209466934,0.2701690196990967,0.953212320804596,0.9316899180412292,0.0041369423270225525,False,,
Grocery,42,10745,11251,94003,visual,1,0.17960530519485474,1,31,0.14642717688402968,1.0,0.9765941500663757,0.6584420204162598,0.0008906722068786621,0.006144523620605469,True,True,0.987068235874176,0.9935340881347656,0.17872370779514313,0.17872370779514313,1.0,0.0151063222438097,0.11074993014335632,0.9850072264671326,0.9806170463562012,0.0023501385003328323,False,,
Grocery,42,8784,9292,70574,text,4,0.1132277101278305,2,39,0.14642717688402968,1.0,0.98398357629776,0.5758830308914185,0.005341947078704834,-0.01746690273284912,True,False,0.9400798082351685,0.9700399041175842,0.1142396479845047,0.23164266347885132,0.4931718707084656,0.005106264725327492,0.043061040341854095,0.9949067234992981,0.9932819604873657,5.6927092373371124e-06,True,1.8770580291748047,1.0672956705093384e-06
Grocery,42,12468,12206,103277,text,3,0.40824827551841736,3,2,0.14642717688402968,1.0,0.9896062016487122,0.7351680994033813,0.0033150911331176758,0.001227259635925293,True,True,0.9795401692390442,0.9897700548171997,0.3494655191898346,1.0004136562347412,0.34932100772857666,0.24233056604862213,0.8975528478622437,0.7847967147827148,0.6917173862457275,0.001574888825416565,True,1.550510287284851,-0.0005454719066619873
Grocery,42,13342,13345,113100,text,3,0.0980580672621727,13,8,0.14642717688402968,0.3076923076923077,0.9909409284591675,0.9314472079277039,0.000914454460144043,0.05376565456390381,True,True,0.9085771441459656,0.9542886018753052,0.05802753195166588,0.7357594966888428,0.07886752486228943,0.02473399229347706,0.13878118991851807,0.9755693674087524,0.9558842182159424,-0.00012049078941345215,True,1.1369192600250244,4.0004029870033264e-05
Grocery,42,13011,13012,109057,text,3,0.15075567364692688,4,11,0.14642717688402968,1.0,0.9939759373664856,0.592860996723175,0.012140929698944092,-0.013171374797821045,True,False,0.9645881056785583,0.9822940826416016,0.13108323514461517,0.3851458728313446,0.3403469920158386,0.01581612229347229,0.11210411041975021,0.9843083024024963,0.9802019000053406,0.0005686953663825989,True,1.7146986722946167,-9.000301361083984e-05
Grocery,42,11438,11435,95919,text,1,0.28867512941360474,2,6,0.14642717688402968,1.0,0.9874976873397827,0.7846125960350037,0.023440003395080566,0.06791603565216064,True,True,0.875572919845581,0.9377864599227905,0.28794947266578674,0.42649781703948975,0.6751487851142883,0.027248308062553406,0.15826278924942017,0.9731195569038391,0.9547249674797058,-0.0025616493076086044,True,2.581138849258423,-0.0018936004489660263
Grocery,42,7868,13227,111542,text,1,0.030344855040311813,6,181,0.14642717688402968,0.6666666666666666,0.928463339805603,0.5854613184928894,-0.03069174289703369,-0.034448206424713135,False,False,0.7790644764900208,0.889532208442688,0.03026115894317627,0.6710612177848816,0.045094482600688934,0.7897839546203613,0.8618952631950378,0.5167673826217651,0.06282451748847961,0.003271162509918213,True,1.0360357761383057,0.0015154480934143066
Grocery,42,3573,6876,47214,text,2,0.37796449661254883,7,1,0.14642717688402968,0.5714285714285714,0.9439001679420471,0.5969071388244629,-0.01309889554977417,0.0226401686668396,False,True,0.4939357042312622,0.7469678521156311,0.14267514646053314,1.06546151638031,0.13390924036502838,0.10949644446372986,0.41600534319877625,0.896285355091095,0.8101750612258911,0.0002025514841079712,True,1.3070672750473022,0.0006576254963874817
Grocery,42,12862,12535,106168,text,2,0.18257418274879456,5,6,0.14642717688402968,0.8,0.9836698770523071,0.6113314032554626,0.0013186931610107422,-0.022514700889587402,True,False,0.9460341334342957,0.9730170965194702,0.17593064904212952,0.8957757949829102,0.19640031456947327,0.29990139603614807,0.9360447525978088,0.7408912777900696,0.5975497961044312,2.0772218704223633e-05,True,1.2909876108169556,-0.00040987133979797363
Grocery,42,16873,16085,136532,text,1,0.058321185410022736,6,49,0.14642717688402968,0.6666666666666666,0.9212386608123779,0.5181810259819031,-0.028894901275634766,-0.05208009481430054,False,False,0.8636706471443176,0.9318352937698364,0.058152586221694946,0.4476713240146637,0.12990018725395203,0.08995150029659271,0.41246047616004944,0.9139755368232727,0.8675436973571777,0.002823270857334137,True,1.1273491382598877,0.0010324642062187195
Grocery,42,12231,12466,105578,visual,2,0.7071067690849304,1,2,0.14642717688402968,1.0,0.959692656993866,0.8159653544425964,-0.00652390718460083,0.033412039279937744,False,True,0.9862005114555359,0.9931002855300903,0.9516263008117676,0.9516263008117676,1.0,0.0038569599855691195,0.0329500250518322,0.9961504936218262,0.9947529435157776,-0.0005711149424314499,False,,
Grocery,42,13464,13156,110579,visual,4,0.1666666567325592,6,6,0.14642717688402968,0.6666666666666666,0.9998742938041687,0.8825397491455078,0.008996069431304932,0.048492491245269775,True,True,0.9934343099594116,0.9967171549797058,0.1120639517903328,0.7456697225570679,0.15028631687164307,0.013153685256838799,0.09170940518379211,0.9869324564933777,0.9795513153076172,0.00012623239308595657,True,1.1677260398864746,-3.1060539186000824e-05
Grocery,42,10965,10977,90964,text,1,0.15430334210395813,3,14,0.14642717688402968,1.0,0.967799186706543,0.7073354721069336,-0.009403824806213379,-0.00601959228515625,False,False,0.8540789484977722,0.9270395040512085,0.15404820442199707,0.7044916749000549,0.21866574883460999,0.0023246188648045063,0.021651698276400566,0.9976781010627747,0.9970612525939941,-4.4719548895955086e-05,True,1.2519763708114624,-4.590884782373905e-05
Grocery,42,10218,8975,66691,text,2,0.3535533845424652,2,4,0.14642717688402968,1.0,0.9939880967140198,0.578338623046875,0.0007125735282897949,-0.009606719017028809,True,False,0.973361611366272,0.986680805683136,0.24417386949062347,0.4089675843715668,0.5970494747161865,0.10819496214389801,0.4135330319404602,0.8974525928497314,0.8123030662536621,0.0014346018433570862,True,3.1794497966766357,0.0007647573947906494
Grocery,42,15844,13876,118601,text,2,0.06454972177743912,16,15,0.14642717688402968,0.25,0.9909363985061646,0.7393265962600708,0.028516948223114014,0.058653831481933594,True,True,0.9779360294342041,0.988968014717102,0.03982285410165787,0.8460689187049866,0.047068096697330475,0.9197035431861877,1.1600693464279175,0.4961264431476593,0.09748923778533936,-0.00092315673828125,True,1.0762553215026855,4.380941390991211e-05
Grocery,42,11569,11572,97075,text,2,0.08606629818677902,5,27,0.14642717688402968,0.8,0.9996564984321594,1.0,0.03111511468887329,0.2775305509567261,True,True,0.998497724533081,0.9992488622665405,0.11478293687105179,0.598412036895752,0.19181254506111145,0.00515738083049655,0.04399430379271507,0.9948558807373047,0.9932340383529663,5.573965609073639e-06,True,1.1564449071884155,2.964865416288376e-06
Grocery,42,9271,10366,83047,visual,4,0.7071067690849304,2,1,0.14642717688402968,1.0,0.9764236211776733,0.450584352016449,-0.0021990537643432617,-0.038185685873031616,False,False,0.966153621673584,0.983076810836792,0.39593225717544556,0.6644195914268494,0.5959069728851318,0.7701863050460815,1.0934211015701294,0.46292680501937866,0.010313183069229126,-0.02463918924331665,True,2.732050895690918,0.13718819618225098
Grocery,42,2261,15573,133940,visual,2,0.37796449661254883,1,7,0.14642717688402968,1.0,0.9888947606086731,0.5415952205657959,0.003296494483947754,0.016006946563720703,True,True,0.9792008399963379,0.989600419998169,0.3840365707874298,0.3840365707874298,1.0,1.308067798614502,0.8925568461418152,0.66582852602005,0.39548662304878235,-0.12541794776916504,False,,
Grocery,42,9832,8524,61343,text,3,0.06950480490922928,9,23,0.14642717688402968,0.4444444444444444,0.9675067067146301,0.5829404592514038,0.006374657154083252,-0.047250986099243164,True,False,0.9460285902023315,0.9730142951011658,0.06558804959058762,0.7438650131225586,0.08817198127508163,0.058793798089027405,0.2930145859718323,0.9429011940956116,0.9088097810745239,0.0007944852113723755,True,1.0832442045211792,0.00033400580286979675
Grocery,42,5317,4733,29455,visual,3,0.05025189369916916,11,36,0.14642717688402968,0.36363636363636365,0.9839983582496643,0.5940748453140259,0.006164491176605225,0.001324772834777832,True,True,0.9777199029922485,0.9888599514961243,0.06028541922569275,0.6276276707649231,0.09605284035205841,0.022208090871572495,0.1415339857339859,0.9780367016792297,0.9653079509735107,0.00031940825283527374,True,1.071513056755066,8.860602974891663e-06
Grocery,42,11608,10831,89174,text,2,0.235702246427536,3,6,0.14642717688402968,1.0,0.9913085699081421,0.8415126800537109,0.006208658218383789,0.04043161869049072,True,True,0.9453659057617188,0.9726829528808594,0.14464326202869415,0.5171728134155273,0.2796807289123535,0.05777851492166519,0.25565916299819946,0.9438589811325073,0.8951466083526611,0.0002722516655921936,True,1.456869125366211,-0.00022044405341148376
Grocery,42,24,16916,140828,text,4,0.03546634688973427,3,265,0.14642717688402968,1.0,0.9535825848579407,0.5351351499557495,-0.01703411340713501,-0.0483129620552063,False,False,0.7620303630828857,0.8810151815414429,0.1426195651292801,0.42489731311798096,0.3356565535068512,0.7637784481048584,1.6077338457107544,0.465902715921402,0.2946312427520752,-9.262561798095703e-05,True,1.1481261253356934,-0.00018543004989624023
Grocery,42,3443,13553,115107,visual,3,0.11322770267724991,13,6,0.14642717688402968,0.3076923076923077,0.9610048532485962,0.684739887714386,-0.01370227336883545,0.038325369358062744,False,True,0.9822115302085876,0.9911057949066162,0.0802583321928978,0.8443549275398254,0.09505283832550049,0.07193727791309357,0.3733697533607483,0.9305892586708069,0.9104942679405212,-0.0026598721742630005,True,1.116815447807312,-0.0018023177981376648
Grocery,42,7340,7686,54306,text,4,0.18898224830627441,7,4,0.14642717688402968,0.5714285714285714,0.9782335758209229,0.6108494997024536,0.008976936340332031,0.01783132553100586,True,True,0.9091026186943054,0.9545513391494751,0.0780162662267685,0.6137657761573792,0.1271108090877533,0.1583624929189682,0.5532913208007812,0.853540301322937,0.7567533850669861,0.0006228089332580566,True,1.136815071105957,0.0003081411123275757
Grocery,42,1935,1379,5816,text,1,1.0,1,1,0.14642717688402968,1.0,0.9998176693916321,0.8919396996498108,0.0,0.0,True,True,0.9986077547073364,0.9993038773536682,0.9982488751411438,0.9982488751411438,1.0,0.04803904518485069,0.25800105929374695,0.9530965685844421,0.9246448874473572,0.0060000792145729065,False,,
Grocery,42,10348,9973,78373,visual,4,0.06482037156820297,17,14,0.14642717688402968,0.23529411764705882,0.991935670375824,0.8597179651260376,0.01772439479827881,0.18327867984771729,True,True,0.9915783405303955,0.9957891702651978,0.043065283447504044,0.7859479784965515,0.0547940619289875,0.3883695900440216,0.9637720584869385,0.67816162109375,0.5153812170028687,-0.001609891653060913,True,1.1291565895080566,0.008438676595687866
Grocery,42,11944,6800,46698,visual,1,0.19245009124279022,3,9,0.14642717688402968,1.0,0.9662240147590637,0.8259097337722778,-0.004742562770843506,0.10693907737731934,False,True,0.9664838314056396,0.9832419157028198,0.1912301480770111,0.642982542514801,0.29741111397743225,0.015554890967905521,0.11115564405918121,0.9845654368400574,0.9788731336593628,-0.000707634724676609,True,1.3896530866622925,-0.0010259812697768211
Grocery,42,7708,7978,56595,visual,1,0.40824827551841736,6,1,0.14642717688402968,0.6666666666666666,0.9909781217575073,0.5736199617385864,0.003242969512939453,-0.00022917985916137695,True,False,0.9724761247634888,0.9862380623817444,0.40652361512184143,1.43268620967865,0.28374922275543213,0.30540287494659424,0.634445309638977,0.736826479434967,0.4826386570930481,-0.04016825556755066,True,1.336525559425354,-0.005349844694137573
Grocery,42,3746,14071,120714,visual,4,0.03615507483482361,5,153,0.14642717688402968,0.8,0.9633630514144897,0.6978908777236938,0.0009548664093017578,0.05427980422973633,True,True,0.9705811738967896,0.9852905869483948,0.104543037712574,0.45786476135253906,0.22832733392715454,2.6651694774627686,0.3069586753845215,0.923780620098114,0.8541930913925171,-0.034038543701171875,True,1.0751056671142578,-0.026092529296875
Grocery,42,9936,8380,59585,visual,3,0.1714985966682434,2,17,0.14642717688402968,1.0,0.9788408875465393,0.5601383447647095,0.004130303859710693,-0.0948876142501831,True,False,0.9711684584617615,0.9855842590332031,0.13558322191238403,0.2675189971923828,0.5068171620368958,0.008542188443243504,0.06550533324480057,0.9914941787719727,0.9878404140472412,0.0009407466277480125,True,1.9701424837112427,4.550442099571228e-05
Grocery,42,4705,4241,22646,visual,4,0.15430334210395813,2,21,0.14642717688402968,1.0,0.9732764363288879,0.6438544988632202,0.0007389187812805176,-0.05019998550415039,True,False,0.9822959899902344,0.9911479949951172,0.13345475494861603,0.2702779173851013,0.4937686324119568,0.006065414287149906,0.049731601029634476,0.9939529299736023,0.9920151233673096,0.0001252344809472561,True,1.8997353315353394,2.0498409867286682e-05
Grocery,42,11979,4913,31115,visual,4,0.01684303767979145,47,75,0.14642717688402968,0.0851063829787234,0.9851552844047546,0.5736633539199829,0.026039302349090576,-0.015743255615234375,True,False,0.9706060886383057,0.9853030443191528,0.0294853113591671,1.3943370580673218,0.021146472543478012,1.1200740337371826,1.582052230834961,0.34374040365219116,0.01748478412628174,-0.010713934898376465,True,1.0117417573928833,-0.005714297294616699
Grocery,42,9309,4860,30769,text,1,0.07392212003469467,3,61,0.14642717688402968,1.0,0.9635800719261169,0.7449737191200256,0.0011220574378967285,0.08334535360336304,True,True,0.9545894265174866,0.9772946834564209,0.07375989854335785,0.18645228445529938,0.3955966532230377,0.08187399059534073,0.3947775065898895,0.9213880300521851,0.8808096051216125,-0.003818988800048828,True,1.5455950498580933,-0.005399912595748901
Grocery,42,9108,4372,24927,text,3,0.044543538242578506,6,84,0.14642717688402968,0.6666666666666666,0.9836381673812866,0.6024233102798462,0.007150709629058838,-0.07163763046264648,True,False,0.9604076147079468,0.9802038073539734,0.06911640614271164,0.5213422775268555,0.1325739473104477,1.323414921760559,0.9258193969726562,0.6656228303909302,0.39939820766448975,-0.01803123950958252,True,1.0701065063476562,-0.02145373821258545
Grocery,42,5155,4960,31746,text,4,0.12909944355487823,6,10,0.14642717688402968,0.6666666666666666,0.9906240105628967,0.844799280166626,0.021725594997406006,0.059177398681640625,True,True,0.9560683369636536,0.9780341386795044,0.07255283743143082,0.481000155210495,0.15083745121955872,0.01064668595790863,0.07765796780586243,0.9894098043441772,0.9849271178245544,2.7363188564777374e-05,True,1.394257664680481,-4.753377288579941e-05
Grocery,42,11438,11435,95919,visual,2,0.28867512941360474,2,6,0.14642717688402968,1.0,0.9874976873397827,0.7846125960350037,0.023440003395080566,0.06791603565216064,True,True,0.9790774583816528,0.9895387291908264,0.2340027242898941,0.48574262857437134,0.4817422032356262,0.027248308062553406,0.15826278924942017,0.9731195569038391,0.9547249674797058,0.005330462008714676,True,2.581138849258423,0.0057849884033203125
Grocery,42,3496,5475,36300,text,4,0.18898223340511322,2,14,0.14642717688402968,1.0,0.9136561155319214,0.634296178817749,-0.027218222618103027,-0.009521007537841797,False,False,0.8411675691604614,0.9205837845802307,0.16298425197601318,0.31510093808174133,0.5172445774078369,0.30790475010871887,0.932414710521698,0.7349853515625,0.5631888508796692,-0.0028708577156066895,True,2.069045066833496,4.7147274017333984e-05
Grocery,42,10931,11630,97457,visual,4,0.30151134729385376,1,11,0.14642717688402968,1.0,0.9702903628349304,0.7789318561553955,-0.004533708095550537,0.10655105113983154,False,True,0.9906606078147888,0.9953303337097168,0.2464599907398224,0.2464599907398224,1.0,0.00221055606380105,0.020893026143312454,0.9977918863296509,0.997239887714386,0.0001750732772052288,False,,
Grocery,42,2051,2934,13190,visual,2,0.25819888710975647,3,5,0.14642717688402968,1.0,0.9771464467048645,0.6713935136795044,0.014506518840789795,0.07650268077850342,True,True,0.9890803098678589,0.9945401549339294,0.2038411796092987,0.8070339560508728,0.2525806725025177,0.003479024861007929,0.03040933422744274,0.9965270161628723,0.9956302642822266,0.0002695100847631693,True,1.3397691249847412,0.0006076907739043236
Grocery,42,15403,16272,137410,text,3,0.11322770267724991,6,13,0.14642717688402968,0.6666666666666666,0.9935414791107178,0.6524171233177185,0.026290059089660645,0.04650676250457764,True,True,0.973784327507019,0.9868921637535095,0.09321340918540955,0.5318257808685303,0.17527057230472565,0.015570971183478832,0.10990577936172485,0.9845496416091919,0.9784128665924072,-2.159643918275833e-05,True,1.2719616889953613,2.1830201148986816e-05
Grocery,42,14897,9389,72010,text,2,0.0164957195520401,21,175,0.14642717688402968,0.19047619047619047,0.959938108921051,0.4629589915275574,-0.009015142917633057,-0.1275532841682434,False,False,0.9458303451538086,0.9729151725769043,0.043598152697086334,0.8059466481208801,0.05409558117389679,0.10724727064371109,0.5091372132301331,0.8983035087585449,0.8620015978813171,-9.529292583465576e-06,True,1.0181143283843994,-1.574307680130005e-05
Grocery,42,4345,14432,124639,text,4,0.0571662001311779,17,18,0.14642717688402968,0.23529411764705882,0.9438374042510986,0.620103120803833,-0.023737311363220215,-0.04457223415374756,False,False,0.9456121325492859,0.9728060960769653,0.04359964281320572,0.7577338218688965,0.057539522647857666,0.18712154030799866,0.6277742981910706,0.8293429017066956,0.7184689044952393,2.9653310775756836e-06,True,1.0688258409500122,-0.00029049813747406006
Grocery,42,8264,2359,10258,visual,2,0.18257418274879456,5,6,0.14642717688402968,0.8,0.9846740365028381,0.8264082670211792,0.0008979439735412598,0.11139261722564697,True,True,0.9894350171089172,0.9947174787521362,0.15200397372245789,0.857474148273468,0.17726945877075195,0.13455407321453094,0.4117814004421234,0.8741056323051453,0.7534435987472534,-0.014723792672157288,True,1.3139034509658813,-0.005486652255058289
Grocery,42,2147,16774,140198,visual,1,0.08908708393573761,14,9,0.14642717688402968,0.2857142857142857,0.98326176404953,0.6347522139549255,0.005619943141937256,0.02053213119506836,True,True,0.9771817922592163,0.9885908961296082,0.08856860548257828,1.5089553594589233,0.05869531258940697,0.242618590593338,0.839479923248291,0.7845706939697266,0.6967840790748596,-0.0014605820178985596,True,1.055221438407898,-0.005313873291015625
Grocery,42,14768,14361,124037,visual,2,0.10369516909122467,3,31,0.14642717688402968,1.0,0.9766141176223755,0.6469739675521851,0.0028640031814575195,-0.0517505407333374,True,False,0.9842608571052551,0.9921303987503052,0.13305070996284485,0.3588283061981201,0.37079212069511414,0.0033684202935546637,0.029585637152194977,0.996637225151062,0.9956271052360535,8.648866787552834e-05,True,1.4229146242141724,3.3503398299217224e-05
Grocery,42,15362,5970,40521,text,2,0.04932636395096779,3,137,0.14642717688402968,1.0,0.9761695265769958,0.9359534978866577,0.008538246154785156,0.2800105810165405,True,True,0.8905332088470459,0.945266604423523,0.12023210525512695,0.4292159378528595,0.280120313167572,0.11198295652866364,0.49404841661453247,0.8940594792366028,0.8362408876419067,-0.001945488154888153,True,1.113020896911621,-0.0016691610217094421
Grocery,42,11300,11701,98392,visual,3,0.10482849180698395,7,13,0.14642717688402968,0.5714285714285714,0.9657087922096252,0.5653607845306396,-0.008005797863006592,-0.04159104824066162,False,False,0.9723259210586548,0.9861629605293274,0.07959242165088654,0.5582623481750488,0.14257171750068665,0.01650255173444748,0.10855915397405624,0.9836328625679016,0.9741654992103577,0.0014844425022602081,True,1.2423639297485352,-0.0004877950996160507
Grocery,42,13263,14880,128789,text,2,0.10660035908222198,11,8,0.14642717688402968,0.36363636363636365,0.98261958360672,0.805094838142395,0.00015908479690551758,0.08054184913635254,True,True,0.9347651600837708,0.967382550239563,0.05457523092627525,0.7001364827156067,0.0779494196176529,0.07864228636026382,0.3563101291656494,0.924370527267456,0.8788668513298035,-0.00021027028560638428,True,1.127524971961975,-5.1021575927734375e-05
Grocery,42,7688,6325,43280,visual,2,0.2499999850988388,8,2,0.14642717688402968,0.5,0.9834075570106506,0.667711079120636,0.0024982690811157227,-0.009575307369232178,True,False,0.9708466529846191,0.9854233264923096,0.15764544904232025,0.8888320326805115,0.17736247181892395,0.022133704274892807,0.13218826055526733,0.9781094789505005,0.9681636095046997,0.0005137231200933456,True,1.4517192840576172,-0.0004995223134756088
Grocery,42,2238,14022,120041,visual,1,0.0635000616312027,8,31,0.14642717688402968,0.5,0.9839996695518494,0.7824534177780151,0.004946768283843994,0.10162556171417236,True,True,0.9817978739738464,0.9908989667892456,0.06314312666654587,0.4919296205043793,0.12835805118083954,1.2533602714538574,0.957030177116394,0.6290996074676514,0.34355592727661133,-0.01623976230621338,True,1.1314892768859863,0.0009119510650634766
Grocery,42,10057,9450,72691,visual,1,0.09449111670255661,8,14,0.14642717688402968,0.5,0.9996441006660461,0.7783540487289429,0.00736236572265625,0.017982959747314453,True,True,0.9939447641372681,0.996972382068634,0.09395723789930344,1.0088071823120117,0.09313696622848511,0.00810098648071289,0.0627380758523941,0.9919317364692688,0.9883968830108643,-8.750706911087036e-05,True,1.097697138786316,5.297362804412842e-05
Grocery,42,6197,6217,42384,text,4,0.12909944355487823,5,12,0.14642717688402968,0.8,0.9916437268257141,0.41729965806007385,0.020843684673309326,-0.0291062593460083,True,False,0.9737244248390198,0.9868621826171875,0.10859706252813339,0.5595396161079407,0.19408288598060608,0.035011421889066696,0.22037845849990845,0.9655944108963013,0.9524216651916504,0.00010773539543151855,True,1.1614036560058594,1.8186867237091064e-05
Grocery,42,11942,11801,99344,text,1,0.2182178944349289,3,7,0.14642717688402968,1.0,0.9982109069824219,0.9278115034103394,0.005441188812255859,0.17165708541870117,True,True,0.9870763421058655,0.9935381412506104,0.2177945077419281,0.8325836658477783,0.2615887224674225,0.004352145362645388,0.03630320355296135,0.9956573247909546,0.9935184121131897,-7.382920011878014e-05,True,1.3483315706253052,-2.338271588087082e-05
Grocery,42,3921,3920,20011,visual,2,0.2182178944349289,3,7,0.14642717688402968,1.0,0.9952446818351746,0.6860010623931885,0.012001514434814453,-0.06530869007110596,True,False,0.9935842752456665,0.9967921376228333,0.3043084442615509,0.8911264538764954,0.3414873778820038,0.3351234793663025,1.0251349210739136,0.71524977684021,0.5600157976150513,0.04629480838775635,True,1.383487343788147,0.06676706671714783
Grocery,42,7359,4446,25749,visual,4,0.033709995448589325,16,55,0.14642717688402968,0.25,0.9867361187934875,0.656669020652771,0.007727205753326416,-0.0026667118072509766,True,False,0.9834747314453125,0.9917373657226562,0.05248447507619858,0.8636117577552795,0.060773227363824844,3.5584988594055176,1.2725830078125,0.6455314755439758,0.5418780446052551,0.009338855743408203,True,1.044995665550232,0.0006427764892578125
Grocery,42,16190,15312,132397,text,4,0.5773502588272095,1,3,0.14642717688402968,1.0,0.9691659808158875,0.6259697079658508,0.0001665949821472168,0.01973623037338257,True,True,0.8844885230064392,0.942244291305542,0.4380044639110565,0.4380044639110565,1.0,0.05633906275033951,0.29255911707878113,0.945218563079834,0.9145562052726746,-0.0005796737968921661,False,,
Grocery,42,14082,13249,112019,visual,4,0.11180339753627777,5,16,0.14642717688402968,0.8,0.9425029158592224,0.8178454041481018,-0.025160610675811768,-0.004950284957885742,False,False,0.9788787961006165,0.9894393682479858,0.10116066783666611,0.4970026910305023,0.20354148745536804,0.029144350439310074,0.1871849000453949,0.9712762236595154,0.9637526869773865,0.0007876064628362656,True,1.2768250703811646,-5.280040204524994e-05
Grocery,42,13011,13012,109057,visual,2,0.15075567364692688,4,11,0.14642717688402968,1.0,0.9939759373664856,0.592860996723175,0.012140929698944092,-0.013171374797821045,True,False,0.9760809540748596,0.9880404472351074,0.22006520628929138,0.5866445899009705,0.3751252591609955,0.01581612229347229,0.11210411041975021,0.9843083024024963,0.9802019000053406,0.0009877383708953857,True,1.7146986722946167,0.00028239376842975616
Grocery,42,16258,15421,132999,visual,4,0.07216878235340118,12,16,0.14642717688402968,0.3333333333333333,0.9576751589775085,0.6454319357872009,-0.013920783996582031,0.015245497226715088,False,True,0.9771954417228699,0.9885977506637573,0.07146409153938293,0.8399358987808228,0.08508279174566269,0.09594332426786423,0.48149001598358154,0.9085155129432678,0.8804088234901428,2.6971101760864258e-05,True,1.1055988073349,-9.682774543762207e-05
Grocery,42,3233,15755,134819,visual,3,0.07001400738954544,12,17,0.14642717688402968,0.3333333333333333,0.961647093296051,0.5987895727157593,-0.012823164463043213,-0.01320648193359375,False,False,0.9704002141952515,0.9852001070976257,0.06858406960964203,0.9161198735237122,0.07486364245414734,1.9680380821228027,1.2408645153045654,0.43841609358787537,0.0668129026889801,-0.0025281906127929688,True,1.0730327367782593,0.015443086624145508
Grocery,42,6820,16621,139243,text,2,0.06362847238779068,13,19,0.14642717688402968,0.3076923076923077,0.9915887713432312,0.8220980763435364,0.022213637828826904,0.2307230830192566,True,True,0.9228101968765259,0.9614050984382629,0.057233814150094986,0.7775006890296936,0.07361255586147308,0.4939626157283783,0.7302011847496033,0.6102036237716675,0.22907724976539612,0.0008990466594696045,True,1.0800424814224243,-4.3720006942749023e-05
Grocery,42,11651,11074,92100,visual,3,0.08032193034887314,31,5,0.14642717688402968,0.12903225806451613,0.9855353832244873,0.8023622035980225,0.011205732822418213,0.0876772403717041,True,True,0.9899941086769104,0.9949970245361328,0.03773101419210434,1.270105004310608,0.029707003384828568,0.002540576970204711,0.023000409826636314,0.9974626302719116,0.9967495799064636,4.9942173063755035e-06,True,1.0580672025680542,-4.875240847468376e-06
Grocery,42,11684,11830,99570,text,4,0.048112522810697556,18,24,0.14642717688402968,0.2222222222222222,0.9827772974967957,0.7422749400138855,0.008054554462432861,-0.00022751092910766602,True,False,0.9523823857307434,0.9761911630630493,0.04805856943130493,0.8615682721138,0.05578033626079559,0.0015111466636881232,0.014729395508766174,0.9984899759292603,0.9980410933494568,8.331844583153725e-07,True,1.0457842350006104,1.1909287422895432e-07
Grocery,42,9847,9448,72674,text,3,0.07905694097280502,16,10,0.14642717688402968,0.25,0.9835885167121887,0.7420085072517395,0.011446893215179443,0.12160474061965942,True,True,0.9457852840423584,0.9728926420211792,0.06149350106716156,0.9212760329246521,0.06674817949533463,0.0025550834834575653,0.02296573296189308,0.997448205947876,0.9965676665306091,2.865586429834366e-05,True,1.0805789232254028,-3.448221832513809e-06
Grocery,42,9160,10606,85631,text,2,0.11180339753627777,8,10,0.14642717688402968,0.5,0.9932183027267456,0.8732398748397827,0.0202634334564209,0.1551758050918579,True,True,0.9823349714279175,0.9911674857139587,0.08906607329845428,0.8758730888366699,0.10168833285570145,0.014928999356925488,0.11216042190790176,0.9851818680763245,0.9826769232749939,1.914333552122116e-05,True,1.1363788843154907,1.4563091099262238e-05
Grocery,42,3596,6750,46368,visual,3,0.235702246427536,6,3,0.14642717688402968,0.6666666666666666,0.9460015892982483,0.6216805577278137,-0.026588261127471924,-0.02928262948989868,False,False,0.965792715549469,0.9828963279724121,0.1747780740261078,1.078956127166748,0.16198812425136566,0.09092409908771515,0.33566322922706604,0.913087010383606,0.8330684304237366,-0.0029876679182052612,True,1.2006670236587524,-0.005498327314853668
Grocery,42,5568,3417,16016,text,1,0.012070114724338055,22,312,0.14642717688402968,0.18181818181818182,0.9495368599891663,0.5659916400909424,-0.020387351512908936,-0.07486653327941895,False,False,0.9306021928787231,0.9653010964393616,0.012049634009599686,1.0268845558166504,0.01173416618257761,0.03036987967789173,0.17601275444030762,0.9700866341590881,0.950008749961853,-0.00013010762631893158,True,1.0093333721160889,-0.00012420862913131714
Grocery,42,367,978,4078,text,1,0.14433756470680237,2,24,0.14642717688402968,1.0,0.9807726740837097,0.6898683905601501,0.008233964443206787,0.042501986026763916,True,True,0.9418123364448547,0.970906138420105,0.14417554438114166,0.3302159011363983,0.4366099536418915,0.006093969568610191,0.047722864896059036,0.9939245581626892,0.9907433390617371,2.4999957531690598e-05,True,1.7071068286895752,-3.862706944346428e-05
Grocery,42,1628,1883,7981,visual,2,0.1961161345243454,13,2,0.14642717688402968,0.3076923076923077,0.9458487033843994,0.5234493613243103,-0.012433767318725586,-0.10710841417312622,False,False,0.9261820316314697,0.9630910158157349,0.0864604040980339,0.8712863326072693,0.09923305362462997,0.01254265196621418,0.08132355660200119,0.9875356554985046,0.9784716963768005,-0.00018896348774433136,True,1.1075493097305298,-0.00031707901507616043
Grocery,42,10083,16349,137782,text,3,0.08703882247209549,6,22,0.14642717688402968,0.6666666666666666,0.9851619601249695,0.5011541843414307,0.00794309377670288,-0.06944853067398071,True,False,0.9593273401260376,0.9796636700630188,0.08622821420431137,0.4710521101951599,0.18305450677871704,0.5198692679405212,1.1355531215667725,0.5945982933044434,0.3093225657939911,0.007662355899810791,True,1.2293436527252197,0.0068132877349853516
Grocery,42,1752,1909,8072,text,1,0.133630633354187,8,7,0.14642717688402968,0.5,0.9842113852500916,0.7767731547355652,0.006431996822357178,0.11674255132675171,True,True,0.9108890295028687,0.9554445147514343,0.1332949995994568,1.049271821975708,0.1270357221364975,0.016929280012845993,0.11426255851984024,0.9832131862640381,0.9757669568061829,0.00044658035039901733,True,1.123465657234192,0.0007610954344272614
Grocery,42,11263,11197,93351,visual,4,0.5,4,1,0.14642717688402968,1.0,0.9755193591117859,0.8429310917854309,0.015812695026397705,0.10218304395675659,True,True,0.9955092668533325,0.9977546334266663,0.14305807650089264,0.44810211658477783,0.3192532956600189,0.1382199227809906,0.5386626124382019,0.8709071278572083,0.7842769622802734,0.011559352278709412,True,2.1139886379241943,-0.024424299597740173
Grocery,42,2949,7528,53096,text,2,1.0,1,1,0.14642717688402968,1.0,0.9799928069114685,0.7249179482460022,0.0,0.0,True,True,0.9402097463607788,0.9701048731803894,0.9980465173721313,0.9980465173721313,1.0,0.09515380859375,0.4610694944858551,0.9092330932617188,0.8610424995422363,0.007373332977294922,False,,
Grocery,42,12806,12432,105381,visual,3,0.2182178944349289,3,7,0.14642717688402968,1.0,0.9934712052345276,0.9025400280952454,0.007288455963134766,0.21105057001113892,True,True,0.9934519529342651,0.9967259764671326,0.15944485366344452,0.46400967240333557,0.3436239957809448,0.006319539621472359,0.04917291924357414,0.993700385093689,0.9913551211357117,-0.0004119644872844219,True,1.607651710510254,0.0002169921062886715
Grocery,42,12728,12614,106781,text,4,0.05212860181927681,8,46,0.14642717688402968,0.5,0.9920501708984375,0.8730344772338867,0.02148425579071045,0.11365997791290283,True,True,0.9671899676322937,0.9835950136184692,0.08503982424736023,0.6102025508880615,0.13936327397823334,0.018107231706380844,0.12315849959850311,0.9820557236671448,0.9746606349945068,6.380118429660797e-05,True,1.1304856538772583,1.8496066331863403e-05
Grocery,42,4548,4753,29643,text,2,0.07312724739313126,11,17,0.14642717688402968,0.36363636363636365,0.9999473690986633,0.8290219306945801,0.030798673629760742,0.15887504816055298,True,True,0.9996257424354553,0.9998128414154053,0.05773264542222023,0.5882923603057861,0.09813597798347473,0.11114264279603958,0.5142418742179871,0.8948110938072205,0.8567747473716736,0.00017609447240829468,True,1.1019355058670044,6.74128532409668e-05
Grocery,42,7742,16467,138430,visual,3,1.0,1,1,0.14642717688402968,1.0,0.985405683517456,0.7418908476829529,0.0,0.0,True,True,0.9843192100524902,0.9921596050262451,0.9950973391532898,0.9950973391532898,1.0,6.032497406005859,0.789921224117279,0.7991271018981934,0.6942916512489319,0.8286113739013672,False,,
Grocery,42,12375,12387,105001,visual,2,0.047457896173000336,12,37,0.14642717688402968,0.3333333333333333,0.9651403427124023,0.5094028115272522,-0.0022394657135009766,-0.03333687782287598,False,False,0.9697338938713074,0.9848669767379761,0.07169865816831589,0.899976372718811,0.07966727018356323,0.06662237644195557,0.3531849682331085,0.9355484247207642,0.9082314372062683,0.005475744605064392,True,1.0656788349151611,0.002674385905265808
Grocery,42,14006,14014,119968,visual,1,0.15430334210395813,14,3,0.14642717688402968,0.2857142857142857,0.9910332560539246,0.5190900564193726,0.009213268756866455,-0.0690920352935791,True,False,0.969736635684967,0.9848682880401611,0.15360385179519653,0.7253442406654358,0.21176683902740479,0.02763986401259899,0.17297884821891785,0.9727386236190796,0.9607918858528137,0.010884342715144157,True,1.2220919132232666,0.009960660710930824
Grocery,42,6765,13207,111153,visual,4,0.03726780042052269,2,360,0.14642717688402968,1.0,0.982304573059082,0.6292544007301331,0.004982948303222656,0.03729742765426636,True,True,0.9653439521789551,0.9826719760894775,0.27756962180137634,0.5733591914176941,0.4841112196445465,0.03504802659153938,0.2081783562898636,0.9655590653419495,0.9517648816108704,0.00042717158794403076,True,2.015162706375122,-0.0011702552437782288
Grocery,42,9953,8864,65594,visual,1,0.07856743037700653,18,9,0.14642717688402968,0.2222222222222222,0.9794471859931946,0.7010124325752258,0.005039632320404053,0.12682628631591797,True,True,0.985457181930542,0.992728590965271,0.07812660187482834,1.193526029586792,0.06545864790678024,0.20785120129585266,0.6450822353363037,0.8123279213905334,0.6644688248634338,0.022746935486793518,True,1.0613245964050293,0.02818852663040161
Grocery,42,12930,12640,107017,text,2,0.05504819005727768,33,10,0.14642717688402968,0.12121212121212122,0.9909595251083374,0.5677345991134644,0.02226310968399048,-0.020953595638275146,True,False,0.9480347633361816,0.9740173816680908,0.036966562271118164,1.4372220039367676,0.02572084404528141,0.025041665881872177,0.13699209690093994,0.9752692580223083,0.9553271532058716,3.057718276977539e-05,True,1.0247070789337158,1.860782504081726e-06
Grocery,42,10057,9450,72691,visual,3,0.09449111670255661,8,14,0.14642717688402968,0.5,0.9996441006660461,0.7783540487289429,0.00736236572265625,0.017982959747314453,True,True,0.9939447641372681,0.996972382068634,0.06875824183225632,0.6205198168754578,0.11080748587846756,0.00810098648071289,0.0627380758523941,0.9919317364692688,0.9883968830108643,-2.199411392211914e-05,True,1.097697138786316,1.7263926565647125e-05
Grocery,42,3792,15291,132216,visual,2,0.03539961948990822,7,114,0.14642717688402968,0.5714285714285714,0.9770151972770691,0.5982312560081482,0.008465111255645752,-0.014773786067962646,True,False,0.9622229337692261,0.981111466884613,0.10891633480787277,0.7805788516998291,0.13953277468681335,2.4625473022460938,0.7586978673934937,0.827139139175415,0.7419215440750122,-0.06225991249084473,True,1.0468837022781372,-0.0498194694519043
Grocery,42,13580,7984,56628,visual,3,0.12909944355487823,15,4,0.14642717688402968,0.26666666666666666,0.9860643744468689,0.6450405120849609,0.003606736660003662,-0.025873541831970215,True,False,0.9901524782180786,0.9950762391090393,0.06537008285522461,0.8118082284927368,0.08052404224872589,3.0643177032470703,1.3717451095581055,0.48243290185928345,0.15960976481437683,0.018418312072753906,True,1.1556288003921509,0.02668142318725586
Grocery,42,3677,2464,10680,text,2,0.18257418274879456,3,10,0.14642717688402968,1.0,0.9743212461471558,0.7006739377975464,0.0004889965057373047,0.02444767951965332,True,True,0.9476436376571655,0.9738218188285828,0.2321828305721283,0.85940021276474,0.2701684534549713,0.005284981802105904,0.0442994199693203,0.9947289824485779,0.993543803691864,3.1186267733573914e-05,True,1.1581138372421265,3.16607765853405e-05
Grocery,42,5267,4514,26708,visual,3,0.028116079047322273,23,55,0.14642717688402968,0.17391304347826086,0.9788767695426941,0.6217069625854492,0.0034440159797668457,0.03445380926132202,True,True,0.9889769554138184,0.9944884777069092,0.03884628042578697,0.9401556253433228,0.04131899029016495,0.01166487392038107,0.08596868067979813,0.9884029030799866,0.9845404028892517,-1.9912607967853546e-05,True,1.0278068780899048,-3.75872477889061e-05
Grocery,42,9278,10549,84994,visual,3,0.18257418274879456,6,5,0.14642717688402968,0.6666666666666666,0.9609876275062561,0.7999626994132996,-0.009024202823638916,0.042635440826416016,False,True,0.989456057548523,0.9947280287742615,0.13205261528491974,0.7527588605880737,0.17542485892772675,0.014826114289462566,0.10662127286195755,0.9852832555770874,0.9817711114883423,0.0001476295292377472,True,1.2532416582107544,-0.0002652481198310852
Grocery,42,11928,11161,92998,visual,1,0.02526993490755558,54,29,0.14642717688402968,0.07407407407407407,0.9472088813781738,0.4552024304866791,-0.010593771934509277,-0.11278513073921204,False,False,0.948625922203064,0.974312961101532,0.025130534544587135,1.5489134788513184,0.01622462086379528,0.0008335214806720614,0.008757160045206547,0.9991668462753296,0.998989999294281,-4.407076630741358e-06,True,1.01386559009552,-3.8114958442747593e-06
Grocery,42,1090,557,2425,text,1,0.20412413775920868,3,8,0.14642717688402968,1.0,0.9819978475570679,0.7020091414451599,-0.00039374828338623047,-0.007625877857208252,False,False,0.894267737865448,0.9471338987350464,0.20350076258182526,0.7083621621131897,0.2872835099697113,0.300980806350708,0.993455708026886,0.7400919795036316,0.6074423789978027,0.010887771844863892,True,1.3062870502471924,0.010034948587417603
Grocery,42,10214,8916,66194,visual,3,0.13130642473697662,1,58,0.14642717688402968,1.0,0.9884099364280701,0.5048867464065552,0.0054207444190979,0.014904677867889404,True,True,0.9763193726539612,0.9881596565246582,0.1624765396118164,0.1624765396118164,1.0,0.1221320703625679,0.5023742318153381,0.8850314617156982,0.833219587802887,0.028168104588985443,False,,
Grocery,42,5976,3990,21062,visual,4,0.1178511381149292,18,4,0.14642717688402968,0.2222222222222222,0.9764721989631653,0.6508709192276001,0.002564847469329834,-0.016190707683563232,True,False,0.9522794485092163,0.9761397242546082,0.0606008879840374,0.9964687824249268,0.06081563979387283,0.20065878331661224,0.5564122796058655,0.8181915879249573,0.6503527164459229,0.002741873264312744,True,1.1030796766281128,0.005909666419029236
Grocery,42,14200,14940,129518,text,2,0.1961161345243454,1,26,0.14642717688402968,1.0,0.9700456261634827,0.6151071786880493,-0.00017261505126953125,-0.01739060878753662,False,False,0.8936604857444763,0.9468302726745605,0.24049636721611023,0.24049636721611023,1.0,0.09325835108757019,0.4868074953556061,0.9109581112861633,0.8912511467933655,0.0005957856774330139,False,,
Grocery,42,10231,10708,86973,text,4,0.09759001433849335,7,15,0.14642717688402968,0.5714285714285714,0.9867678880691528,0.6764558553695679,0.00921100378036499,0.05147755146026611,True,True,0.9335358738899231,0.9667679071426392,0.07731489837169647,0.556818962097168,0.13885104656219482,0.12716637551784515,0.5894502401351929,0.8805871605873108,0.8383646607398987,0.00025631487369537354,True,1.202428936958313,-1.3753771781921387e-05
Grocery,42,13467,13154,110505,text,4,0.03311330825090408,19,48,0.14642717688402968,0.21052631578947367,0.9808189272880554,0.4966076910495758,0.009478747844696045,-0.07696512341499329,True,False,0.9440552592277527,0.9720276594161987,0.04176309332251549,0.8642669916152954,0.048321980983018875,0.04513644427061081,0.25538188219070435,0.9558670520782471,0.9340049624443054,-2.6322901248931885e-05,True,1.0255759954452515,-2.039968967437744e-05
Grocery,42,11450,11057,91879,visual,1,0.12038584798574448,3,23,0.14642717688402968,1.0,0.973967969417572,0.451495885848999,-0.002774834632873535,-0.11058962345123291,False,False,0.9720791578292847,0.9860395789146423,0.11971765756607056,0.400128573179245,0.2991979718208313,0.05703900381922722,0.3288188874721527,0.944557249546051,0.927463173866272,0.0008782334625720978,True,1.390150785446167,-0.004393491894006729
Grocery,42,11735,11851,99977,text,3,0.10660035908222198,8,11,0.14642717688402968,0.5,0.952517032623291,0.7569462060928345,-0.018024802207946777,0.023533880710601807,False,True,0.8847163915634155,0.9423581957817078,0.09745267033576965,0.677045464515686,0.14393815398216248,0.0051337797194719315,0.04031815752387047,0.9948793649673462,0.9918749332427979,2.5498680770397186e-05,True,1.1482453346252441,2.016313374042511e-06
Grocery,42,638,1502,6218,visual,4,0.25,4,4,0.14642717688402968,1.0,0.9838544130325317,0.543328046798706,0.01635897159576416,-0.09640967845916748,True,False,0.9723845720291138,0.9861922860145569,0.19563087821006775,0.6997700333595276,0.2795645296573639,0.001419966109097004,0.01425773836672306,0.998581051826477,0.9983106851577759,4.285480827093124e-06,True,1.3807380199432373,-4.6425266191363335e-06
Grocery,42,5392,4653,28764,text,4,0.08703882992267609,3,44,0.14642717688402968,1.0,0.9695522785186768,0.5930997133255005,0.000811457633972168,-0.029089927673339844,True,False,0.923195481300354,0.961597740650177,0.09538277983665466,0.30826255679130554,0.3094205856323242,0.013264154084026814,0.09328673779964447,0.9868234395980835,0.9814913272857666,-2.469867467880249e-06,True,2.001565933227539,-3.5297125577926636e-07
Grocery,42,3513,2010,8726,text,3,0.37796449661254883,1,7,0.14642717688402968,1.0,0.9911817312240601,0.7486698627471924,0.0017458796501159668,0.07353520393371582,True,True,0.9647483825683594,0.9823741912841797,0.4111569821834564,0.4111569821834564,1.0,0.0061203911900520325,0.04618341475725174,0.9938982725143433,0.9899265170097351,-0.0002810782752931118,False,,
Grocery,42,11468,11631,97504,text,4,0.06415002793073654,3,81,0.14642717688402968,1.0,0.983300507068634,0.5237512588500977,0.005853235721588135,-0.07117748260498047,True,False,0.9629459381103516,0.9814729690551758,0.13017849624156952,0.43565046787261963,0.2988140881061554,0.02506282553076744,0.15715749561786652,0.9752486348152161,0.961824357509613,7.382221519947052e-05,True,1.1031336784362793,9.37003642320633e-05
Grocery,42,1832,1626,6725,text,2,0.4999999701976776,2,2,0.14642717688402968,1.0,0.9876546263694763,0.5864340662956238,0.0037837624549865723,0.011520683765411377,True,True,0.9351605176925659,0.967580258846283,0.48517051339149475,0.9779284596443176,0.4961206614971161,0.04468054696917534,0.21600796282291412,0.9563029408454895,0.921517014503479,0.0005830526351928711,True,1.7071068286895752,0.0003556162118911743
Grocery,42,686,717,3084,text,4,0.3162277638912201,2,5,0.14642717688402968,1.0,0.9999778270721436,0.9007776379585266,0.008362531661987305,0.12658071517944336,True,True,0.9995619058609009,0.9997809529304504,0.21920418739318848,0.44094347953796387,0.4971253573894501,0.4807647466659546,0.9049293994903564,0.6183103322982788,0.28295448422431946,-0.0009846389293670654,True,2.0,-0.00020825862884521484
Grocery,42,3061,13894,118719,visual,2,0.3333333134651184,3,3,0.14642717688402968,1.0,0.9870033860206604,0.5790877342224121,-0.0003821849822998047,0.02852940559387207,False,True,0.9659292101860046,0.9829646348953247,0.32417410612106323,0.876015841960907,0.37005507946014404,4.5494303703308105,1.0513724088668823,0.49587035179138184,0.06749272346496582,0.10947751998901367,True,1.4782925844192505,0.10177087783813477
Grocery,42,1218,16222,137086,visual,4,0.13608276844024658,9,6,0.14642717688402968,0.4444444444444444,0.9832210540771484,0.5081871151924133,0.0059653520584106445,-0.08932459354400635,True,False,0.9443175196647644,0.9721587896347046,0.09267954528331757,0.8444892168045044,0.10974627733230591,2.2157771587371826,1.032991647720337,0.5660187005996704,0.26028233766555786,-0.014978647232055664,True,1.137673020362854,0.0011835098266601562
Grocery,42,12353,7600,53684,visual,2,0.1386750489473343,4,13,0.14642717688402968,1.0,0.983204185962677,0.6104972958564758,0.007127583026885986,-0.09652847051620483,True,False,0.9799470901489258,0.9899735450744629,0.1502155363559723,0.5978718400001526,0.25125038623809814,0.28581488132476807,0.7385402917861938,0.7514017224311829,0.5415250062942505,-0.03274008631706238,True,1.4040535688400269,-0.004735857248306274
Grocery,42,10447,5239,34002,visual,3,0.04583492875099182,28,17,0.14642717688402968,0.14285714285714285,0.9594184756278992,0.6680769920349121,-0.006237030029296875,0.015875577926635742,False,True,0.9819201827049255,0.9909601211547852,0.041634779423475266,0.948961079120636,0.04387406259775162,0.022924985736608505,0.14940188825130463,0.9773358106613159,0.967248260974884,-0.00029538944363594055,True,1.0506653785705566,-0.00032848864793777466
Grocery,42,14275,14769,127533,visual,4,0.15075567364692688,22,2,0.14642717688402968,0.18181818181818182,0.9759416580200195,0.5179415941238403,-0.00593256950378418,-0.0878596305847168,False,False,0.9726698398590088,0.9863349199295044,0.047933172434568405,1.026647686958313,0.04668901860713959,0.045326944440603256,0.23643580079078674,0.9556849598884583,0.9273676872253418,-0.00010356307029724121,True,1.113943099975586,0.00026746466755867004
Grocery,42,459,514,2219,visual,4,0.5,1,4,0.14642717688402968,1.0,0.9899154305458069,0.638923168182373,0.004313170909881592,0.006071329116821289,True,True,0.9914728403091431,0.9957364201545715,0.5686637163162231,0.5686637163162231,1.0,0.0076184202916920185,0.061075359582901,0.9924105405807495,0.9908756613731384,0.0003414866514503956,False,,
Grocery,42,14111,14393,124317,text,4,0.06454972177743912,10,24,0.14642717688402968,0.4,0.9648471474647522,0.6828593611717224,-0.0066127777099609375,-0.047319889068603516,False,False,0.9175201654434204,0.9587600827217102,0.06719502061605453,0.6976271867752075,0.09631938487291336,0.015892740339040756,0.0994780883193016,0.9842329025268555,0.9723551869392395,7.3928385972976685e-06,True,1.087354063987732,2.1122395992279053e-06
Grocery,42,6314,6126,41813,text,1,0.0589255690574646,18,16,0.14642717688402968,0.2222222222222222,0.9763576984405518,0.48714330792427063,-0.0012007355690002441,-0.12222644686698914,False,False,0.9532259702682495,0.9766129851341248,0.058688558638095856,0.7383966445922852,0.07948107272386551,0.007619485259056091,0.0606895312666893,0.9924094676971436,0.9895623922348022,2.0229723304510117e-05,True,1.0745394229888916,-2.839602530002594e-06
Grocery,42,10749,10793,88562,text,2,0.24253563582897186,17,1,0.14642717688402968,0.23529411764705882,0.9823634028434753,0.3243720829486847,0.0005359649658203125,-0.03247842192649841,True,False,0.9595016837120056,0.9797508716583252,0.05869020149111748,0.8197540640830994,0.07159488648176193,0.007043295074254274,0.052014097571372986,0.9929814338684082,0.9887654185295105,1.6098376363515854e-05,True,1.3154616355895996,-4.332559183239937e-05
Grocery,42,12286,7152,49927,text,4,0.05407380685210228,9,38,0.14642717688402968,0.4444444444444444,0.9896008372306824,0.9749205112457275,0.01778554916381836,0.01730400323867798,True,True,0.9702060222625732,0.9851030111312866,0.05689694732427597,0.5508303642272949,0.1032930463552475,0.15556013584136963,0.5419977307319641,0.8559355735778809,0.7399851679801941,0.0006879866123199463,True,1.0932939052581787,0.00011131167411804199
Grocery,42,3327,6933,47755,visual,1,0.37796449661254883,1,7,0.14642717688402968,1.0,0.9910525679588318,0.5957386493682861,0.009890437126159668,0.006943464279174805,True,True,0.9788025617599487,0.9894012808799744,0.3761671781539917,0.3761671781539917,1.0,0.29434117674827576,0.937828779220581,0.7450222373008728,0.6152554750442505,0.062245845794677734,False,,
Grocery,42,2181,13641,116159,visual,1,0.08058230578899384,7,22,0.14642717688402968,0.5714285714285714,0.9431901574134827,0.48896098136901855,-0.02105015516281128,-0.16005277633666992,False,False,0.9886672496795654,0.9943336248397827,0.08008118718862534,0.712771475315094,0.11235184222459793,0.2097732275724411,0.8472259640693665,0.8107680678367615,0.7275113463401794,-0.0008551478385925293,True,1.113675594329834,0.014529705047607422
Grocery,42,11002,14847,128511,visual,1,0.3333333134651184,3,3,0.14642717688402968,1.0,0.9427087306976318,0.6916182637214661,-0.0120011568069458,0.006193101406097412,False,True,0.9828015565872192,0.9914007782936096,0.3318057060241699,0.7661627531051636,0.4330747127532959,1.9152297973632812,1.284514307975769,0.6233882904052734,0.4760802984237671,0.04582500457763672,True,1.6996674537658691,0.24926996231079102
Grocery,42,14110,14116,121201,text,3,0.2182178944349289,7,3,0.14642717688402968,0.5714285714285714,0.9999542832374573,0.7598397135734558,0.010383546352386475,-0.011437833309173584,True,False,0.9998854398727417,0.9999427199363708,0.102960005402565,0.5963532328605652,0.17264936864376068,0.022298213094472885,0.127852201461792,0.9779485464096069,0.9602525234222412,-0.00017325393855571747,True,1.323578953742981,-2.285093069076538e-05
Grocery,42,11119,11327,94888,text,4,0.04428074508905411,15,34,0.14642717688402968,0.26666666666666666,0.9869800209999084,0.7847747802734375,0.006884753704071045,0.07959222793579102,True,True,0.9312027096748352,0.9656013250350952,0.053032755851745605,0.7972583174705505,0.06651891022920609,0.001964307390153408,0.01876865327358246,0.9980376362800598,0.9975869059562683,9.51811671257019e-07,True,1.0431571006774902,5.948822945356369e-07
Grocery,42,14880,13546,115074,visual,3,0.0668153166770935,8,28,0.14642717688402968,0.5,0.9840235710144043,0.5994492173194885,0.0053997039794921875,-0.06579822301864624,True,False,0.9706118106842041,0.985305905342102,0.07817887514829636,0.6135793924331665,0.12741443514823914,0.4503210186958313,1.059842586517334,0.6374235153198242,0.4022161662578583,0.011508136987686157,True,1.1286343336105347,-0.0028769075870513916
Grocery,42,16863,15749,134797,visual,3,0.14907120168209076,3,15,0.14642717688402968,1.0,0.967395544052124,0.6725353002548218,-0.01167905330657959,0.07549130916595459,False,True,0.972171425819397,0.9860857129096985,0.15882234275341034,0.6470001339912415,0.24547497928142548,0.020103508606553078,0.13101452589035034,0.980097234249115,0.9704795479774475,0.000826861709356308,True,1.2702763080596924,0.00032218359410762787
Grocery,42,8814,13979,119576,text,1,0.10050378739833832,9,11,0.14642717688402968,0.4444444444444444,0.9920713305473328,0.6035597920417786,0.010707259178161621,-0.08230054378509521,True,False,0.9733998775482178,0.9866999387741089,0.10039561986923218,1.0134392976760864,0.09906426817178726,0.010049106553196907,0.07909739762544632,0.9900012016296387,0.9881294965744019,-0.00023736059665679932,True,1.0924065113067627,-0.00019828882068395615
Grocery,42,9257,10635,85952,visual,2,0.20412413775920868,4,6,0.14642717688402968,1.0,0.985659658908844,0.6442813873291016,0.01360231637954712,-0.015859544277191162,True,False,0.9872311949729919,0.9936156272888184,0.12555301189422607,0.5313016772270203,0.23631209135055542,0.008453892543911934,0.06596893817186356,0.9915817379951477,0.9887316226959229,0.0007550502195954323,True,1.7484904527664185,-0.00029650330543518066
Grocery,42,6420,7565,53272,visual,1,0.07273929566144943,9,21,0.14642717688402968,0.4444444444444444,0.9930879473686218,0.6668809056282043,0.011040031909942627,0.0008746981620788574,True,True,0.987705409526825,0.9938527345657349,0.07233653217554092,0.49082958698272705,0.14737606048583984,0.00386265991255641,0.03282947838306427,0.9961447715759277,0.9947634935379028,7.765926420688629e-05,True,1.15654456615448,0.00014581391587853432
Grocery,42,13118,13626,115983,visual,3,0.14433756470680237,3,16,0.14642717688402968,1.0,0.9814231395721436,0.7063372731208801,0.013513803482055664,0.01866084337234497,True,True,0.9902929067611694,0.9951464533805847,0.12719891965389252,0.3917967975139618,0.32465532422065735,0.00930260494351387,0.07227825373411179,0.9907405376434326,0.9874298572540283,0.00032934173941612244,True,1.4116038084030151,6.637256592512131e-05
Grocery,42,1743,472,2041,text,1,0.1154700517654419,15,5,0.14642717688402968,0.26666666666666666,0.9580998420715332,0.6977160573005676,-0.018901526927947998,-0.043180882930755615,False,False,0.8957948684692383,0.9478974342346191,0.11549638956785202,1.333163857460022,0.08663330227136612,0.0021962826140224934,0.018777724355459213,0.9978061318397522,0.9963449239730835,-1.85561366379261e-05,True,1.0815014839172363,-2.6644673198461533e-05
Grocery,42,12203,7738,54768,text,1,0.07372097671031952,23,8,0.14642717688402968,0.17391304347826086,0.9424477219581604,0.548773467540741,-0.01448291540145874,-0.0572853684425354,False,False,0.9190785884857178,0.9595392942428589,0.07351936399936676,1.4920568466186523,0.049273837357759476,0.5658388733863831,0.7710984945297241,0.5678835511207581,0.14866620302200317,-0.0011913180351257324,True,1.0418609380722046,-0.0018036365509033203
Grocery,42,1583,784,3347,text,2,0.1714985966682434,2,17,0.14642717688402968,1.0,0.9801444411277771,0.5088589191436768,0.007562041282653809,-0.035647809505462646,True,False,0.9313446283340454,0.9656723141670227,0.27651265263557434,0.5592571496963501,0.49442845582962036,0.013376493006944656,0.09831300377845764,0.9867125749588013,0.9829241633415222,-2.176128327846527e-05,True,1.9074852466583252,-4.222895950078964e-05
Grocery,42,8676,8881,65816,text,3,0.1714985966682434,2,17,0.14642717688402968,1.0,0.9828774929046631,0.6033073663711548,0.006956696510314941,0.01305246353149414,True,True,0.9310827255249023,0.9655413627624512,0.1283707469701767,0.32455337047576904,0.39553046226501465,0.005004379898309708,0.041193537414073944,0.995008111000061,0.9926713705062866,5.515431985259056e-05,True,1.8401681184768677,-9.691249579191208e-05
Grocery,42,3682,8985,66758,text,2,0.04494665935635567,11,45,0.14642717688402968,0.36363636363636365,0.9729563593864441,0.5561432242393494,-0.0018219351768493652,-0.06779605150222778,False,False,0.9232253432273865,0.9616127014160156,0.06726851314306259,0.7322602868080139,0.091864213347435,1.581454873085022,0.9398547410964966,0.6666052341461182,0.4609295725822449,0.0029104948043823242,True,1.0517494678497314,0.0023376941680908203
Grocery,42,7512,6686,45976,text,3,0.0824786126613617,7,21,0.14642717688402968,0.5714285714285714,0.9975292682647705,0.9238502979278564,0.008866608142852783,0.00670468807220459,True,True,0.9902204275131226,0.9951102137565613,0.08605489134788513,0.6127209663391113,0.14044710993766785,0.013855936005711555,0.08856263756752014,0.9862396121025085,0.9762240052223206,0.00016352534294128418,True,1.134965419769287,3.5152770578861237e-05
Grocery,42,8511,9325,70889,visual,4,0.40824827551841736,3,2,0.14642717688402968,1.0,0.9926913380622864,1.0,-0.002129852771759033,0.2270733118057251,False,True,1.0,1.0,0.37079447507858276,1.0916246175765991,0.33967214822769165,0.055710118263959885,0.2875312864780426,0.9458132982254028,0.9172020554542542,-0.0043560899794101715,True,1.4142136573791504,-0.0018342025578022003
Grocery,42,15914,12916,108421,visual,1,0.3535533845424652,4,2,0.14642717688402968,1.0,0.9688771367073059,0.5347335934638977,-0.0020418763160705566,-0.013314604759216309,False,False,0.9787885546684265,0.9893943071365356,0.35154908895492554,0.7752243876457214,0.45348042249679565,0.5995752215385437,1.019300103187561,0.5490447878837585,0.17185911536216736,-0.03478318452835083,True,1.6614437103271484,-0.13289836049079895
Grocery,42,13895,13892,118713,visual,2,0.19245009124279022,9,3,0.14642717688402968,0.4444444444444444,0.9693897366523743,0.8337515592575073,-0.005081653594970703,0.10584753751754761,False,True,0.9939060211181641,0.996953010559082,0.12091247737407684,1.0380983352661133,0.11647497117519379,0.010640907101333141,0.08064766228199005,0.9894155263900757,0.9859429001808167,-0.0005155643448233604,True,1.1420907974243164,-0.0004447614774107933
Grocery,42,10407,10096,79596,text,1,0.13608276844024658,3,18,0.14642717688402968,1.0,0.9836993217468262,0.6891323924064636,0.01715528964996338,0.05539196729660034,True,True,0.9545260667800903,0.9772630333900452,0.13578398525714874,0.2898912727832794,0.46839624643325806,0.09896605461835861,0.46413183212280273,0.9057734608650208,0.8709339499473572,-0.0018514618277549744,True,1.6698969602584839,0.001461908221244812
Grocery,42,1577,1707,7204,visual,3,0.04141576588153839,11,53,0.14642717688402968,0.36363636363636365,0.9595409631729126,0.6329851746559143,-0.005523324012756348,0.03172272443771362,False,True,0.9536656737327576,0.9768328666687012,0.06311537325382233,0.9905450344085693,0.06371781975030899,0.01255536638200283,0.09850478172302246,0.9875231385231018,0.9852758646011353,-8.040759712457657e-05,True,1.0313332080841064,-4.4617801904678345e-05
Grocery,42,15127,1707,7233,text,3,0.07930515706539154,3,53,0.14642717688402968,1.0,0.9765073657035828,0.6060706377029419,0.0015957355499267578,-0.036101698875427246,True,False,0.9163442254066467,0.958172082901001,0.10856161266565323,0.4056568443775177,0.2676193416118622,0.8969312906265259,1.8458908796310425,0.4078192114830017,0.1600690335035324,0.01500791311264038,True,1.1437857151031494,0.005078911781311035
Grocery,42,10407,3727,17920,visual,4,0.1259881556034088,3,21,0.14642717688402968,1.0,0.9432936906814575,0.6164198517799377,-0.00893712043762207,-0.04302698373794556,False,False,0.9814420342445374,0.9907209873199463,0.12794449925422668,0.38408276438713074,0.3331170082092285,0.09896605461835861,0.46413183212280273,0.9057734608650208,0.8709339499473572,-0.005182571709156036,True,1.5908433198928833,-0.0013046711683273315
Grocery,42,8229,8166,58000,visual,1,0.1666666716337204,4,9,0.14642717688402968,1.0,0.9884860515594482,0.8078320026397705,0.030230462551116943,0.004747450351715088,True,True,0.9779455065727234,0.9889727830886841,0.1658303439617157,0.6096146106719971,0.27202486991882324,0.003596031339839101,0.031351830810308456,0.9964104294776917,0.9953206777572632,0.00018955697305500507,True,1.3520172834396362,6.889062933623791e-05
Grocery,42,7418,3788,18539,visual,3,0.036711156368255615,2,371,0.14642717688402968,1.0,0.9646562337875366,0.5081133842468262,-0.004752457141876221,-0.0677950382232666,False,False,0.9456697106361389,0.9728348255157471,0.0730796679854393,0.23505529761314392,0.3109041452407837,0.07424262166023254,0.3524337112903595,0.9284464120864868,0.8921853303909302,-0.001899629831314087,True,1.194257140159607,-0.002366691827774048
Grocery,42,2018,3772,18245,text,4,0.24253563582897186,1,17,0.14642717688402968,1.0,0.9749001264572144,0.4569910168647766,0.0062732696533203125,-0.02515748143196106,True,False,0.9268955588340759,0.9634478092193604,0.3332996368408203,0.3332996368408203,1.0,0.5451275706291199,1.2312017679214478,0.5797678232192993,0.41526591777801514,0.005060374736785889,False,,
Grocery,42,11549,11726,98689,text,3,0.06917144358158112,11,19,0.14642717688402968,0.36363636363636365,0.98710697889328,0.5936775803565979,0.007949411869049072,0.033455073833465576,True,True,0.9432024955749512,0.9716012477874756,0.0746379941701889,0.8340632915496826,0.08948720991611481,0.0017087158048525453,0.01590585708618164,0.9982927441596985,0.9975088238716125,5.7122670114040375e-06,True,1.0685533285140991,2.3801112547516823e-06
Grocery,42,16826,9796,76513,text,2,0.0857492983341217,8,17,0.14642717688402968,0.5,0.9809572696685791,0.625356137752533,0.004924416542053223,0.01731318235397339,True,True,0.9360238313674927,0.9680119156837463,0.10605453699827194,0.7288660407066345,0.14550621807575226,1.287819266319275,1.121614933013916,0.5376614332199097,0.2617897093296051,0.000415802001953125,True,1.165077805519104,0.0020644664764404297
Grocery,42,880,54,210,text,3,0.07881104201078415,7,23,0.14642717688402968,0.5714285714285714,0.9823809862136841,0.6855595111846924,0.01025247573852539,0.041083693504333496,True,True,0.9576687812805176,0.9788343906402588,0.06514070928096771,0.47771066427230835,0.13636016845703125,0.3504236936569214,1.0550262928009033,0.7043895721435547,0.5419801473617554,-0.010660171508789062,True,1.2162057161331177,-0.0004057586193084717
Grocery,42,4497,4307,23284,text,4,0.019641855731606483,12,216,0.14642717688402968,0.3333333333333333,0.957487165927887,0.6994127035140991,-0.013639867305755615,0.027974963188171387,False,True,0.9087797999382019,0.9543899297714233,0.05400560423731804,0.655849039554596,0.08234456926584244,0.013170745223760605,0.09134730696678162,0.9869155883789062,0.980276346206665,1.552887260913849e-05,True,1.0331648588180542,1.3529323041439056e-05
Grocery,42,10583,4456,26006,text,1,0.015089291147887707,72,61,0.14642717688402968,0.05555555555555555,0.9723839163780212,0.5445162653923035,0.005222916603088379,-0.06243675947189331,True,False,0.9031069278717041,0.951553463935852,0.0150022953748703,1.4836386442184448,0.010111825540661812,0.04199623316526413,0.2466772198677063,0.9588733911514282,0.9440983533859253,2.1371990442276e-05,True,1.0082402229309082,-3.726780414581299e-05
Grocery,42,118,6804,46713,text,3,0.07715167850255966,28,6,0.14642717688402968,0.14285714285714285,0.9895227551460266,0.4979735314846039,0.018123090267181396,-0.03310611844062805,True,False,0.9485562443733215,0.9742780923843384,0.07508412003517151,1.5396872758865356,0.04876582324504852,0.04049254208803177,0.18715155124664307,0.9603163003921509,0.9242481589317322,0.00013473257422447205,True,1.0368232727050781,0.0003272406756877899
Grocery,42,16873,16230,137123,text,4,0.0800640732049942,6,26,0.14642717688402968,0.6666666666666666,0.9169432520866394,0.5363456606864929,-0.03423029184341431,-0.013792276382446289,False,False,0.8429723978042603,0.9214861989021301,0.0921081155538559,0.6041128039360046,0.15246839821338654,0.08995150029659271,0.41246047616004944,0.9139755368232727,0.8675436973571777,-4.271417856216431e-05,True,1.1835405826568604,-0.00011135637760162354
Grocery,42,9008,9267,70242,text,2,0.04962916672229767,7,58,0.14642717688402968,0.5714285714285714,0.9584612846374512,0.7140202522277832,-0.014989733695983887,0.031265199184417725,False,True,0.8558268547058105,0.9279134273529053,0.0705658569931984,0.5412431359291077,0.1303773671388626,0.004689172375947237,0.03849446401000023,0.9953218102455139,0.9929345846176147,7.712282240390778e-06,True,1.0767405033111572,1.0322779417037964e-05
Grocery,42,15852,15573,133946,visual,1,0.37796449661254883,1,7,0.14642717688402968,1.0,0.9865090250968933,0.5325196981430054,0.0021036267280578613,0.011469125747680664,True,True,0.9832802414894104,0.9916400909423828,0.3759610056877136,0.3759610056877136,1.0,0.08601202070713043,0.3892666697502136,0.9175832271575928,0.8612523078918457,0.013819307088851929,False,,
Grocery,42,12055,11138,92841,visual,4,0.05129891633987427,20,19,0.14642717688402968,0.2,0.988741934299469,0.6286594867706299,0.013233959674835205,-0.0543331503868103,True,False,0.9839127063751221,0.991956353187561,0.04521341621875763,0.9080607295036316,0.04979117959737778,0.0020092790946364403,0.018940243870019913,0.997992753982544,0.9973048567771912,-1.18953175842762e-06,True,1.0622910261154175,5.948822945356369e-07
Grocery,42,8128,2277,9901,visual,1,0.18257418274879456,15,2,0.14642717688402968,0.26666666666666666,0.9267532229423523,0.4654044806957245,-0.018482744693756104,-0.008472651243209839,False,False,0.9377835988998413,0.9688917994499207,0.18187586963176727,1.1319457292556763,0.16067543625831604,2.3518259525299072,0.41720351576805115,0.8904204964637756,0.7952253222465515,0.007190227508544922,True,1.1551679372787476,0.017257213592529297
Grocery,42,16792,16254,137280,text,4,0.14907120168209076,9,5,0.14642717688402968,0.4444444444444444,0.9765468835830688,0.6543366312980652,-0.005332350730895996,0.0502048134803772,False,True,0.93743896484375,0.968719482421875,0.0793066918849945,0.8041022419929504,0.09862761944532394,0.2077554315328598,0.5409938097000122,0.8124057054519653,0.6344902515411377,-3.0994415283203125e-06,True,1.197168231010437,-0.00012290477752685547
Grocery,42,7725,6798,46667,text,3,0.0625,4,64,0.14642717688402968,1.0,0.9873268008232117,0.36400163173675537,0.013371467590332031,-0.16571491956710815,True,False,0.943681538105011,0.9718407392501831,0.09712691605091095,0.42560961842536926,0.2282065749168396,0.005868230015039444,0.04725532978773117,0.9941489696502686,0.9917683601379395,0.0001917337067425251,True,1.1188164949417114,0.00020571518689393997
Grocery,42,7032,7762,54889,visual,3,0.10482849180698395,7,13,0.14642717688402968,0.5714285714285714,0.9787721633911133,0.5721490979194641,0.0029920339584350586,-0.0616571307182312,True,False,0.9338811039924622,0.9669405221939087,0.08808454871177673,0.5750621557235718,0.15317396819591522,0.4701084792613983,0.9766078591346741,0.6249344944953918,0.34405502676963806,0.00936192274093628,True,1.2094379663467407,0.00362473726272583
Grocery,42,3566,3801,18727,text,3,0.18257418274879456,2,15,0.14642717688402968,1.0,0.9822837114334106,0.7053340673446655,0.024887263774871826,0.030466794967651367,True,True,0.7432741522789001,0.8716371059417725,0.13327185809612274,0.2722846269607544,0.4894578754901886,0.3943422734737396,1.2435647249221802,0.6741232872009277,0.5646952986717224,0.004851400852203369,True,1.8164966106414795,-0.005894005298614502
Grocery,42,13882,13676,116639,text,3,0.07881104201078415,7,23,0.14642717688402968,0.5714285714285714,0.9895889759063721,0.6448664665222168,0.02635514736175537,-0.01665288209915161,True,False,0.9722096920013428,0.9861048460006714,0.07467024773359299,0.5458372235298157,0.13679948449134827,0.021802039816975594,0.14120526611804962,0.9784339070320129,0.9684867262840271,-0.00013449415564537048,True,1.1057621240615845,-1.3647601008415222e-05
Grocery,42,6061,9951,78177,visual,3,0.11952285468578339,5,14,0.14642717688402968,0.8,0.9337989091873169,0.5628559589385986,-0.0281984806060791,-0.06653916835784912,False,False,0.9580607414245605,0.9790303707122803,0.11491072177886963,0.41797590255737305,0.27492189407348633,0.21968814730644226,0.8858276605606079,0.802769124507904,0.7504184246063232,-0.0020501166582107544,True,1.3756015300750732,0.006955355405807495
Grocery,42,13200,13227,111570,visual,4,0.04291410744190216,3,181,0.14642717688402968,1.0,0.9257380366325378,0.6205599308013916,-0.022791683673858643,-0.04022955894470215,False,False,0.9426830410957336,0.9713414907455444,0.19155669212341309,0.5411801338195801,0.3539610505104065,0.09261471778154373,0.42040327191352844,0.9115446209907532,0.8509939908981323,0.001440286636352539,True,1.3388292789459229,-0.0012338832020759583
Grocery,42,8816,8460,60608,text,1,0.043519411236047745,24,22,0.14642717688402968,0.16666666666666666,0.9538307189941406,0.9023665189743042,-0.006435275077819824,0.2546796202659607,False,True,0.935886025428772,0.967943012714386,0.04335504770278931,0.690002977848053,0.06283313035964966,0.06770972162485123,0.318316251039505,0.9345316886901855,0.8937692642211914,2.49519944190979e-05,True,1.0559961795806885,-0.00036212801933288574
Grocery,42,4167,3669,17658,visual,3,0.0857492983341217,4,34,0.14642717688402968,1.0,0.951945424079895,0.6543008089065552,-0.013580799102783203,0.014486849308013916,False,True,0.9683411121368408,0.9841705560684204,0.10869085043668747,0.322360098361969,0.33717215061187744,0.008399280719459057,0.06217403709888458,0.9916359186172485,0.9869686961174011,0.00024171452969312668,True,1.5141541957855225,0.0005754092708230019
Grocery,42,10407,14731,127302,text,3,0.07715167105197906,3,56,0.14642717688402968,1.0,0.9695886969566345,0.543881893157959,0.0009900331497192383,-0.07701981067657471,True,False,0.8920105695724487,0.9460052847862244,0.10995616018772125,0.3346014618873596,0.32861828804016113,0.09896605461835861,0.46413183212280273,0.9057734608650208,0.8709339499473572,0.0009421929717063904,True,1.2943922281265259,0.0014684796333312988
Grocery,42,15768,15911,135600,visual,2,0.20412413775920868,4,6,0.14642717688402968,1.0,0.9662399291992188,0.9123550653457642,-0.013607263565063477,0.33574914932250977,False,True,0.9961512088775635,0.9980756044387817,0.17033490538597107,0.7468555569648743,0.22806940972805023,0.20507530868053436,0.7204521298408508,0.8145859837532043,0.7157541513442993,0.015388652682304382,True,1.3749430179595947,0.007056891918182373
Grocery,42,1228,1901,8043,visual,2,0.2182178944349289,3,7,0.14642717688402968,1.0,0.9906808137893677,0.737082839012146,0.007303833961486816,-0.0007959604263305664,True,False,0.9904431104660034,0.9952215552330017,0.12310062348842621,0.48899710178375244,0.2517410218715668,0.24616943299770355,0.968418300151825,0.7817897796630859,0.7282096743583679,0.01678900420665741,True,1.4422187805175781,0.011397138237953186
Grocery,42,17012,13227,111642,visual,4,0.012563963420689106,35,181,0.14642717688402968,0.11428571428571428,0.9503389000892639,0.6141005158424377,-0.013400852680206299,-0.016038596630096436,False,False,0.9407761096954346,0.9703880548477173,0.05608205497264862,1.400114893913269,0.040055323392152786,1.16717529296875,1.0910398960113525,0.5115529298782349,0.20030802488327026,0.0011756420135498047,True,1.0077847242355347,0.0016057491302490234
Grocery,42,9581,10289,81911,visual,2,0.40824827551841736,3,2,0.14642717688402968,1.0,0.9908446073532104,0.6062775254249573,0.012243270874023438,0.007250368595123291,True,True,0.9797122478485107,0.9898561239242554,0.21730825304985046,0.5655713677406311,0.38422781229019165,0.34878620505332947,0.8982083797454834,0.7055439352989197,0.48773878812789917,-0.01705312728881836,True,2.1464812755584717,-0.02561962604522705
Grocery,42,8110,7067,49046,text,4,0.034020692110061646,48,18,0.14642717688402968,0.08333333333333333,0.9813913702964783,0.9680811762809753,0.00592416524887085,0.0010649561882019043,True,True,0.8398159742355347,0.9199079871177673,0.02086535282433033,1.1269793510437012,0.01851440593600273,0.6727508306503296,0.9389731287956238,0.5103029012680054,0.06354066729545593,-0.0010772943496704102,True,1.027760624885559,0.0005496740341186523
Grocery,42,16258,16832,140454,visual,2,0.12909944355487823,12,5,0.14642717688402968,0.3333333333333333,0.9814624190330505,0.6077585816383362,0.009435892105102539,-0.017180144786834717,True,False,0.9719986915588379,0.985999345779419,0.048535969108343124,0.8942388892173767,0.05427629128098488,0.09594332426786423,0.48149001598358154,0.9085155129432678,0.8804088234901428,0.0014341026544570923,True,1.2060667276382446,-0.0014685839414596558
Grocery,42,11907,11880,100291,text,2,0.20000000298023224,1,25,0.14642717688402968,1.0,0.9875348210334778,0.9621667265892029,0.004537999629974365,0.10318058729171753,True,True,0.9561675190925598,0.9780837297439575,0.2134339064359665,0.2134339064359665,1.0,0.018274277448654175,0.1161583662033081,0.9818916916847229,0.9720945954322815,0.0003205500543117523,False,,
Grocery,42,13686,14980,130045,text,2,0.15811388194561005,1,40,0.14642717688402968,1.0,0.9924013614654541,0.5822345614433289,0.008886516094207764,0.0007953047752380371,True,True,0.9758342504501343,0.9879171252250671,0.35527682304382324,0.35527682304382324,1.0,0.4245510399341583,1.3448551893234253,0.65406334400177,0.544960081577301,0.00042742490768432617,False,,
Grocery,42,6621,7367,51736,text,4,0.0653720498085022,13,18,0.14642717688402968,0.3076923076923077,0.9576792120933533,0.9952684640884399,-0.009417355060577393,0.13181036710739136,False,True,0.8168069124221802,0.9084034562110901,0.06520635634660721,0.836711049079895,0.07793174684047699,0.00817004032433033,0.059047307819128036,0.9918632507324219,0.986931562423706,5.675479769706726e-06,True,1.0863490104675293,1.1827796697616577e-07
Grocery,42,6355,15444,133082,text,4,0.11322770267724991,6,13,0.14642717688402968,0.6666666666666666,0.968593955039978,0.7238661646842957,-0.0034394264221191406,0.04140251874923706,False,True,0.9399155974388123,0.9699578285217285,0.11788154393434525,0.7900543808937073,0.14920687675476074,0.580822229385376,1.245540738105774,0.5594382286071777,0.34606117010116577,0.00038313865661621094,True,1.1052922010421753,6.54458999633789e-05
Grocery,42,10462,9100,68173,text,3,0.044901322573423386,8,62,0.14642717688402968,0.5,0.983749270439148,0.7245376110076904,0.002376556396484375,-0.018466651439666748,True,False,0.9698770046234131,0.9849385023117065,0.05474274605512619,0.6143214702606201,0.08911091089248657,0.004493022337555885,0.03808626905083656,0.9955170750617981,0.9937351942062378,4.1532330214977264e-06,True,1.0603411197662354,-8.188653737306595e-06
Grocery,42,4804,5266,34266,text,1,0.15430334210395813,2,21,0.14642717688402968,1.0,0.9881434440612793,0.854012668132782,0.00731426477432251,0.08901602029800415,True,True,0.9669874906539917,0.9834937453269958,0.15389657020568848,0.486886590719223,0.31608298420906067,0.12422813475131989,0.4712808430194855,0.8831783533096313,0.7929661273956299,0.0073134154081344604,True,1.4364358186721802,0.0002560168504714966
Grocery,42,1802,12137,102483,visual,3,0.06565321236848831,2,116,0.14642717688402968,1.0,0.9145663380622864,0.5410783290863037,-0.027845919132232666,-0.0426713228225708,False,False,0.9601008892059326,0.9800504446029663,0.13849909603595734,0.2910798490047455,0.4758113622665405,0.07691008597612381,0.34570300579071045,0.925973117351532,0.8690547943115234,-0.006393119692802429,True,1.4824504852294922,0.0014476403594017029
Grocery,42,2188,7365,51680,visual,4,0.046829286962747574,38,12,0.14642717688402968,0.10526315789473684,0.9674281477928162,0.6403387188911438,-0.010510861873626709,0.0255739688873291,False,True,0.9911577701568604,0.9955788850784302,0.055780522525310516,1.676648736000061,0.03326905891299248,0.7490032315254211,0.8008979558944702,0.5093353986740112,0.03649774193763733,0.0013784170150756836,True,1.0185749530792236,0.00039017200469970703
Grocery,42,9188,10382,83263,text,2,0.28867512941360474,2,6,0.14642717688402968,1.0,0.9779456853866577,0.6834132671356201,0.00014579296112060547,0.0008920431137084961,True,True,0.954764187335968,0.9773820638656616,0.3350297510623932,0.6893331408500671,0.4860200881958008,0.05120725557208061,0.3000992238521576,0.9500817656517029,0.9361106753349304,-6.387755274772644e-05,True,2.0,0.0007377229630947113
Grocery,42,15174,16122,136665,text,4,0.20412413775920868,3,8,0.14642717688402968,1.0,0.9307711124420166,0.6394392251968384,-0.026249468326568604,0.024009227752685547,False,True,0.8545534610748291,0.9272767305374146,0.11590506136417389,0.4015817940235138,0.28862130641937256,0.2565244734287262,0.900621771812439,0.7737360596656799,0.6673805117607117,0.0002308487892150879,True,1.3158072233200073,-0.00023412704467773438
Grocery,42,4497,4559,27473,visual,1,0.02380952425301075,12,147,0.14642717688402968,0.3333333333333333,0.9888926148414612,0.6719627380371094,0.02092045545578003,0.024993538856506348,True,True,0.9795987010002136,0.9897993803024292,0.02366388589143753,0.5564572215080261,0.04252597317099571,0.013170745223760605,0.09134730696678162,0.9869155883789062,0.980276346206665,0.00015281420201063156,True,1.0404866933822632,8.846819400787354e-05
Grocery,42,13342,13335,112934,visual,2,0.07161148637533188,13,15,0.14642717688402968,0.3076923076923077,0.9658466577529907,0.9767280220985413,-0.009815573692321777,0.114138662815094,False,True,0.9997045397758484,0.9998522996902466,0.0574764683842659,0.8221409916877747,0.06991071999073029,0.02473399229347706,0.13878118991851807,0.9755693674087524,0.9558842182159424,0.00037963688373565674,True,1.096430778503418,-6.826967000961304e-05
Grocery,42,11119,11637,97728,text,2,0.051639776676893234,15,25,0.14642717688402968,0.26666666666666666,0.9802367687225342,0.8030723333358765,0.0031737089157104492,0.08838266134262085,True,True,0.9228794574737549,0.9614397287368774,0.0433553121984005,0.8475216031074524,0.05115540698170662,0.001964307390153408,0.01876865327358246,0.9980376362800598,0.9975869059562683,0.0,True,1.0506929159164429,-7.136259227991104e-07
Grocery,42,16703,15100,131254,visual,4,0.12909944355487823,3,20,0.14642717688402968,1.0,0.9842968583106995,0.5405513048171997,0.004167377948760986,-0.01989150047302246,True,False,0.9568834900856018,0.9784417152404785,0.20380665361881256,0.4964057207107544,0.410564661026001,0.6174799203872681,0.906596302986145,0.5393018126487732,0.1235586404800415,0.06725329160690308,True,1.7731332778930664,0.1328309178352356
Grocery,42,12413,12696,107263,text,1,0.16903086006641388,7,5,0.14642717688402968,0.5714285714285714,0.984271764755249,0.8952723741531372,0.02869260311126709,0.15578889846801758,True,True,0.9558149576187134,0.9779074788093567,0.16870945692062378,0.4449840486049652,0.37913596630096436,0.052728068083524704,0.2891125977039337,0.9486379623413086,0.9278009533882141,0.0009374991059303284,True,1.4634830951690674,-0.0008163638412952423
Grocery,42,13476,5728,37947,visual,1,0.034020692110061646,24,36,0.14642717688402968,0.16666666666666666,0.9339485168457031,0.5768665075302124,-0.036222219467163086,-0.06384164094924927,False,False,0.9528257846832275,0.9764128923416138,0.033842261880636215,0.7717793583869934,0.04384965822100639,0.04860493168234825,0.23289573192596436,0.952557384967804,0.9132680296897888,-0.00021941214799880981,True,1.0370526313781738,-0.0005415715277194977
Grocery,42,10731,9779,76346,text,3,0.1178511306643486,8,9,0.14642717688402968,0.5,0.9835132956504822,0.682414710521698,0.010677576065063477,-0.03754812479019165,True,False,0.8751728534698486,0.9375864267349243,0.07729022204875946,0.5804609060287476,0.13315318524837494,0.0537806898355484,0.3010680079460144,0.9476398825645447,0.9284390807151794,0.001150812953710556,True,1.1860570907592773,1.389533281326294e-05
Grocery,42,6375,8080,57221,visual,3,0.058321185410022736,2,147,0.14642717688402968,1.0,0.9740679264068604,0.6664002537727356,-0.0016325712203979492,-0.009696662425994873,False,False,0.9537853598594666,0.9768927097320557,0.1371600180864334,0.3674076199531555,0.3733183741569519,1.5183879137039185,0.971001148223877,0.6694686412811279,0.4504038691520691,0.12943732738494873,True,1.2474358081817627,0.1645580530166626
Grocery,42,5304,6090,41596,visual,1,0.05783149227499962,23,13,0.14642717688402968,0.17391304347826086,0.9822611212730408,0.7131106853485107,0.01651167869567871,0.05347108840942383,True,True,0.975682258605957,0.9878411293029785,0.05749489367008209,0.8769903779029846,0.06555932015180588,0.0166479405015707,0.11086122691631317,0.9834898710250854,0.9743219017982483,9.09753143787384e-05,True,1.0629477500915527,0.00010433979332447052
Grocery,42,2906,3380,15776,text,3,0.4999999701976776,2,2,0.14642717688402968,1.0,0.9994748830795288,1.0,0.0020341873168945312,0.0,True,True,0.9940792322158813,0.9970396161079407,0.35157161951065063,0.5922045707702637,0.5936658382415771,0.043472327291965485,0.26252859830856323,0.957459032535553,0.9403844475746155,0.0006260797381401062,True,3.000000238418579,-0.0016036704182624817
Grocery,42,12728,12614,106781,text,2,0.05212860181927681,8,46,0.14642717688402968,0.5,0.9920501708984375,0.8730344772338867,0.02148425579071045,0.11365997791290283,True,True,0.9671899676322937,0.9835950136184692,0.11319149285554886,0.7216145396232605,0.1568586677312851,0.018107231706380844,0.12315849959850311,0.9820557236671448,0.9746606349945068,0.00014187954366207123,True,1.1304856538772583,5.8181583881378174e-05
Grocery,42,2339,947,3944,visual,4,0.07001400738954544,4,51,0.14642717688402968,1.0,0.9530289769172668,0.5647762417793274,-0.014692723751068115,-0.02960103750228882,False,False,0.934055745601654,0.9670279026031494,0.12865693867206573,0.5428118705749512,0.2370193898677826,0.057440344244241714,0.25390589237213135,0.9441782236099243,0.8965411186218262,-0.006204545497894287,True,1.3545854091644287,1.294165849685669e-05
Grocery,42,12406,13207,111243,visual,4,0.05270462855696678,1,360,0.14642717688402968,1.0,0.9855841398239136,0.5239658951759338,0.006558835506439209,-0.005327761173248291,True,False,0.9163705110549927,0.9581852555274963,0.3925427496433258,0.3925427496433258,1.0,0.011854439973831177,0.08893079310655594,0.9882155656814575,0.9846764206886292,0.0005233855918049812,False,,
Grocery,42,12523,12463,105565,text,3,0.3333333134651184,3,3,0.14642717688402968,1.0,0.9582632184028625,0.5788353085517883,-0.015327990055084229,-0.022855162620544434,False,False,0.9561817049980164,0.9780908823013306,0.23239876329898834,0.4920733869075775,0.4722847640514374,0.08836048096418381,0.34394970536231995,0.9154308438301086,0.8414013981819153,-0.0024870559573173523,True,1.9380638599395752,-0.00037339329719543457
Grocery,42,15890,16405,138139,text,1,0.267261266708374,7,2,0.14642717688402968,0.5714285714285714,0.9821231365203857,0.6914883852005005,-1.1920928955078125e-06,0.04981708526611328,False,True,0.9250229597091675,0.9625114798545837,0.2668780982494354,1.0656312704086304,0.250441312789917,0.17073513567447662,0.5990404486656189,0.8430448174476624,0.7314754128456116,-0.0018070787191390991,True,1.251135230064392,0.0008927434682846069
Grocery,42,11103,11203,93392,text,4,0.18898224830627441,4,7,0.14642717688402968,1.0,0.9816737771034241,0.5523475408554077,-0.002566993236541748,-0.03708076477050781,False,False,0.9674595594406128,0.9837297797203064,0.158392995595932,0.6506789326667786,0.24342726171016693,0.02240569330751896,0.14425723254680634,0.9778434634208679,0.9664128422737122,7.460080087184906e-05,True,1.2792387008666992,1.4454126358032227e-05
Grocery,42,9847,9866,77323,visual,1,0.05330017954111099,16,22,0.14642717688402968,0.25,0.9788417220115662,0.6393157839775085,0.004409611225128174,0.04413038492202759,True,True,0.9894267320632935,0.9947133660316467,0.05299633741378784,0.9078943729400635,0.058372799307107925,0.0025550834834575653,0.02296573296189308,0.997448205947876,0.9965676665306091,-7.728813216090202e-06,True,1.0529365539550781,9.39355231821537e-06
Grocery,42,15015,13977,119568,visual,3,0.017568208277225494,30,108,0.14642717688402968,0.13333333333333333,0.9754953980445862,0.7959631085395813,0.005674958229064941,0.1185692548751831,True,True,0.9923096895217896,0.9961548447608948,0.03291720151901245,1.0399861335754395,0.0316515788435936,0.010107169859111309,0.07559703290462494,0.9899437427520752,0.9859055876731873,6.077345460653305e-05,True,1.0159636735916138,6.289780139923096e-05
Grocery,42,7995,58,237,visual,4,0.7071067690849304,2,1,0.14642717688402968,1.0,0.9819903373718262,0.5679184794425964,0.0005606412887573242,0.0013538002967834473,True,True,0.9848634600639343,0.9924317598342896,0.3683769106864929,0.5858323574066162,0.6288094520568848,0.9036993980407715,0.9983826279640198,0.5278142094612122,0.12274584174156189,-0.04664123058319092,True,6.291501998901367,-0.04360020160675049
Grocery,42,348,978,4077,visual,3,0.14433756470680237,2,24,0.14642717688402968,1.0,0.9843798875808716,0.6478292942047119,0.00930321216583252,-0.03490281105041504,True,False,0.976083517074585,0.9880417585372925,0.19943343102931976,0.4266170561313629,0.4674764573574066,0.0032001733779907227,0.02692236937582493,0.99680495262146,0.9949015974998474,-2.8519192710518837e-05,True,1.6770031452178955,4.0282029658555984e-05
Grocery,42,10962,10804,88741,visual,2,0.05025189369916916,9,44,0.14642717688402968,0.4444444444444444,0.9670513868331909,0.6607851386070251,0.005471289157867432,0.04281359910964966,True,True,0.9645353555679321,0.9822676777839661,0.057616181671619415,0.8342108130455017,0.06906669586896896,0.0012421043356880546,0.012262914329767227,0.9987586736679077,0.9983038306236267,1.2382282875478268e-05,True,1.0497123003005981,1.547788269817829e-05
Grocery,42,16894,14572,125866,text,3,0.22360679507255554,2,10,0.14642717688402968,1.0,0.9835134148597717,0.7397156357765198,0.0069678425788879395,-0.036620914936065674,True,False,0.9317758679389954,0.9658879041671753,0.19232328236103058,0.3685031831264496,0.5219039916992188,5.647355079650879,0.18017332255840302,0.9727690815925598,0.9648122191429138,-0.0511016845703125,True,2.303840398788452,0.013971328735351562
Grocery,42,6919,6325,43279,text,4,0.40824827551841736,3,2,0.14642717688402968,1.0,0.9997650980949402,0.7904784679412842,0.007506608963012695,0.07359564304351807,True,True,0.9986125230789185,0.9993062615394592,0.21044282615184784,0.5980467796325684,0.35188356041908264,0.03346467390656471,0.1797199249267578,0.967089056968689,0.94504314661026,-6.318092346191406e-05,True,1.5224077701568604,-8.083879947662354e-07
Grocery,42,1247,6984,48168,text,1,0.10482849180698395,13,7,0.14642717688402968,0.3076923076923077,0.9473135471343994,0.787295937538147,-0.019030332565307617,0.06742918491363525,False,True,0.9166003465652466,0.9583001732826233,0.10468440502882004,0.9327208399772644,0.11223551630973816,2.9948627948760986,0.3270440995693207,0.9293321371078491,0.8792886137962341,-0.004083156585693359,True,1.1044788360595703,0.003143310546875
Grocery,42,10057,10206,80985,visual,2,0.3535533845424652,8,1,0.14642717688402968,0.5,0.9997904300689697,0.8321055769920349,3.361701965332031e-05,0.014114320278167725,True,True,0.993402898311615,0.9967014789581299,0.12433204054832458,0.5933113098144531,0.20955616235733032,0.00810098648071289,0.0627380758523941,0.9919317364692688,0.9883968830108643,-0.0004988922737538815,True,1.4992835521697998,-0.00021937303245067596
Grocery,42,14421,13956,119329,text,4,0.08703882992267609,4,33,0.14642717688402968,1.0,0.9817959070205688,0.5963164567947388,0.0016018152236938477,-0.06196361780166626,True,False,0.9409886598587036,0.9704943299293518,0.09351591765880585,0.3710057735443115,0.25206053256988525,0.01570476032793522,0.11080896854400635,0.9844179153442383,0.9772370457649231,3.168359398841858e-06,True,1.1932125091552734,-2.1122395992279053e-06
Grocery,42,8570,1627,6807,visual,4,0.05504818633198738,3,110,0.14642717688402968,1.0,0.96320641040802,0.5073560476303101,-0.004458427429199219,-0.07399928569793701,False,False,0.9697365164756775,0.9848682880401611,0.2085629254579544,0.5824411511421204,0.358084112405777,3.183022975921631,0.429728627204895,0.9157869219779968,0.874326765537262,-0.13909482955932617,True,1.235564112663269,-0.05523395538330078
Grocery,42,11149,1758,7489,text,1,0.4999999701976776,2,2,0.14642717688402968,1.0,0.9594982862472534,0.36048853397369385,-0.007233679294586182,-0.007605761289596558,False,False,0.8134932518005371,0.9067466259002686,0.4996718168258667,0.6560027599334717,0.7616916298866272,0.09053783118724823,0.43382933735847473,0.9134397506713867,0.8775692582130432,-0.01663372665643692,True,3.4494898319244385,-0.013793885707855225
Grocery,42,15058,15541,133720,visual,3,0.03706246241927147,8,91,0.14642717688402968,0.5,0.9672533273696899,0.7088291049003601,0.002083897590637207,0.05967622995376587,True,True,0.9877605438232422,0.9938802719116211,0.07515252381563187,0.7173847556114197,0.10475902259349823,1.3354747295379639,0.7392145991325378,0.7115111947059631,0.4484778940677643,0.03769636154174805,True,1.0519071817398071,0.04123079776763916
Grocery,42,1889,1737,7391,visual,2,0.12909944355487823,6,10,0.14642717688402968,0.6666666666666666,0.9513878226280212,0.9472725987434387,-0.008310675621032715,0.21287351846694946,False,True,0.9989439249038696,0.9994719624519348,0.22160179913043976,0.9339372515678406,0.23727697134017944,0.007076083682477474,0.05192483961582184,0.9929488897323608,0.9882345199584961,-0.000301530584692955,True,1.1639562845230103,-9.185867384076118e-05
Grocery,42,4646,5667,37432,visual,2,0.2499999850988388,8,2,0.14642717688402968,0.5,0.9685831665992737,0.7612950801849365,-0.011528193950653076,0.04163706302642822,False,True,0.9916000366210938,0.9958000183105469,0.10652431845664978,0.7270776033401489,0.14651024341583252,0.10845629125833511,0.442463755607605,0.8972181081771851,0.8216711282730103,0.006983473896980286,True,1.5009169578552246,0.013551272451877594
Grocery,42,16303,10052,79217,text,1,0.08164965361356735,2,75,0.14642717688402968,1.0,0.9720334410667419,0.6273398399353027,-0.0005640983581542969,-0.010190844535827637,False,False,0.8886181712150574,0.9443091154098511,0.08148487657308578,0.17352862656116486,0.46957600116729736,0.005431418772786856,0.04509630799293518,0.9945833086967468,0.9931572079658508,8.417759090662003e-06,True,1.7302967309951782,0.0001325453631579876
Grocery,42,7285,4025,21281,text,4,0.14002801477909088,3,17,0.14642717688402968,1.0,0.9572724103927612,0.5714662671089172,-0.005717813968658447,-0.032728374004364014,False,False,0.8595479726791382,0.9297739863395691,0.2428085207939148,0.7374029755592346,0.3292752206325531,0.6506118774414062,1.2068085670471191,0.5217264294624329,0.25284355878829956,0.003982901573181152,True,2.5765421390533447,-0.010995328426361084
Grocery,42,15519,14802,127908,visual,4,0.04225771129131317,35,16,0.14642717688402968,0.11428571428571428,0.9824166297912598,0.5851475596427917,0.00027298927307128906,0.0011503100395202637,True,True,0.9774789214134216,0.9887394905090332,0.03650713339447975,1.2483235597610474,0.029244927689433098,0.15598717331886292,0.6015949845314026,0.8555701971054077,0.7818002104759216,0.0005839318037033081,True,1.0304068326950073,-0.00019054114818572998
Grocery,42,2692,10702,86791,visual,2,0.028795616701245308,18,67,0.14642717688402968,0.2222222222222222,0.9190304279327393,0.5850082635879517,-0.03791201114654541,-0.01914924383163452,False,False,0.988311231136322,0.9941556453704834,0.043434444814920425,0.8820021748542786,0.04924527928233147,0.21920466423034668,0.7642948627471924,0.8031573295593262,0.7191547751426697,-0.007026657462120056,True,1.0598567724227905,-0.005468398332595825
Grocery,42,12806,12432,105381,text,2,0.2182178944349289,3,7,0.14642717688402968,1.0,0.9934712052345276,0.9025400280952454,0.007288455963134766,0.21105057001113892,True,True,0.9734419584274292,0.9867209792137146,0.14827090501785278,0.47548428177833557,0.31183135509490967,0.006319539621472359,0.04917291924357414,0.993700385093689,0.9913551211357117,5.4371077567338943e-05,True,1.607651710510254,-2.4639535695314407e-05
Grocery,42,894,14521,125360,text,4,0.04950737953186035,4,102,0.14642717688402968,1.0,0.9596956968307495,0.4893938899040222,-0.00980234146118164,-0.08510196208953857,False,False,0.918743371963501,0.9593716859817505,0.09740535169839859,0.42869964241981506,0.22721117734909058,0.6382172107696533,1.4555628299713135,0.5282332897186279,0.3278037905693054,-0.0011630058288574219,True,1.0821784734725952,-0.0010299086570739746
Grocery,42,2114,2453,10637,text,1,0.235702246427536,3,6,0.14642717688402968,1.0,0.9835159182548523,0.5779123306274414,0.0029247403144836426,0.05244159698486328,True,True,0.970085859298706,0.985042929649353,0.23476998507976532,0.42161449790000916,0.5568356513977051,0.12558230757713318,0.4661911129951477,0.8819831609725952,0.7855395674705505,-0.005334943532943726,True,2.1076018810272217,-0.004030361771583557
Grocery,42,4649,4629,28508,visual,4,0.06201736629009247,26,10,0.14642717688402968,0.15384615384615385,0.9672648310661316,0.6769223213195801,-0.00036722421646118164,0.05870336294174194,False,True,0.9735511541366577,0.9867755770683289,0.03270609676837921,0.9214811325073242,0.03549296408891678,0.04925628751516342,0.2732956111431122,0.9519371390342712,0.9259147644042969,0.0005981996655464172,True,1.0793789625167847,-0.0005411021411418915
Grocery,42,8986,3617,17393,visual,2,0.13245323300361633,19,3,0.14642717688402968,0.21052631578947367,0.9891218543052673,0.47632846236228943,0.0032227635383605957,-0.0478263795375824,True,False,0.978956937789917,0.9894784688949585,0.05870788171887398,0.8758698105812073,0.06702809035778046,0.07561476528644562,0.3880884349346161,0.9271733164787292,0.9060072302818298,-0.0012989938259124756,True,1.130302906036377,-0.004902847111225128
Grocery,42,16840,16640,139406,visual,1,0.08606629818677902,5,27,0.14642717688402968,0.8,0.9540146589279175,0.5331830382347107,-0.002873063087463379,-0.04901343584060669,False,False,0.9396836757659912,0.9698418378829956,0.08550376445055008,0.20353670418262482,0.4200901389122009,0.9951848983764648,0.8921895623207092,0.587302565574646,0.2176474928855896,-0.03434789180755615,True,1.4968186616897583,-0.06820887327194214
Grocery,42,11856,4952,31663,visual,2,0.09449112415313721,16,7,0.14642717688402968,0.25,0.9654657244682312,0.5330765247344971,-0.007969796657562256,-0.004092097282409668,False,False,0.9512438774108887,0.9756219387054443,0.039085712283849716,0.8377934098243713,0.04665316268801689,0.005119073670357466,0.041422177106142044,0.9948940277099609,0.9924183487892151,-5.550682544708252e-05,True,1.0939306020736694,-0.00011149095371365547
Grocery,42,14191,13207,111310,text,4,0.01521451584994793,12,360,0.14642717688402968,0.3333333333333333,0.9652398824691772,1.0,-0.011574149131774902,0.4381868839263916,False,True,0.8061946630477905,0.9030973315238953,0.10130122303962708,0.86457359790802,0.11716900020837784,0.007022460922598839,0.057444967329502106,0.9930021166801453,0.990263819694519,-1.408671960234642e-05,True,1.0177243947982788,-1.2903008610010147e-05
Grocery,42,12925,12843,108056,visual,2,0.05330017954111099,16,22,0.14642717688402968,0.25,0.9912893176078796,0.782270610332489,0.016562998294830322,0.05272877216339111,True,True,0.9856764674186707,0.9928382635116577,0.07871724665164948,1.1002063751220703,0.07154770940542221,0.014269458130002022,0.09423699975013733,0.9858318567276001,0.9784783124923706,-0.0003168852999806404,True,1.043213129043579,-0.00016689300537109375
Grocery,42,8105,7307,51119,visual,4,0.09128709137439728,15,8,0.14642717688402968,0.26666666666666666,0.9786604642868042,0.5231235027313232,0.027805685997009277,-0.036126673221588135,True,False,0.9629822969436646,0.9814911484718323,0.05554955080151558,0.8945550918579102,0.06209740787744522,0.12664639949798584,0.4096943736076355,0.8810451626777649,0.7692684531211853,0.000826030969619751,True,1.0750781297683716,0.003027588129043579
Grocery,42,12581,7657,54103,text,2,0.021516574546694756,24,90,0.14642717688402968,0.16666666666666666,0.990778386592865,0.9732938408851624,0.01605147123336792,0.04310423135757446,True,True,0.9659015536308289,0.9829508066177368,0.03651140257716179,0.8971723318099976,0.04069608449935913,0.10209904611110687,0.4650040566921234,0.9029400944709778,0.8468710780143738,0.0005104020237922668,True,1.0308891534805298,0.00017242878675460815
Grocery,42,8816,10600,85597,visual,4,0.0400320366024971,24,26,0.14642717688402968,0.16666666666666666,0.9424453377723694,0.6875417232513428,-0.01623743772506714,0.07137775421142578,False,True,0.9790468215942383,0.9895234107971191,0.036213573068380356,0.9416946768760681,0.038455747067928314,0.06770972162485123,0.318316251039505,0.9345316886901855,0.8937692642211914,-0.0004585385322570801,True,1.051278829574585,0.00018324702978134155
Grocery,42,8317,7004,48447,visual,4,0.03253000229597092,15,63,0.14642717688402968,0.26666666666666666,0.9904139041900635,0.5764601230621338,0.003399491310119629,-0.07904595136642456,True,False,0.9387362003326416,0.9693681001663208,0.059334367513656616,0.8385720252990723,0.07075643539428711,0.008889976888895035,0.0611785389482975,0.9911494255065918,0.9847906231880188,0.00017083622515201569,True,1.0413225889205933,9.168405085802078e-05
Grocery,42,6197,6217,42384,text,1,0.12909944355487823,5,12,0.14642717688402968,0.8,0.9916437268257141,0.41729965806007385,0.020843684673309326,-0.0291062593460083,True,False,0.9737244248390198,0.9868621826171875,0.12857761979103088,0.8337681889533997,0.15421266853809357,0.035011421889066696,0.22037845849990845,0.9655944108963013,0.9524216651916504,0.0004117712378501892,True,1.1614036560058594,-0.00016622990369796753
Grocery,42,14437,13406,113707,visual,3,0.05735393241047859,4,76,0.14642717688402968,1.0,0.9907042384147644,0.669319748878479,0.02436918020248413,0.006915926933288574,True,True,0.9853639006614685,0.9926819801330566,0.08821647614240646,0.38703396916389465,0.22792954742908478,0.036876268684864044,0.22202378511428833,0.9637953639030457,0.9493626952171326,0.0013534463942050934,True,1.1790744066238403,0.0008503086864948273
Grocery,42,1433,296,1340,visual,2,0.10000000149011612,4,25,0.14642717688402968,1.0,0.9585699439048767,0.5415817499160767,-0.009472250938415527,-0.02388697862625122,False,False,0.9733814597129822,0.9866907596588135,0.20863458514213562,0.9139310121536255,0.2282826453447342,2.4001715183258057,0.9570314884185791,0.6812424063682556,0.4817531704902649,0.2727949619293213,True,2.1735901832580566,0.8870112895965576
Grocery,42,4303,4458,26021,visual,1,0.05198752135038376,10,37,0.14642717688402968,0.4,0.9798411726951599,0.6510506868362427,0.00681382417678833,0.009183645248413086,True,True,0.9804948568344116,0.9902474284172058,0.05170322582125664,0.6891858577728271,0.07502073049545288,0.02918730489909649,0.17789532244205475,0.9712345600128174,0.9557582139968872,3.797560930252075e-05,True,1.0698471069335938,-0.0005455892533063889
Grocery,42,11323,11605,97302,visual,2,0.15075567364692688,11,4,0.14642717688402968,0.36363636363636365,0.9841378331184387,0.7205953001976013,0.0053789615631103516,0.028439581394195557,True,True,0.9878011345863342,0.9939005374908447,0.08618893474340439,0.8662378787994385,0.09949799627065659,0.01167147234082222,0.08365543931722641,0.9883963465690613,0.9820008873939514,-0.0003679199144244194,True,1.1479088068008423,-0.0007576728239655495
Grocery,42,6740,2054,8868,text,2,0.25,4,4,0.14642717688402968,1.0,0.986339807510376,0.6201140880584717,-0.0023802518844604492,-0.11795729398727417,False,False,0.870836615562439,0.9354183077812195,0.24165049195289612,0.6789897680282593,0.35589709877967834,2.3269858360290527,1.0768067836761475,0.7248915433883667,0.6273021101951599,-0.009878158569335938,True,1.6516685485839844,-0.005347013473510742
Grocery,42,5445,5798,38725,text,3,0.046423833817243576,16,29,0.14642717688402968,0.25,0.9741724133491516,0.6310673952102661,0.003133118152618408,0.006210207939147949,True,True,0.9246028065681458,0.9623013734817505,0.0460098572075367,0.7350709438323975,0.06259240210056305,0.020165080204606056,0.1356046497821808,0.9800368547439575,0.9717500805854797,1.6238540410995483e-05,True,1.0578430891036987,5.606561899185181e-06
Grocery,42,14119,13267,112154,visual,1,0.032969024032354355,46,20,0.14642717688402968,0.08695652173913043,0.9835824370384216,0.7045045495033264,0.005333602428436279,0.016499757766723633,True,True,0.9927272796630859,0.996363639831543,0.03279183432459831,1.2951620817184448,0.025318710133433342,0.02215830609202385,0.1506468504667282,0.9780853986740112,0.9716315865516663,0.00023549795150756836,True,1.0234780311584473,0.00011006183922290802
Grocery,42,11473,7329,51233,visual,3,0.07412493228912354,13,14,0.14642717688402968,0.3076923076923077,0.9851335883140564,0.4698948264122009,0.004721105098724365,-0.10596239566802979,True,False,0.9647471904754639,0.9823735952377319,0.05702710896730423,0.7835135459899902,0.07278382033109665,0.025896865874528885,0.15724030137062073,0.974435567855835,0.9602431058883667,0.00021789595484733582,True,1.1033506393432617,-0.00012581050395965576
Grocery,42,3042,2653,11627,visual,2,0.3535533845424652,4,2,0.14642717688402968,1.0,0.9767112731933594,0.6081758737564087,0.007064878940582275,0.07568305730819702,True,True,0.9871448278427124,0.9935724139213562,0.2021610140800476,1.0863020420074463,0.18610018491744995,0.04811403155326843,0.25687265396118164,0.9530251026153564,0.9270980954170227,-0.0009625107049942017,True,1.3879953622817993,-0.0035769082605838776
Grocery,42,10496,8928,66359,visual,2,0.04402254521846771,43,12,0.14642717688402968,0.09302325581395349,0.9823697805404663,0.7011189460754395,0.00456768274307251,0.04399275779724121,True,True,0.9889078736305237,0.9944539070129395,0.034367356449365616,1.3285372257232666,0.025868568569421768,0.036688633263111115,0.1822108030319214,0.963976263999939,0.9331641793251038,0.001088455319404602,True,1.0327714681625366,0.0007597580552101135
Grocery,42,8378,8853,65523,visual,2,0.11952285468578339,5,14,0.14642717688402968,0.8,0.9907004833221436,0.6745391488075256,0.004204392433166504,-0.025904476642608643,True,False,0.984716534614563,0.9923582673072815,0.08186562359333038,0.43274396657943726,0.1891779601573944,0.012663664296269417,0.08415287733078003,0.9874162077903748,0.9787003993988037,0.00042048655450344086,True,1.4345464706420898,-0.0005861278623342514
Grocery,42,9953,15896,135477,visual,3,0.03726780042052269,18,40,0.14642717688402968,0.2222222222222222,0.9880695343017578,0.5537697076797485,0.013713061809539795,-0.04161632061004639,True,False,0.97124183177948,0.98562091588974,0.05326781049370766,1.1558513641357422,0.04608534649014473,0.20785120129585266,0.6450822353363037,0.8123279213905334,0.6644688248634338,-0.0017838627099990845,True,1.0281803607940674,-0.00014157593250274658
Grocery,42,4187,13207,111069,text,3,0.02357022650539875,5,360,0.14642717688402968,0.8,0.9693111181259155,0.5198544859886169,0.00031685829162597656,-0.025263309478759766,True,False,0.7316518425941467,0.865825891494751,0.042053017765283585,0.2784048914909363,0.15104985237121582,0.03671173006296158,0.21778127551078796,0.963953971862793,0.9470717310905457,-5.9526413679122925e-05,True,1.1169379949569702,1.6432255506515503e-05
Grocery,42,16437,17037,141879,text,1,0.22360679507255554,5,4,0.14642717688402968,0.8,0.9850263595581055,0.7280270457267761,0.0032411813735961914,0.041417717933654785,True,True,0.9298211932182312,0.964910626411438,0.22303742170333862,0.7703993320465088,0.2895088493824005,0.008410983718931675,0.06550795584917068,0.9916242957115173,0.9895438551902771,0.0002501020208001137,True,1.3479745388031006,6.383098661899567e-05
Grocery,42,12356,12996,108966,visual,4,0.08703882992267609,12,11,0.14642717688402968,0.3333333333333333,0.987066388130188,0.9188668131828308,0.021724164485931396,0.2945532202720642,True,True,0.9981445074081421,0.999072253704071,0.07798884809017181,0.9095152020454407,0.08574771136045456,0.018116245046257973,0.11851607263088226,0.9820468425750732,0.9714493751525879,-0.0001902543008327484,True,1.0952460765838623,-4.706159234046936e-05
Grocery,42,4606,4956,31713,text,4,0.055901698768138885,20,16,0.14642717688402968,0.2,0.9826279878616333,0.5681913495063782,0.006974518299102783,0.00508958101272583,True,True,0.9256106019020081,0.9628052711486816,0.040059007704257965,0.8144299387931824,0.04918656125664711,0.013107329607009888,0.0916842594742775,0.9869781732559204,0.9808175563812256,-1.7648562788963318e-06,True,1.058485746383667,-9.415671229362488e-07
Grocery,42,8135,3567,17163,visual,4,0.22360679507255554,5,4,0.14642717688402968,0.8,0.9766923189163208,0.5987840294837952,0.011581242084503174,-0.023378312587738037,True,False,0.983002245426178,0.9915010929107666,0.17940948903560638,0.8619809150695801,0.20813626050949097,0.5899074673652649,1.0486069917678833,0.5543785691261292,0.21862444281578064,0.005964457988739014,True,1.2487832307815552,0.002419769763946533
Grocery,42,10745,11251,94003,text,4,0.17960530519485474,1,31,0.14642717688402968,1.0,0.9765941500663757,0.6584420204162598,0.0008906722068786621,0.006144523620605469,True,True,0.955519437789917,0.9777597188949585,0.2311326563358307,0.2311326563358307,1.0,0.0151063222438097,0.11074993014335632,0.9850072264671326,0.9806170463562012,9.839516133069992e-05,False,,
Grocery,42,10670,2259,9834,visual,1,0.22360679507255554,2,10,0.14642717688402968,1.0,0.9658663272857666,0.5336410403251648,-0.008089780807495117,-0.04227924346923828,False,False,0.971007227897644,0.985503613948822,0.2222948521375656,0.6761230826377869,0.3287786841392517,0.018899599090218544,0.1312052607536316,0.9812778830528259,0.9751396179199219,-0.000901365652680397,True,1.4472136497497559,-0.002516305074095726
Grocery,42,12869,16796,140292,text,3,0.0851256474852562,6,23,0.14642717688402968,0.6666666666666666,0.98183673620224,0.6302913427352905,0.003803431987762451,-0.007473945617675781,True,False,0.9767860174179077,0.9883930087089539,0.09755685180425644,0.7973829507827759,0.12234629690647125,0.03184301406145096,0.19752877950668335,0.9686586260795593,0.9578383564949036,-0.0005144476890563965,True,1.0899182558059692,-0.0005025491118431091
Grocery,42,5381,5413,35818,text,3,0.02182178758084774,15,140,0.14642717688402968,0.26666666666666666,0.9503936171531677,0.449573278427124,-0.016920626163482666,-0.12327122688293457,False,False,0.8819776177406311,0.9409887790679932,0.037249401211738586,0.6361647248268127,0.05855307728052139,0.06911711394786835,0.349859356880188,0.9332174062728882,0.9021546840667725,0.0004379972815513611,True,1.0403474569320679,0.000345475971698761
Grocery,42,260,1426,5954,text,3,0.5,1,4,0.14642717688402968,1.0,0.9994741678237915,0.9128682017326355,0.012516438961029053,0.040330588817596436,True,True,0.9962491989135742,0.9981245994567871,0.38380786776542664,0.38380786776542664,1.0,0.03833813965320587,0.213173046708107,0.9623874425888062,0.9380091428756714,0.0017650984227657318,False,,
Grocery,42,4027,14198,122330,visual,1,0.07784989476203918,5,33,0.14642717688402968,0.8,0.9315409064292908,0.4992838501930237,-0.027679026126861572,-0.0272710919380188,False,False,0.9411555528640747,0.9705777764320374,0.07734734565019608,0.22238890826702118,0.34780216217041016,0.017654886469244957,0.1159290075302124,0.9825000762939453,0.9731727838516235,-0.001519419252872467,True,1.421339511871338,-0.0004731714725494385
Grocery,42,5365,6116,41731,visual,3,0.10101525485515594,2,49,0.14642717688402968,1.0,0.9883143305778503,0.7879592776298523,0.004712522029876709,0.1595948338508606,True,True,0.9881954193115234,0.9940977096557617,0.1253296285867691,0.2564378082752228,0.4887330234050751,0.08343499898910522,0.4090869724750519,0.9199509024620056,0.8898728489875793,0.012810669839382172,True,2.1338934898376465,-0.002213217318058014
Grocery,42,6874,7603,53701,text,3,0.15811388194561005,4,10,0.14642717688402968,1.0,0.9898832440376282,0.6003585457801819,0.005880296230316162,-0.034399569034576416,True,False,0.9274967908859253,0.9637483954429626,0.16873086988925934,0.71360844373703,0.23644740879535675,0.004635659046471119,0.03952551633119583,0.9953750967979431,0.9938963651657104,-1.874798908829689e-05,True,1.2868434190750122,4.7462061047554016e-05
Grocery,42,3399,2203,9574,visual,4,0.0980580672621727,8,13,0.14642717688402968,0.5,0.9587488174438477,0.49158018827438354,-0.008809685707092285,-0.09754693508148193,False,False,0.9807156324386597,0.9903578162193298,0.14057452976703644,1.0733975172042847,0.13096222281455994,0.19720786809921265,0.5623539090156555,0.8210199475288391,0.6613160371780396,0.012159138917922974,True,1.0905675888061523,0.010317623615264893
Grocery,42,10356,9073,67694,text,3,0.7071067690849304,2,1,0.14642717688402968,1.0,0.9878027439117432,0.8218700885772705,0.005819499492645264,0.010437607765197754,True,True,0.9588617086410522,0.9794308543205261,0.5345706939697266,0.8464605212211609,0.6315364837646484,0.00809235405176878,0.0651906281709671,0.9919403195381165,0.9894347190856934,0.0009252214804291725,True,2.732050895690918,-1.8446706235408783e-05
Grocery,42,13583,14393,124309,text,4,0.05270462483167648,15,24,0.14642717688402968,0.26666666666666666,0.9949185848236084,0.5809026956558228,0.01921302080154419,-0.09678959846496582,True,False,0.9877188801765442,0.9938594102859497,0.05486449971795082,0.8556390404701233,0.06412108242511749,0.004109153989702463,0.0336230993270874,0.9958992600440979,0.9933631420135498,2.3748725652694702e-07,True,1.0624130964279175,0.0
Grocery,42,15499,15368,132746,text,1,0.235702246427536,6,3,0.14642717688402968,0.6666666666666666,0.9921807050704956,0.8602294325828552,0.008710861206054688,0.0878061056137085,True,True,0.9707882404327393,0.9853941202163696,0.23481489717960358,0.9179016947746277,0.2558170557022095,0.013460591435432434,0.09661854803562164,0.9866296052932739,0.9799346923828125,-0.0002999641001224518,True,1.2712903022766113,-0.0008773254230618477
Grocery,42,10231,10708,86973,text,2,0.09759001433849335,7,15,0.14642717688402968,0.5714285714285714,0.9867678880691528,0.6764558553695679,0.00921100378036499,0.05147755146026611,True,True,0.9335358738899231,0.9667679071426392,0.06540446728467941,0.55840665102005,0.1171269491314888,0.12716637551784515,0.5894502401351929,0.8805871605873108,0.8383646607398987,0.00033721327781677246,True,1.202428936958313,0.00010842084884643555
Grocery,42,8533,10271,81580,text,2,0.01848684623837471,38,77,0.14642717688402968,0.10526315789473684,0.9700477123260498,0.4910862445831299,-0.0024837255477905273,-0.14199590682983398,False,False,0.9653330445289612,0.9826664924621582,0.025721848011016846,0.9839810132980347,0.026140592992305756,0.009189452975988388,0.06654438376426697,0.9908526539802551,0.9864838123321533,4.370696842670441e-06,True,1.0190669298171997,2.362765371799469e-06
Grocery,42,12925,12881,108239,text,2,0.0833333358168602,16,9,0.14642717688402968,0.25,0.9571490287780762,0.7291755080223083,-0.015035629272460938,-0.028274595737457275,False,False,0.9167059659957886,0.9583529829978943,0.06555037945508957,1.0437079668045044,0.06280528753995895,0.014269458130002022,0.09423699975013733,0.9858318567276001,0.9784783124923706,2.80868262052536e-05,True,1.0692487955093384,1.7629936337471008e-06
Grocery,42,11005,11139,92844,text,2,0.09622504562139511,6,18,0.14642717688402968,0.6666666666666666,0.9795255064964294,0.7755345106124878,0.00313490629196167,0.0586932897567749,True,True,0.9160498380661011,0.9580249190330505,0.08955366164445877,0.5851686596870422,0.15303905308246613,0.0005407063290476799,0.005989923607558012,0.999459445476532,0.9993578195571899,-7.148482836782932e-07,True,1.217942476272583,-7.148482836782932e-07
Grocery,42,11497,11708,98469,visual,3,0.0657951682806015,11,21,0.14642717688402968,0.36363636363636365,0.9742881059646606,0.668550968170166,-0.0033572912216186523,-0.057665109634399414,False,False,0.9796167016029358,0.9898083209991455,0.07544133067131042,0.759780764579773,0.099293552339077,0.0017444168915972114,0.016842037439346313,0.9982571005821228,0.9978113770484924,2.7370406314730644e-06,True,1.0800241231918335,-3.8080615922808647e-06
Grocery,42,4309,4923,31288,visual,1,0.025197630748152733,63,25,0.14642717688402968,0.06349206349206349,0.9750177264213562,0.6386950016021729,-0.00427323579788208,-0.024476468563079834,False,False,0.956586480140686,0.978293240070343,0.025071753188967705,1.7494219541549683,0.014331449754536152,0.029643027111887932,0.176415354013443,0.9707919955253601,0.9571805000305176,-3.182515501976013e-05,True,1.0125879049301147,-4.28222119808197e-06
Grocery,42,11380,3450,16400,text,3,0.039840955287218094,14,45,0.14642717688402968,0.2857142857142857,0.9797723293304443,0.6769038438796997,0.0036090612411499023,0.00125885009765625,True,True,0.9351130723953247,0.9675565361976624,0.046579841524362564,0.7060861587524414,0.0659690648317337,0.0033598660957068205,0.030257485806941986,0.9966457486152649,0.9956841468811035,1.4732126146554947e-05,True,1.0635545253753662,7.841270416975021e-06
Grocery,42,13413,13503,114568,visual,2,0.09365857392549515,6,19,0.14642717688402968,0.6666666666666666,0.9694504737854004,0.7481334209442139,-0.004429638385772705,0.08322107791900635,False,True,0.9797160625457764,0.9898580312728882,0.10387098789215088,0.5681968331336975,0.18280810117721558,0.07481411099433899,0.29993852972984314,0.9279159307479858,0.8630111813545227,0.0010245591402053833,True,1.2035679817199707,-0.00128994882106781
Grocery,42,7911,6673,45871,visual,1,0.09622504562139511,6,18,0.14642717688402968,0.6666666666666666,0.9907363057136536,0.42086541652679443,0.008965671062469482,-0.11776113510131836,True,False,0.9636077880859375,0.9818038940429688,0.09570569545030594,0.5430007576942444,0.1762533336877823,0.006612562574446201,0.052046965807676315,0.993409276008606,0.9902416467666626,-0.00011985190212726593,True,1.1832786798477173,-4.014652222394943e-05
Grocery,42,4090,3788,18381,visual,1,0.036711156368255615,2,371,0.14642717688402968,1.0,0.9788529276847839,0.5297233462333679,0.0020305514335632324,-0.06533092260360718,True,False,0.9422754049301147,0.9711377024650574,0.03648853302001953,0.06148231774568558,0.593480110168457,0.0023308033123612404,0.020662052556872368,0.997671902179718,0.9965061545372009,0.00019372114911675453,True,2.009389877319336,0.0003046568017452955
Grocery,42,15083,16634,139346,visual,3,0.5,1,4,0.14642717688402968,1.0,0.9544034004211426,0.6170065402984619,-0.008050620555877686,0.012819468975067139,False,True,0.9738296866416931,0.986914873123169,0.43182533979415894,0.43182533979415894,1.0,0.3031672239303589,0.8834986686706543,0.7384756207466125,0.6155592799186707,0.049543946981430054,False,,
Grocery,42,16274,15733,134674,visual,3,0.17407765984535217,11,3,0.14642717688402968,0.36363636363636365,0.9860110878944397,0.6640061736106873,0.014457523822784424,0.003716409206390381,True,True,0.9804028272628784,0.9902014136314392,0.09823224693536758,0.9283091425895691,0.10581846535205841,0.0018829250475391746,0.01820545829832554,0.9981188178062439,0.9977894425392151,-1.1898810043931007e-06,True,1.1821532249450684,5.0567323341965675e-05
ele-fashion,42,72155,8669,107938,visual,4,0.07216878235340118,3,64,0.025572831423895253,1.0,0.7777379155158997,0.7695173025131226,0.09304875135421753,0.04680037498474121,True,True,0.8823199272155762,0.9411599636077881,0.14308513700962067,0.491510272026062,0.2911132276058197,0.0012511529494076967,0.010761725716292858,0.9987496137619019,0.9977661967277527,1.4168093912303448e-05,True,1.2929737567901611,4.524248652160168e-06
ele-fashion,42,77878,396,14128,visual,2,0.14744195342063904,1,46,0.025572831423895253,1.0,0.7702574133872986,0.9002791047096252,0.0784946084022522,0.04189842939376831,True,True,0.8524582386016846,0.9262291193008423,0.4791753590106964,0.4791753590106964,1.0,0.0017571499338373542,0.014336943626403809,0.9982444047927856,0.9968847036361694,-1.1543044820427895e-05,False,,
ele-fashion,42,39316,82111,366572,visual,1,0.07715167850255966,24,7,0.025572831423895253,0.16666666666666666,0.4747416377067566,0.6425515413284302,-0.14349758625030518,-0.11957943439483643,False,False,0.484139621257782,0.7420698404312134,0.07683371752500534,1.8833425045013428,0.040796466171741486,0.7927459478378296,0.7739744186401367,0.533731997013092,0.08113175630569458,0.022499024868011475,True,1.0271885395050049,0.005077004432678223
ele-fashion,42,46166,46163,275193,text,2,0.3333333134651184,3,3,0.025572831423895253,1.0,0.6912823915481567,0.9314756393432617,-0.005986928939819336,-0.0012143850326538086,False,False,0.7240316867828369,0.8620158433914185,0.3590525686740875,1.053584337234497,0.3407914936542511,0.6285790801048279,0.9992098808288574,0.5333490967750549,0.18151253461837769,0.0007728934288024902,True,1.5,0.0002677440643310547
ele-fashion,42,10440,24302,195219,visual,4,0.7071067690849304,2,1,0.025572831423895253,1.0,0.9001306891441345,0.9734760522842407,0.009810149669647217,-0.0004080533981323242,True,False,0.9718027114868164,0.9859013557434082,0.4988288879394531,0.9976577758789062,0.5,0.034266166388988495,0.14945246279239655,0.9663142561912537,0.9328984618186951,-0.0015536695718765259,True,2.0,0.0
ele-fashion,42,56977,38420,252073,text,2,0.5,1,4,0.02557108762359359,1.0,0.591900110244751,0.7910524010658264,-0.14105433225631714,-0.038810908794403076,False,False,0.6263256669044495,0.8131628036499023,0.6167661547660828,0.6167661547660828,1.0,3.647932529449463,0.21879063546657562,0.9582595825195312,0.9322146773338318,0.0509028434753418,False,,
ele-fashion,42,84170,1096,31512,visual,4,0.06085806339979172,9,30,0.025572831423895253,0.4444444444444444,0.7708989381790161,0.6256534457206726,0.02764183282852173,-0.09470981359481812,True,False,0.552996814250946,0.7764984369277954,0.06839506328105927,0.6090566515922546,0.11229671537876129,0.00783099140971899,0.05243552848696709,0.9921995997428894,0.9860352277755737,9.118858724832535e-05,True,1.1432085037231445,-4.151742905378342e-05
ele-fashion,42,40437,2546,51244,visual,1,0.10314211994409561,1,94,0.02557108762359359,1.0,0.7270265221595764,0.7921603322029114,-0.024028122425079346,-0.028258860111236572,False,False,0.9051859378814697,0.9525929689407349,0.10296786576509476,0.10296786576509476,1.0,0.08831334114074707,0.3246413469314575,0.915473997592926,0.8382910490036011,-0.0001212581992149353,False,,
ele-fashion,42,49305,6789,93307,visual,2,0.07905694097280502,2,80,0.025572831423895253,1.0,0.8517632484436035,0.8195138573646545,0.06644833087921143,0.03649336099624634,True,True,0.8956159353256226,0.9478079676628113,0.3294685482978821,0.7212662100791931,0.45679187774658203,0.0037060168106108904,0.026557426899671555,0.9963008165359497,0.9930351376533508,-2.9217451810836792e-05,True,2.0897247791290283,3.242306411266327e-05
ele-fashion,42,42398,42402,264109,visual,4,0.035223498940467834,26,31,0.025572831423895253,0.15384615384615385,0.4318278133869171,0.7731810212135315,-0.18206104636192322,-0.0003553628921508789,False,False,0.763735294342041,0.8818676471710205,0.03856460377573967,1.0389702320098877,0.037118103355169296,0.00038532938924618065,0.004085628315806389,0.9996147155761719,0.999472975730896,1.5491095837205648e-06,True,1.0296783447265625,1.3107783161103725e-06
ele-fashion,42,61347,11879,128673,visual,2,0.12909944355487823,6,10,0.025572831423895253,0.6666666666666666,0.7106605768203735,0.6006341576576233,0.08397126197814941,-0.07254940271377563,True,False,0.7430158257484436,0.8715078830718994,0.1488066166639328,0.6900877952575684,0.2156343311071396,0.0015666127437725663,0.01442368607968092,0.9984346032142639,0.9978569746017456,6.070244126021862e-06,True,1.230151653289795,2.2614840418100357e-06
ele-fashion,42,10428,10430,118964,text,2,0.3333333134651184,3,3,0.025572831423895253,1.0,0.6653698086738586,0.8547332286834717,0.038023293018341064,0.04702025651931763,True,True,0.09984080493450165,0.549920380115509,0.2847074866294861,0.730355978012085,0.3898201584815979,0.4790079891681671,0.8218240141868591,0.6193975210189819,0.2870308756828308,-0.0013074874877929688,True,1.8496994972229004,0.009839296340942383
ele-fashion,42,54304,81077,364066,text,3,0.1178511306643486,8,9,0.025572831423895253,0.5,0.7039662599563599,0.8174313902854919,-0.02691251039505005,-0.007686913013458252,False,False,0.8908934593200684,0.9454467296600342,0.12162061780691147,1.0029102563858032,0.12126769870519638,0.021199770271778107,0.10824946314096451,0.9790233373641968,0.9591533541679382,-0.0004525817930698395,True,1.1150507926940918,-0.00011893361806869507
ele-fashion,42,72222,4712,73995,text,4,0.17960530519485474,1,31,0.025572831423895253,1.0,0.34847211837768555,0.7087782621383667,-0.10928419232368469,-0.017851948738098145,False,False,0.288417249917984,0.6442086100578308,0.37061047554016113,0.37061047554016113,1.0,0.09945625811815262,0.3540025055408478,0.9053295254707336,0.8182187080383301,0.01091603934764862,False,,
ele-fashion,42,9921,9926,115003,visual,4,0.028455518186092377,19,65,0.025572831423895253,0.21052631578947367,0.477509468793869,0.6712188720703125,-0.13733699917793274,-0.0036379098892211914,False,False,0.8620662689208984,0.9310331344604492,0.03758411481976509,0.7117310762405396,0.05280662328004837,0.0016071987338364124,0.013018057681620121,0.9983940720558167,0.9970055818557739,-1.083069946616888e-05,True,1.0394065380096436,-3.0945520848035812e-06
ele-fashion,42,92613,12097,130376,visual,2,0.10314211994409561,1,94,0.025572831423895253,1.0,0.7545153498649597,0.8062737584114075,0.03812509775161743,0.032510995864868164,True,True,0.8183260560035706,0.9091629981994629,0.48615652322769165,0.48615652322769165,1.0,2.0414860248565674,0.3920999765396118,0.8695650696754456,0.7397294044494629,-0.02845478057861328,False,,
ele-fashion,42,65954,808,24791,visual,1,0.041996050626039505,3,189,0.025572831423895253,1.0,0.7952744960784912,0.8958419561386108,0.06086134910583496,0.08495759963989258,True,True,0.8595271110534668,0.9297635555267334,0.041932862251996994,0.1154068112373352,0.36334824562072754,0.3561619818210602,0.6278275847434998,0.7003591656684875,0.4033001959323883,-0.00044527649879455566,True,1.4211015701293945,-0.001113206148147583
ele-fashion,42,83135,42835,265528,visual,1,0.08804509043693542,3,43,0.025572831423895253,1.0,0.6790432929992676,0.8338203430175781,-0.02928870916366577,-0.006534457206726074,False,False,0.85676509141922,0.9283825159072876,0.08764875680208206,0.18382087349891663,0.4768161177635193,0.00719101307913661,0.04337294399738312,0.9928348064422607,0.9857906699180603,5.9176236391067505e-06,True,1.715191125869751,7.964950054883957e-05
ele-fashion,42,10879,562,20111,visual,1,0.071428582072258,7,28,0.025572831423895253,0.5714285714285714,0.7679297924041748,0.6477611660957336,-0.010648906230926514,-0.0343591570854187,False,False,0.749885082244873,0.8749425411224365,0.07126522064208984,0.6334404349327087,0.1125050038099289,0.010659424588084221,0.059953927993774414,0.9893971681594849,0.9789621233940125,5.5314041674137115e-05,True,1.098751425743103,5.083251744508743e-05
ele-fashion,42,21659,878,26548,visual,2,0.0990147590637207,2,51,0.025572831423895253,1.0,0.6249282360076904,0.7841549515724182,-0.024490535259246826,-0.0072481632232666016,False,False,0.7621191740036011,0.8810595870018005,0.21226559579372406,0.5498097538948059,0.38607099652290344,1.802721381187439,0.46001359820365906,0.8337487578392029,0.6688991189002991,-0.0008158683776855469,True,2.8942642211914062,0.0106428861618042
ele-fashion,42,96342,12547,132701,visual,2,0.09284766018390656,2,58,0.025572831423895253,1.0,0.566543698310852,0.6273040771484375,-0.05800729990005493,-0.06342697143554688,False,False,0.6559399366378784,0.8279699683189392,0.3471579849720001,0.7245733737945557,0.47912055253982544,1.252809762954712,1.0523797273635864,0.49613770842552185,0.21043679118156433,0.0017735958099365234,True,2.1596670150756836,-0.002885103225708008
ele-fashion,42,70426,6122,87334,text,3,0.03928371146321297,3,216,0.025572831423895253,1.0,0.27919843792915344,0.76590895652771,-0.13473770022392273,0.03762030601501465,False,True,0.3999663293361664,0.6999831795692444,0.046591486781835556,0.14167143404483795,0.32887002825737,0.002224234864115715,0.019221153110265732,0.9977782368659973,0.9968156218528748,5.352543666958809e-06,True,1.3227519989013672,-1.1897645890712738e-07
ele-fashion,42,75791,23826,193189,text,3,0.0990147590637207,3,34,0.025572831423895253,1.0,0.6820714473724365,0.8417370915412903,-0.08593356609344482,-0.024088799953460693,False,False,0.803505539894104,0.901752769947052,0.09333374351263046,0.3621116280555725,0.257748544216156,0.0006764031131751835,0.006660048849880695,0.999323844909668,0.9990746378898621,-3.3355900086462498e-06,True,1.3472325801849365,-1.1915108188986778e-07
ele-fashion,42,30089,26290,204384,visual,3,0.15075567364692688,1,44,0.02557108762359359,1.0,0.6590553522109985,0.501539409160614,-0.004501998424530029,-0.10134243965148926,False,False,0.7442984580993652,0.8721492290496826,0.186032235622406,0.186032235622406,1.0,0.0006656814948655665,0.006825505755841732,0.9993345141410828,0.9991536736488342,1.1909287422895432e-07,False,,
ele-fashion,42,35215,6562,91500,text,1,0.06900654733181,6,35,0.025572831423895253,0.6666666666666666,0.8196423053741455,0.8294817805290222,0.09823596477508545,-0.06578713655471802,True,False,0.6133915185928345,0.8066957592964172,0.06917731463909149,1.0534533262252808,0.06566718220710754,2.076894998550415,0.48233562707901,0.8526827096939087,0.7273639440536499,-0.013660192489624023,True,1.055078387260437,-0.014422893524169922
ele-fashion,42,29012,4132,67640,visual,2,0.025854386389255524,17,88,0.025572831423895253,0.23529411764705882,0.5477290749549866,0.5661964416503906,-0.09931570291519165,-0.07680875062942505,False,False,0.41022220253944397,0.7051110863685608,0.05841800197958946,0.7927494049072266,0.07369037717580795,0.0002864189154934138,0.0031070869881659746,0.9997135996818542,0.9995983839035034,2.383312676101923e-07,True,1.0238478183746338,2.383312676101923e-07
ele-fashion,42,36834,124,6008,text,2,0.02752409316599369,3,440,0.025572831423895253,1.0,0.8036327958106995,0.8823999762535095,0.0009498000144958496,0.02462977170944214,True,True,0.6465545892715454,0.8232772946357727,0.3354180157184601,0.8435835242271423,0.3976109027862549,0.000774798565544188,0.007288362830877304,0.9992254972457886,0.9987669587135315,1.1316034942865372e-05,True,1.2976038455963135,7.027876563370228e-06
ele-fashion,42,61656,818,25136,visual,2,0.024225080385804176,4,426,0.025572831423895253,1.0,0.9193761348724365,0.9085010886192322,0.1310410499572754,0.0694923996925354,True,True,0.9096024036407471,0.9548012018203735,0.2418055236339569,0.8949323296546936,0.2701942026615143,0.00349660636857152,0.02669588476419449,0.9965094923973083,0.9938541054725647,2.7203233912587166e-05,True,1.1031996011734009,1.6749603673815727e-05
ele-fashion,42,87514,64649,327010,text,2,0.10000000149011612,10,10,0.025572831423895253,0.4,0.8578523397445679,0.7442094683647156,0.04600292444229126,0.057365477085113525,True,True,0.9578321576118469,0.9789160490036011,0.14247570931911469,1.1865403652191162,0.12007658183574677,0.0001486429391661659,0.0017455719644203782,0.9998513460159302,0.9998013377189636,1.1919473763555288e-07,True,1.0942198038101196,0.0
ele-fashion,42,53584,94418,392291,text,2,0.3333333432674408,9,1,0.025572831423895253,0.4444444444444444,0.7886559963226318,0.8908355236053467,0.019550800323486328,0.08181542158126831,True,True,0.9205231070518494,0.9602615833282471,0.11181670427322388,0.7062302231788635,0.15832896530628204,0.0002559096028562635,0.0027745706029236317,0.9997441172599792,0.9996194839477539,-4.171277396380901e-06,True,1.2952990531921387,3.2178068067878485e-06
ele-fashion,42,32702,7158,96765,text,1,0.062257278710603714,3,86,0.025572831423895253,1.0,0.7085740566253662,0.9020190238952637,-0.11337685585021973,0.016034841537475586,False,True,0.44705069065093994,0.72352534532547,0.06258444488048553,0.18135982751846313,0.34508439898490906,0.03959840536117554,0.18402279913425446,0.9611753821372986,0.9295706152915955,-0.00015641376376152039,True,1.4169373512268066,-0.0004967153072357178
ele-fashion,42,57670,57668,307393,visual,2,0.40824827551841736,2,3,0.025572831423895253,1.0,0.7843155860900879,0.6910549402236938,-0.014611363410949707,-0.06390738487243652,False,False,0.6435492038726807,0.8217746019363403,0.363734632730484,0.727469265460968,0.5,0.0005573864909820259,0.00529827643185854,0.9994427561759949,0.9990267157554626,-3.455148544162512e-06,True,2.0,0.0
ele-fashion,42,48918,12556,132878,text,3,0.028736108914017677,7,173,0.025572831423895253,0.5714285714285714,0.5392948985099792,0.47787782549858093,-0.06614768505096436,-0.13108691573143005,False,False,0.818835973739624,0.909417986869812,0.06027829647064209,0.5172268748283386,0.1165413111448288,0.0003352795320097357,0.0034948436077684164,0.9996647834777832,0.9994763135910034,-1.0725343599915504e-06,True,1.0576493740081787,-5.958718247711658e-07
ele-fashion,42,82753,2967,55901,text,1,0.2357022762298584,1,18,0.025572831423895253,1.0,0.5769263505935669,0.7853085994720459,-0.014947652816772461,0.020134806632995605,False,True,0.7186254262924194,0.8593127131462097,0.23661485314369202,0.23661485314369202,1.0,0.003920133225619793,0.03072737716138363,0.9960875511169434,0.9941216111183167,0.0005662431940436363,False,,
ele-fashion,42,64361,64358,326347,visual,2,0.18257418274879456,6,5,0.025572831423895253,0.6666666666666666,0.8106850385665894,0.738582968711853,0.049341559410095215,-0.005088925361633301,True,False,0.823784589767456,0.911892294883728,0.12906940281391144,0.7863005995750427,0.16414766013622284,0.008721592836081982,0.05435016378760338,0.9913163185119629,0.9835243225097656,4.360545426607132e-05,True,1.19924795627594,3.7821009755134583e-06
ele-fashion,42,55544,296,12171,text,2,0.19245009124279022,3,9,0.025572831423895253,1.0,0.7288973331451416,0.7263657450675964,0.09070897102355957,-0.035087645053863525,True,False,0.7807137966156006,0.8903568983078003,0.2563387453556061,0.6955102682113647,0.36856213212013245,0.02128928154706955,0.10568490624427795,0.978935718536377,0.9584532380104065,-0.0011343657970428467,True,1.9094423055648804,0.0009396802634000778
ele-fashion,42,25191,489,17621,visual,4,0.05096472054719925,1,385,0.02557108762359359,1.0,0.9382838010787964,0.8241425156593323,0.08014661073684692,0.017444610595703125,True,True,0.9218006730079651,0.9609003067016602,0.5210204124450684,0.5210204124450684,1.0,1.425147294998169,0.6089553236961365,0.7489362955093384,0.5084632635116577,0.014319300651550293,False,,
ele-fashion,42,15477,156,7414,visual,1,0.0629940778017044,2,126,0.025572831423895253,1.0,0.62605220079422,0.7965599298477173,-0.005320429801940918,0.07884609699249268,False,True,0.9052649140357971,0.9526324272155762,0.062969870865345,0.11001385003328323,0.572381317615509,0.0008563903393223882,0.0077606067061424255,0.9991439580917358,0.9985010027885437,-3.096763975918293e-06,True,1.91287100315094,-1.19104515761137e-06
ele-fashion,42,17742,69437,338186,text,3,0.1856953352689743,29,1,0.025572831423895253,0.13793103448275862,0.7903236150741577,0.6191715002059937,0.044118404388427734,-0.028277873992919922,True,False,0.9017837047576904,0.9508918523788452,0.09284313768148422,2.3488376140594482,0.03952727094292641,0.0004012971476186067,0.0040054284036159515,0.9995988011360168,0.9993090629577637,2.383312676101923e-07,True,1.0618677139282227,0.0
ele-fashion,42,86176,22892,187818,text,3,0.267261266708374,2,7,0.025572831423895253,1.0,0.48928678035736084,0.6419994831085205,-0.05823326110839844,-0.01703786849975586,False,False,0.48681339621543884,0.7434067130088806,0.23041179776191711,0.44385620951652527,0.5191136002540588,0.041505735367536545,0.24492445588111877,0.9593438506126404,0.950441837310791,-0.002045750617980957,True,2.069045066833496,-2.8934329748153687e-05
ele-fashion,42,59076,27310,209934,visual,2,0.22360679507255554,1,20,0.025572831423895253,1.0,0.7538331747055054,0.9231952428817749,-0.02689814567565918,0.004169106483459473,False,True,0.9093644618988037,0.9546822309494019,0.8822503685951233,0.8822503685951233,1.0,0.02752702869474888,0.1345655620098114,0.9728484153747559,0.9478194117546082,-0.0008565913885831833,False,,
ele-fashion,42,81556,36431,246311,visual,3,0.267261266708374,2,7,0.025572831423895253,1.0,0.8890997171401978,0.46624141931533813,0.07462930679321289,-0.0630720853805542,True,False,0.5973538160324097,0.7986769080162048,0.1862076073884964,0.3091859817504883,0.6022511124610901,0.0005006728461012244,0.004908540286123753,0.9994994401931763,0.9991528987884521,9.532086551189423e-07,True,2.8126540184020996,2.3830216377973557e-07
ele-fashion,42,92161,35979,244591,visual,4,0.125,4,16,0.025572831423895253,1.0,0.7071495056152344,0.7456218004226685,0.04053783416748047,0.015244483947753906,True,True,0.8850456476211548,0.9425228238105774,0.11423326283693314,0.43610242009162903,0.2619413733482361,0.004810189828276634,0.03585713729262352,0.9952013492584229,0.991958737373352,-9.846873581409454e-06,True,1.3655641078948975,-1.3524666428565979e-05
ele-fashion,42,57998,57997,308359,visual,4,0.20412413775920868,6,4,0.025572831423895253,0.6666666666666666,0.7382575869560242,0.9933493733406067,-0.043874919414520264,0.0988503098487854,False,True,0.9953469038009644,0.9976734519004822,0.12514160573482513,0.8879033923149109,0.1409405618906021,0.006499935407191515,0.04544365778565407,0.9935211539268494,0.9884839057922363,-0.00012922333553433418,True,1.1741901636123657,5.684792995452881e-06
ele-fashion,42,92934,42835,265549,visual,2,0.08804509043693542,3,43,0.025572831423895253,1.0,0.9126163125038147,0.8708120584487915,0.10718631744384766,0.021645545959472656,True,True,0.8592302799224854,0.9296151399612427,0.2651313245296478,0.7541589736938477,0.3515589237213135,0.00450536422431469,0.029630497097969055,0.9955047965049744,0.9911441802978516,4.473887383937836e-05,True,1.7322402000427246,-1.1867377907037735e-05
ele-fashion,42,94178,94179,391820,text,3,1.0,1,1,0.025572831423895253,1.0,0.7502490878105164,0.7387138605117798,0.0,0.0,True,True,0.9086097478866577,0.9543048739433289,1.0040514469146729,1.0040514469146729,1.0,0.0030538849532604218,0.02549547329545021,0.9969507455825806,0.9959003925323486,-0.00021121138706803322,False,,
ele-fashion,42,1934,3001,56219,visual,3,0.043519411236047745,6,88,0.025572831423895253,0.6666666666666666,0.6434471607208252,0.786198616027832,-0.0632786750793457,-0.0009872913360595703,False,False,0.6536700129508972,0.826835036277771,0.05239654332399368,0.6550577282905579,0.07998767495155334,0.0323907844722271,0.14305968582630157,0.9681282043457031,0.936494767665863,9.231269359588623e-06,True,1.0354050397872925,-3.460794687271118e-06
ele-fashion,42,34732,35875,244273,text,1,0.267261266708374,7,2,0.025572831423895253,0.5714285714285714,0.6003775000572205,0.6582967042922974,-0.0024936795234680176,0.016543269157409668,False,True,0.5686192512512207,0.7843096256256104,0.26871415972709656,0.792215883731842,0.33919310569763184,0.0013625870924443007,0.011575647629797459,0.9986383318901062,0.9975489377975464,0.0004388298839330673,True,1.3753252029418945,0.00011725444346666336
ele-fashion,42,36296,36329,245982,text,1,0.07293249666690826,47,4,0.025572831423895253,0.0851063829787234,0.8691899180412292,0.9320615530014038,0.021541714668273926,0.04894286394119263,True,True,0.8402021527290344,0.9201010465621948,0.07329919189214706,3.3868606090545654,0.021642223000526428,0.01638927310705185,0.09074912965297699,0.9837443232536316,0.9690731167793274,0.00029442645609378815,True,1.0220791101455688,1.0561197996139526e-06
ele-fashion,42,51558,489,17722,text,2,0.02942449413239956,3,385,0.025572831423895253,1.0,0.9111571907997131,0.843355119228363,0.093891441822052,0.014717519283294678,True,True,0.8536757230758667,0.9268378615379333,0.278593510389328,0.6756887435913086,0.4123104214668274,0.15589302778244019,0.4575141370296478,0.8556507229804993,0.7240931391716003,-0.0011430680751800537,True,1.2277268171310425,-0.0006605833768844604
ele-fashion,42,46563,9373,111913,text,3,0.0990147590637207,3,34,0.025572831423895253,1.0,0.4600217044353485,0.7626304030418396,-0.08114448189735413,0.057905614376068115,False,True,0.33378517627716064,0.6668925881385803,0.08408199995756149,0.2345414012670517,0.3584953546524048,0.002976988675072789,0.024081895127892494,0.9970274567604065,0.9956424236297607,-1.6758684068918228e-05,True,1.5255775451660156,0.0
ele-fashion,42,90609,4401,70827,text,3,0.040824830532073975,3,200,0.025572831423895253,1.0,0.8125379085540771,0.8971071243286133,-0.022907733917236328,0.05044066905975342,False,True,0.9516056776046753,0.9758028388023376,0.06853693723678589,0.21020489931106567,0.32604822516441345,0.00015269544383045286,0.0017797055188566446,0.9998472929000854,0.9997972249984741,-1.3110984582453966e-06,True,1.3192088603973389,-4.7676439862698317e-07
ele-fashion,42,41965,948,28213,text,4,0.06154574453830719,2,132,0.025572831423895253,1.0,0.48026251792907715,0.4666984975337982,-0.06896114349365234,-0.0963299572467804,False,False,0.22271835803985596,0.611359179019928,0.3119851350784302,0.6050857901573181,0.5156047940254211,0.04041538015007973,0.22139546275138855,0.9603904485702515,0.9419399499893188,-0.0019368268549442291,True,1.2461830377578735,-0.004450514912605286
ele-fashion,42,65718,7238,97572,visual,1,0.26726123690605164,1,14,0.025572831423895253,1.0,0.7687327265739441,0.8075430989265442,0.09252572059631348,0.08866745233535767,True,True,0.8694872856140137,0.9347436428070068,0.26702144742012024,0.26702144742012024,1.0,0.04165199398994446,0.20587216317653656,0.9592035412788391,0.9373648166656494,0.001596938818693161,False,,
ele-fashion,42,47173,344,13338,visual,2,0.06933752447366714,1,208,0.02557108762359359,1.0,0.39444100856781006,0.6886710524559021,-0.051049262285232544,-0.015358805656433105,False,False,0.7853279113769531,0.8926639556884766,0.36609384417533875,0.36609384417533875,1.0,0.012653070501983166,0.08372385054826736,0.9874266386032104,0.9800217151641846,7.556751370429993e-05,False,,
ele-fashion,42,51663,51662,291318,text,4,0.3333333134651184,3,3,0.025572831423895253,1.0,0.7929967045783997,0.89382004737854,0.032365620136260986,0.048356056213378906,True,True,0.7249811291694641,0.8624905347824097,0.30481022596359253,0.8123254179954529,0.37523168325424194,0.027982929721474648,0.14280006289482117,0.972404956817627,0.9487208127975464,0.0012137535959482193,True,1.443599820137024,0.0003655441105365753
ele-fashion,42,49684,62454,321046,text,4,0.0800640732049942,12,13,0.025572831423895253,0.3333333333333333,0.9969485998153687,0.8121040463447571,0.24041134119033813,-0.011570274829864502,True,False,0.9965716600418091,0.9982858300209045,0.09109382331371307,0.8811432719230652,0.10338139533996582,0.05297038331627846,0.24093635380268097,0.9484081268310547,0.9142706990242004,0.0027675852179527283,True,1.0544791221618652,0.0014382079243659973
ele-fashion,42,27026,4495,71834,text,4,0.3333333432674408,1,9,0.02557108762359359,1.0,0.8414427042007446,0.9417559504508972,0.05890202522277832,0.008363723754882812,True,True,0.9394832849502563,0.9697416424751282,0.9046139121055603,0.9046139121055603,1.0,0.022525867447257042,0.10812520980834961,0.9777259230613708,0.9556257128715515,0.011257404461503029,False,,
ele-fashion,42,57998,57858,307950,visual,1,0.12309148907661438,6,11,0.025572831423895253,0.6666666666666666,0.9121559858322144,0.9933493733406067,0.08361291885375977,0.058560073375701904,True,True,0.9953469038009644,0.9976734519004822,0.12266988307237625,1.2357301712036133,0.09926915168762207,0.006499935407191515,0.04544365778565407,0.9935211539268494,0.9884839057922363,-9.108241647481918e-05,True,1.0982469320297241,5.684792995452881e-06
ele-fashion,42,82400,411,14561,text,3,0.05754352733492851,2,151,0.025572831423895253,1.0,0.6085697412490845,0.7740726470947266,0.0745345950126648,-0.00443422794342041,True,False,0.767912745475769,0.8839563727378845,0.04881615564227104,0.1013956367969513,0.4814423620700836,0.014038621447980404,0.09235603362321854,0.9860594868659973,0.9801241755485535,8.944980800151825e-05,True,2.1363937854766846,-2.2804364562034607e-05
ele-fashion,42,60867,75115,351146,text,1,0.28867512941360474,4,3,0.025572831423895253,1.0,0.8930804133415222,0.8470446467399597,0.14316660165786743,0.04945868253707886,True,True,0.9521802663803101,0.976090133190155,0.2897954285144806,0.7438592314720154,0.3895837068557739,0.00034874555421993136,0.0037355939857661724,0.999651312828064,0.9994907379150391,3.5392207792028785e-05,True,1.5070369243621826,-2.002037945203483e-05
ele-fashion,42,12581,51009,289432,visual,1,0.30151134729385376,11,1,0.025572831423895253,0.36363636363636365,0.793663740158081,0.931408166885376,0.0,1.1920928955078125e-07,True,True,0.9655553698539734,0.9827777147293091,0.30060312151908875,3.3066344261169434,0.09090908616781235,0.06231814622879028,0.27146658301353455,0.9395838975906372,0.8896380662918091,-0.0008696652948856354,True,1.100000023841858,0.0
ele-fashion,42,82639,6724,92806,text,1,0.0990147590637207,3,34,0.025572831423895253,1.0,0.7950454354286194,0.7702746987342834,-0.020395874977111816,-0.03575664758682251,False,False,0.7651869654655457,0.8825935125350952,0.09941357374191284,0.3007739186286926,0.3305259048938751,2.0005996227264404,0.47003859281539917,0.8510420918464661,0.7157878875732422,-0.013896465301513672,True,1.4060657024383545,0.005223989486694336
ele-fashion,42,80220,29032,218540,visual,1,0.05103103443980217,8,48,0.025572831423895253,0.5,0.7945551872253418,0.6957067251205444,0.07897645235061646,-0.04703927040100098,True,False,0.7740931510925293,0.8870465755462646,0.05111993849277496,0.39267808198928833,0.13018281757831573,0.000617432699073106,0.006237473338842392,0.999382734298706,0.999130368232727,3.2166135497391224e-06,True,1.105161190032959,5.95638994127512e-07
ele-fashion,42,43701,43702,268101,text,1,1.0,1,1,0.02557108762359359,1.0,0.35335826873779297,0.49939295649528503,0.0,0.0,True,True,0.07209987193346024,0.5360499620437622,1.0036845207214355,1.0036845207214355,1.0,0.0019042231142520905,0.01634729839861393,0.9980975985527039,0.9972987174987793,-4.426238592714071e-05,False,,
ele-fashion,42,39316,43338,266950,visual,1,0.09128709137439728,24,5,0.025572831423895253,0.16666666666666666,0.9616950154304504,0.9999998807907104,0.24323171377182007,0.1829884648323059,True,True,0.9999998807907104,0.9999999403953552,0.09151492267847061,1.8833425045013428,0.04859175905585289,0.7927459478378296,0.7739744186401367,0.533731997013092,0.08113175630569458,-0.0035944581031799316,True,1.032330870628357,-0.02455759048461914
ele-fashion,42,66819,66818,332329,text,1,0.267261266708374,7,2,0.025572831423895253,0.5714285714285714,0.750447154045105,0.4916611313819885,0.11646461486816406,-0.08203709125518799,True,False,0.4683477580547333,0.7341738939285278,0.26876237988471985,1.3344210386276245,0.20140747725963593,0.0356975756585598,0.17099612951278687,0.9649320840835571,0.934489369392395,0.0011405497789382935,True,1.1802514791488647,0.000473804771900177
ele-fashion,42,78576,4232,68321,visual,3,0.05688801407814026,3,103,0.025572831423895253,1.0,0.8520511984825134,0.899044394493103,0.1772977113723755,0.11165499687194824,True,True,0.867281973361969,0.9336409568786621,0.056261539459228516,0.14226080477237701,0.395481675863266,0.05299966409802437,0.241640105843544,0.9483803510665894,0.9056700468063354,0.00017443299293518066,True,1.8970067501068115,-8.73953104019165e-05
ele-fashion,42,23338,23427,190351,text,2,0.40824827551841736,3,2,0.025572831423895253,1.0,0.9793606996536255,0.9149274230003357,0.0398259162902832,0.01625138521194458,True,True,0.9411448240280151,0.9705724120140076,0.3076692819595337,0.8173061609268188,0.37644311785697937,0.0003177614707965404,0.0033743102103471756,0.9996823072433472,0.9995229840278625,1.5492259990423918e-06,True,1.6563388109207153,2.025917638093233e-06
ele-fashion,42,94171,44366,269874,text,4,0.7071067690849304,1,2,0.025572831423895253,1.0,0.7426578402519226,0.8695507645606995,0.028469979763031006,0.0968438982963562,True,True,0.5428112745285034,0.7714056372642517,0.7785575985908508,0.7785575985908508,1.0,0.010134194046258926,0.07172407954931259,0.989916980266571,0.9857175946235657,0.001094507984817028,False,,
ele-fashion,42,16415,18009,163376,text,4,0.30151134729385376,11,1,0.025572831423895253,0.36363636363636365,0.987881600856781,0.7563904523849487,0.11302238702774048,-0.021448612213134766,True,False,0.9974215030670166,0.9987107515335083,0.10978573560714722,1.296761393547058,0.08466147631406784,0.00018702188390307128,0.0020053391344845295,0.9998130202293396,0.9996768236160278,4.767498467117548e-07,True,1.1827174425125122,-7.151247700676322e-07
ele-fashion,42,58560,65471,329223,visual,1,0.2499999850988388,8,2,0.025572831423895253,0.5,0.5868229269981384,0.6154061555862427,-0.03717690706253052,-0.04346507787704468,False,False,0.7934591174125671,0.896729588508606,0.2503356337547302,1.1295617818832397,0.22162190079689026,0.0003819928097072989,0.004053541459143162,0.9996180534362793,0.9994663596153259,1.1677970178425312e-05,True,1.1921290159225464,7.268943591043353e-06
ele-fashion,42,17771,19853,172791,visual,2,0.033296357840299606,22,41,0.025572831423895253,0.18181818181818182,0.7594963312149048,0.7326940894126892,0.017530322074890137,-0.03676050901412964,True,False,0.7699101567268372,0.8849550485610962,0.04046201333403587,0.9011275172233582,0.044901538640260696,0.0006220789509825408,0.006397562567144632,0.9993780851364136,0.9991840124130249,1.1915108188986778e-07,True,1.0236401557922363,1.1915108188986778e-07
ele-fashion,42,36296,36333,245998,visual,1,0.07293249666690826,47,4,0.025572831423895253,0.0851063829787234,0.8691899180412292,0.9609534740447998,0.021541714668273926,0.06690335273742676,True,True,0.9473564028739929,0.9736782312393188,0.07269785553216934,3.1110026836395264,0.023367982357740402,0.01638927310705185,0.09074912965297699,0.9837443232536316,0.9690731167793274,-5.124881863594055e-05,True,1.0220791101455688,6.273947656154633e-05
ele-fashion,42,4817,4814,75089,text,1,0.04698409512639046,3,151,0.025572831423895253,1.0,0.7685285806655884,0.9324033856391907,0.009545207023620605,0.10050660371780396,True,True,0.5822088122367859,0.7911044359207153,0.0472390316426754,0.0827518031001091,0.5708519816398621,0.007704779040068388,0.05204550549387932,0.9923248291015625,0.9871445298194885,0.0002773613668978214,True,1.755963683128357,0.00016760872676968575
ele-fashion,42,22979,2534,50859,visual,4,0.04315318539738655,3,179,0.025572831423895253,1.0,0.5485361814498901,0.7593211531639099,-0.15555799007415771,0.009785115718841553,False,True,0.33254674077033997,0.6662733554840088,0.23141640424728394,0.5412365198135376,0.42756983637809753,0.0009235645993612707,0.008791913278400898,0.9990768432617188,0.9985899925231934,1.310079824179411e-05,True,1.3813223838806152,1.3458135072141886e-05
ele-fashion,42,47239,1795,42133,text,1,0.0629940778017044,4,63,0.025572831423895253,1.0,0.3460056483745575,0.6320992112159729,-0.04822590947151184,0.06607133150100708,False,True,0.3594723343849182,0.6797361373901367,0.06321590393781662,0.17895355820655823,0.3532531261444092,0.011052694171667099,0.08004327863454819,0.9890081882476807,0.9859402179718018,-7.569324225187302e-05,True,1.308020830154419,7.38026574254036e-05
ele-fashion,42,25132,1035,30631,text,3,0.07624928653240204,4,43,0.025572831423895253,1.0,0.5677106380462646,0.6782397031784058,-0.11403417587280273,-0.14420223236083984,False,False,0.5969136953353882,0.7984568476676941,0.058099109679460526,0.19478896260261536,0.2982669472694397,0.06800880283117294,0.307365357875824,0.9342522621154785,0.885033369064331,1.636892557144165e-05,True,1.478858232498169,2.828240394592285e-05
ele-fashion,42,56946,1415,36941,text,1,0.03342631459236145,5,179,0.025572831423895253,0.8,0.44025546312332153,0.7556177973747253,-0.1126592755317688,0.074063241481781,False,True,0.10032732039690018,0.5501636862754822,0.033550627529621124,0.1877448409795761,0.17870332300662994,0.054627925157547,0.28338563442230225,0.9468373656272888,0.9221670031547546,-0.0002782680094242096,True,1.1490106582641602,-0.0007124766707420349
ele-fashion,42,93793,1180,33561,text,4,0.0314970389008522,4,252,0.025572831423895253,1.0,0.24306915700435638,0.534153163433075,-0.3584548234939575,-0.153217613697052,False,False,0.1751421093940735,0.5875710248947144,0.21406510472297668,0.6255716681480408,0.3421911895275116,0.009236226789653301,0.05712592601776123,0.9908062815666199,0.9829583764076233,-0.0008949907496571541,True,1.1579396724700928,-0.0008209878578782082
ele-fashion,42,25487,3009,56466,text,3,0.0824786126613617,3,49,0.025572831423895253,1.0,0.6558256149291992,0.6963720321655273,-0.024126529693603516,-0.025881707668304443,False,False,0.7545294761657715,0.8772647380828857,0.11047352850437164,0.5771242380142212,0.19142070412635803,0.7617743611335754,0.7304377555847168,0.5273898839950562,0.06055253744125366,0.014369606971740723,True,1.128082275390625,0.006346285343170166
ele-fashion,42,11476,21192,179860,text,2,0.05360562726855278,174,2,0.025572831423895253,0.022988505747126436,0.6697625517845154,0.8178855776786804,0.10216403007507324,0.06357473134994507,True,True,0.8947846293449402,0.9473923444747925,0.007451056968420744,1.2317343950271606,0.006049240007996559,0.000526289688423276,0.004754034802317619,0.9994738698005676,0.998996913433075,0.0,True,1.0065466165542603,2.3830216377973557e-07
ele-fashion,42,8676,8675,107969,text,4,0.7071067690849304,2,1,0.025572831423895253,1.0,0.9838051795959473,1.0,0.08169054985046387,0.09871608018875122,True,True,0.9973112940788269,0.9986556768417358,0.37442609667778015,0.5915932655334473,0.6329113841056824,0.0009681067313067615,0.008925748988986015,0.9990323781967163,0.9984674453735352,0.0002822128008119762,True,3.2360682487487793,-0.00014435226330533624
ele-fashion,42,74252,74251,349254,text,2,0.7071067690849304,1,2,0.025572831423895253,1.0,0.5991172194480896,0.7766574025154114,0.016701459884643555,0.015237152576446533,True,True,0.6294459104537964,0.8147229552268982,0.9531858563423157,0.9531858563423157,1.0,0.002059602178633213,0.016983021050691605,0.9979425072669983,0.9964640736579895,-0.0003783771535381675,False,,
ele-fashion,42,49732,797,24587,text,4,0.08606629818677902,1,135,0.02557108762359359,1.0,0.6087610125541687,0.6326032280921936,0.017347097396850586,0.026229918003082275,True,True,0.3159494996070862,0.6579747200012207,0.37153536081314087,0.37153536081314087,1.0,0.0008079125545918941,0.007761314976960421,0.9991924166679382,0.998769998550415,6.991688860580325e-05,False,,
ele-fashion,42,60867,76558,354248,text,4,0.25,4,4,0.025572831423895253,1.0,0.5920366644859314,0.7654335498809814,-0.08024400472640991,-0.004323720932006836,False,False,0.8674600720405579,0.9337300062179565,0.10038898885250092,0.43153542280197144,0.2326321005821228,0.00034874555421993136,0.0037355939857661724,0.999651312828064,0.9994907379150391,2.323745866306126e-05,True,1.4111756086349487,-4.0516897570341825e-06
ele-fashion,42,92025,15615,149414,visual,4,0.033407654613256454,16,56,0.025572831423895253,0.25,0.6398057341575623,0.7179057598114014,-0.03726381063461304,-0.04478192329406738,False,False,0.78382408618927,0.891912043094635,0.056758083403110504,0.9520840644836426,0.059614572674036026,0.0003122795606032014,0.003403309965506196,0.9996877908706665,0.9995859861373901,1.7875863704830408e-06,True,1.0431817770004272,4.7669163905084133e-07
ele-fashion,42,76985,78628,358746,text,3,0.18257418274879456,5,6,0.025572831423895253,0.8,0.7373877763748169,0.8138910531997681,-0.12791049480438232,-0.10970687866210938,False,False,0.4440937638282776,0.7220468521118164,0.14634136855602264,0.8143952488899231,0.1796932965517044,0.04113559052348137,0.20134149491786957,0.9596989750862122,0.9362481832504272,-0.0003009326756000519,True,1.1678091287612915,-0.00011612847447395325
ele-fashion,42,38547,20103,174185,visual,4,0.20000000298023224,1,25,0.02557108762359359,1.0,0.8861187100410461,0.9963869452476501,0.05792427062988281,0.08523410558700562,True,True,0.9974293112754822,0.9987146854400635,0.2576482892036438,0.2576482892036438,1.0,0.04085182398557663,0.17060796916484833,0.9599713683128357,0.9202789068222046,-0.001219388097524643,False,,
ele-fashion,42,94178,94179,391820,visual,4,1.0,1,1,0.025572831423895253,1.0,0.7502490878105164,0.7387138605117798,0.0,0.0,True,True,0.8570219278335571,0.9285109639167786,0.999413013458252,0.999413013458252,1.0,0.0030538849532604218,0.02549547329545021,0.9969507455825806,0.9959003925323486,-9.424914605915546e-05,False,,
ele-fashion,42,77538,77537,356440,visual,1,0.3162277638912201,1,10,0.025572831423895253,1.0,0.5331329703330994,0.46236610412597656,-0.016912996768951416,-0.019065946340560913,False,False,0.7383649349212646,0.8691824674606323,0.3163486421108246,0.3163486421108246,1.0,0.00016675988445058465,0.0019661830738186836,0.9998332262039185,0.9997979998588562,-3.4564873203635216e-06,False,,
ele-fashion,42,76783,23243,189371,visual,4,0.30151134729385376,1,11,0.025572831423895253,1.0,0.7671566009521484,0.9157658815383911,-0.00693202018737793,-0.001413106918334961,False,False,0.8757365942001343,0.9378682971000671,0.6807449460029602,0.6807449460029602,1.0,0.00989366602152586,0.05802185833454132,0.9901551008224487,0.9808381795883179,-0.001596289686858654,False,,
ele-fashion,42,12979,70905,341611,text,2,0.05634361505508423,35,9,0.025572831423895253,0.11428571428571428,0.7405820488929749,0.8666471838951111,0.11312443017959595,0.07301861047744751,True,True,0.8908747434616089,0.9454373717308044,0.02560698799788952,1.2730615139007568,0.020114494487643242,8.606540359323844e-05,0.0010737708071246743,0.9999139308929443,0.999895453453064,1.1920201359316707e-07,True,1.0297763347625732,0.0
ele-fashion,42,35692,55,2793,text,2,0.059976015239953995,1,278,0.02557108762359359,1.0,0.9105823040008545,0.8988600373268127,0.030959367752075195,0.002422511577606201,True,True,0.9387655258178711,0.9693827629089355,0.617238461971283,0.617238461971283,1.0,0.07452381402254105,0.26637333631515503,0.9281853437423706,0.8577244877815247,-0.0011563897132873535,False,,
ele-fashion,42,12291,10067,116284,visual,3,0.28867512941360474,4,3,0.025572831423895253,1.0,0.9989187717437744,0.5587668418884277,0.11966323852539062,0.04622161388397217,True,True,0.8437530994415283,0.9218765497207642,0.2588619887828827,1.1715105772018433,0.22096428275108337,0.0004349001101218164,0.004251976031810045,0.9995651841163635,0.9992515444755554,2.502318238839507e-06,True,1.2240092754364014,1.3107492122799158e-06
ele-fashion,42,77256,87477,377677,text,1,0.17407765984535217,11,3,0.025572831423895253,0.36363636363636365,0.7172333598136902,0.8643838763237,-0.026967763900756836,-0.03637748956680298,False,False,0.850481390953064,0.925240695476532,0.17501305043697357,1.2064813375473022,0.1450607180595398,0.0018778087105602026,0.016408920288085938,0.9981239438056946,0.9971287846565247,3.295845817774534e-05,True,1.1295297145843506,-2.5582266971468925e-05
ele-fashion,42,14365,14294,143063,text,3,0.11180339753627777,4,20,0.025572831423895253,1.0,0.935775876045227,0.6880110502243042,0.09652841091156006,-0.05171346664428711,True,False,0.936779260635376,0.968389630317688,0.12261129170656204,0.43076348304748535,0.2846371531486511,0.24284303188323975,0.5899815559387207,0.7843946218490601,0.5885266065597534,0.0021232515573501587,True,1.3823274374008179,5.404651165008545e-05
ele-fashion,42,62494,18017,163473,visual,3,0.0476190485060215,3,147,0.025572831423895253,1.0,0.7044122219085693,0.8153449892997742,-0.011321604251861572,-0.007138490676879883,False,False,0.7928193211555481,0.8964096307754517,0.061614103615283966,0.18757790327072144,0.3284720778465271,0.00024339574156329036,0.0025977138429880142,0.9997566342353821,0.9996061325073242,2.3836037144064903e-07,True,1.4159554243087769,0.0
ele-fashion,42,93513,5707,83434,visual,2,0.0555555559694767,4,81,0.025572831423895253,1.0,0.7037200927734375,0.7400702238082886,0.016392827033996582,0.025029361248016357,True,True,0.8502174615859985,0.9251087307929993,0.1407891809940338,0.6889362335205078,0.2043573409318924,0.0004172646440565586,0.004130925051867962,0.999582827091217,0.9992809295654297,5.958136171102524e-07,True,1.3483446836471558,-7.149355951696634e-07
ele-fashion,42,4218,941,27943,visual,3,0.24253563582897186,1,17,0.02557108762359359,1.0,0.4557294547557831,0.6636675000190735,-0.059588223695755005,0.007000744342803955,False,True,0.6124352216720581,0.806217610836029,0.19907741248607635,0.19907741248607635,1.0,0.11943650245666504,0.43315574526786804,0.8874203562736511,0.827046275138855,-3.860890865325928e-05,False,,
ele-fashion,42,96553,96552,396653,visual,3,1.0,1,1,0.025572831423895253,1.0,0.3504888415336609,0.5861132740974426,0.0,0.0,True,True,0.42428115010261536,0.7121405601501465,0.999981701374054,0.999981701374054,1.0,0.1439371258020401,0.427446573972702,0.8659421801567078,0.737755298614502,0.004551798105239868,False,,
ele-fashion,42,59238,18017,163413,text,3,0.0824786126613617,1,147,0.025572831423895253,1.0,0.7427604794502258,0.8312897682189941,0.02709430456161499,0.00926893949508667,True,True,0.8294875025749207,0.9147437810897827,0.10222972184419632,0.10222972184419632,1.0,0.0059714484959840775,0.04049045220017433,0.9940463304519653,0.9890387654304504,-2.4885404855012894e-05,False,,
ele-fashion,42,96827,6006,86695,text,4,0.10425720363855362,4,23,0.025572831423895253,1.0,0.8394030332565308,0.7335837483406067,-0.01631343364715576,-0.11228102445602417,False,False,0.8851571083068848,0.9425785541534424,0.2663913071155548,0.926605224609375,0.28749170899391174,0.07913748174905777,0.28864791989326477,0.9239128828048706,0.8525401949882507,0.006951980292797089,True,1.4827988147735596,-0.0015637651085853577
ele-fashion,42,80878,2474,50155,visual,3,0.07624928653240204,4,43,0.025572831423895253,1.0,0.7956957221031189,0.7538576722145081,0.002727806568145752,-0.018458902835845947,True,False,0.9115514755249023,0.9557757377624512,0.08978347480297089,0.32277050614356995,0.2781650424003601,3.194045305252075,0.24355700612068176,0.9456243515014648,0.9046186804771423,0.003541707992553711,True,1.2772271633148193,0.0006144046783447266
ele-fashion,42,58062,16166,152526,visual,4,0.26726123690605164,1,14,0.02557108762359359,1.0,0.636633038520813,0.6360822916030884,0.03500247001647949,-0.004832625389099121,True,False,0.7651954889297485,0.8825977444648743,0.26959219574928284,0.26959219574928284,1.0,0.0001394651480950415,0.0016590406885370612,0.9998605251312256,0.9998239278793335,-2.264670911245048e-06,False,,
ele-fashion,42,59146,9373,111926,visual,2,0.06482037901878357,7,34,0.025572831423895253,0.5714285714285714,0.6411049962043762,0.6272773742675781,0.08351880311965942,-0.016998708248138428,True,False,0.7239956855773926,0.8619978427886963,0.1347932368516922,0.823103666305542,0.163762167096138,0.05115640163421631,0.29188594222068787,0.950130045413971,0.9342172741889954,0.00043427571654319763,True,1.1503633260726929,6.671249866485596e-05
ele-fashion,42,71525,71524,343239,text,4,0.7071067690849304,2,1,0.025572831423895253,1.0,0.8417221903800964,0.8889631032943726,0.009904921054840088,-0.014492511749267578,True,False,0.8967406153678894,0.9483703374862671,0.5025051236152649,1.0050102472305298,0.5,0.7081148624420166,0.6993153691291809,0.5067585110664368,0.014186650514602661,0.11835086345672607,True,2.0,0.0
ele-fashion,42,75982,75981,353094,visual,1,0.30151134729385376,1,11,0.025572831423895253,1.0,0.5589028596878052,0.7667957544326782,-0.07016241550445557,-0.011072397232055664,False,False,0.8237701654434204,0.9118850827217102,0.3011378347873688,0.3011378347873688,1.0,0.006817414425313473,0.043230365961790085,0.9932057857513428,0.9868679642677307,-0.0004635225050151348,False,,
ele-fashion,42,78212,4075,67062,visual,4,0.022456321865320206,3,661,0.025572831423895253,1.0,0.7817836999893188,0.8023808002471924,-0.010964751243591309,0.036633968353271484,False,True,0.9001518487930298,0.9500759243965149,0.2743729054927826,0.7607815861701965,0.3606460988521576,0.07150697708129883,0.30156993865966797,0.9309898018836975,0.8936090469360352,0.0002644360065460205,True,1.125645399093628,0.00028296560049057007
ele-fashion,42,12421,4751,74368,visual,3,0.10206206887960434,2,48,0.025572831423895253,1.0,0.4668087661266327,0.791718602180481,-0.011963039636611938,0.0012248754501342773,False,True,0.5028136968612671,0.7514068484306335,0.09342874586582184,0.18525190651416779,0.50433349609375,0.005024425685405731,0.035717714577913284,0.994988203048706,0.9910244941711426,-8.540228009223938e-06,True,2.25,3.676861524581909e-06
ele-fashion,42,94171,44366,269874,visual,4,0.7071067690849304,1,2,0.025572831423895253,1.0,0.7426578402519226,0.8695507645606995,0.028469979763031006,0.0968438982963562,True,True,0.8306277394294739,0.9153138399124146,0.8397437334060669,0.8397437334060669,1.0,0.010134194046258926,0.07172407954931259,0.989916980266571,0.9857175946235657,0.00134944636374712,False,,
ele-fashion,42,49091,49092,284065,text,1,0.5,4,1,0.025572831423895253,1.0,0.49390938878059387,0.6517417430877686,-0.0054388344287872314,-0.011490106582641602,False,False,0.8263559341430664,0.9131779670715332,0.5016904473304749,0.8946489691734314,0.5607679486274719,0.5200111269950867,0.7790756225585938,0.5945138931274414,0.21074151992797852,0.43345344066619873,True,1.7850151062011719,0.26546281576156616
ele-fashion,42,66157,33625,235864,text,2,0.30151134729385376,1,11,0.025572831423895253,1.0,0.9453639984130859,0.8930425047874451,0.027600526809692383,-0.007324516773223877,True,False,0.9547188878059387,0.977359414100647,0.8418446779251099,0.8418446779251099,1.0,0.6887272596359253,1.009475827217102,0.5022148489952087,0.1421470046043396,0.006977498531341553,False,,
ele-fashion,42,15703,46648,276629,text,3,0.1132277101278305,39,2,0.025572831423895253,0.10256410256410256,0.8147240281105042,0.7124497890472412,-0.005192816257476807,-0.018898963928222656,False,False,0.7504157423973083,0.8752079010009766,0.11479999870061874,4.442996978759766,0.025838414207100868,3.4345853328704834,0.3443722128868103,0.9181146621704102,0.869447648525238,0.0037856101989746094,True,1.023964762687683,0.0003712177276611328
ele-fashion,42,72771,4708,73899,visual,2,0.041739191859960556,2,287,0.025572831423895253,1.0,0.7074137926101685,0.642257571220398,0.1324121356010437,-0.059645891189575195,True,False,0.6747733950614929,0.8373867273330688,0.29091915488243103,0.6638859510421753,0.4382065236568451,0.23076045513153076,0.5671814680099487,0.7939296364784241,0.6035792231559753,-0.0015402734279632568,True,1.2951406240463257,-0.0008695870637893677
ele-fashion,42,15732,19568,171289,visual,1,0.14433756470680237,6,8,0.025572831423895253,0.6666666666666666,0.41022825241088867,0.664556086063385,-0.06332215666770935,0.01601046323776245,False,True,0.7330812811851501,0.8665406703948975,0.1444043070077896,0.8781080842018127,0.16444934904575348,6.174850568640977e-05,0.0007953094318509102,0.9999382495880127,0.9999218583106995,0.0,True,1.1968154907226562,0.0
ele-fashion,42,61347,8495,106904,visual,4,0.05407380312681198,6,57,0.025572831423895253,0.6666666666666666,0.5997661352157593,0.5837765336036682,-0.04885941743850708,-0.11423009634017944,False,False,0.615699052810669,0.8078495264053345,0.09337680041790009,0.6465162634849548,0.1444307118654251,0.0015666127437725663,0.01442368607968092,0.9984346032142639,0.9978569746017456,4.0823942981660366e-05,True,1.0850274562835693,2.6541762053966522e-05
ele-fashion,42,51888,51884,291875,text,1,0.06428243219852448,22,11,0.025572831423895253,0.18181818181818182,0.7893781661987305,0.7826165556907654,-0.04886043071746826,-0.02902662754058838,False,False,0.8780664205551147,0.9390332102775574,0.06468933820724487,1.0843706130981445,0.059656113386154175,0.059008579701185226,0.2354392558336258,0.9426986575126648,0.8883459568023682,0.0006073303520679474,True,1.0579171180725098,-0.0009284541010856628
ele-fashion,42,4726,2248,47335,visual,2,0.125,4,16,0.025572831423895253,1.0,0.7989891767501831,0.9999998211860657,0.17953479290008545,0.3702666163444519,True,True,1.0,1.0,0.20134767889976501,0.5460910201072693,0.36870718002319336,0.0025888520758599043,0.021342774853110313,0.9974144697189331,0.9956828951835632,2.9725488275289536e-06,True,1.2843945026397705,-9.513460099697113e-07
ele-fashion,42,85593,85592,373709,text,3,0.7071067690849304,1,2,0.025572831423895253,1.0,0.8076145648956299,0.7368822693824768,-0.04003947973251343,-0.03885871171951294,False,False,0.6380172967910767,0.8190086483955383,0.7557093501091003,0.7557093501091003,1.0,0.4109445810317993,0.7334109544754028,0.6630236506462097,0.3465785086154938,-0.008581668138504028,False,,
ele-fashion,42,33334,83476,369110,visual,3,0.05044332519173622,131,3,0.025572831423895253,0.030534351145038167,0.8043389916419983,0.8636136054992676,0.07749265432357788,0.02069532871246338,True,True,0.8936878442764282,0.9468439221382141,0.0385451503098011,4.580193996429443,0.008415615186095238,0.044359467923641205,0.18298384547233582,0.9566100239753723,0.9138948321342468,2.3949891328811646e-05,True,1.0073210000991821,2.51084566116333e-06
ele-fashion,42,7436,3918,65151,visual,2,0.12309148907661438,2,33,0.025572831423895253,1.0,0.8781189322471619,0.7775470614433289,0.022144973278045654,-0.042439401149749756,True,False,0.8477606177330017,0.9238803386688232,0.37916743755340576,0.7200857996940613,0.5265586972236633,0.05322371795773506,0.21260228753089905,0.9481678605079651,0.8982001543045044,-0.0007760301232337952,True,2.073086738586426,-9.257718920707703e-05
ele-fashion,42,17724,2370,48887,visual,3,0.06509445607662201,2,118,0.025572831423895253,1.0,0.42957696318626404,0.5966037511825562,-0.08860525488853455,-0.09891867637634277,False,False,0.28143399953842163,0.6407170295715332,0.07133283466100693,0.12223947793245316,0.5835499167442322,0.21957464516162872,0.8187517523765564,0.8028602004051208,0.7279725074768066,-0.000604286789894104,True,2.0209665298461914,-0.00022685527801513672
ele-fashion,42,34064,1444,37397,text,4,0.09245003014802933,1,117,0.02557108762359359,1.0,0.7227709889411926,0.7350628972053528,0.02762550115585327,-0.009869396686553955,True,False,0.7212626934051514,0.8606313467025757,0.5257234573364258,0.5257234573364258,1.0,0.0024990777019411325,0.019968412816524506,0.9975040555000305,0.9958456158638,0.0008367884438484907,False,,
ele-fashion,42,95397,69187,337625,visual,1,0.28867512941360474,2,6,0.025572831423895253,1.0,0.684008002281189,0.61367267370224,-0.012971878051757812,-0.08084625005722046,False,False,0.5417108535766602,0.7708554267883301,0.28902238607406616,0.3420783579349518,0.8449011445045471,0.11866956204175949,0.3541155159473419,0.8881012201309204,0.7766456604003906,-0.00021197646856307983,True,5.000000953674316,0.005932465195655823
ele-fashion,42,23755,56975,305316,visual,4,0.06622661650180817,19,12,0.025572831423895253,0.21052631578947367,0.60191810131073,0.7292478084564209,-0.06803280115127563,0.015514016151428223,False,True,0.7721437215805054,0.8860718607902527,0.04619218036532402,0.9411594867706299,0.049080077558755875,9.107174992095679e-05,0.0011416394263505936,0.9999089241027832,0.9998908042907715,1.1920201359316707e-07,True,1.0754643678665161,0.0
ele-fashion,42,71030,20764,177518,text,2,0.0990147590637207,3,34,0.025572831423895253,1.0,0.6668121218681335,0.6948362588882446,0.003495514392852783,-0.03279280662536621,True,False,0.8201858997344971,0.9100929498672485,0.26232531666755676,0.7661556601524353,0.3423916697502136,0.0006906984490342438,0.006347824819386005,0.9993095397949219,0.9987716674804688,-7.803121116012335e-05,True,1.8810373544692993,7.230747723951936e-05
ele-fashion,42,1946,92307,387856,text,1,0.1259881556034088,21,3,0.025572831423895253,0.19047619047619047,0.7650745511054993,0.8638802766799927,0.16759073734283447,0.1182175874710083,True,True,0.9054874777793884,0.9527437686920166,0.1266997754573822,1.8126208782196045,0.06989866495132446,1.0778143405914307,0.646857500076294,0.6591004133224487,0.31876182556152344,-0.048586249351501465,True,1.0455671548843384,-0.003272414207458496
ele-fashion,42,23610,23611,191903,text,2,0.0833333283662796,24,6,0.025572831423895253,0.16666666666666666,0.7630454301834106,0.7236398458480835,0.07553750276565552,-0.030673861503601074,True,False,0.8358133435249329,0.917906641960144,0.09583363682031631,0.9826039671897888,0.09753027558326721,0.006820374168455601,0.04294774681329727,0.993202805519104,0.9868748188018799,-4.0374696254730225e-05,True,1.0352762937545776,-2.4271663278341293e-05
ele-fashion,42,13141,33431,235336,visual,2,0.3162277638912201,5,2,0.025572831423895253,0.8,0.9973486065864563,0.9999998807907104,0.028637349605560303,0.03647506237030029,True,True,0.9999999403953552,1.0,0.2285061925649643,0.9057760834693909,0.2522766888141632,0.07737083733081818,0.2811395227909088,0.9255465865135193,0.8541556596755981,-0.0003767535090446472,True,1.3477129936218262,5.129724740982056e-05
ele-fashion,42,53760,53755,297363,visual,4,0.235702246427536,3,6,0.025572831423895253,1.0,0.839325487613678,1.0,0.02266460657119751,0.015798211097717285,True,True,1.0,1.0,0.3008267283439636,0.8506145477294922,0.35365810990333557,0.0005796659388579428,0.005552849266678095,0.9994205236434937,0.9990159273147583,-3.705330891534686e-05,True,1.4898979663848877,-5.3613330237567425e-06
ele-fashion,42,72951,24151,194466,visual,2,0.0686802789568901,4,53,0.025572831423895253,1.0,0.7515780329704285,0.7098890542984009,-0.007954537868499756,-0.0508456826210022,False,False,0.64802086353302,0.82401043176651,0.12180954217910767,0.5444905757904053,0.22371286153793335,0.00041869457345455885,0.004243805538862944,0.9995813965797424,0.9993301033973694,2.2640160750597715e-06,True,1.0952192544937134,2.025713911280036e-06
ele-fashion,42,57172,57173,305830,text,1,0.5,1,4,0.02557108762359359,1.0,0.8347733020782471,0.8959364891052246,0.06134152412414551,0.048044562339782715,True,True,0.8692744374275208,0.934637188911438,0.502366304397583,0.502366304397583,1.0,0.10478726774454117,0.32647567987442017,0.9005160927772522,0.8013212084770203,0.025953687727451324,False,,
ele-fashion,42,3526,3528,61637,visual,2,0.1767766922712326,8,4,0.025572831423895253,0.5,0.8344431519508362,0.7062960267066956,0.0726819634437561,-0.04168444871902466,True,False,0.6902950406074524,0.8451474905014038,0.1849893182516098,1.211881399154663,0.15264639258384705,0.002179510658606887,0.016741124913096428,0.9978228807449341,0.9958848357200623,-1.3441313058137894e-05,True,1.20333731174469,-1.784181222319603e-06
ele-fashion,42,31356,30712,224572,text,4,0.054554473608732224,12,28,0.025572831423895253,0.3333333333333333,0.7610855102539062,0.742378830909729,-0.03383183479309082,-0.0991436243057251,False,False,0.8222482204437256,0.9111241102218628,0.0682094395160675,0.823759913444519,0.08280257135629654,0.008274085819721222,0.055196765810251236,0.9917600750923157,0.986545205116272,0.00017318781465291977,True,1.0986965894699097,-6.857328116893768e-06
ele-fashion,42,43405,43406,267124,text,4,0.12909944355487823,2,30,0.025572831423895253,1.0,0.6722789406776428,0.7619382739067078,-0.09394246339797974,-0.02778679132461548,False,False,0.8563227653503418,0.9281613826751709,0.15924976766109467,0.32736024260520935,0.4864664375782013,0.03050089441239834,0.13710583746433258,0.969959557056427,0.940217912197113,0.0036009903997182846,True,1.8164966106414795,0.0005661863833665848
ele-fashion,42,51129,50821,288895,text,1,0.1666666567325592,3,12,0.025572831423895253,1.0,0.6221539378166199,0.5482279658317566,-0.07313746213912964,-0.11987847089767456,False,False,0.6898778676986694,0.8449389338493347,0.16710719466209412,0.4774248003959656,0.35001784563064575,0.0066167074255645275,0.046728722751140594,0.9934051632881165,0.9895470142364502,0.0010014763101935387,True,1.3671717643737793,0.0009231558069586754
ele-fashion,42,47095,79027,359494,text,3,0.7071067690849304,2,1,0.025572831423895253,1.0,0.6540789604187012,0.8827427625656128,-0.005692124366760254,-0.003786921501159668,False,False,0.8202605247497559,0.9101302623748779,0.5596706867218018,1.0515060424804688,0.5322562456130981,0.0006370898918248713,0.006635983008891344,0.999363124370575,0.9992239475250244,-1.4891789760440588e-05,True,2.4142136573791504,3.5740085877478123e-06
ele-fashion,42,93793,4708,73954,text,2,0.029514066874980927,4,287,0.025572831423895253,1.0,0.3803940415382385,0.769798219203949,-0.12345939874649048,0.054200053215026855,False,True,0.135354146361351,0.5676770806312561,0.2106335312128067,0.7021619081497192,0.2999785840511322,0.009236226789653301,0.05712592601776123,0.9908062815666199,0.9829583764076233,-3.16547229886055e-05,True,1.1465392112731934,1.275632530450821e-05
ele-fashion,42,51558,488,17415,text,3,0.05205791816115379,3,123,0.025572831423895253,1.0,0.7952975034713745,0.8947848081588745,-0.07012152671813965,0.01687854528427124,False,True,0.7615406513214111,0.8807703256607056,0.053574953228235245,0.1551436483860016,0.3453248143196106,0.15589302778244019,0.4575141370296478,0.8556507229804993,0.7240931391716003,-0.0003146231174468994,True,1.488457441329956,-2.6017427444458008e-05
ele-fashion,42,11850,16121,152258,text,3,0.40824827551841736,3,2,0.025572831423895253,1.0,0.7243384718894958,0.7947441935539246,0.006019532680511475,-0.020610272884368896,True,False,0.9411112070083618,0.9705556035041809,0.24150224030017853,0.546331524848938,0.44204339385032654,8.928377064876258e-05,0.0011103363940492272,0.9999107122421265,0.9998868107795715,-1.0727890185080469e-06,True,2.790168523788452,2.5031695258803666e-06
ele-fashion,42,44924,21929,182823,text,3,0.17960530519485474,1,31,0.02557108762359359,1.0,0.6532449722290039,0.311204195022583,-0.054869890213012695,-0.22013527154922485,False,False,0.9211193323135376,0.9605596661567688,0.16162008047103882,0.16162008047103882,1.0,0.00025412190007045865,0.002717624418437481,0.9997459053993225,0.9995987415313721,-2.502754796296358e-06,False,,
ele-fashion,42,35441,35442,242599,visual,2,0.7071067690849304,2,1,0.025572831423895253,1.0,0.738013744354248,0.7817464470863342,0.05487251281738281,0.025730550289154053,True,True,0.8325356245040894,0.9162678122520447,0.4987359642982483,0.5870296359062195,0.8495925068855286,0.0015241208020597696,0.013321570120751858,0.998477041721344,0.9974311590194702,3.8207159377634525e-05,True,7.557437419891357,2.856622450053692e-05
ele-fashion,42,7520,52123,292678,visual,2,0.7071067690849304,2,1,0.025572831423895253,1.0,0.5048003792762756,0.8622416257858276,-0.0507085919380188,-0.023962438106536865,False,False,0.8363310098648071,0.9181655049324036,0.4975317418575287,1.042180061340332,0.4773951768875122,0.165842667222023,0.4462137520313263,0.8471795320510864,0.6977263689041138,-0.001544848084449768,True,2.4142136573791504,0.0008480697870254517
ele-fashion,42,16105,16108,152212,visual,4,0.3333333432674408,9,1,0.025572831423895253,0.4444444444444444,0.6992223858833313,0.7241172790527344,-0.018503129482269287,-0.011626124382019043,False,False,0.8436561226844788,0.921828031539917,0.11098390817642212,0.9461337924003601,0.1173025518655777,6.842378934379667e-05,0.0008601853623986244,0.9999315738677979,0.999905526638031,2.3840402718633413e-07,True,1.30753755569458,-7.152048056013882e-07
ele-fashion,42,57998,57997,308359,text,4,0.20412413775920868,6,4,0.025572831423895253,0.6666666666666666,0.7382575869560242,0.9933493733406067,-0.043874919414520264,0.0988503098487854,False,True,0.8801078200340271,0.9400539398193359,0.1265464425086975,0.8854841589927673,0.1429121494293213,0.006499935407191515,0.04544365778565407,0.9935211539268494,0.9884839057922363,-0.00014758342877030373,True,1.1741901636123657,2.2857915610074997e-05
ele-fashion,42,95847,95849,395236,text,1,0.7071067690849304,2,1,0.025572831423895253,1.0,0.8832154273986816,0.9999998211860657,0.005698084831237793,0.0,True,True,0.9741054773330688,0.9870527386665344,0.7096307277679443,1.3709779977798462,0.5176091194152832,0.00016497205069754273,0.001930425874888897,0.9998350143432617,0.99979567527771,4.624450230039656e-05,True,2.0,9.53514245338738e-07
ele-fashion,42,67361,67362,333614,visual,4,0.7071067690849304,1,2,0.025572831423895253,1.0,0.7877795696258545,0.6505563855171204,0.041957080364227295,0.04284614324569702,True,True,0.6227869391441345,0.8113934993743896,0.4690907597541809,0.4690907597541809,1.0,0.05003797262907028,0.2323225736618042,0.9511933326721191,0.9265786409378052,-0.0025654733180999756,False,,
ele-fashion,42,39045,80032,361797,visual,2,0.1348399668931961,11,5,0.025572831423895253,0.36363636363636365,0.6339971423149109,0.6128959059715271,0.10784435272216797,-0.000934898853302002,True,False,0.496530145406723,0.7482650876045227,0.09682337194681168,0.8654149174690247,0.11188086867332458,0.0026513920165598392,0.02252020500600338,0.997352123260498,0.9962727427482605,1.5455298125743866e-06,True,1.0664422512054443,3.329012542963028e-06
ele-fashion,42,16597,16598,155368,visual,1,1.0,1,1,0.02557108762359359,1.0,0.8962571620941162,0.9680538177490234,0.0,0.0,True,True,0.9794228076934814,0.9897114038467407,0.9955785870552063,0.9955785870552063,1.0,0.0018234307644888759,0.015228701755404472,0.998178243637085,0.9968348741531372,-0.0003398992121219635,False,,
ele-fashion,42,6866,6327,89066,text,4,0.021516574546694756,54,40,0.025572831423895253,0.07407407407407407,0.48225682973861694,0.7772212624549866,-0.14649838209152222,0.004073798656463623,False,True,0.3221285343170166,0.6610642671585083,0.026406629011034966,1.282854676246643,0.02058427222073078,0.18254756927490234,0.4928255081176758,0.833145022392273,0.6743447184562683,0.0009293854236602783,True,1.0087984800338745,0.0004302561283111572
ele-fashion,42,25891,25892,202401,visual,3,0.7071067690849304,1,2,0.02557108762359359,1.0,0.8263076543807983,0.756425678730011,0.0055310726165771484,0.018510043621063232,True,True,0.5568963885307312,0.778448224067688,0.47211864590644836,0.47211864590644836,1.0,0.001852583372965455,0.017205730080604553,0.9981491565704346,0.9976564049720764,-1.3683806173503399e-05,False,,
ele-fashion,42,86289,26315,204548,visual,4,0.2357022613286972,2,9,0.025572831423895253,1.0,0.6788287162780762,0.892552375793457,-0.03992354869842529,0.046027541160583496,False,True,0.9005336761474609,0.9502668380737305,0.3796098232269287,0.730216920375824,0.5198589563369751,0.04031554237008095,0.16838417947292328,0.9604862928390503,0.9212312698364258,-0.0019496418535709381,True,2.855921745300293,-0.0014718212187290192
ele-fashion,42,5777,5774,84149,visual,2,0.19999998807907104,5,5,0.025572831423895253,0.8,0.8001089096069336,0.9999999403953552,-0.027394890785217285,5.960464477539063e-08,False,True,1.0,1.0,0.19935566186904907,0.9967782497406006,0.20000001788139343,0.029234426096081734,0.13459302484989166,0.9711887836456299,0.942989706993103,-0.00024732574820518494,True,1.25,0.0
ele-fashion,42,57998,57858,307950,text,3,0.12309148907661438,6,11,0.025572831423895253,0.6666666666666666,0.9121559858322144,0.9933493733406067,0.08361291885375977,0.058560073375701904,True,True,0.9620713591575623,0.9810357093811035,0.15175993740558624,1.1553350687026978,0.13135577738285065,0.006499935407191515,0.04544365778565407,0.9935211539268494,0.9884839057922363,-0.00011441670358181,True,1.0982469320297241,-3.9795879274606705e-05
ele-fashion,42,79964,9594,112975,text,1,0.28867512941360474,2,6,0.025572831423895253,1.0,0.72308748960495,0.6569033861160278,0.0027733445167541504,-0.014470458030700684,True,False,0.9129042029380798,0.9564521312713623,0.2897016406059265,0.44319045543670654,0.653672993183136,0.009879383258521557,0.05943194404244423,0.9901692867279053,0.9811586141586304,0.0030913371592760086,True,2.581138849258423,-7.294956594705582e-05
ele-fashion,42,94493,59791,313402,text,4,0.40824827551841736,2,3,0.025572831423895253,1.0,0.8048853278160095,0.7925365567207336,-0.03025144338607788,-0.040405452251434326,False,False,0.8217800855636597,0.9108900427818298,0.2994927167892456,0.6397868990898132,0.4681132435798645,0.5055357813835144,0.6890469193458557,0.603182315826416,0.20875123143196106,-0.0024678707122802734,True,3.708012580871582,-0.02175194025039673
ele-fashion,42,44341,44342,269823,text,4,0.7071067690849304,1,2,0.02557108762359359,1.0,0.6919891238212585,0.7161852717399597,-0.013660609722137451,-0.0320773720741272,False,False,0.7752399444580078,0.8876199722290039,0.6712607145309448,0.6712607145309448,1.0,0.009476913139224052,0.06402748823165894,0.9905678629875183,0.9844690561294556,0.0016283625736832619,False,,
ele-fashion,42,3653,584,20679,text,1,0.09365857392549515,2,57,0.025572831423895253,1.0,0.8475501537322998,0.8667348623275757,-0.00391840934753418,0.00468975305557251,False,True,0.7506664991378784,0.8753332495689392,0.09382506459951401,0.11948442459106445,0.7852493524551392,0.05448298528790474,0.24392136931419373,0.9469746351242065,0.904163122177124,-0.0006569959223270416,True,4.117578506469727,0.0008988641202449799
ele-fashion,42,57285,51089,289743,visual,2,0.013605757616460323,73,74,0.025572831423895253,0.0547945205479452,0.6731249690055847,0.7019219398498535,-0.004730522632598877,0.047646164894104004,False,True,0.8328868746757507,0.9164434671401978,0.03480000048875809,1.1956582069396973,0.029105307534337044,0.00010787858627736568,0.0013085041427984834,0.9998921155929565,0.9998587369918823,0.0,True,1.0029683113098145,0.0
ele-fashion,42,61347,60730,316432,text,1,0.12309148907661438,6,11,0.025572831423895253,0.6666666666666666,0.8036797046661377,0.9434359073638916,0.19851011037826538,0.29469168186187744,True,True,0.9661253094673157,0.9830626249313354,0.12427034229040146,0.5832517743110657,0.21306465566158295,0.0015666127437725663,0.01442368607968092,0.9984346032142639,0.9978569746017456,4.02289442718029e-05,True,1.2171155214309692,-1.2497417628765106e-05
ele-fashion,42,18245,33337,235020,visual,2,0.09166985750198364,17,7,0.025572831423895253,0.23529411764705882,0.5516694188117981,0.6253066658973694,-0.08174687623977661,-0.0822763442993164,False,False,0.6646281480789185,0.8323140740394592,0.060484085232019424,1.1026889085769653,0.05485145002603531,0.2161761075258255,0.5836137533187866,0.8055934309959412,0.6318778395652771,-1.9595026969909668e-05,True,1.0554699897766113,6.540119647979736e-05
ele-fashion,42,83764,85498,373425,text,2,0.20412413775920868,6,4,0.025572831423895253,0.6666666666666666,0.7685518860816956,0.8096387386322021,0.0017775893211364746,0.039838314056396484,True,True,0.8904436826705933,0.9452218413352966,0.291932612657547,1.0477079153060913,0.2786393165588379,0.01872236281633377,0.09420525282621384,0.9814518094062805,0.9631650447845459,-0.002446848899126053,True,1.1339882612228394,-0.001625722274184227
ele-fashion,42,74329,2421,49263,visual,4,0.14433756470680237,8,6,0.025572831423895253,0.5,0.21488170325756073,0.7999160289764404,-0.21265889704227448,0.12185919284820557,False,True,0.6027225255966187,0.8013612627983093,0.0705985501408577,0.6687063574790955,0.10557481646537781,0.01862899400293827,0.10047746449708939,0.9815434813499451,0.965173065662384,-0.0006189346313476562,True,1.0926251411437988,-0.0001891050487756729
ele-fashion,42,14883,45643,273572,visual,1,0.14433756470680237,12,4,0.025572831423895253,0.3333333333333333,0.5385206341743469,0.6145490407943726,-0.11579877138137817,-0.03842294216156006,False,False,0.8572837114334106,0.9286418557167053,0.14481034874916077,1.1210488080978394,0.12917399406433105,6.615896563744172e-05,0.0008431551977992058,0.9999338388442993,0.9999167919158936,-2.3840402718633413e-07,True,1.0990179777145386,-2.3840402718633413e-07
ele-fashion,42,32812,7096,96241,visual,3,0.06454972177743912,3,80,0.025572831423895253,1.0,0.5869977474212646,0.6841168403625488,-0.13023865222930908,0.007264971733093262,False,True,0.7885396480560303,0.8942698240280151,0.07856767624616623,0.34279757738113403,0.22919553518295288,0.008756572380661964,0.05276651680469513,0.9912816286087036,0.9831120371818542,1.760665327310562e-05,True,1.2660672664642334,-9.572133421897888e-06
ele-fashion,42,1472,50800,288853,text,4,0.3535533845424652,8,1,0.025572831423895253,0.5,0.8626574277877808,0.822754442691803,-0.051860928535461426,-0.0030601024627685547,False,False,0.8150988221168518,0.9075493812561035,0.08968677371740341,0.5641933083534241,0.1589646190404892,0.06909074634313583,0.25931262969970703,0.9332419633865356,0.8694747686386108,0.0008868351578712463,True,1.199341893196106,-6.563961505889893e-05
ele-fashion,42,26239,10224,117877,visual,2,0.07715167850255966,7,24,0.025572831423895253,0.5714285714285714,0.6955348253250122,0.8543746471405029,-0.05393475294113159,0.08826327323913574,False,True,0.9033596515655518,0.9516798257827759,0.08658304810523987,0.6382293105125427,0.13566134870052338,9.238292841473594e-05,0.0011491004843264818,0.9999076128005981,0.9998877644538879,1.1920201359316707e-07,True,1.1090785264968872,1.1920201359316707e-07
ele-fashion,42,46508,22827,187463,visual,4,0.22360679507255554,4,5,0.025572831423895253,1.0,0.9983431100845337,0.6021058559417725,0.07626891136169434,-0.12166857719421387,True,False,0.6124255657196045,0.8062127828598022,0.17294131219387054,0.6347148418426514,0.2724708914756775,0.00012134769349358976,0.0014349182602018118,0.9998786449432373,0.999821662902832,2.026310539804399e-06,True,1.3184555768966675,0.0
ele-fashion,42,67093,89538,381954,visual,3,0.20412413775920868,6,4,0.025572831423895253,0.6666666666666666,0.5540640950202942,0.8992629051208496,-0.020277321338653564,0.1379440426826477,False,True,0.8730348348617554,0.9365174174308777,0.10661474615335464,0.6402507424354553,0.16652029752731323,0.00033146608620882034,0.003533024340867996,0.9996685981750488,0.9994899034500122,-1.1915108188986778e-07,True,1.2043139934539795,0.0
ele-fashion,42,32170,19159,169421,text,2,0.18257418274879456,2,15,0.025572831423895253,1.0,0.5711203217506409,0.6787064075469971,-0.09081035852432251,-0.0240706205368042,False,False,0.8659881353378296,0.9329940676689148,0.30561563372612,0.6124788522720337,0.4989815354347229,0.00024637524620629847,0.0026815738528966904,0.9997536540031433,0.9996258616447449,-1.5493424143642187e-06,True,2.5491931438446045,1.6685226000845432e-06
ele-fashion,42,36947,35565,242983,text,4,0.20412413775920868,4,6,0.025572831423895253,1.0,0.912996232509613,0.9050700068473816,0.009491205215454102,0.09207004308700562,True,True,0.9412341117858887,0.9706170558929443,0.21021370589733124,0.7990860939025879,0.26306766271591187,0.004773174412548542,0.0314871147274971,0.995238184928894,0.9907424449920654,0.0003927452489733696,True,1.3081477880477905,2.77617946267128e-05
ele-fashion,42,39316,41410,261154,visual,2,0.0833333283662796,24,6,0.025572831423895253,0.16666666666666666,0.6217371225357056,0.6923956274986267,-0.06173360347747803,-0.04571801424026489,False,False,0.6341502070426941,0.8170751333236694,0.040945421904325485,0.8741772770881653,0.04683880880475044,0.7927459478378296,0.7739744186401367,0.533731997013092,0.08113175630569458,0.0012027621269226074,True,1.0294309854507446,0.0012259483337402344
ele-fashion,42,51099,4402,70869,text,4,0.09534626454114914,2,55,0.025572831423895253,1.0,0.729533314704895,0.8768986463546753,-0.01335000991821289,0.1733485460281372,False,True,0.9688000082969666,0.9844000339508057,0.24737773835659027,0.5686802268028259,0.43500322103500366,0.00013362467871047556,0.0015888491179794073,0.9998663663864136,0.9998225569725037,7.270777132362127e-06,True,1.7135061025619507,-9.535433491691947e-07
ele-fashion,42,87482,34496,239253,visual,3,0.37796449661254883,1,7,0.025572831423895253,1.0,0.3150811791419983,0.6822352409362793,-0.1724749207496643,0.009921550750732422,False,True,0.8389331102371216,0.9194665551185608,0.3486717939376831,0.3486717939376831,1.0,0.31045737862586975,0.6883838176727295,0.733111560344696,0.49762970209121704,-0.0012734532356262207,False,,
ele-fashion,42,70587,5624,82443,text,3,0.03922322392463684,5,130,0.025572831423895253,0.8,0.7244661450386047,0.8167900443077087,-0.0678291916847229,0.022987425327301025,False,True,0.8833742141723633,0.9416871070861816,0.05849042907357216,0.2711585760116577,0.21570561826229095,0.00039307496626861393,0.004018446896225214,0.9996070265769958,0.9993951916694641,-7.507245754823089e-06,True,1.2424592971801758,-1.1915108188986778e-07
ele-fashion,42,93793,4228,68238,visual,4,0.10425720363855362,4,23,0.025572831423895253,1.0,0.7039353847503662,0.8899741172790527,0.15209108591079712,0.1902860403060913,True,True,0.9193779230117798,0.9596889615058899,0.166795551776886,0.6677888631820679,0.24977289140224457,0.009236226789653301,0.05712592601776123,0.9908062815666199,0.9829583764076233,-0.00026342738419771194,True,1.8230984210968018,0.003048931248486042
ele-fashion,42,31824,31825,229432,text,2,0.7071067690849304,1,2,0.02557108762359359,1.0,0.9163745641708374,0.9309210777282715,-0.003990828990936279,0.006250917911529541,False,True,0.9571554660797119,0.978577733039856,0.9861974120140076,0.9861974120140076,1.0,0.044989436864852905,0.18869668245315552,0.9560075998306274,0.913390040397644,-0.006845775991678238,False,,
ele-fashion,42,49493,10281,118223,visual,1,0.032108064740896225,5,194,0.025572831423895253,0.8,0.9360988140106201,0.9386683702468872,0.12231391668319702,0.05952697992324829,True,True,0.9530705213546753,0.9765352606773376,0.03197536990046501,0.3814255893230438,0.08383121341466904,0.03547416254878044,0.16593405604362488,0.9651476740837097,0.9331018924713135,1.691281795501709e-05,True,1.084032416343689,6.707385182380676e-05
ele-fashion,42,17576,6338,89476,visual,2,0.016062313690781593,68,57,0.025572831423895253,0.058823529411764705,0.7072575688362122,0.7871343493461609,-0.02896016836166382,0.006848752498626709,False,True,0.872639536857605,0.9363197684288025,0.02845531329512596,1.1908921003341675,0.023894116282463074,2.9501547813415527,0.214883491396904,0.9466414451599121,0.8943098187446594,0.0001652240753173828,True,1.0044025182724,0.00012350082397460938
ele-fashion,42,71525,71539,343263,visual,2,0.7071067690849304,2,1,0.025572831423895253,1.0,0.8021026849746704,0.9469332098960876,-0.009904861450195312,0.014492571353912354,False,True,0.9382019639015198,0.9691009521484375,0.49902358651161194,0.9980471730232239,0.5,0.7081148624420166,0.6993153691291809,0.5067585110664368,0.014186650514602661,-0.006322681903839111,True,2.0,0.0
ele-fashion,42,91955,91954,387133,text,3,0.5,1,4,0.025572831423895253,1.0,0.7650421857833862,0.6471899747848511,-0.015591323375701904,-0.017296314239501953,False,False,0.8621186017990112,0.9310593008995056,0.3488571047782898,0.3488571047782898,1.0,0.0004502712981775403,0.004613617900758982,0.9995498061180115,0.9993314146995544,-1.2273085303604603e-05,False,,
ele-fashion,42,9171,3133,58029,visual,4,0.16222141683101654,1,38,0.02557108762359359,1.0,0.3194234073162079,0.5911716818809509,-0.1221219003200531,-0.036148130893707275,False,False,0.6223827004432678,0.8111913204193115,0.27149009704589844,0.27149009704589844,1.0,0.03022485226392746,0.1414618194103241,0.9702273607254028,0.9420514702796936,-0.0011951364576816559,False,,
ele-fashion,42,59241,48279,281678,text,2,0.04767312854528427,4,110,0.025572831423895253,1.0,0.709591805934906,0.8917773962020874,0.016056060791015625,0.02169191837310791,True,True,0.7953479290008545,0.8976739645004272,0.13853375613689423,0.5431172847747803,0.2550715208053589,0.004885402973741293,0.033510394394397736,0.995126485824585,0.9907894730567932,-2.7284957468509674e-05,True,1.2921863794326782,-2.3725442588329315e-06
ele-fashion,42,52750,3123,57669,visual,2,0.052999891340732574,2,178,0.025572831423895253,1.0,0.5182052254676819,0.6474965214729309,-0.06650656461715698,-0.018702685832977295,False,False,0.7669649720191956,0.8834824562072754,0.27798086404800415,0.6003255248069763,0.4630502164363861,0.11164791882038116,0.45572996139526367,0.8943591117858887,0.8257794976234436,-0.0012918487191200256,True,1.7189254760742188,0.00019956380128860474
ele-fashion,42,73669,33334,234947,visual,3,0.03907323256134987,5,131,0.025572831423895253,0.8,0.6948514580726624,0.8379366397857666,-0.05325859785079956,-0.01290285587310791,False,False,0.8035866618156433,0.901793360710144,0.0411367230117321,0.23908434808254242,0.17205946147441864,0.8494958877563477,0.7212845087051392,0.5669301748275757,0.1392996907234192,-0.0016102194786071777,True,1.1783021688461304,-4.357099533081055e-05
ele-fashion,42,3954,912,27275,text,3,0.1767766922712326,4,8,0.025572831423895253,1.0,0.5682223439216614,0.4546041190624237,-0.04943293333053589,-0.023803025484085083,False,False,0.6527743339538574,0.8263871669769287,0.1296563446521759,0.4258168339729309,0.30448853969573975,0.0018261675722897053,0.016615156084299088,0.9981755018234253,0.9976823329925537,-3.1890347599983215e-05,True,1.5645521879196167,8.686329238116741e-06
ele-fashion,42,31451,1566,39113,text,4,0.07495316863059998,2,89,0.025572831423895253,1.0,0.8156834840774536,0.7605756521224976,0.16417503356933594,-0.017407894134521484,True,False,0.809081494808197,0.9045407772064209,0.2858477532863617,0.6486282348632812,0.4406958222389221,0.07786445319652557,0.3230263292789459,0.9250898361206055,0.8866525888442993,0.012232817709445953,True,1.1059998273849487,0.010690256953239441
ele-fashion,42,66645,36269,245666,text,4,0.041996050626039505,27,21,0.025572831423895253,0.14814814814814814,0.852013111114502,0.8954424858093262,0.11717581748962402,0.1377180814743042,True,True,0.8913123607635498,0.9456561803817749,0.041689105331897736,1.1558605432510376,0.03606759011745453,0.00025829317746683955,0.0028811877127736807,0.9997417330741882,0.9996414184570312,8.104107109829783e-06,True,1.031538724899292,1.072592567652464e-06
ele-fashion,42,12987,12991,135741,text,3,0.25819888710975647,5,3,0.025572831423895253,0.8,0.9159832000732422,0.8422768712043762,0.003374934196472168,-0.022543728351593018,True,False,0.8929345607757568,0.9464672803878784,0.14861421287059784,0.6343571543693542,0.23427529633045197,0.15199561417102814,0.44734081625938416,0.8589920401573181,0.7275659441947937,-0.0009083002805709839,True,1.5275386571884155,0.0005526989698410034
ele-fashion,42,54606,38623,252705,text,1,0.1178511306643486,9,8,0.025572831423895253,0.4444444444444444,0.7863940000534058,0.6914755702018738,-0.0307234525680542,-0.03207659721374512,False,False,0.9241036772727966,0.9620518684387207,0.11846103519201279,0.8145609498023987,0.1454293131828308,0.003320063930004835,0.027306726202368736,0.9966854453086853,0.9947736859321594,0.00016608857549726963,True,1.1500015258789062,6.938516162335873e-05
ele-fashion,42,18210,1932,43891,visual,2,0.1270001232624054,2,31,0.025572831423895253,1.0,0.7813404202461243,0.9132128357887268,-0.04221624135971069,0.05570387840270996,False,True,0.9813668727874756,0.9906834363937378,0.41729122400283813,0.8998281359672546,0.46374547481536865,0.03829500079154968,0.18678291141986847,0.9624289870262146,0.9401870369911194,-0.0004981681704521179,True,2.191366672515869,0.0003089196979999542
ele-fashion,42,52511,778,23945,visual,1,0.047781847417354584,3,146,0.025572831423895253,1.0,0.7779135704040527,0.9174982309341431,0.040103912353515625,0.06623739004135132,True,True,0.8469829559326172,0.9234914779663086,0.047698698937892914,0.16291341185569763,0.2927855849266052,0.014233025722205639,0.09585414081811905,0.9858677983283997,0.9788176417350769,2.2333115339279175e-06,True,1.3511234521865845,-1.1752359569072723e-05
ele-fashion,42,49278,10257,118061,visual,1,0.3162277638912201,5,2,0.025572831423895253,0.8,0.6717861890792847,0.7353543639183044,0.035774946212768555,-0.0206451416015625,True,False,0.7179828882217407,0.8589914441108704,0.31569913029670715,0.9486531615257263,0.3327866792678833,0.001280679483897984,0.011618443764746189,0.9987201690673828,0.9979671239852905,1.8096412532031536e-05,True,1.3492485284805298,3.57162207365036e-07
ele-fashion,42,57858,58618,309975,text,3,0.21320071816444397,11,2,0.025572831423895253,0.36363636363636365,0.8166491389274597,1.0,0.004553020000457764,0.02416253089904785,True,True,0.9035451412200928,0.9517725706100464,0.16492855548858643,1.6446967124938965,0.10027901083230972,0.022119944915175438,0.11665716022253036,0.978122889995575,0.9584825038909912,-0.0003862585872411728,True,1.1129270792007446,-5.131587386131287e-06
ele-fashion,42,49967,3630,62475,text,4,0.11704114824533463,1,73,0.02557108762359359,1.0,0.7920013070106506,0.8913695216178894,0.049770355224609375,0.040639519691467285,True,True,0.7498349547386169,0.8749175071716309,0.4723823070526123,0.4723823070526123,1.0,0.035112135112285614,0.17063814401626587,0.9654971361160278,0.9356604218482971,0.0009995736181735992,False,,
ele-fashion,42,7374,9162,110849,visual,1,0.7071067690849304,2,1,0.025572831423895253,1.0,0.7672854661941528,0.7079592347145081,-0.005096018314361572,-0.05339878797531128,False,False,0.7586233615875244,0.8793116807937622,0.7069717049598694,1.1868945360183716,0.5956482887268066,0.016972411423921585,0.0897599384188652,0.9831708073616028,0.9671196341514587,0.0005202479660511017,True,2.0,0.001498725265264511
ele-fashion,42,79285,26827,207595,text,2,0.1386750489473343,1,52,0.025572831423895253,1.0,0.5247794985771179,0.7332981824874878,-0.07241302728652954,-0.03469061851501465,False,False,0.8040685057640076,0.9020342826843262,0.3030174672603607,0.3030174672603607,1.0,0.001431155833415687,0.012277806177735329,0.9985698461532593,0.9975513219833374,-0.00023846316616982222,False,,
ele-fashion,42,27627,16377,154035,text,2,0.032879795879125595,5,185,0.025572831423895253,0.8,0.6316137313842773,0.8133319616317749,-0.022372901439666748,0.041810691356658936,False,True,0.8641208410263062,0.9320604205131531,0.15829119086265564,0.7476988434791565,0.21170447766780853,0.00012408917245920748,0.0014872679021209478,0.9998759031295776,0.9998478293418884,-1.4303368516266346e-06,True,1.0730968713760376,-1.072752638719976e-06
ele-fashion,42,34961,28933,217985,visual,3,0.09365857392549515,2,57,0.025572831423895253,1.0,0.5742440819740295,0.6767638325691223,0.01731663942337036,-0.014542996883392334,True,False,0.6015109419822693,0.800755500793457,0.08424879610538483,0.16221527755260468,0.5193641185760498,0.0013016331940889359,0.01225839089602232,0.9986991882324219,0.9982781410217285,-3.928784281015396e-06,True,2.0922372341156006,-3.3335527405142784e-06
ele-fashion,42,5078,1796,42162,visual,3,0.0833333283662796,3,48,0.025572831423895253,1.0,0.7718351483345032,0.8137560486793518,0.20442253351211548,0.08438867330551147,True,True,0.8659094572067261,0.932954728603363,0.09149792790412903,0.2270869016647339,0.40292033553123474,0.08606846630573273,0.3778814971446991,0.917531430721283,0.8847490549087524,-3.5881996154785156e-05,True,1.548642873764038,-4.7691166400909424e-05
ele-fashion,42,29101,8963,109732,text,4,0.071428582072258,7,28,0.025572831423895253,0.5714285714285714,0.7940606474876404,0.8335927724838257,0.007671713829040527,0.012202441692352295,True,True,0.7215375304222107,0.8607687950134277,0.1308315545320511,0.8598756194114685,0.15215171873569489,0.009378189221024513,0.055011872202157974,0.9906656742095947,0.9816914200782776,0.00046401191502809525,True,1.2019578218460083,-0.00010959990322589874
ele-fashion,42,91536,65184,328501,text,4,0.07905694097280502,20,8,0.025572831423895253,0.2,0.7946802973747253,0.6711289286613464,0.055220067501068115,-0.02122187614440918,True,False,0.9282863140106201,0.9641431570053101,0.044120676815509796,0.9447492957115173,0.04670093581080437,0.027742251753807068,0.14306023716926575,0.9726390242576599,0.9501561522483826,0.001357056200504303,True,1.073355793952942,-0.000403696671128273
ele-fashion,42,85121,85119,372680,visual,1,0.7071067690849304,1,2,0.025572831423895253,1.0,0.7913826107978821,0.7442506551742554,-0.0028658509254455566,-0.0043138861656188965,False,False,0.6523147225379944,0.8261573314666748,0.7049102187156677,0.7049102187156677,1.0,0.002727481070905924,0.020208042114973068,0.997276246547699,0.9948800206184387,2.0091189071536064e-05,False,,
ele-fashion,42,78212,78199,357953,text,1,0.14907120168209076,3,15,0.025572831423895253,1.0,0.92791348695755,0.7850556373596191,0.0755770206451416,0.009543538093566895,True,True,0.8895714282989502,0.9447857141494751,0.1496817171573639,0.18503165245056152,0.8089519739151001,0.07150697708129883,0.30156993865966797,0.9309898018836975,0.8936090469360352,0.0005986839532852173,True,3.860548496246338,0.0007607191801071167
ele-fashion,42,39045,79599,360721,visual,1,0.30151134729385376,11,1,0.025572831423895253,0.36363636363636365,0.5551162958145142,0.5043819546699524,-0.004269659519195557,-0.04676717519760132,False,False,0.3320510983467102,0.6660255193710327,0.30202174186706543,1.1401348114013672,0.2649000287055969,0.0026513920165598392,0.02252020500600338,0.997352123260498,0.9962727427482605,-2.2589927539229393e-05,True,1.1618624925613403,-7.1336980909109116e-06
ele-fashion,42,32020,6423,90337,text,4,0.08304547518491745,5,29,0.025572831423895253,0.8,0.8671995997428894,0.779351532459259,0.01821047067642212,-0.01302868127822876,True,False,0.7607476115226746,0.8803738355636597,0.1626674234867096,0.8452228307723999,0.19245506823062897,0.42912375926971436,0.8925859332084656,0.6510793566703796,0.46432244777679443,0.016227245330810547,True,1.5909063816070557,-0.03572070598602295
ele-fashion,42,59355,59356,312313,visual,1,1.0,1,1,0.025572831423895253,1.0,0.9444434642791748,0.914300799369812,0.0,0.0,True,True,0.9321815967559814,0.9660907983779907,1.0027720928192139,1.0027720928192139,1.0,0.00029380773776210845,0.0032422232907265425,0.9997062087059021,0.999624490737915,-2.3834872990846634e-06,False,,
ele-fashion,42,36791,55,2806,text,1,0.034627169370651245,3,278,0.025572831423895253,1.0,0.8720901608467102,0.9367710947990417,0.014208018779754639,0.035470008850097656,True,True,0.9059911966323853,0.9529955983161926,0.03476971387863159,0.13130411505699158,0.2648029327392578,0.5039657950401306,0.7443636059761047,0.6041300296783447,0.22498488426208496,0.0009625554084777832,True,1.3215034008026123,-0.0007523298263549805
ele-fashion,42,21034,21029,178524,text,2,0.11952285468578339,5,14,0.025572831423895253,0.8,0.6776094436645508,0.6371966600418091,-0.06625062227249146,-0.09169745445251465,False,False,0.8481894731521606,0.9240947365760803,0.09833917021751404,0.5786023736000061,0.16995984315872192,0.0005545270396396518,0.005527296103537083,0.9994456171989441,0.9991604089736938,-6.076297722756863e-06,True,1.2004393339157104,3.5745324566960335e-07
ele-fashion,42,40783,40784,259301,visual,2,0.20851440727710724,23,1,0.025572831423895253,0.17391304347826086,0.7059487104415894,0.658514142036438,0.008141279220581055,-0.05556929111480713,True,False,0.820625901222229,0.9103129506111145,0.043481603264808655,1.2453771829605103,0.03491440415382385,0.0002616301644593477,0.0028179329819977283,0.9997383952140808,0.9996012449264526,1.1918018572032452e-07,True,1.1364407539367676,-3.5754055716097355e-07
ele-fashion,42,2809,2785,54384,text,2,0.10783277451992035,2,43,0.025572831423895253,1.0,0.8395698070526123,0.8730202913284302,0.10444629192352295,0.0393596887588501,True,True,0.9601992964744568,0.9800996780395508,0.25479695200920105,0.6599912047386169,0.3860611319541931,0.020023588091135025,0.09980067610740662,0.9801755547523499,0.9607090353965759,-0.0027345437556505203,True,1.3409972190856934,-0.0013494286686182022
ele-fashion,42,31601,716,22718,visual,4,0.2773500978946686,1,13,0.02557108762359359,1.0,0.5555921792984009,0.4856851100921631,-0.02304840087890625,-0.05355703830718994,False,False,0.6773476600646973,0.8386738300323486,0.34591948986053467,0.34591948986053467,1.0,0.15986867249011993,0.5500020980834961,0.8522557020187378,0.7428151965141296,-0.020290344953536987,False,,
ele-fashion,42,72841,3727,63361,text,2,0.10314212739467621,2,47,0.025572831423895253,1.0,0.8081260323524475,0.8747299313545227,0.08508795499801636,0.030526340007781982,True,True,0.6892414093017578,0.8446207046508789,0.4120178818702698,0.7666726112365723,0.5374104380607605,0.03444654494524002,0.17181837558746338,0.9661399722099304,0.9435122609138489,-0.0004704780876636505,True,1.437595009803772,-0.00039892643690109253
ele-fashion,42,72980,49312,284751,text,4,0.21320071816444397,2,11,0.025572831423895253,1.0,0.7476783990859985,0.791174590587616,0.09308803081512451,0.03862732648849487,True,True,0.7060315608978271,0.8530157804489136,0.3669353127479553,0.5851282477378845,0.6271023750305176,0.00974032562226057,0.058210816234350204,0.9903069734573364,0.9812905788421631,0.005060418508946896,True,2.8829379081726074,-0.0024323845282197
ele-fashion,42,66985,10224,117880,text,4,0.07715167850255966,7,24,0.025572831423895253,0.5714285714285714,0.7325045466423035,0.7308139801025391,0.008389055728912354,-6.67572021484375e-06,True,False,0.9555297493934631,0.9777648448944092,0.10744667053222656,0.8203790783882141,0.1309719830751419,0.14795084297657013,0.40371426939964294,0.8624734878540039,0.7253130078315735,0.020332440733909607,True,1.1206272840499878,0.0023111701011657715
ele-fashion,42,73669,9811,114222,text,4,0.03162277862429619,5,200,0.025572831423895253,0.8,0.7135542035102844,0.8936256170272827,0.016330301761627197,0.05446016788482666,True,True,0.6855572462081909,0.8427786231040955,0.16967806220054626,0.8150094151496887,0.20819152891635895,0.8494958877563477,0.7212845087051392,0.5669301748275757,0.1392996907234192,-0.0521693229675293,True,1.1395589113235474,-0.02608102560043335
ele-fashion,42,51886,73438,347529,text,4,0.08451542258262634,14,10,0.025572831423895253,0.2857142857142857,0.7588578462600708,0.7729766368865967,0.024785161018371582,0.01160961389541626,True,True,0.7586267590522766,0.8793133497238159,0.042685285210609436,0.7850202918052673,0.054374754428863525,0.16082748770713806,0.5438385009765625,0.8514389395713806,0.7420209050178528,-0.008944004774093628,True,1.10226309299469,0.0030075758695602417
ele-fashion,42,23086,78768,359032,text,3,0.10540925711393356,10,9,0.025572831423895253,0.4,0.7009461522102356,0.6909524202346802,0.08495795726776123,-0.014052152633666992,True,False,0.5867015719413757,0.7933508157730103,0.07315199077129364,0.729525625705719,0.10027336329221725,0.05505155771970749,0.2757391333580017,0.94643634557724,0.9176457524299622,0.0006056800484657288,True,1.0948066711425781,0.00042017921805381775
ele-fashion,42,3655,59182,311553,visual,2,0.5,4,1,0.025572831423895253,1.0,0.6697738766670227,0.544249415397644,-0.0667385458946228,-0.11226081848144531,False,False,0.4698527157306671,0.7349263429641724,0.250885933637619,0.792267382144928,0.3166682720184326,0.0004078510100953281,0.004096341785043478,0.9995922446250916,0.9993271827697754,-2.3832253646105528e-06,True,1.6696490049362183,3.574823495000601e-07
ele-fashion,42,70426,14737,145369,visual,1,0.05504818633198738,3,110,0.025572831423895253,1.0,0.267154723405838,0.6939586400985718,-0.191867858171463,-0.035008013248443604,False,False,0.37579962611198425,0.6878998279571533,0.05512726306915283,0.11878566443920135,0.4640901982784271,0.002224234864115715,0.019221153110265732,0.9977782368659973,0.9968156218528748,2.438342198729515e-05,True,1.5195657014846802,1.3202661648392677e-05
ele-fashion,42,44083,7311,98164,text,1,0.06741999089717865,1,220,0.02557108762359359,1.0,0.7119121551513672,0.8551233410835266,0.042351722717285156,0.055056750774383545,True,True,0.8982719779014587,0.9491360187530518,0.06792974472045898,0.06792974472045898,1.0,0.00011717586312443018,0.0013921955833211541,0.9998828172683716,0.9998322129249573,-3.5758421290665865e-07,False,,
ele-fashion,42,40368,225,9957,visual,3,0.09016696363687515,1,123,0.02557108762359359,1.0,0.8493435382843018,0.8978854417800903,0.060195326805114746,0.07851219177246094,True,True,0.8675059080123901,0.9337529540061951,0.1070970818400383,0.1070970818400383,1.0,0.02061488851904869,0.11667746305465698,0.9795961380004883,0.9632022976875305,-5.336850881576538e-05,False,,
ele-fashion,42,52808,818,25091,visual,2,0.04845016077160835,1,426,0.02557108762359359,1.0,0.49260252714157104,0.743760883808136,-0.09552186727523804,-0.01776909828186035,False,False,0.5831724405288696,0.7915862202644348,0.4836110472679138,0.4836110472679138,1.0,0.6032963991165161,1.013434648513794,0.5470055341720581,0.312825471162796,-0.0023505091667175293,False,,
ele-fashion,42,37419,55920,302552,visual,1,0.3535533845424652,8,1,0.025572831423895253,0.5,0.7235475182533264,0.5358108878135681,0.049768269062042236,-0.03731745481491089,True,False,0.7335257530212402,0.8667628765106201,0.3529999554157257,0.8019521832466125,0.4401758015155792,0.0026704147458076477,0.02087906375527382,0.9973331689834595,0.9960005283355713,0.00016215466894209385,True,1.471497893333435,9.082909673452377e-05
ele-fashion,42,73681,23654,192106,visual,3,0.18257418274879456,2,15,0.025572831423895253,1.0,0.9088545441627502,0.868604838848114,0.013747632503509521,0.06485480070114136,True,True,0.9257408976554871,0.9628704786300659,0.1587751805782318,0.3190747797489166,0.4976111948490143,0.00034445550409145653,0.0035877402406185865,0.9996556043624878,0.9994533061981201,0.0,True,1.9660918712615967,-2.383312676101923e-07
ele-fashion,42,59241,59229,311861,text,1,0.07216878235340118,4,48,0.025572831423895253,1.0,0.6491594314575195,0.8902044296264648,-0.0595858097076416,0.014496803283691406,False,True,0.7892000675201416,0.8946000337600708,0.07259025424718857,0.17873337864875793,0.406137079000473,0.004885402973741293,0.033510394394397736,0.995126485824585,0.9907894730567932,0.00010509928688406944,True,1.5204567909240723,4.068855196237564e-05
ele-fashion,42,71820,1311,35547,visual,3,0.07432941347360611,1,181,0.025572831423895253,1.0,0.5148965716362,0.3744181990623474,0.0052528977394104,-0.01955735683441162,True,False,0.3110513985157013,0.6555256843566895,0.07781124114990234,0.07781124114990234,1.0,0.0002562671434134245,0.002849896904081106,0.9997437596321106,0.99967360496521,5.958718247711658e-07,False,,
ele-fashion,42,41965,31890,229663,text,3,0.2499999850988388,2,8,0.025572831423895253,1.0,0.5573480129241943,0.46621012687683105,0.04446524381637573,-0.06434673070907593,True,False,0.35617977380752563,0.6780898571014404,0.2147931605577469,0.2611313462257385,0.8225483894348145,0.04041538015007973,0.22139546275138855,0.9603904485702515,0.9419399499893188,0.0006927512586116791,True,5.062018871307373,0.0017906948924064636
ele-fashion,42,33959,20105,174208,visual,3,0.12909944355487823,3,20,0.025572831423895253,1.0,0.8313513398170471,0.9930191040039062,0.13222140073776245,0.2648392915725708,True,True,0.995658278465271,0.9978291392326355,0.11786024272441864,0.2975732088088989,0.3960714042186737,2.789883852005005,0.2369278520345688,0.9379706382751465,0.8765422701835632,-0.001959085464477539,True,1.6749244928359985,-0.0017409324645996094
ele-fashion,42,49854,22683,186809,visual,3,0.0707106813788414,4,50,0.025572831423895253,1.0,0.7603356838226318,0.7329376935958862,0.06529426574707031,-0.02068197727203369,True,False,0.755001425743103,0.8775007128715515,0.08087015897035599,0.3748646080493927,0.2157316505908966,0.0004017737810499966,0.004199220333248377,0.9995983242988586,0.9994142651557922,2.383312676101923e-07,True,1.217164397239685,1.1918018572032452e-07
ele-fashion,42,30651,85449,373336,visual,4,0.029695695266127586,63,18,0.025572831423895253,0.06349206349206349,0.5765434503555298,0.6929256916046143,-0.06047642230987549,0.0025643110275268555,False,True,0.5278754234313965,0.7639377117156982,0.02203204296529293,1.5659961700439453,0.01406902726739645,0.00022599527437705547,0.0024611742701381445,0.9997740387916565,0.9996373057365417,2.3836037144064903e-07,True,1.0115987062454224,1.1918018572032452e-07
ele-fashion,42,50516,415,14985,text,1,0.03928371146321297,2,324,0.025572831423895253,1.0,0.6470332741737366,0.47381332516670227,0.07102698087692261,-0.0356040894985199,True,False,0.8178925514221191,0.9089462757110596,0.03953901305794716,0.1518608033657074,0.26036351919174194,0.0010609956225380301,0.009280011989176273,0.998939573764801,0.9981917142868042,3.69164627045393e-06,True,1.28867506980896,3.5843346267938614e-05
ele-fashion,42,85046,1809,42336,visual,3,0.20000000298023224,1,25,0.025572831423895253,1.0,0.8404779434204102,0.9999999403953552,0.038343071937561035,0.2176322340965271,True,True,1.0,1.0,0.19636350870132446,0.19636350870132446,1.0,0.0012393658980727196,0.010571918450295925,0.9987614154815674,0.9977698922157288,-3.0955998227000237e-06,False,,
ele-fashion,42,74727,74728,350288,text,1,0.5773502588272095,1,3,0.025572831423895253,1.0,0.8386721014976501,0.8676483035087585,0.005769968032836914,-0.014801621437072754,True,False,0.8635386228561401,0.9317693114280701,0.5800150632858276,0.5800150632858276,1.0,0.09904379397630692,0.33269527554512024,0.905703067779541,0.8147201538085938,-0.01015058159828186,False,,
ele-fashion,42,15477,156,7414,visual,4,0.0629940778017044,2,126,0.025572831423895253,1.0,0.62605220079422,0.7965599298477173,-0.005320429801940918,0.07884609699249268,False,True,0.9052649140357971,0.9526324272155762,0.28635698556900024,0.5755205154418945,0.4975617229938507,0.0008563903393223882,0.0077606067061424255,0.9991439580917358,0.9985010027885437,6.312679033726454e-06,True,1.91287100315094,-7.861119229346514e-06
ele-fashion,42,64780,422,15680,text,2,0.053149398416280746,1,354,0.025572831423895253,1.0,0.7684866189956665,0.9185784459114075,0.017291724681854248,0.020155727863311768,True,True,0.8336473107337952,0.9168236255645752,0.5985590219497681,0.5985590219497681,1.0,0.005484652239829302,0.04191362485289574,0.9945303797721863,0.9927915334701538,0.00011748354882001877,False,,
ele-fashion,42,66125,1906,43572,visual,2,0.07905694097280502,2,80,0.025572831423895253,1.0,0.4693470299243927,0.6402413845062256,-0.13242444396018982,0.0076073408126831055,False,True,0.18943901360034943,0.5947195291519165,0.3712601661682129,0.5776190757751465,0.6427422165870667,0.004839136730879545,0.03152753785252571,0.9951725602149963,0.9904960989952087,6.334856152534485e-05,True,1.5123475790023804,9.573297575116158e-05
ele-fashion,42,32908,32906,233226,visual,2,0.21320071816444397,1,22,0.02557108762359359,1.0,0.8373006582260132,1.0,0.03742420673370361,0.1424318552017212,True,True,1.0,1.0,0.3041974604129791,0.3041974604129791,1.0,0.00801856443285942,0.05599630996584892,0.9920135140419006,0.9883965849876404,1.2417323887348175e-05,False,,
ele-fashion,42,65954,808,24791,text,1,0.041996050626039505,3,189,0.025572831423895253,1.0,0.7952744960784912,0.8958419561386108,0.06086134910583496,0.08495759963989258,True,True,0.7668800950050354,0.8834400177001953,0.042199332267045975,0.11452022939920425,0.36848801374435425,0.3561619818210602,0.6278275847434998,0.7003591656684875,0.4033001959323883,0.002671182155609131,True,1.4211015701293945,0.0003460049629211426
ele-fashion,42,16375,11366,125773,visual,3,0.1414213478565216,5,10,0.025572831423895253,0.8,0.6994669437408447,0.6864619851112366,-0.0011039972305297852,-0.049609482288360596,False,False,0.7801274061203003,0.8900637030601501,0.15364688634872437,0.7855788469314575,0.19558429718017578,0.0002470903273206204,0.0027431591879576445,0.999752938747406,0.9996732473373413,1.1918018572032452e-07,True,1.1799465417861938,0.0
ele-fashion,42,85944,45956,274468,visual,2,0.235702246427536,3,6,0.025572831423895253,1.0,0.5289198756217957,0.6021783351898193,-0.06184619665145874,-0.07209217548370361,False,False,0.4269801378250122,0.7134900689125061,0.14011916518211365,0.45829617977142334,0.30573931336402893,0.002737942850217223,0.021944329142570496,0.9972658157348633,0.9952965974807739,-7.96513631939888e-06,True,2.1008830070495605,-1.9022263586521149e-06
ele-fashion,42,73224,13581,139459,visual,4,0.14744195342063904,2,23,0.025572831423895253,1.0,0.6114740371704102,0.9053323268890381,-0.07535231113433838,-0.004234731197357178,False,False,0.8732174634933472,0.9366087317466736,0.19371657073497772,0.39571648836135864,0.4895337224006653,0.00259515387006104,0.02043716236948967,0.9974082112312317,0.9956817030906677,0.0001102143432945013,True,1.5516772270202637,4.7558918595314026e-05
ele-fashion,42,68479,11902,128893,text,3,0.07715167850255966,7,24,0.025572831423895253,0.5714285714285714,0.7024601697921753,0.8841020464897156,-0.03133523464202881,0.022790729999542236,False,True,0.8104381561279297,0.9052190780639648,0.09358435124158859,0.5876198410987854,0.15926001965999603,0.001971564954146743,0.016574138775467873,0.9980303645133972,0.9966827034950256,-1.2135365977883339e-05,True,1.175570011138916,-4.759058356285095e-07
ele-fashion,42,52439,1236,34355,visual,1,0.09449111670255661,2,56,0.025572831423895253,1.0,0.8920915722846985,0.9194635152816772,0.09150928258895874,0.08084750175476074,True,True,0.9157406687736511,0.957870364189148,0.09413114190101624,0.3098069131374359,0.3038381040096283,0.0642375648021698,0.2755972445011139,0.9377821683883667,0.8983080983161926,0.00012765824794769287,True,1.3779644966125488,0.0004904195666313171
ele-fashion,42,23338,23337,189952,text,4,0.28867512941360474,3,4,0.025572831423895253,1.0,0.9621368050575256,0.8440704345703125,0.06406563520431519,-0.01828521490097046,True,False,0.9389874935150146,0.9694937467575073,0.26028937101364136,0.6953043937683105,0.3743531107902527,0.0003177614707965404,0.0033743102103471756,0.9996823072433472,0.9995229840278625,3.3844116842374206e-05,True,1.3892695903778076,1.024868106469512e-05
ele-fashion,42,66471,66470,331575,text,4,1.0,1,1,0.025572831423895253,1.0,0.8883006572723389,0.9175927639007568,0.0,0.0,True,True,0.9663665890693665,0.9831832647323608,1.005871295928955,1.005871295928955,1.0,0.00014840454969089478,0.0017193781677633524,0.9998515844345093,0.9997831583023071,-6.197980837896466e-06,False,,
ele-fashion,42,35797,21176,179821,visual,2,0.40824827551841736,1,6,0.02557108762359359,1.0,0.559087872505188,0.7448490858078003,-0.028070390224456787,0.0017513036727905273,False,True,0.8612424731254578,0.9306212663650513,0.6645916700363159,0.6645916700363159,1.0,0.00012373158824630082,0.0014518460957333446,0.9998762607574463,0.9998286962509155,-1.1919473763555288e-07,False,,
ele-fashion,42,31200,31201,227367,visual,3,1.0,1,1,0.02557108762359359,1.0,0.6860529184341431,0.4460057020187378,0.0,0.0,True,True,0.44583362340927124,0.722916841506958,0.9955440163612366,0.9955440163612366,1.0,0.017934303730726242,0.09284365177154541,0.9822255373001099,0.9650305509567261,0.00033388659358024597,False,,
ele-fashion,42,68371,68370,335724,text,3,0.37796449661254883,7,1,0.025572831423895253,0.5714285714285714,0.6529831886291504,0.7729774713516235,0.020221292972564697,0.0289919376373291,True,True,0.8206934332847595,0.9103467464447021,0.10442743450403214,0.5724923014640808,0.18240845203399658,0.02260022610425949,0.11186612397432327,0.9776532649993896,0.9561116695404053,0.0010318271815776825,True,1.565359115600586,-0.0025938134640455246
ele-fashion,42,49667,422,15621,text,2,0.03758230060338974,2,354,0.025572831423895253,1.0,0.7048622965812683,0.7889067530632019,-0.02396988868713379,-0.0571555495262146,False,False,0.6725000143051147,0.8362500071525574,0.4232451617717743,0.7751481533050537,0.5460184216499329,0.020185992121696472,0.12085767835378647,0.9800164103507996,0.9692829251289368,8.890032768249512e-05,True,1.3565369844436646,0.00011004507541656494
ele-fashion,42,55106,18426,165446,visual,1,0.5,1,4,0.02557108762359359,1.0,0.7139830589294434,0.6766429543495178,-0.05291867256164551,-0.08820837736129761,False,False,0.6341396570205688,0.8170698285102844,0.49957767128944397,0.49957767128944397,1.0,0.001413061749190092,0.012624329887330532,0.9985879063606262,0.9979620575904846,-8.237978909164667e-05,False,,
ele-fashion,42,29677,7135,96538,text,1,0.07537783682346344,4,44,0.025572831423895253,1.0,0.5037863254547119,0.6948654651641846,-0.10776686668395996,-0.036162734031677246,False,False,0.8815085887908936,0.9407542943954468,0.07579798996448517,0.531305730342865,0.1426635980606079,0.00024768622824922204,0.002713465830311179,0.9997523427009583,0.99964439868927,1.0726129403337836e-05,True,1.1541247367858887,2.264423528686166e-06
ele-fashion,42,7865,11323,125311,text,1,0.05572781711816788,14,23,0.025572831423895253,0.2857142857142857,0.6350552439689636,0.7648923993110657,-0.05194765329360962,0.02909630537033081,False,True,0.9204316139221191,0.9602158069610596,0.05616743490099907,0.823794960975647,0.06818132847547531,0.0002890407631639391,0.0031306182499974966,0.9997109770774841,0.9996060729026794,6.316229701042175e-06,True,1.0638822317123413,1.1917436495423317e-06
ele-fashion,42,93278,35142,241588,visual,1,0.15430335700511932,7,6,0.025572831423895253,0.5714285714285714,0.5537354350090027,0.8306059837341309,-0.11448884010314941,0.08582639694213867,False,True,0.8774774074554443,0.9387387037277222,0.15371164679527283,0.6979244351387024,0.22024109959602356,0.0028484982904046774,0.024654459208250046,0.9971555471420288,0.9962940216064453,2.3774337023496628e-06,True,1.1940540075302124,-3.387872129678726e-05
ele-fashion,42,22275,22272,184508,visual,4,0.3162277638912201,2,5,0.025572831423895253,1.0,0.872982919216156,0.7856465578079224,0.09031057357788086,0.03150230646133423,True,True,0.8277538418769836,0.9138768911361694,0.2552112340927124,0.5772265791893005,0.4421335458755493,0.9727242588996887,1.010604739189148,0.49270951747894287,0.11465778946876526,-0.0007516145706176758,True,2.4832396507263184,0.0011977553367614746
ele-fashion,42,86296,947,28133,text,1,0.0589255653321743,2,144,0.025572831423895253,1.0,0.8231160640716553,0.8006499409675598,0.031560540199279785,0.027088582515716553,True,True,0.8335150480270386,0.9167575240135193,0.05920088291168213,0.1834953874349594,0.3226287364959717,0.030770733952522278,0.1617380827665329,0.969697892665863,0.9514052271842957,0.0009885579347610474,True,1.4330127239227295,0.0005832463502883911
ele-fashion,42,86586,6689,92529,visual,4,0.07784989476203918,3,55,0.025572831423895253,1.0,0.6582300662994385,0.7812592387199402,-0.09016978740692139,-0.0327153205871582,False,False,0.8839927911758423,0.9419963955879211,0.17483697831630707,0.505498468875885,0.3458704352378845,0.0002896366349887103,0.0031903767958283424,0.9997103810310364,0.9996150135993958,5.601177690550685e-06,True,1.3615916967391968,5.124486051499844e-06
ele-fashion,42,16415,16414,154332,visual,4,0.30151134729385376,11,1,0.025572831423895253,0.36363636363636365,0.7505110502243042,0.8150802850723267,-0.005662858486175537,0.0078963041305542,False,True,0.8899089097976685,0.9449544548988342,0.09651950746774673,1.1137176752090454,0.08666425198316574,0.00018702188390307128,0.0020053391344845295,0.9998130202293396,0.9996768236160278,5.959300324320793e-07,True,1.1827174425125122,-1.3110548024997115e-06
ele-fashion,42,80878,2474,50155,visual,1,0.07624928653240204,4,43,0.025572831423895253,1.0,0.7956957221031189,0.7538576722145081,0.002727806568145752,-0.018458902835845947,True,False,0.9115514755249023,0.9557757377624512,0.07598238438367844,0.2952724099159241,0.2573297917842865,3.194045305252075,0.24355700612068176,0.9456243515014648,0.9046186804771423,-0.0023758411407470703,True,1.2772271633148193,-0.008389711380004883
ele-fashion,42,70076,30137,222139,visual,3,0.20000000298023224,1,25,0.025572831423895253,1.0,0.8375021815299988,0.8304566144943237,-0.011178374290466309,0.055554747581481934,False,True,0.8689343929290771,0.9344671964645386,0.20693078637123108,0.20693078637123108,1.0,0.001077190856449306,0.010103601962327957,0.9989233613014221,0.9983648657798767,3.5723205655813217e-06,False,,
ele-fashion,42,94663,21937,182895,visual,1,0.1154700517654419,3,25,0.025572831423895253,1.0,0.7524963021278381,0.6848564147949219,0.05363231897354126,0.007803201675415039,True,True,0.8424551486968994,0.9212275743484497,0.11601640284061432,0.4935687482357025,0.23505622148513794,0.00023278864682652056,0.0026515075005590916,0.9997672438621521,0.999696671962738,4.171350155957043e-06,True,1.2450296878814697,2.1452578948810697e-06
ele-fashion,42,25737,32698,232236,visual,2,0.12909944355487823,10,6,0.025572831423895253,0.4,0.8051693439483643,0.6804569363594055,-0.03718942403793335,-0.0187566876411438,False,False,0.6831505298614502,0.8415752649307251,0.0770239606499672,0.7223690152168274,0.10662689059972763,0.00036376056959852576,0.003997428342700005,0.9996362924575806,0.9995483756065369,-2.383312676101923e-07,True,1.1471655368804932,1.1918018572032452e-07
ele-fashion,42,85943,10753,120909,text,3,0.13245323300361633,3,19,0.025572831423895253,1.0,0.3869474530220032,0.49414461851119995,-0.1262713074684143,-0.07793986797332764,False,False,0.37198418378829956,0.6859921216964722,0.09480638802051544,0.2603761553764343,0.3641131818294525,0.028130600228905678,0.13665442168712616,0.972261369228363,0.9463679194450378,-0.00012668967247009277,True,1.7446434497833252,0.0002454519271850586
ele-fashion,42,74030,1153,32367,text,3,0.14433756470680237,1,48,0.025572831423895253,1.0,0.5601378679275513,0.8798441290855408,-0.07124584913253784,0.05083787441253662,False,True,0.6440110802650452,0.8220055103302002,0.14065691828727722,0.14065691828727722,1.0,0.000592890428379178,0.005624176934361458,0.9994072914123535,0.9989635348320007,-1.1199095752090216e-05,False,,
ele-fashion,42,7354,15625,149477,text,1,0.07273930311203003,7,27,0.025572831423895253,0.5714285714285714,0.612661600112915,0.8629209995269775,-0.03287065029144287,0.08455514907836914,False,True,0.6436212062835693,0.8218106031417847,0.07311290502548218,0.6428632140159607,0.11373011022806168,0.001128513365983963,0.009813711047172546,0.9988721013069153,0.9980185031890869,3.7269783206284046e-05,True,1.1033769845962524,-3.57162207365036e-07
ele-fashion,42,69009,16879,156839,visual,4,0.09758999943733215,3,35,0.025572831423895253,1.0,0.8327001929283142,0.8836902976036072,0.00893932580947876,-0.00283735990524292,True,False,0.8439098000526428,0.921954870223999,0.22836154699325562,0.623572587966919,0.3662148714065552,0.006347495596855879,0.03981146588921547,0.9936726093292236,0.9875927567481995,-0.0005322415381669998,True,1.2278814315795898,-0.00033741677179932594
ele-fashion,42,18275,18276,164901,visual,1,0.28867512941360474,4,3,0.025572831423895253,1.0,0.8652792572975159,0.8753543496131897,0.3250730633735657,0.13870775699615479,True,True,0.9213575124740601,0.96067875623703,0.2892647385597229,0.9581468105316162,0.3019002377986908,0.0003880701260641217,0.00392705574631691,0.999612033367157,0.9993485808372498,-1.346549834124744e-05,True,1.2721655368804932,4.409026587381959e-06
ele-fashion,42,26118,919,27531,visual,3,0.21320071816444397,1,22,0.02557108762359359,1.0,0.7837735414505005,0.3291029930114746,0.002504289150238037,-0.07078176736831665,True,False,0.35482895374298096,0.6774144768714905,0.14982421696186066,0.14982421696186066,1.0,0.045727431774139404,0.20819565653800964,0.9553022980690002,0.9167171716690063,0.0005726553499698639,False,,
ele-fashion,42,13845,6600,91823,visual,2,0.09999999403953552,5,20,0.025572831423895253,0.8,0.6361878514289856,0.7112974524497986,-0.02880328893661499,-0.111713707447052,False,False,0.7659794092178345,0.8829897046089172,0.15920047461986542,0.7186760902404785,0.2215190976858139,0.021048270165920258,0.1138228327035904,0.9791716933250427,0.9621404409408569,6.501562893390656e-05,True,1.1594281196594238,3.513507544994354e-05
ele-fashion,42,37571,7012,95486,visual,1,0.03500700369477272,17,48,0.025572831423895253,0.23529411764705882,0.8386684656143188,0.5411868095397949,0.09860002994537354,-0.07521557807922363,True,False,0.6811480522155762,0.8405740261077881,0.03508467972278595,0.886267364025116,0.03958701714873314,0.00016962042718660086,0.0018636500462889671,0.9998303651809692,0.9997158646583557,2.3838947527110577e-07,True,1.0286200046539307,-4.767498467117548e-07
ele-fashion,42,67507,12578,133103,text,2,0.0653720498085022,3,78,0.025572831423895253,1.0,0.7865986824035645,0.8543110489845276,0.06553030014038086,0.09223955869674683,True,True,0.5790370106697083,0.7895184755325317,0.2560200095176697,0.577518105506897,0.44331079721450806,0.2333674281835556,0.6500343680381775,0.7918625473976135,0.6475806832313538,-0.003626704216003418,True,1.8649780750274658,0.0013123005628585815
ele-fashion,42,87602,10801,121802,visual,1,0.09758999943733215,5,21,0.025572831423895253,0.8,0.7880045771598816,0.6761965155601501,0.09893494844436646,-0.05165565013885498,True,False,0.8805654048919678,0.9402827024459839,0.09743272513151169,0.5519023537635803,0.17653979361057281,0.0800822451710701,0.301165372133255,0.9230404496192932,0.8525272607803345,2.6628375053405762e-05,True,1.1852474212646484,0.00011927634477615356
ele-fashion,42,20434,25859,202287,visual,3,0.40824827551841736,3,2,0.025572831423895253,1.0,0.5169773697853088,0.5229363441467285,-0.11935847997665405,-0.14696967601776123,False,False,0.7483994960784912,0.8741997480392456,0.27459126710891724,0.638853132724762,0.4298190772533417,0.002222212729975581,0.01787944883108139,0.9977802634239197,0.9961161017417908,-9.634532034397125e-06,True,1.679622769355774,-6.660819053649902e-06
ele-fashion,42,84170,285,11644,visual,3,0.05407380685210228,9,38,0.025572831423895253,0.4444444444444444,0.822035551071167,0.7219813466072083,0.07650721073150635,-0.04057580232620239,True,False,0.6843160390853882,0.8421580195426941,0.062488116323947906,0.5577563643455505,0.11203479021787643,0.00783099140971899,0.05243552848696709,0.9921995997428894,0.9860352277755737,2.8978101909160614e-05,True,1.1252446174621582,-1.537613570690155e-06
ele-fashion,42,7845,38160,251335,text,2,0.1348399817943573,55,1,0.025572831423895253,0.07272727272727272,0.9423099756240845,0.8832514882087708,0.03622150421142578,0.02045387029647827,True,True,0.9490578174591064,0.9745289087295532,0.01821926049888134,1.3388317823410034,0.013608327135443687,0.0005514293443411589,0.005230636801570654,0.9994487166404724,0.999061644077301,-4.7660432755947113e-07,True,1.0218877792358398,1.1909287422895432e-07
ele-fashion,42,34132,3923,65252,visual,3,0.07856741547584534,6,27,0.025572831423895253,0.6666666666666666,0.7614931464195251,0.7162509560585022,0.04306286573410034,-0.011716663837432861,True,False,0.6751455068588257,0.8375727534294128,0.08200326561927795,0.48520246148109436,0.16900834441184998,0.008182574063539505,0.05122203752398491,0.9918507933616638,0.9844990372657776,9.813345968723297e-06,True,1.1623821258544922,2.7194619178771973e-06
ele-fashion,42,49091,97100,397792,visual,2,0.3535533845424652,4,2,0.025572831423895253,1.0,0.49047425389289856,0.5104016065597534,-0.04233679175376892,-0.0874183177947998,False,False,0.7592094540596008,0.879604697227478,0.23326316475868225,0.8046908378601074,0.2898792326450348,0.5200111269950867,0.7790756225585938,0.5945138931274414,0.21074151992797852,0.004700005054473877,True,1.4513195753097534,0.0027982592582702637
ele-fashion,42,15989,1317,35607,text,4,0.13608276844024658,6,9,0.025572831423895253,0.6666666666666666,0.644212543964386,0.6139829754829407,0.16966602206230164,0.02190178632736206,True,True,0.7915193438529968,0.8957597017288208,0.11059438437223434,0.5020094513893127,0.22030338644981384,0.0037043539341539145,0.02823764458298683,0.9963024854660034,0.9943521618843079,0.00015973090194165707,True,1.1473593711853027,7.00727105140686e-06
ele-fashion,42,9497,23247,189380,visual,2,0.25819888710975647,5,3,0.025572831423895253,0.8,0.8633220195770264,0.3443690538406372,0.03677988052368164,-0.1488383412361145,True,False,0.6570070385932922,0.8285034894943237,0.13420306146144867,0.678658664226532,0.19774751365184784,0.0002094287920044735,0.002311636693775654,0.999790608882904,0.9996879696846008,2.3836037144064903e-07,True,1.2929896116256714,2.3836037144064903e-07
ele-fashion,42,17636,256,11074,text,1,0.03324112296104431,5,181,0.025572831423895253,0.8,0.6664195656776428,0.9143171906471252,-0.014571011066436768,0.09935837984085083,False,True,0.5335110425949097,0.7667555212974548,0.033396296203136444,0.5735611319541931,0.058226220309734344,0.026493296027183533,0.12884706258773804,0.9738546013832092,0.9490589499473572,0.00018456950783729553,True,1.050020694732666,1.9038096070289612e-05
ele-fashion,42,75791,51169,290135,visual,3,0.14907120168209076,3,15,0.025572831423895253,1.0,0.8535469770431519,0.8873011469841003,0.0343775749206543,0.0008162260055541992,True,True,0.8909728527069092,0.9454864263534546,0.13824348151683807,0.36031219363212585,0.3836769461631775,0.0006764031131751835,0.006660048849880695,0.999323844909668,0.9990746378898621,5.95638994127512e-07,True,1.634082317352295,-4.764879122376442e-07
ele-fashion,42,44309,2585,51743,visual,1,0.2357022613286972,2,9,0.025572831423895253,1.0,0.8240037560462952,0.8892995119094849,0.013735175132751465,0.038079261779785156,True,True,0.8624742031097412,0.9312371015548706,0.23516711592674255,0.42132505774497986,0.5581607818603516,0.002550802892073989,0.01932988315820694,0.997452437877655,0.9953063726425171,-0.00018051499500870705,True,2.154700517654419,-7.669697515666485e-05
ele-fashion,42,35174,35176,241760,visual,2,0.3162277638912201,2,5,0.025572831423895253,1.0,0.6748039722442627,0.7058308720588684,-0.04764389991760254,-0.05880993604660034,False,False,0.7688112258911133,0.8844056129455566,0.21093139052391052,0.6929131150245667,0.30441245436668396,0.00015555603022221476,0.0017851529410108924,0.9998444318771362,0.9997785687446594,3.575696609914303e-07,True,1.4472136497497559,3.575696609914303e-07
ele-fashion,42,10260,8758,108433,text,1,0.0589255690574646,4,72,0.025572831423895253,1.0,0.7983976602554321,0.9391120672225952,0.04587709903717041,0.15069687366485596,True,True,0.9435966610908508,0.971798300743103,0.05940947309136391,0.3871555030345917,0.15345118939876556,0.02917318046092987,0.1323365867137909,0.9712482690811157,0.9427472352981567,0.003526393324136734,True,1.1717252731323242,0.00030816346406936646
ele-fashion,42,57425,28252,215065,visual,3,0.09449112415313721,4,28,0.025572831423895253,1.0,0.4637299180030823,0.6539598107337952,-0.07204681634902954,-0.04114788770675659,False,False,0.7168431282043457,0.8584215641021729,0.08496814221143723,0.3538419306278229,0.2401302307844162,0.0005690624238923192,0.0054627228528261185,0.9994310736656189,0.9990455508232117,-7.148482836782932e-07,True,1.4329835176467896,4.7654611989855766e-07
ele-fashion,42,29227,13218,136919,visual,4,0.05976143479347229,7,40,0.025572831423895253,0.5714285714285714,0.4314422011375427,0.5892727375030518,-0.12425541877746582,-0.08860564231872559,False,False,0.7067333459854126,0.8533666729927063,0.10541746020317078,0.6927732825279236,0.15216733515262604,0.0006038511055521667,0.0056700026616454124,0.9993963241577148,0.998952329158783,1.6798207070678473e-05,True,1.0483907461166382,1.429638359695673e-05
ele-fashion,42,63515,81468,365188,text,4,0.40824827551841736,3,2,0.025572831423895253,1.0,0.8511592149734497,0.9014811515808105,0.00325167179107666,0.011922001838684082,True,True,0.9613339900970459,0.980666995048523,0.2271425426006317,0.6701549887657166,0.3389403223991394,0.0030298777855932713,0.026427803561091423,0.9969747066497803,0.9963138103485107,0.00043263426050543785,True,1.8284270763397217,-0.0003992924466729164
ele-fashion,42,86644,57630,307292,text,2,0.5773502588272095,1,3,0.025572831423895253,1.0,0.9267317056655884,0.8689209818840027,0.08308076858520508,0.024596452713012695,True,True,0.9669434428215027,0.9834717512130737,0.5402472019195557,0.5402472019195557,1.0,0.001001571537926793,0.009757145307958126,0.9989989399909973,0.9986340403556824,-8.372374577447772e-05,False,,
ele-fashion,42,47120,47121,277806,text,3,0.4999999701976776,2,2,0.025572831423895253,1.0,0.7908137440681458,0.6045456528663635,0.023544132709503174,-0.09754824638366699,True,False,0.8283674120903015,0.9141837358474731,0.26704728603363037,0.31285926699638367,0.8535699844360352,0.012681202962994576,0.07073874771595001,0.9873988628387451,0.9754409193992615,-0.0003023175522685051,True,10.772404670715332,0.00041777268052101135
ele-fashion,42,18784,18785,167708,visual,4,0.40824827551841736,2,3,0.025572831423895253,1.0,0.774598240852356,0.9109591245651245,0.00674593448638916,0.02457571029663086,True,True,0.8271238207817078,0.9135619401931763,0.45969289541244507,0.9193857908248901,0.5,0.25576600432395935,0.5643631219863892,0.7743231058120728,0.5539870858192444,0.00256192684173584,True,2.0,1.7881393432617188e-07
ele-fashion,42,57134,57126,305710,text,3,0.30151134729385376,1,11,0.02557108762359359,1.0,0.9377269744873047,0.8902660608291626,0.008337974548339844,0.0009428262710571289,True,True,0.7218862175941467,0.860943078994751,0.3294714391231537,0.3294714391231537,1.0,0.056424133479595184,0.24055881798267365,0.9451382160186768,0.8993533253669739,-0.00033028796315193176,False,,
ele-fashion,42,88031,3630,62499,text,1,0.08276058733463287,2,73,0.025572831423895253,1.0,0.6915497779846191,0.7664264440536499,0.019708752632141113,-0.0036041736602783203,True,False,0.575396716594696,0.7876983880996704,0.08322694152593613,0.1013585776090622,0.8211139440536499,0.38832715153694153,0.6459823846817017,0.6781904101371765,0.3591955006122589,-0.006585985422134399,True,2.7477970123291016,0.010013401508331299
ele-fashion,42,94336,137,7001,visual,1,0.057166196405887604,3,102,0.025572831423895253,1.0,0.8384045362472534,0.882323682308197,0.013941645622253418,0.036144912242889404,True,True,0.9223924875259399,0.96119624376297,0.05715445056557655,0.6002964973449707,0.09521036595106125,0.0006789048202335835,0.006853952072560787,0.9993213415145874,0.9990355372428894,2.382439561188221e-07,True,1.1036462783813477,-7.147900760173798e-07
ele-fashion,42,66456,14260,142670,text,4,0.09853293001651764,1,103,0.025572831423895253,1.0,0.8709943890571594,0.8773924112319946,0.01716923713684082,0.007432162761688232,True,True,0.8440873622894287,0.9220436811447144,0.455272376537323,0.455272376537323,1.0,0.05292832478880882,0.22494125366210938,0.9484480023384094,0.9038233160972595,0.003091920167207718,False,,
ele-fashion,42,42610,624,21711,text,2,0.047245562076568604,4,112,0.025572831423895253,1.0,0.47971558570861816,0.6698842644691467,0.04109138250350952,0.01138240098953247,True,True,0.1215583011507988,0.5607791543006897,0.16254879534244537,0.7598879337310791,0.2139115333557129,0.0013465156080201268,0.012580030597746372,0.9986543655395508,0.9981490969657898,-5.952431820333004e-06,True,1.2653425931930542,4.523899406194687e-06
ele-fashion,42,23918,48091,281158,text,2,0.15430334210395813,14,3,0.025572831423895253,0.2857142857142857,0.7473084926605225,0.8797626495361328,0.026747167110443115,0.03664684295654297,True,True,0.909153938293457,0.9545769691467285,0.04923311620950699,1.1659013032913208,0.04222751781344414,0.0019156454363837838,0.014631887897849083,0.9980862140655518,0.9963068962097168,5.948822945356369e-07,True,1.072562336921692,1.1897645890712738e-07
ele-fashion,42,20434,25859,202287,text,3,0.40824827551841736,3,2,0.025572831423895253,1.0,0.5169773697853088,0.5229363441467285,-0.11935847997665405,-0.14696967601776123,False,False,0.45242035388946533,0.7262101769447327,0.2948089838027954,0.7353431582450867,0.4009134769439697,0.002222212729975581,0.01787944883108139,0.9977802634239197,0.9961161017417908,-5.816551856696606e-05,True,1.679622769355774,2.557295374572277e-05
ele-fashion,42,63064,45198,272226,visual,4,0.22360679507255554,1,20,0.025572831423895253,1.0,0.7993578314781189,0.8508638143539429,0.03299039602279663,-0.010734915733337402,True,False,0.7524875402450562,0.8762437701225281,0.3019290268421173,0.3019290268421173,1.0,0.2820020616054535,0.6055389046669006,0.7542721033096313,0.5183683037757874,0.008575677871704102,False,,
ele-fashion,42,37205,53965,297829,visual,1,0.10101526230573654,14,7,0.025572831423895253,0.2857142857142857,0.9529931545257568,0.9449200630187988,0.08225929737091064,0.03049987554550171,True,True,0.9231317043304443,0.9615658521652222,0.10052485764026642,1.3408868312835693,0.07496893405914307,0.003951599355787039,0.029610784724354744,0.9960561990737915,0.9930785894393921,4.5001041144132614e-05,True,1.0676007270812988,-2.45789997279644e-05
ele-fashion,42,87061,87059,376772,visual,3,0.3333333432674408,1,9,0.025572831423895253,1.0,0.8466209173202515,0.5724162459373474,0.0659264326095581,-0.020609557628631592,True,False,0.38067394495010376,0.6903369426727295,0.259135901927948,0.259135901927948,1.0,0.0008033862104639411,0.007105895783752203,0.9991969466209412,0.9985299706459045,-2.3818574845790863e-07,False,,
ele-fashion,42,40783,21604,181581,text,3,0.06286945939064026,23,11,0.025572831423895253,0.17391304347826086,0.573819100856781,0.8137387633323669,-0.13214075565338135,0.03440737724304199,False,True,0.9352343678474426,0.9676171541213989,0.06776824593544006,1.468112587928772,0.04616011679172516,0.0002616301644593477,0.0028179329819977283,0.9997383952140808,0.9996012449264526,-2.6219349820166826e-06,True,1.037558913230896,-3.5754055716097355e-07
ele-fashion,42,54777,89522,381875,text,1,0.1386750489473343,2,26,0.025572831423895253,1.0,0.6697781085968018,0.8020415902137756,0.006716132164001465,0.03268641233444214,True,True,0.8937417268753052,0.9468708634376526,0.13959243893623352,0.33969804644584656,0.41093093156814575,0.0001225396408699453,0.0014638861175626516,0.9998774528503418,0.9998309016227722,7.628434104844928e-06,True,1.620173692703247,-2.6222842279821634e-06
ele-fashion,42,43590,128,6486,text,3,0.04789131507277489,2,218,0.025572831423895253,1.0,0.7203826308250427,0.4403406083583832,0.014571070671081543,-0.19495061039924622,True,False,0.6974895000457764,0.8487447500228882,0.06588194519281387,0.3166176378726959,0.2080804705619812,0.004019278567284346,0.02845587022602558,0.9959887862205505,0.9925687909126282,-2.2559426724910736e-05,True,1.117309331893921,-9.023584425449371e-06
ele-fashion,42,86776,8807,108822,text,3,0.11624763906002045,1,74,0.025572831423895253,1.0,0.5742180347442627,0.5029479265213013,-0.03864777088165283,-0.06918144226074219,False,False,0.7068967819213867,0.8534483909606934,0.13100267946720123,0.13100267946720123,1.0,0.0037688431330025196,0.03048301674425602,0.9962382316589355,0.9945235848426819,-6.413087248802185e-06,False,,
ele-fashion,42,36188,31325,227904,visual,3,0.0589255653321743,9,32,0.025572831423895253,0.4444444444444444,0.7855809330940247,0.819722592830658,0.14116042852401733,0.17385053634643555,True,True,0.6078963279724121,0.803948163986206,0.049537502229213715,1.013737440109253,0.04886620491743088,0.005932698491960764,0.03776487708091736,0.994084894657135,0.9884270429611206,3.1995587050914764e-06,True,1.0368638038635254,3.7918798625469208e-06
ele-fashion,42,26535,290,11959,text,2,0.06482037156820297,1,238,0.02557108762359359,1.0,0.6038959622383118,0.5946909785270691,0.00790339708328247,-0.030607283115386963,True,False,0.19932585954666138,0.5996628999710083,0.30454784631729126,0.30454784631729126,1.0,0.015492800623178482,0.10321365296840668,0.9846265912055969,0.9778642654418945,-9.003188461065292e-05,False,,
ele-fashion,42,21668,7582,100045,text,3,0.03479444980621338,14,59,0.025572831423895253,0.2857142857142857,0.7019891738891602,0.7955617308616638,0.06308948993682861,0.02996736764907837,True,True,0.9400429725646973,0.9700214862823486,0.06282459199428558,0.8352575898170471,0.07521583139896393,0.00024875884992070496,0.0028247837908566,0.9997512698173523,0.9996843338012695,-3.0986848287284374e-06,True,1.0578538179397583,-8.342613000422716e-07
ele-fashion,42,54304,81077,364066,text,1,0.1178511306643486,8,9,0.025572831423895253,0.5,0.7039662599563599,0.8174313902854919,-0.02691251039505005,-0.007686913013458252,False,False,0.8908934593200684,0.9454467296600342,0.11861536651849747,0.988323986530304,0.1200166866183281,0.021199770271778107,0.10824946314096451,0.9790233373641968,0.9591533541679382,0.0021806564182043076,True,1.1150507926940918,0.001928035169839859
ele-fashion,42,75791,73976,348677,text,4,0.13608276844024658,3,18,0.025572831423895253,1.0,0.9462666511535645,0.883587121963501,0.12846696376800537,0.0059310197830200195,True,True,0.9742333889007568,0.9871166944503784,0.3006788492202759,0.8177772164344788,0.3676781952381134,0.0006764031131751835,0.006660048849880695,0.999323844909668,0.9990746378898621,0.00010006310185417533,True,1.5485306978225708,-1.5486730262637138e-06
ele-fashion,42,96624,9872,114541,text,3,0.1386750489473343,2,26,0.025572831423895253,1.0,0.8200200796127319,0.5918170809745789,-0.0013452768325805664,0.022694408893585205,False,True,0.9080188870429993,0.9540094137191772,0.16812323033809662,0.42586177587509155,0.39478355646133423,0.001706692622974515,0.015390503220260143,0.9982947707176208,0.9977636337280273,-2.3325439542531967e-05,True,1.4803844690322876,-6.188289262354374e-06
ele-fashion,42,92701,16136,152333,visual,4,0.07537783682346344,4,44,0.025572831423895253,1.0,0.721932053565979,0.7908575534820557,-0.020991921424865723,-0.03595077991485596,False,False,0.5945874452590942,0.7972937226295471,0.21152451634407043,0.7636274099349976,0.27699965238571167,0.0008924792055040598,0.007631019223481417,0.9991078972816467,0.9983072876930237,-4.085316322743893e-05,True,1.4464529752731323,2.3343891371041536e-05
ele-fashion,42,35293,35294,242209,text,4,0.7071067690849304,2,1,0.025572831423895253,1.0,0.7677431106567383,0.8523557186126709,-0.05524623394012451,0.0030538439750671387,False,True,0.9298095107078552,0.96490478515625,0.4253048300743103,0.7586923837661743,0.5605761408805847,0.00016234986833296716,0.0018282504752278328,0.9998376369476318,0.9997484683990479,8.199931471608579e-05,True,2.4142136573791504,-8.462520781904459e-06
ele-fashion,42,7716,27889,212746,visual,1,0.3333333134651184,3,3,0.025572831423895253,1.0,0.8172070384025574,0.9437293410301208,0.009139537811279297,0.006424963474273682,True,True,0.9491037130355835,0.9745518565177917,0.3322312831878662,1.1199207305908203,0.29665607213974,0.0263958889991045,0.12199340760707855,0.9739494323730469,0.9480528831481934,-0.0015618875622749329,True,1.4082483053207397,0.00022208131849765778
ele-fashion,42,68451,818,25160,visual,1,0.034259434789419174,2,426,0.025572831423895253,1.0,0.8080887794494629,0.8206745982170105,0.07239925861358643,0.01468360424041748,True,True,0.8195898532867432,0.9097949266433716,0.034200605005025864,0.0827094241976738,0.41350311040878296,0.01902616210281849,0.11342109739780426,0.981153666973114,0.9692598581314087,9.5319002866745e-05,True,1.6748325824737549,-8.597224950790405e-05
ele-fashion,42,69073,90252,383457,text,2,0.1178511306643486,8,9,0.025572831423895253,0.5,0.8198221921920776,0.5139268636703491,0.09521794319152832,-0.1177985668182373,True,False,0.9597600102424622,0.9798799753189087,0.12666760385036469,0.8911198377609253,0.14214429259300232,0.00031764229061082006,0.0032215705141425133,0.9996824264526367,0.9994469881057739,-1.6683770809322596e-06,True,1.1165179014205933,-4.766625352203846e-07
ele-fashion,42,57039,2331,48198,visual,3,0.024968808516860008,4,401,0.025572831423895253,1.0,0.58870530128479,0.532375156879425,-0.004669010639190674,-0.1255108118057251,False,False,0.39969030022621155,0.6998451352119446,0.0639810785651207,0.26048728823661804,0.2456207275390625,0.007580325473099947,0.045835625380277634,0.9924483299255371,0.9851135015487671,1.1832453310489655e-06,True,1.093788504600525,2.1294690668582916e-06
ele-fashion,42,24108,44104,269036,visual,4,0.18898223340511322,14,2,0.025572831423895253,0.2857142857142857,0.7248815298080444,0.4232586920261383,0.006063103675842285,-0.06048554182052612,True,False,0.6423864960670471,0.8211932182312012,0.06186116859316826,0.9433188438415527,0.06557821482419968,0.04932982102036476,0.2051207423210144,0.9518671035766602,0.9061086177825928,0.001009386032819748,True,1.0681805610656738,3.824010491371155e-05
ele-fashion,42,86274,20103,174192,text,4,0.10000000149011612,4,25,0.025572831423895253,1.0,0.5895442962646484,0.5294588208198547,-0.12818121910095215,-0.24188077449798584,False,False,0.8807668089866638,0.9403834342956543,0.1612921506166458,0.8454710841178894,0.1907719373703003,0.0001264730526600033,0.0014670005766674876,0.9998735189437866,0.9998089671134949,7.270820788107812e-06,True,1.420272946357727,-2.9798538889735937e-06
ele-fashion,42,30133,23750,192716,visual,4,0.12038584798574448,3,23,0.025572831423895253,1.0,0.5989372134208679,0.7938441038131714,-0.025444984436035156,0.019706010818481445,False,True,0.8319672346115112,0.9159836173057556,0.1375400722026825,0.5783525705337524,0.2378135472536087,0.0003228858404327184,0.003558206604793668,0.9996771812438965,0.9995659589767456,4.290137439966202e-06,True,1.43201744556427,-1.3108947314321995e-06
ele-fashion,42,51873,15714,150019,text,2,0.13130642473697662,1,58,0.02557108762359359,1.0,0.8693505525588989,0.7055090069770813,0.005433559417724609,-0.034617483615875244,True,False,0.9499998092651367,0.9749999046325684,0.8472973704338074,0.8472973704338074,1.0,0.0001501924270996824,0.0017733555287122726,0.999849796295166,0.9998147487640381,-4.886853275820613e-06,False,,
ele-fashion,42,6706,6697,92589,text,4,0.5773502588272095,1,3,0.02557108762359359,1.0,0.7192504405975342,0.8278435468673706,-0.0031697750091552734,-0.00817328691482544,False,False,0.9072827100753784,0.9536413550376892,0.42597511410713196,0.42597511410713196,1.0,0.007492417935281992,0.05258798971772194,0.9925355911254883,0.9881029725074768,0.00886835902929306,False,,
ele-fashion,42,4644,19322,170361,visual,2,0.2499999850988388,8,2,0.025572831423895253,0.5,0.7415051460266113,0.8461728096008301,-0.008718013763427734,0.023427844047546387,False,True,0.8663018941879272,0.9331509470939636,0.09615518897771835,0.9082626104354858,0.1058671697974205,0.0026165556628257036,0.01970048062503338,0.9973868727684021,0.9951618313789368,-8.20402055978775e-06,True,1.1475437879562378,1.5455298125743866e-06
ele-fashion,42,26880,26878,207817,text,3,0.40824827551841736,2,3,0.025572831423895253,1.0,0.9746705293655396,0.8860183358192444,0.0005945563316345215,0.015556752681732178,True,True,0.9782183766365051,0.9891091585159302,0.42759349942207336,0.8551869988441467,0.5,0.0014284178614616394,0.012255498208105564,0.998572587966919,0.997505247592926,-0.0003108594100922346,True,2.0,0.0
ele-fashion,42,89677,2593,51931,visual,2,0.0463738888502121,3,155,0.025572831423895253,1.0,0.5230379104614258,0.720895528793335,-0.1031334400177002,-0.02073061466217041,False,False,0.704521119594574,0.8522605895996094,0.19005286693572998,0.6506099700927734,0.29211491346359253,0.021543651819229126,0.1055910512804985,0.9786867499351501,0.9577308297157288,8.02651047706604e-05,True,1.216344952583313,0.0001079123467206955
ele-fashion,42,55776,23749,192683,text,2,0.10660035908222198,2,44,0.025572831423895253,1.0,0.5447668433189392,0.564128577709198,-0.05788689851760864,-0.11913424730300903,False,False,0.8430143594741821,0.9215071797370911,0.24137386679649353,0.6327846050262451,0.3814471364021301,0.00042083943844772875,0.004240452311933041,0.9995792508125305,0.9993003606796265,-2.859829692170024e-06,True,1.6215815544128418,9.532668627798557e-07
ele-fashion,42,33273,7722,101212,text,2,0.10050377994775772,3,33,0.025572831423895253,1.0,0.8567891120910645,0.867759644985199,0.08244729042053223,-0.007696688175201416,True,False,0.8396604657173157,0.9198302030563354,0.3081493079662323,0.9024304151535034,0.3414660096168518,0.010738798417150974,0.06166190281510353,0.9893186688423157,0.9790982007980347,-0.0009578634053468704,True,1.3644404411315918,-0.00030656252056360245
ele-fashion,42,48344,48345,281977,visual,2,0.7071067690849304,1,2,0.02557108762359359,1.0,0.7694332599639893,0.7065303325653076,0.06440824270248413,0.033555030822753906,True,True,0.8067964315414429,0.9033982157707214,0.5812088251113892,0.5812088251113892,1.0,0.0001941730733960867,0.0021985620260238647,0.9998058676719666,0.9997250437736511,-2.3836037144064903e-07,False,,
ele-fashion,42,67295,797,24614,text,3,0.08606629818677902,1,135,0.025572831423895253,1.0,0.6548524498939514,0.3040502369403839,0.04039281606674194,-0.13804659247398376,True,False,0.5858694911003113,0.792934775352478,0.08886858820915222,0.08886858820915222,1.0,0.05260592699050903,0.2650638818740845,0.948753833770752,0.9220294952392578,0.0011477619409561157,False,,
ele-fashion,42,37537,37534,249245,visual,2,0.13608276844024658,6,9,0.025572831423895253,0.6666666666666666,0.836081326007843,0.7062413692474365,0.15377956628799438,-0.007651090621948242,True,False,0.5348495244979858,0.7674247622489929,0.11348280310630798,0.5765365362167358,0.19683539867401123,0.012142783962190151,0.07615535706281662,0.9879306554794312,0.9783992767333984,-1.2720003724098206e-05,True,1.1774609088897705,4.946254193782806e-06
ele-fashion,42,66645,23041,188338,visual,2,0.044151078909635544,27,19,0.025572831423895253,0.14814814814814814,0.6035245656967163,0.4305194020271301,-0.10328173637390137,-0.204789936542511,False,False,0.5355916023254395,0.7677958011627197,0.04567549377679825,1.067478895187378,0.04278819262981415,0.00025829317746683955,0.0028811877127736807,0.9997417330741882,0.9996414184570312,-1.1918018572032452e-07,True,1.0332108736038208,0.0
ele-fashion,42,29237,958,29084,visual,4,0.07537783682346344,2,88,0.025572831423895253,1.0,0.7484855055809021,0.8926220536231995,-0.0022659897804260254,0.030723989009857178,False,True,0.938420295715332,0.969210147857666,0.3823893964290619,0.6764609217643738,0.5652793645858765,1.4983274936676025,0.6763308644294739,0.7428107857704163,0.5193071365356445,-0.010290384292602539,True,1.7071068286895752,-0.009447336196899414
ele-fashion,42,25627,128,6418,visual,1,0.03386427462100983,4,218,0.025572831423895253,1.0,0.7499787211418152,0.8958852291107178,0.08055347204208374,0.05648374557495117,True,True,0.8368040919303894,0.9184020757675171,0.03386101871728897,0.14712467789649963,0.23015186190605164,0.0006536492728628218,0.00583081366494298,0.9993465542793274,0.9987733960151672,-2.978311385959387e-06,True,1.2357548475265503,1.5487312339246273e-06
ele-fashion,42,7550,44203,269520,visual,2,0.15430335700511932,6,7,0.025572831423895253,0.6666666666666666,0.8906421065330505,0.9360824227333069,0.06196528673171997,0.1762869954109192,True,True,0.9423036575317383,0.9711518287658691,0.21127110719680786,0.8370693922042847,0.25239378213882446,0.006674970034509897,0.04191705584526062,0.9933472871780396,0.9870826601982117,-2.510473132133484e-05,True,1.1791021823883057,-1.8236692994832993e-05
ele-fashion,42,56015,90672,384373,visual,1,0.1767766922712326,8,4,0.025572831423895253,0.5,0.989084005355835,0.7007569074630737,0.14313113689422607,-0.0680004358291626,True,False,0.7584722638130188,0.879236102104187,0.1765214502811432,1.5195058584213257,0.11617030203342438,4.175760746002197,0.08661828190088272,0.9839034080505371,0.9685398936271667,0.04875373840332031,True,1.0968537330627441,0.01083230972290039
ele-fashion,42,894,889,26711,text,4,0.18257418274879456,6,5,0.025572831423895253,0.6666666666666666,0.5350066423416138,0.5142248868942261,-0.07636642456054688,-0.08354467153549194,False,False,0.8242335319519043,0.9121167659759521,0.10965767502784729,0.6828191876411438,0.16059547662734985,0.0010931475553661585,0.01056945975869894,0.9989074468612671,0.9985253214836121,7.656484376639128e-05,True,1.1582454442977905,1.6075558960437775e-05
ele-fashion,42,53519,27001,208372,text,1,0.08164966106414795,3,50,0.025572831423895253,1.0,0.7366223335266113,0.8227598071098328,0.01850038766860962,0.12699073553085327,True,True,0.9591687917709351,0.9795843958854675,0.08233892917633057,0.20673300325870514,0.3982863426208496,0.0003474347176961601,0.0035816070158034563,0.999652624130249,0.999427080154419,2.264164504595101e-05,True,1.5806485414505005,-1.1916854418814182e-06
ele-fashion,42,1341,10250,117996,text,3,0.09449112415313721,7,16,0.025572831423895253,0.5714285714285714,0.6826940178871155,0.4243057668209076,0.012161076068878174,-0.14006224274635315,True,False,0.6859387755393982,0.8429694175720215,0.07166939973831177,0.4502509534358978,0.1591765582561493,0.03700310364365578,0.1685260683298111,0.9636731147766113,0.9298692941665649,-0.0004930645227432251,True,1.1940017938613892,8.362904191017151e-05
ele-fashion,42,81043,2369,48848,text,2,0.07784989476203918,3,55,0.025572831423895253,1.0,0.6642335057258606,0.8938145041465759,-0.12279242277145386,0.06406056880950928,False,True,0.789466142654419,0.8947330713272095,0.22751496732234955,0.8415670394897461,0.27034682035446167,0.145851731300354,0.44013845920562744,0.8642858266830444,0.7390267848968506,-0.0018476098775863647,True,1.1167747974395752,-0.0013231784105300903
ele-fashion,42,18797,18789,167724,visual,2,0.25819888710975647,5,3,0.025572831423895253,0.8,0.5698217749595642,0.971969485282898,-0.029976725578308105,0.05562293529510498,False,True,0.9725788831710815,0.9862894415855408,0.19600825011730194,0.9192756414413452,0.21322032809257507,0.036601293832063675,0.18228760361671448,0.9640604257583618,0.9347940683364868,-0.0004634857177734375,True,1.4706003665924072,0.00013755634427070618
ele-fashion,42,2070,2889,55346,text,2,0.15811388194561005,8,5,0.025572831423895253,0.5,0.8366108536720276,0.7883250713348389,-0.007075011730194092,-0.043807387351989746,False,False,0.8429669141769409,0.9214834570884705,0.11877109110355377,1.0670597553253174,0.11130687594413757,0.002831618534401059,0.020191853865981102,0.9971724152565002,0.9944729804992676,-2.769753336906433e-05,True,1.1622083187103271,1.0341871529817581e-05
ele-fashion,42,43931,4120,67548,text,2,0.1386750489473343,2,26,0.025572831423895253,1.0,0.7978565096855164,0.8599589467048645,-0.023341596126556396,0.025015294551849365,False,True,0.5417134165763855,0.7708567380905151,0.48489588499069214,0.796614408493042,0.6086958646774292,0.07743173837661743,0.3056679666042328,0.9254902005195618,0.8651747703552246,-0.0010646730661392212,True,1.7071068286895752,-0.0007657408714294434
ele-fashion,42,79443,60364,315303,visual,4,0.11952285468578339,5,14,0.025572831423895253,0.8,0.7452574968338013,0.8434531092643738,0.005290091037750244,0.00741201639175415,True,True,0.896364688873291,0.9481823444366455,0.1371210664510727,0.6431205868721008,0.2132120579481125,0.0015673269517719746,0.013438200578093529,0.9984338879585266,0.9973759055137634,-1.821061596274376e-05,True,1.2398217916488647,-3.2136449590325356e-06
ele-fashion,42,10895,10896,122384,visual,3,0.3333333134651184,3,3,0.025572831423895253,1.0,0.6996673345565796,0.8789116740226746,-0.01211094856262207,0.05915409326553345,False,True,0.8651541471481323,0.9325770735740662,0.16281022131443024,0.3809501826763153,0.427379310131073,1.9092344045639038,0.4244464635848999,0.8513435125350952,0.7031497359275818,0.001628875732421875,True,2.41677188873291,0.002907991409301758
ele-fashion,42,67159,178,8356,visual,2,0.033709991723299026,5,176,0.025572831423895253,0.8,0.5582206845283508,0.8559798002243042,-0.14670825004577637,0.027975857257843018,False,True,0.7491379380226135,0.8745689392089844,0.2021004557609558,0.9540885090827942,0.2118256837129593,0.00023266946664080024,0.0024608736857771873,0.9997673630714417,0.9996099472045898,1.6685371519997716e-06,True,1.1807944774627686,1.1918164091184735e-06
ele-fashion,42,38846,94,4994,text,3,0.042485930025577545,1,554,0.02557108762359359,1.0,0.8990756869316101,0.9015789031982422,0.07829922437667847,0.04208409786224365,True,True,0.6674485206604004,0.8337242603302002,0.05650437995791435,0.05650437995791435,1.0,0.201078400015831,0.5408633947372437,0.8178483247756958,0.649501383304596,0.0004153400659561157,False,,
ele-fashion,42,73224,13581,139459,text,4,0.14744195342063904,2,23,0.025572831423895253,1.0,0.6114740371704102,0.9053323268890381,-0.07535231113433838,-0.004234731197357178,False,False,0.5642392039299011,0.782119631767273,0.18698114156723022,0.38038039207458496,0.4915635585784912,0.00259515387006104,0.02043716236948967,0.9974082112312317,0.9956817030906677,1.9261613488197327e-05,True,1.5516772270202637,1.2008706107735634e-05
ele-fashion,42,17636,255,10966,text,3,0.04494665935635567,5,99,0.025572831423895253,0.8,0.6520063877105713,0.7928531765937805,-0.027941346168518066,-0.002876460552215576,False,False,0.7199217081069946,0.8599608540534973,0.04929373785853386,0.3712741434574127,0.13276910781860352,0.026493296027183533,0.12884706258773804,0.9738546013832092,0.9490589499473572,-0.0001650974154472351,True,1.0688475370407104,-8.521601557731628e-05
ele-fashion,42,49684,48849,283399,visual,1,0.07715167105197906,12,14,0.025572831423895253,0.3333333333333333,0.737450897693634,0.8616111278533936,-0.030254721641540527,0.039975523948669434,False,True,0.9461411237716675,0.9730705618858337,0.07687830179929733,1.2740273475646973,0.06034274026751518,0.05297038331627846,0.24093635380268097,0.9484081268310547,0.9142706990242004,-0.0007414892315864563,True,1.0523935556411743,-0.0001360177993774414
ele-fashion,42,94545,12045,130068,text,4,0.08391813933849335,1,142,0.025572831423895253,1.0,0.8087580800056458,0.7259380221366882,0.04881030321121216,-0.04712367057800293,True,False,0.8359454870223999,0.9179727435112,0.466740220785141,0.466740220785141,1.0,0.008673259057104588,0.05936049669981003,0.9913642406463623,0.9865387678146362,0.003595295362174511,False,,
ele-fashion,42,17938,11273,124559,text,4,0.14744195342063904,2,23,0.025572831423895253,1.0,0.8492592573165894,0.876500129699707,-0.035822391510009766,0.027093470096588135,False,True,0.8208112716674805,0.9104056358337402,0.4027872383594513,0.8095297813415527,0.49755704402923584,0.19947682321071625,0.5968440771102905,0.819159209728241,0.7057106494903564,-0.0008557885885238647,True,2.51800799369812,-0.01275971531867981
ele-fashion,42,55643,3718,63186,visual,4,0.08770579844713211,2,65,0.025572831423895253,1.0,0.5897341966629028,0.8407269716262817,-0.1663280725479126,0.04496300220489502,False,True,0.8839160203933716,0.9419580101966858,0.28135594725608826,0.5626007914543152,0.5000987648963928,0.21648356318473816,0.5057087540626526,0.8053457736968994,0.6126079559326172,-0.011046603322029114,True,2.0377490520477295,-0.0008552819490432739
ele-fashion,42,36201,36199,245253,visual,3,0.5,1,4,0.02557108762359359,1.0,0.8364842534065247,0.586051344871521,0.049791574478149414,-0.08582949638366699,True,False,0.8305745124816895,0.9152872562408447,0.3451961874961853,0.3451961874961853,1.0,0.00023898606013972312,0.0025999967474490404,0.9997610449790955,0.9996401071548462,1.1918164091184735e-06,False,,
ele-fashion,42,6866,36446,246423,text,1,0.034020692110061646,54,16,0.025572831423895253,0.07407407407407407,0.7130169868469238,0.839635968208313,-0.02340853214263916,0.09470641613006592,False,True,0.7186136245727539,0.859306812286377,0.034194137901067734,1.7290518283843994,0.01977623626589775,0.18254756927490234,0.4928255081176758,0.833145022392273,0.6743447184562683,-6.118416786193848e-05,True,1.013983130455017,-0.0012972503900527954
ele-fashion,42,42610,623,21620,text,4,0.05933908745646477,4,71,0.025572831423895253,1.0,0.3139345943927765,0.6679019331932068,-0.034339696168899536,0.007848680019378662,False,True,0.08439352363348007,0.5421967506408691,0.17237575352191925,0.6853379011154175,0.2515193521976471,0.0013465156080201268,0.012580030597746372,0.9986543655395508,0.9981490969657898,2.3690517991781235e-05,True,1.3575475215911865,-8.333008736371994e-07
ele-fashion,42,70426,14737,145369,visual,4,0.05504818633198738,3,110,0.025572831423895253,1.0,0.267154723405838,0.6939586400985718,-0.191867858171463,-0.035008013248443604,False,False,0.37579962611198425,0.6878998279571533,0.14165149629116058,0.5569056868553162,0.2543545663356781,0.002224234864115715,0.019221153110265732,0.9977782368659973,0.9968156218528748,1.9030878320336342e-05,True,1.5195657014846802,3.294716589152813e-05
ele-fashion,42,87648,47495,279175,text,2,0.25819888710975647,3,5,0.025572831423895253,1.0,0.7178655862808228,0.7934100031852722,0.06918734312057495,0.028739213943481445,True,True,0.7175531387329102,0.8587765693664551,0.10717978328466415,0.6833298206329346,0.15684926509857178,0.0015466167824342847,0.013545318506658077,0.9984545707702637,0.9976626038551331,-2.832838799804449e-05,True,1.2835220098495483,1.3330718502402306e-05
ele-fashion,42,40470,4888,75653,text,1,0.10206206887960434,2,48,0.025572831423895253,1.0,0.8202595114707947,0.925635039806366,0.1539398431777954,0.07175058126449585,True,True,0.8817840814590454,0.9408920407295227,0.10247514396905899,0.5340991616249084,0.19186538457870483,0.02377093769609928,0.13089266419410706,0.9765093922615051,0.9620444178581238,0.0004743710160255432,True,1.2041242122650146,-0.0008737966418266296
ele-fashion,42,64896,64895,327765,visual,1,0.18257418274879456,5,6,0.025572831423895253,0.8,0.7826907634735107,0.8814138770103455,-0.009881258010864258,0.03523021936416626,False,True,0.8892375826835632,0.944618821144104,0.18349280953407288,0.6623645424842834,0.2770269215106964,0.0003474347176961601,0.0037496702279895544,0.999652624130249,0.9995419383049011,-6.077578291296959e-06,True,1.3094247579574585,-2.383312676101923e-07
ele-fashion,42,35293,35294,242209,text,2,0.7071067690849304,2,1,0.025572831423895253,1.0,0.7677431106567383,0.8523557186126709,-0.05524623394012451,0.0030538439750671387,False,True,0.9298095107078552,0.96490478515625,0.5039145946502686,0.8506096601486206,0.5924158096313477,0.00016234986833296716,0.0018282504752278328,0.9998376369476318,0.9997484683990479,-1.5971570974215865e-05,True,2.4142136573791504,5.95959136262536e-07
ele-fashion,42,35732,71,3713,text,2,0.05012546852231026,2,199,0.025572831423895253,1.0,0.9169278740882874,0.8583141565322876,0.03597003221511841,-0.02032792568206787,True,False,0.9196139574050903,0.9598069787025452,0.2981320321559906,0.6533936858177185,0.456282377243042,0.027902014553546906,0.12995925545692444,0.9724836349487305,0.945692777633667,-0.0003584008663892746,True,1.2005019187927246,-0.000264585018157959
ele-fashion,42,17322,17320,159578,visual,3,0.7071067690849304,1,2,0.02557108762359359,1.0,0.9440661072731018,0.9163209199905396,0.016292035579681396,-0.008025407791137695,True,False,0.9431427717208862,0.9715713858604431,0.5919132828712463,0.5919132828712463,1.0,0.0011830481234937906,0.010085539892315865,0.9988176226615906,0.99784255027771,-1.6669509932398796e-06,False,,
ele-fashion,42,1946,60211,314756,visual,1,0.09758999943733215,21,5,0.025572831423895253,0.19047619047619047,0.5777157545089722,0.8743101954460144,0.05669581890106201,0.18542379140853882,True,True,0.9250773191452026,0.9625386595726013,0.09734883159399033,1.942967176437378,0.05010318011045456,1.0778143405914307,0.646857500076294,0.6591004133224487,0.31876182556152344,-0.0020666122436523438,True,1.0349372625350952,-0.006231188774108887
ele-fashion,42,85943,23502,190825,visual,3,0.09622504562139511,3,36,0.025572831423895253,1.0,0.598602294921875,0.5433232188224792,-0.006177067756652832,-0.08292919397354126,False,False,0.523231565952301,0.7616157531738281,0.10148261487483978,0.30103927850723267,0.3371075689792633,0.028130600228905678,0.13665442168712616,0.972261369228363,0.9463679194450378,-1.8659979104995728e-05,True,1.44943368434906,-2.306513488292694e-05
ele-fashion,42,18277,30007,221789,text,2,0.15811388194561005,20,2,0.025572831423895253,0.2,0.7068431973457336,0.5789863467216492,-0.0653260350227356,-0.19166523218154907,False,False,0.9092168211936951,0.9546084403991699,0.06922667473554611,1.2566113471984863,0.05508996546268463,6.913899414939806e-05,0.0008622145396657288,0.9999308586120605,0.9999006390571594,1.1920201359316707e-07,True,1.1067328453063965,-1.1919473763555288e-07
ele-fashion,42,93643,58884,310671,text,1,0.267261266708374,2,7,0.025572831423895253,1.0,0.7956075072288513,0.7275634407997131,-0.02713710069656372,-0.006007552146911621,False,False,0.8447815179824829,0.9223907589912415,0.2676509618759155,0.46362295746803284,0.5773030519485474,0.0024178577587008476,0.017760034650564194,0.9975850582122803,0.9953160285949707,8.003087714314461e-05,True,2.1338934898376465,-1.189298927783966e-06
ele-fashion,42,25132,778,23908,text,2,0.04138029366731644,4,146,0.025572831423895253,1.0,0.8499202132225037,0.8870562314987183,0.15599340200424194,0.07371139526367188,True,True,0.8490923047065735,0.9245461225509644,0.2585393190383911,0.9483109712600708,0.27263137698173523,0.06800880283117294,0.307365357875824,0.9342522621154785,0.885033369064331,0.0005005970597267151,True,1.2131900787353516,0.00024086236953735352
ele-fashion,42,42749,27799,212374,text,2,0.10540926456451416,5,18,0.025572831423895253,0.8,0.8814124464988708,0.8929087519645691,0.05836278200149536,0.06781870126724243,True,True,0.7836188673973083,0.8918094635009766,0.16918732225894928,0.8082702159881592,0.20932024717330933,0.009116807021200657,0.06103615090250969,0.990924596786499,0.9855196475982666,-0.00014117173850536346,True,1.230769157409668,-1.5828758478164673e-05
ele-fashion,42,72257,2331,48286,visual,1,0.035311225801706314,2,401,0.025572831423895253,1.0,0.6795836091041565,0.676934540271759,0.0019313693046569824,-0.034557878971099854,True,False,0.8478208780288696,0.9239104390144348,0.03533979505300522,0.7244753837585449,0.048779841512441635,0.0017377528129145503,0.01603791117668152,0.9982637763023376,0.9977494478225708,4.641013219952583e-06,True,1.0499376058578491,1.558917574584484e-05
ele-fashion,42,87370,16485,154642,text,2,0.07955573499202728,2,79,0.025572831423895253,1.0,0.5864343643188477,0.5286431908607483,-0.13174092769622803,-0.10533595085144043,False,False,0.4686965346336365,0.7343482971191406,0.2651509940624237,0.5594709515571594,0.4739316403865814,0.22938917577266693,0.6439074277877808,0.7950190901756287,0.6595462560653687,-0.0038793981075286865,True,1.864196538925171,0.0002952665090560913
ele-fashion,42,49967,3630,62475,text,2,0.11704114824533463,1,73,0.02557108762359359,1.0,0.7920013070106506,0.8913695216178894,0.049770355224609375,0.040639519691467285,True,True,0.7498349547386169,0.8749175071716309,0.5493763089179993,0.5493763089179993,1.0,0.035112135112285614,0.17063814401626587,0.9654971361160278,0.9356604218482971,-0.00032450631260871887,False,,
ele-fashion,42,27607,2593,51810,visual,4,0.08032193034887314,1,155,0.02557108762359359,1.0,0.43883809447288513,0.7235637903213501,-0.03748634457588196,0.017819464206695557,False,True,0.5695109367370605,0.7847554683685303,0.2669357657432556,0.2669357657432556,1.0,0.016208894550800323,0.09787485748529434,0.9839217662811279,0.9731622934341431,-0.00024658069014549255,False,,
ele-fashion,42,9497,23247,189380,text,2,0.25819888710975647,5,3,0.025572831423895253,0.8,0.8633220195770264,0.3443690538406372,0.03677988052368164,-0.1488383412361145,True,False,0.9425049424171448,0.97125244140625,0.17315573990345,0.8900462985038757,0.1945468932390213,0.0002094287920044735,0.002311636693775654,0.999790608882904,0.9996879696846008,-6.078422302380204e-06,True,1.2929896116256714,1.6685808077454567e-06
ele-fashion,42,49684,78628,358743,text,4,0.117851123213768,12,6,0.025572831423895253,0.3333333333333333,0.7460527420043945,0.8121040463447571,-0.04296755790710449,-0.05230587720870972,False,False,0.37597784399986267,0.6879889369010925,0.07621094584465027,0.8811432719230652,0.08649098128080368,0.05297038331627846,0.24093635380268097,0.9484081268310547,0.9142706990242004,0.0022188089787960052,True,1.0823073387145996,0.0002263188362121582
ele-fashion,42,6092,6093,86949,visual,2,0.1961161345243454,2,13,0.025572831423895253,1.0,0.4056227505207062,0.8533744812011719,-0.1978989541530609,0.0034121274948120117,False,True,0.9133868217468262,0.9566934108734131,0.3615152835845947,0.6544478535652161,0.5523973703384399,0.5159656405448914,0.9545730352401733,0.5969238877296448,0.33622050285339355,0.005366683006286621,True,2.4935760498046875,0.0040854811668396
ele-fashion,42,53592,13203,136767,visual,1,0.18257418274879456,3,10,0.025572831423895253,1.0,0.9132421016693115,0.8804916143417358,0.2251884937286377,0.06969451904296875,True,True,0.9238979816436768,0.9619489908218384,0.18221037089824677,0.26029014587402344,0.7000279426574707,0.0014335366431623697,0.012956944294273853,0.9985674619674683,0.9979852437973022,-1.071370206773281e-06,True,2.317897319793701,-6.74971379339695e-05
ele-fashion,42,11855,19072,169059,text,2,0.7071067690849304,2,1,0.025572831423895253,1.0,0.8015120029449463,0.9340842366218567,0.007840991020202637,0.0203818678855896,True,True,0.9457088708877563,0.9728544354438782,0.504165530204773,0.7672736644744873,0.657086968421936,0.00025245340657420456,0.0027858465909957886,0.9997475743293762,0.9996674060821533,-2.2167572751641273e-05,True,5.582574844360352,4.266525502316654e-05
ele-fashion,42,68479,11902,128893,text,4,0.07715167850255966,7,24,0.025572831423895253,0.5714285714285714,0.7024601697921753,0.8841020464897156,-0.03133523464202881,0.022790729999542236,False,True,0.8104381561279297,0.9052190780639648,0.09882921725511551,0.7837963700294495,0.1260904222726822,0.001971564954146743,0.016574138775467873,0.9980303645133972,0.9966827034950256,2.7364585548639297e-06,True,1.175570011138916,5.710870027542114e-06
ele-fashion,42,21592,21591,181529,visual,4,0.5773502588272095,1,3,0.02557108762359359,1.0,0.7294824719429016,0.8056157827377319,-0.05027139186859131,-0.011914551258087158,False,False,0.7774516344070435,0.8887258172035217,0.33306220173835754,0.33306220173835754,1.0,0.0012290074955672026,0.0104946568608284,0.9987717270851135,0.9978355169296265,-8.810660801827908e-06,False,,
ele-fashion,42,14323,907,27072,visual,4,0.08671099692583084,1,133,0.02557108762359359,1.0,0.7648293972015381,0.6155991554260254,0.035214781761169434,-0.06489729881286621,True,False,0.7731844782829285,0.8865922689437866,0.479783296585083,0.479783296585083,1.0,0.04443188011646271,0.22698518633842468,0.9565407633781433,0.9391469359397888,-0.0003432855010032654,False,,
ele-fashion,42,42269,13233,137164,text,1,0.1386750489473343,1,52,0.02557108762359359,1.0,0.8194063901901245,0.932648777961731,0.03267395496368408,0.04723852872848511,True,True,0.5760043859481812,0.7880021929740906,0.13912194967269897,0.13912194967269897,1.0,0.11048299074172974,0.3527301549911499,0.8954015374183655,0.7945443391799927,0.0029063671827316284,False,,
ele-fashion,42,68248,16137,152372,text,2,0.0905357375741005,2,61,0.025572831423895253,1.0,0.6227125525474548,0.8553224802017212,-0.023936688899993896,0.017371535301208496,False,True,0.6380802989006042,0.8190401792526245,0.3219779431819916,0.45146259665489197,0.7131885290145874,0.016556255519390106,0.0871923565864563,0.9835800528526306,0.9677191376686096,-1.0553747415542603e-05,True,1.5121474266052246,0.00037032924592494965
ele-fashion,42,90591,818,25288,text,4,0.04845016077160835,1,426,0.025572831423895253,1.0,0.6727660894393921,0.7378373742103577,-0.005440115928649902,-0.02073085308074951,False,False,0.05959538742899895,0.5297976732254028,0.4131951630115509,0.4131951630115509,1.0,0.07300855964422226,0.36884963512420654,0.9295928478240967,0.8999789357185364,-0.009880594909191132,False,,
ele-fashion,42,44877,765,23373,text,1,0.1132277101278305,1,78,0.02557108762359359,1.0,0.630592405796051,0.8794125318527222,-0.016664743423461914,0.036063432693481445,False,True,0.4731529653072357,0.736576497554779,0.11379735916852951,0.11379735916852951,1.0,0.0627308115363121,0.24521537125110626,0.9391962885856628,0.8817046284675598,0.0012292414903640747,False,,
ele-fashion,42,25610,25611,201077,visual,4,1.0,1,1,0.02557108762359359,1.0,0.8390933871269226,0.7901897430419922,0.0,0.0,True,True,0.8640634417533875,0.9320317506790161,0.9999845027923584,0.9999845027923584,1.0,0.005122038535773754,0.036107927560806274,0.9948910474777222,0.9908530116081238,-0.0003926437348127365,False,,
ele-fashion,42,27514,27491,210744,text,2,0.06900656223297119,7,30,0.025572831423895253,0.5714285714285714,0.9999999403953552,0.9212726950645447,0.16368001699447632,0.055586159229278564,True,True,0.9999998807907104,0.9999999403953552,0.11854518204927444,0.7297103404998779,0.16245512664318085,0.03710166737437248,0.17420022189617157,0.9635781645774841,0.9317013621330261,-5.9276819229125977e-05,True,1.3610620498657227,0.00037049129605293274
ele-fashion,42,96910,96908,397419,text,1,0.1961161345243454,13,2,0.025572831423895253,0.3076923076923077,0.8887262344360352,0.9475569725036621,0.005920708179473877,-0.023196041584014893,True,False,0.8732188940048218,0.9366094470024109,0.1972983330488205,2.564878225326538,0.07692307978868484,0.03557448461651802,0.1794421374797821,0.9650508761405945,0.9459964036941528,0.0009532533586025238,True,1.0833333730697632,0.0
ele-fashion,42,9608,296,12170,text,4,0.3333333432674408,1,9,0.02557108762359359,1.0,0.5514305830001831,0.7357995510101318,-0.01739037036895752,0.006817638874053955,False,True,0.33120086789131165,0.6656004190444946,0.3588385581970215,0.3588385581970215,1.0,0.0014296083245426416,0.012325940653681755,0.9985713958740234,0.9975237250328064,0.0002822015667334199,False,,
ele-fashion,42,58516,236,10381,visual,4,0.04647393897175789,1,463,0.025572831423895253,1.0,0.5459782481193542,0.6486469507217407,-0.04966634511947632,-0.0651857852935791,False,False,0.49664294719696045,0.7483214735984802,0.3309944272041321,0.3309944272041321,1.0,0.8751602172851562,0.7247894406318665,0.5752934217453003,0.15849819779396057,0.01055830717086792,False,,
ele-fashion,42,38796,84612,371510,text,2,0.17960530519485474,31,1,0.025572831423895253,0.12903225806451613,0.642924427986145,0.5975527167320251,0.02417445182800293,0.008839905261993408,True,True,0.5730199813842773,0.7865099906921387,0.03240014985203743,0.904680609703064,0.03581390902400017,0.003033918561413884,0.02163851447403431,0.9969706535339355,0.9941314458847046,-1.15283764898777e-05,True,1.062796711921692,1.3073207810521126e-05
ele-fashion,42,79882,30925,225552,text,1,0.235702246427536,3,6,0.025572831423895253,1.0,0.7295719385147095,0.8633800745010376,-0.013104557991027832,0.007836103439331055,False,True,0.6484196782112122,0.8242098093032837,0.23585139214992523,0.3428824841976166,0.6878490447998047,0.05938194319605827,0.22599633038043976,0.9423467516899109,0.885466456413269,0.012655612081289291,True,2.5930044651031494,0.007439378648996353
ele-fashion,42,67295,797,24614,text,1,0.08606629818677902,1,135,0.025572831423895253,1.0,0.6548524498939514,0.3040502369403839,0.04039281606674194,-0.13804659247398376,True,False,0.5858694911003113,0.792934775352478,0.08657816797494888,0.08657816797494888,1.0,0.05260592699050903,0.2650638818740845,0.948753833770752,0.9220294952392578,-0.0017238892614841461,False,,
ele-fashion,42,10999,11000,123040,visual,1,0.07715167850255966,6,28,0.025572831423895253,0.6666666666666666,0.6873884797096252,0.5200235247612,-0.006172001361846924,-0.0915941596031189,False,False,0.6429648399353027,0.8214824199676514,0.0771808847784996,0.3953884243965149,0.19520269334316254,0.006039346568286419,0.0391780361533165,0.9939788579940796,0.9885241985321045,-4.348764196038246e-05,True,1.1660360097885132,4.680268466472626e-05
ele-fashion,42,54304,70293,340207,text,2,0.14433756470680237,8,6,0.025572831423895253,0.5,0.816864550113678,0.8890285491943359,0.06109881401062012,0.05122196674346924,True,True,0.9656256437301636,0.9828128218650818,0.10916443914175034,1.0119473934173584,0.10787560790777206,0.021199770271778107,0.10824946314096451,0.9790233373641968,0.9591533541679382,-0.00042175687849521637,True,1.1446479558944702,-1.5638768672943115e-05
ele-fashion,42,2395,24555,196455,text,3,0.25,16,1,0.025572831423895253,0.25,0.8029847145080566,0.9315732717514038,-0.012598633766174316,0.017019271850585938,False,True,0.7990577220916748,0.8995288610458374,0.17414000630378723,2.488419532775879,0.06998016685247421,0.018388044089078903,0.0937967300415039,0.9817799925804138,0.963983416557312,-0.0004694294184446335,True,1.089747667312622,8.367747068405151e-05
ele-fashion,42,55544,126,6315,text,4,0.04494665563106537,3,165,0.025572831423895253,1.0,0.5429619550704956,0.7857171297073364,-0.010635197162628174,0.04548943042755127,False,True,0.8170594573020935,0.9085297584533691,0.2391251176595688,0.5996725559234619,0.39875948429107666,0.02128928154706955,0.10568490624427795,0.978935718536377,0.9584532380104065,0.004649285227060318,True,1.1251589059829712,0.0038681738078594208
ele-fashion,42,12979,22365,185022,visual,1,0.033806171268224716,35,25,0.025572831423895253,0.11428571428571428,0.5650390386581421,0.8020229339599609,-0.09296298027038574,0.0303269624710083,False,True,0.8025541305541992,0.9012770652770996,0.03389913961291313,1.4070762395858765,0.024091899394989014,8.606540359323844e-05,0.0010737708071246743,0.9999139308929443,0.999895453453064,1.1920201359316707e-07,True,1.017655611038208,0.0
ele-fashion,42,42332,42331,263859,text,3,0.5773502588272095,3,1,0.025572831423895253,1.0,0.9041150212287903,0.8385624885559082,-0.0209810733795166,-0.034568190574645996,False,False,0.9779183864593506,0.9889591932296753,0.36388564109802246,0.8175247311592102,0.4451065957546234,0.0004009396652691066,0.004295265302062035,0.9995991587638855,0.999481201171875,-7.6263677328825e-06,True,2.0742249488830566,3.098190063610673e-06
ele-fashion,42,1578,78981,359395,visual,1,0.04351941496133804,132,4,0.025572831423895253,0.030303030303030304,0.8025794625282288,0.8633349537849426,0.0724068284034729,0.06267040967941284,True,True,0.9004372358322144,0.9502186179161072,0.04343343898653984,4.722642421722412,0.009196851402521133,0.005801861174404621,0.04461541771888733,0.9942149519920349,0.9914958477020264,-4.0298327803611755e-06,True,1.0060603618621826,3.3303629606962204e-05
ele-fashion,42,39804,10708,120651,text,2,0.26726123690605164,1,14,0.02557108762359359,1.0,0.8266599774360657,0.8413735032081604,0.06677597761154175,0.039259135723114014,True,True,0.9361321926116943,0.9680660963058472,0.26954519748687744,0.26954519748687744,1.0,0.00019143179815728217,0.002051001414656639,0.9998086094856262,0.9996684789657593,-1.430234988220036e-06,False,,
ele-fashion,42,63515,11423,126161,text,4,0.20412413775920868,3,8,0.025572831423895253,1.0,0.850628137588501,0.8872605562210083,0.0679478645324707,0.015453934669494629,True,True,0.9627285599708557,0.9813642501831055,0.2158522754907608,0.6701549887657166,0.32209306955337524,0.0030298777855932713,0.026427803561091423,0.9969747066497803,0.9963138103485107,0.0005377642810344696,True,1.2928931713104248,0.00019251625053584576
ele-fashion,42,14168,2692,53119,visual,2,0.10425720363855362,1,92,0.02557108762359359,1.0,0.38686323165893555,0.8131063580513,-0.09185415506362915,-0.017013490200042725,False,False,0.8687435388565063,0.9343717694282532,0.5626764893531799,0.5626764893531799,1.0,0.30802732706069946,0.734586238861084,0.7348952293395996,0.5372886657714844,-0.0031404495239257812,False,,
ele-fashion,42,48263,6990,95134,text,3,0.0883883461356163,4,32,0.025572831423895253,1.0,0.5212550759315491,0.7550949454307556,-0.06385165452957153,0.08220583200454712,False,True,0.662956953048706,0.831478476524353,0.08230548352003098,0.3457038998603821,0.23808085918426514,0.06352183222770691,0.308197945356369,0.9384536147117615,0.9044635891914368,-0.00042251497507095337,True,1.2614247798919678,3.4458935260772705e-05
ele-fashion,42,57898,1255,34823,visual,2,0.06696495413780212,1,223,0.02557108762359359,1.0,0.7830300331115723,0.7868854999542236,-0.021183013916015625,-0.008075833320617676,False,False,0.8466647863388062,0.9233323931694031,0.7089005708694458,0.7089005708694458,1.0,0.5981677770614624,0.7099394202232361,0.5498180985450745,0.10264092683792114,0.010326981544494629,False,,
ele-fashion,42,28365,55,2761,text,4,0.059976015239953995,1,278,0.02557108762359359,1.0,0.823279619216919,0.8916052579879761,-0.012691974639892578,-0.001204848289489746,False,False,0.8509451150894165,0.9254725575447083,0.4991261661052704,0.4991261661052704,1.0,0.02846689336001873,0.1334221065044403,0.9719344973564148,0.9449754357337952,0.0012835226953029633,False,,
ele-fashion,42,96910,96919,397465,visual,1,0.1961161345243454,13,2,0.025572831423895253,0.3076923076923077,0.8887262344360352,0.9475569725036621,0.005920708179473877,-0.023196041584014893,True,False,0.9387736916542053,0.9693868160247803,0.19533054530620575,2.4752185344696045,0.07891446352005005,0.03557448461651802,0.1794421374797821,0.9650508761405945,0.9459964036941528,-0.00030099600553512573,True,1.0833333730697632,6.396323442459106e-05
ele-fashion,42,61513,2576,51694,text,3,0.11952285468578339,2,35,0.025572831423895253,1.0,0.43145090341567993,0.5453492403030396,-0.11758804321289062,-0.047275543212890625,False,False,0.1800398975610733,0.590019941329956,0.12526565790176392,0.2155018150806427,0.5812742710113525,0.33537617325782776,0.7626662254333496,0.715069055557251,0.4827089309692383,0.0025916099548339844,True,2.183215856552124,-0.0001379251480102539
ele-fashion,42,55776,23749,192683,visual,1,0.10660035908222198,2,44,0.025572831423895253,1.0,0.5447668433189392,0.564128577709198,-0.05788689851760864,-0.11913424730300903,False,False,0.8053364753723145,0.9026682376861572,0.10652253031730652,0.24925605952739716,0.4273618459701538,0.00042083943844772875,0.004240452311933041,0.9995792508125305,0.9993003606796265,1.3107492122799158e-06,True,1.6215815544128418,-5.60050830245018e-06
ele-fashion,42,9921,9933,115449,text,1,0.029135825112462044,19,62,0.025572831423895253,0.21052631578947367,0.5566225647926331,0.5572291612625122,-0.07115250825881958,-0.0986870527267456,False,False,0.8248631954193115,0.9124315977096558,0.0292801596224308,0.6141825914382935,0.04767337813973427,0.0016071987338364124,0.013018057681620121,0.9983940720558167,0.9970055818557739,5.593674723058939e-05,True,1.0403867959976196,-5.593872629106045e-06
ele-fashion,42,59480,778,23974,text,4,0.058520570397377014,2,146,0.025572831423895253,1.0,0.5050302743911743,0.765615701675415,-0.09658747911453247,-0.0159529447555542,False,False,0.7070128917694092,0.8535064458847046,0.3349849581718445,0.61055588722229,0.5486556887626648,0.014208580367267132,0.09401900321245193,0.9858918786048889,0.97923344373703,0.0026638517156243324,True,2.17915678024292,-0.0009876005351543427
ele-fashion,42,49475,49476,285227,text,2,0.7071067690849304,2,1,0.025572831423895253,1.0,0.9910306930541992,0.9059103727340698,0.0,0.0,True,True,0.9947680234909058,0.9973840117454529,0.5016577243804932,1.0033154487609863,0.5,0.02433815598487854,0.11791771650314331,0.975955605506897,0.9526672959327698,-0.001845039427280426,True,2.0,0.0
ele-fashion,42,58560,58562,309861,visual,3,0.20412413775920868,8,3,0.025572831423895253,0.5,0.9500523209571838,0.7731294631958008,0.227308452129364,0.059200406074523926,True,True,0.8976507782936096,0.9488253593444824,0.12336897850036621,0.8454166054725647,0.1459268480539322,0.0003819928097072989,0.004053541459143162,0.9996180534362793,0.9994663596153259,-1.1918018572032452e-07,True,1.1515302658081055,3.574823495000601e-07
ele-fashion,42,18877,1255,34741,visual,3,0.06696495413780212,1,223,0.02557108762359359,1.0,0.934249997138977,0.8450408577919006,0.05442690849304199,0.021001875400543213,True,True,0.9436783790588379,0.971839189529419,0.08610562980175018,0.08610562980175018,1.0,0.7524009346961975,1.0329493284225464,0.4712337851524353,0.09547379612922668,0.001436471939086914,False,,
ele-fashion,42,89825,23926,193591,text,1,0.5,1,4,0.025572831423895253,1.0,0.9156421422958374,0.8356307744979858,0.020022869110107422,0.004082620143890381,True,True,0.9272521734237671,0.9636260867118835,0.5030092597007751,0.5030092597007751,1.0,0.615053117275238,0.9815706610679626,0.5406121611595154,0.21861299872398376,0.04075413942337036,False,,
ele-fashion,42,87602,10803,121827,text,2,0.11180339753627777,5,16,0.025572831423895253,0.8,0.736668586730957,0.6555139422416687,0.01184535026550293,-0.05062752962112427,True,False,0.8110934495925903,0.9055467247962952,0.15055754780769348,0.7234842777252197,0.20810064673423767,0.0800822451710701,0.301165372133255,0.9230404496192932,0.8525272607803345,-0.004680268466472626,True,1.2181124687194824,-0.0004826188087463379
ele-fashion,42,27514,342,12865,text,1,0.02003207802772522,7,356,0.025572831423895253,0.5714285714285714,0.5573441982269287,0.59360271692276,-0.06316518783569336,-0.1447257399559021,False,False,-0.05402648448944092,0.47298675775527954,0.020099932327866554,0.19678781926631927,0.10214012116193771,0.03710166737437248,0.17420022189617157,0.9635781645774841,0.9317013621330261,6.0070306062698364e-05,True,1.083433747291565,-0.00013520941138267517
ele-fashion,42,84904,1737,41486,text,1,0.2182178795337677,1,21,0.025572831423895253,1.0,0.5319373607635498,0.3292650282382965,0.026516199111938477,-0.11898580193519592,True,False,0.615505039691925,0.8077524900436401,0.21838027238845825,0.21838027238845825,1.0,0.0008224442135542631,0.00813818909227848,0.999177873134613,0.9988961815834045,-0.0001380594912916422,False,,
ele-fashion,42,26383,16377,154024,visual,1,0.03001500852406025,6,185,0.025572831423895253,0.6666666666666666,0.7683568000793457,0.8453854322433472,0.007479667663574219,0.031172990798950195,True,True,0.9062336683273315,0.9531168341636658,0.03004549629986286,0.26633167266845703,0.11281232535839081,0.00039593485416844487,0.003990484867244959,0.9996041655540466,0.9993430376052856,9.532959666103125e-07,True,1.1086927652359009,8.341448847204447e-07
ele-fashion,42,12520,28794,217246,visual,3,0.3333333134651184,3,3,0.025572831423895253,1.0,0.7703462839126587,0.5699729323387146,0.08041977882385254,-0.11595040559768677,True,False,0.38975489139556885,0.6948774456977844,0.22720539569854736,0.7216575145721436,0.3148382604122162,0.00012599628826137632,0.0014486665604636073,0.9998739957809448,0.9997991919517517,0.0,True,1.4099775552749634,1.1918018572032452e-07
ele-fashion,42,48291,54125,298251,text,1,0.3535533845424652,4,2,0.025572831423895253,1.0,0.8751574158668518,0.6949191689491272,0.036199331283569336,-0.04365628957748413,True,False,0.9270420074462891,0.9635210037231445,0.3554025888442993,0.9146177172660828,0.38858047127723694,0.025958430022001266,0.1289535015821457,0.9743756055831909,0.9510313272476196,0.0017482247203588486,True,1.521672248840332,0.0008782073855400085
ele-fashion,42,36791,55,2806,text,2,0.034627169370651245,3,278,0.025572831423895253,1.0,0.8720901608467102,0.9367710947990417,0.014208018779754639,0.035470008850097656,True,True,0.9059911966323853,0.9529955983161926,0.35636278986930847,0.7969801425933838,0.4471413791179657,0.5039657950401306,0.7443636059761047,0.6041300296783447,0.22498488426208496,-0.003434300422668457,True,1.3215034008026123,-0.0013678669929504395
ele-fashion,42,48948,24182,194640,text,4,0.14433756470680237,6,8,0.025572831423895253,0.6666666666666666,0.6659051775932312,0.8340270519256592,-0.02977651357650757,0.05361819267272949,False,True,0.9258423447608948,0.962921142578125,0.14843715727329254,0.8524142503738403,0.17413735389709473,7.259582343976945e-05,0.0009102192707359791,0.9999274015426636,0.9999011754989624,-2.3840402718633413e-07,True,1.2280751466751099,1.1920201359316707e-07
ele-fashion,42,87365,59045,311210,text,2,0.25819888710975647,1,15,0.025572831423895253,1.0,0.7477690577507019,0.45074257254600525,0.013832330703735352,-0.11275342106819153,True,False,0.6561012268066406,0.8280506134033203,0.35628074407577515,0.35628074407577515,1.0,0.006658509839326143,0.04850972071290016,0.993363618850708,0.9892821311950684,-0.0011050966568291187,False,,
ele-fashion,42,10608,10582,119764,text,2,0.11952286958694458,7,10,0.025572831423895253,0.5714285714285714,0.7089007496833801,0.8456815481185913,-0.022117912769317627,0.015411436557769775,False,True,0.6971806287765503,0.8485903143882751,0.06711819767951965,0.6000044345855713,0.11186283826828003,0.00046492734691128135,0.004864818882197142,0.9995352029800415,0.9993339776992798,-1.6681733541190624e-06,True,1.147519826889038,8.340866770595312e-07
ele-fashion,42,6136,4329,69819,text,2,0.30151134729385376,1,11,0.02557108762359359,1.0,0.6120436787605286,0.7657579183578491,-0.06073945760726929,-0.015672683715820312,False,False,0.09171922504901886,0.5458596348762512,0.5766919851303101,0.5766919851303101,1.0,0.1042858138680458,0.3997357487678528,0.9009677767753601,0.8464863896369934,-0.0006396844983100891,False,,
ele-fashion,42,7510,256,11054,visual,4,0.05255883187055588,2,181,0.025572831423895253,1.0,0.6107813715934753,0.8821007609367371,-0.04927116632461548,0.059199631214141846,False,True,0.8293130993843079,0.9146565198898315,0.33171510696411133,0.6827788949012756,0.4858309328556061,0.020192651078104973,0.11004021018743515,0.9800098538398743,0.9631842374801636,0.001392299309372902,True,1.7395682334899902,0.00013527460396289825
ele-fashion,42,36271,1298,35281,visual,1,0.10783277451992035,2,43,0.025572831423895253,1.0,0.6814361214637756,0.6099420189857483,0.0712854266166687,-0.04317212104797363,True,False,0.6823990345001221,0.841199517250061,0.10773183405399323,0.2714194655418396,0.3969200849533081,0.00029869386344216764,0.003258518874645233,0.9997013211250305,0.9996050596237183,-8.342030923813581e-07,True,1.5705974102020264,-2.9793300200253725e-06
ele-fashion,42,66855,985,29659,visual,1,0.18898224830627441,1,28,0.025572831423895253,1.0,0.7040126919746399,0.7691318392753601,0.0013177990913391113,0.023680031299591064,True,True,0.7332987785339355,0.8666493892669678,0.1886903941631317,0.1886903941631317,1.0,3.0188803672790527,0.6614866852760315,0.7694652080535889,0.588046669960022,0.06332898139953613,False,,
ele-fashion,42,76308,13609,139745,text,1,0.041344910860061646,13,45,0.025572831423895253,0.3076923076923077,0.7351657748222351,0.4682171046733856,0.07478338479995728,-0.20723238587379456,True,False,0.8917325735092163,0.9458662867546082,0.041637033224105835,0.6157644391059875,0.06761844456195831,0.0004159538948442787,0.004253508057445288,0.9995841383934021,0.9993725419044495,1.263085869140923e-05,True,1.0619821548461914,-3.693945473060012e-06
ele-fashion,42,26746,55297,300979,visual,4,0.1666666567325592,3,12,0.025572831423895253,1.0,0.3854973316192627,0.6843025088310242,-0.04996103048324585,0.005034029483795166,False,True,0.5064555406570435,0.7532277703285217,0.11033373326063156,0.37104448676109314,0.2973598539829254,0.07844898849725723,0.38357919454574585,0.9245492219924927,0.8911927938461304,-0.0012443289160728455,True,2.155224561691284,0.003826051950454712
ele-fashion,42,76128,80402,362575,visual,2,0.5,4,1,0.025572831423895253,1.0,0.9466898441314697,0.9296489357948303,0.06516003608703613,0.0363120436668396,True,True,0.963206946849823,0.9816035032272339,0.25073274970054626,0.8643195629119873,0.2900926470756531,0.0012761552352458239,0.011091811582446098,0.998724639415741,0.9977820515632629,2.9765069484710693e-06,True,1.5324914455413818,-3.214459866285324e-06
ele-fashion,42,52439,6540,91225,visual,4,0.2499999850988388,2,8,0.025572831423895253,1.0,0.8527635931968689,0.7742139101028442,-0.004389405250549316,-0.044274985790252686,False,False,0.3840405344963074,0.6920202970504761,0.38001176714897156,0.6981645822525024,0.5443011522293091,0.0642375648021698,0.2755972445011139,0.9377821683883667,0.8983080983161926,-0.003082841634750366,True,3.645751476287842,0.003247208893299103
ele-fashion,42,50024,9873,114564,visual,2,0.08804509043693542,3,43,0.025572831423895253,1.0,0.7943081855773926,0.6302887797355652,0.004807949066162109,-0.0590175986289978,True,False,0.7079816460609436,0.8539907932281494,0.2318352311849594,0.6986454129219055,0.3318353295326233,0.0026587634347379208,0.019703298807144165,0.9973447918891907,0.9949612617492676,1.1888332664966583e-06,True,1.3808813095092773,-4.280125722289085e-06
ele-fashion,42,38034,38035,250831,text,3,0.40824827551841736,2,3,0.025572831423895253,1.0,0.8093592524528503,0.6164186596870422,-0.0047487616539001465,-0.04289048910140991,False,False,0.9114741086959839,0.9557370543479919,0.35244694352149963,0.739868700504303,0.4763641655445099,0.00045980370487086475,0.004836226347833872,0.9995403289794922,0.9993911981582642,-3.5151169868186116e-05,True,1.8164966106414795,-5.0044909585267305e-06
ele-fashion,42,35215,35217,241967,text,4,0.235702246427536,6,3,0.025572831423895253,0.6666666666666666,0.6280006170272827,0.9372044205665588,-0.05823945999145508,-0.0009678006172180176,False,False,0.4665047228336334,0.7332523465156555,0.15514889359474182,0.9445209503173828,0.16426199674606323,2.076894998550415,0.48233562707901,0.8526827096939087,0.7273639440536499,-0.0021300315856933594,True,1.2170004844665527,0.011761188507080078
ele-fashion,42,25082,25081,198646,text,2,0.22360679507255554,5,4,0.025572831423895253,0.8,0.8926846385002136,0.9426504373550415,0.030752360820770264,0.012240767478942871,True,True,0.863572895526886,0.9317864179611206,0.26868438720703125,0.9265201091766357,0.2899930477142334,0.00872005708515644,0.05336688086390495,0.991317868232727,0.9833166599273682,0.00037229806184768677,True,1.185396432876587,0.00012856535613536835
ele-fashion,42,49684,78629,358749,text,3,0.1666666567325592,12,3,0.025572831423895253,0.3333333333333333,0.7488457560539246,0.8579909205436707,-0.0825316309928894,0.020872652530670166,False,True,0.3787478506565094,0.6893739104270935,0.09342699497938156,1.052254557609558,0.08878744393587112,0.05297038331627846,0.24093635380268097,0.9484081268310547,0.9142706990242004,-0.00032430514693260193,True,1.1205086708068848,0.00011113286018371582
ele-fashion,42,52696,11060,123473,text,1,0.15249857306480408,1,43,0.02557108762359359,1.0,0.8927850723266602,0.8769289255142212,0.05711925029754639,0.029783308506011963,True,True,0.819260835647583,0.9096304178237915,0.15219715237617493,0.15219715237617493,1.0,0.383737176656723,0.8406925201416016,0.6813104748725891,0.48382946848869324,0.0045490562915802,False,,
ele-fashion,42,532,67225,333256,text,4,0.11322770267724991,13,6,0.025572831423895253,0.3076923076923077,0.7302630543708801,0.9246955513954163,0.09997636079788208,0.09725219011306763,True,True,0.9270597696304321,0.9635298848152161,0.07714831829071045,1.1902631521224976,0.0648161843419075,0.0017982041463255882,0.014001705683767796,0.9982033967971802,0.9965867400169373,5.521217826753855e-05,True,1.0551127195358276,1.2256437912583351e-05
ele-fashion,42,4544,14721,145003,text,2,0.14433756470680237,6,8,0.025572831423895253,0.6666666666666666,0.8835170269012451,0.862646222114563,0.12511563301086426,0.10639548301696777,True,True,0.9484902620315552,0.9742451310157776,0.16746018826961517,0.7082508206367493,0.23644192516803741,0.000501030299346894,0.0050416854210197926,0.9994990825653076,0.9992161393165588,-1.548955333419144e-05,True,1.190735936164856,-5.242589395493269e-06
ele-fashion,42,68731,239,10723,visual,2,0.1386750489473343,2,26,0.025572831423895253,1.0,0.951902449131012,0.8354436159133911,0.056367337703704834,0.02762317657470703,True,True,0.806325376033783,0.9031627178192139,0.4213463068008423,0.7818679809570312,0.5388969779014587,0.003404062008485198,0.025229496881365776,0.9966017007827759,0.993764340877533,-8.910195901989937e-06,True,1.7071068286895752,-2.126605249941349e-05
ele-fashion,42,80878,17734,161722,text,1,0.09284766763448715,4,29,0.025572831423895253,1.0,0.7066950798034668,0.6990956664085388,-0.06502485275268555,-0.05923670530319214,False,False,0.588895857334137,0.7944478988647461,0.0932641252875328,0.3112645149230957,0.299629807472229,3.194045305252075,0.24355700612068176,0.9456243515014648,0.9046186804771423,-0.04395484924316406,True,1.3592561483383179,-0.008421897888183594
ele-fashion,42,32170,19159,169421,text,3,0.18257418274879456,2,15,0.025572831423895253,1.0,0.5711203217506409,0.6787064075469971,-0.09081035852432251,-0.0240706205368042,False,False,0.8659881353378296,0.9329940676689148,0.2103237509727478,0.3670208156108856,0.5730567574501038,0.00024637524620629847,0.0026815738528966904,0.9997536540031433,0.9996258616447449,-1.3109820429235697e-06,True,2.5491931438446045,4.7672074288129807e-07
ele-fashion,42,21668,142,7113,visual,3,0.020743494853377342,14,166,0.025572831423895253,0.2857142857142857,0.6081427335739136,0.7439274787902832,-0.009732842445373535,-0.020543694496154785,False,False,0.5935343503952026,0.7967671751976013,0.04173649102449417,0.7141674757003784,0.058440759778022766,0.00024875884992070496,0.0028247837908566,0.9997512698173523,0.9996843338012695,1.1918018572032452e-07,True,1.0337034463882446,1.1918018572032452e-07
ele-fashion,42,20526,1170,32579,visual,1,0.05292561277747154,3,119,0.025572831423895253,1.0,0.8757741451263428,0.8678858280181885,0.19531571865081787,0.19697070121765137,True,True,0.8785871267318726,0.9392935633659363,0.05284351855516434,0.29754796624183655,0.17759664356708527,0.0015575670404359698,0.01332563254982233,0.9984436631202698,0.9974132776260376,5.713081918656826e-06,True,1.1762707233428955,-8.56979750096798e-06
ele-fashion,42,78212,78199,357953,text,2,0.14907120168209076,3,15,0.025572831423895253,1.0,0.92791348695755,0.7850556373596191,0.0755770206451416,0.009543538093566895,True,True,0.8895714282989502,0.9447857141494751,0.28163623809814453,0.7272928953170776,0.38723909854888916,0.07150697708129883,0.30156993865966797,0.9309898018836975,0.8936090469360352,-0.00018046796321868896,True,3.860548496246338,-0.0013625696301460266
ele-fashion,42,59630,4165,67892,text,1,0.15075567364692688,2,22,0.025572831423895253,1.0,0.8300776481628418,0.7595828771591187,0.05468475818634033,-0.010932683944702148,True,False,0.9315181970596313,0.9657590985298157,0.15137185156345367,0.3298953175544739,0.45884814858436584,0.0014882928226143122,0.012542527168989182,0.9985128045082092,0.9974592924118042,6.32039736956358e-05,True,1.7977241277694702,9.04640182852745e-06
ele-fashion,42,92161,18512,165909,visual,4,0.13363061845302582,4,14,0.025572831423895253,1.0,0.6136831045150757,0.8702312111854553,-0.028578460216522217,0.16890853643417358,False,True,0.9335368871688843,0.9667684435844421,0.10405895859003067,0.43610242009162903,0.23861128091812134,0.004810189828276634,0.03585713729262352,0.9952013492584229,0.991958737373352,1.1033378541469574e-05,True,1.4009240865707397,1.4236196875572205e-05
ele-fashion,42,28834,23469,190496,text,2,0.06622661650180817,12,19,0.025572831423895253,0.3333333333333333,0.9090460538864136,0.916845977306366,0.11182713508605957,0.09281843900680542,True,True,0.972914457321167,0.9864572286605835,0.12674230337142944,1.2671656608581543,0.10002031177282333,0.00034957972820848227,0.003793352050706744,0.9996504783630371,0.9995520114898682,-2.5025219656527042e-06,True,1.070723056793213,-1.1916563380509615e-06
ele-fashion,42,96826,6006,86694,text,4,0.14744195342063904,2,23,0.025572831423895253,1.0,0.9685249328613281,0.8285608887672424,0.05461752414703369,-0.01792079210281372,True,False,0.9756181240081787,0.9878090620040894,0.37673419713974,0.7272964715957642,0.5179926156997681,0.011402557604014874,0.06697158515453339,0.9886621832847595,0.9785376191139221,0.0004746178165078163,True,2.7937090396881104,-0.000532505102455616
ele-fashion,42,60603,8564,107422,text,3,0.10314212739467621,2,47,0.025572831423895253,1.0,0.7760207653045654,0.6662691235542297,0.11770367622375488,-0.05756783485412598,True,False,0.9350939989089966,0.9675469994544983,0.11667842417955399,0.16751040518283844,0.696544349193573,0.00019858295854646713,0.00226086494512856,0.9998014569282532,0.9997513294219971,-2.6220950530841947e-06,True,2.3605380058288574,-1.1918600648641586e-06
ele-fashion,42,80878,17734,161722,text,2,0.09284766763448715,4,29,0.025572831423895253,1.0,0.7066950798034668,0.6990956664085388,-0.06502485275268555,-0.05923670530319214,False,False,0.588895857334137,0.7944478988647461,0.16824211180210114,0.7244927883148193,0.23222054541110992,3.194045305252075,0.24355700612068176,0.9456243515014648,0.9046186804771423,0.00868844985961914,True,1.3592561483383179,0.0008401870727539062
ele-fashion,42,16776,32568,231832,text,4,0.13245323300361633,19,3,0.025572831423895253,0.21052631578947367,0.7755615711212158,0.6971430778503418,-0.027106046676635742,-0.038442015647888184,False,False,0.938256025314331,0.9691280126571655,0.06928972899913788,1.0212312936782837,0.06784920394420624,9.202533692587167e-05,0.0011392396409064531,0.9999079704284668,0.9998844265937805,8.343849913217127e-07,True,1.043627381324768,3.5759148886427283e-07
ele-fashion,42,37083,12253,131125,text,4,0.37796449661254883,1,7,0.02557108762359359,1.0,0.6964625120162964,0.6723931431770325,0.013990998268127441,-0.0060520172119140625,True,False,0.8314792513847351,0.9157396554946899,0.31862249970436096,0.31862249970436096,1.0,0.005717708729207516,0.036271389573812485,0.9942985773086548,0.9887857437133789,0.001703241840004921,False,,
ele-fashion,42,23755,5977,86462,text,4,0.025649458169937134,19,80,0.025572831423895253,0.21052631578947367,0.6436359286308289,0.5220435857772827,-0.007647335529327393,-0.11860418319702148,False,False,0.7581931948661804,0.8790966272354126,0.06023942306637764,1.0379947423934937,0.058034420013427734,9.107174992095679e-05,0.0011416394263505936,0.9999089241027832,0.9998908042907715,8.343922672793269e-07,True,1.0279356241226196,3.57598764821887e-07
ele-fashion,42,49475,49474,285224,text,4,0.7071067690849304,2,1,0.025572831423895253,1.0,0.9910306930541992,0.9059103727340698,0.0,0.0,True,True,0.9947680234909058,0.9973840117454529,0.5016577243804932,1.0033154487609863,0.5,0.02433815598487854,0.11791771650314331,0.975955605506897,0.9526672959327698,0.00675099715590477,True,2.0,0.0
ele-fashion,42,94880,25,925,text,3,0.03417929634451866,4,214,0.025572831423895253,1.0,0.7741554975509644,0.7816861867904663,-0.00218045711517334,-0.05662822723388672,False,False,0.8576238751411438,0.9288119077682495,0.03502921387553215,0.1637502908706665,0.21391847729682922,0.31775185465812683,0.7308369874954224,0.7277833819389343,0.5133792757987976,-0.00018110871315002441,True,1.2518784999847412,3.001093864440918e-05
ele-fashion,42,23567,41651,261947,visual,3,0.07412493228912354,13,14,0.025572831423895253,0.3076923076923077,0.6824049353599548,0.8551862835884094,-0.053088486194610596,0.05290025472640991,False,True,0.9389013051986694,0.9694506525993347,0.046674203127622604,0.5805041193962097,0.08040288090705872,0.00158791767898947,0.014469727873802185,0.9984133243560791,0.997774064540863,1.1897645890712738e-07,True,1.1405229568481445,-1.1909287422895432e-07
ele-fashion,42,65527,14282,142948,visual,1,0.053149398416280746,6,59,0.025572831423895253,0.6666666666666666,0.8342126607894897,0.8529527187347412,-0.055908918380737305,0.004076361656188965,False,True,0.9485595226287842,0.9742797613143921,0.0529242567718029,0.3194718360900879,0.16566172242164612,0.44169551134109497,0.7188885807991028,0.6429453492164612,0.3016679883003235,0.0008918344974517822,True,1.1707955598831177,0.0005062520503997803
ele-fashion,42,95408,11851,128567,text,2,0.10783277451992035,1,86,0.025572831423895253,1.0,0.5400843024253845,0.7842250466346741,-0.06220525503158569,0.0007655024528503418,False,True,0.7965092658996582,0.8982546329498291,0.3816063702106476,0.3816063702106476,1.0,0.00016664070426486433,0.0019138504285365343,0.999833345413208,0.9997647404670715,-9.892770322039723e-06,False,,
ele-fashion,42,33959,33960,237207,text,1,0.07580979913473129,3,58,0.025572831423895253,1.0,0.6762959957122803,0.588078498840332,0.008366823196411133,-0.14420324563980103,True,False,0.8679662346839905,0.9339830875396729,0.07622683793306351,0.2735401391983032,0.2786678373813629,2.789883852005005,0.2369278520345688,0.9379706382751465,0.8765422701835632,-0.08629608154296875,True,1.3099725246429443,-0.009073972702026367
ele-fashion,42,80053,1144,32261,text,4,0.10783277451992035,1,86,0.025572831423895253,1.0,0.7383789420127869,0.8739216327667236,-0.02896803617477417,0.0159909725189209,False,True,0.5537192225456238,0.7768596410751343,0.5283696055412292,0.5283696055412292,1.0,0.0653708279132843,0.2757253646850586,0.9367200136184692,0.8921622633934021,0.008957117795944214,False,,
ele-fashion,42,52439,6540,91225,visual,3,0.2499999850988388,2,8,0.025572831423895253,1.0,0.8527635931968689,0.7742139101028442,-0.004389405250549316,-0.044274985790252686,False,False,0.3840405344963074,0.6920202970504761,0.18132485449314117,0.27571916580200195,0.6576432585716248,0.0642375648021698,0.2755972445011139,0.9377821683883667,0.8983080983161926,-9.480863809585571e-05,True,3.645751476287842,0.00016699731349945068
ele-fashion,42,20782,20780,177577,text,3,0.3162277638912201,1,10,0.02557108762359359,1.0,0.8641355037689209,0.9386709928512573,0.004256069660186768,-0.000860750675201416,True,False,0.6929458379745483,0.8464729189872742,0.3473922610282898,0.3473922610282898,1.0,0.08415097743272781,0.28843939304351807,0.9192924499511719,0.839888870716095,-0.00035271793603897095,False,,
ele-fashion,42,33334,86409,375353,visual,1,0.06178020313382149,131,2,0.025572831423895253,0.030534351145038167,0.7964048981666565,0.8224037289619446,0.05419421195983887,-0.00809621810913086,True,False,0.7602444887161255,0.8801222443580627,0.061661530286073685,5.327949047088623,0.01157322060316801,0.044359467923641205,0.18298384547233582,0.9566100239753723,0.9138948321342468,-0.00025786831974983215,True,1.0089811086654663,5.188584327697754e-05
ele-fashion,42,36791,55,2806,visual,1,0.034627169370651245,3,278,0.025572831423895253,1.0,0.8720901608467102,0.9367710947990417,0.014208018779754639,0.035470008850097656,True,True,0.9655382037162781,0.9827691316604614,0.03455371409654617,0.12794475257396698,0.2700674533843994,0.5039657950401306,0.7443636059761047,0.6041300296783447,0.22498488426208496,0.0015739798545837402,True,1.3215034008026123,0.0008862614631652832
ele-fashion,42,57154,1842,42948,text,3,0.0633724257349968,1,249,0.02557108762359359,1.0,0.41333600878715515,0.7957273125648499,-0.1285196840763092,-0.018967032432556152,False,False,0.38450080156326294,0.6922503709793091,0.08088944107294083,0.08088944107294083,1.0,0.012133008800446987,0.06770861893892288,0.9879403114318848,0.9763379096984863,-3.0856579542160034e-05,False,,
ele-fashion,42,91654,91653,386454,text,4,1.0,1,1,0.025572831423895253,1.0,0.5172625184059143,0.6148433089256287,0.0,0.0,True,True,0.7135105133056641,0.856755256652832,1.0073107481002808,1.0073107481002808,1.0,0.00017987063620239496,0.0020243774633854628,0.9998201727867126,0.9997243881225586,2.169195795431733e-05,False,,
ele-fashion,42,44768,28443,215827,text,3,0.13608276844024658,3,18,0.025572831423895253,1.0,0.8978962898254395,0.8216923475265503,0.0461500883102417,-0.01032721996307373,True,False,0.944273054599762,0.9721364974975586,0.12416056543588638,0.3765300214290619,0.3297494351863861,0.0005336767644621432,0.005453960504382849,0.9994664788246155,0.9992215633392334,-4.884961526840925e-06,True,1.6664224863052368,1.906359102576971e-06
ele-fashion,42,47164,30706,224426,visual,2,0.03993615508079529,19,33,0.025572831423895253,0.21052631578947367,0.8488829135894775,0.710195779800415,0.012780964374542236,-0.10248905420303345,True,False,0.7365309596061707,0.8682655096054077,0.04539190232753754,0.9155741930007935,0.04957752302289009,0.0012618682812899351,0.011273899115622044,0.9987389445304871,0.9980399012565613,2.3811589926481247e-06,True,1.0496814250946045,2.3818574845790863e-07
ele-fashion,42,27735,81320,364843,text,3,0.3535533845424652,2,4,0.025572831423895253,1.0,0.8791146278381348,0.8163773417472839,0.07031500339508057,0.05479532480239868,True,True,0.9544389247894287,0.9772194623947144,0.2889210879802704,0.5425944924354553,0.5324806571006775,0.00017617580306250602,0.0020267243962734938,0.9998238682746887,0.9997677206993103,3.575696609914303e-07,True,2.0,2.3838947527110577e-07
ele-fashion,42,59616,20712,177203,text,2,0.06804138422012329,3,72,0.025572831423895253,1.0,0.8079563975334167,0.8448421955108643,0.027742445468902588,0.01343393325805664,True,True,0.9104019999504089,0.9552010297775269,0.2936917543411255,0.8816061019897461,0.33313262462615967,0.009501947090029716,0.06042185425758362,0.9905430674552917,0.9826062917709351,0.0001353127881884575,True,1.587458848953247,-4.959572106599808e-05
ele-fashion,42,17128,15996,151406,text,4,0.15430334210395813,3,14,0.025572831423895253,1.0,0.6675861477851868,0.7975215315818787,-0.0003408193588256836,0.10291218757629395,False,True,0.5650040507316589,0.7825020551681519,0.1777350753545761,0.5769632458686829,0.3080526888370514,0.015470381826162338,0.09709998220205307,0.9846486449241638,0.9753597378730774,0.002151358872652054,True,1.3631815910339355,0.00018825940787792206
ele-fashion,42,70587,5623,82309,text,1,0.03820803761482239,5,137,0.025572831423895253,0.8,0.873799204826355,0.8761366605758667,0.06963968276977539,0.06700992584228516,True,True,0.9648905992507935,0.9824452996253967,0.03837877884507179,0.18705619871616364,0.20517244935035706,0.00039307496626861393,0.004018446896225214,0.9996070265769958,0.9993951916694641,1.4061079127714038e-05,True,1.2347110509872437,2.0257721189409494e-06
ele-fashion,42,75662,20123,174336,visual,4,0.15249857306480408,1,43,0.025572831423895253,1.0,0.9239926934242249,0.8118627667427063,0.12164425849914551,0.007792174816131592,True,True,0.6653779149055481,0.8326889276504517,0.33666563034057617,0.33666563034057617,1.0,0.009789552539587021,0.06594403088092804,0.9902582168579102,0.9835311770439148,-0.0010320348665118217,False,,
ele-fashion,42,6811,6812,93557,visual,2,0.5773502588272095,3,1,0.025572831423895253,1.0,0.7747665047645569,0.907139003276825,0.08196598291397095,0.09511810541152954,True,True,0.9479613304138184,0.9739806652069092,0.33263877034187317,0.7558405995368958,0.44009116291999817,0.004749208223074675,0.03336629644036293,0.9952620267868042,0.9912312626838684,-3.1085219234228134e-05,True,2.664728879928589,4.828721284866333e-05
ele-fashion,42,89976,6636,92256,text,1,0.0707106813788414,4,50,0.025572831423895253,1.0,0.625078022480011,0.6274359822273254,-0.03182953596115112,-0.08437591791152954,False,False,0.7914218902587891,0.8957109451293945,0.07114886492490768,0.4325011968612671,0.16450558602809906,0.0026974028442054987,0.02331327646970749,0.997306227684021,0.9964439868927002,3.198045305907726e-05,True,1.1611742973327637,-1.141335815191269e-05
ele-fashion,42,3903,5011,76542,text,1,0.11180339753627777,5,16,0.025572831423895253,0.8,0.9304707050323486,0.8413865566253662,0.21696209907531738,0.09332132339477539,True,True,0.9440858960151672,0.9720429182052612,0.1123630553483963,0.7429067492485046,0.15124785900115967,0.006145864725112915,0.04304395243525505,0.9938730001449585,0.9906390309333801,0.00018504681065678596,True,1.142666220664978,0.00011894572526216507
ele-fashion,42,89709,3463,60532,visual,3,0.3162277638912201,1,10,0.025572831423895253,1.0,0.6023094654083252,0.7708351612091064,-0.09462779760360718,-0.039994776248931885,False,False,0.7874525785446167,0.8937262892723083,0.23994679749011993,0.23994679749011993,1.0,2.6615676879882812,0.8689536452293396,0.6031380891799927,0.27777352929115295,-0.00012183189392089844,False,,
ele-fashion,42,37462,37196,248522,text,3,0.0980580672621727,4,26,0.025572831423895253,1.0,0.8184443116188049,0.7438624501228333,0.07055765390396118,-0.0018462538719177246,True,False,0.8429710268974304,0.9214855432510376,0.11671359837055206,0.4514116942882538,0.2585524618625641,0.0023910999298095703,0.01761343702673912,0.9976117610931396,0.9953678846359253,-1.8671154975891113e-05,True,1.2800402641296387,7.611233741044998e-06
ele-fashion,42,88610,2198,46463,text,2,0.05096472427248955,7,55,0.025572831423895253,0.5714285714285714,0.5504488348960876,0.6823633313179016,-0.01895207166671753,-0.033693015575408936,False,False,0.4176965355873108,0.708848237991333,0.10217214375734329,0.5957530736923218,0.17150083184242249,0.0018493706593289971,0.01597774028778076,0.9981523156166077,0.997139036655426,1.582549884915352e-05,True,1.096738338470459,2.2250693291425705e-05
ele-fashion,42,86686,86687,375921,text,2,0.7071067690849304,2,1,0.025572831423895253,1.0,0.8243852257728577,0.8447591662406921,-0.0038371682167053223,0.01070314645767212,False,True,0.9621767997741699,0.981088399887085,0.5041439533233643,0.8018394112586975,0.628734290599823,0.00014006110723130405,0.0016356271225959063,0.9998599290847778,0.9998176693916321,-1.132335455622524e-05,True,2.4142136573791504,-2.0262814359739423e-06
ele-fashion,42,78346,1143,32180,text,3,0.1259881556034088,3,21,0.025572831423895253,1.0,0.44237878918647766,0.8061095476150513,-0.18617674708366394,-0.0013850927352905273,False,False,-0.2800823450088501,0.35995882749557495,0.09400828927755356,0.37723156809806824,0.2492057830095291,0.05600728094577789,0.22981372475624084,0.9455322623252869,0.8945039510726929,-3.685802221298218e-05,True,1.28867506980896,-0.00013222172856330872
ele-fashion,42,14365,2370,48884,visual,4,0.046028729528188705,4,118,0.025572831423895253,1.0,0.5433387756347656,0.6003535389900208,-0.12510895729064941,-0.06482291221618652,False,False,0.03483039140701294,0.5174151659011841,0.2177552580833435,0.6462554931640625,0.3369491696357727,0.24284303188323975,0.5899815559387207,0.7843946218490601,0.5885266065597534,-0.005513966083526611,True,1.1284990310668945,-0.004301130771636963
ele-fashion,42,18970,955,28522,text,2,0.07018624246120453,1,203,0.02557108762359359,1.0,0.7885076999664307,0.8686921000480652,0.05107104778289795,0.01674574613571167,True,True,0.7218965888023376,0.8609483242034912,0.35212278366088867,0.35212278366088867,1.0,0.07323991507291794,0.28398993611335754,0.9293778538703918,0.8672586679458618,-0.0013006404042243958,False,,
ele-fashion,42,94663,38072,250980,visual,1,0.18257418274879456,3,10,0.025572831423895253,1.0,0.7367815971374512,0.5124549865722656,0.029212534427642822,-0.05917394161224365,True,False,0.8397215008735657,0.9198607206344604,0.18293146789073944,0.4935687482357025,0.3706301748752594,0.00023278864682652056,0.0026515075005590916,0.9997672438621521,0.999696671962738,1.4301767805591226e-06,True,1.4517539739608765,-3.456269041635096e-06
ele-fashion,42,27514,27491,210744,text,4,0.06900656223297119,7,30,0.025572831423895253,0.5714285714285714,0.9999999403953552,0.9212726950645447,0.16368001699447632,0.055586159229278564,True,True,0.9999998807907104,0.9999999403953552,0.08831878751516342,0.6562855243682861,0.13457372784614563,0.03710166737437248,0.17420022189617157,0.9635781645774841,0.9317013621330261,0.001224081963300705,True,1.3610620498657227,-0.0016329102218151093
ele-fashion,42,57425,28252,215065,text,4,0.09449112415313721,4,28,0.025572831423895253,1.0,0.4637299180030823,0.6539598107337952,-0.07204681634902954,-0.04114788770675659,False,False,0.23162123560905457,0.6158106327056885,0.1252879649400711,0.48782604932785034,0.256829172372818,0.0005690624238923192,0.0054627228528261185,0.9994310736656189,0.9990455508232117,-0.00010163284605368972,True,1.4329835176467896,5.015730857849121e-05
ele-fashion,42,42952,818,25023,visual,2,0.027972713112831116,3,426,0.025572831423895253,1.0,0.9312352538108826,0.9261995553970337,0.13798505067825317,0.0817645788192749,True,True,0.9009091258049011,0.950454592704773,0.27921295166015625,0.783466100692749,0.3563816547393799,0.007486738730221987,0.05559312179684639,0.9925411939620972,0.9898757934570312,8.128257468342781e-05,True,1.1970531940460205,2.8751324862241745e-05
ele-fashion,42,57039,2619,52231,text,4,0.07715167850255966,4,42,0.025572831423895253,1.0,0.44584017992019653,0.5629175305366516,-0.12752044200897217,-0.09695780277252197,False,False,0.8794726729393005,0.9397363662719727,0.22048862278461456,0.8675678372383118,0.25414568185806274,0.007580325473099947,0.045835625380277634,0.9924483299255371,0.9851135015487671,0.0019934126175940037,True,1.3604519367218018,-0.00016706623136997223
ele-fashion,42,79882,10109,116780,text,3,0.08084520697593689,3,51,0.025572831423895253,1.0,0.8012377619743347,0.7962785363197327,0.028627514839172363,0.006278097629547119,True,True,0.6741368770599365,0.8370684385299683,0.07699889689683914,0.2828538417816162,0.27222150564193726,0.05938194319605827,0.22599633038043976,0.9423467516899109,0.885466456413269,-0.0003862902522087097,True,1.2669763565063477,5.751475691795349e-05
ele-fashion,42,14615,69,3566,visual,1,0.0714285671710968,2,98,0.025572831423895253,1.0,0.6280419826507568,0.7752545475959778,-0.13558083772659302,-0.052146732807159424,False,False,0.8501640558242798,0.9250820279121399,0.07133395969867706,0.25648313760757446,0.2781233787536621,0.039792947471141815,0.1771364063024521,0.9609884023666382,0.9241850972175598,-0.00019557029008865356,True,1.3642157316207886,1.512095332145691e-05
ele-fashion,42,10216,10217,117822,text,4,0.09622504562139511,9,12,0.025572831423895253,0.4444444444444444,0.7139388918876648,0.7903086543083191,-0.1218407154083252,-0.0518222451210022,False,False,0.6907577514648438,0.8453788757324219,0.11916664242744446,1.0289775133132935,0.11581073701381683,0.07517565041780472,0.29899194836616516,0.9275805354118347,0.8702531456947327,0.002509474754333496,True,1.1071982383728027,0.00040397047996520996
ele-fashion,42,21034,21029,178524,text,4,0.11952285468578339,5,14,0.025572831423895253,0.8,0.6776094436645508,0.6371966600418091,-0.06625062227249146,-0.09169745445251465,False,False,0.8481894731521606,0.9240947365760803,0.09790930896997452,0.5037981867790222,0.19434231519699097,0.0005545270396396518,0.005527296103537083,0.9994456171989441,0.9991604089736938,2.7402595151215792e-05,True,1.2004393339157104,2.3828470148146152e-06
ele-fashion,42,27707,14470,143801,text,4,0.0425628237426281,46,12,0.025572831423895253,0.08695652173913043,0.8854182362556458,0.8465284705162048,-0.037016212940216064,-0.03939926624298096,False,False,0.832070529460907,0.9160352945327759,0.08636704087257385,1.6784789562225342,0.0514555387198925,0.7796151638031006,0.7464051246643066,0.5309639573097229,0.07238146662712097,-0.002679109573364258,True,1.008438229560852,-0.0019855499267578125
ele-fashion,42,16375,11366,125773,visual,2,0.1414213478565216,5,10,0.025572831423895253,0.8,0.6994669437408447,0.6864619851112366,-0.0011039972305297852,-0.049609482288360596,False,False,0.7801274061203003,0.8900637030601501,0.14842337369918823,0.8076404333114624,0.18377406895160675,0.0002470903273206204,0.0027431591879576445,0.999752938747406,0.9996732473373413,0.0,True,1.1799465417861938,1.1918018572032452e-07
ele-fashion,42,46921,5088,77423,visual,4,0.0635000616312027,2,124,0.025572831423895253,1.0,0.5377587676048279,0.6626788377761841,-0.035640180110931396,-0.00692594051361084,False,False,0.5816412568092346,0.7908205986022949,0.1917523592710495,0.3567225933074951,0.5375391244888306,0.1039699986577034,0.3563592731952667,0.9012523293495178,0.8093074560165405,0.004373446106910706,True,1.3478041887283325,0.004203140735626221
ele-fashion,42,44083,7311,98164,text,4,0.06741999089717865,1,220,0.02557108762359359,1.0,0.7119121551513672,0.8551233410835266,0.042351722717285156,0.055056750774383545,True,True,0.8982719779014587,0.9491360187530518,0.43425747752189636,0.43425747752189636,1.0,0.00011717586312443018,0.0013921955833211541,0.9998828172683716,0.9998322129249573,-3.575863956939429e-06,False,,
ele-fashion,42,70795,27516,210915,text,3,0.28867512941360474,1,12,0.025572831423895253,1.0,0.5711501240730286,0.5901312828063965,0.020614564418792725,-0.037366628646850586,True,False,0.17378321290016174,0.5868915915489197,0.24466131627559662,0.24466131627559662,1.0,0.011824045330286026,0.0716133639216423,0.9882456064224243,0.9780238270759583,-0.00022492092102766037,False,,
ele-fashion,42,15490,15485,148763,visual,3,0.2182178944349289,3,7,0.025572831423895253,1.0,0.7877123951911926,0.8175346255302429,-0.05358511209487915,-0.03266245126724243,False,False,0.8105703592300415,0.9052851796150208,0.23039527237415314,0.7268468737602234,0.3169791102409363,0.00025006983196362853,0.0028228657320141792,0.9997499585151672,0.9996707439422607,5.958718247711658e-07,True,1.2834733724594116,2.3836037144064903e-07
