dataset,variant,trajectory_mode,adapter_mode,seed,modality,lambda,gamma,effective_hop_mean,effective_hop_std,alpha_entropy_mean,alpha_entropy_std,dominant_hop_k1_frequency,dominant_hop_k2_frequency,dominant_hop_k3_frequency,response_rms,delta_rms,delta_response_rms_ratio,gamma_delta_response_rms_ratio,lambda_gamma_delta_response_rms_ratio,coefficient_node_std,coefficient_mean_by_rank,coefficient_std_by_rank,delta_response_cosine_mean,delta_response_cosine_std,normal_val_accuracy,normal_val_macro_f1,normal_val_ce,formal_val_accuracy,formal_val_macro_f1,formal_val_ce,normal_reproduces_formal_accuracy,normal_reproduces_formal_macro_f1,normal_reproduces_formal_ce,checkpoint_path,alpha_k1_mean,alpha_k1_node_std,alpha_k2_mean,alpha_k2_node_std,alpha_k3_mean,alpha_k3_node_std
Movies,GC,global,context,42,text,0.48162370920181274,0.10575595498085022,1.761520504951477,0.0,0.8834628462791443,0.0,0.0,1.0,0.0,0.4898911714553833,1.5020835399627686,3.066157579421997,0.32426440715789795,0.15617342653751365,0.3711763024330139,"[1.2139999866485596,1.1636381149291992,1.1669163703918457,1.1866687536239624,1.1976990699768066,1.1878975629806519,1.1530487537384033,1.212924838066101,1.176867127418518,1.2056045532226562,1.2267231941223145,1.207493782043457,1.2324764728546143,1.1732847690582275,1.1787159442901611,1.1341766119003296,1.189483880996704,1.169297218322754,1.2152408361434937,1.1283342838287354,1.1816595792770386,1.2269328832626343,1.2543504238128662,1.1819089651107788,1.0711857080459595,1.1912935972213745,1.16424560546875,1.208433985710144,1.2057404518127441,1.1560479402542114,1.1690798997879028,1.179060697555542]","[0.31990909576416016,0.41862910985946655,0.38192421197891235,0.3755514323711395,0.3846549689769745,0.37233173847198486,0.4069167375564575,0.3625541627407074,0.2537872791290283,0.39935165643692017,0.31586483120918274,0.39424610137939453,0.35676339268684387,0.3329625129699707,0.40604928135871887,0.4100395441055298,0.40885207056999207,0.3894416093826294,0.4001254141330719,0.3546420633792877,0.37998801469802856,0.32340604066848755,0.3281075060367584,0.38063082098960876,0.3834190368652344,0.3471825420856476,0.3774920403957367,0.394036203622818,0.3461425006389618,0.3870757222175598,0.38778582215309143,0.3977782130241394]",-0.020764702931046486,0.2406717836856842,0.5560888051986694,0.46713840913556004,1.443089897645471,0.5560888051986694,0.46713840913556004,1.443089897645471,True,True,True,/tmp/care_a03_adaptation_placement_audit/formal/checkpoints/Movies/GC_run1.pt,0.3227975070476532,0.0,0.5928842425346375,0.0,0.08431816101074219,0.0
Movies,GC,global,context,42,visual,0.5114311575889587,0.10878709703683853,1.7652835845947266,0.0,0.9347966313362122,0.0,0.0,1.0,0.0,0.6581059098243713,1.19838285446167,1.8209574222564697,0.1980966478586197,0.10131279792882619,0.20272839069366455,"[1.3747519254684448,1.438539743423462,1.3195089101791382,1.429329752922058,1.4303470849990845,1.3183293342590332,1.4565939903259277,1.3907438516616821,1.438942790031433,1.3697813749313354,1.394877552986145,1.4361963272094727,1.346643090248108,1.3425065279006958,1.377423882484436,1.4492615461349487,1.3723396062850952,1.4319835901260376,1.4240107536315918,1.438988208770752,1.3865957260131836,1.4379618167877197,1.423577904701233,1.40864098072052,1.4347587823867798,1.3902257680892944,1.4119936227798462,1.4285022020339966,1.4318857192993164,1.431925654411316,1.4322315454483032,1.3967636823654175]","[0.19522148370742798,0.19231033325195312,0.18437308073043823,0.20758356153964996,0.1616169810295105,0.29608821868896484,0.12376691401004791,0.2408757507801056,0.18227219581604004,0.2519753575325012,0.22353342175483704,0.20635069906711578,0.2424217015504837,0.23989363014698029,0.21477903425693512,0.1661524623632431,0.16206835210323334,0.19534839689731598,0.20054024457931519,0.17737190425395966,0.18063943088054657,0.17179879546165466,0.2214609682559967,0.18972186744213104,0.19406554102897644,0.23791663348674774,0.17281116545200348,0.21432499587535858,0.19691579043865204,0.1960146278142929,0.20853190124034882,0.2385629415512085]",0.23077037930488586,0.18567638099193573,0.5560888051986694,0.46713840913556004,1.443089897645471,0.5560888051986694,0.46713840913556004,1.443089897645471,True,True,True,/tmp/care_a03_adaptation_placement_audit/formal/checkpoints/Movies/GC_run1.pt,0.34192460775375366,0.0,0.5508671402931213,0.0,0.1072082668542862,0.0
Movies,GC,global,context,43,text,0.487066388130188,0.104027159512043,1.8501852750778198,0.0,1.0592842102050781,0.0,0.0,1.0,0.0,0.45402035117149353,1.123820424079895,2.475264310836792,0.25749471783638,0.1254170221791675,0.23429618775844574,"[1.0147967338562012,0.7191939949989319,1.311497688293457,0.8189287781715393,1.3816347122192383,1.0752819776535034,0.9542262554168701,1.3382717370986938,1.356030821800232,1.4449697732925415,1.0990277528762817,1.3102563619613647,1.3295706510543823,0.8066213726997375,1.1129661798477173,1.2855969667434692,1.179253339767456,1.4057437181472778,1.111554503440857,0.6873115301132202,1.12376868724823,0.8348667025566101,0.7915962934494019,0.7113694548606873,1.306812047958374,1.1016738414764404,0.9538981318473816,1.4086800813674927,0.9742763042449951,1.340317726135254,0.8808746933937073,1.0571305751800537]","[0.24612806737422943,0.29307758808135986,0.11687891185283661,0.3240208029747009,0.18189330399036407,0.2830660343170166,0.30668097734451294,0.18802900612354279,0.1427096724510193,0.12276182323694229,0.22884926199913025,0.23920373618602753,0.23925963044166565,0.30578386783599854,0.21315668523311615,0.27634483575820923,0.14813517034053802,0.08570759743452072,0.1830832064151764,0.31440845131874084,0.26624858379364014,0.3353022634983063,0.29249972105026245,0.2910478413105011,0.14161556959152222,0.23687365651130676,0.30480894446372986,0.1642933338880539,0.26579946279525757,0.20802175998687744,0.2806718647480011,0.2711164951324463]",-0.08500776439905167,0.24380233883857727,0.5521895885467529,0.4796037569576012,1.3633752741639171,0.5521895885467529,0.4796037569576012,1.3633751277088333,True,True,True,/tmp/care_a03_adaptation_placement_audit/formal/checkpoints/Movies/GC_run2.pt,0.3608062267303467,0.0,0.42820262908935547,0.0,0.21099115908145905,0.0
Movies,GC,global,context,43,visual,0.5070026516914368,0.10447341948747635,1.5926162004470825,0.0,0.9606867432594299,0.0,1.0,0.0,0.0,0.6221169233322144,0.7258314490318298,1.1667122840881348,0.12189042568206787,0.061798769036606416,0.20579400658607483,"[1.4485833644866943,1.356881022453308,1.3039709329605103,1.3129777908325195,1.2558379173278809,1.4100285768508911,1.370399832725525,1.362164855003357,1.191188097000122,1.1158785820007324,1.354174256324768,1.382237434387207,1.4039064645767212,1.367931604385376,1.3206543922424316,1.3315646648406982,1.415630578994751,1.2979775667190552,1.3095272779464722,1.399300456047058,1.2843244075775146,1.2668474912643433,1.2111008167266846,1.370078444480896,1.3886226415634155,1.3244073390960693,1.298203468322754,1.3839390277862549,1.1420764923095703,1.310492992401123,1.3480616807937622,1.2339848279953003]","[0.09401050955057144,0.21899212896823883,0.21128486096858978,0.22934967279434204,0.28242960572242737,0.14840026199817657,0.1896129846572876,0.21783490478992462,0.2828158438205719,0.24697965383529663,0.2259158343076706,0.19604937732219696,0.15332457423210144,0.14249548316001892,0.23270420730113983,0.23482532799243927,0.15475274622440338,0.23109595477581024,0.21894390881061554,0.17493252456188202,0.17381444573402405,0.23199675977230072,0.26826441287994385,0.16084149479866028,0.1375785917043686,0.21983174979686737,0.15720924735069275,0.21315763890743256,0.20181822776794434,0.213994100689888,0.22784942388534546,0.29230159521102905]",0.20085552334785461,0.19561246037483215,0.5521895885467529,0.4796037569576012,1.3633752741639171,0.5521895885467529,0.4796037569576012,1.3633751277088333,True,True,True,/tmp/care_a03_adaptation_placement_audit/formal/checkpoints/Movies/GC_run2.pt,0.5293130278587341,0.0,0.3487577438354492,0.0,0.12192918360233307,0.0
Movies,GC,global,context,44,text,0.4831988215446472,0.10449399054050446,1.7733153104782104,0.0,0.9647512435913086,0.0,0.0,1.0,0.0,0.4753030836582184,1.3258075714111328,2.789393901824951,0.2914749085903168,0.14084033234067483,0.28433170914649963,"[1.26094651222229,1.1447113752365112,1.1379152536392212,1.1922193765640259,1.2147343158721924,1.2363041639328003,0.9137964248657227,1.3688358068466187,1.2673227787017822,1.1388912200927734,0.939241886138916,1.3652809858322144,1.2645243406295776,1.2545158863067627,1.1873263120651245,1.2369176149368286,1.1222162246704102,1.2681865692138672,1.1125279664993286,1.2650046348571777,1.1999211311340332,1.2381635904312134,1.0914719104766846,1.2193888425827026,1.3428955078125,1.2486562728881836,1.3517212867736816,1.2825474739074707,1.3158520460128784,1.1299748420715332,1.3652695417404175,1.162269115447998]","[0.2883368730545044,0.31143414974212646,0.3077807128429413,0.25799375772476196,0.30431559681892395,0.30177783966064453,0.22631292045116425,0.1998692750930786,0.24479542672634125,0.2905912399291992,0.3619283437728882,0.18016189336776733,0.292325496673584,0.2991463541984558,0.3131524622440338,0.30273109674453735,0.27865612506866455,0.2845700681209564,0.261241614818573,0.30026140809059143,0.3232520818710327,0.3103547692298889,0.31679126620292664,0.3143197298049927,0.22536540031433105,0.2989959716796875,0.2660512328147888,0.2786659002304077,0.24436502158641815,0.33245542645454407,0.24881164729595184,0.3318035304546356]",-0.017923979088664055,0.23115657269954681,0.5536892414093018,0.4723179339671334,1.4328737768071387,0.5536892414093018,0.4723179339671334,1.4328737768071387,True,True,True,/tmp/care_a03_adaptation_placement_audit/formal/checkpoints/Movies/GC_run3.pt,0.3508245646953583,0.0,0.5250356197357178,0.0,0.12413982301950455,0.0
Movies,GC,global,context,44,visual,0.511547863483429,0.10740116983652115,1.8505334854125977,0.0,0.9876329302787781,0.0,0.0,1.0,0.0,0.6518298387527466,1.2564599514007568,1.927588939666748,0.20702530443668365,0.10590335217159197,0.34995660185813904,"[1.0753426551818848,1.1633565425872803,1.1758103370666504,1.1689841747283936,1.1198784112930298,1.1171139478683472,1.117820143699646,1.0116041898727417,1.1609289646148682,1.1519614458084106,1.1740896701812744,1.140233039855957,1.1185706853866577,1.1508878469467163,1.1502327919006348,1.1558195352554321,1.1054661273956299,1.112858533859253,1.1485569477081299,1.0944395065307617,1.1619315147399902,1.0600576400756836,1.0849941968917847,1.126376748085022,1.1030727624893188,1.1624161005020142,1.0966988801956177,1.20595383644104,1.1729754209518433,1.143128752708435,1.0693399906158447,1.0782148838043213]","[0.3803543150424957,0.3638443052768707,0.31941744685173035,0.3331693112850189,0.3563932478427887,0.37176188826560974,0.2558322250843048,0.365128755569458,0.3486252427101135,0.346324622631073,0.3641486167907715,0.3291812241077423,0.32751572132110596,0.34936991333961487,0.3581588566303253,0.344124972820282,0.3772968351840973,0.34166356921195984,0.36529073119163513,0.3752603232860565,0.3670983612537384,0.34060314297676086,0.36744025349617004,0.3336698114871979,0.3640635013580322,0.34181174635887146,0.360779345035553,0.3232560157775879,0.3508341610431671,0.34326016902923584,0.3651646077632904,0.3677680194377899]",0.2000879943370819,0.17966485023498535,0.5536892414093018,0.4723179339671334,1.4328737768071387,0.5536892414093018,0.4723179339671334,1.4328737768071387,True,True,True,/tmp/care_a03_adaptation_placement_audit/formal/checkpoints/Movies/GC_run3.pt,0.3067152202129364,0.0,0.53603595495224,0.0,0.1572488248348236,0.0
Movies,N0,node,off,42,text,0.4817359149456024,0.1000017523765564,1.8450924158096313,0.5076553225517273,0.8048260807991028,0.2839489281177521,0.5421664714813232,0.1774832010269165,0.2803502678871155,0.5033103823661804,0.0,0.0,0.0,0.0,0.144035205245018,"[1.2648789882659912,0.8639577627182007,1.0160070657730103,1.0666086673736572,1.2495404481887817,0.8582991361618042,1.2303190231323242,0.9469659328460693,0.7217509150505066,1.0194112062454224,0.9763576984405518,0.9912533164024353,1.0970704555511475,1.0475077629089355,1.175169587135315,0.8010132908821106,0.8408001661300659,1.12758469581604,0.6749369502067566,0.7567616701126099,1.1525787115097046,1.3454959392547607,1.0290416479110718,1.3524467945098877,1.078827142715454,0.8388141393661499,0.7173750996589661,1.231192708015442,1.165101408958435,0.7489023208618164,0.8742696046829224,0.8195043802261353]","[0.151309996843338,0.15407794713974,0.1523086130619049,0.1348172426223755,0.0912768766283989,0.18331532180309296,0.08055705577135086,0.1259400099515915,0.10477820783853531,0.17520630359649658,0.15376900136470795,0.1423528641462326,0.13406677544116974,0.17002832889556885,0.14791402220726013,0.1728561967611313,0.1648445576429367,0.15571536123752594,0.11372470110654831,0.12401403486728668,0.12604621052742004,0.08725515753030777,0.17867189645767212,0.09710606187582016,0.17696869373321533,0.20567218959331512,0.11911076307296753,0.18867526948451996,0.17621830105781555,0.10261926800012589,0.10201752185821533,0.2158919721841812]",0.0,0.0,0.5515896677970886,0.45800109075864526,1.3951618855916317,0.5515896677970886,0.45800109075864526,1.3951617391365476,True,True,True,/tmp/care_a03_adaptation_placement_audit/formal/checkpoints/Movies/N0_run1.pt,0.43628787994384766,0.30833178758621216,0.28233182430267334,0.17262820899486542,0.2813802659511566,0.22065527737140656
Movies,N0,node,off,42,visual,0.5105878710746765,0.1000017523765564,1.83207368850708,0.5348633527755737,0.7947717308998108,0.2789574861526489,0.6191818714141846,0.05236324295401573,0.3284548819065094,0.6675174832344055,0.0,0.0,0.0,0.0,0.17416712641716003,"[1.126806616783142,0.8489785194396973,1.0060620307922363,0.8163785934448242,0.9844042658805847,0.8616036176681519,1.1695005893707275,1.127123236656189,0.9847094416618347,0.8568999767303467,1.1691697835922241,1.0049338340759277,0.8437056541442871,1.0145354270935059,0.9575063586235046,0.7827863097190857,0.7810470461845398,0.9209858179092407,1.1349835395812988,1.0043370723724365,1.1733508110046387,1.1066570281982422,0.90165114402771,1.1437702178955078,0.734565019607544,1.1350449323654175,1.2633917331695557,1.1891109943389893,0.9523610472679138,0.9450143575668335,1.1381278038024902,1.1485693454742432]","[0.18288005888462067,0.1511966437101364,0.18921741843223572,0.16148948669433594,0.18091610074043274,0.16576938331127167,0.17781998217105865,0.16654574871063232,0.1817079782485962,0.19151252508163452,0.19187256693840027,0.20525571703910828,0.15842875838279724,0.18322263658046722,0.16579413414001465,0.1801387071609497,0.1565529704093933,0.18881486356258392,0.19466161727905273,0.16168077290058136,0.2053540050983429,0.18616458773612976,0.14524833858013153,0.18418900668621063,0.11780743300914764,0.18356814980506897,0.1678026169538498,0.16094177961349487,0.16973340511322021,0.17228282988071442,0.1692967563867569,0.17548084259033203]",0.0,0.0,0.5515896677970886,0.45800109075864526,1.3951618855916317,0.5515896677970886,0.45800109075864526,1.3951617391365476,True,True,True,/tmp/care_a03_adaptation_placement_audit/formal/checkpoints/Movies/N0_run1.pt,0.4819110035896301,0.30013179779052734,0.20410418510437012,0.11554650962352753,0.31398481130599976,0.24420444667339325
Movies,N0,node,off,43,text,0.48509857058525085,0.1000014990568161,1.8907740116119385,0.4996834099292755,0.821401059627533,0.2819228172302246,0.5086372494697571,0.16656669974327087,0.32479605078697205,0.49566248059272766,0.0,0.0,0.0,0.0,0.13596799969673157,"[0.7610677480697632,1.0802788734436035,1.0156022310256958,0.7879271507263184,1.0649741888046265,1.2908858060836792,0.8560736775398254,0.8140212893486023,1.0594866275787354,1.1258174180984497,1.1955326795578003,0.7991243600845337,0.7919504642486572,1.2132272720336914,0.9891330003738403,0.6325269937515259,1.168241024017334,0.8813687562942505,0.7948978543281555,1.2746788263320923,1.072982668876648,1.0955168008804321,1.233742594718933,1.1834183931350708,1.0299450159072876,1.2687560319900513,1.0098556280136108,0.8040053248405457,1.0538524389266968,1.1014333963394165,1.205156922340393,1.0785359144210815]","[0.1296231597661972,0.1175268292427063,0.18254640698432922,0.14192606508731842,0.13469436764717102,0.09408294409513474,0.14103497564792633,0.12167716771364212,0.1585615873336792,0.1353505402803421,0.12177590280771255,0.15793056786060333,0.12171828746795654,0.1691303253173828,0.1329316347837448,0.06381679326295853,0.1198175922036171,0.15604884922504425,0.1349891871213913,0.10499343276023865,0.14283409714698792,0.13776881992816925,0.11986386030912399,0.11001190543174744,0.17727845907211304,0.11164391040802002,0.13362939655780792,0.14887672662734985,0.20720688998699188,0.11875513195991516,0.14673103392124176,0.1561986356973648]",0.0,0.0,0.5545890927314758,0.47721708398340434,1.3824945460126725,0.5545890927314758,0.47721708398340434,1.3824945460126725,True,True,True,/tmp/care_a03_adaptation_placement_audit/formal/checkpoints/Movies/N0_run2.pt,0.410641074180603,0.3029177188873291,0.2879437506198883,0.17125308513641357,0.3014151453971863,0.21850956976413727
Movies,N0,node,off,43,visual,0.5096774697303772,0.1000014990568161,1.8783236742019653,0.5356252789497375,0.80441814661026,0.26999661326408386,0.5967490077018738,0.03844769671559334,0.3648032546043396,0.6599316000938416,0.0,0.0,0.0,0.0,0.17203977704048157,"[1.0591272115707397,1.2413249015808105,1.1555966138839722,1.0388188362121582,0.8028693199157715,0.9914290308952332,0.7955344319343567,0.8941397666931152,0.7988879084587097,1.298729419708252,1.0853941440582275,1.0102851390838623,1.0526247024536133,0.9310237765312195,1.1368345022201538,0.8303258419036865,0.8807624578475952,0.9589241147041321,1.0860834121704102,1.0793704986572266,1.0481066703796387,1.1090078353881836,0.9581183791160583,0.7310153245925903,1.0980037450790405,0.9309759140014648,1.025848627090454,0.9545866250991821,0.949761688709259,0.870410144329071,1.075401782989502,0.8743489980697632]","[0.19994740188121796,0.1437908411026001,0.16042757034301758,0.18473295867443085,0.170268714427948,0.18051819503307343,0.15133588016033173,0.17274726927280426,0.16367711126804352,0.15029184520244598,0.22167670726776123,0.13458402454853058,0.16573040187358856,0.1408112794160843,0.18512237071990967,0.14355473220348358,0.16246896982192993,0.21383464336395264,0.1505434811115265,0.226982980966568,0.1645205318927765,0.16955187916755676,0.20531152188777924,0.15682771801948547,0.16649115085601807,0.18101289868354797,0.16136954724788666,0.1486949622631073,0.18577225506305695,0.15986309945583344,0.19572952389717102,0.1870805025100708]",0.0,0.0,0.5545890927314758,0.47721708398340434,1.3824945460126725,0.5545890927314758,0.47721708398340434,1.3824945460126725,True,True,True,/tmp/care_a03_adaptation_placement_audit/formal/checkpoints/Movies/N0_run2.pt,0.46344006061553955,0.2959129512310028,0.19479615986347198,0.10644768178462982,0.34176376461982727,0.2480892688035965
Movies,N0,node,off,44,text,0.48119786381721497,0.10000190883874893,1.8740781545639038,0.5181483030319214,0.8003620505332947,0.2929482161998749,0.5389275550842285,0.15247119963169098,0.3086012303829193,0.5263184309005737,0.0,0.0,0.0,0.0,0.13649976253509521,"[1.1721633672714233,1.2000353336334229,0.9032084941864014,1.0484377145767212,1.1393262147903442,1.1822761297225952,0.8833492398262024,0.7118769884109497,0.9293478727340698,0.911325991153717,0.8569504618644714,1.0301023721694946,0.7730345129966736,1.2720201015472412,0.8407108783721924,0.972673237323761,0.6977435946464539,0.9505847096443176,0.9316214323043823,1.0385218858718872,1.1769522428512573,1.219562292098999,0.8720231056213379,0.9687418937683105,0.7534248232841492,0.6880903840065002,0.8034458756446838,0.8631116151809692,1.2661446332931519,0.9935269951820374,1.2380582094192505,0.7303400039672852]","[0.16739217936992645,0.12144534289836884,0.16477128863334656,0.13379821181297302,0.11259954422712326,0.1273048371076584,0.1246437057852745,0.11400333046913147,0.17396530508995056,0.11462044715881348,0.16167986392974854,0.15694782137870789,0.11670050770044327,0.11415897309780121,0.15202803909778595,0.14789853990077972,0.09455104917287827,0.13038845360279083,0.13567492365837097,0.1574859619140625,0.13690268993377686,0.11276949197053909,0.1570073515176773,0.170292466878891,0.13619813323020935,0.10000627487897873,0.1609226018190384,0.14973227679729462,0.11298582702875137,0.14475828409194946,0.1318015456199646,0.13255690038204193]",0.0,0.0,0.5575884580612183,0.4921186128114349,1.4711937495313436,0.5575884580612183,0.4921186128114349,1.4711938959864277,True,True,True,/tmp/care_a03_adaptation_placement_audit/formal/checkpoints/Movies/N0_run3.pt,0.42809903621673584,0.3090549111366272,0.2697237432003021,0.17141176760196686,0.30217719078063965,0.2311166375875473
Movies,N0,node,off,44,visual,0.5136626362800598,0.10000190883874893,1.8938395977020264,0.5711326599121094,0.7630534768104553,0.28985488414764404,0.5833133459091187,0.03101007640361786,0.3856765627861023,0.6809736490249634,0.0,0.0,0.0,0.0,0.1634335219860077,"[0.9558203220367432,1.0918781757354736,1.1102780103683472,1.0838358402252197,1.0723562240600586,0.8921244740486145,1.182983636856079,1.1319078207015991,1.0139827728271484,1.1871049404144287,1.1876977682113647,1.015815258026123,0.9766812920570374,1.1891628503799438,1.1975277662277222,1.2567410469055176,0.9903925061225891,1.31725013256073,0.9280296564102173,1.0517027378082275,0.9507923126220703,1.1179325580596924,1.1917808055877686,1.222830057144165,0.6128894686698914,0.8059720396995544,1.043164849281311,0.7516522407531738,0.9826312065124512,1.1934657096862793,1.0899732112884521,1.2751106023788452]","[0.21517963707447052,0.17829616367816925,0.1812313199043274,0.17751461267471313,0.16806098818778992,0.19562122225761414,0.1258154660463333,0.15235969424247742,0.20171353220939636,0.17740276455879211,0.16264794766902924,0.16508395969867706,0.16489778459072113,0.19915591180324554,0.12068913877010345,0.12649711966514587,0.18814335763454437,0.13828204572200775,0.1703595221042633,0.17681057751178741,0.16155973076820374,0.17413155734539032,0.14495684206485748,0.1709596812725067,0.07751297205686569,0.15911728143692017,0.20146815478801727,0.13092638552188873,0.1479543149471283,0.1662866473197937,0.17596997320652008,0.13326624035835266]",0.0,0.0,0.5575884580612183,0.4921186128114349,1.4711937495313436,0.5575884580612183,0.4921186128114349,1.4711938959864277,True,True,True,/tmp/care_a03_adaptation_placement_audit/formal/checkpoints/Movies/N0_run3.pt,0.46449893712997437,0.31194454431533813,0.1771625429391861,0.10835675895214081,0.35833850502967834,0.2676890194416046
Movies,NS,node,static,42,text,0.4803142249584198,0.10570875555276871,1.7842351198196411,0.43644312024116516,0.8641635179519653,0.24554425477981567,0.6492922306060791,0.121940977871418,0.2287667840719223,0.5075512528419495,1.5429790019989014,3.040045738220215,0.32135945558547974,0.15435351784259943,0.0,"[1.476349949836731,1.4982563257217407,1.4987921714782715,1.477877140045166,1.4849244356155396,1.4878827333450317,1.4945656061172485,1.4872983694076538,1.4822018146514893,1.4955062866210938,1.4958518743515015,1.494829773902893,1.4972150325775146,1.4876364469528198,1.4965585470199585,1.4941200017929077,1.4876655340194702,1.4925838708877563,1.4980275630950928,1.4630794525146484,1.4859634637832642,1.4946551322937012,1.498461365699768,1.497743844985962,1.483329176902771,1.4945892095565796,1.4959099292755127,1.499314308166504,1.4922020435333252,1.495506763458252,1.4912587404251099,1.4897598028182983]","[0.0,0.0,0.0,0.0,0.0,0.0,0.0,0.0,0.0,0.0,0.0,0.0,0.0,0.0,0.0,0.0,0.0,0.0,0.0,0.0,0.0,0.0,0.0,0.0,0.0,0.0,0.0,0.0,0.0,0.0,0.0,0.0]",-0.02725287713110447,0.23795336484909058,0.5548890233039856,0.4549702497520329,1.473825400935438,0.5548890233039856,0.4549702497520329,1.473825400935438,True,True,True,/tmp/care_a03_adaptation_placement_audit/formal/checkpoints/Movies/NS_run1.pt,0.4795157313346863,0.26504549384117126,0.256733238697052,0.14057965576648712,0.2637510299682617,0.18674449622631073
Movies,NS,node,static,42,visual,0.5121378898620605,0.10921088606119156,1.9108799695968628,0.5193678140640259,0.8298867344856262,0.2560371160507202,0.5696976780891418,0.038627639412879944,0.391674667596817,0.6831707954406738,1.278271198272705,1.8710858821868896,0.20434293150901794,0.10465175775125601,0.0,"[1.4952045679092407,1.4989094734191895,1.4983956813812256,1.4964619874954224,1.4976266622543335,1.4965965747833252,1.4975112676620483,1.4985119104385376,1.4980436563491821,1.491346001625061,1.4963499307632446,1.495137095451355,1.4982398748397827,1.4895868301391602,1.4985992908477783,1.4979915618896484,1.4957544803619385,1.4968950748443604,1.4976508617401123,1.498586893081665,1.4990315437316895,1.498010516166687,1.495259165763855,1.4986366033554077,1.496665120124817,1.4945517778396606,1.4986549615859985,1.4978444576263428,1.4882593154907227,1.4978294372558594,1.4988495111465454,1.493728756904602]","[0.0,0.0,0.0,0.0,0.0,0.0,0.0,0.0,0.0,0.0,0.0,0.0,0.0,0.0,0.0,0.0,0.0,0.0,0.0,0.0,0.0,0.0,0.0,0.0,0.0,0.0,0.0,0.0,0.0,0.0,0.0,0.0]",0.2336486130952835,0.18406687676906586,0.5548890233039856,0.4549702497520329,1.473825400935438,0.5548890233039856,0.4549702497520329,1.473825400935438,True,True,True,/tmp/care_a03_adaptation_placement_audit/formal/checkpoints/Movies/NS_run1.pt,0.44082337617874146,0.2880271077156067,0.2074732780456543,0.10551158338785172,0.35170331597328186,0.2397460788488388
Movies,NS,node,static,43,text,0.4854649305343628,0.10413684695959091,1.8447496891021729,0.46805402636528015,0.851406455039978,0.26500603556632996,0.5702974796295166,0.14821256697177887,0.28148990869522095,0.4849027395248413,1.1591453552246094,2.390469789505005,0.2489359974861145,0.12084969672709889,0.0,"[1.4939786195755005,1.4919079542160034,1.4970952272415161,1.482861876487732,1.4894272089004517,1.4930825233459473,1.4922912120819092,1.4847686290740967,1.4629935026168823,1.4813034534454346,1.4756114482879639,1.4358515739440918,1.3416953086853027,1.4745776653289795,1.399681568145752,1.4691107273101807,1.4771835803985596,1.4572707414627075,1.3218681812286377,1.4932670593261719,1.4737318754196167,1.4894758462905884,1.482414722442627,1.4941658973693848,1.4956722259521484,1.328432559967041,1.4875274896621704,1.485766053199768,1.495566725730896,1.4762121438980103,1.4945989847183228,1.4474678039550781]","[0.0,0.0,0.0,0.0,0.0,0.0,0.0,0.0,0.0,0.0,0.0,0.0,0.0,0.0,0.0,0.0,0.0,0.0,0.0,0.0,0.0,0.0,0.0,0.0,0.0,0.0,0.0,0.0,0.0,0.0,0.0,0.0]",-0.04244106635451317,0.22378374636173248,0.5545890927314758,0.47434077522480217,1.3928837767602729,0.5545890927314758,0.47434077522480217,1.392883923215357,True,True,True,/tmp/care_a03_adaptation_placement_audit/formal/checkpoints/Movies/NS_run2.pt,0.4404856860637665,0.28442898392677307,0.2742789089679718,0.15279898047447205,0.2852354049682617,0.20077647268772125
Movies,NS,node,static,43,visual,0.5094773173332214,0.10565739125013351,1.8915749788284302,0.525496780872345,0.821797251701355,0.26315900683403015,0.5830733776092529,0.04948416352272034,0.36744239926338196,0.6603483557701111,1.0388234853744507,1.5731446743011475,0.16621434688568115,0.08468243955361032,0.0,"[1.498369812965393,1.4868113994598389,1.4912710189819336,1.495304822921753,1.4908828735351562,1.4908372163772583,1.4894962310791016,1.4907028675079346,1.469153642654419,1.4904006719589233,1.4954785108566284,1.4959324598312378,1.4959797859191895,1.4825525283813477,1.4884674549102783,1.4921385049819946,1.4959936141967773,1.4958809614181519,1.4868355989456177,1.4978097677230835,1.486319661140442,1.4932835102081299,1.4345368146896362,1.4921014308929443,1.4912971258163452,1.4966577291488647,1.4672638177871704,1.4978055953979492,1.4775075912475586,1.4929720163345337,1.4726829528808594,1.4925949573516846]","[0.0,0.0,0.0,0.0,0.0,0.0,0.0,0.0,0.0,0.0,0.0,0.0,0.0,0.0,0.0,0.0,0.0,0.0,0.0,0.0,0.0,0.0,0.0,0.0,0.0,0.0,0.0,0.0,0.0,0.0,0.0,0.0]",0.2124556452035904,0.18378102779388428,0.5545890927314758,0.47434077522480217,1.3928837767602729,0.5545890927314758,0.47434077522480217,1.392883923215357,True,True,True,/tmp/care_a03_adaptation_placement_audit/formal/checkpoints/Movies/NS_run2.pt,0.44785791635513306,0.2921961843967438,0.21270906925201416,0.11093419045209885,0.3394329845905304,0.2425861358642578
Movies,NS,node,static,44,text,0.4824400544166565,0.10451509058475494,1.8335844278335571,0.4952959418296814,0.8215528726577759,0.2788071930408478,0.591410756111145,0.12152110785245895,0.28706812858581543,0.5040190815925598,1.3313206434249878,2.641409158706665,0.2760671079158783,0.1331858305655853,0.0,"[1.4753981828689575,1.493298888206482,1.4686356782913208,1.471970796585083,1.4929109811782837,1.4960126876831055,1.4444785118103027,1.4926000833511353,1.4896774291992188,1.4835392236709595,1.4859182834625244,1.4900647401809692,1.4934381246566772,1.491379976272583,1.4860268831253052,1.4749058485031128,1.4883219003677368,1.4965189695358276,1.428157925605774,1.497571587562561,1.4731535911560059,1.4954794645309448,1.4853163957595825,1.496899962425232,1.4898650646209717,1.4919874668121338,1.486576795578003,1.4894187450408936,1.4910266399383545,1.4775739908218384,1.493322730064392,1.476638913154602]","[0.0,0.0,0.0,0.0,0.0,0.0,0.0,0.0,0.0,0.0,0.0,0.0,0.0,0.0,0.0,0.0,0.0,0.0,0.0,0.0,0.0,0.0,0.0,0.0,0.0,0.0,0.0,0.0,0.0,0.0,0.0,0.0]",-0.005891484208405018,0.2302282601594925,0.5581883788108826,0.46922730064392565,1.4619043964644571,0.5581883788108826,0.46922730064392565,1.461904250009373,True,True,True,/tmp/care_a03_adaptation_placement_audit/formal/checkpoints/Movies/NS_run3.pt,0.45708566904067993,0.2941901981830597,0.252244234085083,0.1545455902814865,0.29067009687423706,0.2192106992006302
Movies,NS,node,static,44,visual,0.5123997330665588,0.10766758769750595,1.9589349031448364,0.5368935465812683,0.8158313632011414,0.26768746972084045,0.5394673347473145,0.0402471199631691,0.42028549313545227,0.676294207572937,1.29056978225708,1.9082963466644287,0.20546166598796844,0.1052785028076455,0.0,"[1.49690842628479,1.4982157945632935,1.4940400123596191,1.4952423572540283,1.4971985816955566,1.4973235130310059,1.396552562713623,1.4954802989959717,1.4982143640518188,1.4897782802581787,1.4985194206237793,1.4937199354171753,1.4955412149429321,1.4937862157821655,1.498302698135376,1.4987159967422485,1.4962248802185059,1.4965572357177734,1.4959156513214111,1.4934542179107666,1.4985781908035278,1.4969696998596191,1.4969549179077148,1.4928488731384277,1.4891226291656494,1.4979161024093628,1.4952055215835571,1.497061848640442,1.4971930980682373,1.497045874595642,1.4823801517486572,1.4939892292022705]","[0.0,0.0,0.0,0.0,0.0,0.0,0.0,0.0,0.0,0.0,0.0,0.0,0.0,0.0,0.0,0.0,0.0,0.0,0.0,0.0,0.0,0.0,0.0,0.0,0.0,0.0,0.0,0.0,0.0,0.0,0.0,0.0]",0.20896364748477936,0.17803272604942322,0.5581883788108826,0.46922730064392565,1.4619043964644571,0.5581883788108826,0.46922730064392565,1.461904250009373,True,True,True,/tmp/care_a03_adaptation_placement_audit/formal/checkpoints/Movies/NS_run3.pt,0.41773661971092224,0.2941414415836334,0.20559179782867432,0.10901829600334167,0.37667158246040344,0.2520925998687744
Movies,NC,node,context,42,text,0.48670443892478943,0.10412754863500595,1.8867424726486206,0.41873419284820557,0.9112755060195923,0.21624669432640076,0.5484045147895813,0.1905590146780014,0.2610364556312561,0.4855169951915741,1.316613793373108,2.7117769718170166,0.2823706865310669,0.1374310665569105,0.3107498586177826,"[1.2623871564865112,1.200797200202942,1.2837764024734497,1.2564818859100342,1.242017149925232,1.2988169193267822,1.2173463106155396,1.3042713403701782,1.2215112447738647,1.2657902240753174,1.3611027002334595,1.304029107093811,1.293707013130188,1.241723656654358,1.2914214134216309,1.206126093864441,1.2406586408615112,1.2962772846221924,1.263152003288269,1.201235055923462,1.2076821327209473,1.391068935394287,1.3715933561325073,1.1966361999511719,1.1511508226394653,1.2790473699569702,1.2789639234542847,1.280251383781433,1.2800852060317993,1.2078453302383423,1.2760158777236938,1.2331737279891968]","[0.2657811939716339,0.39445623755455017,0.30649393796920776,0.30611652135849,0.3644326627254486,0.2928846478462219,0.37603405117988586,0.28369393944740295,0.13699103891849518,0.35877686738967896,0.17014369368553162,0.32577693462371826,0.2961108386516571,0.2343691885471344,0.31569531559944153,0.3920167088508606,0.36521267890930176,0.27116167545318604,0.37661978602409363,0.35306334495544434,0.34077101945877075,0.1364186704158783,0.23075081408023834,0.37070345878601074,0.39263495802879333,0.28119397163391113,0.29834437370300293,0.3507928252220154,0.2701752483844757,0.3765108287334442,0.34260281920433044,0.36726513504981995]",-0.021698294207453728,0.2547438144683838,0.5551889538764954,0.4820700364180154,1.3943672203059387,0.5551889538764954,0.4820700364180154,1.394367073850855,True,True,True,/tmp/care_a03_adaptation_placement_audit/formal/checkpoints/Movies/NC_run1.pt,0.4064147472381592,0.251221626996994,0.3004279136657715,0.1343149095773697,0.29315730929374695,0.18324054777622223
Movies,NC,node,context,42,visual,0.5103495717048645,0.10573461651802063,1.935060739517212,0.5139784216880798,0.8408805131912231,0.2559376358985901,0.551343560218811,0.05734165012836456,0.3913147747516632,0.6564197540283203,1.0444203615188599,1.5910861492156982,0.16823288798332214,0.0858575823289609,0.05769436061382294,"[1.4462512731552124,1.4921560287475586,1.4844805002212524,1.4844735860824585,1.4946058988571167,1.4709376096725464,1.4924814701080322,1.4908729791641235,1.490082025527954,1.3085370063781738,1.4789592027664185,1.4785254001617432,1.4881082773208618,1.4535350799560547,1.488948941230774,1.477626919746399,1.4813514947891235,1.4913302659988403,1.4895027875900269,1.4906176328659058,1.4853134155273438,1.4841961860656738,1.4824529886245728,1.4800604581832886,1.4811798334121704,1.4769291877746582,1.4792702198028564,1.4844779968261719,1.4668681621551514,1.4947134256362915,1.4889298677444458,1.429396629333496]","[0.06356032937765121,0.05251932144165039,0.04496213048696518,0.04051191732287407,0.04760507494211197,0.0837182030081749,0.048750389367341995,0.03652048110961914,0.03956715390086174,0.1670975685119629,0.07882833480834961,0.07178422808647156,0.050420131534338,0.05597718432545662,0.04748355224728584,0.0669788345694542,0.02140495553612709,0.04663052037358284,0.04148894175887108,0.045352429151535034,0.04651304706931114,0.04748990759253502,0.06031319126486778,0.07284928113222122,0.040589842945337296,0.0507802814245224,0.06773566454648972,0.06663114577531815,0.08177953958511353,0.03186464682221413,0.0437234491109848,0.08478792011737823]",0.2461579144001007,0.19045338034629822,0.5551889538764954,0.4820700364180154,1.3943672203059387,0.5551889538764954,0.4820700364180154,1.394367073850855,True,True,True,/tmp/care_a03_adaptation_placement_audit/formal/checkpoints/Movies/NC_run1.pt,0.41993528604507446,0.28555768728256226,0.22506850957870483,0.11218556016683578,0.3549961447715759,0.23840412497520447
Movies,NC,node,context,43,text,0.4887795150279999,0.10407815128564835,1.8883626461029053,0.4653405547142029,0.868556022644043,0.2520747184753418,0.549004316329956,0.13819576799869537,0.3127999007701874,0.4695412218570709,1.03220534324646,2.1983273029327393,0.22879785299301147,0.11183170362537176,0.30729764699935913,"[0.8135994076728821,0.7497358918190002,0.9530400037765503,0.8963751792907715,1.310620665550232,0.9982681274414062,0.9150331616401672,1.1915254592895508,1.1720879077911377,1.3322222232818604,1.1203396320343018,1.2271252870559692,1.1892768144607544,0.7397225499153137,1.053938865661621,1.1540964841842651,0.9733549356460571,1.2737088203430176,1.059895634651184,0.7691734433174133,1.0229442119598389,0.8357395529747009,0.7633427977561951,0.781686544418335,1.0161640644073486,1.0337810516357422,0.8745173215866089,1.2718836069107056,0.7951778173446655,1.2463099956512451,0.7483015656471252,1.017864465713501]","[0.3575529456138611,0.35475635528564453,0.34477439522743225,0.36178863048553467,0.24098928272724152,0.3356185853481293,0.3525806665420532,0.28014782071113586,0.25533026456832886,0.20218932628631592,0.265683650970459,0.2758162319660187,0.2783859968185425,0.3572889566421509,0.25014087557792664,0.31774336099624634,0.2748948633670807,0.16955910623073578,0.23573607206344604,0.3691515624523163,0.3439345955848694,0.38559094071388245,0.3511120080947876,0.3708195090293884,0.3354111909866333,0.2547225058078766,0.35559168457984924,0.2796367108821869,0.3523986041545868,0.26467812061309814,0.3592940866947174,0.3002055883407593]",-0.04316194728016853,0.2317436784505844,0.553389310836792,0.4927343367360413,1.3828249486821387,0.553389310836792,0.4927343367360413,1.3828250951372225,True,True,True,/tmp/care_a03_adaptation_placement_audit/formal/checkpoints/Movies/NC_run2.pt,0.41865405440330505,0.27675798535346985,0.27432912588119507,0.1436547189950943,0.3070167899131775,0.2049250453710556
Movies,NC,node,context,43,visual,0.5084767937660217,0.10503541678190231,1.9377323389053345,0.5088616609573364,0.8459845185279846,0.24890278279781342,0.5590211153030396,0.044145870953798294,0.39683300256729126,0.6413785815238953,0.9425018429756165,1.4694937467575073,0.15434890985488892,0.07848283880429463,0.2848716676235199,"[1.3242751359939575,1.282645344734192,1.2065376043319702,1.2171274423599243,1.2869911193847656,1.294811725616455,1.3066076040267944,1.291609525680542,1.2403221130371094,1.093099594116211,1.2623685598373413,1.2793495655059814,1.2753281593322754,1.2858129739761353,1.224305272102356,1.260033130645752,1.3252463340759277,1.0866115093231201,1.282418131828308,1.300951600074768,1.1322757005691528,1.1731823682785034,1.193033218383789,1.237911581993103,1.2787678241729736,1.2279438972473145,1.2081928253173828,1.2711188793182373,1.173323154449463,1.1230394840240479,1.290871024131775,1.1097615957260132]","[0.2350163459777832,0.24561932682991028,0.2901478111743927,0.3205423355102539,0.29822149872779846,0.286116361618042,0.2578992545604706,0.30399543046951294,0.2794114947319031,0.27253836393356323,0.32603365182876587,0.30689436197280884,0.2813487946987152,0.243132546544075,0.2871890962123871,0.3180373013019562,0.2721855938434601,0.34183600544929504,0.26673832535743713,0.2941060960292816,0.25169259309768677,0.29307273030281067,0.29414618015289307,0.27565857768058777,0.2629571557044983,0.29006722569465637,0.23136335611343384,0.3221210241317749,0.22749406099319458,0.2994098663330078,0.2916204333305359,0.3492799401283264]",0.20743602514266968,0.18495909869670868,0.553389310836792,0.4927343367360413,1.3828249486821387,0.553389310836792,0.4927343367360413,1.3828250951372225,True,True,True,/tmp/care_a03_adaptation_placement_audit/formal/checkpoints/Movies/NC_run2.pt,0.42346927523612976,0.2800881564617157,0.21532900631427765,0.10393708199262619,0.3612017035484314,0.2375335395336151
Movies,NC,node,context,44,text,0.48402220010757446,0.10470037907361984,1.8228611946105957,0.4817555248737335,0.8338131308555603,0.2727353274822235,0.5986084342002869,0.13261756300926208,0.26877397298812866,0.49670159816741943,1.3040040731430054,2.6253268718719482,0.27487272024154663,0.13304449880086722,0.3026617169380188,"[1.2319756746292114,1.2089016437530518,1.192470669746399,1.228455901145935,1.1410990953445435,1.1142363548278809,0.9315419793128967,1.332657814025879,1.3610183000564575,1.1758508682250977,0.8661232590675354,1.3191871643066406,1.2487810850143433,1.1097099781036377,1.072694182395935,1.121108055114746,1.000493049621582,1.2768539190292358,1.205691933631897,1.2221649885177612,1.2082463502883911,1.15916109085083,1.164541244506836,1.208992838859558,1.345898985862732,1.2094616889953613,1.3119257688522339,1.2176858186721802,1.2657238245010376,1.0793602466583252,1.3200974464416504,1.1745867729187012]","[0.31990236043930054,0.3255667984485626,0.2892654538154602,0.24017417430877686,0.3299807608127594,0.33709368109703064,0.22930286824703217,0.23874224722385406,0.2192310392856598,0.2952061593532562,0.37238410115242004,0.2599267065525055,0.32749637961387634,0.32434380054473877,0.3345921039581299,0.3411087989807129,0.2992161810398102,0.2723380923271179,0.20644673705101013,0.3241696357727051,0.30270618200302124,0.32694995403289795,0.3191525936126709,0.34044989943504333,0.2688176929950714,0.3328392803668976,0.32229116559028625,0.3278476595878601,0.2905232608318329,0.35238975286483765,0.30198612809181213,0.3127327859401703]",-0.010062898509204388,0.2294178009033203,0.5527894496917725,0.49680262978081674,1.4453882172784194,0.5527894496917725,0.49680262978081674,1.4453885101885873,True,True,True,/tmp/care_a03_adaptation_placement_audit/formal/checkpoints/Movies/NC_run3.pt,0.4586103856563568,0.288385808467865,0.25991806387901306,0.15141496062278748,0.28147152066230774,0.21057315170764923
Movies,NC,node,context,44,visual,0.5120720863342285,0.10764594376087189,1.9360414743423462,0.525296688079834,0.8280707001686096,0.2637508809566498,0.5532029867172241,0.052963051944971085,0.3938339650630951,0.6734805107116699,1.4894510507583618,2.2115726470947266,0.23806682229042053,0.12190737437721566,0.3087807297706604,"[1.2834956645965576,1.3114184141159058,1.1757088899612427,1.172093152999878,1.2067992687225342,1.313510775566101,0.979459822177887,1.1289386749267578,1.2852405309677124,1.1558401584625244,1.3152216672897339,1.3172574043273926,1.2193821668624878,1.2307536602020264,1.3315956592559814,1.31149160861969,1.1664308309555054,1.1718671321868896,1.2138727903366089,1.238184928894043,1.3147485256195068,1.2689154148101807,1.3254656791687012,1.1934263706207275,1.1831316947937012,1.2851306200027466,1.1723839044570923,1.3133705854415894,1.2575074434280396,1.2594832181930542,1.1362316608428955,1.2683802843093872]","[0.30805251002311707,0.29838407039642334,0.3101421594619751,0.32309117913246155,0.3394823670387268,0.28912070393562317,0.2624477744102478,0.35801607370376587,0.30175861716270447,0.35530102252960205,0.2940453886985779,0.25308218598365784,0.2813921570777893,0.3168324828147888,0.26844364404678345,0.2878303527832031,0.3541962802410126,0.33513081073760986,0.33699750900268555,0.3322833478450775,0.2920132875442505,0.29032132029533386,0.2750622034072876,0.3033018112182617,0.33700206875801086,0.2944575846195221,0.33911028504371643,0.2750137746334076,0.31845778226852417,0.2936759293079376,0.3540429174900055,0.3024930953979492]",0.2095787525177002,0.1800287663936615,0.5527894496917725,0.49680262978081674,1.4453882172784194,0.5527894496917725,0.49680262978081674,1.4453885101885873,True,True,True,/tmp/care_a03_adaptation_placement_audit/formal/checkpoints/Movies/NC_run3.pt,0.42243608832359314,0.2908402681350708,0.2190861999988556,0.11317980289459229,0.3584776818752289,0.24450984597206116
Grocery,GC,global,context,42,text,0.5085118412971497,0.1093704104423523,1.911299705505371,0.0,0.9837746620178223,0.0,0.0,1.0,0.0,0.563221275806427,1.2925560474395752,2.2949347496032715,0.250997930765152,0.12763541993516192,0.3532879948616028,"[1.2706027030944824,1.2341375350952148,1.3148679733276367,1.263333797454834,1.2611820697784424,1.2709226608276367,1.036382794380188,1.102128505706787,1.248600959777832,1.160461187362671,1.3347300291061401,1.26396906375885,1.2340461015701294,1.2844891548156738,1.2230987548828125,1.1614316701889038,1.172874927520752,1.2425752878189087,1.189154863357544,1.2575098276138306,1.2284886837005615,1.1954346895217896,1.2046594619750977,1.2087286710739136,1.1697579622268677,1.1841905117034912,1.2012743949890137,1.2813893556594849,1.0952359437942505,1.1798661947250366,1.1776448488235474,1.280999779701233]","[0.33887234330177307,0.37162017822265625,0.2063494771718979,0.3662727177143097,0.345165878534317,0.3211265802383423,0.3793286383152008,0.30893564224243164,0.3557955324649811,0.4191909432411194,0.17700189352035522,0.35687291622161865,0.385906457901001,0.2153390496969223,0.38591262698173523,0.41610753536224365,0.39739254117012024,0.28618472814559937,0.3933570683002472,0.35970139503479004,0.37044504284858704,0.3993554413318634,0.3961522579193115,0.39531782269477844,0.39417049288749695,0.4114193618297577,0.345613956451416,0.3349180817604065,0.40762242674827576,0.4089817404747009,0.3768756687641144,0.2779102027416229]",0.07252433896064758,0.1872822344303131,0.8225475549697876,0.7548347923225889,0.6981939313003295,0.8225475549697876,0.7548347923225889,0.6981940027909956,True,True,True,/tmp/care_a03_adaptation_placement_audit/formal/checkpoints/Grocery/GC_run1.pt,0.26532936096191406,0.0,0.5580415725708008,0.0,0.1766289621591568,0.0
Grocery,GC,global,context,42,visual,0.5101839900016785,0.10874762386083603,2.5348875522613525,0.0,0.8706282377243042,0.0,0.0,0.0,1.0,0.6529216766357422,1.094922661781311,1.676958680152893,0.18236525356769562,0.09303983270283478,0.34522444009780884,"[1.1342476606369019,1.1650314331054688,1.1607433557510376,1.2629677057266235,1.1621688604354858,1.0481667518615723,1.0757514238357544,1.18798828125,1.1074599027633667,1.013553500175476,1.1081608533859253,1.0708433389663696,1.168835163116455,1.0905494689941406,1.041031002998352,1.1733992099761963,1.1033451557159424,1.123291254043579,1.1012001037597656,1.196835994720459,1.1836811304092407,1.0163078308105469,1.0618466138839722,1.066309928894043,1.1527444124221802,1.1647106409072876,1.183408260345459,1.1718871593475342,1.0134501457214355,1.0891119241714478,1.2164591550827026,1.1133242845535278]","[0.36374056339263916,0.3710068464279175,0.38422781229019165,0.31494566798210144,0.36089253425598145,0.3197464942932129,0.3101740777492523,0.3451101779937744,0.3539562523365021,0.3605250120162964,0.3782716393470764,0.3452378511428833,0.3526048958301544,0.36748427152633667,0.3641447424888611,0.36508625745773315,0.3658199906349182,0.33386918902397156,0.34824344515800476,0.2627711296081543,0.3558449447154999,0.3271690309047699,0.34673261642456055,0.3847917318344116,0.3254418671131134,0.36165133118629456,0.35267892479896545,0.3532218337059021,0.33672696352005005,0.28978604078292847,0.30871596932411194,0.3365616202354431]",0.31778836250305176,0.14240701496601105,0.8225475549697876,0.7548347923225889,0.6981939313003295,0.8225475549697876,0.7548347923225889,0.6981940027909956,True,True,True,/tmp/care_a03_adaptation_placement_audit/formal/checkpoints/Grocery/GC_run1.pt,0.10788442194461823,0.0,0.24934399127960205,0.0,0.6427716612815857,0.0
Grocery,GC,global,context,43,text,0.5090422034263611,0.10812631249427795,1.9871305227279663,0.0,1.0690020322799683,0.0,0.0,1.0,0.0,0.5631099343299866,1.0520321130752563,1.868253469467163,0.20200736820697784,0.10283027582044024,0.3383801281452179,"[1.0180623531341553,1.0936830043792725,0.9736513495445251,1.2068228721618652,1.1658990383148193,1.197636604309082,1.072353482246399,1.2016819715499878,1.1801650524139404,1.0043716430664062,1.2829310894012451,1.108244776725769,1.252569317817688,1.1289007663726807,1.1271228790283203,1.2477986812591553,1.0853065252304077,1.1761608123779297,1.2269302606582642,1.2838828563690186,1.0181118249893188,1.0299568176269531,1.1320092678070068,1.0841193199157715,0.915273129940033,1.2404597997665405,1.1668483018875122,1.1755770444869995,1.0557359457015991,1.0990639925003052,1.0408854484558105,1.0110963582992554]","[0.38709205389022827,0.38335853815078735,0.37463244795799255,0.3390178084373474,0.3075660765171051,0.3513199985027313,0.39005470275878906,0.27797049283981323,0.36242711544036865,0.2274073362350464,0.28359508514404297,0.36122551560401917,0.3262254595756531,0.37085476517677307,0.386892706155777,0.2898155748844147,0.31510576605796814,0.3551096022129059,0.2733393907546997,0.31767624616622925,0.2742486894130707,0.37303856015205383,0.320922315120697,0.3956560492515564,0.2820722758769989,0.28302520513534546,0.36349526047706604,0.35359853506088257,0.3882211446762085,0.32551461458206177,0.40160149335861206,0.3860835134983063]",0.14232122898101807,0.17633633315563202,0.8187408447265625,0.7579159924863065,0.7000761375594803,0.8187408447265625,0.7579159924863065,0.700076066068814,True,True,True,/tmp/care_a03_adaptation_placement_audit/formal/checkpoints/Grocery/GC_run2.pt,0.28121498227119446,0.0,0.4504395127296448,0.0,0.2683454751968384,0.0
Grocery,GC,global,context,43,visual,0.5095234513282776,0.10693151503801346,2.646272897720337,0.0,0.7431662678718567,0.0,0.0,0.0,1.0,0.6352562308311462,0.938514769077301,1.4773799180984497,0.15797847509384155,0.08049373786539249,0.2538423240184784,"[1.369460940361023,1.2880845069885254,1.2173101902008057,1.2967325448989868,1.333828330039978,1.1132668256759644,1.348318099975586,1.2350330352783203,1.0714317560195923,1.2098592519760132,1.2673150300979614,1.3664060831069946,1.3581143617630005,1.3278067111968994,1.3220373392105103,1.3135992288589478,1.3436496257781982,1.2784135341644287,1.3651325702667236,1.2781035900115967,1.0793730020523071,1.405892252922058,1.23797607421875,1.3474204540252686,1.3386294841766357,1.342778205871582,1.358898639678955,1.349534034729004,1.1087607145309448,1.2694329023361206,1.3127233982086182,1.2816499471664429]","[0.2483813464641571,0.2641614079475403,0.27981001138687134,0.24088187515735626,0.2166483998298645,0.352750688791275,0.204084575176239,0.29877424240112305,0.36673009395599365,0.31775474548339844,0.28308114409446716,0.1952710747718811,0.2075052708387375,0.20988993346691132,0.23626205325126648,0.23484940826892853,0.23518142104148865,0.2910982072353363,0.18981225788593292,0.25871002674102783,0.34137144684791565,0.1790371984243393,0.2992994487285614,0.24538008868694305,0.2169167846441269,0.22593887150287628,0.21193939447402954,0.2337849885225296,0.30936184525489807,0.22750529646873474,0.22679825127124786,0.27398210763931274]",0.32548609375953674,0.14721974730491638,0.8187408447265625,0.7579159924863065,0.7000761375594803,0.8187408447265625,0.7579159924863065,0.700076066068814,True,True,True,/tmp/care_a03_adaptation_placement_audit/formal/checkpoints/Grocery/GC_run2.pt,0.09356763958930969,0.0,0.16659273207187653,0.0,0.7398396134376526,0.0
Grocery,GC,global,context,44,text,0.5107252597808838,0.11138046532869339,1.8882209062576294,0.0,0.9520292282104492,0.0,0.0,1.0,0.0,0.5817000269889832,1.5202523469924927,2.61346435546875,0.29108887910842896,0.14866644340197865,0.3775218725204468,"[1.147369623184204,1.1986494064331055,1.0396276712417603,1.170286774635315,1.158727765083313,1.1107896566390991,1.2336504459381104,1.1445543766021729,1.1958510875701904,1.142573356628418,1.061618685722351,1.1695327758789062,1.0325794219970703,1.112908124923706,1.1024435758590698,1.004737138748169,1.0568715333938599,1.2251735925674438,1.035302996635437,1.080495834350586,1.240579605102539,1.1383106708526611,1.089661717414856,1.102551817893982,1.0947237014770508,1.1578254699707031,1.1356865167617798,1.1328550577163696,1.1680407524108887,1.0936392545700073,1.1874618530273438,1.115538477897644]","[0.4127655327320099,0.385110080242157,0.4226672649383545,0.39576154947280884,0.4059002697467804,0.4175094962120056,0.29433661699295044,0.41950809955596924,0.38536450266838074,0.318215012550354,0.3054334819316864,0.33105596899986267,0.33341845870018005,0.32840725779533386,0.39519649744033813,0.38987353444099426,0.41314899921417236,0.37015947699546814,0.3473980724811554,0.3420834541320801,0.3443988859653473,0.41749632358551025,0.35352039337158203,0.41446852684020996,0.3706101179122925,0.4032543897628784,0.4129208028316498,0.39878401160240173,0.3935711085796356,0.38143348693847656,0.39368823170661926,0.3832396864891052]",0.14234735071659088,0.18078164756298065,0.8204978108406067,0.757845787284364,0.7352521904740117,0.8204978108406067,0.757845787284364,0.7352521189833455,True,True,True,/tmp/care_a03_adaptation_placement_audit/formal/checkpoints/Grocery/GC_run3.pt,0.2638501822948456,0.0,0.5840787887573242,0.0,0.15207098424434662,0.0
Grocery,GC,global,context,44,visual,0.5106791257858276,0.10966602712869644,2.41990327835083,0.0,0.9527565240859985,0.0,0.0,0.0,1.0,0.6619904637336731,1.0449540615081787,1.5785032510757446,0.17310819029808044,0.08840273928779041,0.2354540377855301,"[1.4379479885101318,1.4139066934585571,1.4170843362808228,1.383017897605896,1.4030324220657349,1.3854604959487915,1.3772858381271362,1.3911573886871338,1.331639289855957,1.3478626012802124,1.4102354049682617,1.3555197715759277,1.4206842184066772,1.3976937532424927,1.440181016921997,1.3350512981414795,1.4292638301849365,1.3880974054336548,1.4134585857391357,1.3420250415802002,1.4078015089035034,1.4174373149871826,1.3942477703094482,1.3787113428115845,1.42084801197052,1.4364041090011597,1.3849139213562012,1.3913366794586182,1.411981225013733,1.4043700695037842,1.2511228322982788,1.4232419729232788]","[0.216749370098114,0.2398965209722519,0.22316919267177582,0.2738339900970459,0.2136014848947525,0.23632071912288666,0.2559913396835327,0.2507431209087372,0.25957605242729187,0.27641740441322327,0.2334318310022354,0.25972074270248413,0.2388223558664322,0.24070119857788086,0.19068701565265656,0.2543018162250519,0.22080007195472717,0.23438863456249237,0.24880757927894592,0.20433898270130157,0.22974108159542084,0.2265959531068802,0.24159343540668488,0.2362014204263687,0.2259245365858078,0.21250757575035095,0.2573375105857849,0.21384243667125702,0.23485994338989258,0.2529370188713074,0.212428018450737,0.21826112270355225]",0.3038656413555145,0.1354891061782837,0.8204978108406067,0.757845787284364,0.7352521904740117,0.8204978108406067,0.757845787284364,0.7352521189833455,True,True,True,/tmp/care_a03_adaptation_placement_audit/formal/checkpoints/Grocery/GC_run3.pt,0.11791593581438065,0.0,0.3442647457122803,0.0,0.5378193855285645,0.0
Grocery,N0,node,off,42,text,0.5080075860023499,0.10000164806842804,1.9952239990234375,0.5017964243888855,0.8281869888305664,0.27976101636886597,0.4093358516693115,0.18490102887153625,0.4057631492614746,0.5903323888778687,0.0,0.0,0.0,0.0,0.1648922860622406,"[1.0368337631225586,0.7548571825027466,0.9620722532272339,1.047739863395691,1.2017486095428467,1.2649818658828735,1.2846561670303345,0.7889434099197388,0.7867464423179626,1.0446748733520508,0.881384551525116,1.126759648323059,0.9174754023551941,1.0116393566131592,1.2375051975250244,0.8015758395195007,1.1012983322143555,1.3471055030822754,0.8835806250572205,0.8692208528518677,1.1735583543777466,1.3137949705123901,0.9183140993118286,1.1167434453964233,0.891830563545227,0.7653036713600159,0.8095918893814087,1.1942756175994873,0.9830560684204102,0.9157047271728516,1.0449374914169312,1.075000524520874]","[0.19007109105587006,0.158097043633461,0.17364031076431274,0.19075994193553925,0.1335860937833786,0.1577742099761963,0.10425413399934769,0.14433957636356354,0.13709089159965515,0.20440340042114258,0.15998850762844086,0.16689792275428772,0.16980761289596558,0.15139509737491608,0.16970597207546234,0.19061490893363953,0.18281784653663635,0.11980593949556351,0.14798475801944733,0.1597272902727127,0.14704474806785583,0.13424254953861237,0.17491883039474487,0.18005160987377167,0.19783690571784973,0.17135171592235565,0.1503419727087021,0.19270171225070953,0.21186652779579163,0.17651258409023285,0.13535866141319275,0.19156262278556824]",0.0,0.0,0.819033682346344,0.7555587194198718,0.6842101425237921,0.819033682346344,0.7555587194198718,0.6842100710331259,True,True,True,/tmp/care_a03_adaptation_placement_audit/formal/checkpoints/Grocery/N0_run1.pt,0.36333128809928894,0.2925684452056885,0.27811339497566223,0.16753356158733368,0.35855531692504883,0.2331036478281021
Grocery,N0,node,off,42,visual,0.5094577670097351,0.10000164806842804,2.188575029373169,0.4330176115036011,0.879430890083313,0.22011704742908478,0.27187538146972656,0.12873375415802002,0.5993909239768982,0.6537361741065979,0.0,0.0,0.0,0.0,0.16730228066444397,"[1.2142210006713867,0.8750263452529907,0.9403041005134583,0.8129569888114929,1.0788328647613525,0.8067148327827454,1.165149211883545,1.2024903297424316,0.952811062335968,0.853285014629364,1.223494291305542,1.026996374130249,0.8270326852798462,1.013715147972107,0.9958013892173767,0.7668477296829224,0.7515285015106201,0.9721642732620239,1.2039756774902344,0.9523855447769165,1.021751880645752,1.075859785079956,0.8138177990913391,1.1606874465942383,0.7235998511314392,1.0328224897384644,1.249063491821289,1.20685875415802,0.9398012757301331,0.9298754334449768,1.0954229831695557,1.1637334823608398]","[0.1830582618713379,0.16218359768390656,0.16769129037857056,0.15223507583141327,0.1640985906124115,0.14607755839824677,0.16164740920066833,0.15732835233211517,0.17952406406402588,0.18099680542945862,0.16859713196754456,0.1768248975276947,0.163135826587677,0.1698923408985138,0.1757584661245346,0.16374540328979492,0.13785453140735626,0.1730644255876541,0.1896042376756668,0.1650240123271942,0.25773417949676514,0.17679007351398468,0.1510055661201477,0.19391299784183502,0.10844539105892181,0.17407135665416718,0.16712015867233276,0.14279519021511078,0.1452178657054901,0.16517013311386108,0.1633688062429428,0.16969922184944153]",0.0,0.0,0.819033682346344,0.7555587194198718,0.6842101425237921,0.819033682346344,0.7555587194198718,0.6842100710331259,True,True,True,/tmp/care_a03_adaptation_placement_audit/formal/checkpoints/Grocery/N0_run1.pt,0.2622118890285492,0.2328047752380371,0.28700119256973267,0.1248466819524765,0.4507869482040405,0.21759462356567383
Grocery,N0,node,off,43,text,0.5104411244392395,0.10000205785036087,1.9957890510559082,0.5140909552574158,0.8165952563285828,0.290960431098938,0.42216235399246216,0.17119596898555756,0.4066416919231415,0.6104221343994141,0.0,0.0,0.0,0.0,0.15266774594783783,"[0.6791919469833374,1.0286633968353271,1.2156723737716675,0.9137789607048035,1.0729715824127197,1.295504093170166,0.9326661825180054,0.744168758392334,1.0100936889648438,1.1951205730438232,1.2942146062850952,0.7779830098152161,0.8198333382606506,1.0520708560943604,1.013954520225525,0.6434905529022217,1.10820472240448,0.9230238795280457,0.9592040181159973,1.252312183380127,1.0088857412338257,1.1122134923934937,1.2033952474594116,1.0900336503982544,0.8226794004440308,1.2071704864501953,1.002862811088562,0.9067237377166748,0.8842214345932007,1.010927677154541,1.0916997194290161,1.0320444107055664]","[0.0940384566783905,0.14516322314739227,0.15537048876285553,0.16257250308990479,0.15935897827148438,0.12875910103321075,0.14000074565410614,0.12805025279521942,0.18904566764831543,0.1638481169939041,0.10950945317745209,0.16900648176670074,0.14890621602535248,0.17461547255516052,0.17034226655960083,0.07732018083333969,0.16226892173290253,0.14171800017356873,0.18025580048561096,0.11727488785982132,0.16456292569637299,0.15291592478752136,0.12191297113895416,0.14670798182487488,0.1639896184206009,0.14275342226028442,0.18952301144599915,0.16786298155784607,0.2129732072353363,0.1649131327867508,0.1730356514453888,0.16679216921329498]",0.0,0.0,0.8178623914718628,0.7537271212169953,0.7344596449487555,0.8178623914718628,0.7537271212169953,0.7344596449487555,True,True,True,/tmp/care_a03_adaptation_placement_audit/formal/checkpoints/Grocery/N0_run2.pt,0.36751893162727356,0.29614850878715515,0.26917320489883423,0.167659729719162,0.363307923078537,0.2418588548898697
Grocery,N0,node,off,43,visual,0.5100893378257751,0.10000205785036087,2.2119784355163574,0.4420810341835022,0.8594054579734802,0.23343616724014282,0.25617897510528564,0.12639100849628448,0.6174300312995911,0.663787841796875,0.0,0.0,0.0,0.0,0.16123323142528534,"[1.1104320287704468,1.2414542436599731,1.0768859386444092,1.0806927680969238,0.7544925212860107,1.0389407873153687,0.7837070226669312,0.839759886264801,0.7615406513214111,1.3707928657531738,1.0154932737350464,0.9341840744018555,1.049683690071106,0.9005590081214905,1.0302479267120361,0.7730969190597534,0.8753235936164856,0.9182563424110413,1.0782922506332397,0.9521713256835938,1.0856343507766724,1.069779634475708,0.9791200757026672,0.7341095209121704,1.1181604862213135,0.8782175183296204,1.021423578262329,0.898909866809845,0.9774838089942932,0.8499405384063721,1.0630789995193481,0.8907331228256226]","[0.17296136915683746,0.14301183819770813,0.17462614178657532,0.17793357372283936,0.16168633103370667,0.1600581854581833,0.13815778493881226,0.15014415979385376,0.1561649739742279,0.11013641208410263,0.22239141166210175,0.12441492825746536,0.1553819179534912,0.12289692461490631,0.1763036847114563,0.11992822587490082,0.1742384135723114,0.1885949820280075,0.14774683117866516,0.21206501126289368,0.14963169395923615,0.160331130027771,0.17723220586776733,0.15841317176818848,0.16583356261253357,0.17764028906822205,0.15043731033802032,0.12154364585876465,0.18066830933094025,0.15604613721370697,0.18563851714134216,0.18720412254333496]",0.0,0.0,0.8178623914718628,0.7537271212169953,0.7344596449487555,0.8178623914718628,0.7537271212169953,0.7344596449487555,True,True,True,/tmp/care_a03_adaptation_placement_audit/formal/checkpoints/Grocery/N0_run2.pt,0.2531224191188812,0.23642949759960175,0.2817767858505249,0.1331537663936615,0.46510079503059387,0.22513078153133392
Grocery,N0,node,off,44,text,0.5096458792686462,0.10000164806842804,2.0231411457061768,0.5509899258613586,0.7819533944129944,0.2939465045928955,0.43563312292099,0.09265550225973129,0.4717113673686981,0.6096290946006775,0.0,0.0,0.0,0.0,0.15966013073921204,"[1.0766736268997192,1.1525564193725586,0.6829290986061096,1.0639697313308716,1.1112120151519775,1.0274684429168701,1.0936583280563354,0.7415355443954468,0.9379590749740601,0.8654681444168091,0.760040283203125,1.1277918815612793,0.7651165127754211,1.2291231155395508,0.8111488223075867,0.9882379174232483,0.8718442916870117,0.9887816309928894,1.005233883857727,0.8488617539405823,0.984072208404541,1.142026424407959,0.8863178491592407,0.8962951898574829,0.7336135506629944,0.7792865633964539,0.7503632307052612,0.8604448437690735,1.1792480945587158,1.0834938287734985,1.2108237743377686,0.6776256561279297]","[0.21362285315990448,0.1566866636276245,0.13106760382652283,0.16981352865695953,0.1422898918390274,0.1781008392572403,0.16704560816287994,0.12306559085845947,0.22934071719646454,0.15442542731761932,0.1524752825498581,0.15526817739009857,0.16018003225326538,0.14803925156593323,0.17486472427845,0.17633624374866486,0.15942004323005676,0.15190120041370392,0.13581080734729767,0.15991462767124176,0.1716788113117218,0.15229517221450806,0.18653419613838196,0.15961389243602753,0.1445307582616806,0.1364009976387024,0.14450764656066895,0.1584513634443283,0.15085415542125702,0.15830141305923462,0.18600651621818542,0.12028011679649353]",0.0,0.0,0.8193265199661255,0.7578235893755009,0.7015441983894583,0.8193265199661255,0.7578235893755009,0.7015441268987921,True,True,True,/tmp/care_a03_adaptation_placement_audit/formal/checkpoints/Grocery/N0_run3.pt,0.3740959167480469,0.3066265285015106,0.2286669909954071,0.15576212108135223,0.3972371220588684,0.2643975019454956
Grocery,N0,node,off,44,visual,0.5099667310714722,0.10000164806842804,2.2027997970581055,0.4103437662124634,0.8928003907203674,0.20875728130340576,0.2496778815984726,0.13804616034030914,0.6122759580612183,0.6568514704704285,0.0,0.0,0.0,0.0,0.16311782598495483,"[0.9183785319328308,1.0092626810073853,1.1209932565689087,1.0265780687332153,1.1746306419372559,0.9311516880989075,1.2478715181350708,1.0519866943359375,1.0111664533615112,1.2630023956298828,1.1418274641036987,0.9722269773483276,0.8973600268363953,1.2363287210464478,1.2516367435455322,1.2116315364837646,1.0693172216415405,1.258091688156128,0.9301315546035767,1.1086554527282715,0.9340077638626099,1.1416113376617432,1.2009968757629395,1.329986333847046,0.5871051549911499,0.8355051875114441,1.0837740898132324,0.7539627552032471,0.9837921857833862,1.2300446033477783,1.0523020029067993,1.2671163082122803]","[0.2234053909778595,0.1779661476612091,0.18260543048381805,0.17021538317203522,0.15579353272914886,0.20620009303092957,0.10947339981794357,0.17268328368663788,0.1943283975124359,0.15855632722377777,0.18854646384716034,0.162475124001503,0.1488608568906784,0.20905140042304993,0.1242775246500969,0.14497271180152893,0.19863632321357727,0.15306919813156128,0.17845119535923004,0.16647066175937653,0.15672363340854645,0.16797959804534912,0.14649809896945953,0.13286185264587402,0.0651230588555336,0.1568775326013565,0.18891508877277374,0.12346863001585007,0.1689138561487198,0.15418313443660736,0.18531455099582672,0.14687247574329376]",0.0,0.0,0.8193265199661255,0.7578235893755009,0.7015441983894583,0.8193265199661255,0.7578235893755009,0.7015441268987921,True,True,True,/tmp/care_a03_adaptation_placement_audit/formal/checkpoints/Grocery/N0_run3.pt,0.24897688627243042,0.22141766548156738,0.2992466688156128,0.12099753320217133,0.4517764449119568,0.20611990988254547
Grocery,NS,node,static,42,text,0.5082282423973083,0.10780959576368332,1.968395471572876,0.5087255239486694,0.8211891651153564,0.27968910336494446,0.43106478452682495,0.18864941596984863,0.3802858293056488,0.5769110918045044,1.1763732433319092,2.0390892028808594,0.2198333889245987,0.1117255368733927,0.0,"[1.4974745512008667,1.4987655878067017,1.4976122379302979,1.4982599020004272,1.4976922273635864,1.496109127998352,1.4974266290664673,1.4825892448425293,1.4969890117645264,1.4978262186050415,1.4888930320739746,1.4991028308868408,1.4995052814483643,1.4921115636825562,1.4982386827468872,1.4978907108306885,1.4963304996490479,1.4703608751296997,1.4976692199707031,1.4980591535568237,1.4926787614822388,1.4987074136734009,1.499497890472412,1.4989815950393677,1.497734546661377,1.4978808164596558,1.4918603897094727,1.4990994930267334,1.4962761402130127,1.4985754489898682,1.49613618850708,1.4860457181930542]","[0.0,0.0,0.0,0.0,0.0,0.0,0.0,0.0,0.0,0.0,0.0,0.0,0.0,0.0,0.0,0.0,0.0,0.0,0.0,0.0,0.0,0.0,0.0,0.0,0.0,0.0,0.0,0.0,0.0,0.0,0.0,0.0]",0.0933292880654335,0.18816979229450226,0.8222547769546509,0.754173649007686,0.6948269353953148,0.8222547769546509,0.754173649007686,0.6948270783766471,True,True,True,/tmp/care_a03_adaptation_placement_audit/formal/checkpoints/Grocery/NS_run1.pt,0.3778288662433624,0.29706624150276184,0.27594688534736633,0.1691267043352127,0.34622427821159363,0.23548759520053864
Grocery,NS,node,static,42,visual,0.509820282459259,0.10709594935178757,2.1984195709228516,0.4221692383289337,0.8868274092674255,0.21299651265144348,0.26320722699165344,0.12258404493331909,0.6142087578773499,0.6452073454856873,1.0582396984100342,1.640154480934143,0.17565391957759857,0.08955193089412727,0.0,"[1.4960287809371948,1.4977611303329468,1.4990123510360718,1.4991439580917358,1.4980487823486328,1.4928802251815796,1.4893174171447754,1.4965771436691284,1.495527982711792,1.4916185140609741,1.4986892938613892,1.4914982318878174,1.4967856407165527,1.497019648551941,1.4950674772262573,1.4987974166870117,1.4953275918960571,1.491620421409607,1.4954395294189453,1.4839911460876465,1.4980485439300537,1.4898916482925415,1.494235634803772,1.4967725276947021,1.4944405555725098,1.499040961265564,1.4985607862472534,1.4959107637405396,1.4928182363510132,1.4891635179519653,1.4979827404022217,1.4902745485305786]","[0.0,0.0,0.0,0.0,0.0,0.0,0.0,0.0,0.0,0.0,0.0,0.0,0.0,0.0,0.0,0.0,0.0,0.0,0.0,0.0,0.0,0.0,0.0,0.0,0.0,0.0,0.0,0.0,0.0,0.0,0.0,0.0]",0.3240421414375305,0.14364753663539886,0.8222547769546509,0.754173649007686,0.6948269353953148,0.8222547769546509,0.754173649007686,0.6948270783766471,True,True,True,/tmp/care_a03_adaptation_placement_audit/formal/checkpoints/Grocery/NS_run1.pt,0.2571173310279846,0.22675974667072296,0.2873457670211792,0.1191745325922966,0.4555369019508362,0.2116476595401764
Grocery,NS,node,static,43,text,0.5077940821647644,0.10616932064294815,2.0065674781799316,0.5185045599937439,0.8118247389793396,0.2841281294822693,0.4073445200920105,0.18320253491401672,0.40945297479629517,0.5715619921684265,0.8229621052742004,1.439847469329834,0.1528676301240921,0.07762527793156604,0.0,"[1.491333246231079,1.4982496500015259,1.4965518712997437,1.4950814247131348,1.4755347967147827,1.4982671737670898,1.498199224472046,1.481337070465088,1.4970214366912842,1.3807064294815063,1.4970531463623047,1.4923142194747925,1.497398018836975,1.496568202972412,1.4977927207946777,1.4876009225845337,1.4851672649383545,1.4973785877227783,1.4873309135437012,1.4986528158187866,1.3903871774673462,1.4903204441070557,1.4843082427978516,1.4990148544311523,1.4626948833465576,1.4944286346435547,1.4925024509429932,1.4974818229675293,1.4967122077941895,1.49019455909729,1.4974480867385864,1.4945213794708252]","[0.0,0.0,0.0,0.0,0.0,0.0,0.0,0.0,0.0,0.0,0.0,0.0,0.0,0.0,0.0,0.0,0.0,0.0,0.0,0.0,0.0,0.0,0.0,0.0,0.0,0.0,0.0,0.0,0.0,0.0,0.0,0.0]",0.15263321995735168,0.17685562372207642,0.8196192979812622,0.756043851278823,0.6792236685578331,0.8196192979812622,0.756043851278823,0.679223597067167,True,True,True,/tmp/care_a03_adaptation_placement_audit/formal/checkpoints/Grocery/NS_run2.pt,0.3619726598262787,0.2977990210056305,0.2694871723651886,0.1686161458492279,0.3685401380062103,0.24485696852207184
Grocery,NS,node,static,43,visual,0.5087413191795349,0.10503881424665451,2.2192680835723877,0.4000272750854492,0.8953284621238708,0.2114473134279251,0.2411268651485443,0.12949514389038086,0.6293780207633972,0.6240904927253723,0.7475811839103699,1.1978729963302612,0.12582316994667053,0.06401144546201998,0.0,"[1.4996364116668701,1.4902360439300537,1.4403464794158936,1.4911900758743286,1.4749866724014282,1.4864290952682495,1.4855788946151733,1.4821116924285889,1.4579830169677734,1.4811738729476929,1.4878640174865723,1.4858577251434326,1.4902172088623047,1.4827426671981812,1.4757153987884521,1.4816845655441284,1.4947372674942017,1.4910544157028198,1.4942232370376587,1.4776432514190674,1.4882756471633911,1.4972648620605469,1.4894826412200928,1.496306300163269,1.4936022758483887,1.4956626892089844,1.492584466934204,1.4938713312149048,1.4745947122573853,1.4001660346984863,1.468825340270996,1.491902232170105]","[0.0,0.0,0.0,0.0,0.0,0.0,0.0,0.0,0.0,0.0,0.0,0.0,0.0,0.0,0.0,0.0,0.0,0.0,0.0,0.0,0.0,0.0,0.0,0.0,0.0,0.0,0.0,0.0,0.0,0.0,0.0,0.0]",0.32100898027420044,0.14854849874973297,0.8196192979812622,0.756043851278823,0.6792236685578331,0.8196192979812622,0.756043851278823,0.679223597067167,True,True,True,/tmp/care_a03_adaptation_placement_audit/formal/checkpoints/Grocery/NS_run2.pt,0.2438768744468689,0.2128308117389679,0.2929784953594208,0.118098683655262,0.4631446301937103,0.2041754126548767
Grocery,NS,node,static,44,text,0.5123084783554077,0.11168361455202103,1.9727823734283447,0.5525983572006226,0.7706097364425659,0.2840287387371063,0.5076138973236084,0.042403656989336014,0.4499824345111847,0.6046515107154846,1.3521430492401123,2.2362353801727295,0.24975085258483887,0.12794947925570455,0.0,"[1.4983367919921875,1.4997936487197876,1.498895525932312,1.49839186668396,1.4994218349456787,1.4992928504943848,1.495403528213501,1.49881911277771,1.4994103908538818,1.4975005388259888,1.4936546087265015,1.4976112842559814,1.4949698448181152,1.4962276220321655,1.4994606971740723,1.4957447052001953,1.498334527015686,1.4992930889129639,1.496032953262329,1.4966654777526855,1.4993970394134521,1.499469518661499,1.4906045198440552,1.499631643295288,1.4989155530929565,1.4994330406188965,1.4992557764053345,1.4137933254241943,1.4983291625976562,1.4959255456924438,1.4971809387207031,1.4974943399429321]","[0.0,0.0,0.0,0.0,0.0,0.0,0.0,0.0,0.0,0.0,0.0,0.0,0.0,0.0,0.0,0.0,0.0,0.0,0.0,0.0,0.0,0.0,0.0,0.0,0.0,0.0,0.0,0.0,0.0,0.0,0.0,0.0]",0.16365563869476318,0.17422063648700714,0.8234260678291321,0.7650160260227407,0.7726070644216692,0.8234260678291321,0.7650160260227407,0.7726070644216692,True,True,True,/tmp/care_a03_adaptation_placement_audit/formal/checkpoints/Grocery/NS_run3.pt,0.4265112280845642,0.3030639588832855,0.17419537901878357,0.1306416541337967,0.399293452501297,0.26337864995002747
Grocery,NS,node,static,44,visual,0.5114760398864746,0.1107831671833992,2.1999220848083496,0.4443448483943939,0.8677987456321716,0.22551414370536804,0.2750966548919678,0.0981023758649826,0.6268010139465332,0.6657113432884216,1.1576703786849976,1.7389975786209106,0.1926516592502594,0.09853670775088119,0.0,"[1.4992022514343262,1.498040795326233,1.4956060647964478,1.4973267316818237,1.4975991249084473,1.4983314275741577,1.49845552444458,1.4952541589736938,1.4943467378616333,1.4980018138885498,1.4963691234588623,1.4990867376327515,1.4987766742706299,1.4986677169799805,1.4983314275741577,1.4908878803253174,1.4958876371383667,1.4981651306152344,1.497767448425293,1.4948666095733643,1.495631217956543,1.4991786479949951,1.4979162216186523,1.4952090978622437,1.496525764465332,1.4977449178695679,1.4986790418624878,1.494283676147461,1.4979966878890991,1.4990427494049072,1.4949895143508911,1.4965871572494507]","[0.0,0.0,0.0,0.0,0.0,0.0,0.0,0.0,0.0,0.0,0.0,0.0,0.0,0.0,0.0,0.0,0.0,0.0,0.0,0.0,0.0,0.0,0.0,0.0,0.0,0.0,0.0,0.0,0.0,0.0,0.0,0.0]",0.30289652943611145,0.13393494486808777,0.8234260678291321,0.7650160260227407,0.7726070644216692,0.8234260678291321,0.7650160260227407,0.7726070644216692,True,True,True,/tmp/care_a03_adaptation_placement_audit/formal/checkpoints/Grocery/NS_run3.pt,0.26381179690361023,0.23918652534484863,0.27245429158210754,0.12074907124042511,0.46373388171195984,0.22090981900691986
Grocery,NC,node,context,42,text,0.508886992931366,0.10839039832353592,1.9650613069534302,0.495136022567749,0.8365578651428223,0.273443341255188,0.43399322032928467,0.19228066504001617,0.37372612953186035,0.5734689831733704,1.2119823694229126,2.1134226322174072,0.22907473146915436,0.11657315125389811,0.2679365575313568,"[1.3617841005325317,1.370789885520935,1.2899104356765747,1.3997093439102173,1.39677095413208,1.3440128564834595,1.234739899635315,1.20769202709198,1.3927229642868042,1.3476868867874146,1.3450558185577393,1.4019644260406494,1.396272897720337,1.287878155708313,1.3915259838104248,1.3572461605072021,1.3313243389129639,1.3090497255325317,1.3659204244613647,1.3823579549789429,1.368303656578064,1.370142936706543,1.3708263635635376,1.3803346157073975,1.3375264406204224,1.3704859018325806,1.3671929836273193,1.415051817893982,1.3174976110458374,1.3809415102005005,1.3359318971633911,1.367699384689331]","[0.2743796408176422,0.28825774788856506,0.22661487758159637,0.2545592486858368,0.23427072167396545,0.2863003611564636,0.33504897356033325,0.3139599859714508,0.23489849269390106,0.3123879134654999,0.13918496668338776,0.24445460736751556,0.2574601173400879,0.1911468654870987,0.26410776376724243,0.3019355833530426,0.30755436420440674,0.26516494154930115,0.29007235169410706,0.27477189898490906,0.24808906018733978,0.2899934649467468,0.2932158410549164,0.2721860408782959,0.3047105669975281,0.2954540550708771,0.24310524761676788,0.20585548877716064,0.3112604320049286,0.2808586657047272,0.2914663851261139,0.24124282598495483]",0.08851426839828491,0.18645349144935608,0.8204978108406067,0.7642098080975788,0.6909799511575768,0.8204978108406067,0.7642098080975788,0.6909799511575768,True,True,True,/tmp/care_a03_adaptation_placement_audit/formal/checkpoints/Grocery/NC_run1.pt,0.3773438334465027,0.2896344065666199,0.28025102615356445,0.16493697464466095,0.34240517020225525,0.22867850959300995
Grocery,NC,node,context,42,visual,0.5101484656333923,0.10792198777198792,2.1988818645477295,0.42951348423957825,0.8801698088645935,0.2159392088651657,0.26613566279411316,0.11936277896165848,0.6145015954971313,0.6465766429901123,0.9995103478431702,1.5458498001098633,0.16683118045330048,0.08510867072805883,0.3286067843437195,"[1.0630009174346924,1.1595746278762817,1.193824052810669,1.2245503664016724,1.0795046091079712,1.096028447151184,1.1072503328323364,1.2424745559692383,1.1516659259796143,1.0375895500183105,1.0542168617248535,1.0229675769805908,1.1586065292358398,1.1934999227523804,1.1636567115783691,1.1734645366668701,1.1794328689575195,1.0676801204681396,1.178488850593567,1.1682413816452026,1.224875807762146,0.9970192909240723,1.1571990251541138,1.0520344972610474,1.2211556434631348,1.134305477142334,1.228617787361145,1.1851123571395874,1.122063398361206,1.1086772680282593,1.235144019126892,1.0823458433151245]","[0.36707574129104614,0.3489880859851837,0.3508090078830719,0.3227410912513733,0.3708367943763733,0.2977200746536255,0.32878321409225464,0.31351685523986816,0.31792470812797546,0.35316210985183716,0.3666934669017792,0.3480100631713867,0.3553023040294647,0.3327455520629883,0.3448125123977661,0.3444598615169525,0.33464866876602173,0.32022905349731445,0.30911388993263245,0.26223742961883545,0.31528833508491516,0.30507975816726685,0.3311224579811096,0.378673255443573,0.28265562653541565,0.36081188917160034,0.3142050802707672,0.32998284697532654,0.29867100715637207,0.2802463471889496,0.2961134612560272,0.33275672793388367]",0.3263354003429413,0.14374825358390808,0.8204978108406067,0.7642098080975788,0.6909799511575768,0.8204978108406067,0.7642098080975788,0.6909799511575768,True,True,True,/tmp/care_a03_adaptation_placement_audit/formal/checkpoints/Grocery/NC_run1.pt,0.2583346664905548,0.2309577912092209,0.28444892168045044,0.12118403613567352,0.4572164714336395,0.21504002809524536
Grocery,NC,node,context,43,text,0.5085915327072144,0.10715493559837341,1.996382236480713,0.5177805423736572,0.8137685060501099,0.2825779318809509,0.41677403450012207,0.18132834136486053,0.4018976390361786,0.5736188888549805,0.9024055004119873,1.5731794834136963,0.16857396066188812,0.08573528902755534,0.22163595259189606,"[1.3723030090332031,1.4271645545959473,1.3194113969802856,1.4173942804336548,1.1939564943313599,1.4333975315093994,1.4051841497421265,1.2046695947647095,1.4218515157699585,0.9367685914039612,1.4303418397903442,1.3770475387573242,1.4124577045440674,1.42539644241333,1.4055603742599487,1.3570009469985962,1.3521473407745361,1.4001058340072632,1.3792757987976074,1.4523437023162842,1.1118472814559937,1.3203527927398682,1.3140078783035278,1.423342227935791,1.0873746871948242,1.3781888484954834,1.4120732545852661,1.4113644361495972,1.3126972913742065,1.1034576892852783,1.4025605916976929,1.382806420326233]","[0.25923866033554077,0.20425169169902802,0.24840638041496277,0.20800261199474335,0.2762203514575958,0.1848701536655426,0.22021903097629547,0.24824842810630798,0.21202820539474487,0.18687623739242554,0.1706724315881729,0.24395062029361725,0.21618925034999847,0.1974332332611084,0.22725819051265717,0.21410976350307465,0.22227199375629425,0.22417671978473663,0.18121571838855743,0.17013432085514069,0.1822631061077118,0.24370989203453064,0.20031176507472992,0.21361187100410461,0.2512052357196808,0.20437289774417877,0.21722272038459778,0.22051642835140228,0.2768349349498749,0.3003440201282501,0.23687781393527985,0.229305699467659]",0.15066447854042053,0.1749407798051834,0.8204978108406067,0.7586835017515587,0.7010391168329063,0.8204978108406067,0.7586835017515587,0.7010391168329063,True,True,True,/tmp/care_a03_adaptation_placement_audit/formal/checkpoints/Grocery/NC_run2.pt,0.36705756187438965,0.29783153533935547,0.2695026993751526,0.16762058436870575,0.36343976855278015,0.24370695650577545
Grocery,NC,node,context,43,visual,0.5091913938522339,0.10585135221481323,2.2221908569335938,0.40759095549583435,0.8880468606948853,0.2165401726961136,0.24241536855697632,0.12439967691898346,0.6331849694252014,0.6282855868339539,0.7985031604766846,1.2709238529205322,0.1345290243625641,0.06850102142875514,0.24471932649612427,"[1.3014079332351685,1.2675737142562866,1.1638538837432861,1.292147159576416,1.374293565750122,0.9415335655212402,1.3624753952026367,1.308860182762146,1.227812647819519,1.0878757238388062,1.3252365589141846,1.3528552055358887,1.4011777639389038,1.348758339881897,1.350272536277771,1.339671015739441,1.345179796218872,1.2213016748428345,1.3955049514770508,1.3635530471801758,1.0819337368011475,1.392316222190857,1.0697340965270996,1.349600076675415,1.398765206336975,1.367733359336853,1.399512529373169,1.3249701261520386,1.2466243505477905,1.309390664100647,1.3936289548873901,1.207517147064209]","[0.28470367193222046,0.25841382145881653,0.2946053445339203,0.24597881734371185,0.21096846461296082,0.3275717794895172,0.2077702134847641,0.23886074125766754,0.3074274957180023,0.2941935062408447,0.24314305186271667,0.22429333627223969,0.18656906485557556,0.19882901012897491,0.2333746999502182,0.19663658738136292,0.23502235114574432,0.3214154541492462,0.18879330158233643,0.21597974002361298,0.2972797453403473,0.2258675992488861,0.33025550842285156,0.26480305194854736,0.19891202449798584,0.23461899161338806,0.20819492638111115,0.2536662817001343,0.23502391576766968,0.21282842755317688,0.15257690846920013,0.30244067311286926]",0.33335521817207336,0.14704275131225586,0.8204978108406067,0.7586835017515587,0.7010391168329063,0.8204978108406067,0.7586835017515587,0.7010391168329063,True,True,True,/tmp/care_a03_adaptation_placement_audit/formal/checkpoints/Grocery/NC_run2.pt,0.24464406073093414,0.21658411622047424,0.2885209918022156,0.11970032006502151,0.4668349325656891,0.20813602209091187
Grocery,NC,node,context,44,text,0.5126773118972778,0.11333100497722626,1.9743616580963135,0.5299526453018188,0.8011283874511719,0.271706759929657,0.511303722858429,0.0436335951089859,0.44506266713142395,0.5995721220970154,1.6460691690444946,2.74540638923645,0.31113967299461365,0.15951425117547657,0.3927326798439026,"[1.0617986917495728,1.158475399017334,1.054553508758545,1.0901756286621094,1.1355342864990234,1.139393925666809,1.0648901462554932,1.1080902814865112,1.0880508422851562,1.1084305047988892,1.138598084449768,1.0642532110214233,1.1139895915985107,1.147019624710083,1.0772032737731934,1.0680363178253174,1.0338656902313232,1.1615253686904907,1.0571963787078857,1.2044036388397217,1.1365023851394653,1.0967440605163574,1.161785364151001,1.076529860496521,1.1219836473464966,1.105129361152649,1.0338034629821777,1.104697823524475,1.0961421728134155,1.0707155466079712,1.1028445959091187,1.068779706954956]","[0.41357943415641785,0.4043784737586975,0.4153115749359131,0.4050673842430115,0.4001513719558716,0.4141333997249603,0.3807205855846405,0.4138588607311249,0.40074530243873596,0.3546081483364105,0.3516703248023987,0.39453357458114624,0.36060968041419983,0.35089772939682007,0.40555959939956665,0.3770308792591095,0.4209742248058319,0.4016076326370239,0.36559268832206726,0.34305834770202637,0.40473052859306335,0.4190020263195038,0.35402873158454895,0.4067597985267639,0.38258272409439087,0.42069384455680847,0.412287175655365,0.3935207426548004,0.4050685167312622,0.39583098888397217,0.4102862477302551,0.3885650634765625]",0.15480415523052216,0.1728672832250595,0.8237189054489136,0.75839364268243,0.73962842011347,0.8237189054489136,0.75839364268243,0.73962842011347,True,True,True,/tmp/care_a03_adaptation_placement_audit/formal/checkpoints/Grocery/NC_run3.pt,0.41950756311416626,0.29141804575920105,0.1866232454776764,0.12737351655960083,0.39386922121047974,0.25221505761146545
Grocery,NC,node,context,44,visual,0.5113056302070618,0.11109301447868347,2.194308280944824,0.437593013048172,0.8756281733512878,0.2194070965051651,0.2742766737937927,0.101909339427948,0.6238139867782593,0.6607556343078613,1.0806463956832886,1.6354706287384033,0.18168935179710388,0.09289878852253075,0.3006709814071655,"[1.358135461807251,1.3244811296463013,1.3435497283935547,1.300447940826416,1.3056797981262207,1.2051488161087036,1.2842191457748413,1.2782102823257446,1.20148766040802,1.2090269327163696,1.3427436351776123,1.2874008417129517,1.3647267818450928,1.320454716682434,1.362350583076477,1.2811182737350464,1.3512831926345825,1.2822424173355103,1.3237656354904175,1.1881858110427856,1.353053092956543,1.3325046300888062,1.3269094228744507,1.2753627300262451,1.3607068061828613,1.3455497026443481,1.2980042695999146,1.2875218391418457,1.3272215127944946,1.3027154207229614,1.189483880996704,1.3147482872009277]","[0.29182136058807373,0.31722205877304077,0.28111404180526733,0.33546292781829834,0.2874951958656311,0.3464290201663971,0.3238821029663086,0.3207471966743469,0.32545387744903564,0.35350698232650757,0.28330734372138977,0.3075851798057556,0.28899669647216797,0.29453733563423157,0.2653965651988983,0.2934745252132416,0.2837534248828888,0.29683515429496765,0.3241425156593323,0.28743264079093933,0.27622362971305847,0.2987421154975891,0.2917275130748749,0.2728758454322815,0.2793762683868408,0.2975519299507141,0.32818517088890076,0.26455122232437134,0.3059884309768677,0.32460474967956543,0.29065757989883423,0.2823902666568756]",0.3024366796016693,0.13421164453029633,0.8237189054489136,0.75839364268243,0.73962842011347,0.8237189054489136,0.75839364268243,0.73962842011347,True,True,True,/tmp/care_a03_adaptation_placement_audit/formal/checkpoints/Grocery/NC_run3.pt,0.26433587074279785,0.23655995726585388,0.27702030539512634,0.11988376826047897,0.4586438238620758,0.21672393381595612
ele-fashion,GC,global,context,42,text,0.5045949220657349,0.11769767850637436,2.0917720794677734,0.0,0.8035522699356079,0.0,0.0,1.0,0.0,0.5152185559272766,2.2471165657043457,4.3614821434021,0.5133363008499146,0.25902689072087526,0.4051586985588074,"[0.9868940114974976,0.8327845931053162,1.008835792541504,1.147091031074524,0.9690175652503967,0.9766467213630676,1.0877130031585693,1.0307239294052124,0.8783556818962097,1.1043720245361328,0.9977182745933533,0.8676482439041138,1.1456948518753052,1.028266429901123,1.2336530685424805,1.1456984281539917,0.9254547953605652,0.9476687908172607,1.0504653453826904,0.9596572518348694,1.2098242044448853,0.9923505783081055,0.9780489802360535,0.9251730442047119,0.9659520983695984,0.7790471911430359,0.9585526585578918,1.1088576316833496,0.9729267358779907,0.9379480481147766,0.8684823513031006,0.9289321303367615]","[0.44416698813438416,0.369201123714447,0.4396689534187317,0.3824634253978729,0.4432790279388428,0.4371040165424347,0.3874179720878601,0.40528714656829834,0.4079781174659729,0.40598103404045105,0.44101107120513916,0.39185500144958496,0.3812301456928253,0.39209216833114624,0.36769023537635803,0.37573522329330444,0.40685439109802246,0.3856441080570221,0.3978599011898041,0.43138429522514343,0.351604163646698,0.43219438195228577,0.4266635477542877,0.40225785970687866,0.4198952317237854,0.3661006987094879,0.4198246896266937,0.4019882082939148,0.4428234398365021,0.4094404876232147,0.3850139379501343,0.4133671820163727]",0.020108800381422043,0.17901942133903503,0.8720466494560242,0.7439972281621828,0.45031371208815973,0.8720466494560242,0.7439972281621828,0.4503137183308882,True,True,True,/tmp/care_a03_adaptation_placement_audit/formal/checkpoints/ele-fashion/GC_run1.pt,0.1038026213645935,0.0,0.7006230354309082,0.0,0.19557391107082367,0.0
ele-fashion,GC,global,context,42,visual,0.49323132634162903,0.11665945500135422,1.4879531860351562,0.0,0.6408594846725464,0.0,1.0,0.0,0.0,0.5810292363166809,1.7432734966278076,3.000319719314575,0.35001569986343384,0.17263870788403501,0.23887643218040466,"[1.4362568855285645,1.4377055168151855,1.3165069818496704,1.2416095733642578,1.0702993869781494,1.4331092834472656,1.4135454893112183,1.4225257635116577,1.0212657451629639,1.4286482334136963,1.4541767835617065,1.4315757751464844,1.4232209920883179,1.2901880741119385,1.2643604278564453,1.0782511234283447,1.0598986148834229,1.4236674308776855,1.3043261766433716,1.4370352029800415,1.32046377658844,1.4511644840240479,1.4439314603805542,0.8847252130508423,1.2794535160064697,1.1783980131149292,1.2170923948287964,1.4419008493423462,1.0209251642227173,1.3273111581802368,1.4584542512893677,1.4085999727249146]","[0.19332672655582428,0.19623741507530212,0.16579388082027435,0.2013401985168457,0.358663946390152,0.20001006126403809,0.22039224207401276,0.21778331696987152,0.3308485448360443,0.2000330537557602,0.17247234284877777,0.20745112001895905,0.15391302108764648,0.2240990549325943,0.2835843563079834,0.3312240242958069,0.39487624168395996,0.15518765151500702,0.2533911168575287,0.17306670546531677,0.2587183713912964,0.1669771373271942,0.19271419942378998,0.3391193449497223,0.30401790142059326,0.23821844160556793,0.27111107110977173,0.19414837658405304,0.40492433309555054,0.2599247992038727,0.15678219497203827,0.22369447350502014]",0.019936012104153633,0.16615931689739227,0.8720466494560242,0.7439972281621828,0.45031371208815973,0.8720466494560242,0.7439972281621828,0.4503137183308882,True,True,True,/tmp/care_a03_adaptation_placement_audit/formal/checkpoints/ele-fashion/GC_run1.pt,0.745328426361084,0.0,0.02139008603990078,0.0,0.2332814484834671,0.0
ele-fashion,GC,global,context,43,text,0.49800142645835876,0.1124231144785881,2.05342173576355,0.0,0.5428339242935181,0.0,0.0,1.0,0.0,0.5088923573493958,1.8367754220962524,3.6093595027923584,0.40577542781829834,0.20207674187526337,0.39841145277023315,"[1.0575302839279175,0.8749563694000244,1.0025712251663208,0.9965880513191223,0.9713752269744873,0.909125030040741,1.1924418210983276,1.1682583093643188,0.9271257519721985,1.2011109590530396,1.1088675260543823,0.9833486080169678,0.9020638465881348,0.9267146587371826,0.9227043390274048,1.0629509687423706,0.9994142651557922,0.9402526617050171,1.062890648841858,0.8436059355735779,0.8841575384140015,0.9403162598609924,1.1243393421173096,0.930780827999115,1.0835614204406738,1.0117348432540894,0.9676360487937927,0.868424654006958,1.0362604856491089,1.0794273614883423,1.1388347148895264,0.9999716877937317]","[0.4143534004688263,0.4101506471633911,0.41486668586730957,0.43116581439971924,0.43662169575691223,0.40548837184906006,0.37630394101142883,0.381546288728714,0.4218344986438751,0.33140283823013306,0.3800681531429291,0.434161901473999,0.4353587329387665,0.42108142375946045,0.3954583704471588,0.4250527620315552,0.3901388943195343,0.38471758365631104,0.4109340310096741,0.37385958433151245,0.3644893169403076,0.396078884601593,0.36910393834114075,0.4369681775569916,0.3893781900405884,0.400036484003067,0.4234820604324341,0.3570348024368286,0.41683223843574524,0.3369409739971161,0.38488927483558655,0.3993672728538513]",0.024722926318645477,0.19914162158966064,0.871842086315155,0.7375672072755536,0.4090356677541999,0.871842086315155,0.7375672072755536,0.40903570521057075,True,True,True,/tmp/care_a03_adaptation_placement_audit/formal/checkpoints/ele-fashion/GC_run2.pt,0.05356971547007561,0.0,0.8394381999969482,0.0,0.10699208080768585,0.0
ele-fashion,GC,global,context,43,visual,0.4898792505264282,0.11371571570634842,1.1906423568725586,0.0,0.32997727394104004,0.0,1.0,0.0,0.0,0.5840012431144714,1.7852776050567627,3.0569756031036377,0.3476261794567108,0.17029485225561913,0.22574952244758606,"[1.4502168893814087,1.4352145195007324,1.414885401725769,1.1058603525161743,1.4443132877349854,1.154139757156372,1.333437442779541,1.4502136707305908,0.922353208065033,1.2896002531051636,1.221853256225586,1.4424450397491455,1.2445752620697021,1.443619728088379,1.246886968612671,1.414144515991211,1.4516884088516235,1.417496919631958,0.9732576608657837,1.2457149028778076,1.4519778490066528,1.4492028951644897,1.0898019075393677,0.6427367329597473,0.9550204873085022,1.4322080612182617,1.3147722482681274,1.2081201076507568,1.452924132347107,1.4268895387649536,1.3701313734054565,1.3798195123672485]","[0.17937183380126953,0.2008683830499649,0.22072312235832214,0.34759581089019775,0.19161327183246613,0.40309423208236694,0.24972769618034363,0.1840425282716751,0.21803916990756989,0.2831254005432129,0.2997645139694214,0.18590301275253296,0.3292751610279083,0.18893203139305115,0.12005650997161865,0.18759387731552124,0.17206230759620667,0.12509474158287048,0.2722940444946289,0.19515717029571533,0.1791079044342041,0.17068299651145935,0.22673016786575317,0.18429461121559143,0.29419100284576416,0.20307745039463043,0.3088878095149994,0.3409962058067322,0.11547055840492249,0.20583279430866241,0.2521081268787384,0.18827001750469208]",0.025454208254814148,0.17029732465744019,0.871842086315155,0.7375672072755536,0.4090356677541999,0.871842086315155,0.7375672072755536,0.40903570521057075,True,True,True,/tmp/care_a03_adaptation_placement_audit/formal/checkpoints/ele-fashion/GC_run2.pt,0.9033352136611938,0.0,0.0026890691369771957,0.0,0.09397634863853455,0.0
ele-fashion,GC,global,context,44,text,0.49568745493888855,0.1102004125714302,2.035348892211914,0.0,0.6487727761268616,0.0,0.0,1.0,0.0,0.501818835735321,1.9057731628417969,3.797731399536133,0.4185115694999695,0.20745093474791965,0.4160011410713196,"[0.8672594428062439,1.1122099161148071,0.9998689293861389,0.931143045425415,0.9059808850288391,0.8941725492477417,1.0203921794891357,0.9980365037918091,0.9393547177314758,0.927731454372406,1.0118354558944702,0.9146613478660583,0.8709673881530762,1.0529903173446655,0.9387384653091431,0.8989816904067993,0.9445234537124634,0.9258258938789368,0.9226759672164917,0.893397867679596,0.9444720149040222,0.9812954068183899,0.9207030534744263,1.0639369487762451,0.9273735284805298,0.9211753010749817,1.0122182369232178,0.9128249287605286,1.0869321823120117,0.9288885593414307,0.91985023021698,1.0737509727478027]","[0.42587733268737793,0.4037238657474518,0.37112927436828613,0.41448524594306946,0.4346280097961426,0.3501529097557068,0.3490005135536194,0.4202752113342285,0.4377466142177582,0.4262014925479889,0.4020468294620514,0.42274415493011475,0.43897366523742676,0.4310016632080078,0.4450243413448334,0.44048619270324707,0.41759252548217773,0.4294290840625763,0.444444477558136,0.4379415512084961,0.4218945801258087,0.4156098961830139,0.4048040509223938,0.4254350960254669,0.4466344118118286,0.3805617392063141,0.3385009467601776,0.4376814663410187,0.4079544246196747,0.4240919053554535,0.4458613395690918,0.4201015830039978]",-0.00546298548579216,0.19319340586662292,0.8733763098716736,0.7370847324214318,0.4114575280213607,0.8733763098716736,0.7370847324214318,0.4114575092931753,True,True,True,/tmp/care_a03_adaptation_placement_audit/formal/checkpoints/ele-fashion/GC_run3.pt,0.08542842417955399,0.0,0.7937939763069153,0.0,0.12077758461236954,0.0
ele-fashion,GC,global,context,44,visual,0.4892168939113617,0.11168437451124191,1.4247140884399414,0.0,0.5922035574913025,0.0,1.0,0.0,0.0,0.5736194252967834,1.6309947967529297,2.843339443206787,0.31755661964416504,0.15535406310331012,0.34009915590286255,"[1.056425929069519,1.2087223529815674,0.979272723197937,1.005958080291748,1.220452070236206,1.2222346067428589,1.2118728160858154,1.1936331987380981,1.1929476261138916,1.1942262649536133,1.2517060041427612,1.248026728630066,1.0476250648498535,1.1271820068359375,1.2827277183532715,0.9663968086242676,0.9490396976470947,1.2432242631912231,1.2168567180633545,1.0567206144332886,1.1123758554458618,1.189305305480957,1.3018070459365845,1.221226692199707,1.0511530637741089,1.0014055967330933,0.9055963158607483,1.1459925174713135,1.177846908569336,1.1965221166610718,0.9321116805076599,1.2275654077529907]","[0.37200459837913513,0.39850908517837524,0.31461194157600403,0.24713382124900818,0.2927252948284149,0.39781269431114197,0.40525615215301514,0.4187115728855133,0.40214720368385315,0.3940407335758209,0.2194507122039795,0.36091890931129456,0.3487093448638916,0.4025583267211914,0.31171754002571106,0.24489177763462067,0.27587491273880005,0.3712630569934845,0.3875536322593689,0.28282564878463745,0.2551877200603485,0.41122928261756897,0.30344122648239136,0.39751291275024414,0.32644030451774597,0.30493873357772827,0.3663714528083801,0.2835446298122406,0.2046254724264145,0.386592835187912,0.4164659082889557,0.3781057596206665]",0.02371564507484436,0.18002158403396606,0.8733763098716736,0.7370847324214318,0.4114575280213607,0.8733763098716736,0.7370847324214318,0.4114575092931753,True,True,True,/tmp/care_a03_adaptation_placement_audit/formal/checkpoints/ele-fashion/GC_run3.pt,0.7784537672996521,0.0,0.018378181383013725,0.0,0.20316798985004425,0.0
ele-fashion,N0,node,off,42,text,0.49675944447517395,0.10000304132699966,1.815814733505249,0.3017033636569977,0.9045437574386597,0.21991364657878876,0.412904292345047,0.5421005487442017,0.04499519243836403,0.5222558975219727,0.0,0.0,0.0,0.0,0.1651550829410553,"[1.0405627489089966,1.0130425691604614,0.9892798662185669,0.8720411062240601,0.9405129551887512,0.7272467017173767,0.9950079917907715,0.9469438195228577,1.000518798828125,1.0963443517684937,1.0685087442398071,1.1144771575927734,1.1547768115997314,0.7716546058654785,1.069882869720459,1.1186250448226929,0.8000824451446533,1.0601580142974854,0.9760231375694275,0.991768479347229,0.9481468200683594,0.9752662777900696,0.9392666816711426,1.126177430152893,0.904752790927887,0.9927607774734497,0.8451385498046875,0.6918880343437195,0.9113949537277222,1.0193780660629272,1.1830462217330933,1.2002894878387451]","[0.14692959189414978,0.17603591084480286,0.19489838182926178,0.170953169465065,0.16147305071353912,0.16296489536762238,0.14608992636203766,0.16954514384269714,0.2100623995065689,0.15443508327007294,0.19057206809520721,0.14510828256607056,0.17681699991226196,0.15135012567043304,0.1745758056640625,0.14804112911224365,0.16471925377845764,0.15039661526679993,0.1725732684135437,0.16700218617916107,0.17834565043449402,0.17093367874622345,0.15633633732795715,0.15153110027313232,0.1999700963497162,0.19197338819503784,0.15825481712818146,0.1232457160949707,0.16882404685020447,0.18688461184501648,0.14551933109760284,0.11860058456659317]",0.0,0.0,0.8737854361534119,0.7360941703273164,0.40660009845531925,0.8737854361534119,0.7360941703273164,0.4066001109407762,True,True,True,/tmp/care_a03_adaptation_placement_audit/formal/checkpoints/ele-fashion/N0_run1.pt,0.3823341727256775,0.22467830777168274,0.4195171296596527,0.1880839765071869,0.198148712515831,0.1127825677394867
ele-fashion,N0,node,off,42,visual,0.49504098296165466,0.10000304132699966,1.8837517499923706,0.5414994359016418,0.715323269367218,0.3344569206237793,0.46927356719970703,0.17333224415779114,0.35739418864250183,0.5383596420288086,0.0,0.0,0.0,0.0,0.14243705570697784,"[1.1141841411590576,0.7561818361282349,1.0960346460342407,1.284203290939331,1.0062637329101562,1.0661410093307495,0.7680068016052246,1.406850814819336,0.7071236968040466,1.1787676811218262,0.7284889221191406,0.877310037612915,0.8402640223503113,1.2020708322525024,1.3119937181472778,0.9879167079925537,1.2450439929962158,0.7815068960189819,0.6825982332229614,0.7430919408798218,1.1162070035934448,1.0614449977874756,1.235244870185852,0.9442295432090759,0.5814841985702515,1.0878220796585083,0.8679313063621521,1.1508257389068604,0.9745206236839294,0.9774487018585205,1.0005356073379517,0.7696400284767151]","[0.15356259047985077,0.133949413895607,0.17853207886219025,0.13894739747047424,0.12214404344558716,0.13348925113677979,0.14565666019916534,0.0712067037820816,0.13480471074581146,0.1460714191198349,0.12178460508584976,0.19282203912734985,0.14678643643856049,0.20247143507003784,0.12230942398309708,0.19570942223072052,0.14522574841976166,0.09484059363603592,0.0934406965970993,0.16062448918819427,0.15398624539375305,0.16287042200565338,0.12173251062631607,0.17564767599105835,0.072538360953331,0.13157765567302704,0.13009025156497955,0.13511177897453308,0.20300623774528503,0.16830383241176605,0.15044063329696655,0.11830099672079086]",0.0,0.0,0.8737854361534119,0.7360941703273164,0.40660009845531925,0.8737854361534119,0.7360941703273164,0.4066001109407762,True,True,True,/tmp/care_a03_adaptation_placement_audit/formal/checkpoints/ele-fashion/N0_run1.pt,0.4442857503890991,0.33561763167381287,0.2276768535375595,0.22377808392047882,0.32803747057914734,0.24291959404945374
ele-fashion,N0,node,off,43,text,0.49580055475234985,0.10000278800725937,1.811558723449707,0.2974643111228943,0.9160547256469727,0.20997686684131622,0.45040199160575867,0.49161261320114136,0.057985395193099976,0.5151998996734619,0.0,0.0,0.0,0.0,0.16823510825634003,"[1.031342625617981,0.897257924079895,1.0377284288406372,1.0142468214035034,0.9838153123855591,1.1936838626861572,0.9311220645904541,1.0088629722595215,0.9552609920501709,1.1543383598327637,0.7946605086326599,0.9715572595596313,1.1441675424575806,0.8763386011123657,1.1537280082702637,1.02642023563385,0.8690006136894226,0.7899554967880249,1.2258676290512085,0.7536152005195618,0.8281965851783752,1.1345961093902588,0.9977713227272034,1.0351364612579346,0.9497894644737244,0.9533520936965942,1.2152862548828125,1.127786636352539,1.0948350429534912,0.7802167534828186,1.1178927421569824,0.8978292346000671]","[0.1834355592727661,0.180650994181633,0.1822812855243683,0.1484602689743042,0.18574118614196777,0.19415226578712463,0.179368793964386,0.1581335961818695,0.1992010623216629,0.1816149204969406,0.1453154981136322,0.14713384211063385,0.16025856137275696,0.1826646775007248,0.155977264046669,0.17813809216022491,0.1732439249753952,0.14399729669094086,0.14640241861343384,0.1497240662574768,0.1602589339017868,0.1605069488286972,0.17948445677757263,0.1595883071422577,0.17279304563999176,0.18871405720710754,0.15718816220760345,0.15030185878276825,0.1758350133895874,0.15748447179794312,0.17496466636657715,0.17050771415233612]",0.0,0.0,0.8735808730125427,0.7362766501119095,0.39967169990395185,0.8735808730125427,0.7362766501119095,0.39967168741849496,True,True,True,/tmp/care_a03_adaptation_placement_audit/formal/checkpoints/ele-fashion/N0_run2.pt,0.3933853507041931,0.21959498524665833,0.40167081356048584,0.1841033399105072,0.20494388043880463,0.11387529224157333
ele-fashion,N0,node,off,43,visual,0.49650484323501587,0.10000278800725937,1.8503729104995728,0.5560080409049988,0.6859917044639587,0.3432711958885193,0.47337520122528076,0.231634721159935,0.29499009251594543,0.533092737197876,0.0,0.0,0.0,0.0,0.14316824078559875,"[1.1885462999343872,1.2551281452178955,0.9338275194168091,0.922171950340271,1.3728770017623901,0.851254940032959,0.9914705753326416,1.2955342531204224,0.7913963794708252,0.876944363117218,1.2070313692092896,1.1692548990249634,1.048567295074463,1.0983072519302368,1.3101345300674438,1.0445027351379395,0.8430721163749695,0.9906280040740967,1.0843260288238525,0.9175552129745483,1.1513495445251465,0.8567525148391724,1.0072529315948486,0.5729238390922546,0.8951205611228943,0.9839068055152893,1.1381349563598633,1.1458998918533325,1.062768578529358,0.9435518383979797,0.9343954920768738,1.1129863262176514]","[0.11499147117137909,0.12990042567253113,0.16911888122558594,0.09540440887212753,0.07908468693494797,0.1681511104106903,0.1568584442138672,0.09791701287031174,0.13350914418697357,0.15703360736370087,0.13829977810382843,0.14275069534778595,0.16096431016921997,0.16696767508983612,0.11220447719097137,0.1734422892332077,0.10962413996458054,0.1507357358932495,0.1470491886138916,0.14212006330490112,0.1559152901172638,0.14768989384174347,0.14670388400554657,0.06624253839254379,0.13721491396427155,0.16237062215805054,0.1905897557735443,0.16692791879177094,0.19736091792583466,0.18277917802333832,0.1463436782360077,0.13511750102043152]",0.0,0.0,0.8735808730125427,0.7362766501119095,0.39967169990395185,0.8735808730125427,0.7362766501119095,0.39967168741849496,True,True,True,/tmp/care_a03_adaptation_placement_audit/formal/checkpoints/ele-fashion/N0_run2.pt,0.4495375454425812,0.3506505787372589,0.2505519390106201,0.24074922502040863,0.2999105155467987,0.24616403877735138
ele-fashion,N0,node,off,44,text,0.49590054154396057,0.10000300407409668,1.7920485734939575,0.3018142282962799,0.888664186000824,0.22875192761421204,0.46010884642601013,0.5011557936668396,0.03873534873127937,0.5139452815055847,0.0,0.0,0.0,0.0,0.18202389776706696,"[0.7727176547050476,1.1280580759048462,0.8657782077789307,1.0477782487869263,1.0023061037063599,0.9538909196853638,0.9723435640335083,1.0612876415252686,1.0343040227890015,0.8609963655471802,1.0208141803741455,0.9621949791908264,0.9974960684776306,0.9422046542167664,1.2100250720977783,1.040891170501709,1.115147590637207,1.1228801012039185,1.1500933170318604,1.2348929643630981,1.0253968238830566,1.1275745630264282,0.7673695087432861,0.8229930400848389,1.0667195320129395,0.8966455459594727,0.7913148403167725,0.8052234053611755,0.9455679059028625,1.1164367198944092,0.9229443073272705,0.7287670373916626]","[0.17231649160385132,0.14999878406524658,0.17625902593135834,0.1968591958284378,0.17214833199977875,0.2127324491739273,0.19617865979671478,0.1540054827928543,0.17373977601528168,0.22611290216445923,0.17566648125648499,0.19277825951576233,0.23206762969493866,0.18450593948364258,0.1816985160112381,0.18088945746421814,0.17680791020393372,0.14263367652893066,0.21773909032344818,0.1665508896112442,0.18409155309200287,0.16504620015621185,0.1640474647283554,0.18852582573890686,0.1988191157579422,0.1900673806667328,0.17304551601409912,0.18654438853263855,0.18820418417453766,0.17118968069553375,0.21117764711380005,0.12231702357530594]",0.0,0.0,0.8740922808647156,0.7417097187739213,0.43700482677776925,0.8740922808647156,0.7417097187739213,0.4370048142923123,True,True,True,/tmp/care_a03_adaptation_placement_audit/formal/checkpoints/ele-fashion/N0_run3.pt,0.3957009017467499,0.2310105711221695,0.41654953360557556,0.2001517415046692,0.18774956464767456,0.11050065606832504
ele-fashion,N0,node,off,44,visual,0.4931550621986389,0.10000300407409668,1.8646327257156372,0.5448225736618042,0.7024515271186829,0.33593451976776123,0.4721682369709015,0.21475768089294434,0.3130740821361542,0.5461004376411438,0.0,0.0,0.0,0.0,0.16004341840744019,"[0.8302523493766785,0.9008675813674927,0.8853946328163147,0.6699809432029724,1.012247085571289,0.9564831256866455,1.2042486667633057,1.2184580564498901,0.9823757410049438,1.1474303007125854,1.1020138263702393,0.983486533164978,1.0069712400436401,1.1004196405410767,0.9222118854522705,0.9332152009010315,0.9237770438194275,0.9431363344192505,1.0529171228408813,0.9864000082015991,0.7739779949188232,0.6087445616722107,1.351919412612915,1.3360130786895752,0.9088027477264404,0.8335238099098206,0.6721265316009521,0.9957994222640991,0.9865440726280212,1.1420533657073975,1.0647515058517456,1.0165562629699707]","[0.13197986781597137,0.16801461577415466,0.12963637709617615,0.09532644599676132,0.16126301884651184,0.1893751174211502,0.17869751155376434,0.16586795449256897,0.1641150563955307,0.15194465219974518,0.17440609633922577,0.18138271570205688,0.19998608529567719,0.1964559108018875,0.20594720542430878,0.15330971777439117,0.18545585870742798,0.228223979473114,0.16832034289836884,0.1568685919046402,0.15170185267925262,0.10119711607694626,0.10535991936922073,0.10617796331644058,0.17179057002067566,0.13467009365558624,0.10732676088809967,0.14051151275634766,0.19371679425239563,0.18424029648303986,0.18189413845539093,0.15622495114803314]",0.0,0.0,0.8740922808647156,0.7417097187739213,0.43700482677776925,0.8740922808647156,0.7417097187739213,0.4370048142923123,True,True,True,/tmp/care_a03_adaptation_placement_audit/formal/checkpoints/ele-fashion/N0_run3.pt,0.44500407576560974,0.3422977030277252,0.2453591227531433,0.23587089776992798,0.30963683128356934,0.2430342137813568
ele-fashion,NS,node,static,42,text,0.5224528312683105,0.12085375189781189,1.6987107992172241,0.2734091877937317,0.7575299143791199,0.23868970572948456,0.3675510883331299,0.6306793689727783,0.0017695312853902578,0.5106909871101379,1.9569674730300903,3.8319993019104004,0.4631114900112152,0.2419539091492453,0.0,"[1.49971342086792,1.4983142614364624,1.4997541904449463,1.4997446537017822,1.4997161626815796,1.4992201328277588,1.4993454217910767,1.4996097087860107,1.49881911277771,1.499332308769226,1.4998910427093506,1.4994806051254272,1.4919819831848145,1.4981406927108765,1.4998056888580322,1.49833083152771,1.4991010427474976,1.494369387626648,1.499099850654602,1.4998146295547485,1.4997992515563965,1.4995722770690918,1.4941099882125854,1.4993079900741577,1.4990545511245728,1.4992849826812744,1.4997458457946777,1.49916410446167,1.4982964992523193,1.498395562171936,1.499649167060852,1.4990599155426025]","[0.0,0.0,0.0,0.0,0.0,0.0,0.0,0.0,0.0,0.0,0.0,0.0,0.0,0.0,0.0,0.0,0.0,0.0,0.0,0.0,0.0,0.0,0.0,0.0,0.0,0.0,0.0,0.0,0.0,0.0,0.0,0.0]",0.20700502395629883,0.17610105872154236,0.8760355710983276,0.7584085953989272,0.48891491191060654,0.8760355710983276,0.7584085953989272,0.4889148931824211,True,True,True,/tmp/care_a03_adaptation_placement_audit/formal/checkpoints/ele-fashion/NS_run1.pt,0.3903394937515259,0.24474595487117767,0.5206103324890137,0.23136356472969055,0.08905017375946045,0.06511727720499039
ele-fashion,NS,node,static,42,visual,0.5364111065864563,0.1297444850206375,1.722748041152954,0.4828011095523834,0.7069706916809082,0.31745508313179016,0.6454493403434753,0.07657058537006378,0.27798008918762207,0.5552460551261902,1.9216803312301636,3.4609527587890625,0.4490395486354828,0.24086980118464218,0.0,"[1.4999029636383057,1.4997583627700806,1.49934983253479,1.4998818635940552,1.49971342086792,1.499940276145935,1.4994186162948608,1.499851107597351,1.4998338222503662,1.4998629093170166,1.499953031539917,1.499786138534546,1.4993131160736084,1.4998098611831665,1.4995253086090088,1.499572992324829,1.4998737573623657,1.4996355772018433,1.4995996952056885,1.4999443292617798,1.4998282194137573,1.4999582767486572,1.4998512268066406,1.4986661672592163,1.499617099761963,1.4997199773788452,1.4994969367980957,1.4998972415924072,1.4998246431350708,1.4997831583023071,1.4996148347854614,1.4999672174453735]","[0.0,0.0,0.0,0.0,0.0,0.0,0.0,0.0,0.0,0.0,0.0,0.0,0.0,0.0,0.0,0.0,0.0,0.0,0.0,0.0,0.0,0.0,0.0,0.0,0.0,0.0,0.0,0.0,0.0,0.0,0.0,0.0]",0.17942450940608978,0.19460082054138184,0.8760355710983276,0.7584085953989272,0.48891491191060654,0.8760355710983276,0.7584085953989272,0.4889148931824211,True,True,True,/tmp/care_a03_adaptation_placement_audit/formal/checkpoints/ele-fashion/NS_run1.pt,0.5571487545967102,0.29905685782432556,0.16295433044433594,0.19418521225452423,0.27989697456359863,0.21440009772777557
ele-fashion,NS,node,static,43,text,0.5011680126190186,0.11178586632013321,1.8654121160507202,0.2738141417503357,0.9143097996711731,0.20188182592391968,0.3137798309326172,0.6453981995582581,0.04082196205854416,0.5063751935958862,1.0233540534973145,2.0209403038024902,0.22591257095336914,0.11322015421035303,0.0,"[1.4990081787109375,1.497955083847046,1.4949848651885986,1.4940850734710693,1.4996618032455444,1.4978091716766357,1.499069333076477,1.498572826385498,1.4965592622756958,1.4972796440124512,1.4989486932754517,1.4988124370574951,1.4993175268173218,1.497972846031189,1.4976383447647095,1.4986764192581177,1.4951541423797607,1.4990487098693848,1.4984548091888428,1.497106909751892,1.4910436868667603,1.4974859952926636,1.4993386268615723,1.4985127449035645,1.4941785335540771,1.4980775117874146,1.498281717300415,1.4986648559570312,1.4925917387008667,1.4966775178909302,1.4992471933364868,1.4989573955535889]","[0.0,0.0,0.0,0.0,0.0,0.0,0.0,0.0,0.0,0.0,0.0,0.0,0.0,0.0,0.0,0.0,0.0,0.0,0.0,0.0,0.0,0.0,0.0,0.0,0.0,0.0,0.0,0.0,0.0,0.0,0.0,0.0]",0.09993890672922134,0.22704234719276428,0.8720466494560242,0.7343501681030813,0.40795658092453907,0.8720466494560242,0.7343501681030813,0.40795655595362523,True,True,True,/tmp/care_a03_adaptation_placement_audit/formal/checkpoints/ele-fashion/NS_run2.pt,0.33751460909843445,0.20574745535850525,0.4595588147640228,0.18236316740512848,0.20292659103870392,0.10855058580636978
ele-fashion,NS,node,static,43,visual,0.5081525444984436,0.11224685609340668,1.8257746696472168,0.5775567293167114,0.6574639678001404,0.34779033064842224,0.5150768160820007,0.1372869908809662,0.3476361930370331,0.5289926528930664,0.9869758486747742,1.8657647371292114,0.20942622423171997,0.10642046872805011,0.0,"[1.4990887641906738,1.4979708194732666,1.4984676837921143,1.4974905252456665,1.4983505010604858,1.4984490871429443,1.4988441467285156,1.499585747718811,1.4901204109191895,1.4986613988876343,1.4958686828613281,1.4998775720596313,1.4989017248153687,1.498172640800476,1.485771894454956,1.497958779335022,1.4954949617385864,1.4964832067489624,1.4901429414749146,1.49600350856781,1.4980700016021729,1.497268557548523,1.4625575542449951,1.4240347146987915,1.4931790828704834,1.4987319707870483,1.4983007907867432,1.4958763122558594,1.499480962753296,1.4989144802093506,1.4975889921188354,1.4948428869247437]","[0.0,0.0,0.0,0.0,0.0,0.0,0.0,0.0,0.0,0.0,0.0,0.0,0.0,0.0,0.0,0.0,0.0,0.0,0.0,0.0,0.0,0.0,0.0,0.0,0.0,0.0,0.0,0.0,0.0,0.0,0.0,0.0]",0.0945231094956398,0.18992450833320618,0.8720466494560242,0.7343501681030813,0.40795658092453907,0.8720466494560242,0.7343501681030813,0.40795655595362523,True,True,True,/tmp/care_a03_adaptation_placement_audit/formal/checkpoints/ele-fashion/NS_run2.pt,0.48577117919921875,0.3518614172935486,0.20268306136131287,0.22230347990989685,0.311545729637146,0.2601707875728607
ele-fashion,NS,node,static,44,text,0.5080740451812744,0.1155359148979187,1.7795257568359375,0.31397220492362976,0.8687577247619629,0.24155475199222565,0.4826115369796753,0.47567662596702576,0.04171184450387955,0.5126265287399292,1.1222187280654907,2.189154624938965,0.2529259920120239,0.1285051318930357,0.0,"[1.4907722473144531,1.4993911981582642,1.4996013641357422,1.499147891998291,1.4981920719146729,1.4984066486358643,1.4982506036758423,1.4996987581253052,1.4992159605026245,1.4949432611465454,1.4990276098251343,1.49971342086792,1.4990954399108887,1.4913369417190552,1.4995285272598267,1.4992785453796387,1.4958420991897583,1.4993947744369507,1.4996026754379272,1.4870011806488037,1.4989665746688843,1.4995521306991577,1.4992616176605225,1.4978594779968262,1.4994196891784668,1.4984958171844482,1.4990257024765015,1.4986268281936646,1.4972420930862427,1.498428225517273,1.4996758699417114,1.496478796005249]","[0.0,0.0,0.0,0.0,0.0,0.0,0.0,0.0,0.0,0.0,0.0,0.0,0.0,0.0,0.0,0.0,0.0,0.0,0.0,0.0,0.0,0.0,0.0,0.0,0.0,0.0,0.0,0.0,0.0,0.0,0.0,0.0]",0.12698283791542053,0.180010586977005,0.8748082518577576,0.7411612230260342,0.4248315000187781,0.8748082518577576,0.7411612230260342,0.4248314812905927,True,True,True,/tmp/care_a03_adaptation_placement_audit/formal/checkpoints/ele-fashion/NS_run3.pt,0.40319710969924927,0.2427007257938385,0.41408005356788635,0.2120390683412552,0.18272285163402557,0.1134280264377594
ele-fashion,NS,node,static,44,visual,0.5182167887687683,0.11724595725536346,1.7913153171539307,0.5535938739776611,0.6720551252365112,0.34407269954681396,0.5568704605102539,0.09885849803686142,0.3442710041999817,0.5446790456771851,1.2389808893203735,2.2746989727020264,0.26669928431510925,0.13820804668470466,0.0,"[1.4996007680892944,1.4997315406799316,1.4996285438537598,1.49872624874115,1.4991708993911743,1.4998689889907837,1.4995384216308594,1.4997831583023071,1.4997097253799438,1.4998306035995483,1.4990266561508179,1.4997141361236572,1.4999122619628906,1.499704360961914,1.49917471408844,1.4979666471481323,1.497726559638977,1.4995766878128052,1.4997724294662476,1.4984793663024902,1.4992676973342896,1.4995923042297363,1.499770998954773,1.4994866847991943,1.4992239475250244,1.499496579170227,1.4977070093154907,1.4990440607070923,1.4993089437484741,1.499404788017273,1.4996755123138428,1.4994735717773438]","[0.0,0.0,0.0,0.0,0.0,0.0,0.0,0.0,0.0,0.0,0.0,0.0,0.0,0.0,0.0,0.0,0.0,0.0,0.0,0.0,0.0,0.0,0.0,0.0,0.0,0.0,0.0,0.0,0.0,0.0,0.0,0.0]",0.15996401011943817,0.1796501725912094,0.8748082518577576,0.7411612230260342,0.4248315000187781,0.8748082518577576,0.7411612230260342,0.4248314812905927,True,True,True,/tmp/care_a03_adaptation_placement_audit/formal/checkpoints/ele-fashion/NS_run3.pt,0.5119398832321167,0.33697810769081116,0.18480482697486877,0.20958957076072693,0.30325525999069214,0.24827957153320312
ele-fashion,NC,node,context,42,text,0.5044389963150024,0.11265688389539719,1.8577054738998413,0.3120408356189728,0.9015712738037109,0.22349177300930023,0.3822392225265503,0.5398604869842529,0.07790029048919678,0.5112892389297485,1.400903344154358,2.739943027496338,0.3086734414100647,0.15570692097399075,0.3677445948123932,"[0.975901186466217,0.885742723941803,1.0064083337783813,1.189391851425171,0.9588597416877747,0.9423027634620667,1.11125910282135,1.0528889894485474,0.9177323579788208,1.1257145404815674,1.1446744203567505,0.9126123785972595,1.1312332153320312,1.1511286497116089,1.2256923913955688,1.1585103273391724,0.9966703653335571,0.9419260025024414,1.0249069929122925,0.9908589124679565,1.1773868799209595,1.1060409545898438,0.9337945580482483,1.00504732131958,1.0868035554885864,0.8900617361068726,0.9908061027526855,1.1385464668273926,0.918678343296051,0.8899703025817871,0.9871361255645752,1.024389386177063]","[0.40731915831565857,0.34387868642807007,0.38455766439437866,0.36283907294273376,0.4172940254211426,0.3820813000202179,0.3706045150756836,0.3767441213130951,0.3851500451564789,0.3729199171066284,0.39008378982543945,0.35236436128616333,0.36458584666252136,0.35998034477233887,0.3451007306575775,0.37019583582878113,0.3411176800727844,0.3478272259235382,0.39152199029922485,0.3844013810157776,0.2740269899368286,0.38667815923690796,0.35557109117507935,0.351636677980423,0.3815966844558716,0.37309616804122925,0.3798316717147827,0.3630260229110718,0.3860527575016022,0.33437708020210266,0.3728349208831787,0.35853052139282227]",0.05828113108873367,0.2023186981678009,0.8734785914421082,0.7397832403643618,0.4066978346122437,0.8734785914421082,0.7397832403643618,0.40669782212678673,True,True,True,/tmp/care_a03_adaptation_placement_audit/formal/checkpoints/ele-fashion/NC_run1.pt,0.3612111806869507,0.22760111093521118,0.41987210512161255,0.19716788828372955,0.21891669929027557,0.1277499943971634
ele-fashion,NC,node,context,42,visual,0.5050151944160461,0.11257730424404144,1.8739736080169678,0.5618748068809509,0.6926203370094299,0.3324891924858093,0.49152058362960815,0.10893357545137405,0.3995458483695984,0.523537814617157,1.1305351257324219,2.159414529800415,0.24310104548931122,0.12276972175052858,0.2194182574748993,"[1.3880701065063477,1.4093997478485107,1.2557882070541382,1.3216373920440674,1.2800369262695312,1.3909019231796265,1.3798189163208008,1.4040967226028442,1.031864047050476,1.4132390022277832,1.327196478843689,1.367073893547058,1.4024420976638794,1.3652064800262451,1.411698341369629,1.2310234308242798,1.1591854095458984,1.4348607063293457,1.122377634048462,1.4042110443115234,1.2320477962493896,1.42842698097229,1.3903350830078125,0.9902274012565613,1.2011395692825317,1.3008967638015747,1.1260981559753418,1.452592134475708,1.057042121887207,1.051688313484192,1.4488571882247925,1.379532814025879]","[0.21083638072013855,0.17005613446235657,0.2101752907037735,0.19954173266887665,0.18152019381523132,0.18747378885746002,0.20224840939044952,0.18912722170352936,0.3390987515449524,0.17592841386795044,0.264941543340683,0.23946356773376465,0.13372136652469635,0.22344815731048584,0.1445446014404297,0.22168263792991638,0.33906853199005127,0.12198809534311295,0.2562749981880188,0.16986501216888428,0.29116830229759216,0.1485586166381836,0.20392203330993652,0.3159383535385132,0.321410596370697,0.1387719064950943,0.28347450494766235,0.14952948689460754,0.3980242609977722,0.3003723919391632,0.10448233783245087,0.18472620844841003]",0.027323920279741287,0.19894489645957947,0.8734785914421082,0.7397832403643618,0.4066978346122437,0.8734785914421082,0.7397832403643618,0.40669782212678673,True,True,True,/tmp/care_a03_adaptation_placement_audit/formal/checkpoints/ele-fashion/NC_run1.pt,0.46314311027526855,0.3381577134132385,0.19974006712436676,0.21244974434375763,0.3371168076992035,0.2570379078388214
ele-fashion,NC,node,context,43,text,0.5067915320396423,0.11189379543066025,1.8916945457458496,0.29028183221817017,0.9326248168945312,0.19980531930923462,0.3568827509880066,0.5571057200431824,0.08601149916648865,0.508960485458374,1.8427906036376953,3.620694875717163,0.4051332473754883,0.2053180991176191,0.38537776470184326,"[1.0742592811584473,0.9881554245948792,0.9406414031982422,1.1220158338546753,1.0809966325759888,1.0047273635864258,1.1812052726745605,1.1664406061172485,1.0544226169586182,1.1645314693450928,1.2028995752334595,1.0272576808929443,1.0100241899490356,1.057220697402954,1.0164707899093628,1.1182633638381958,0.9365882873535156,1.0613417625427246,1.1481645107269287,0.8626065850257874,1.0825480222702026,1.0426617860794067,1.1526148319244385,1.00616455078125,1.1549540758132935,1.1136326789855957,1.0898079872131348,1.0014305114746094,1.0998789072036743,1.052537441253662,1.143769383430481,1.1149611473083496]","[0.403586745262146,0.4305393099784851,0.3914523720741272,0.37983670830726624,0.4030816853046417,0.4112820327281952,0.37121474742889404,0.37707412242889404,0.3845773935317993,0.33771297335624695,0.3648921847343445,0.40209639072418213,0.4426327049732208,0.4211078882217407,0.4071653485298157,0.39961716532707214,0.34474536776542664,0.3706247806549072,0.38317400217056274,0.38088101148605347,0.3135126233100891,0.4039299786090851,0.36351150274276733,0.4279364347457886,0.3358496427536011,0.35424721240997314,0.3905472457408905,0.39729616045951843,0.40098559856414795,0.3634345233440399,0.37953346967697144,0.39400896430015564]",0.08346360176801682,0.21674099564552307,0.8717398047447205,0.7460856818483053,0.41306835173390033,0.8717398047447205,0.7460856818483053,0.413068320520258,True,True,True,/tmp/care_a03_adaptation_placement_audit/formal/checkpoints/ele-fashion/NC_run2.pt,0.34519582986831665,0.20877374708652496,0.4179137647151947,0.18257464468479156,0.23689042031764984,0.12333714216947556
ele-fashion,NC,node,context,43,visual,0.5092645883560181,0.11306847631931305,1.8293324708938599,0.5802192091941833,0.6582006216049194,0.34482479095458984,0.5199762582778931,0.10645827651023865,0.3735654652118683,0.5258404016494751,1.4867967367172241,2.827467679977417,0.31969746947288513,0.1628106001895695,0.24019630253314972,"[1.4058328866958618,1.3561956882476807,1.361167550086975,1.179738998413086,1.3809058666229248,1.1223738193511963,1.2803906202316284,1.4100793600082397,1.1619428396224976,1.278490662574768,1.2519501447677612,1.4471044540405273,1.2827119827270508,1.3934190273284912,1.28117036819458,1.3332865238189697,1.4283684492111206,1.3968751430511475,1.0007950067520142,1.3239176273345947,1.3814966678619385,1.4361029863357544,0.9750396013259888,0.9946690201759338,1.2072007656097412,1.3867762088775635,1.3465522527694702,1.1064218282699585,1.4217324256896973,1.3274675607681274,1.32127845287323,1.389310598373413]","[0.23465146124362946,0.2975284159183502,0.2819543182849884,0.2641308903694153,0.2716626822948456,0.37107226252555847,0.3250143527984619,0.23263651132583618,0.1763424128293991,0.33955690264701843,0.2451251596212387,0.13395759463310242,0.2472463995218277,0.25620725750923157,0.14626078307628632,0.2926025688648224,0.18633082509040833,0.16843447089195251,0.2365453541278839,0.17905601859092712,0.2695177495479584,0.17146240174770355,0.24687372148036957,0.23479819297790527,0.17856474220752716,0.24732939898967743,0.24593962728977203,0.27191245555877686,0.1647612601518631,0.32654809951782227,0.2726159989833832,0.16964133083820343]",0.09982077032327652,0.17752280831336975,0.8717398047447205,0.7460856818483053,0.41306835173390033,0.8717398047447205,0.7460856818483053,0.413068320520258,True,True,True,/tmp/care_a03_adaptation_placement_audit/formal/checkpoints/ele-fashion/NC_run2.pt,0.4907153248786926,0.3486652970314026,0.18923695385456085,0.21252335608005524,0.3200477063655853,0.2633301913738251
ele-fashion,NC,node,context,44,text,0.506955087184906,0.1127682477235794,1.8188258409500122,0.3432369828224182,0.9161207675933838,0.223859503865242,0.5966389179229736,0.23811958730220795,0.16524149477481842,0.5157846212387085,2.1288914680480957,4.127481460571289,0.46544891595840454,0.23596169576981296,0.42253023386001587,"[0.9281409978866577,1.0817410945892334,1.0097072124481201,0.9984828233718872,0.9424390196800232,0.9069017767906189,0.9292263984680176,1.0377535820007324,0.9465492963790894,1.000372290611267,1.063022494316101,0.9212237596511841,0.8976860046386719,0.990737795829773,0.9376057982444763,0.9324525594711304,0.9421645402908325,0.9772535562515259,0.95855712890625,0.9061305522918701,0.9273341298103333,0.9649080634117126,0.986875057220459,0.9816690683364868,0.9320805668830872,0.9437024593353271,0.9495474100112915,0.9428422451019287,1.0290549993515015,1.0011582374572754,0.9483485221862793,1.0757728815078735]","[0.43728896975517273,0.3914868235588074,0.37624868750572205,0.4356428384780884,0.4331783652305603,0.37794560194015503,0.3589511811733246,0.4362441599369049,0.4424487352371216,0.42456144094467163,0.4256485104560852,0.4259909987449646,0.4413880407810211,0.4274914860725403,0.44010740518569946,0.44293269515037537,0.397080659866333,0.43629124760627747,0.44971224665641785,0.43147021532058716,0.4115135073661804,0.4426409900188446,0.4210328459739685,0.4304925203323364,0.4414324462413788,0.4265821874141693,0.36084455251693726,0.4307590126991272,0.42067864537239075,0.4259873330593109,0.4484994411468506,0.4283939003944397]",0.056181930005550385,0.206015482544899,0.8730694651603699,0.7450919818171559,0.4060133631346208,0.8730694651603699,0.7450919818171559,0.40601335689189233,True,True,True,/tmp/care_a03_adaptation_placement_audit/formal/checkpoints/ele-fashion/NC_run3.pt,0.43940937519073486,0.23439903557300568,0.30235540866851807,0.17323705554008484,0.25823521614074707,0.13772597908973694
ele-fashion,NC,node,context,44,visual,0.5108895301818848,0.11361254751682281,1.865026593208313,0.5571066737174988,0.695003092288971,0.32849687337875366,0.5085203647613525,0.08796513825654984,0.4035145044326782,0.5259076952934265,1.8996518850326538,3.6121394634246826,0.41038432717323303,0.2096610561035419,0.31741783022880554,"[1.098407506942749,1.2273184061050415,1.0855317115783691,0.9972902536392212,1.3429088592529297,1.27153480052948,1.2919408082962036,1.2721505165100098,1.261558175086975,1.2404239177703857,1.3404008150100708,1.3475128412246704,1.0914987325668335,1.1765449047088623,1.2853741645812988,1.2807137966156006,0.9259956479072571,1.3098301887512207,1.3139617443084717,1.2172998189926147,1.2499446868896484,1.2559678554534912,1.320115566253662,1.2972620725631714,1.2606375217437744,1.130053162574768,0.8341667056083679,1.3045424222946167,1.3801969289779663,1.2950968742370605,1.0316027402877808,1.287656545639038]","[0.4090171754360199,0.3861164450645447,0.29696589708328247,0.27546167373657227,0.24572834372520447,0.36658838391304016,0.3552388846874237,0.37208932638168335,0.3719218969345093,0.38371822237968445,0.17879194021224976,0.29239386320114136,0.3656765818595886,0.40089190006256104,0.3374271094799042,0.1660030633211136,0.3334996998310089,0.3340431749820709,0.3330259621143341,0.24319852888584137,0.3088938295841217,0.38088762760162354,0.30748870968818665,0.3510938882827759,0.27689045667648315,0.31866344809532166,0.3418378531932831,0.2556999921798706,0.13450640439987183,0.3459875285625458,0.3289797306060791,0.3586427867412567]",0.11011690646409988,0.17833402752876282,0.8730694651603699,0.7450919818171559,0.4060133631346208,0.8730694651603699,0.7450919818171559,0.40601335689189233,True,True,True,/tmp/care_a03_adaptation_placement_audit/formal/checkpoints/ele-fashion/NC_run3.pt,0.476686030626297,0.33149057626724243,0.1816013902425766,0.2002459615468979,0.3417125344276428,0.25563088059425354
