dataset,seed,fold,model,target,modality,operator,n_edges,spearman,pearson,r2,sign_auroc,sign_balanced_accuracy,within_target_residual_spearman,degree5_target_count,degree5_target_rank_mean,degree5_target_rank_median,best_epoch,epochs_run,best_inner_weighted_huber,finite_gradients,parameter_count,variant,feature_scaler_rows,target_scaler_rows,feature_scaler_fit_rows_exact_inner_train,target_scaler_fit_rows_exact_inner_train,outer_test_targets_passed_to_trainer,feature_mask_kept
Movies,42,0,SIM_ONLY,G_D_text,text,absdiff,10533,0.05080687382528751,0.009769813050975183,-0.008911291569492885,0.565440113858268,0.5050444526609353,0.02268508843613935,568,0.04369843327152512,0.06240601503759398,42,57,0.8927686810493469,True,198020,SIM_ONLY,18983,18983,True,True,False,2
Movies,42,0,SIM_ONLY,G_P_text,text,product,10533,0.07561239525025402,0.011081740782036937,-0.00012530114424480487,0.561709013678416,0.5359954172386887,0.08006448559864328,568,0.06376803921410554,0.0768706430646306,42,57,0.8927686810493469,True,198020,SIM_ONLY,18983,18983,True,True,False,2
Movies,42,0,SIM_ONLY,G_D_visual,visual,absdiff,10533,-0.014867262693656739,0.029285607226691077,-0.011287564843030173,0.46037283135164525,0.5,-0.011390673496979536,568,-0.03155734616380133,-0.010396466278819221,42,57,0.8927686810493469,True,198020,SIM_ONLY,18983,18983,True,True,False,2
Movies,42,0,SIM_ONLY,G_P_visual,visual,product,10533,0.005335165465968121,0.017558708405813188,-0.004467598695475861,0.4927666032639538,0.49990488871980215,-0.011112566779418168,568,-0.015536558065108303,-0.007905609407277928,42,57,0.8927686810493469,True,198020,SIM_ONLY,18983,18983,True,True,False,2
Movies,42,0,TARGET_ONLY,G_D_text,text,absdiff,10533,0.07235722688127859,0.012099256449745185,-0.03242011809536538,0.6082443753681164,0.5873930952987014,,568,,,2,34,0.8995876908302307,True,198020,TARGET_ONLY,18983,18983,True,True,False,513
Movies,42,0,TARGET_ONLY,G_P_text,text,product,10533,-0.027362042661550505,0.005446992627034937,-0.00995778490658994,0.4818988427137643,0.48774056479021466,,568,,,2,34,0.8995876908302307,True,198020,TARGET_ONLY,18983,18983,True,True,False,513
Movies,42,0,TARGET_ONLY,G_D_visual,visual,absdiff,10533,0.026760856478036492,0.0030523966103321145,-0.027759975455344366,0.5108259542541587,0.5005074953946951,,568,,,2,34,0.8995876908302307,True,198020,TARGET_ONLY,18983,18983,True,True,False,513
Movies,42,0,TARGET_ONLY,G_P_visual,visual,product,10533,0.02204986661259306,0.011039089875517842,-0.013947398798621169,0.516522195828862,0.528997330971247,,568,,,2,34,0.8995876908302307,True,198020,TARGET_ONLY,18983,18983,True,True,False,513
Movies,42,0,ENDPOINT,G_D_text,text,absdiff,10533,0.033830884625912196,-0.014369095329980968,-0.040166598854634694,0.5396084821436866,0.528273471655274,0.011343507980089332,568,0.023083583284342648,0.023809523809523815,2,34,0.9059969782829285,True,198020,ENDPOINT,18983,18983,True,True,False,1028
Movies,42,0,ENDPOINT,G_P_text,text,product,10533,0.027069184924671627,0.023379251795982187,-0.02712245344598685,0.5139703803201714,0.5111712488792757,0.04815731722354519,568,0.0622571328084727,0.08571428571428573,2,34,0.9059969782829285,True,198020,ENDPOINT,18983,18983,True,True,False,1028
Movies,42,0,ENDPOINT,G_D_visual,visual,absdiff,10533,0.02761871207379884,0.016474606378186173,-0.03906078404259561,0.49898286589660273,0.5015603513982115,0.01197095947735839,568,0.005623999643915781,0.0,2,34,0.9059969782829285,True,198020,ENDPOINT,18983,18983,True,True,False,1028
Movies,42,0,ENDPOINT,G_P_visual,visual,product,10533,0.017309386101072067,0.022247318759555136,-0.01913906141241517,0.5053905706143209,0.5058946640048007,0.0028192082772250174,568,0.007062067541782203,0.003672818546238215,2,34,0.9059969782829285,True,198020,ENDPOINT,18983,18983,True,True,False,1028
Movies,42,0,ENDPOINT_LOCAL,G_D_text,text,absdiff,10533,0.0592580686053174,0.012746376910499076,-0.04797350926496313,0.5375228952106322,0.5223126345889082,0.024935596687671507,568,0.06142195199524053,0.07142857142857144,6,34,0.9123535752296448,True,198020,ENDPOINT_LOCAL,18983,18983,True,True,False,1542
Movies,42,0,ENDPOINT_LOCAL,G_P_text,text,product,10533,0.04119668906912101,0.018528778731337684,-0.030925781364325555,0.5177110482664118,0.5112407145859328,0.034538983375987965,568,0.04672835612214435,0.055758195293079016,6,34,0.9123535752296448,True,198020,ENDPOINT_LOCAL,18983,18983,True,True,False,1542
Movies,42,0,ENDPOINT_LOCAL,G_D_visual,visual,absdiff,10533,0.05906125165067662,0.02182690033336295,-0.047087018029750904,0.5271388111676436,0.5197368198409209,0.020097339776795682,568,0.0399470105469118,0.045887445887445893,6,34,0.9123535752296448,True,198020,ENDPOINT_LOCAL,18983,18983,True,True,False,1542
Movies,42,0,ENDPOINT_LOCAL,G_P_visual,visual,product,10533,0.0465297767365218,0.055091449526205996,-0.024540694737765767,0.5235738968497615,0.5144195262665051,0.019822603326686172,568,0.02037214997098805,0.027922077922077924,6,34,0.9123535752296448,True,198020,ENDPOINT_LOCAL,18983,18983,True,True,False,1542
Movies,42,1,SIM_ONLY,G_D_text,text,absdiff,10534,0.022261242726912087,-0.0002574051740487561,-0.009811694080663846,0.5490754742574655,0.5155264795721753,0.039624682539333426,569,0.05336530605996734,0.08214285714285713,31,46,1.2160643339157104,True,198020,SIM_ONLY,18998,18998,True,True,False,2
Movies,42,1,SIM_ONLY,G_P_text,text,product,10534,0.018017284676029893,0.004468228327930576,-0.0004969408964996536,0.5168096261915878,0.5156393408103792,0.030362889026555585,569,0.040511645762270475,0.07142857142857144,31,46,1.2160643339157104,True,198020,SIM_ONLY,18998,18998,True,True,False,2
Movies,42,1,SIM_ONLY,G_D_visual,visual,absdiff,10534,-0.017887817182075844,0.010893201956037529,-0.005013732110811686,0.4541326002984222,0.5,-0.002295037307255747,569,0.0041346614064251,0.001976284584980237,31,46,1.2160643339157104,True,198020,SIM_ONLY,18998,18998,True,True,False,2
Movies,42,1,SIM_ONLY,G_P_visual,visual,product,10534,0.03536572606005156,0.017457933607724112,0.0002913266219178867,0.5153650842085843,0.5068811056340861,0.014177022762722586,569,0.006209905052605846,0.015384615384615385,31,46,1.2160643339157104,True,198020,SIM_ONLY,18998,18998,True,True,False,2
Movies,42,1,TARGET_ONLY,G_D_text,text,absdiff,10534,0.03851133007997244,0.01493744938880896,-0.017213254206777995,0.5197108641545521,0.5196221145003156,,569,,,6,34,1.2167980670928955,True,198020,TARGET_ONLY,18998,18998,True,True,False,513
Movies,42,1,TARGET_ONLY,G_P_text,text,product,10534,0.03328907576738817,0.005684334791480759,-0.016550214140390818,0.5135839383685362,0.5339951247568788,,569,,,6,34,1.2167980670928955,True,198020,TARGET_ONLY,18998,18998,True,True,False,513
Movies,42,1,TARGET_ONLY,G_D_visual,visual,absdiff,10534,-0.031128704122378996,0.006835294012670742,-0.02761416340858891,0.49520481725759935,0.5019256384123463,,569,,,6,34,1.2167980670928955,True,198020,TARGET_ONLY,18998,18998,True,True,False,513
Movies,42,1,TARGET_ONLY,G_P_visual,visual,product,10534,0.015117040966551205,0.007663294634383512,-0.01571388932504325,0.5127593223493461,0.5134547079602256,,569,,,6,34,1.2167980670928955,True,198020,TARGET_ONLY,18998,18998,True,True,False,513
Movies,42,1,ENDPOINT,G_D_text,text,absdiff,10534,0.03488171089749593,0.00515841862242207,-0.023547365965472355,0.5340349659969691,0.5259919939500257,0.0010336666918205036,569,0.04354965271146863,0.07142857142857144,2,34,1.2258886098861694,True,198020,ENDPOINT,18998,18998,True,True,False,1028
Movies,42,1,ENDPOINT,G_P_text,text,product,10534,0.00041832711409862846,-0.007855152573547583,-0.02166563489238782,0.49424257745449757,0.49002745021622274,0.006834574252023812,569,0.014239327606759764,0.02696078431372549,2,34,1.2258886098861694,True,198020,ENDPOINT,18998,18998,True,True,False,1028
Movies,42,1,ENDPOINT,G_D_visual,visual,absdiff,10534,0.00803202019061363,0.022445989594424946,-0.02322743878039968,0.49138597924813787,0.4994788463006281,0.020551014101289414,569,0.03737252138477034,0.04821763602251408,2,34,1.2258886098861694,True,198020,ENDPOINT,18998,18998,True,True,False,1028
Movies,42,1,ENDPOINT,G_P_visual,visual,product,10534,-0.004300016958372884,-0.02006640417195013,-0.04329941352961009,0.5102661307586086,0.49725499510277854,-0.009942564896733787,569,0.016399523477313292,0.0,2,34,1.2258886098861694,True,198020,ENDPOINT,18998,18998,True,True,False,1028
Movies,42,1,ENDPOINT_LOCAL,G_D_text,text,absdiff,10534,0.03479452701614118,0.014188119749040079,-0.029452406192103098,0.5139555460462389,0.5167433010541944,0.02088476789506722,569,0.039248912065292206,0.03571428571428572,6,34,1.2233612537384033,True,198020,ENDPOINT_LOCAL,18998,18998,True,True,False,1542
Movies,42,1,ENDPOINT_LOCAL,G_P_text,text,product,10534,0.04040609961122601,0.013143677982112516,-0.03681763876307742,0.5269612811198588,0.5196984831895941,0.021210296195773904,569,0.04124067552649734,0.049999999999999996,6,34,1.2233612537384033,True,198020,ENDPOINT_LOCAL,18998,18998,True,True,False,1542
Movies,42,1,ENDPOINT_LOCAL,G_D_visual,visual,absdiff,10534,0.010993683070467124,0.03532703567535898,-0.032897497544775556,0.5265173470960712,0.5238030937724958,0.008277439399168328,569,0.03314871133723283,0.03199174406604747,6,34,1.2233612537384033,True,198020,ENDPOINT_LOCAL,18998,18998,True,True,False,1542
Movies,42,1,ENDPOINT_LOCAL,G_P_visual,visual,product,10534,0.027401623900194957,0.026905751301474032,-0.04086580915543814,0.5182924882880572,0.5084982978300556,-0.007759044215000017,569,0.023614890632625597,0.01754905590522029,6,34,1.2233612537384033,True,198020,ENDPOINT_LOCAL,18998,18998,True,True,False,1542
Movies,42,2,SIM_ONLY,G_D_text,text,absdiff,10534,0.01224920404768348,-0.003062173601807802,-0.0033299665848127713,0.5629283987134295,0.5484062272122368,0.020612559872075525,569,0.044369760388695216,0.06428571428571428,17,34,0.9065281748771667,True,198020,SIM_ONLY,18932,18932,True,True,False,2
Movies,42,2,SIM_ONLY,G_P_text,text,product,10534,0.01537134069678447,0.0028321586391909124,-0.0015371654189086925,0.49657524548742316,0.5008266804909054,0.009728197919350128,569,0.014894334590609891,0.028571428571428574,17,34,0.9065281748771667,True,198020,SIM_ONLY,18932,18932,True,True,False,2
Movies,42,2,SIM_ONLY,G_D_visual,visual,absdiff,10534,0.007856155930889758,0.013028154541391883,-0.001520101601958146,0.4715240007197967,0.5007004521222754,-0.0028561777582493332,569,-0.027930206236965315,-0.013415892672858616,17,34,0.9065281748771667,True,198020,SIM_ONLY,18932,18932,True,True,False,2
Movies,42,2,SIM_ONLY,G_P_visual,visual,product,10534,0.01569579886543724,0.00895142243248243,-0.00036494557701494124,0.4960052476096354,0.5005410520200333,-0.028236236233415857,569,-0.03104669965948811,-0.03011583011583012,17,34,0.9065281748771667,True,198020,SIM_ONLY,18932,18932,True,True,False,2
Movies,42,2,TARGET_ONLY,G_D_text,text,absdiff,10534,0.07263817180970802,0.018578122712968676,-0.029362435985455626,0.5805557727602007,0.5480711328735186,,569,,,2,34,0.9070843458175659,True,198020,TARGET_ONLY,18932,18932,True,True,False,513
Movies,42,2,TARGET_ONLY,G_P_text,text,product,10534,-0.00835453730643608,-0.013025877424853116,-0.03142417901012218,0.49396752100577423,0.4872066767132843,,569,,,2,34,0.9070843458175659,True,198020,TARGET_ONLY,18932,18932,True,True,False,513
Movies,42,2,TARGET_ONLY,G_D_visual,visual,absdiff,10534,0.017562283741578383,0.014715687469084877,-0.012369452067010567,0.47765994856453053,0.4879699110001425,,569,,,2,34,0.9070843458175659,True,198020,TARGET_ONLY,18932,18932,True,True,False,513
Movies,42,2,TARGET_ONLY,G_P_visual,visual,product,10534,0.04087028058222506,0.012825846995967722,-0.013208002587370649,0.518729612741611,0.5201417026238193,,569,,,2,34,0.9070843458175659,True,198020,TARGET_ONLY,18932,18932,True,True,False,513
Movies,42,2,ENDPOINT,G_D_text,text,absdiff,10534,0.0515870564742827,0.009864378131446383,-0.035097649152272314,0.544399400694935,0.5294479691515477,0.020705363496532177,569,0.03387986048500504,0.028571428571428574,2,34,0.9129267930984497,True,198020,ENDPOINT,18932,18932,True,True,False,1028
Movies,42,2,ENDPOINT,G_P_text,text,product,10534,0.013477075787704431,0.001219149491941275,-0.0436559517874584,0.5059696514217644,0.502264291226765,0.0091438624226707,569,0.004851990229024928,0.023809523809523815,2,34,0.9129267930984497,True,198020,ENDPOINT,18932,18932,True,True,False,1028
Movies,42,2,ENDPOINT,G_D_visual,visual,absdiff,10534,0.028281984118420894,0.020827838546536012,-0.028356043501839512,0.49130903644720364,0.49501428346492116,0.01167664808372712,569,0.010689776126875643,0.0303030303030303,2,34,0.9129267930984497,True,198020,ENDPOINT,18932,18932,True,True,False,1028
Movies,42,2,ENDPOINT,G_P_visual,visual,product,10534,0.01922410129161824,0.02630611348496094,-0.020691301380024285,0.5080557074804147,0.5050389413221963,-0.009694209112214221,569,0.004610408259176368,0.02344767694311767,2,34,0.9129267930984497,True,198020,ENDPOINT,18932,18932,True,True,False,1028
Movies,42,2,ENDPOINT_LOCAL,G_D_text,text,absdiff,10534,0.06790177801849034,0.01059433105418914,-0.07725762427248384,0.5769778130697877,0.5541959293752355,0.014918591283370081,569,0.019542017133479604,0.028571428571428574,7,34,0.9232354164123535,True,198020,ENDPOINT_LOCAL,18932,18932,True,True,False,1542
Movies,42,2,ENDPOINT_LOCAL,G_P_text,text,product,10534,0.005631970559280867,-0.026063798565923522,-0.12074784452534848,0.5124206489570405,0.5156435223650224,0.02260880747042952,569,0.028721361673746473,0.03674727358937885,7,34,0.9232354164123535,True,198020,ENDPOINT_LOCAL,18932,18932,True,True,False,1542
Movies,42,2,ENDPOINT_LOCAL,G_D_visual,visual,absdiff,10534,0.00609531346364274,0.011865745181913193,-0.07222999390151141,0.48608087590255755,0.486780934386036,0.03349928002247514,569,0.036930230022352795,0.01818181818181818,7,34,0.9232354164123535,True,198020,ENDPOINT_LOCAL,18932,18932,True,True,False,1542
Movies,42,2,ENDPOINT_LOCAL,G_P_visual,visual,product,10534,0.013018563975875364,0.017256441822233362,-0.05256180423402679,0.5118790395906567,0.5105519386862039,-0.011074216607796289,569,0.010105640313489291,0.03921568627450981,7,34,0.9232354164123535,True,198020,ENDPOINT_LOCAL,18932,18932,True,True,False,1542
Movies,43,0,SIM_ONLY,G_D_text,text,absdiff,10421,0.017486107507665046,-0.024992938887602817,-0.0093987029617697,0.5570869157057134,0.5058603461222336,0.01711696311489585,592,0.02572412968473957,0.024719366654850528,45,60,0.7841940522193909,True,198020,SIM_ONLY,18907,18907,True,True,False,2
Movies,43,0,SIM_ONLY,G_P_text,text,product,10421,0.05508479898579734,0.03158010482146907,0.0005856381518407616,0.5196973448405962,0.4968015689846255,0.015528046705122795,592,0.023246115225802676,0.04530216431912959,45,60,0.7841940522193909,True,198020,SIM_ONLY,18907,18907,True,True,False,2
Movies,43,0,SIM_ONLY,G_D_visual,visual,absdiff,10421,0.014651778959634211,0.029427359045095747,-0.0032152686204505176,0.4442049403252949,0.5,0.0017399621243745361,592,-0.02397834354958618,-0.025641025641025644,45,60,0.7841940522193909,True,198020,SIM_ONLY,18907,18907,True,True,False,2
Movies,43,0,SIM_ONLY,G_P_visual,visual,product,10421,0.04057094406716332,0.05318756635348874,0.0019583117238796133,0.49812152291779777,0.5080848056992001,0.026998774884975454,592,0.004401645075270359,0.0,45,60,0.7841940522193909,True,198020,SIM_ONLY,18907,18907,True,True,False,2
Movies,43,0,TARGET_ONLY,G_D_text,text,absdiff,10421,0.04836497148477844,-0.0036093240962278106,-0.029325085165200715,0.5460764180912093,0.5377407431835939,,592,,,8,34,0.7897277474403381,True,198020,TARGET_ONLY,18907,18907,True,True,False,513
Movies,43,0,TARGET_ONLY,G_P_text,text,product,10421,0.030891976178578827,0.005736145111965893,-0.01262240584558616,0.5090649169967931,0.5157303751650633,,592,,,8,34,0.7897277474403381,True,198020,TARGET_ONLY,18907,18907,True,True,False,513
Movies,43,0,TARGET_ONLY,G_D_visual,visual,absdiff,10421,0.055300658772725844,0.029699337839463824,-0.01491030113464209,0.523037412668989,0.5188805125796546,,592,,,8,34,0.7897277474403381,True,198020,TARGET_ONLY,18907,18907,True,True,False,513
Movies,43,0,TARGET_ONLY,G_P_visual,visual,product,10421,0.04365412316678495,0.02063393597892567,-0.023013838668798803,0.5087993476177348,0.5000902078883978,,592,,,8,34,0.7897277474403381,True,198020,TARGET_ONLY,18907,18907,True,True,False,513
Movies,43,0,ENDPOINT,G_D_text,text,absdiff,10421,0.05712374266717738,0.01394967498559142,-0.036333828517351785,0.5124387957498598,0.5139860627708044,0.052246918968105543,592,0.08397572671295914,0.09999999999999999,5,34,0.7933613657951355,True,198020,ENDPOINT,18907,18907,True,True,False,1028
Movies,43,0,ENDPOINT,G_P_text,text,product,10421,0.04029109392969072,-0.0030063115229651935,-0.025038454805918597,0.5375877266671383,0.5290582702556121,-0.0001651900727090849,592,0.021298919399081594,0.03470072239422085,5,34,0.7933613657951355,True,198020,ENDPOINT,18907,18907,True,True,False,1028
Movies,43,0,ENDPOINT,G_D_visual,visual,absdiff,10421,0.02908059952226447,0.0055767282834912535,-0.037802875998423024,0.5462037445506163,0.5333491079770115,0.029598208181300933,592,0.011018029705586786,0.0,5,34,0.7933613657951355,True,198020,ENDPOINT,18907,18907,True,True,False,1028
Movies,43,0,ENDPOINT,G_P_visual,visual,product,10421,0.05437153528351315,0.028267153429612873,-0.029543907877666253,0.5205787924565267,0.5152139478819254,0.020640085781769808,592,0.015187861728378202,-0.002747252747252747,5,34,0.7933613657951355,True,198020,ENDPOINT,18907,18907,True,True,False,1028
Movies,43,0,ENDPOINT_LOCAL,G_D_text,text,absdiff,10421,0.05047419044715832,-0.015257259977546879,-0.062474594864391664,0.5242009722843161,0.5140596302347056,0.039156393278084234,592,0.06799023750974469,0.08452380952380953,5,34,0.7937432527542114,True,198020,ENDPOINT_LOCAL,18907,18907,True,True,False,1542
Movies,43,0,ENDPOINT_LOCAL,G_P_text,text,product,10421,0.033058889844501685,-0.001574659528714025,-0.026245619431606748,0.5284358935813998,0.5208665670392378,0.01296189665737426,592,0.03957680616104982,0.035730250977069805,5,34,0.7937432527542114,True,198020,ENDPOINT_LOCAL,18907,18907,True,True,False,1542
Movies,43,0,ENDPOINT_LOCAL,G_D_visual,visual,absdiff,10421,0.028442355286623446,0.019660947027732186,-0.029238914040449426,0.5439258517817771,0.5310224884480157,0.014953541401212562,592,-0.010180359573290651,0.0,5,34,0.7937432527542114,True,198020,ENDPOINT_LOCAL,18907,18907,True,True,False,1542
Movies,43,0,ENDPOINT_LOCAL,G_P_visual,visual,product,10421,0.022320993537604566,0.02118503619231294,-0.04482013989355904,0.5026463261843258,0.5040910766364196,0.024418349031538812,592,0.012022027276434316,0.012825855123971022,5,34,0.7937432527542114,True,198020,ENDPOINT_LOCAL,18907,18907,True,True,False,1542
Movies,43,1,SIM_ONLY,G_D_text,text,absdiff,10422,0.03429565150002575,-0.0066150016852925065,-0.007116071120801815,0.5420589339709679,0.5077234052025107,0.04946884313544818,592,0.06872454916776147,0.08571428571428573,44,59,0.8241804838180542,True,198020,SIM_ONLY,18590,18590,True,True,False,2
Movies,43,1,SIM_ONLY,G_P_text,text,product,10422,0.06203969199085257,0.01966710155889414,-4.500815682928483e-05,0.5307313071480153,0.5098862514871911,0.030392260624062202,592,0.010837586437688446,0.042191142191142186,44,59,0.8241804838180542,True,198020,SIM_ONLY,18590,18590,True,True,False,2
Movies,43,1,SIM_ONLY,G_D_visual,visual,absdiff,10422,0.00026235245308748353,0.016668288726508176,-0.010555393304176874,0.4482236072643941,0.5,-0.021034106145004033,592,-0.02692977430544786,-0.019090909090909092,44,59,0.8241804838180542,True,198020,SIM_ONLY,18590,18590,True,True,False,2
Movies,43,1,SIM_ONLY,G_P_visual,visual,product,10422,0.03246154279834916,0.0367668175483906,-0.0033899981461398276,0.5019931705344473,0.5059650561646409,0.01772217777719282,592,0.01855554151000978,0.01818181818181818,44,59,0.8241804838180542,True,198020,SIM_ONLY,18590,18590,True,True,False,2
Movies,43,1,TARGET_ONLY,G_D_text,text,absdiff,10422,0.08593769122508658,0.03307196595578928,-0.018665460337970785,0.5313158304327679,0.5180455908514122,,592,,,7,34,0.8243897557258606,True,198020,TARGET_ONLY,18590,18590,True,True,False,513
Movies,43,1,TARGET_ONLY,G_P_text,text,product,10422,0.029073865027486642,0.019415589604966213,-0.020186634241472712,0.5247259585443629,0.5124010946743502,,592,,,7,34,0.8243897557258606,True,198020,TARGET_ONLY,18590,18590,True,True,False,513
Movies,43,1,TARGET_ONLY,G_D_visual,visual,absdiff,10422,0.0502699484061738,0.0055485911745891845,-0.03274571400130122,0.5290797322534855,0.5056468420700472,,592,,,7,34,0.8243897557258606,True,198020,TARGET_ONLY,18590,18590,True,True,False,513
Movies,43,1,TARGET_ONLY,G_P_visual,visual,product,10422,0.030236766379200728,-0.02324551349253393,-0.031243344742267753,0.5160493585108306,0.5113566578759876,,592,,,7,34,0.8243897557258606,True,198020,TARGET_ONLY,18590,18590,True,True,False,513
Movies,43,1,ENDPOINT,G_D_text,text,absdiff,10422,0.06410217743446654,0.012725742345230112,-0.030997685746318338,0.5131132097265505,0.5088028263277138,0.01561646440861682,592,0.030310452642826415,0.016508736211736826,3,34,0.8278160095214844,True,198020,ENDPOINT,18590,18590,True,True,False,1028
Movies,43,1,ENDPOINT,G_P_text,text,product,10422,0.005580066466978011,-0.00835064534417745,-0.045400220238172695,0.5106036864701408,0.5083522998888909,0.009622291095876716,592,0.023146232286564518,0.021551350202939863,3,34,0.8278160095214844,True,198020,ENDPOINT,18590,18590,True,True,False,1028
Movies,43,1,ENDPOINT,G_D_visual,visual,absdiff,10422,0.01730834866563984,0.007408227601728346,-0.03691310730699526,0.4771990391682658,0.48372573925515533,0.014826584366069404,592,0.00972856440195536,0.013275605380868537,3,34,0.8278160095214844,True,198020,ENDPOINT,18590,18590,True,True,False,1028
Movies,43,1,ENDPOINT,G_P_visual,visual,product,10422,0.03521748845991188,0.02159146125175831,-0.03205030872415171,0.5162523254240853,0.5072299347433866,-0.002650229388919861,592,-0.005968280631016647,0.0,3,34,0.8278160095214844,True,198020,ENDPOINT,18590,18590,True,True,False,1028
Movies,43,1,ENDPOINT_LOCAL,G_D_text,text,absdiff,10422,0.055609882407913015,0.008642727080972603,-0.05575922230671959,0.5333437395877393,0.5245371878259404,0.02263188823437253,592,0.03880475633420158,0.04673209390190522,6,34,0.8285413384437561,True,198020,ENDPOINT_LOCAL,18590,18590,True,True,False,1542
Movies,43,1,ENDPOINT_LOCAL,G_P_text,text,product,10422,0.01980171845270694,0.03410383536047282,-0.038999945907246536,0.5077388996993007,0.5048866155169017,-0.006213309246592389,592,-0.0002756121748499635,0.019774669774669774,6,34,0.8285413384437561,True,198020,ENDPOINT_LOCAL,18590,18590,True,True,False,1542
Movies,43,1,ENDPOINT_LOCAL,G_D_visual,visual,absdiff,10422,0.04955547068650685,0.0217846719198438,-0.051036723932042616,0.5379432652297206,0.532508958613081,0.03218880822434093,592,0.02850402607352035,0.02918118466898955,6,34,0.8285413384437561,True,198020,ENDPOINT_LOCAL,18590,18590,True,True,False,1542
Movies,43,1,ENDPOINT_LOCAL,G_P_visual,visual,product,10422,0.016343607111024276,0.010653416393740067,-0.04968926393006967,0.5090641692985534,0.5055748147045375,-0.017180782780531385,592,-0.020318301947819646,-0.016666666666666666,6,34,0.8285413384437561,True,198020,ENDPOINT_LOCAL,18590,18590,True,True,False,1542
Movies,43,2,SIM_ONLY,G_D_text,text,absdiff,10422,0.049734626270877505,-0.021370559611685366,-0.0040221244184466265,0.5574070347381684,0.4997409768016736,0.045055242382298105,591,0.060655736759973454,0.08333333333333334,6,34,0.9840662479400635,True,198020,SIM_ONLY,18891,18891,True,True,False,2
Movies,43,2,SIM_ONLY,G_P_text,text,product,10422,0.03311798639473291,0.017567522791852922,-0.004974573033620366,0.5084976313448593,0.5,0.0240989898656337,591,0.021647659857334564,0.034965034965034975,6,34,0.9840662479400635,True,198020,SIM_ONLY,18891,18891,True,True,False,2
Movies,43,2,SIM_ONLY,G_D_visual,visual,absdiff,10422,-0.01837598676891641,0.033328708582266664,-0.0005315582648186545,0.44287015149670583,0.5,0.003633023273914089,591,-0.02897763738433998,-0.0303030303030303,6,34,0.9840662479400635,True,198020,SIM_ONLY,18891,18891,True,True,False,2
Movies,43,2,SIM_ONLY,G_P_visual,visual,product,10422,0.049536524666851246,0.05422781957694643,0.0015395920496449333,0.5209447653155339,0.5050835753023855,0.03327407548042265,591,0.017369716564432435,0.014782608695652172,6,34,0.9840662479400635,True,198020,SIM_ONLY,18891,18891,True,True,False,2
Movies,43,2,TARGET_ONLY,G_D_text,text,absdiff,10422,0.022414456548224628,0.009865230605234107,-0.02252981036927193,0.49211150650204916,0.4901784064985951,,591,,,2,34,0.9926820993423462,True,198020,TARGET_ONLY,18891,18891,True,True,False,513
Movies,43,2,TARGET_ONLY,G_P_text,text,product,10422,0.024903561121186614,0.014893135016594103,-0.012386186756597972,0.5068571188856272,0.4982570982309779,,591,,,2,34,0.9926820993423462,True,198020,TARGET_ONLY,18891,18891,True,True,False,513
Movies,43,2,TARGET_ONLY,G_D_visual,visual,absdiff,10422,0.05662506753006144,0.01998959075917925,-0.015308337811433592,0.5693847006204896,0.5569200160565385,,591,,,2,34,0.9926820993423462,True,198020,TARGET_ONLY,18891,18891,True,True,False,513
Movies,43,2,TARGET_ONLY,G_P_visual,visual,product,10422,0.043404560511375735,0.028140682475942442,-0.008254485678727663,0.5253440106874985,0.5358980889470837,,591,,,2,34,0.9926820993423462,True,198020,TARGET_ONLY,18891,18891,True,True,False,513
Movies,43,2,ENDPOINT,G_D_text,text,absdiff,10422,0.049522663818534415,0.003891824544248585,-0.04211810442635344,0.5222844051439702,0.5169257899850871,0.025453032466014387,591,0.04342747635086931,0.028571428571428574,2,34,0.994137704372406,True,198020,ENDPOINT,18891,18891,True,True,False,1028
Movies,43,2,ENDPOINT,G_P_text,text,product,10422,0.02033862496792121,-0.003947941577063216,-0.028004758166065624,0.511763408358916,0.5066473128772752,0.012972564103200676,591,0.002192497701725032,-0.007142857142857141,2,34,0.994137704372406,True,198020,ENDPOINT,18891,18891,True,True,False,1028
Movies,43,2,ENDPOINT,G_D_visual,visual,absdiff,10422,0.013716442904620594,0.0010195667561382809,-0.022089348397162478,0.510228294319262,0.5101357784480895,-0.01697191099760886,591,-0.025251998088367016,-0.018054491738702265,2,34,0.994137704372406,True,198020,ENDPOINT,18891,18891,True,True,False,1028
Movies,43,2,ENDPOINT,G_P_visual,visual,product,10422,0.05197003842771261,0.029013482070696213,-0.02191861435565512,0.5343442659308547,0.5273667339572016,0.012848030594379148,591,0.02266811451202911,0.0,2,34,0.994137704372406,True,198020,ENDPOINT,18891,18891,True,True,False,1028
Movies,43,2,ENDPOINT_LOCAL,G_D_text,text,absdiff,10422,0.039644636703488244,0.01921472206628575,-0.0566479881863422,0.507621416889559,0.5053686772283355,0.007645479233720054,591,0.02400296142081342,0.023809523809523815,2,34,1.011351466178894,True,198020,ENDPOINT_LOCAL,18891,18891,True,True,False,1542
Movies,43,2,ENDPOINT_LOCAL,G_P_text,text,product,10422,0.00079534051545647,0.005915092217728548,-0.045488847027647994,0.49453804595232226,0.4864111338872079,0.015482048384598737,591,0.015226732168834911,0.021978021978021976,2,34,1.011351466178894,True,198020,ENDPOINT_LOCAL,18891,18891,True,True,False,1542
Movies,43,2,ENDPOINT_LOCAL,G_D_visual,visual,absdiff,10422,0.028967618195465276,0.04286374010262601,-0.027722882160346796,0.49289437201017283,0.5000623066071161,-0.018938179480755747,591,-0.029838343969681793,-0.029880197322057784,2,34,1.011351466178894,True,198020,ENDPOINT_LOCAL,18891,18891,True,True,False,1542
Movies,43,2,ENDPOINT_LOCAL,G_P_visual,visual,product,10422,0.05944621815312969,0.03995569928443888,-0.03826196017652239,0.5403530291506675,0.5269693358217744,0.005678870667879558,591,0.010103018441912897,0.0,2,34,1.011351466178894,True,198020,ENDPOINT_LOCAL,18891,18891,True,True,False,1542
Movies,44,0,SIM_ONLY,G_D_text,text,absdiff,11013,-0.018890032003316123,-0.01896894253791487,-0.005440529625637014,0.548625393921537,0.5328721769312977,0.023985900689766203,580,0.033506105149073824,0.0125,19,34,1.1135104894638062,True,198020,SIM_ONLY,19868,19868,True,True,False,2
Movies,44,0,SIM_ONLY,G_P_text,text,product,11013,0.047157078038020696,0.025667310011276655,-0.00027086837672807285,0.5159587225185841,0.5007079738304456,0.03665980272011787,580,0.02635321935595157,0.030158730158730156,19,34,1.1135104894638062,True,198020,SIM_ONLY,19868,19868,True,True,False,2
Movies,44,0,SIM_ONLY,G_D_visual,visual,absdiff,11013,-0.017465756326290317,0.023873395704318907,-0.006514579486698091,0.43407317920317046,0.5,-0.026649885821160863,580,-0.03688026776190359,-0.03571428571428572,19,34,1.1135104894638062,True,198020,SIM_ONLY,19868,19868,True,True,False,2
Movies,44,0,SIM_ONLY,G_P_visual,visual,product,11013,0.012468863078365226,0.021185319703729034,-0.0035637745503325213,0.49904286028838335,0.4891074488672651,0.025952001622524364,580,0.00868226189808051,0.023946360153256706,19,34,1.1135104894638062,True,198020,SIM_ONLY,19868,19868,True,True,False,2
Movies,44,0,TARGET_ONLY,G_D_text,text,absdiff,11013,0.009964960503565795,0.006183821400902166,-0.03223372061761487,0.49451209851143935,0.5040635044806704,,580,,,3,34,1.1139731407165527,True,198020,TARGET_ONLY,19868,19868,True,True,False,513
Movies,44,0,TARGET_ONLY,G_P_text,text,product,11013,-0.001676713876139525,-0.007537532237252991,-0.012867058630825268,0.49909824980914236,0.501818588916289,,580,,,3,34,1.1139731407165527,True,198020,TARGET_ONLY,19868,19868,True,True,False,513
Movies,44,0,TARGET_ONLY,G_D_visual,visual,absdiff,11013,0.04458321882088363,-0.004758602881433035,-0.024600305373981612,0.5177787721158114,0.5256958608897019,,580,,,3,34,1.1139731407165527,True,198020,TARGET_ONLY,19868,19868,True,True,False,513
Movies,44,0,TARGET_ONLY,G_P_visual,visual,product,11013,0.040694182293374875,0.0045504403845847636,-0.0190981394920966,0.53495339026695,0.5144459094240956,,580,,,3,34,1.1139731407165527,True,198020,TARGET_ONLY,19868,19868,True,True,False,513
Movies,44,0,ENDPOINT,G_D_text,text,absdiff,11013,0.023412440637690803,-0.00394245141639351,-0.0586645070567724,0.541061433109565,0.540506563676439,0.025116077626276063,580,0.03942465756524636,0.06444278116104742,2,34,1.121342658996582,True,198020,ENDPOINT,19868,19868,True,True,False,1028
Movies,44,0,ENDPOINT,G_P_text,text,product,11013,-0.001462376289684553,-0.008981787200100176,-0.027793554768754003,0.5073760837195669,0.5105959110368129,0.010539004462119356,580,0.02911190337969751,0.026190476190476195,2,34,1.121342658996582,True,198020,ENDPOINT,19868,19868,True,True,False,1028
Movies,44,0,ENDPOINT,G_D_visual,visual,absdiff,11013,0.05684190848443806,0.012429658767015466,-0.03953497953141749,0.5406285413054125,0.5045574602024065,0.033709949726623424,580,0.03668286041315928,0.02175379641297845,2,34,1.121342658996582,True,198020,ENDPOINT,19868,19868,True,True,False,1028
Movies,44,0,ENDPOINT,G_P_visual,visual,product,11013,0.019122198498623413,0.0026855597256364443,-0.0417058274721962,0.5190695360854027,0.5179525349232359,0.006369965793953458,580,-0.002897784217276279,0.0,2,34,1.121342658996582,True,198020,ENDPOINT,19868,19868,True,True,False,1028
Movies,44,0,ENDPOINT_LOCAL,G_D_text,text,absdiff,11013,0.01725768802322249,-0.005047170213726059,-0.08581447461249114,0.5331020365003445,0.5370449134715776,0.02033185999886876,580,0.031757718586390954,0.055988261538853015,2,34,1.1280286312103271,True,198020,ENDPOINT_LOCAL,19868,19868,True,True,False,1542
Movies,44,0,ENDPOINT_LOCAL,G_P_text,text,product,11013,-0.02841665621132723,0.001413489430960825,-0.05056111370471528,0.4809110414301147,0.48454483877134014,0.014253005184115248,580,0.04240648237608405,0.042407592407592405,2,34,1.1280286312103271,True,198020,ENDPOINT_LOCAL,19868,19868,True,True,False,1542
Movies,44,0,ENDPOINT_LOCAL,G_D_visual,visual,absdiff,11013,0.056672496813589726,0.031063782172493202,-0.03517382426268667,0.5050967803382156,0.49104403601600183,0.026541665163665327,580,0.01967377778719632,0.028217602830605926,2,34,1.1280286312103271,True,198020,ENDPOINT_LOCAL,19868,19868,True,True,False,1542
Movies,44,0,ENDPOINT_LOCAL,G_P_visual,visual,product,11013,0.018234276263295844,0.007936283773839273,-0.046225332281121245,0.5118528745467512,0.5095101314648046,0.014956859960708896,580,0.0004619386888540972,0.011805841217605924,2,34,1.1280286312103271,True,198020,ENDPOINT_LOCAL,19868,19868,True,True,False,1542
Movies,44,1,SIM_ONLY,G_D_text,text,absdiff,11013,0.01558520195858242,-0.022766323929345498,-0.009655352177943888,0.5518813740884677,0.5028092538123266,0.039789073342156984,580,0.0409520608168235,0.07746106430316957,13,34,0.9957481026649475,True,198020,SIM_ONLY,19942,19942,True,True,False,2
Movies,44,1,SIM_ONLY,G_P_text,text,product,11013,0.022204459381898956,0.024086528073164776,0.00010917014220357402,0.5303007889954212,0.5156497987891284,0.028757857793662557,580,0.03841319066488422,0.0571916971916972,13,34,0.9957481026649475,True,198020,SIM_ONLY,19942,19942,True,True,False,2
Movies,44,1,SIM_ONLY,G_D_visual,visual,absdiff,11013,0.010034883383763005,-0.001772689251985583,-0.002680541389460167,0.5023255078486146,0.5,0.0185264970895503,580,0.021804847655791663,0.027170198222829803,13,34,0.9957481026649475,True,198020,SIM_ONLY,19942,19942,True,True,False,2
Movies,44,1,SIM_ONLY,G_P_visual,visual,product,11013,0.04547947082883031,0.03782761109454575,0.0006307863436736394,0.5092943844795126,0.5135463987106805,0.03003056752328779,580,0.010374764106658408,0.023809523809523815,13,34,0.9957481026649475,True,198020,SIM_ONLY,19942,19942,True,True,False,2
Movies,44,1,TARGET_ONLY,G_D_text,text,absdiff,11013,0.023236264341355957,0.01101155976866839,-0.021567802036170702,0.5587128072863357,0.5361029255834266,,580,,,2,34,0.9990056157112122,True,198020,TARGET_ONLY,19942,19942,True,True,False,513
Movies,44,1,TARGET_ONLY,G_P_text,text,product,11013,0.026152724441795658,0.014095070856618618,-0.010936066876337192,0.54177927119414,0.5270928461702109,,580,,,2,34,0.9990056157112122,True,198020,TARGET_ONLY,19942,19942,True,True,False,513
Movies,44,1,TARGET_ONLY,G_D_visual,visual,absdiff,11013,0.015553616070084953,0.003960495566227414,-0.019901008983025603,0.4805520239340919,0.4827005753091971,,580,,,2,34,0.9990056157112122,True,198020,TARGET_ONLY,19942,19942,True,True,False,513
Movies,44,1,TARGET_ONLY,G_P_visual,visual,product,11013,-0.004682684364638139,0.029039339520534665,-0.008073868953863306,0.4906829413724536,0.49549552929261953,,580,,,2,34,0.9990056157112122,True,198020,TARGET_ONLY,19942,19942,True,True,False,513
Movies,44,1,ENDPOINT,G_D_text,text,absdiff,11013,0.01876675304918957,-0.005605625252341744,-0.04441246907844065,0.518344627035513,0.5173457751841275,0.024976012559784242,580,0.04968230503689994,0.07606951871657755,2,34,1.0052361488342285,True,198020,ENDPOINT,19942,19942,True,True,False,1028
Movies,44,1,ENDPOINT,G_P_text,text,product,11013,0.006566377754210458,0.005613832497964374,-0.020897724263111206,0.5270855342237144,0.5161593190427239,0.0015749382193865893,580,0.01083340441409968,-0.014685314685314685,2,34,1.0052361488342285,True,198020,ENDPOINT,19942,19942,True,True,False,1028
Movies,44,1,ENDPOINT,G_D_visual,visual,absdiff,11013,-0.00014882216645117124,6.881667240811016e-05,-0.03853201238768533,0.5003702228526509,0.496458795347283,-0.006835671501359366,580,0.02515688746259549,0.02293417366946779,2,34,1.0052361488342285,True,198020,ENDPOINT,19942,19942,True,True,False,1028
Movies,44,1,ENDPOINT,G_P_visual,visual,product,11013,0.024699010684378808,0.03498728007014048,-0.016246049114254202,0.5019639249677406,0.49998919176908596,0.013711060334293368,580,-0.007793397659955946,-0.010099395489421065,2,34,1.0052361488342285,True,198020,ENDPOINT,19942,19942,True,True,False,1028
Movies,44,1,ENDPOINT_LOCAL,G_D_text,text,absdiff,11013,0.017569575812097983,-0.01826884896733153,-0.054229196318295925,0.5123255268531639,0.5169620321243337,0.015532242369221008,580,0.028622426571121674,0.0336815358554489,6,34,1.0112334489822388,True,198020,ENDPOINT_LOCAL,19942,19942,True,True,False,1542
Movies,44,1,ENDPOINT_LOCAL,G_P_text,text,product,11013,-0.023650983331049695,0.019776511863598092,-0.037530487558845804,0.5110907008914288,0.5028927846969231,-0.001538419630676479,580,0.002395419207666417,0.002347781217750258,6,34,1.0112334489822388,True,198020,ENDPOINT_LOCAL,19942,19942,True,True,False,1542
Movies,44,1,ENDPOINT_LOCAL,G_D_visual,visual,absdiff,11013,0.027280819791175713,0.009479516203899993,-0.055926687547525944,0.5182738515133843,0.5200554214366423,-0.002596974745889399,580,-0.0006648719747249932,0.0,6,34,1.0112334489822388,True,198020,ENDPOINT_LOCAL,19942,19942,True,True,False,1542
Movies,44,1,ENDPOINT_LOCAL,G_P_visual,visual,product,11013,0.013445593568793155,0.02314655810008448,-0.0352016703074598,0.5114683923698518,0.5022883371586317,0.02050374294613103,580,0.009611729294697956,0.016666666666666666,6,34,1.0112334489822388,True,198020,ENDPOINT_LOCAL,19942,19942,True,True,False,1542
Movies,44,2,SIM_ONLY,G_D_text,text,absdiff,11013,0.04641842224905262,-0.02298368454063522,-0.001993001415212081,0.5635750839612239,0.5378568905264938,0.022515074184000863,579,0.025276624980672163,0.028571428571428574,14,34,0.7359951734542847,True,198020,SIM_ONLY,19573,19573,True,True,False,2
Movies,44,2,SIM_ONLY,G_P_text,text,product,11013,0.059113514611855204,0.021544147270213115,0.0004472837583642253,0.5500583422341747,0.5370442888386627,0.0412962905661452,579,0.04094532581948159,0.06256410256410255,14,34,0.7359951734542847,True,198020,SIM_ONLY,19573,19573,True,True,False,2
Movies,44,2,SIM_ONLY,G_D_visual,visual,absdiff,11013,-0.011816961494767384,-0.013332102697631604,-0.00029766837116262934,0.47094438462098537,0.5,-0.0090454903904206,579,0.010386436971578301,0.0,14,34,0.7359951734542847,True,198020,SIM_ONLY,19573,19573,True,True,False,2
Movies,44,2,SIM_ONLY,G_P_visual,visual,product,11013,0.03927141094557735,0.04258689366145698,-0.00030607407617000426,0.5105830878908021,0.5066587301304419,0.012766311782561199,579,0.01611274782432762,0.007179487179487179,14,34,0.7359951734542847,True,198020,SIM_ONLY,19573,19573,True,True,False,2
Movies,44,2,TARGET_ONLY,G_D_text,text,absdiff,11013,0.047913804388981414,0.028105243190894753,-0.008143536076325786,0.5440461921894579,0.5249487673453246,,579,,,3,34,0.7453550696372986,True,198020,TARGET_ONLY,19573,19573,True,True,False,513
Movies,44,2,TARGET_ONLY,G_P_text,text,product,11013,0.024147937630753184,0.019007351908406068,-0.010457471159806886,0.519022286938757,0.5129240019136809,,579,,,3,34,0.7453550696372986,True,198020,TARGET_ONLY,19573,19573,True,True,False,513
Movies,44,2,TARGET_ONLY,G_D_visual,visual,absdiff,11013,0.008839967510652245,2.6556463009070667e-05,-0.02294539326413636,0.504784229692355,0.5025839031271044,,579,,,3,34,0.7453550696372986,True,198020,TARGET_ONLY,19573,19573,True,True,False,513
Movies,44,2,TARGET_ONLY,G_P_visual,visual,product,11013,0.013123583362982976,0.009939803111790322,-0.015062052288637773,0.49941680583987547,0.4974890407286089,,579,,,3,34,0.7453550696372986,True,198020,TARGET_ONLY,19573,19573,True,True,False,513
Movies,44,2,ENDPOINT,G_D_text,text,absdiff,11013,0.03204140653574145,0.00997630554074786,-0.031150354820866033,0.5260966845445298,0.5158783778722869,0.026372531435383574,579,0.02725035644355757,0.023387096774193553,5,34,0.747367262840271,True,198020,ENDPOINT,19573,19573,True,True,False,1028
Movies,44,2,ENDPOINT,G_P_text,text,product,11013,0.04769311292054418,0.019566495608311897,-0.035062443795007114,0.5114538895352595,0.5094721443398595,0.04882248667358,579,0.07025579913498764,0.08191684923572815,5,34,0.747367262840271,True,198020,ENDPOINT,19573,19573,True,True,False,1028
Movies,44,2,ENDPOINT,G_D_visual,visual,absdiff,11013,0.016935281317412777,0.007562884322727902,-0.036390458523088975,0.49156204722341157,0.4951277537613008,0.030295734528485548,579,0.05453822869579985,0.07142857142857144,5,34,0.747367262840271,True,198020,ENDPOINT,19573,19573,True,True,False,1028
Movies,44,2,ENDPOINT,G_P_visual,visual,product,11013,0.03132211257737195,0.03399237983108741,-0.03169909466684695,0.5100649259355627,0.499335750729397,0.012141431148544284,579,0.014724379490584203,0.023809523809523815,5,34,0.747367262840271,True,198020,ENDPOINT,19573,19573,True,True,False,1028
Movies,44,2,ENDPOINT_LOCAL,G_D_text,text,absdiff,11013,0.03391931404272329,0.018761352469721007,-0.03590937869488742,0.5371635235482957,0.5205248439562559,0.03358041383025104,579,0.040782519157186184,0.04761904761904763,6,34,0.7589408755302429,True,198020,ENDPOINT_LOCAL,19573,19573,True,True,False,1542
Movies,44,2,ENDPOINT_LOCAL,G_P_text,text,product,11013,0.052081066092711875,0.02593151175684278,-0.052593308033639596,0.5322968091543034,0.5283483356221211,0.056387975207431135,579,0.061533589700172746,0.08571428571428573,6,34,0.7589408755302429,True,198020,ENDPOINT_LOCAL,19573,19573,True,True,False,1542
Movies,44,2,ENDPOINT_LOCAL,G_D_visual,visual,absdiff,11013,0.010790632409074234,0.010122632828063043,-0.040463791312203456,0.49135547919984196,0.49683680411972475,0.027389332991764333,579,0.045362438551830545,0.05224963715529753,6,34,0.7589408755302429,True,198020,ENDPOINT_LOCAL,19573,19573,True,True,False,1542
Movies,44,2,ENDPOINT_LOCAL,G_P_visual,visual,product,11013,0.029941021823628237,0.035446309896199915,-0.03528917190900582,0.5142862602478939,0.5071824860764085,0.007321589011094158,579,0.01605914245668608,0.013415892672858616,6,34,0.7589408755302429,True,198020,ENDPOINT_LOCAL,19573,19573,True,True,False,1542
Grocery,42,0,SIM_ONLY,G_D_text,text,absdiff,9175,0.02640285463635907,0.015422649303606022,-0.005645489466447495,0.388629997444256,0.5,-0.02631448909789625,483,-0.019601512311936683,-0.05876518720555418,38,53,0.546428918838501,True,198020,SIM_ONLY,16668,16668,True,True,False,2
Grocery,42,0,SIM_ONLY,G_P_text,text,product,9175,0.11705510200428611,0.012922775450438595,-0.000978978782316231,0.5634472860389128,0.5482074336192692,0.03961693192012174,483,0.04261025407495976,0.03333333333333333,38,53,0.546428918838501,True,198020,SIM_ONLY,16668,16668,True,True,False,2
Grocery,42,0,SIM_ONLY,G_D_visual,visual,absdiff,9175,-0.0803490044693725,0.03838183333324012,-0.0019251849187158498,0.3046372809970711,0.5,-0.1296347889576161,483,-0.15145257514367497,-0.22393048128342247,38,53,0.546428918838501,True,198020,SIM_ONLY,16668,16668,True,True,False,2
Grocery,42,0,SIM_ONLY,G_P_visual,visual,product,9175,0.09341731425190822,0.046944842115843544,0.0021150648183985155,0.5412278032118001,0.5382963307112543,0.021567037605721553,483,0.01590542596065374,0.007129455909943716,38,53,0.546428918838501,True,198020,SIM_ONLY,16668,16668,True,True,False,2
Grocery,42,0,TARGET_ONLY,G_D_text,text,absdiff,9175,0.1004907570981789,0.009426008415211164,-0.013815125464411437,0.5152952054194393,0.48691406899440814,,483,,,3,34,0.5470473766326904,True,198020,TARGET_ONLY,16668,16668,True,True,False,513
Grocery,42,0,TARGET_ONLY,G_P_text,text,product,9175,0.05129489427758813,0.01045243684725309,-0.007256481518054914,0.5336469276000411,0.5303113885232789,,483,,,3,34,0.5470473766326904,True,198020,TARGET_ONLY,16668,16668,True,True,False,513
Grocery,42,0,TARGET_ONLY,G_D_visual,visual,absdiff,9175,0.041883522243840295,0.011731626381579636,-0.009174707592861653,0.49084882545870767,0.48892251206605325,,483,,,3,34,0.5470473766326904,True,198020,TARGET_ONLY,16668,16668,True,True,False,513
Grocery,42,0,TARGET_ONLY,G_P_visual,visual,product,9175,0.058034105919842885,0.04432420374252237,-0.005553015769425906,0.513317953888901,0.5212418498260671,,483,,,3,34,0.5470473766326904,True,198020,TARGET_ONLY,16668,16668,True,True,False,513
Grocery,42,0,ENDPOINT,G_D_text,text,absdiff,9175,0.07363493604848242,0.00274430839442041,-0.029045813547278865,0.499164346958871,0.4956913384550151,0.008653696207769072,483,0.02627081210728344,0.02727272727272728,3,34,0.5523240566253662,True,198020,ENDPOINT,16668,16668,True,True,False,1028
Grocery,42,0,ENDPOINT,G_P_text,text,product,9175,0.07973057694710121,0.008576943173906084,-0.020976845307206338,0.5589538270522905,0.5417740921268791,0.007312565665937964,483,0.010896036009199285,0.003875409661962296,3,34,0.5523240566253662,True,198020,ENDPOINT,16668,16668,True,True,False,1028
Grocery,42,0,ENDPOINT,G_D_visual,visual,absdiff,9175,0.07087815148857354,0.005436305686627653,-0.0238304169241923,0.5246944486042601,0.517300575221068,0.06211958335795678,483,0.04020680936950265,0.035164920094101104,3,34,0.5523240566253662,True,198020,ENDPOINT,16668,16668,True,True,False,1028
Grocery,42,0,ENDPOINT,G_P_visual,visual,product,9175,0.04524064428661067,0.04912932470279931,-0.014967202765302723,0.5108975054237681,0.513260390480831,-0.0001464242900965671,483,-0.02410885111157194,-0.008347627215551743,3,34,0.5523240566253662,True,198020,ENDPOINT,16668,16668,True,True,False,1028
Grocery,42,0,ENDPOINT_LOCAL,G_D_text,text,absdiff,9175,0.004184504471379287,0.01646059113098007,-0.04314163267443649,0.4412263529970285,0.45375532355645976,-0.019693186083697668,483,-0.016142733398820087,-0.03333333333333333,5,34,0.557030200958252,True,198020,ENDPOINT_LOCAL,16668,16668,True,True,False,1542
Grocery,42,0,ENDPOINT_LOCAL,G_P_text,text,product,9175,0.018800239961268145,0.002518036760859259,-0.04028808216460278,0.5013551872045641,0.50055092710859,-0.0018105182064422454,483,-0.008055888603519704,-0.04242424242424241,5,34,0.557030200958252,True,198020,ENDPOINT_LOCAL,16668,16668,True,True,False,1542
Grocery,42,0,ENDPOINT_LOCAL,G_D_visual,visual,absdiff,9175,0.029647384172005797,-0.0026538980344045175,-0.03949210084151278,0.49884395631564915,0.49861640051547884,0.02033144563979619,483,0.0011712889910351304,-0.00702839534838327,5,34,0.557030200958252,True,198020,ENDPOINT_LOCAL,16668,16668,True,True,False,1542
Grocery,42,0,ENDPOINT_LOCAL,G_P_visual,visual,product,9175,-0.005192795728899437,0.008728360297842968,-0.0548211016615463,0.4850356088480243,0.48626108095605347,0.026375637876046406,483,0.003016859593293114,0.01673654817511446,5,34,0.557030200958252,True,198020,ENDPOINT_LOCAL,16668,16668,True,True,False,1542
Grocery,42,1,SIM_ONLY,G_D_text,text,absdiff,9175,0.06535015334770705,0.006756676022767938,-0.0069000064138582395,0.42715769434469253,0.5,-0.035769071617980944,485,-0.013250699864857322,0.0,17,34,0.6235914826393127,True,198020,SIM_ONLY,16442,16442,True,True,False,2
Grocery,42,1,SIM_ONLY,G_P_text,text,product,9175,0.09731152220005865,0.02173896278641105,-0.002503732169180317,0.5583141750574463,0.5209281975460417,0.04903914823802584,485,0.050276501909356584,0.07142857142857144,17,34,0.6235914826393127,True,198020,SIM_ONLY,16442,16442,True,True,False,2
Grocery,42,1,SIM_ONLY,G_D_visual,visual,absdiff,9175,-0.014164830507809959,0.034542419804744144,0.0009861501209879053,0.4223397828654783,0.4653919272153464,-0.04128794674265743,485,-0.09020252159295858,-0.10975609756097562,17,34,0.6235914826393127,True,198020,SIM_ONLY,16442,16442,True,True,False,2
Grocery,42,1,SIM_ONLY,G_P_visual,visual,product,9175,0.08878388015448137,0.04436038173358757,0.0013195636748201123,0.5513218561008806,0.5200451505970276,0.005059597411148749,485,0.013744816129759368,0.04850361197110423,17,34,0.6235914826393127,True,198020,SIM_ONLY,16442,16442,True,True,False,2
Grocery,42,1,TARGET_ONLY,G_D_text,text,absdiff,9175,0.09145881148533663,0.028461542344859987,-0.008617301947442924,0.4944689346567612,0.5002070179232603,,485,,,2,34,0.6296854019165039,True,198020,TARGET_ONLY,16442,16442,True,True,False,513
Grocery,42,1,TARGET_ONLY,G_P_text,text,product,9175,0.018452913987663105,0.02061192571340664,-0.012889637642256258,0.49745200319363764,0.5034755914562965,,485,,,2,34,0.6296854019165039,True,198020,TARGET_ONLY,16442,16442,True,True,False,513
Grocery,42,1,TARGET_ONLY,G_D_visual,visual,absdiff,9175,0.03626819837279727,-0.03577015059771899,-0.015283267150536739,0.5719286899461649,0.5544717559185417,,485,,,2,34,0.6296854019165039,True,198020,TARGET_ONLY,16442,16442,True,True,False,513
Grocery,42,1,TARGET_ONLY,G_P_visual,visual,product,9175,-0.0011925759934227744,0.004437909310961982,-0.013495213109463888,0.49795454344244433,0.4894133992243225,,485,,,2,34,0.6296854019165039,True,198020,TARGET_ONLY,16442,16442,True,True,False,513
Grocery,42,1,ENDPOINT,G_D_text,text,absdiff,9175,0.06683918209872171,-0.008488390935957863,-0.032681549441841984,0.43558710458449,0.45206540551017876,-0.03372495334717361,485,-0.056157149397777384,-0.04761904761904763,2,34,0.6342818140983582,True,198020,ENDPOINT,16442,16442,True,True,False,1028
Grocery,42,1,ENDPOINT,G_P_text,text,product,9175,0.04183886366167856,0.027530567918564043,-0.02089431137664599,0.517521026239484,0.5104881813344125,-0.0024683064699491976,485,0.0075016753894246325,0.032185206098249576,2,34,0.6342818140983582,True,198020,ENDPOINT,16442,16442,True,True,False,1028
Grocery,42,1,ENDPOINT,G_D_visual,visual,absdiff,9175,0.05800416466753114,0.025038660864216897,-0.017969331103731223,0.5131231192567642,0.5072052206678311,0.00978756196721506,485,0.016921563619563162,0.00974605353466026,2,34,0.6342818140983582,True,198020,ENDPOINT,16442,16442,True,True,False,1028
Grocery,42,1,ENDPOINT,G_P_visual,visual,product,9175,0.04179179633906313,0.008991402080172716,-0.03037842898941623,0.5217363345643151,0.5190264086583593,-0.019835458886252808,485,-0.00350349671182486,0.0,2,34,0.6342818140983582,True,198020,ENDPOINT,16442,16442,True,True,False,1028
Grocery,42,1,ENDPOINT_LOCAL,G_D_text,text,absdiff,9175,0.026049662933790588,0.01125415649420785,-0.035248665609926455,0.48965214222986464,0.5055377686017617,-0.0360752749972849,485,-0.0535911453312751,-0.08571428571428573,6,34,0.6388106346130371,True,198020,ENDPOINT_LOCAL,16442,16442,True,True,False,1542
Grocery,42,1,ENDPOINT_LOCAL,G_P_text,text,product,9175,0.05078917618938643,0.04290802557052912,-0.026145891883621042,0.5249150382449143,0.5110746737228968,-0.01122228114721613,485,-0.0054166224642246295,-0.009090909090909092,6,34,0.6388106346130371,True,198020,ENDPOINT_LOCAL,16442,16442,True,True,False,1542
Grocery,42,1,ENDPOINT_LOCAL,G_D_visual,visual,absdiff,9175,0.04459027385913765,0.02351336578654368,-0.034676631237281486,0.5296602117553315,0.5267341661489195,-0.009803969579758435,485,0.006267364410307463,0.0,6,34,0.6388106346130371,True,198020,ENDPOINT_LOCAL,16442,16442,True,True,False,1542
Grocery,42,1,ENDPOINT_LOCAL,G_P_visual,visual,product,9175,0.03364733500297049,-0.0019174630490846319,-0.04626084775814232,0.5130297869804561,0.5075982260381929,-0.006548918037033051,485,0.02304500194651548,0.04761904761904763,6,34,0.6388106346130371,True,198020,ENDPOINT_LOCAL,16442,16442,True,True,False,1542
Grocery,42,2,SIM_ONLY,G_D_text,text,absdiff,9174,0.11788564763284945,-0.035892382328290486,-0.0038963858971257093,0.6734273160974404,0.5,0.1520639444205946,486,0.2159764266173349,0.29023109243697476,20,35,0.6334858536720276,True,198020,SIM_ONLY,16381,16381,True,True,False,2
Grocery,42,2,SIM_ONLY,G_P_text,text,product,9174,0.09272900226210198,0.045230967590607206,0.0018392924457297788,0.5574790999208293,0.543737561748472,0.03122815835302625,486,0.0315138376615792,0.028571428571428574,20,35,0.6334858536720276,True,198020,SIM_ONLY,16381,16381,True,True,False,2
Grocery,42,2,SIM_ONLY,G_D_visual,visual,absdiff,9174,-0.003293057196307687,0.023284842689528868,-0.0014914486699799667,0.37857934265402277,0.49985178597895363,-0.06226391591240319,486,-0.10816538967563571,-0.1159090909090909,20,35,0.6334858536720276,True,198020,SIM_ONLY,16381,16381,True,True,False,2
Grocery,42,2,SIM_ONLY,G_P_visual,visual,product,9174,0.12605205662747898,0.0710887909012342,0.0032269915242806313,0.5694606631744153,0.5240334569017848,0.04766154311578746,486,0.026794279947125625,0.05565250023454357,20,35,0.6334858536720276,True,198020,SIM_ONLY,16381,16381,True,True,False,2
Grocery,42,2,TARGET_ONLY,G_D_text,text,absdiff,9174,0.08641727739835933,0.03247507276259059,-0.012613298789672989,0.42561879284749077,0.4512733652939154,,486,,,2,34,0.6406845450401306,True,198020,TARGET_ONLY,16381,16381,True,True,False,513
Grocery,42,2,TARGET_ONLY,G_P_text,text,product,9174,0.02361337846273473,-0.0220538945475347,-0.012083887617956535,0.5415162030328163,0.5339131231291188,,486,,,2,34,0.6406845450401306,True,198020,TARGET_ONLY,16381,16381,True,True,False,513
Grocery,42,2,TARGET_ONLY,G_D_visual,visual,absdiff,9174,0.014833876480989681,0.02496936402540987,-0.0032178998041982876,0.5184204318188328,0.5038059308692431,,486,,,2,34,0.6406845450401306,True,198020,TARGET_ONLY,16381,16381,True,True,False,513
Grocery,42,2,TARGET_ONLY,G_P_visual,visual,product,9174,0.007485098063955818,0.015485092069806335,-0.008716025108405745,0.5076459647566812,0.4992844799448479,,486,,,2,34,0.6406845450401306,True,198020,TARGET_ONLY,16381,16381,True,True,False,513
Grocery,42,2,ENDPOINT,G_D_text,text,absdiff,9174,0.07246374863722563,0.0020458789538481776,-0.030714879969359732,0.4500645643336453,0.4581864069735165,-0.005210442460816476,486,0.020666215749639553,0.0,4,34,0.6439635157585144,True,198020,ENDPOINT,16381,16381,True,True,False,1028
Grocery,42,2,ENDPOINT,G_P_text,text,product,9174,0.009648090408899839,0.037904843560034034,-0.013828042180632494,0.5083040230103032,0.5089799435094958,0.013900316378497217,486,0.012821393258685839,0.01671826625386997,4,34,0.6439635157585144,True,198020,ENDPOINT,16381,16381,True,True,False,1028
Grocery,42,2,ENDPOINT,G_D_visual,visual,absdiff,9174,0.05019610337564547,0.03301379455720725,-0.01978451775919443,0.5301790800336782,0.5173054068071824,0.054448254311247675,486,0.05835538850887528,0.04884561540247809,4,34,0.6439635157585144,True,198020,ENDPOINT,16381,16381,True,True,False,1028
Grocery,42,2,ENDPOINT,G_P_visual,visual,product,9174,0.06477363357496689,0.044860496579643035,-0.007698771686466044,0.5404292424448097,0.531383361651633,0.051550199831076005,486,0.04382639210623568,0.07125350140056023,4,34,0.6439635157585144,True,198020,ENDPOINT,16381,16381,True,True,False,1028
Grocery,42,2,ENDPOINT_LOCAL,G_D_text,text,absdiff,9174,0.05628555174651279,0.01676055121993775,-0.03882820383370178,0.4501449342182758,0.4706065068342824,-0.04230177430446659,486,-0.06540083715568613,-0.08135026737967915,6,34,0.655116856098175,True,198020,ENDPOINT_LOCAL,16381,16381,True,True,False,1542
Grocery,42,2,ENDPOINT_LOCAL,G_P_text,text,product,9174,0.025947308752566997,0.015479593888119252,-0.03225159832054181,0.5126476757241827,0.5111614902787528,0.018665077805437018,486,0.018556836635210634,0.027529367184539598,6,34,0.655116856098175,True,198020,ENDPOINT_LOCAL,16381,16381,True,True,False,1542
Grocery,42,2,ENDPOINT_LOCAL,G_D_visual,visual,absdiff,9174,0.04973039385508667,0.014215920330382376,-0.03658149189965165,0.4835136481785095,0.4980343779582117,0.0068907847548267944,486,-0.010584192625881625,-0.04164690382081686,6,34,0.655116856098175,True,198020,ENDPOINT_LOCAL,16381,16381,True,True,False,1542
Grocery,42,2,ENDPOINT_LOCAL,G_P_visual,visual,product,9174,0.041237073598849865,0.04169040084715054,-0.030675207628169332,0.5144769363463598,0.5056967064343041,0.03828138144707506,486,0.029850454128039276,0.028991596638655463,6,34,0.655116856098175,True,198020,ENDPOINT_LOCAL,16381,16381,True,True,False,1542
Grocery,43,0,SIM_ONLY,G_D_text,text,absdiff,9452,0.12948600135546168,-0.0024171152287517242,-0.005392529712155758,0.5900192053529008,0.5,0.11309328136750658,488,0.09063241588125404,0.10955882352941176,13,34,0.5058454871177673,True,198020,SIM_ONLY,16653,16653,True,True,False,2
Grocery,43,0,SIM_ONLY,G_P_text,text,product,9452,0.04170784208610439,0.032144834026686865,-0.00010994484589810227,0.5337026287437391,0.5111308276765365,0.0018244648525435026,488,0.0036337513644541966,-0.020232455424549566,13,34,0.5058454871177673,True,198020,SIM_ONLY,16653,16653,True,True,False,2
Grocery,43,0,SIM_ONLY,G_D_visual,visual,absdiff,9452,0.00751598953315146,0.038460579204971576,-0.003071301267400184,0.44973676258387724,0.5,-0.011558406872381879,488,-0.06763944434509528,-0.09999999999999999,13,34,0.5058454871177673,True,198020,SIM_ONLY,16653,16653,True,True,False,2
Grocery,43,0,SIM_ONLY,G_P_visual,visual,product,9452,0.06369843940476214,0.04342172141162171,0.0018386490500998942,0.5089483039355533,0.5026073202124283,0.02520473983079276,488,0.011649977865812367,0.03046218487394958,13,34,0.5058454871177673,True,198020,SIM_ONLY,16653,16653,True,True,False,2
Grocery,43,0,TARGET_ONLY,G_D_text,text,absdiff,9452,0.07527647274081167,0.006752605907524133,-0.022923975830307253,0.4273442264496479,0.44449483484260766,,488,,,6,34,0.5112465023994446,True,198020,TARGET_ONLY,16653,16653,True,True,False,513
Grocery,43,0,TARGET_ONLY,G_P_text,text,product,9452,0.06551175333773049,-0.006958784573774285,-0.01468669043236992,0.5206671937783024,0.5005989098460473,,488,,,6,34,0.5112465023994446,True,198020,TARGET_ONLY,16653,16653,True,True,False,513
Grocery,43,0,TARGET_ONLY,G_D_visual,visual,absdiff,9452,0.04264906952130335,0.05122313571171463,-0.009074046906023314,0.45141736164248525,0.48845631946504875,,488,,,6,34,0.5112465023994446,True,198020,TARGET_ONLY,16653,16653,True,True,False,513
Grocery,43,0,TARGET_ONLY,G_P_visual,visual,product,9452,0.012089876672920065,0.033324307701926625,-0.005701163385999131,0.4945524685372647,0.4766950050348996,,488,,,6,34,0.5112465023994446,True,198020,TARGET_ONLY,16653,16653,True,True,False,513
Grocery,43,0,ENDPOINT,G_D_text,text,absdiff,9452,0.02156827360328136,-0.013122892328989656,-0.027264513086019848,0.45639604843742243,0.4775113550139345,-0.01659669043113804,488,-0.04533203675445949,-0.07142857142857144,2,34,0.5142207145690918,True,198020,ENDPOINT,16653,16653,True,True,False,1028
Grocery,43,0,ENDPOINT,G_P_text,text,product,9452,0.027298884560437997,0.011176599900968854,-0.029334788834330272,0.5047197361747321,0.5002653300982488,0.02290169543771913,488,-0.006080361347024441,-0.011278195488721804,2,34,0.5142207145690918,True,198020,ENDPOINT,16653,16653,True,True,False,1028
Grocery,43,0,ENDPOINT,G_D_visual,visual,absdiff,9452,-0.016793390314947514,0.012101193555635811,-0.04195892257214373,0.44212028786943575,0.4641621784666671,-0.019574644567514846,488,-0.028390349473105488,-0.03121688869773609,2,34,0.5142207145690918,True,198020,ENDPOINT,16653,16653,True,True,False,1028
Grocery,43,0,ENDPOINT,G_P_visual,visual,product,9452,0.045653671281626715,0.03212599123933243,-0.014949212120281663,0.5125759364841318,0.5105109812523612,0.016173607605058253,488,0.008602794834888893,0.0061280824438719175,2,34,0.5142207145690918,True,198020,ENDPOINT,16653,16653,True,True,False,1028
Grocery,43,0,ENDPOINT_LOCAL,G_D_text,text,absdiff,9452,0.04701429120494529,0.012220501577134781,-0.03941006261276092,0.4492317969641958,0.4660247080139274,-0.03760227440566496,488,-0.0553272931975459,-0.06196524064171123,7,34,0.5182758569717407,True,198020,ENDPOINT_LOCAL,16653,16653,True,True,False,1542
Grocery,43,0,ENDPOINT_LOCAL,G_P_text,text,product,9452,0.024332292984794963,0.0012757882625094063,-0.04662389394665034,0.5071303065794106,0.5044730360204779,0.014229656419767214,488,-0.00445559726750032,0.0,7,34,0.5182758569717407,True,198020,ENDPOINT_LOCAL,16653,16653,True,True,False,1542
Grocery,43,0,ENDPOINT_LOCAL,G_D_visual,visual,absdiff,9452,0.052087944563139,0.05179417722283216,-0.03893636711250781,0.4680409202200362,0.48277005156258945,0.007698892352347804,488,-0.015484704041623209,-0.006526806526806527,7,34,0.5182758569717407,True,198020,ENDPOINT_LOCAL,16653,16653,True,True,False,1542
Grocery,43,0,ENDPOINT_LOCAL,G_P_visual,visual,product,9452,0.04809082400180644,0.05583758592149633,-0.02476974725889991,0.5194078857587758,0.5194657942859278,0.010501767930150008,488,-0.0036533976642382647,0.013262703963930898,7,34,0.5182758569717407,True,198020,ENDPOINT_LOCAL,16653,16653,True,True,False,1542
Grocery,43,1,SIM_ONLY,G_D_text,text,absdiff,9452,0.09698667020909581,-0.007463370693618489,-0.005374869988706621,0.5182349147777848,0.5027965037167617,0.059870076930703696,490,0.08312300271198192,0.09999999999999999,28,43,0.8097214698791504,True,198020,SIM_ONLY,17349,17349,True,True,False,2
Grocery,43,1,SIM_ONLY,G_P_text,text,product,9452,0.09886236367889399,0.0392547460969828,0.0012557894682994064,0.5646371163166398,0.547124394184168,-0.002589165822957185,490,0.013957613988985767,0.0,28,43,0.8097214698791504,True,198020,SIM_ONLY,17349,17349,True,True,False,2
Grocery,43,1,SIM_ONLY,G_D_visual,visual,absdiff,9452,0.02852312602904235,0.02604380520233287,-0.007691429065352251,0.45534039961690076,0.49943298539781245,-0.015088628638475952,490,-0.047663642660274376,-0.053833736868830404,28,43,0.8097214698791504,True,198020,SIM_ONLY,17349,17349,True,True,False,2
Grocery,43,1,SIM_ONLY,G_P_visual,visual,product,9452,0.10741756623591837,0.052860522805025824,0.0023017801439918495,0.5346973914592473,0.5041271247876199,0.028240947751144423,490,0.00873869837178666,0.004930284352298054,28,43,0.8097214698791504,True,198020,SIM_ONLY,17349,17349,True,True,False,2
Grocery,43,1,TARGET_ONLY,G_D_text,text,absdiff,9452,0.09990298398224921,0.01738930230866406,-0.006577213191455211,0.4571173092412976,0.45141393807430535,,490,,,3,34,0.8139163255691528,True,198020,TARGET_ONLY,17349,17349,True,True,False,513
Grocery,43,1,TARGET_ONLY,G_P_text,text,product,9452,0.020117942071073848,0.0027187898115063704,-0.01063808601896965,0.5298471100341051,0.5039784598815293,,490,,,3,34,0.8139163255691528,True,198020,TARGET_ONLY,17349,17349,True,True,False,513
Grocery,43,1,TARGET_ONLY,G_D_visual,visual,absdiff,9452,0.15780686631144594,0.027136731459008672,-0.01058856240458339,0.4948074267114541,0.4979122712046342,,490,,,3,34,0.8139163255691528,True,198020,TARGET_ONLY,17349,17349,True,True,False,513
Grocery,43,1,TARGET_ONLY,G_P_visual,visual,product,9452,0.041660108878321604,0.029487463965645958,-0.0024806854656853616,0.5120021285927048,0.49884938740950946,,490,,,3,34,0.8139163255691528,True,198020,TARGET_ONLY,17349,17349,True,True,False,513
Grocery,43,1,ENDPOINT,G_D_text,text,absdiff,9452,0.08489849232861525,0.0011173126717244236,-0.023040069447348266,0.4472874050890566,0.46005785225825485,0.0318932099619619,490,0.008225587260674913,0.006602171514102726,2,34,0.8161711692810059,True,198020,ENDPOINT,17349,17349,True,True,False,1028
Grocery,43,1,ENDPOINT,G_P_text,text,product,9452,0.008010014281740653,-0.0082890353522451,-0.032595964425818025,0.5215194309818704,0.5194704720875964,0.020936185178379023,490,0.017839506479382497,0.025105042016806724,2,34,0.8161711692810059,True,198020,ENDPOINT,17349,17349,True,True,False,1028
Grocery,43,1,ENDPOINT,G_D_visual,visual,absdiff,9452,0.13214182513551442,0.02462094696180173,-0.026574865135010173,0.5138961953806007,0.506576883571151,-0.013696502933465957,490,-0.029989947482074508,-0.023992673992673998,2,34,0.8161711692810059,True,198020,ENDPOINT,17349,17349,True,True,False,1028
Grocery,43,1,ENDPOINT,G_P_visual,visual,product,9452,0.07799760360078921,0.043691388969510865,-0.00931028803575229,0.5297292470667022,0.5238180504210397,0.014177314336771682,490,-0.0030015260362315785,0.0,2,34,0.8161711692810059,True,198020,ENDPOINT,17349,17349,True,True,False,1028
Grocery,43,1,ENDPOINT_LOCAL,G_D_text,text,absdiff,9452,0.073525015238143,0.022320350662345247,-0.02188977724575558,0.4642525767099532,0.472024629848877,0.02353101051642784,490,-0.0006238694858121316,0.01755865102639296,2,34,0.8243610262870789,True,198020,ENDPOINT_LOCAL,17349,17349,True,True,False,1542
Grocery,43,1,ENDPOINT_LOCAL,G_P_text,text,product,9452,0.0073892831753293396,-0.015264324209947855,-0.05107660003666825,0.5286197495961228,0.5130169628432957,0.02640871948804282,490,0.03368747253986828,0.028571428571428574,2,34,0.8243610262870789,True,198020,ENDPOINT_LOCAL,17349,17349,True,True,False,1542
Grocery,43,1,ENDPOINT_LOCAL,G_D_visual,visual,absdiff,9452,0.12320958845631333,0.022166087679389254,-0.03613731320286795,0.5080967302389281,0.5029015832916921,-0.01851835124523529,490,-0.03657025644681443,-0.03540100250626567,2,34,0.8243610262870789,True,198020,ENDPOINT_LOCAL,17349,17349,True,True,False,1542
Grocery,43,1,ENDPOINT_LOCAL,G_P_visual,visual,product,9452,0.08602381389746956,0.05771161024762346,-0.009416421856579982,0.5274576057165341,0.5114617501586861,-0.0009216090722885221,490,-0.029923771517469035,-0.05087719298245614,2,34,0.8243610262870789,True,198020,ENDPOINT_LOCAL,17349,17349,True,True,False,1542
Grocery,43,2,SIM_ONLY,G_D_text,text,absdiff,9452,0.08696754854186103,-0.0031821834495095376,-0.008007126488765559,0.5356021810394652,0.5006564551422319,0.05373188732279127,490,0.051974211138849105,0.07878787878787878,22,37,0.8797950148582458,True,198020,SIM_ONLY,17299,17299,True,True,False,2
Grocery,43,2,SIM_ONLY,G_P_text,text,product,9452,0.08494992691663909,0.0188661601208072,-0.00018658108705715826,0.5559168103472094,0.5457994673812935,0.029417690459866815,490,-0.01208714186446528,-0.028571428571428574,22,37,0.8797950148582458,True,198020,SIM_ONLY,17299,17299,True,True,False,2
Grocery,43,2,SIM_ONLY,G_D_visual,visual,absdiff,9452,0.032396935217272445,0.02239413860215887,-0.006359901180993388,0.5111382494326464,0.500919044954201,0.014763235639491678,490,-0.016044779632151958,-0.028571428571428574,22,37,0.8797950148582458,True,198020,SIM_ONLY,17299,17299,True,True,False,2
Grocery,43,2,SIM_ONLY,G_P_visual,visual,product,9452,0.10514684743387409,0.052944497902344546,0.002656488862483264,0.5277455917829117,0.5152116564240252,0.004366676369579051,490,-0.04461522336867301,-0.04696088065608964,22,37,0.8797950148582458,True,198020,SIM_ONLY,17299,17299,True,True,False,2
Grocery,43,2,TARGET_ONLY,G_D_text,text,absdiff,9452,0.1011730973517847,0.011422965589456371,-0.012903381336254238,0.4142031356335062,0.48243648939233097,,490,,,3,34,0.8832279443740845,True,198020,TARGET_ONLY,17299,17299,True,True,False,513
Grocery,43,2,TARGET_ONLY,G_P_text,text,product,9452,0.016352550488647068,0.0005741174904591758,-0.006436071682761391,0.5038934473271601,0.4999005590928546,,490,,,3,34,0.8832279443740845,True,198020,TARGET_ONLY,17299,17299,True,True,False,513
Grocery,43,2,TARGET_ONLY,G_D_visual,visual,absdiff,9452,0.07280882635311586,0.009032980601147995,-0.01631494923533161,0.4686516863366653,0.4851918826708547,,490,,,3,34,0.8832279443740845,True,198020,TARGET_ONLY,17299,17299,True,True,False,513
Grocery,43,2,TARGET_ONLY,G_P_visual,visual,product,9452,0.03803845727471453,0.007278538770837909,-0.009458578878206447,0.5044572658708072,0.4934611236240205,,490,,,3,34,0.8832279443740845,True,198020,TARGET_ONLY,17299,17299,True,True,False,513
Grocery,43,2,ENDPOINT,G_D_text,text,absdiff,9452,0.047388231512792166,-0.007917275376062297,-0.029143309077624746,0.4867439782201367,0.498029138535819,0.020203086818820163,490,0.036552696362799994,0.034568372803666925,2,34,0.8848810791969299,True,198020,ENDPOINT,17299,17299,True,True,False,1028
Grocery,43,2,ENDPOINT,G_P_text,text,product,9452,0.05273413748449318,-0.009429753708299314,-0.01920933018384563,0.53377147531626,0.5252370554871277,0.0021669074283989366,490,-0.0406899866703798,-0.051307756570914465,2,34,0.8848810791969299,True,198020,ENDPOINT,17299,17299,True,True,False,1028
Grocery,43,2,ENDPOINT,G_D_visual,visual,absdiff,9452,0.0477367735200704,0.032302614146143126,-0.017632118847827227,0.47035625711228646,0.4951761956406414,0.0007469571876518904,490,-0.0063194353040926425,-0.020179123511499843,2,34,0.8848810791969299,True,198020,ENDPOINT,17299,17299,True,True,False,1028
Grocery,43,2,ENDPOINT,G_P_visual,visual,product,9452,0.07389645842196303,0.032707317757581796,-0.01087163336787711,0.5185327794568468,0.5117913543646342,0.0009752183791972481,490,-0.026615084350146128,-0.04254498933331117,2,34,0.8848810791969299,True,198020,ENDPOINT,17299,17299,True,True,False,1028
Grocery,43,2,ENDPOINT_LOCAL,G_D_text,text,absdiff,9452,0.0946973392148299,0.014665116542307066,-0.02480409333292699,0.4646701588455964,0.4644215113092801,0.016182570503697258,490,0.025229019513610895,0.02366946778711485,2,34,0.8868182301521301,True,198020,ENDPOINT_LOCAL,17299,17299,True,True,False,1542
Grocery,43,2,ENDPOINT_LOCAL,G_P_text,text,product,9452,0.01819328093603279,-0.0020386215223347198,-0.02005583979282588,0.5105784055500739,0.505075462103715,-0.008710141239852897,490,-0.04186392059675785,-0.041609371021135724,2,34,0.8868182301521301,True,198020,ENDPOINT_LOCAL,17299,17299,True,True,False,1542
Grocery,43,2,ENDPOINT_LOCAL,G_D_visual,visual,absdiff,9452,0.028042318523069737,0.02882832187096949,-0.029399107417152015,0.44907128753251296,0.47008108674475013,-0.04812586414749322,490,-0.07725621617603536,-0.08571428571428573,2,34,0.8868182301521301,True,198020,ENDPOINT_LOCAL,17299,17299,True,True,False,1542
Grocery,43,2,ENDPOINT_LOCAL,G_P_visual,visual,product,9452,0.07107104026681431,0.0370775581545778,-0.023141465771224556,0.5051438812353461,0.5101817792492063,-0.006392313935110929,490,-0.041594971270203306,-0.07841755019174373,2,34,0.8868182301521301,True,198020,ENDPOINT_LOCAL,17299,17299,True,True,False,1542
Grocery,44,0,SIM_ONLY,G_D_text,text,absdiff,9133,0.08617003204287557,0.0061520677732497114,-0.006837780315674946,0.4782297150815768,0.5013871680600614,0.023319277225652087,485,0.012830936505376422,0.030427350427350425,35,50,0.6810211539268494,True,198020,SIM_ONLY,16472,16472,True,True,False,2
Grocery,44,0,SIM_ONLY,G_P_text,text,product,9133,0.10451360472355449,0.03135053778507378,0.0008554882760489768,0.5753593895233713,0.5389325022637936,0.038178117329090835,485,0.05741735358785844,0.07045158488927486,35,50,0.6810211539268494,True,198020,SIM_ONLY,16472,16472,True,True,False,2
Grocery,44,0,SIM_ONLY,G_D_visual,visual,absdiff,9133,0.03693226529831502,0.0030149762395733494,-0.00863337996988589,0.5344257165835321,0.5142546105528647,0.029157703555113032,485,-0.005482399515132116,-0.009287925696594427,35,50,0.6810211539268494,True,198020,SIM_ONLY,16472,16472,True,True,False,2
Grocery,44,0,SIM_ONLY,G_P_visual,visual,product,9133,0.13046224140086482,0.020959804846395123,-0.002110456747862921,0.5676246339106576,0.5198426568182272,0.033907959762422786,485,0.02890860455671912,0.04643962848297213,35,50,0.6810211539268494,True,198020,SIM_ONLY,16472,16472,True,True,False,2
Grocery,44,0,TARGET_ONLY,G_D_text,text,absdiff,9133,0.09789165921722665,0.010721724469530559,-0.02271713484500859,0.4337862025321281,0.4641223074058966,,485,,,3,34,0.682917058467865,True,198020,TARGET_ONLY,16472,16472,True,True,False,513
Grocery,44,0,TARGET_ONLY,G_P_text,text,product,9133,0.051438821806012634,-0.01571418889466113,-0.010824715790909378,0.5290342979237744,0.51670375633879,,485,,,3,34,0.682917058467865,True,198020,TARGET_ONLY,16472,16472,True,True,False,513
Grocery,44,0,TARGET_ONLY,G_D_visual,visual,absdiff,9133,0.13879429808195176,-0.0015696688111944408,-0.029658329888746504,0.4589680122814204,0.4763872008462051,,485,,,3,34,0.682917058467865,True,198020,TARGET_ONLY,16472,16472,True,True,False,513
Grocery,44,0,TARGET_ONLY,G_P_visual,visual,product,9133,0.0227535871216919,0.019798759076169258,-0.012333474126473787,0.5050388389028844,0.5014498183027931,,485,,,3,34,0.682917058467865,True,198020,TARGET_ONLY,16472,16472,True,True,False,513
Grocery,44,0,ENDPOINT,G_D_text,text,absdiff,9133,0.07164116939145933,0.014244711263401068,-0.029386146439445815,0.4514124563015374,0.4631494407994643,-0.001471099915411699,485,0.0069174421738268516,0.016483516483516484,2,34,0.6864563822746277,True,198020,ENDPOINT,16472,16472,True,True,False,1028
Grocery,44,0,ENDPOINT,G_P_text,text,product,9133,0.04041909334179352,0.00566959982777689,-0.02197080379056926,0.5211332482198732,0.508470415015879,-0.0127791237106308,485,0.0117382246897537,0.025502374862988675,2,34,0.6864563822746277,True,198020,ENDPOINT,16472,16472,True,True,False,1028
Grocery,44,0,ENDPOINT,G_D_visual,visual,absdiff,9133,0.07505618841115944,-0.0020320284994576917,-0.04476487066249635,0.4723082559218294,0.48814156289910604,-0.017268751745604886,485,-0.05145177459717496,-0.06373626373626373,2,34,0.6864563822746277,True,198020,ENDPOINT,16472,16472,True,True,False,1028
Grocery,44,0,ENDPOINT,G_P_visual,visual,product,9133,0.06483690111644975,0.028136210612740728,-0.021338758584632966,0.5263059371838781,0.5205558452079526,-0.007959638765138928,485,-0.018913086452924697,-0.028571428571428574,2,34,0.6864563822746277,True,198020,ENDPOINT,16472,16472,True,True,False,1028
Grocery,44,0,ENDPOINT_LOCAL,G_D_text,text,absdiff,9133,0.1529681790739602,0.033876690602035124,-0.04029853483820123,0.46558905718065335,0.4828987631635463,0.02161962768830221,485,0.009175945147649666,0.01742635294389537,6,34,0.6904729008674622,True,198020,ENDPOINT_LOCAL,16472,16472,True,True,False,1542
Grocery,44,0,ENDPOINT_LOCAL,G_P_text,text,product,9133,0.05652109331601075,-0.003670634127873,-0.029344611492764683,0.5375671764746166,0.5325136007453615,-0.007090255611221949,485,0.008494274612348718,0.0,6,34,0.6904729008674622,True,198020,ENDPOINT_LOCAL,16472,16472,True,True,False,1542
Grocery,44,0,ENDPOINT_LOCAL,G_D_visual,visual,absdiff,9133,0.0606638346585036,-0.0019048620891488773,-0.05053946810197485,0.470757892258448,0.47743171647710386,0.0024540615989446873,485,-0.01949599934826124,-0.03333333333333333,6,34,0.6904729008674622,True,198020,ENDPOINT_LOCAL,16472,16472,True,True,False,1542
Grocery,44,0,ENDPOINT_LOCAL,G_P_visual,visual,product,9133,0.05383067627411439,0.01565411161417237,-0.039470231146776946,0.5203091649050446,0.511170938200887,-0.009798187743493617,485,-0.01334177622216808,-0.016883116883116882,6,34,0.6904729008674622,True,198020,ENDPOINT_LOCAL,16472,16472,True,True,False,1542
Grocery,44,1,SIM_ONLY,G_D_text,text,absdiff,9132,0.05765572405438055,0.018085607124259436,-0.006473718846956356,0.4399850649628304,0.5004081632653061,-0.029355933033377555,486,-0.02573582568443747,-0.028571428571428574,34,49,0.8386462330818176,True,198020,SIM_ONLY,16521,16521,True,True,False,2
Grocery,44,1,SIM_ONLY,G_P_text,text,product,9132,0.12655280208068057,0.011273054927320706,-0.0014249282429819043,0.5833544557244302,0.5374117680467887,0.06038460572357575,486,0.05116775862197418,0.08232600732600734,34,49,0.8386462330818176,True,198020,SIM_ONLY,16521,16521,True,True,False,2
Grocery,44,1,SIM_ONLY,G_D_visual,visual,absdiff,9132,0.0538982428328496,0.035469688064453726,-0.0015252124315376925,0.5803034880490775,0.5,0.044177845028333836,486,0.04302846530181371,0.04371758272687065,34,49,0.8386462330818176,True,198020,SIM_ONLY,16521,16521,True,True,False,2
Grocery,44,1,SIM_ONLY,G_P_visual,visual,product,9132,0.06272785884926492,0.04603243193195306,0.0012026261485581502,0.5269379090512839,0.5012718284253328,0.010268434746633297,486,0.02727235251901861,0.039796188444967705,34,49,0.8386462330818176,True,198020,SIM_ONLY,16521,16521,True,True,False,2
Grocery,44,1,TARGET_ONLY,G_D_text,text,absdiff,9132,0.12219877385903584,0.012087786606423585,-0.013028446771440771,0.49009913932648785,0.49156930895674644,,486,,,3,34,0.8430653214454651,True,198020,TARGET_ONLY,16521,16521,True,True,False,513
Grocery,44,1,TARGET_ONLY,G_P_text,text,product,9132,-0.033293946498740234,-0.027957266267806792,-0.011287202711869782,0.46376556141396774,0.46589234315401395,,486,,,3,34,0.8430653214454651,True,198020,TARGET_ONLY,16521,16521,True,True,False,513
Grocery,44,1,TARGET_ONLY,G_D_visual,visual,absdiff,9132,0.11418019705044676,0.01988480684533579,-0.011907566529586022,0.49820456674881086,0.5014732969911203,,486,,,3,34,0.8430653214454651,True,198020,TARGET_ONLY,16521,16521,True,True,False,513
Grocery,44,1,TARGET_ONLY,G_P_visual,visual,product,9132,0.04744137879454737,0.04028983968677429,-0.003732524191375708,0.5109723863575046,0.5025221016626572,,486,,,3,34,0.8430653214454651,True,198020,TARGET_ONLY,16521,16521,True,True,False,513
Grocery,44,1,ENDPOINT,G_D_text,text,absdiff,9132,0.13225786676702941,0.021516570390507885,-0.028101388395570526,0.473785863941506,0.47554251751583604,-0.008242922161561809,486,0.00013646255248449387,0.025274725274725275,3,34,0.8441053628921509,True,198020,ENDPOINT,16521,16521,True,True,False,1028
Grocery,44,1,ENDPOINT,G_P_text,text,product,9132,0.046541153577945006,-0.002840769974056399,-0.01876783575777341,0.5288258278650164,0.5250858215062334,0.019256243097274084,486,0.0165912261798595,0.023704661706579866,3,34,0.8441053628921509,True,198020,ENDPOINT,16521,16521,True,True,False,1028
Grocery,44,1,ENDPOINT,G_D_visual,visual,absdiff,9132,0.10715325768726358,0.02940450285942209,-0.02305443163114984,0.47688111242210657,0.48279241866074557,0.010272756143299124,486,-0.0015866069811962293,-0.006491841491841493,3,34,0.8441053628921509,True,198020,ENDPOINT,16521,16521,True,True,False,1028
Grocery,44,1,ENDPOINT,G_P_visual,visual,product,9132,0.03548135147960594,0.02292592811399676,-0.020078628153351374,0.527341646884839,0.5159760109564008,0.006968990140658778,486,0.021910917036678773,0.028571428571428574,3,34,0.8441053628921509,True,198020,ENDPOINT,16521,16521,True,True,False,1028
Grocery,44,1,ENDPOINT_LOCAL,G_D_text,text,absdiff,9132,0.1226500852549663,0.02882198205585263,-0.027267162957033575,0.4793711402549645,0.48662382642371527,-0.03259567308225013,486,-0.024152224501254215,-0.025041050903119873,3,34,0.8504886627197266,True,198020,ENDPOINT_LOCAL,16521,16521,True,True,False,1542
Grocery,44,1,ENDPOINT_LOCAL,G_P_text,text,product,9132,0.05235651432153458,-0.0025764485846191685,-0.02901669287034836,0.5355562275492647,0.5219659595958239,0.01917150343006369,486,0.01912803447970392,0.01810028371786468,3,34,0.8504886627197266,True,198020,ENDPOINT_LOCAL,16521,16521,True,True,False,1542
Grocery,44,1,ENDPOINT_LOCAL,G_D_visual,visual,absdiff,9132,0.09135218585485275,0.01840826954478692,-0.030769746207561566,0.4695325945029822,0.4801483000400719,0.018326439921347342,486,0.026327335240401734,0.017620938647195446,3,34,0.8504886627197266,True,198020,ENDPOINT_LOCAL,16521,16521,True,True,False,1542
Grocery,44,1,ENDPOINT_LOCAL,G_P_visual,visual,product,9132,0.042496948477343095,0.007000499413660652,-0.05578366091725706,0.5176308176885827,0.511209131761367,0.011728293702613442,486,0.025146653382043603,0.011365302798496705,3,34,0.8504886627197266,True,198020,ENDPOINT_LOCAL,16521,16521,True,True,False,1542
Grocery,44,2,SIM_ONLY,G_D_text,text,absdiff,9133,0.045521868857310924,0.007356067632853756,-0.010767673595714289,0.46296685340802984,0.5025086037905564,0.012157430296717326,484,0.031136255625140562,0.05,29,44,0.7196952700614929,True,198020,SIM_ONLY,16469,16469,True,True,False,2
Grocery,44,2,SIM_ONLY,G_P_text,text,product,9133,0.09690662321198179,0.03259595431041932,0.0010114886326280104,0.5798733956463811,0.5469532592438232,0.045167231660067024,484,0.05746579177836211,0.08211788211788212,29,44,0.7196952700614929,True,198020,SIM_ONLY,16469,16469,True,True,False,2
Grocery,44,2,SIM_ONLY,G_D_visual,visual,absdiff,9133,0.022445195825475044,0.020470194299615323,-0.001750023076691365,0.5240667953679129,0.5018412285855695,0.00549405557747819,484,-0.01370359503061216,-0.029489334195216547,29,44,0.7196952700614929,True,198020,SIM_ONLY,16469,16469,True,True,False,2
Grocery,44,2,SIM_ONLY,G_P_visual,visual,product,9133,0.09250818907551045,0.027527896311142726,0.0005982434744602472,0.5515585039564391,0.5294263951047883,-0.0026526000563418008,484,0.014030404104748515,0.02037933817594835,29,44,0.7196952700614929,True,198020,SIM_ONLY,16469,16469,True,True,False,2
Grocery,44,2,TARGET_ONLY,G_D_text,text,absdiff,9133,0.14535529000323175,0.04521667245262489,-0.010233041093361761,0.49094081349817414,0.47583425604098534,,484,,,3,34,0.723289430141449,True,198020,TARGET_ONLY,16469,16469,True,True,False,513
Grocery,44,2,TARGET_ONLY,G_P_text,text,product,9133,-0.006311400979574514,0.014354682259547617,-0.0040483533931274795,0.506806790776611,0.5021320844145865,,484,,,3,34,0.723289430141449,True,198020,TARGET_ONLY,16469,16469,True,True,False,513
Grocery,44,2,TARGET_ONLY,G_D_visual,visual,absdiff,9133,0.04044494058778704,0.01688740806484543,-0.00749449683862613,0.4572729614504071,0.47524669829205535,,484,,,3,34,0.723289430141449,True,198020,TARGET_ONLY,16469,16469,True,True,False,513
Grocery,44,2,TARGET_ONLY,G_P_visual,visual,product,9133,0.023133449746498846,0.015092263324249561,-0.004526531469380313,0.5115355618938741,0.5066281325345307,,484,,,3,34,0.723289430141449,True,198020,TARGET_ONLY,16469,16469,True,True,False,513
Grocery,44,2,ENDPOINT,G_D_text,text,absdiff,9133,0.12241594284681186,0.04045257327708424,-0.02648031047972421,0.4929801501752534,0.4896886808824752,0.013974768003891606,484,0.023575331429034247,0.03369453044375645,4,34,0.7242541909217834,True,198020,ENDPOINT,16469,16469,True,True,False,1028
Grocery,44,2,ENDPOINT,G_P_text,text,product,9133,0.053322085272724896,0.016858967810347465,-0.01515136708652376,0.5357912028208043,0.5205510952995969,0.01909004358757105,484,0.026002618420825227,0.02142605456558945,4,34,0.7242541909217834,True,198020,ENDPOINT,16469,16469,True,True,False,1028
Grocery,44,2,ENDPOINT,G_D_visual,visual,absdiff,9133,0.060250726428868896,0.02709004222352599,-0.01695149501106452,0.48293545931583803,0.491496079628831,-0.0066717672926423265,484,-0.016345349682921256,-0.00849802371541502,4,34,0.7242541909217834,True,198020,ENDPOINT,16469,16469,True,True,False,1028
Grocery,44,2,ENDPOINT,G_P_visual,visual,product,9133,0.039140153489762866,0.013816295863088914,-0.013758941914250977,0.5234561742122879,0.5102349137272755,0.013423354135595868,484,0.016876870105099268,0.028516483516483518,4,34,0.7242541909217834,True,198020,ENDPOINT,16469,16469,True,True,False,1028
Grocery,44,2,ENDPOINT_LOCAL,G_D_text,text,absdiff,9133,0.1315862218573137,0.049344159727051966,-0.026575930635850176,0.5094490763146445,0.5043085253298527,0.008875988091083647,484,0.037688696643747924,0.06547477290511347,5,34,0.73331218957901,True,198020,ENDPOINT_LOCAL,16469,16469,True,True,False,1542
Grocery,44,2,ENDPOINT_LOCAL,G_P_text,text,product,9133,0.027583179426236115,0.019275897943409247,-0.017814579053626156,0.5184878631305951,0.5092675363299115,0.023928365922289627,484,0.012726797359630053,0.014150643572223103,5,34,0.73331218957901,True,198020,ENDPOINT_LOCAL,16469,16469,True,True,False,1542
Grocery,44,2,ENDPOINT_LOCAL,G_D_visual,visual,absdiff,9133,0.029740267228458538,0.025031376544232927,-0.032336629778027426,0.45339253204747865,0.4600169028923049,-0.017564901574360192,484,-0.04155990123246752,-0.04483792590832202,5,34,0.73331218957901,True,198020,ENDPOINT_LOCAL,16469,16469,True,True,False,1542
Grocery,44,2,ENDPOINT_LOCAL,G_P_visual,visual,product,9133,0.04897541232966028,0.0006259285940509761,-0.026920310864929853,0.5317743203074585,0.520552926979565,-0.0017863018705561906,484,-0.0013290875442489537,0.002773526743617625,5,34,0.73331218957901,True,198020,ENDPOINT_LOCAL,16469,16469,True,True,False,1542
ele-fashion,42,0,SIM_ONLY,G_D_text,text,absdiff,13393,0.10017386139301981,-0.009517419366832484,-0.0041392768173174055,0.6684681519229704,0.5135255081051785,0.12911356152940032,586,0.1148042535120197,0.11428571428571425,27,42,0.5640082955360413,True,198020,SIM_ONLY,24575,24575,True,True,False,2
ele-fashion,42,0,SIM_ONLY,G_P_text,text,product,13393,-0.04113610561012219,0.01787333029249551,-0.0002558150459293085,0.46817290702685577,0.49954691397524026,-0.052589364370831095,586,-0.03597664190098261,-0.06387003805287804,27,42,0.5640082955360413,True,198020,SIM_ONLY,24575,24575,True,True,False,2
ele-fashion,42,0,SIM_ONLY,G_D_visual,visual,absdiff,13393,0.030993719062174588,-0.009451620187223954,-0.0009802185791145668,0.5608498293872564,0.5420437893679215,0.07458359096256721,586,0.04800775871226751,0.06301870285142634,27,42,0.5640082955360413,True,198020,SIM_ONLY,24575,24575,True,True,False,2
ele-fashion,42,0,SIM_ONLY,G_P_visual,visual,product,13393,0.03441825026475414,-0.002202967537119002,-0.0019802079106658876,0.5143289581412392,0.5141220324697298,0.0418887814656657,586,0.03815260367351524,0.03571428571428572,27,42,0.5640082955360413,True,198020,SIM_ONLY,24575,24575,True,True,False,2
ele-fashion,42,0,TARGET_ONLY,G_D_text,text,absdiff,13393,0.16950107758442565,0.02736447511385033,-0.014626112176948647,0.5136682018502643,0.5238976023726761,,586,,,19,34,0.5638288259506226,True,198020,TARGET_ONLY,24575,24575,True,True,False,513
ele-fashion,42,0,TARGET_ONLY,G_P_text,text,product,13393,0.04110285496729476,0.009527851532900276,-0.010572074883737681,0.5141221077303467,0.5071299767827457,,586,,,19,34,0.5638288259506226,True,198020,TARGET_ONLY,24575,24575,True,True,False,513
ele-fashion,42,0,TARGET_ONLY,G_D_visual,visual,absdiff,13393,0.14663241060328533,0.02099898920248316,-0.009489694974461838,0.583619245966968,0.5706826963692677,,586,,,19,34,0.5638288259506226,True,198020,TARGET_ONLY,24575,24575,True,True,False,513
ele-fashion,42,0,TARGET_ONLY,G_P_visual,visual,product,13393,0.059164929219191635,0.00814205851965301,-0.010033845884700465,0.5421386787196105,0.5332882397250832,,586,,,19,34,0.5638288259506226,True,198020,TARGET_ONLY,24575,24575,True,True,False,513
ele-fashion,42,0,ENDPOINT,G_D_text,text,absdiff,13393,0.17009364318117964,0.017391868315290295,-0.029514786705052476,0.5855045406279319,0.5762613655350723,0.14738889882830297,586,0.13870119694183697,0.16740560330019089,11,34,0.5642105340957642,True,198020,ENDPOINT,24575,24575,True,True,False,1028
ele-fashion,42,0,ENDPOINT,G_P_text,text,product,13393,0.09614810021796921,0.01692155889159418,-0.02014759660646881,0.5579202808993797,0.5464273168668335,0.046756818483659875,586,0.04177164890436287,0.03333333333333333,11,34,0.5642105340957642,True,198020,ENDPOINT,24575,24575,True,True,False,1028
ele-fashion,42,0,ENDPOINT,G_D_visual,visual,absdiff,13393,0.1629483906336348,0.017844241221361058,-0.019070187878591938,0.5939324360122191,0.569804521621295,0.13856589994741805,586,0.14648550248117712,0.17871259175607004,11,34,0.5642105340957642,True,198020,ENDPOINT,24575,24575,True,True,False,1028
ele-fashion,42,0,ENDPOINT,G_P_visual,visual,product,13393,0.06990521680092258,0.003149026292637804,-0.02087927162947989,0.5581122239821406,0.5475611447534421,0.10291792940326148,586,0.10275670969757,0.11301453382063188,11,34,0.5642105340957642,True,198020,ENDPOINT,24575,24575,True,True,False,1028
ele-fashion,42,0,ENDPOINT_LOCAL,G_D_text,text,absdiff,13393,0.13915597828686763,0.015867326328013524,-0.04477914420238527,0.5826986596098123,0.5660412441404945,0.1396152080694396,586,0.10346197531410664,0.14849010200378984,18,34,0.5676843523979187,True,198020,ENDPOINT_LOCAL,24575,24575,True,True,False,1542
ele-fashion,42,0,ENDPOINT_LOCAL,G_P_text,text,product,13393,0.0617388331738154,0.00717132576932962,-0.03468769081464851,0.525930109370451,0.5177864007205439,0.0698445560620281,586,0.10932412797073374,0.10895925546519467,18,34,0.5676843523979187,True,198020,ENDPOINT_LOCAL,24575,24575,True,True,False,1542
ele-fashion,42,0,ENDPOINT_LOCAL,G_D_visual,visual,absdiff,13393,0.11408060423105874,0.013902358755828723,-0.02648261258347895,0.6076309027685691,0.5953314137684957,0.10934042763886527,586,0.12512979470628116,0.15357971651775876,18,34,0.5676843523979187,True,198020,ENDPOINT_LOCAL,24575,24575,True,True,False,1542
ele-fashion,42,0,ENDPOINT_LOCAL,G_P_visual,visual,product,13393,0.08038070993239822,0.004485546568683961,-0.03345010404656912,0.5395876567099298,0.5243534856381611,0.08160009562520318,586,0.06115837365762101,0.07785875648932856,18,34,0.5676843523979187,True,198020,ENDPOINT_LOCAL,24575,24575,True,True,False,1542
ele-fashion,42,1,SIM_ONLY,G_D_text,text,absdiff,13394,0.09033007769746552,-0.01086051257355458,-0.005055776078481511,0.6484322063164415,0.512390345171235,0.07760395326520152,586,0.08059643172308657,0.08571428571428573,29,44,0.5658183693885803,True,198020,SIM_ONLY,23895,23895,True,True,False,2
ele-fashion,42,1,SIM_ONLY,G_P_text,text,product,13394,-0.008330408046215557,0.020094762851883413,0.0002359631811883478,0.48777810354945567,0.4999340891115212,0.003042025574087648,586,-0.023791602274934508,-0.013753056234718827,29,44,0.5658183693885803,True,198020,SIM_ONLY,23895,23895,True,True,False,2
ele-fashion,42,1,SIM_ONLY,G_D_visual,visual,absdiff,13394,0.03669912512067571,0.0029346941742537246,-0.00022629697298737206,0.5569269814326305,0.5342860069975722,0.04426800840859638,586,0.034706947110396194,0.05021875644072705,29,44,0.5658183693885803,True,198020,SIM_ONLY,23895,23895,True,True,False,2
ele-fashion,42,1,SIM_ONLY,G_P_visual,visual,product,13394,0.05043322291544708,0.01617501647552583,-6.176622764719752e-05,0.5109882808147038,0.5000839812787801,0.02598811147398381,586,0.07417762383492892,0.06551724137931034,29,44,0.5658183693885803,True,198020,SIM_ONLY,23895,23895,True,True,False,2
ele-fashion,42,1,TARGET_ONLY,G_D_text,text,absdiff,13394,0.24721566248419535,0.021905785778783972,-0.015519331193832198,0.5687653103531579,0.5437972935059694,,586,,,23,38,0.5628030896186829,True,198020,TARGET_ONLY,23895,23895,True,True,False,513
ele-fashion,42,1,TARGET_ONLY,G_P_text,text,product,13394,0.1157960979462482,0.025911257948624145,-0.008700524648214358,0.5827944369212824,0.5616737080557994,,586,,,23,38,0.5628030896186829,True,198020,TARGET_ONLY,23895,23895,True,True,False,513
ele-fashion,42,1,TARGET_ONLY,G_D_visual,visual,absdiff,13394,0.1346963042037235,0.026145901262903767,-0.011698517897593463,0.5957851758932295,0.5795230874440284,,586,,,23,38,0.5628030896186829,True,198020,TARGET_ONLY,23895,23895,True,True,False,513
ele-fashion,42,1,TARGET_ONLY,G_P_visual,visual,product,13394,0.06403378004902094,-0.029573760767522717,-0.02217036259931615,0.5396476560730732,0.531878893514075,,586,,,23,38,0.5628030896186829,True,198020,TARGET_ONLY,23895,23895,True,True,False,513
ele-fashion,42,1,ENDPOINT,G_D_text,text,absdiff,13394,0.2106429604316672,-0.002201117180346838,-0.039307917910939905,0.5244550695853816,0.5159657586020103,0.10657693739097998,586,0.1113021805468007,0.10781084631673665,7,34,0.5659643411636353,True,198020,ENDPOINT,23895,23895,True,True,False,1028
ele-fashion,42,1,ENDPOINT,G_P_text,text,product,13394,0.14144868400724975,0.024982302429178004,-0.010627718904488104,0.5723409904354768,0.550774398467817,0.07249025099500528,586,0.10042273458559285,0.12156862745098039,7,34,0.5659643411636353,True,198020,ENDPOINT,23895,23895,True,True,False,1028
ele-fashion,42,1,ENDPOINT,G_D_visual,visual,absdiff,13394,0.16015401914228253,0.024536452085726936,-0.013561496867059875,0.6062318111468279,0.5795620501521372,0.09532356810956541,586,0.136444693386237,0.14655948658340096,7,34,0.5659643411636353,True,198020,ENDPOINT,23895,23895,True,True,False,1028
ele-fashion,42,1,ENDPOINT,G_P_visual,visual,product,13394,0.07124786699024337,0.011458791496786098,-0.017648813078440462,0.5330869388217279,0.5270619448428575,0.09386092468878951,586,0.07753199149819745,0.09999999999999999,7,34,0.5659643411636353,True,198020,ENDPOINT,23895,23895,True,True,False,1028
ele-fashion,42,1,ENDPOINT_LOCAL,G_D_text,text,absdiff,13394,0.2382278149071957,0.020156431174989446,-0.03809640241223278,0.5983065591921118,0.5643694660904075,0.11672173211150802,586,0.12915758531667346,0.14285714285714288,24,39,0.5689178109169006,True,198020,ENDPOINT_LOCAL,23895,23895,True,True,False,1542
ele-fashion,42,1,ENDPOINT_LOCAL,G_P_text,text,product,13394,0.16988634178238723,0.033561211230394086,-0.020345583849991966,0.5920408335203532,0.5671970813641775,0.09546185780133681,586,0.11027594941609721,0.11666666666666665,24,39,0.5689178109169006,True,198020,ENDPOINT_LOCAL,23895,23895,True,True,False,1542
ele-fashion,42,1,ENDPOINT_LOCAL,G_D_visual,visual,absdiff,13394,0.17239716730222057,0.03509520024541439,-0.028401321546419833,0.6015831872085805,0.5805976273837821,0.09028874874575575,586,0.10852343414483204,0.12727272727272726,24,39,0.5689178109169006,True,198020,ENDPOINT_LOCAL,23895,23895,True,True,False,1542
ele-fashion,42,1,ENDPOINT_LOCAL,G_P_visual,visual,product,13394,0.08709265845511045,-0.008564663145489374,-0.039531371171454666,0.5609889548217566,0.5451642914658126,0.09704897479937726,586,0.08868993918183113,0.10303030303030303,24,39,0.5689178109169006,True,198020,ENDPOINT_LOCAL,23895,23895,True,True,False,1542
ele-fashion,42,2,SIM_ONLY,G_D_text,text,absdiff,13394,0.0819154609834092,0.007265268095703328,-0.007862808984803626,0.6443079745849136,0.5001410835214447,0.13285445717990077,586,0.07748612152128759,0.09622861380369724,44,59,0.5349011421203613,True,198020,SIM_ONLY,24270,24270,True,True,False,2
ele-fashion,42,2,SIM_ONLY,G_P_text,text,product,13394,-0.003716950602251379,-0.009461996203085351,-0.0008750701914090886,0.5067135425195322,0.5013900904758732,0.008887704970145236,586,0.04815071198066534,0.08299903110244976,44,59,0.5349011421203613,True,198020,SIM_ONLY,24270,24270,True,True,False,2
ele-fashion,42,2,SIM_ONLY,G_D_visual,visual,absdiff,13394,0.04707148402280826,0.005378826093740861,-0.002472023011602431,0.5686547106033096,0.527384264550772,0.0504340312191729,586,0.04641730912049819,0.03394257160181595,44,59,0.5349011421203613,True,198020,SIM_ONLY,24270,24270,True,True,False,2
ele-fashion,42,2,SIM_ONLY,G_P_visual,visual,product,13394,0.04856924825609492,0.011738984701280682,-0.0004562364524041129,0.5091523257468034,0.5046767886508006,0.023861736849895013,586,0.05174800775531247,0.04761904761904763,44,59,0.5349011421203613,True,198020,SIM_ONLY,24270,24270,True,True,False,2
ele-fashion,42,2,TARGET_ONLY,G_D_text,text,absdiff,13394,0.2187943853535561,-0.0009358368062623281,-0.019509473443097836,0.5369307530565709,0.5258880097626932,,586,,,7,34,0.5352797508239746,True,198020,TARGET_ONLY,24270,24270,True,True,False,513
ele-fashion,42,2,TARGET_ONLY,G_P_text,text,product,13394,-0.006948511983049697,-0.005021188670599808,-0.00821781048196768,0.5044861625447614,0.5124158265191322,,586,,,7,34,0.5352797508239746,True,198020,TARGET_ONLY,24270,24270,True,True,False,513
ele-fashion,42,2,TARGET_ONLY,G_D_visual,visual,absdiff,13394,0.19132970289137347,0.019167650214506202,-0.007816485404160467,0.5825473608156563,0.5591381612355252,,586,,,7,34,0.5352797508239746,True,198020,TARGET_ONLY,24270,24270,True,True,False,513
ele-fashion,42,2,TARGET_ONLY,G_P_visual,visual,product,13394,0.08450990424364692,0.012964070967145367,-0.004154174056812732,0.5259149463602631,0.5094203531534338,,586,,,7,34,0.5352797508239746,True,198020,TARGET_ONLY,24270,24270,True,True,False,513
ele-fashion,42,2,ENDPOINT,G_D_text,text,absdiff,13394,0.1575047789913715,0.02175687480990403,-0.017068302055558204,0.5628913671208076,0.5500867126536879,0.08408935948595524,586,0.10751768576907758,0.09999999999999999,8,34,0.5371758341789246,True,198020,ENDPOINT,24270,24270,True,True,False,1028
ele-fashion,42,2,ENDPOINT,G_P_text,text,product,13394,0.09231349800948382,0.008337038205114555,-0.016724511356952743,0.5629437100228741,0.5442879911434282,0.10088953564931381,586,0.13599240313698546,0.14797800331931688,8,34,0.5371758341789246,True,198020,ENDPOINT,24270,24270,True,True,False,1028
ele-fashion,42,2,ENDPOINT,G_D_visual,visual,absdiff,13394,0.13148360714721505,0.012888378762298933,-0.023454953372323395,0.5029029638519505,0.492011432617715,0.07808631629841803,586,0.07357236883931303,0.09523809523809526,8,34,0.5371758341789246,True,198020,ENDPOINT,24270,24270,True,True,False,1028
ele-fashion,42,2,ENDPOINT,G_P_visual,visual,product,13394,0.075074215562195,0.03929122019392253,-0.006111371743810601,0.5398046390534208,0.5256521587057592,0.10987635828483136,586,0.10164955495529782,0.14285714285714288,8,34,0.5371758341789246,True,198020,ENDPOINT,24270,24270,True,True,False,1028
ele-fashion,42,2,ENDPOINT_LOCAL,G_D_text,text,absdiff,13394,0.17704134225673995,0.01318947809183995,-0.02031152457344887,0.5715424367773946,0.5571642928349623,0.06833057776204823,586,0.07905546680850589,0.08571428571428573,8,34,0.5395621657371521,True,198020,ENDPOINT_LOCAL,24270,24270,True,True,False,1542
ele-fashion,42,2,ENDPOINT_LOCAL,G_P_text,text,product,13394,0.06877172523752956,-2.8765915257512012e-05,-0.027126323033868083,0.5446537104246194,0.5264033992755428,0.05164236362589975,586,0.10364557957036165,0.10574810593034253,8,34,0.5395621657371521,True,198020,ENDPOINT_LOCAL,24270,24270,True,True,False,1542
ele-fashion,42,2,ENDPOINT_LOCAL,G_D_visual,visual,absdiff,13394,0.15358605150563706,0.00533268628581456,-0.023407911602322695,0.6111947408584968,0.582859309849278,0.05762103110135816,586,0.06042556229298964,0.0916138125440451,8,34,0.5395621657371521,True,198020,ENDPOINT_LOCAL,24270,24270,True,True,False,1542
ele-fashion,42,2,ENDPOINT_LOCAL,G_P_visual,visual,product,13394,0.09257639528173027,0.011668392276515626,-0.02160498310771297,0.5506825222242114,0.5376311560664566,0.09252780057682616,586,0.0935672007765338,0.14285714285714288,8,34,0.5395621657371521,True,198020,ENDPOINT_LOCAL,24270,24270,True,True,False,1542
ele-fashion,43,0,SIM_ONLY,G_D_text,text,absdiff,13393,0.07497108913384419,-0.014427943046730689,-0.004511803625428801,0.6295812345953227,0.5253832659826513,0.0945600213120775,586,0.05373123967338933,0.03873744630843185,19,34,0.5702497363090515,True,198020,SIM_ONLY,23766,23766,True,True,False,2
ele-fashion,43,0,SIM_ONLY,G_P_text,text,product,13393,-0.021763490606781493,-0.028511912728175583,-0.0016022750247712825,0.4761679194762378,0.4763084617002497,0.021380016993772705,586,0.019890333305529025,0.023809523809523815,19,34,0.5702497363090515,True,198020,SIM_ONLY,23766,23766,True,True,False,2
ele-fashion,43,0,SIM_ONLY,G_D_visual,visual,absdiff,13393,0.032063522889741056,-0.006479247482370064,-0.0032125216848775118,0.535975866662536,0.5088019687722668,0.0468233815709163,586,0.022934797501676738,0.019776094876998204,19,34,0.5702497363090515,True,198020,SIM_ONLY,23766,23766,True,True,False,2
ele-fashion,43,0,SIM_ONLY,G_P_visual,visual,product,13393,0.07542347884415032,0.010681775188000531,-0.0005379277404660154,0.541024384014708,0.5301272598805848,0.04242414896300007,586,0.028386892813206877,0.028571428571428574,19,34,0.5702497363090515,True,198020,SIM_ONLY,23766,23766,True,True,False,2
ele-fashion,43,0,TARGET_ONLY,G_D_text,text,absdiff,13393,0.2554187217131695,0.024379946258480455,-0.020000871545840848,0.5761614410179984,0.5672343260393977,,586,,,32,47,0.5692596435546875,True,198020,TARGET_ONLY,23766,23766,True,True,False,513
ele-fashion,43,0,TARGET_ONLY,G_P_text,text,product,13393,0.14702439103265852,0.022410695909433436,-0.010474515768712056,0.5924174610764664,0.560444211849005,,586,,,32,47,0.5692596435546875,True,198020,TARGET_ONLY,23766,23766,True,True,False,513
ele-fashion,43,0,TARGET_ONLY,G_D_visual,visual,absdiff,13393,0.15177308485109142,-0.00753503795263525,-0.02909054252033072,0.5671491526998977,0.5587265972717039,,586,,,32,47,0.5692596435546875,True,198020,TARGET_ONLY,23766,23766,True,True,False,513
ele-fashion,43,0,TARGET_ONLY,G_P_visual,visual,product,13393,0.09636636522246649,0.024554680182870964,-0.011182610803312842,0.5560125542004694,0.5233733919756464,,586,,,32,47,0.5692596435546875,True,198020,TARGET_ONLY,23766,23766,True,True,False,513
ele-fashion,43,0,ENDPOINT,G_D_text,text,absdiff,13393,0.24605566480649496,0.017397739757028005,-0.030029141611213284,0.6094392906444648,0.5885396515199282,0.1768304927375881,586,0.1985700582712034,0.2380952380952381,14,34,0.5725570917129517,True,198020,ENDPOINT,23766,23766,True,True,False,1028
ele-fashion,43,0,ENDPOINT,G_P_text,text,product,13393,0.14622675931160792,0.025108910339325632,-0.017478505716252757,0.58972305912638,0.567809246822211,0.1171615931230839,586,0.10086287558771737,0.1103644879125884,14,34,0.5725570917129517,True,198020,ENDPOINT,23766,23766,True,True,False,1028
ele-fashion,43,0,ENDPOINT,G_D_visual,visual,absdiff,13393,0.17990091052638107,-0.004753443762434154,-0.03619871172747047,0.5849495414975681,0.5749905124074476,0.14141556845772849,586,0.16594899987709463,0.2,14,34,0.5725570917129517,True,198020,ENDPOINT,23766,23766,True,True,False,1028
ele-fashion,43,0,ENDPOINT,G_P_visual,visual,product,13393,0.12015458492416306,0.020674618077788927,-0.02461678375134224,0.5635972846595738,0.5443905412656862,0.08669958042309714,586,0.11564688375816742,0.11800844276715203,14,34,0.5725570917129517,True,198020,ENDPOINT,23766,23766,True,True,False,1028
ele-fashion,43,0,ENDPOINT_LOCAL,G_D_text,text,absdiff,13393,0.21889884168628615,0.016397666891735135,-0.030086523444114555,0.601306770415377,0.5682104183384922,0.12422949029705017,586,0.1565215897214965,0.17272727272727276,18,34,0.5748305320739746,True,198020,ENDPOINT_LOCAL,23766,23766,True,True,False,1542
ele-fashion,43,0,ENDPOINT_LOCAL,G_P_text,text,product,13393,0.13650068210382624,0.026898838498860628,-0.016326950819006703,0.5783858553110557,0.5573496763338085,0.08944172331359475,586,0.09846997372368538,0.08571428571428573,18,34,0.5748305320739746,True,198020,ENDPOINT_LOCAL,23766,23766,True,True,False,1542
ele-fashion,43,0,ENDPOINT_LOCAL,G_D_visual,visual,absdiff,13393,0.1808101502506693,-0.022193914370669313,-0.051996249992084964,0.5596254401726612,0.5358372832698246,0.1327218788312081,586,0.16410608455502396,0.2,18,34,0.5748305320739746,True,198020,ENDPOINT_LOCAL,23766,23766,True,True,False,1542
ele-fashion,43,0,ENDPOINT_LOCAL,G_P_visual,visual,product,13393,0.10497628638249455,0.014146314996113749,-0.031962166668908276,0.5793981220783831,0.5667644013168249,0.09171266346598783,586,0.11014149483749767,0.1028965731583712,18,34,0.5748305320739746,True,198020,ENDPOINT_LOCAL,23766,23766,True,True,False,1542
ele-fashion,43,1,SIM_ONLY,G_D_text,text,absdiff,13394,0.09609701466629907,-0.007644616877524807,-0.005421028837290676,0.6643357551726713,0.5167786852367662,0.11732637080186188,586,0.07645592024657138,0.08571428571428573,51,66,0.45371270179748535,True,198020,SIM_ONLY,23684,23684,True,True,False,2
ele-fashion,43,1,SIM_ONLY,G_P_text,text,product,13394,-0.01879428507450099,0.0021481891268632404,-0.0002905239315880159,0.47856181990476965,0.49413645843142295,-0.014444576448805998,586,0.011836006312810097,0.040994004514085344,51,66,0.45371270179748535,True,198020,SIM_ONLY,23684,23684,True,True,False,2
ele-fashion,43,1,SIM_ONLY,G_D_visual,visual,absdiff,13394,-0.020744714926790395,0.010401621718469752,-0.0006728314285273651,0.48435021487162644,0.5037551186440956,-0.03020696614180143,586,-0.036845165728272955,-0.05524475524475525,51,66,0.45371270179748535,True,198020,SIM_ONLY,23684,23684,True,True,False,2
ele-fashion,43,1,SIM_ONLY,G_P_visual,visual,product,13394,0.09027986074583977,0.022636685614471255,-0.0005843332596098261,0.5474109591083574,0.5357941783726331,0.04778450691349046,586,0.04871222478787931,0.08027618376455586,51,66,0.45371270179748535,True,198020,SIM_ONLY,23684,23684,True,True,False,2
ele-fashion,43,1,TARGET_ONLY,G_D_text,text,absdiff,13394,0.2508130060946376,0.049109065483844964,-0.008765318195848693,0.5891013232961639,0.5747312640023212,,586,,,26,41,0.45449426770210266,True,198020,TARGET_ONLY,23684,23684,True,True,False,513
ele-fashion,43,1,TARGET_ONLY,G_P_text,text,product,13394,0.10860391033693666,0.025509147881788482,-0.009941968824712655,0.5465734298934821,0.5309582898363772,,586,,,26,41,0.45449426770210266,True,198020,TARGET_ONLY,23684,23684,True,True,False,513
ele-fashion,43,1,TARGET_ONLY,G_D_visual,visual,absdiff,13394,0.18492062819524663,0.02317753931164407,-0.01287840976822796,0.5559677531327016,0.5310999028286895,,586,,,26,41,0.45449426770210266,True,198020,TARGET_ONLY,23684,23684,True,True,False,513
ele-fashion,43,1,TARGET_ONLY,G_P_visual,visual,product,13394,0.04327553421304337,0.009266179836104038,-0.011182645752558118,0.49616756870419343,0.4892324645377486,,586,,,26,41,0.45449426770210266,True,198020,TARGET_ONLY,23684,23684,True,True,False,513
ele-fashion,43,1,ENDPOINT,G_D_text,text,absdiff,13394,0.2477477697519246,0.03742900883255532,-0.026903820304673864,0.6767789554700832,0.6389116469485827,0.17076508005429997,586,0.1576794909601466,0.167428338884878,13,34,0.45764032006263733,True,198020,ENDPOINT,23684,23684,True,True,False,1028
ele-fashion,43,1,ENDPOINT,G_P_text,text,product,13394,0.12200245125420987,0.008371530692625846,-0.025847775320570365,0.5666786371190001,0.5448082381913006,0.08847575426577692,586,0.12058388229953118,0.1015151515151515,13,34,0.45764032006263733,True,198020,ENDPOINT,23684,23684,True,True,False,1028
ele-fashion,43,1,ENDPOINT,G_D_visual,visual,absdiff,13394,0.22141843377630036,0.026260195710307743,-0.021844264962526116,0.6199673769558782,0.5980750385984327,0.16115749717155614,586,0.1760953171413279,0.22761827124666673,13,34,0.45764032006263733,True,198020,ENDPOINT,23684,23684,True,True,False,1028
ele-fashion,43,1,ENDPOINT,G_P_visual,visual,product,13394,0.10462851374324625,0.005562712763840473,-0.02617937530908354,0.5657280387261067,0.5497524043321346,0.11137551431139894,586,0.13715470754703926,0.14285714285714288,13,34,0.45764032006263733,True,198020,ENDPOINT,23684,23684,True,True,False,1028
ele-fashion,43,1,ENDPOINT_LOCAL,G_D_text,text,absdiff,13394,0.23257255970683519,0.04894259549360757,-0.028348484202565194,0.6189180054848415,0.5892742606881751,0.08760618015870515,586,0.10417463800660035,0.09906893492374132,20,35,0.45839548110961914,True,198020,ENDPOINT_LOCAL,23684,23684,True,True,False,1542
ele-fashion,43,1,ENDPOINT_LOCAL,G_P_text,text,product,13394,0.10285511674750662,0.020783119911762515,-0.025535402440335142,0.556374361496185,0.5371037445577476,0.0868551242172234,586,0.11100715350549982,0.13205163811627135,20,35,0.45839548110961914,True,198020,ENDPOINT_LOCAL,23684,23684,True,True,False,1542
ele-fashion,43,1,ENDPOINT_LOCAL,G_D_visual,visual,absdiff,13394,0.2091050683543347,0.01573342382503696,-0.03503900510236635,0.5642305494605256,0.5455236344411603,0.15264690488793026,586,0.1774729752353922,0.2105739910567379,20,35,0.45839548110961914,True,198020,ENDPOINT_LOCAL,23684,23684,True,True,False,1542
ele-fashion,43,1,ENDPOINT_LOCAL,G_P_visual,visual,product,13394,0.08440404820000222,0.0013443152042922147,-0.04042658178557157,0.5615100407544744,0.5437082868194647,0.09471650443528486,586,0.12877873327093242,0.15738065625949255,20,35,0.45839548110961914,True,198020,ENDPOINT_LOCAL,23684,23684,True,True,False,1542
ele-fashion,43,2,SIM_ONLY,G_D_text,text,absdiff,13394,0.027446379066758408,-0.015288679200085913,-0.005635129290050722,0.5802411578398,0.5109738284249971,0.11064377289898272,586,0.0659676556874289,0.07218045112781954,38,53,0.666231095790863,True,198020,SIM_ONLY,24028,24028,True,True,False,2
ele-fashion,43,2,SIM_ONLY,G_P_text,text,product,13394,0.01631735597400741,0.001397955197115503,-0.00023747271459217956,0.507536729020343,0.5033520871759214,0.012480079885927985,586,0.0019386503368541389,0.01801874925391118,38,53,0.666231095790863,True,198020,SIM_ONLY,24028,24028,True,True,False,2
ele-fashion,43,2,SIM_ONLY,G_D_visual,visual,absdiff,13394,0.042259201005145755,-0.00263327306681498,-0.0007487119386773156,0.5496414354431648,0.5061615157207198,0.030352436387659176,586,0.01894186307735142,0.0,38,53,0.666231095790863,True,198020,SIM_ONLY,24028,24028,True,True,False,2
ele-fashion,43,2,SIM_ONLY,G_P_visual,visual,product,13394,0.07366003476463769,0.014056062132349547,-0.0002872003888374497,0.5399943926276569,0.5330680863692449,0.048085977428411295,586,0.04220313962067477,0.04429590017825312,38,53,0.666231095790863,True,198020,SIM_ONLY,24028,24028,True,True,False,2
ele-fashion,43,2,TARGET_ONLY,G_D_text,text,absdiff,13394,0.20621985027796214,0.008816745314911072,-0.02661673037519119,0.5695656173454251,0.564962749373743,,586,,,17,34,0.6688206195831299,True,198020,TARGET_ONLY,24028,24028,True,True,False,513
ele-fashion,43,2,TARGET_ONLY,G_P_text,text,product,13394,0.12148970579244049,0.019828109193052213,-0.007135715894780903,0.577247149353638,0.5575228962090766,,586,,,17,34,0.6688206195831299,True,198020,TARGET_ONLY,24028,24028,True,True,False,513
ele-fashion,43,2,TARGET_ONLY,G_D_visual,visual,absdiff,13394,0.17149634573733272,0.03722279365773541,-0.006971483564652159,0.6007265734168822,0.584078581491077,,586,,,17,34,0.6688206195831299,True,198020,TARGET_ONLY,24028,24028,True,True,False,513
ele-fashion,43,2,TARGET_ONLY,G_P_visual,visual,product,13394,0.06681180459460172,0.0031590294150021943,-0.007150599888339437,0.5643568081690659,0.5470216523819608,,586,,,17,34,0.6688206195831299,True,198020,TARGET_ONLY,24028,24028,True,True,False,513
ele-fashion,43,2,ENDPOINT,G_D_text,text,absdiff,13394,0.22809420070795666,0.02491439333339798,-0.031473156728868634,0.5803280069376202,0.5591433229686162,0.15338538934609244,586,0.18331179164815936,0.2,13,34,0.6699386835098267,True,198020,ENDPOINT,24028,24028,True,True,False,1028
ele-fashion,43,2,ENDPOINT,G_P_text,text,product,13394,0.16196530749605978,0.031570252694360895,-0.020029794964744108,0.5988219162550835,0.5698256656519007,0.10372855243452399,586,0.11997984039532739,0.14835164835164835,13,34,0.6699386835098267,True,198020,ENDPOINT,24028,24028,True,True,False,1028
ele-fashion,43,2,ENDPOINT,G_D_visual,visual,absdiff,13394,0.16879505057398228,0.030083606843454673,-0.01889906362767313,0.5934116501688328,0.56486293185048,0.14219954464333076,586,0.16298324940359077,0.1866731337767923,13,34,0.6699386835098267,True,198020,ENDPOINT,24028,24028,True,True,False,1028
ele-fashion,43,2,ENDPOINT,G_P_visual,visual,product,13394,0.0904598455519042,0.014145150998671889,-0.020894866620669417,0.547914638557258,0.5277277515603662,0.05801155264813135,586,0.04039281210152655,0.05227272727272727,13,34,0.6699386835098267,True,198020,ENDPOINT,24028,24028,True,True,False,1028
ele-fashion,43,2,ENDPOINT_LOCAL,G_D_text,text,absdiff,13394,0.2150040787464076,0.02296229564510954,-0.03024415538033276,0.5918058983462111,0.5802740399738844,0.10747485293626127,586,0.12471635976320468,0.13939393939393938,15,34,0.6721612811088562,True,198020,ENDPOINT_LOCAL,24028,24028,True,True,False,1542
ele-fashion,43,2,ENDPOINT_LOCAL,G_P_text,text,product,13394,0.1464936271062282,0.023536846940604532,-0.036003490368827995,0.5824944767135085,0.5599643429859888,0.08447886758350646,586,0.10176608404585888,0.09999999999999999,15,34,0.6721612811088562,True,198020,ENDPOINT_LOCAL,24028,24028,True,True,False,1542
ele-fashion,43,2,ENDPOINT_LOCAL,G_D_visual,visual,absdiff,13394,0.16940513303092405,0.029294088989293948,-0.02440757382884695,0.6078203230113013,0.57750380417951,0.15489493637167498,586,0.17248453283580356,0.2,15,34,0.6721612811088562,True,198020,ENDPOINT_LOCAL,24028,24028,True,True,False,1542
ele-fashion,43,2,ENDPOINT_LOCAL,G_P_visual,visual,product,13394,0.08892061439838826,-0.0027567426328386794,-0.03197207304681404,0.5444420647190579,0.5251814222925513,0.047452853571872095,586,0.024348672081984015,0.030769230769230774,15,34,0.6721612811088562,True,198020,ENDPOINT_LOCAL,24028,24028,True,True,False,1542
ele-fashion,44,0,SIM_ONLY,G_D_text,text,absdiff,13394,0.058830376055757465,-0.006641569107339182,-0.002422985282074519,0.6395553034010417,0.50014164305949,0.12392222920012062,586,0.07220685406797228,0.09999999999999999,20,35,0.54404616355896,True,198020,SIM_ONLY,24351,24351,True,True,False,2
ele-fashion,44,0,SIM_ONLY,G_P_text,text,product,13394,0.011193055389947358,0.011147522993293815,-0.00035070100448630903,0.5109538663651726,0.511698585671394,0.02495301991045446,586,0.036966205309338224,0.049475524475524474,20,35,0.54404616355896,True,198020,SIM_ONLY,24351,24351,True,True,False,2
ele-fashion,44,0,SIM_ONLY,G_D_visual,visual,absdiff,13394,0.04687450683867678,-0.0017237784211276092,-0.0026022781214498636,0.5416061987427115,0.5355167357312048,0.05167556573725677,586,0.033767331911628555,0.02792207792207792,20,35,0.54404616355896,True,198020,SIM_ONLY,24351,24351,True,True,False,2
ele-fashion,44,0,SIM_ONLY,G_P_visual,visual,product,13394,0.0267209206042137,0.011986941636119377,-0.002232160384809001,0.49309892697343505,0.4919937557325571,0.02775047783417893,586,0.01436501979476422,0.0,20,35,0.54404616355896,True,198020,SIM_ONLY,24351,24351,True,True,False,2
ele-fashion,44,0,TARGET_ONLY,G_D_text,text,absdiff,13394,0.17216015010282223,0.021002523323589508,-0.01627597123754443,0.5232520350420105,0.5285731558257457,,586,,,12,34,0.5449672937393188,True,198020,TARGET_ONLY,24351,24351,True,True,False,513
ele-fashion,44,0,TARGET_ONLY,G_P_text,text,product,13394,0.10073457890914092,-0.0020873818525975222,-0.007866588419158882,0.544920680725147,0.533474185864809,,586,,,12,34,0.5449672937393188,True,198020,TARGET_ONLY,24351,24351,True,True,False,513
ele-fashion,44,0,TARGET_ONLY,G_D_visual,visual,absdiff,13394,0.13972830735088307,0.002636132447407759,-0.01634150835897996,0.5549666211000035,0.5337503615955972,,586,,,12,34,0.5449672937393188,True,198020,TARGET_ONLY,24351,24351,True,True,False,513
ele-fashion,44,0,TARGET_ONLY,G_P_visual,visual,product,13394,0.08953620124681838,0.017150982856505972,-0.007443879972692802,0.5772680804217458,0.5623250072837467,,586,,,12,34,0.5449672937393188,True,198020,TARGET_ONLY,24351,24351,True,True,False,513
ele-fashion,44,0,ENDPOINT,G_D_text,text,absdiff,13394,0.25889092751161313,0.035402263199706345,-0.026142775145687525,0.6318150644803319,0.614909569005328,0.16707323604031904,586,0.1836607109941667,0.21428571428571433,13,34,0.5491381883621216,True,198020,ENDPOINT,24351,24351,True,True,False,1028
ele-fashion,44,0,ENDPOINT,G_P_text,text,product,13394,0.12529487467038544,0.00934916030585647,-0.023221641687804162,0.5821020425476706,0.5586081434118221,0.08789016550200243,586,0.11801055647579614,0.11904761904761904,13,34,0.5491381883621216,True,198020,ENDPOINT,24351,24351,True,True,False,1028
ele-fashion,44,0,ENDPOINT,G_D_visual,visual,absdiff,13394,0.18801934342700366,0.024137353693065546,-0.025189953022290323,0.5910795335086667,0.5730633555884582,0.15186389529508285,586,0.1800506287964793,0.19999999999999998,13,34,0.5491381883621216,True,198020,ENDPOINT,24351,24351,True,True,False,1028
ele-fashion,44,0,ENDPOINT,G_P_visual,visual,product,13394,0.09607256953164826,0.022315987930458137,-0.025066167050189714,0.5513483075364388,0.5355717042644819,0.0758555994505614,586,0.0846546225152835,0.07586827201474328,13,34,0.5491381883621216,True,198020,ENDPOINT,24351,24351,True,True,False,1028
ele-fashion,44,0,ENDPOINT_LOCAL,G_D_text,text,absdiff,13394,0.20357317069695366,0.04239473068829043,-0.028674910372455065,0.5460427824073117,0.5417953286509561,0.12498781341466063,586,0.13220208372100675,0.14285714285714288,23,38,0.5518292784690857,True,198020,ENDPOINT_LOCAL,24351,24351,True,True,False,1542
ele-fashion,44,0,ENDPOINT_LOCAL,G_P_text,text,product,13394,0.10466310110600147,0.007474962151591472,-0.03164040879276264,0.5658506891491044,0.558039725048679,0.06861868311700228,586,0.14278517675086094,0.172800225833115,23,38,0.5518292784690857,True,198020,ENDPOINT_LOCAL,24351,24351,True,True,False,1542
ele-fashion,44,0,ENDPOINT_LOCAL,G_D_visual,visual,absdiff,13394,0.1499938507742712,0.016555625045510565,-0.04300091993195587,0.5720055030450282,0.5489463274095157,0.12666013223734582,586,0.14594951591932573,0.1538714533294635,23,38,0.5518292784690857,True,198020,ENDPOINT_LOCAL,24351,24351,True,True,False,1542
ele-fashion,44,0,ENDPOINT_LOCAL,G_P_visual,visual,product,13394,0.07470283089912046,0.012169959330108318,-0.03380815700501194,0.5462754428656853,0.5343084726795393,0.08945005898950761,586,0.0674924557163589,0.07316057883500111,23,38,0.5518292784690857,True,198020,ENDPOINT_LOCAL,24351,24351,True,True,False,1542
ele-fashion,44,1,SIM_ONLY,G_D_text,text,absdiff,13393,-0.01089690313387796,-0.00967023207586077,-0.003353901915396973,0.6023528534761484,0.5002504231987994,0.10882253593917805,586,0.09331897099890521,0.09999999999999999,25,40,0.4538739323616028,True,198020,SIM_ONLY,23428,23428,True,True,False,2
ele-fashion,44,1,SIM_ONLY,G_P_text,text,product,13393,0.026008737111469723,-0.004880698008857911,-0.0007362500321319576,0.505691197949349,0.5040670920484418,0.03484676586893461,586,0.02049550211159332,0.011919315542589496,25,40,0.4538739323616028,True,198020,SIM_ONLY,23428,23428,True,True,False,2
ele-fashion,44,1,SIM_ONLY,G_D_visual,visual,absdiff,13393,0.05473191348014492,-0.007474315801893404,-0.0024680756497803547,0.5274078691611658,0.5295550076502629,0.06335207307572181,586,0.00873782707745197,-0.0007112375533428164,25,40,0.4538739323616028,True,198020,SIM_ONLY,23428,23428,True,True,False,2
ele-fashion,44,1,SIM_ONLY,G_P_visual,visual,product,13393,0.05403711314885381,0.004694961064136868,-0.0018102254845164811,0.5209887859408422,0.511814703934524,0.0344320949512371,586,0.021498373017527612,0.019276323310323494,25,40,0.4538739323616028,True,198020,SIM_ONLY,23428,23428,True,True,False,2
ele-fashion,44,1,TARGET_ONLY,G_D_text,text,absdiff,13393,0.20596421428092668,0.016725426881855708,-0.009964820803455066,0.5340716646463775,0.5356565645838894,,586,,,15,34,0.4553306996822357,True,198020,TARGET_ONLY,23428,23428,True,True,False,513
ele-fashion,44,1,TARGET_ONLY,G_P_text,text,product,13393,0.0555504416696257,-0.013427821050692717,-0.00943362930407865,0.48888123147481793,0.4862489106820249,,586,,,15,34,0.4553306996822357,True,198020,TARGET_ONLY,23428,23428,True,True,False,513
ele-fashion,44,1,TARGET_ONLY,G_D_visual,visual,absdiff,13393,0.15151310637007193,0.000775636192647178,-0.011957627306561358,0.6598265640353265,0.6258689703419881,,586,,,15,34,0.4553306996822357,True,198020,TARGET_ONLY,23428,23428,True,True,False,513
ele-fashion,44,1,TARGET_ONLY,G_P_visual,visual,product,13393,0.10043565146759291,0.007959292475454606,-0.005632832854177261,0.5485045542959596,0.533654577896399,,586,,,15,34,0.4553306996822357,True,198020,TARGET_ONLY,23428,23428,True,True,False,513
ele-fashion,44,1,ENDPOINT,G_D_text,text,absdiff,13393,0.27672222419651726,0.014145957272639054,-0.0196143754224003,0.595483502018241,0.5677281846045247,0.14632146013501868,586,0.11853958546889451,0.1272727272727273,8,34,0.4555013179779053,True,198020,ENDPOINT,23428,23428,True,True,False,1028
ele-fashion,44,1,ENDPOINT,G_P_text,text,product,13393,0.10169547913590081,-0.005328048075759301,-0.017952342323048986,0.53122888846423,0.5205373765383158,0.12657828869077598,586,0.14354164828484867,0.1584159374450008,8,34,0.4555013179779053,True,198020,ENDPOINT,23428,23428,True,True,False,1028
ele-fashion,44,1,ENDPOINT,G_D_visual,visual,absdiff,13393,0.13432016030213792,-0.005122540147718961,-0.03006632656656505,0.5109017853053424,0.49963035930168986,0.12786744003726316,586,0.14304972259334103,0.15514386512819106,8,34,0.4555013179779053,True,198020,ENDPOINT,23428,23428,True,True,False,1028
ele-fashion,44,1,ENDPOINT,G_P_visual,visual,product,13393,0.11699268190167576,0.014817574887015626,-0.015521267118584259,0.5438611338357826,0.5235449264490715,0.07317287255563124,586,0.03667187450764965,0.029444270203264785,8,34,0.4555013179779053,True,198020,ENDPOINT,23428,23428,True,True,False,1028
ele-fashion,44,1,ENDPOINT_LOCAL,G_D_text,text,absdiff,13393,0.22875673807570346,0.0039621296367547,-0.03966602825744281,0.5884989767699148,0.5632801674491484,0.1578638652067792,586,0.14773200363729289,0.16666666666666669,26,41,0.45901182293891907,True,198020,ENDPOINT_LOCAL,23428,23428,True,True,False,1542
ele-fashion,44,1,ENDPOINT_LOCAL,G_P_text,text,product,13393,0.1395404096052296,-0.0031935237567999276,-0.02895464870349085,0.57472243568111,0.5545075401810944,0.13568993643210278,586,0.16771522594409524,0.20000000000000004,26,41,0.45901182293891907,True,198020,ENDPOINT_LOCAL,23428,23428,True,True,False,1542
ele-fashion,44,1,ENDPOINT_LOCAL,G_D_visual,visual,absdiff,13393,0.16041818488925083,0.009828435204774982,-0.02576228304929007,0.569578638539103,0.5532350739251719,0.09818717480659035,586,0.09125243973631729,0.11416155419222904,26,41,0.45901182293891907,True,198020,ENDPOINT_LOCAL,23428,23428,True,True,False,1542
ele-fashion,44,1,ENDPOINT_LOCAL,G_P_visual,visual,product,13393,0.14567615410465745,0.026892140774592874,-0.025170520273370522,0.5894608635858354,0.5571634581846415,0.08986857161735096,586,0.0885854274376569,0.09999999999999999,26,41,0.45901182293891907,True,198020,ENDPOINT_LOCAL,23428,23428,True,True,False,1542
ele-fashion,44,2,SIM_ONLY,G_D_text,text,absdiff,13394,0.04514709011512192,-0.01865003412655641,-0.004273001751684102,0.598922574001633,0.5131893737211253,0.061424768798865687,586,0.0421340206784867,0.04761904761904763,26,41,0.5868245363235474,True,198020,SIM_ONLY,23818,23818,True,True,False,2
ele-fashion,44,2,SIM_ONLY,G_P_text,text,product,13394,0.0018677284895706157,0.005696401611254073,-0.0001279100275033418,0.48793008882531635,0.50128281438241,-0.01670215362575982,586,-0.01161456829944769,-0.023809523809523815,26,41,0.5868245363235474,True,198020,SIM_ONLY,23818,23818,True,True,False,2
ele-fashion,44,2,SIM_ONLY,G_D_visual,visual,absdiff,13394,0.04065404163255052,0.010962536457426142,-0.0006373721318726489,0.5187376283286385,0.5219211131478413,0.019661138634598722,586,-0.024770005309510356,0.0,26,41,0.5868245363235474,True,198020,SIM_ONLY,23818,23818,True,True,False,2
ele-fashion,44,2,SIM_ONLY,G_P_visual,visual,product,13394,0.10854489461313097,0.03033411629864744,0.0007223849157290685,0.5476797998148863,0.5210824861910465,0.05463208485067949,586,0.036723030779513645,0.03571428571428572,26,41,0.5868245363235474,True,198020,SIM_ONLY,23818,23818,True,True,False,2
ele-fashion,44,2,TARGET_ONLY,G_D_text,text,absdiff,13394,0.26284445937488393,0.015081169397954534,-0.01903965692574161,0.618643750228494,0.5974817730923094,,586,,,28,43,0.5880022644996643,True,198020,TARGET_ONLY,23818,23818,True,True,False,513
ele-fashion,44,2,TARGET_ONLY,G_P_text,text,product,13394,0.07530738779963816,0.015153579732062168,-0.011476534727406174,0.5465860851810989,0.5368237550695649,,586,,,28,43,0.5880022644996643,True,198020,TARGET_ONLY,23818,23818,True,True,False,513
ele-fashion,44,2,TARGET_ONLY,G_D_visual,visual,absdiff,13394,0.17146955740090986,0.008772874267304446,-0.012649489291338245,0.569207324810301,0.5590445946288889,,586,,,28,43,0.5880022644996643,True,198020,TARGET_ONLY,23818,23818,True,True,False,513
ele-fashion,44,2,TARGET_ONLY,G_P_visual,visual,product,13394,0.045394969191138626,0.005199738009093683,-0.009662527229347573,0.5232889017189237,0.5157433098587123,,586,,,28,43,0.5880022644996643,True,198020,TARGET_ONLY,23818,23818,True,True,False,513
ele-fashion,44,2,ENDPOINT,G_D_text,text,absdiff,13394,0.23961211335001859,0.013654149500079598,-0.032004895681048806,0.6386555294472158,0.6117125815239368,0.15630140181560132,586,0.181664124656211,0.232843137254902,13,34,0.5872986316680908,True,198020,ENDPOINT,23818,23818,True,True,False,1028
ele-fashion,44,2,ENDPOINT,G_P_text,text,product,13394,0.11583537601648153,0.021174423761114947,-0.018932477123983382,0.5621570649892165,0.5457391472217282,0.09998726028441073,586,0.09238470228015937,0.12140028279213982,13,34,0.5872986316680908,True,198020,ENDPOINT,23818,23818,True,True,False,1028
ele-fashion,44,2,ENDPOINT,G_D_visual,visual,absdiff,13394,0.19154993613156135,0.015455378873637238,-0.026874390461897768,0.5938744243634567,0.5578997635961496,0.17081569728345788,586,0.1797367731113425,0.2,13,34,0.5872986316680908,True,198020,ENDPOINT,23818,23818,True,True,False,1028
ele-fashion,44,2,ENDPOINT,G_P_visual,visual,product,13394,0.11031312043672734,-0.016223923129386548,-0.031000022108388592,0.5773236372097371,0.562201551695193,0.10455027726343649,586,0.0915006928017281,0.09393438952841494,13,34,0.5872986316680908,True,198020,ENDPOINT,23818,23818,True,True,False,1028
ele-fashion,44,2,ENDPOINT_LOCAL,G_D_text,text,absdiff,13394,0.23776199127136427,0.021964601559782342,-0.03731452611022834,0.5987751052734784,0.5732859616528684,0.1582799835659077,586,0.15995545493623334,0.18872549019607845,26,41,0.5890617966651917,True,198020,ENDPOINT_LOCAL,23818,23818,True,True,False,1542
ele-fashion,44,2,ENDPOINT_LOCAL,G_P_text,text,product,13394,0.10582356391015522,0.014908807267655047,-0.03083786300852953,0.564212056269767,0.5400066258911522,0.1064735945123443,586,0.08517828891582455,0.09999999999999999,26,41,0.5890617966651917,True,198020,ENDPOINT_LOCAL,23818,23818,True,True,False,1542
ele-fashion,44,2,ENDPOINT_LOCAL,G_D_visual,visual,absdiff,13394,0.17663176473225217,0.01776616012159362,-0.032946577160711366,0.603327796583369,0.5893114371831437,0.16152372800152454,586,0.16060572355592076,0.20579420579420582,26,41,0.5890617966651917,True,198020,ENDPOINT_LOCAL,23818,23818,True,True,False,1542
ele-fashion,44,2,ENDPOINT_LOCAL,G_P_visual,visual,product,13394,0.09597045797340005,-0.007466844034161624,-0.037633743694295285,0.5779791460888031,0.5526376749782664,0.1026230162571682,586,0.09904367314214373,0.09043717525508627,26,41,0.5890617966651917,True,198020,ENDPOINT_LOCAL,23818,23818,True,True,False,1542
