dataset,seed,fold,model,target,abs_gain_q75_threshold,subset_count,full_count,high_effect_sign_auroc,n_edges,spearman,pearson,r2,sign_auroc,sign_balanced_accuracy,within_target_residual_spearman,degree5_target_count,degree5_target_rank_mean,degree5_target_rank_median
Movies,42,0,SIM_ONLY,G_D_text,0.0136199624544857,2634,10533,0.5071775124033691,2634,0.0040427292416455,-0.0021762268040112,-0.0060509042775052,0.5071775124033691,0.5028331602630668,-0.0136982900577338,322,0.0194756012920124,0.0152347652347652
Movies,42,0,SIM_ONLY,G_P_text,0.0115079358350858,2634,10533,0.5495685084255426,2634,0.0542278257423057,0.0146895248053936,-0.0008745143937913,0.5495685084255426,0.5332612302523184,0.04410832138852,304,0.0212241661122099,-0.0451298701298701
Movies,42,0,SIM_ONLY,G_D_visual,0.0251800737232712,2634,10533,0.5335183590136218,2634,0.0665777614447745,0.0616938787300579,-0.0050341090012597,0.5335183590136218,0.5,0.0354494580263049,321,0.057203041043485,0.0857142857142857
Movies,42,0,SIM_ONLY,G_P_visual,0.0201579887757349,2634,10533,0.5210329458291934,2634,0.0380097841777376,0.0347077501218673,-0.0016347214081466,0.5210329458291934,0.4996260284218399,0.0040453447719799,324,0.0190183040678845,0.0476190476190476
Movies,42,0,TARGET_ONLY,G_D_text,0.0136199624544857,2634,10533,0.5288410061151494,2634,0.0349728710487912,0.0070859582285975,-0.0085487357289888,0.5288410061151494,0.5204413291796469,,322,,
Movies,42,0,TARGET_ONLY,G_P_text,0.0115079358350858,2634,10533,0.4992180966982645,2634,0.0065560738359415,0.0155440602110156,-0.001919813153927,0.4992180966982645,0.4821528982144518,,304,,
Movies,42,0,TARGET_ONLY,G_D_visual,0.0251800737232712,2634,10533,0.5315503585960089,2634,0.0483662446334074,0.0068646734672973,-0.011576714288614,0.5315503585960089,0.4984765832311052,,321,,
Movies,42,0,TARGET_ONLY,G_P_visual,0.0201579887757349,2634,10533,0.5123413504151171,2634,0.0264203672322573,0.0223385908076559,-0.003264084295558,0.5123413504151171,0.5199329446181828,,324,,
Movies,42,0,ENDPOINT,G_D_text,0.0136199624544857,2634,10533,0.5064653282566055,2634,0.0097673490709993,-0.0297420225756451,-0.0181981395070065,0.5064653282566055,0.4992073381793008,0.0192689186374526,322,0.0259804531422866,0.0375
Movies,42,0,ENDPOINT,G_P_text,0.0115079358350858,2634,10533,0.5340099041084887,2634,0.0423977361719494,0.0454651237059155,-0.0006028750520601,0.5340099041084887,0.5146134433044979,0.0693889872181674,304,0.0752255962000209,0.0999999999999999
Movies,42,0,ENDPOINT,G_D_visual,0.0251800737232712,2634,10533,0.5528236716867208,2634,0.0826391598673977,0.0370669545428672,-0.0102013690102702,0.5528236716867208,0.5185202585719382,0.0462741012371467,321,0.075572674363466,0.1258741258741259
Movies,42,0,ENDPOINT,G_P_visual,0.0201579887757349,2634,10533,0.4958551723700455,2634,0.0130773808971422,0.043069641640895,-0.0024345050633771,0.4958551723700455,0.499458505301631,0.0070509761722202,324,0.0097117482154349,0.0
Movies,42,0,ENDPOINT_LOCAL,G_D_text,0.0136199624544857,2634,10533,0.5368120456905503,2634,0.0652627028110066,0.0177002896931551,-0.0161703878171159,0.5368120456905503,0.5180546902042229,0.0049772018577702,322,0.0641431881350191,0.0595238095238095
Movies,42,0,ENDPOINT_LOCAL,G_P_text,0.0115079358350858,2634,10533,0.5332592075904143,2634,0.0432490514728678,0.0281658529594961,-0.0057185980473846,0.5332592075904143,0.5328000633382127,0.0233533752099011,304,0.0238977241888199,0.0173160173160173
Movies,42,0,ENDPOINT_LOCAL,G_D_visual,0.0251800737232712,2634,10533,0.5126661388504627,2634,0.0508812798192924,0.0345544014566069,-0.0139937163662822,0.5126661388504627,0.4933416855897476,0.0222094285502086,321,0.0980888132820694,0.1666666666666667
Movies,42,0,ENDPOINT_LOCAL,G_P_visual,0.0201579887757349,2634,10533,0.5408580528450385,2634,0.0800457597766302,0.1025474737423996,0.0090229119642301,0.5408580528450385,0.5274423631082372,0.0395135882747658,324,0.0157656840856688,0.0
Movies,42,0,STRICT_SHUFFLE_9917,G_D_text,0.0136199624544857,2634,10533,0.5263378331602631,2634,0.0443295744363505,0.0055543555880131,-0.0189400928844809,0.5263378331602631,0.5196227068189685,-0.0328706493638692,322,-0.0099473028845703,-0.0285714285714285
Movies,42,0,STRICT_SHUFFLE_9917,G_P_text,0.0115079358350858,2634,10533,0.5191358263700789,2634,0.0185065742208865,0.0085767902578023,-0.0099768220998275,0.5191358263700789,0.5111720285507396,0.0140466356687284,304,0.0312919075145027,0.045021645021645
Movies,42,0,STRICT_SHUFFLE_9917,G_D_visual,0.0251800737232712,2634,10533,0.5087678391726627,2634,0.0378558445351849,0.0258880030011514,-0.0154480185672745,0.5087678391726627,0.4922254413210485,3.230950579276566e-05,321,0.0564180453826699,0.0999999999999999
Movies,42,0,STRICT_SHUFFLE_9917,G_P_visual,0.0201579887757349,2634,10533,0.5332436801109978,2634,0.0705693661259498,0.1047292591527895,0.009324274407559,0.5332436801109978,0.522396197657675,0.0040671978246491,324,-0.0456705591942688,-0.0261904761904761
Movies,42,0,STRICT_SHUFFLE_9918,G_D_text,0.0136199624544857,2634,10533,0.5327665282104534,2634,0.0541581833865803,0.0116088640299814,-0.0173000815739294,0.5327665282104534,0.5157476635514019,-0.0169539233493123,322,0.0331876789605923,0.0622377622377622
Movies,42,0,STRICT_SHUFFLE_9918,G_P_text,0.0115079358350858,2634,10533,0.5238127985954636,2634,0.0226309197869045,0.0137875948183917,-0.0085171582269389,0.5238127985954636,0.5203052139022755,0.0154760023499148,304,0.025557388188824,0.0
Movies,42,0,STRICT_SHUFFLE_9918,G_D_visual,0.0251800737232712,2634,10533,0.5087434784247876,2634,0.0413734280372433,0.0279800710676827,-0.0150794294252707,0.5087434784247876,0.4950391077006064,0.0040144805900819,321,0.0569970592869505,0.1428571428571428
Movies,42,0,STRICT_SHUFFLE_9918,G_P_visual,0.0201579887757349,2634,10533,0.5352268539850031,2634,0.0724186109280503,0.1034891438627694,0.0091656900485411,0.5352268539850031,0.5205494066336849,0.0141186887964576,324,-0.0244365685072524,0.0
Movies,42,0,STRICT_SHUFFLE_9919,G_D_text,0.0136199624544857,2634,10533,0.5312426445136725,2634,0.0533144162690875,0.0102989042912961,-0.0182023129076915,0.5312426445136725,0.5183973693319488,-0.0171837324489436,322,0.0075296677369315,0.0
Movies,42,0,STRICT_SHUFFLE_9919,G_P_text,0.0115079358350858,2634,10533,0.524924106835846,2634,0.0267340299461999,0.0099142365334837,-0.00970068435501,0.524924106835846,0.517038903879061,0.0132224810527527,304,0.0294167730896071,0.0181372549019607
Movies,42,0,STRICT_SHUFFLE_9919,G_D_visual,0.0251800737232712,2634,10533,0.5036399017449835,2634,0.0341883081009129,0.0235307743997108,-0.0160817545184535,0.5036399017449835,0.4851730048112477,-0.002295864504124,321,0.0324736992241005,0.0769230769230769
Movies,42,0,STRICT_SHUFFLE_9919,G_P_visual,0.0201579887757349,2634,10533,0.532346955663752,2634,0.0706190423606094,0.1076367119793178,0.0100140377361894,0.532346955663752,0.5228624367030758,0.0255922975632682,324,-0.0047544749206966,0.0
Movies,42,0,RIDGE_TARGET_ONLY,G_D_text,0.0136199624544857,2634,10533,0.5241115726318218,2634,0.0404398009183783,0.0130720447854037,-0.6831836545803782,0.5241115726318218,0.5204569055036345,,322,,
Movies,42,0,RIDGE_TARGET_ONLY,G_P_text,0.0115079358350858,2634,10533,0.4875328899273171,2634,-0.0142963412590538,0.0014182096184223,-0.5167664592270129,0.4875328899273171,0.4933884961393163,,304,,
Movies,42,0,RIDGE_TARGET_ONLY,G_D_visual,0.0251800737232712,2634,10533,0.5065765318995293,2634,0.0189969383665677,0.029222399066383,-0.4964829029092232,0.5065765318995293,0.5019993213791664,,321,,
Movies,42,0,RIDGE_TARGET_ONLY,G_P_visual,0.0201579887757349,2634,10533,0.5019035931835102,2634,0.0171058663229921,0.0178467730193991,-0.5676685936283896,0.5019035931835102,0.495160571343224,,324,,
Movies,42,0,RIDGE_ENDPOINT,G_D_text,0.0136199624544857,2634,10533,0.5286627437406253,2634,0.0392321122022813,0.0170731029469507,-0.7608441887862556,0.5286627437406253,0.5279023883696781,0.059971062048624,322,-0.0011810695779023,0.0
Movies,42,0,RIDGE_ENDPOINT,G_P_text,0.0115079358350858,2634,10533,0.4991077171486477,2634,0.0080609348495561,-0.001152470994836,-0.5731086012467157,0.4991077171486477,0.4985916494114342,0.0213094539827355,304,0.0634178452565817,0.0714285714285714
Movies,42,0,RIDGE_ENDPOINT,G_D_visual,0.0251800737232712,2634,10533,0.5168619876630213,2634,0.0390529415860734,0.0546534008104576,-0.5444440291525559,0.5168619876630213,0.5095172221787209,0.0485281602670169,321,0.0230625521746614,0.0505494505494505
Movies,42,0,RIDGE_ENDPOINT,G_P_visual,0.0201579887757349,2634,10533,0.4835507289418247,2634,-0.0156581529232266,0.0212327213273589,-0.6198929087173,0.4835507289418247,0.4849183058078333,0.0454011827980372,324,0.0564372922846098,0.0710526315789473
Movies,42,0,RIDGE_ENDPOINT_LOCAL,G_D_text,0.0136199624544857,2634,10533,0.5372458751586477,2634,0.0541374493232911,0.0126535945433543,-1.2374993886565333,0.5372458751586477,0.5357286258220837,0.0712955022319244,322,0.0350807270448184,0.0785714285714285
Movies,42,0,RIDGE_ENDPOINT_LOCAL,G_P_text,0.0115079358350858,2634,10533,0.5036618849012913,2634,0.0102526239784128,-0.0015267019753271,-0.9495841006048192,0.5036618849012913,0.5081316787573691,0.0150557560835256,304,0.0150266074280077,0.0
Movies,42,0,RIDGE_ENDPOINT_LOCAL,G_D_visual,0.0251800737232712,2634,10533,0.5191240571085531,2634,0.0577743497039685,0.0613558008506937,-0.7521476872949588,0.5191240571085531,0.5060066644045972,0.0146160578103065,321,0.0153056751754572,0.0181818181818181
Movies,42,0,RIDGE_ENDPOINT_LOCAL,G_P_visual,0.0201579887757349,2634,10533,0.4939856028150804,2634,0.0108478004329586,0.0162708576134073,-0.8767032909918302,0.4939856028150804,0.4916794928057326,0.0097245275663024,324,-0.0081344541127149,0.0
Movies,42,0,DirectState,G_D_text,0.0136199624544857,2634,10533,0.5427085496711666,2634,0.0577741465181926,0.00619213156385,-0.0059282059393916,0.5427085496711666,0.5383298719280027,-0.0344137866213648,322,0.0105774242081798,0.0
Movies,42,0,DirectState,G_P_text,0.0115079358350858,2634,10533,0.5053591871904244,2634,0.0084268508047254,0.0043484178249116,-0.0010344855204287,0.5053591871904244,0.5104106408197444,-0.0020160246328509,304,-0.0470283204845407,-0.0999999999999999
Movies,42,0,DirectState,G_D_visual,0.0251800737232712,2634,10533,0.5310822842261258,2634,0.0490984811091512,0.0218882280393846,-0.0050112569918681,0.5310822842261258,0.5015364671695421,-0.0101604130236054,321,-0.0296073359312599,-0.0181818181818181
Movies,42,0,DirectState,G_P_visual,0.0201579887757349,2634,10533,0.4762541022980943,2634,-0.0220429838610142,-0.0113033193607181,-0.002502298849454,0.4762541022980943,0.4967331549880081,1.1607359022225636e-05,324,0.0163299385775866,0.0
Movies,42,0,Frozen_Q_PAIR_text,G_D_text,0.0136199624544857,2634,10533,0.5130991115726318,2634,0.028840523663705,0.0243803078535558,-0.0060855522190423,0.5130991115726318,0.5087573554863274,-0.0234898359349636,322,0.0259711289358925,-0.0143018745959922
Movies,42,0,Frozen_Q_PAIR_text,G_P_text,0.0115079358350858,2634,10533,0.550913000688283,2634,0.0808012278719421,0.0385089947740626,0.0004930444395419,0.550913000688283,0.5323989983778252,0.0306639444925794,304,0.0012952160093078,0.0
Movies,42,0,Frozen_Q_PAIR_visual,G_D_visual,0.0251800737232712,2634,10533,0.5053544343811355,2634,-0.0031189798280262,-0.0252902869006366,-0.0095052847524108,0.5053544343811355,0.5081512802443034,-0.0128440754403214,321,-0.0303474675695224,-0.0285714285714285
Movies,42,0,Frozen_Q_PAIR_visual,G_P_visual,0.0201579887757349,2634,10533,0.4914468057867848,2634,-0.0273322056409121,-0.0370308561053767,-0.0140282249980243,0.4914468057867848,0.4903615097033658,-0.0264235886861913,324,0.0171765220611521,0.0261904761904761
Movies,42,0,Frozen_R_SHARED_text,G_D_text,0.0136199624544857,2634,10533,0.4835058266989731,2634,-0.0346025932569497,-0.0401879391435434,-0.0161639303853484,0.4835058266989731,0.4749723087573555,-0.0710701289846489,322,-0.0430353204117983,-0.0928571428571428
Movies,42,0,Frozen_R_SHARED_text,G_P_text,0.0115079358350858,2634,10533,0.5077176109704558,2634,0.0233685026423017,0.0273653009106762,-0.0001517535706514,0.5077176109704558,0.5000046232272091,0.0136195761014472,304,-0.0010965389296869,0.0
Movies,42,0,Frozen_R_SHARED_visual,G_D_visual,0.0251800737232712,2634,10533,0.5319499908647196,2634,0.0580308940227312,0.0216388178097425,-0.0060440567783737,0.5319499908647196,0.5204003862918591,-0.0031920875038924,321,0.0113337364387002,0.0333333333333333
Movies,42,0,Frozen_R_SHARED_visual,G_P_visual,0.0201579887757349,2634,10533,0.4884264879138267,2634,-0.0148043331596291,-0.014307946171029,-0.0075916292122382,0.4884264879138267,0.4919015113987806,-0.020022166347479,324,-0.0691935034294556,-0.0571428571428571
Movies,42,0,Frozen_U_MODAL_text,G_D_text,0.0136199624544857,2634,10533,0.5144086765893621,2634,0.0320827724779716,-0.0116425303662938,-0.0117953187644328,0.5144086765893621,0.5149394254067151,-0.0032468756407459,322,0.0419195180693517,0.0
Movies,42,0,Frozen_U_MODAL_text,G_P_text,0.0115079358350858,2634,10533,0.494732121546955,2634,-0.0058123144850167,-0.0144308370040775,-0.0055814943640515,0.494732121546955,0.5010113309519861,-0.0493186305002525,304,-0.0281114487710053,0.0
Movies,42,0,Frozen_U_MODAL_visual,G_D_visual,0.0251800737232712,2634,10533,0.5128836455279177,2634,0.0234146861398942,-0.0055755153825934,-0.0100415014202912,0.5128836455279177,0.5116113764692576,0.0094970676274472,321,0.0579170223664047,0.0952380952380952
Movies,42,0,Frozen_U_MODAL_visual,G_P_visual,0.0201579887757349,2634,10533,0.4834238611743688,2634,-0.0367807333562899,-0.0133206819584926,-0.0063997196959018,0.4834238611743688,0.4907236595122857,-0.052299726087301,324,-0.0320345992021557,-0.0571428571428571
Movies,42,1,SIM_ONLY,G_D_text,0.0145772250633892,2634,10534,0.5148817491161185,2634,0.0131903517384245,-0.0184674657515795,-0.00647344482673,0.5148817491161185,0.4992926640142529,0.0068468895733118,346,0.047846681206484,0.0285714285714285
Movies,42,1,SIM_ONLY,G_P_text,0.0126310932791766,2634,10534,0.510499951053905,2634,-0.0067768037977927,0.0042192585064967,-5.386692886966138e-05,0.510499951053905,0.5109007877135454,0.0163131508016145,328,0.0225207953491828,0.0529720279720279
Movies,42,1,SIM_ONLY,G_D_visual,0.0252300004458937,2634,10534,0.4993652423514037,2634,0.0164544903014458,0.0250521423636555,-0.0003145153716908,0.4993652423514037,0.5,-0.001077096013871,345,0.0736194960720468,0.0999999999999999
Movies,42,1,SIM_ONLY,G_P_visual,0.022006748452313,2634,10534,0.5146395378482361,2634,0.0215324021018754,0.0192002698037906,-0.0010332777273429,0.5146395378482361,0.5030489500764845,-0.0012034867438434,330,0.0288449259373911,0.0238095238095238
Movies,42,1,TARGET_ONLY,G_D_text,0.0145772250633892,2634,10534,0.5414230030739691,2634,0.0756067318644785,0.0291880030634772,-0.0076404886364822,0.5414230030739691,0.5241082720231887,,346,,
Movies,42,1,TARGET_ONLY,G_P_text,0.0126310932791766,2634,10534,0.5292758468688111,2634,0.0232209620872052,0.0068904692636559,-0.0048873290462083,0.5292758468688111,0.5287629265478406,,328,,
Movies,42,1,TARGET_ONLY,G_D_visual,0.0252300004458937,2634,10534,0.4674826725163941,2634,-0.0179682174355969,0.0131146787119506,-0.0075221538351906,0.4674826725163941,0.4676921192037525,,345,,
Movies,42,1,TARGET_ONLY,G_P_visual,0.022006748452313,2634,10534,0.5053533351875029,2634,0.0037230745316605,0.0037171084767276,-0.0068768908456988,0.5053533351875029,0.5157262550410235,,330,,
Movies,42,1,ENDPOINT,G_D_text,0.0145772250633892,2634,10534,0.5256694883179942,2634,0.0454267831923281,0.0079136816091862,-0.008401860347545,0.5256694883179942,0.5172795373353396,-0.0057013817135443,346,0.0355727281362238,0.0321428571428571
Movies,42,1,ENDPOINT,G_P_text,0.0126310932791766,2634,10534,0.5095323244066083,2634,0.0019441189188804,-0.0142444676677313,-0.0075749117722294,0.5095323244066083,0.50964527693353,-0.0350140626645015,328,-0.0335544319019725,-0.0714285714285714
Movies,42,1,ENDPOINT,G_D_visual,0.0252300004458937,2634,10534,0.5151215840937201,2634,0.0647725446475222,0.0455780058317675,-0.0001190515443889,0.5151215840937201,0.5161682341135563,0.0115206561604204,345,0.028965100946525,0.0272727272727272
Movies,42,1,ENDPOINT,G_P_visual,0.022006748452313,2634,10534,0.493579358457331,2634,-0.0192432164085813,-0.0317021354104829,-0.0144677257059315,0.493579358457331,0.491372896676401,-0.0182708928822775,330,-0.0286685652107184,-0.0499999999999999
Movies,42,1,ENDPOINT_LOCAL,G_D_text,0.0145772250633892,2634,10534,0.5362004864809977,2634,0.0651187050313953,0.0238143353827669,-0.0104998039468504,0.5362004864809977,0.5323678331748655,0.0204754797524229,346,0.0203854493312182,0.0238095238095238
Movies,42,1,ENDPOINT_LOCAL,G_P_text,0.0126310932791766,2634,10534,0.5312493302494398,2634,0.0205484860591351,0.0195154488954058,-0.007974505497249,0.5312493302494398,0.5224375850402199,-0.0131762509318308,328,-0.0342765408013819,-0.0708291708291708
Movies,42,1,ENDPOINT_LOCAL,G_D_visual,0.0252300004458937,2634,10534,0.5172084665468717,2634,0.0553258558761864,0.0543730581445234,-0.0047799294021571,0.5172084665468717,0.5154150428228046,0.0109191068729396,345,0.0468973668529463,0.0505494505494505
Movies,42,1,ENDPOINT_LOCAL,G_P_visual,0.022006748452313,2634,10534,0.5391223983683309,2634,0.0562155796333695,0.0433569393504345,-0.0084978393579935,0.5391223983683309,0.5281428174106522,-0.0317568149443331,330,-0.0037103380808388,0.0
Movies,42,1,STRICT_SHUFFLE_9917,G_D_text,0.0145772250633892,2634,10534,0.5272208965281688,2634,0.0638748321681825,0.024796140757373,-0.0123483890502622,0.5272208965281688,0.5127747417589011,-0.0083323378725314,346,-0.0445744811101077,-0.0354978354978354
Movies,42,1,STRICT_SHUFFLE_9917,G_P_text,0.0126310932791766,2634,10534,0.5267648253087804,2634,0.0338439351988112,0.0269595040683023,-0.0064877290141061,0.5267648253087804,0.5151877705430237,-0.0479105698626454,328,-0.0490139627429452,-0.0999999999999999
Movies,42,1,STRICT_SHUFFLE_9917,G_D_visual,0.0252300004458937,2634,10534,0.5180935100697767,2634,0.0542673096927826,0.0566977301998493,-0.0032537691524063,0.5180935100697767,0.5220928333061072,0.0065117818864871,345,0.048024015663671,0.0857142857142857
Movies,42,1,STRICT_SHUFFLE_9917,G_P_visual,0.022006748452313,2634,10534,0.5331554489408056,2634,0.0390324222498582,0.0326128407637336,-0.0125279050433433,0.5331554489408056,0.5292622722848004,-0.0245837832383889,330,-0.0037841577715197,0.0
Movies,42,1,STRICT_SHUFFLE_9918,G_D_text,0.0145772250633892,2634,10534,0.5234961321529785,2634,0.049543166549233,0.0117780189449038,-0.0125756201317612,0.5234961321529785,0.5220064571813642,-0.0018864182822153,346,-0.0229330288581863,-0.0119047619047619
Movies,42,1,STRICT_SHUFFLE_9918,G_P_text,0.0126310932791766,2634,10534,0.5233023959258314,2634,0.0202235092846017,0.0263974201331865,-0.0067329036840855,0.5233023959258314,0.5171731284200722,-0.0396545622534517,328,-0.0698823299640573,-0.1071428571428571
Movies,42,1,STRICT_SHUFFLE_9918,G_D_visual,0.0252300004458937,2634,10534,0.5133252432848708,2634,0.0447814602884049,0.0482316461114271,-0.0051083266255331,0.5133252432848708,0.5121175701850599,0.0022860756793263,345,0.0265923872122552,0.0
Movies,42,1,STRICT_SHUFFLE_9918,G_P_visual,0.022006748452313,2634,10534,0.5363139109071525,2634,0.0532994675776637,0.0401720722365166,-0.0086149772279562,0.5363139109071525,0.5222761090251704,-0.0247766625829781,330,-0.0040482353992192,0.0
Movies,42,1,STRICT_SHUFFLE_9919,G_D_text,0.0145772250633892,2634,10534,0.5310679734881704,2634,0.0694740292321008,0.025318012986163,-0.0123481428039129,0.5310679734881704,0.5200033001320052,-0.0054454595998132,346,-0.0399839757761529,0.0
Movies,42,1,STRICT_SHUFFLE_9919,G_P_text,0.0126310932791766,2634,10534,0.5249587433654872,2634,0.0315834642724633,0.0257844063631835,-0.006868879467885,0.5249587433654872,0.514382332139512,-0.0416326394774553,328,-0.0667886205805035,-0.1411255411255411
Movies,42,1,STRICT_SHUFFLE_9919,G_D_visual,0.0252300004458937,2634,10534,0.5136735432078597,2634,0.050002725344046,0.0528321766918041,-0.0041503554684267,0.5136735432078597,0.5152697720006534,0.0077784460807593,345,0.0218577493459711,0.0285714285714285
Movies,42,1,STRICT_SHUFFLE_9919,G_P_visual,0.022006748452313,2634,10534,0.5307560376396422,2634,0.0399067669249256,0.0392931445419079,-0.0102383200305624,0.5307560376396422,0.5301644416631901,-0.0259992601816717,330,-0.0044955790756462,0.0
Movies,42,1,RIDGE_TARGET_ONLY,G_D_text,0.0145772250633892,2634,10534,0.5292857868160881,2634,0.0518444042060051,0.0793279457718431,-0.32177224209658,0.5292857868160881,0.5227345632286831,,346,,
Movies,42,1,RIDGE_TARGET_ONLY,G_P_text,0.0126310932791766,2634,10534,0.5271673996996042,2634,0.055050159243971,-0.0068083871562459,-0.4869297040672626,0.5271673996996042,0.5207563301202685,,328,,
Movies,42,1,RIDGE_TARGET_ONLY,G_D_visual,0.0252300004458937,2634,10534,0.4874156962497958,2634,-0.0093985592418647,0.0546123024043608,-0.4142933608607781,0.4874156962497958,0.4854052414179366,,345,,
Movies,42,1,RIDGE_TARGET_ONLY,G_P_visual,0.022006748452313,2634,10534,0.5011055486024197,2634,0.0063909164208643,0.0101732196786827,-0.607895511855312,0.5011055486024197,0.498786677791684,,330,,
Movies,42,1,RIDGE_ENDPOINT,G_D_text,0.0145772250633892,2634,10534,0.5314331804041392,2634,0.0527085436323937,0.0618845892918263,-0.4199944074748392,0.5314331804041392,0.5235688273684793,0.0105571743324824,346,-0.0156449019869798,0.0
Movies,42,1,RIDGE_ENDPOINT,G_P_text,0.0126310932791766,2634,10534,0.5415598686043528,2634,0.0567544552661337,0.0061141092469958,-0.5224369710814363,0.5415598686043528,0.5381692654436515,0.0292547561414334,328,0.053072899520282,0.0
Movies,42,1,RIDGE_ENDPOINT,G_D_visual,0.0252300004458937,2634,10534,0.4957428064689272,2634,-0.0135234669310177,0.0344741625676415,-0.4620758692350073,0.4957428064689272,0.4949901985951319,-0.025449179308567,345,-0.0511738816066451,-0.0999999999999999
Movies,42,1,RIDGE_ENDPOINT,G_P_visual,0.022006748452313,2634,10534,0.5146543132619479,2634,0.0283436007376773,0.0341585303121938,-0.5711884576668862,0.5146543132619479,0.5125816993464052,0.0029262185077611,330,0.072433030095804,0.0824175824175824
Movies,42,1,RIDGE_ENDPOINT_LOCAL,G_D_text,0.0145772250633892,2634,10534,0.5312006711037672,2634,0.0425180978460823,0.0865629596203588,-0.6056995254900397,0.5312006711037672,0.5206633265330614,0.0046614201822355,346,-0.0061478652880212,0.0142857142857142
Movies,42,1,RIDGE_ENDPOINT_LOCAL,G_P_text,0.0126310932791766,2634,10534,0.5451830381217675,2634,0.0656593571697153,-0.0230748485619421,-0.8470699403017385,0.5451830381217675,0.5472906164253827,0.0478025319781608,328,0.0576664059158271,0.0999999999999999
Movies,42,1,RIDGE_ENDPOINT_LOCAL,G_D_visual,0.0252300004458937,2634,10534,0.4892785465916782,2634,-0.0117378639973259,0.0670641111082171,-0.673739542693498,0.4892785465916782,0.4909331170801148,-0.0249125666235899,345,-0.0215651815019159,0.0
Movies,42,1,RIDGE_ENDPOINT_LOCAL,G_P_visual,0.022006748452313,2634,10534,0.4898067028229732,2634,-0.0071797347411107,0.0166660248855552,-0.9865282633605584,0.4898067028229732,0.4912008065637603,-0.0025952792072512,330,0.0188664918508143,0.0357142857142857
Movies,42,1,DirectState,G_D_text,0.0145772250633892,2634,10534,0.5208144864256109,2634,0.0406407970108129,0.0278853953690825,-0.0024496648827176,0.5208144864256109,0.5168364426884768,0.0225627898941436,346,0.0406418968108151,0.0928571428571428
Movies,42,1,DirectState,G_P_text,0.0126310932791766,2634,10534,0.502886081873784,2634,-0.0058041441145732,-0.0044503668754746,-0.0009929932884988,0.502886081873784,0.502149573473881,-0.0123539391366663,328,-0.0566049549966439,-0.0654761904761905
Movies,42,1,DirectState,G_D_visual,0.0252300004458937,2634,10534,0.5136373713565611,2634,0.0368660407372014,0.0128656044072918,-0.0024649199358064,0.5136373713565611,0.509135726120744,0.0040504376773595,345,0.0067972297814806,0.0
Movies,42,1,DirectState,G_P_visual,0.022006748452313,2634,10534,0.497106916052473,2634,-0.0144254345785984,-0.0030708400597827,-0.004152310636418,0.497106916052473,0.4971891948268669,-0.0398284605671099,330,-0.0174796834371302,0.0
Movies,42,1,Frozen_Q_PAIR_text,G_D_text,0.0145772250633892,2634,10534,0.524309626231203,2634,0.0410276029748331,0.001725077284834,-0.0098712808317507,0.524309626231203,0.5169402929963353,-0.032599240577527,346,-0.0123855549495352,0.0
Movies,42,1,Frozen_Q_PAIR_text,G_P_text,0.0126310932791766,2634,10534,0.4917628645687618,2634,-0.004501303090633,0.0174172489612658,-0.0017785772200253,0.4917628645687618,0.5072133221423445,-0.0055184353734701,328,0.0475946142015831,0.0
Movies,42,1,Frozen_Q_PAIR_visual,G_D_visual,0.0252300004458937,2634,10534,0.512988028284054,2634,0.0526359249685951,0.0484590670656596,0.0016733646870797,0.512988028284054,0.5046253296305804,0.015236503252474,345,0.0360625344802219,0.0357142857142857
Movies,42,1,Frozen_Q_PAIR_visual,G_P_visual,0.022006748452313,2634,10534,0.5079254160292959,2634,-0.0042141027334545,0.0168468182391148,-0.0025819408078175,0.5079254160292959,0.5114831038798497,-0.0017049652806244,330,-0.0456145478261939,-0.0714285714285714
Movies,42,1,Frozen_R_SHARED_text,G_D_text,0.0145772250633892,2634,10534,0.5313137525501019,2634,0.0588210696681853,0.0263896049617157,-0.0050566177154558,0.5313137525501019,0.5156150476788303,-0.0051057861315304,346,0.0330303310966213,0.0
Movies,42,1,Frozen_R_SHARED_text,G_P_text,0.0126310932791766,2634,10534,0.4819730663251446,2634,-0.000204456536727,-0.0015085709439814,-0.0024206883833828,0.4819730663251446,0.4849147555967977,0.016951334892788,328,0.0888961488840259,0.1785714285714286
Movies,42,1,Frozen_R_SHARED_visual,G_D_visual,0.0252300004458937,2634,10534,0.5118311124594526,2634,0.0466245851044752,0.014116290318944,-0.003091196689513,0.5118311124594526,0.5068376467293646,0.0023193165970059,345,0.0656629695665905,0.0999999999999999
Movies,42,1,Frozen_R_SHARED_visual,G_P_visual,0.022006748452313,2634,10534,0.5108347239605062,2634,0.0056497926031731,-0.0275158268822719,-0.0079907420801352,0.5108347239605062,0.507464191350299,0.0180753349866799,330,0.0460750762062552,0.0285714285714285
Movies,42,1,Frozen_U_MODAL_text,G_D_text,0.0145772250633892,2634,10534,0.5283165172760758,2634,0.0563022456787522,0.0251853868923753,-0.0049292865004273,0.5283165172760758,0.5224397437435959,-0.0139111860662332,346,0.000601865195934,0.0
Movies,42,1,Frozen_U_MODAL_text,G_P_text,0.0126310932791766,2634,10534,0.4597665995323186,2634,-0.0351586366363727,-0.0401799070474653,-0.004296590013243,0.4597665995323186,0.4725612246139196,-0.0208449829146786,328,0.017776598903321,0.0
Movies,42,1,Frozen_U_MODAL_visual,G_D_visual,0.0252300004458937,2634,10534,0.5240408625236284,2634,0.0633454529540929,0.0095187515371871,-0.0035546573913767,0.5240408625236284,0.5161373130148654,0.0590031085610454,345,0.0326543227640279,0.1428571428571428
Movies,42,1,Frozen_U_MODAL_visual,G_P_visual,0.022006748452313,2634,10534,0.5354546191999259,2634,0.0377310606589601,0.0131816410238605,-0.0027770658835173,0.5354546191999259,0.5185753024614101,0.0164611813636009,330,-0.0352666876663037,-0.0714285714285714
Movies,42,2,SIM_ONLY,G_D_text,0.0140383225697748,2634,10534,0.4973231880757396,2634,-0.0257382576403972,-0.0092638442806371,-0.001699525273308,0.4973231880757396,0.5037286552208144,-0.0337987877137791,328,-0.0128698121242993,-0.0577380952380952
Movies,42,2,SIM_ONLY,G_P_text,0.0114472153118951,2634,10534,0.5206870605329389,2634,0.0053107346517762,0.0051092978369749,-0.0005460926087323,0.5206870605329389,0.5124041064494089,-0.0184784877472298,319,0.0195951540783979,0.0
Movies,42,2,SIM_ONLY,G_D_visual,0.0249725038818829,2634,10534,0.5240365601153918,2634,0.0577554026978365,0.0257180418255758,0.0006089096206906,0.5240365601153918,0.5074382328308208,0.0399981575509031,327,0.0519588616327763,0.0857142857142857
Movies,42,2,SIM_ONLY,G_P_visual,0.0211116823688077,2634,10534,0.5087215708744711,2634,0.0338552786727907,0.0081660068306659,-0.0003747143163554,0.5087215708744711,0.4987397696904461,0.0028973479071307,322,-0.0320511252616028,-0.009090909090909
Movies,42,2,TARGET_ONLY,G_D_text,0.0140383225697748,2634,10534,0.5548643322581545,2634,0.0522112590242818,0.0285448348414192,-0.0053066117735252,0.5548643322581545,0.5279213415257624,,328,,
Movies,42,2,TARGET_ONLY,G_P_text,0.0114472153118951,2634,10534,0.4705263370321361,2634,-0.0517031263074001,-0.0266020528037482,-0.0127222155636013,0.4705263370321361,0.4804865813895159,,319,,
Movies,42,2,TARGET_ONLY,G_D_visual,0.0249725038818829,2634,10534,0.5164366392145915,2634,0.0594678406721864,0.0249388507293559,-0.0014541137229382,0.5164366392145915,0.5191548017867114,,327,,
Movies,42,2,TARGET_ONLY,G_P_visual,0.0211116823688077,2634,10534,0.5166697790624304,2634,0.0227274571495944,0.0111906658676558,-0.0045657405709167,0.5166697790624304,0.5145190362630837,,322,,
Movies,42,2,ENDPOINT,G_D_text,0.0140383225697748,2634,10534,0.5379622184627111,2634,0.0322806496723582,0.0121735073656862,-0.0089056799689655,0.5379622184627111,0.5294045538627428,-0.0227741277929173,328,-0.0213026648004184,0.0209956709956709
Movies,42,2,ENDPOINT,G_P_text,0.0114472153118951,2634,10534,0.4911073056398813,2634,-0.0192337419361614,-0.0028599597518096,-0.0142176220953034,0.4911073056398813,0.4910519533310846,-0.0413432308210185,319,-0.0006331008930384,0.0166666666666666
Movies,42,2,ENDPOINT,G_D_visual,0.0249725038818829,2634,10534,0.5275811930020472,2634,0.0674267068628092,0.0384889562137286,-0.0026982786939351,0.5275811930020472,0.514159338358459,0.0278723396149307,327,0.0972986342499765,0.0999999999999999
Movies,42,2,ENDPOINT,G_P_visual,0.0211116823688077,2634,10534,0.5254835619107713,2634,0.0629115382886254,0.0484991798502108,-0.001248133003179,0.5254835619107713,0.5269635930888575,-0.0097001973074877,322,-0.0153874884079832,0.0
Movies,42,2,ENDPOINT_LOCAL,G_D_text,0.0140383225697748,2634,10534,0.5231446193030238,2634,0.0017330827478513,0.0074764430299774,-0.0266327930295571,0.5231446193030238,0.5034137703455135,-0.0183192392386393,328,0.0032683483951129,0.0285714285714285
Movies,42,2,ENDPOINT_LOCAL,G_P_text,0.0114472153118951,2634,10534,0.4724048560119238,2634,-0.0580414568958062,-0.0507978868652325,-0.0555087557776938,0.4724048560119238,0.4757072554768515,-0.0129035697670481,319,0.0280367849178296,0.0714285714285714
Movies,42,2,ENDPOINT_LOCAL,G_D_visual,0.0249725038818829,2634,10534,0.5210822631676904,2634,0.0453891561208807,0.0238857126322379,-0.0199086195307462,0.5210822631676904,0.5133183277498604,0.0597901524386839,327,0.0793661200435562,0.0
Movies,42,2,ENDPOINT_LOCAL,G_P_visual,0.0211116823688077,2634,10534,0.5135702388464108,2634,0.0452656251466202,0.0258816660000914,-0.0142788741240491,0.5135702388464108,0.5169873014252839,-0.0188132689051818,322,0.000774837419601,0.0
Movies,42,2,STRICT_SHUFFLE_9917,G_D_text,0.0140383225697748,2634,10534,0.5310533421950381,2634,0.0201590334606303,0.0197030162412179,-0.0205671122110131,0.5310533421950381,0.5187832894895844,-0.0087100888699036,328,-0.0030936343466556,0.0
Movies,42,2,STRICT_SHUFFLE_9917,G_P_text,0.0114472153118951,2634,10534,0.4722560966820326,2634,-0.0695626976079944,-0.0602561967710702,-0.0533809553045956,0.4722560966820326,0.4695285540074206,-0.036070108384415,319,0.0123989136600804,0.0238095238095238
Movies,42,2,STRICT_SHUFFLE_9917,G_D_visual,0.0249725038818829,2634,10534,0.5204384189465847,2634,0.041029318439473,0.0144917022068595,-0.0230833047267815,0.5204384189465847,0.5163927275265214,0.0564600823568764,327,0.0776270730952129,0.0857142857142857
Movies,42,2,STRICT_SHUFFLE_9917,G_P_visual,0.0211116823688077,2634,10534,0.5211130623190557,2634,0.0608516654231747,0.0367690692546963,-0.0114074778417976,0.5211130623190557,0.5080595584960286,-0.003748407100306,322,0.0230790605336829,0.0142857142857142
Movies,42,2,STRICT_SHUFFLE_9918,G_D_text,0.0140383225697748,2634,10534,0.5341028453508585,2634,0.0275952100830501,0.0241591479994391,-0.018853958386604,0.5341028453508585,0.5167917297985667,0.0119670508596391,328,0.045324741134366,0.0945558065123282
Movies,42,2,STRICT_SHUFFLE_9918,G_P_text,0.0114472153118951,2634,10534,0.478928932824784,2634,-0.0570377547734422,-0.0502220888422403,-0.0502477129164702,0.478928932824784,0.4763974295771602,-0.0227254935722173,319,0.033017729538853,0.0857142857142857
Movies,42,2,STRICT_SHUFFLE_9918,G_D_visual,0.0249725038818829,2634,10534,0.5188366601526149,2634,0.040248034540939,0.0168514903846041,-0.0224487637999044,0.5188366601526149,0.5097239670575098,0.0591364423690497,327,0.0965927355899738,0.0999999999999999
Movies,42,2,STRICT_SHUFFLE_9918,G_P_visual,0.0211116823688077,2634,10534,0.5204762777447851,2634,0.0599750582599931,0.0346001040920063,-0.0120179154157613,0.5204762777447851,0.5162855625046396,-0.0006852211299017,322,0.016523660163961,0.0261904761904761
Movies,42,2,STRICT_SHUFFLE_9919,G_D_text,0.0140383225697748,2634,10534,0.5329228985210868,2634,0.0248059831775881,0.0222656479241128,-0.0197132828101722,0.5329228985210868,0.5164576729659134,0.0074126898903508,328,0.0106238290408381,0.0188977688977689
Movies,42,2,STRICT_SHUFFLE_9919,G_P_text,0.0114472153118951,2634,10534,0.4783408145438191,2634,-0.0598462044531394,-0.0536425675653244,-0.0514298289050316,0.4783408145438191,0.474091659963848,-0.0378123062138576,319,-0.000896658941029,0.0
Movies,42,2,STRICT_SHUFFLE_9919,G_D_visual,0.0249725038818829,2634,10534,0.5202680067001675,2634,0.0380586735646723,0.0158175114670871,-0.0233911075259003,0.5202680067001675,0.5133287967615857,0.0483247009276712,327,0.0651526525005568,0.0285714285714285
Movies,42,2,STRICT_SHUFFLE_9919,G_P_visual,0.0211116823688077,2634,10534,0.5200355161086778,2634,0.0589056550237585,0.0417170562365046,-0.0101144591548569,0.5200355161086778,0.5154022993838616,-0.0137623213379081,322,0.0036963924529657,0.0
Movies,42,2,RIDGE_TARGET_ONLY,G_D_text,0.0140383225697748,2634,10534,0.5170444510545739,2634,-0.0069252650362074,-0.0338799878318928,-0.6735192994425183,0.5170444510545739,0.5164663874919826,,328,,
Movies,42,2,RIDGE_TARGET_ONLY,G_P_text,0.0114472153118951,2634,10534,0.4930806731071384,2634,-0.0288343086683602,-0.0051222225827208,-0.9085574973756438,0.4930806731071384,0.5066621692915769,,319,,
Movies,42,2,RIDGE_TARGET_ONLY,G_D_visual,0.0249725038818829,2634,10534,0.5120733877721944,2634,0.0330218222815171,0.0541100362152495,-0.6769912727270033,0.5120733877721944,0.5107359715242881,,327,,
Movies,42,2,RIDGE_TARGET_ONLY,G_P_visual,0.0211116823688077,2634,10534,0.4967931691225596,2634,-0.0123684191726752,0.0019202737763905,-0.659670570238788,0.4967931691225596,0.4977144189369757,,322,,
Movies,42,2,RIDGE_ENDPOINT,G_D_text,0.0140383225697748,2634,10534,0.5408380120655518,2634,0.0395916868487533,0.0440495631172322,-0.6053133911438635,0.5408380120655518,0.5371424720438003,-0.0242455494939316,328,0.0020896179011352,0.0
Movies,42,2,RIDGE_ENDPOINT,G_P_text,0.0114472153118951,2634,10534,0.4987139237003019,2634,-0.0160746049986043,-0.0024777483083729,-0.9460966530646456,0.4987139237003019,0.495682519913858,0.0166255910317954,319,0.0540314948346945,0.0833333333333333
Movies,42,2,RIDGE_ENDPOINT,G_D_visual,0.0249725038818829,2634,10534,0.5315791922575842,2634,0.0750264320368927,0.0826106346487731,-0.6958092487303527,0.5315791922575842,0.522234436069235,0.0350433520075737,327,0.0531314056058466,0.0999999999999999
Movies,42,2,RIDGE_ENDPOINT,G_P_visual,0.0211116823688077,2634,10534,0.5222903598470789,2634,0.0432590085720523,0.0504154692349319,-0.6426120205948218,0.5222903598470789,0.5137494432484596,-0.0341708879543643,322,-0.0164388419803535,0.0
Movies,42,2,RIDGE_ENDPOINT_LOCAL,G_D_text,0.0140383225697748,2634,10534,0.5181401574656764,2634,0.0114391949217032,-0.0059874242844732,-1.0711785882874605,0.5181401574656764,0.5245424292845258,-0.0095173619252948,328,-0.0466966020193188,-0.0857142857142857
Movies,42,2,RIDGE_ENDPOINT_LOCAL,G_P_text,0.0114472153118951,2634,10534,0.4966416716397256,2634,-0.0089583039678394,-0.0077389309679839,-1.419777274457172,0.4966416716397256,0.5007463912889304,0.0597733832356903,319,0.0752486648084886,0.0999999999999999
Movies,42,2,RIDGE_ENDPOINT_LOCAL,G_D_visual,0.0249725038818829,2634,10534,0.5242561185557417,2634,0.055850913949408,0.0857196813975547,-1.0984510980100652,0.5242561185557417,0.5084484924623116,0.0498189331476348,327,0.0381444755505199,0.0
Movies,42,2,RIDGE_ENDPOINT_LOCAL,G_P_visual,0.0211116823688077,2634,10534,0.5008003303392472,2634,0.0092464377546546,0.009177381402785,-1.1229150010479598,0.5008003303392472,0.4985860830673298,-0.0573986270122822,322,-0.0306084044604528,-0.0857142857142857
Movies,42,2,DirectState,G_D_text,0.0140383225697748,2634,10534,0.5233497011498527,2634,0.0599011233819895,0.0360423373915333,0.0006345157199487,0.5233497011498527,0.4980601464969929,-0.0404776027470926,328,0.0028422079874295,0.0
Movies,42,2,DirectState,G_P_text,0.0114472153118951,2634,10534,0.5354534420775567,2634,0.0513064594198662,0.0328458935674862,0.000611028994929,0.5354534420775567,0.5221988704669486,0.0432103954464308,319,0.0192854496291312,0.0999999999999999
Movies,42,2,DirectState,G_D_visual,0.0249725038818829,2634,10534,0.4840135282895961,2634,-0.0283263620409378,-0.0441953007600761,-0.0028640237709871,0.4840135282895961,0.4984889726409827,-0.0160378719861299,327,-0.0170099759956993,-0.0357142857142857
Movies,42,2,DirectState,G_P_visual,0.0211116823688077,2634,10534,0.5120681695865192,2634,0.0274475626559929,0.0313022819500749,-7.519039404080274e-05,0.5120681695865192,0.5058615498107045,0.0517604619942539,322,0.0754407432381574,0.0396603396603396
Movies,42,2,Frozen_Q_PAIR_text,G_D_text,0.0140383225697748,2634,10534,0.5101698519227731,2634,0.0052066779108043,0.0192168215323914,-0.002895028936946,0.5101698519227731,0.4906957910001023,-0.0435541531727663,328,-0.0067457151077825,-0.0331501831501831
Movies,42,2,Frozen_Q_PAIR_text,G_P_text,0.0114472153118951,2634,10534,0.5143411489640182,2634,0.0074878251055817,0.0127851283557454,-0.0052814750986855,0.5143411489640182,0.5063862726274184,-0.0182059714275705,319,-0.0233954583435482,0.0
Movies,42,2,Frozen_Q_PAIR_visual,G_D_visual,0.0249725038818829,2634,10534,0.5349199702214777,2634,0.0798022332435216,0.0654908581702704,0.0037652540850704,0.5349199702214777,0.5195334310441094,0.0201621686897798,327,0.0408314068872046,0.0714285714285714
Movies,42,2,Frozen_Q_PAIR_visual,G_P_visual,0.0211116823688077,2634,10534,0.5231562244822211,2634,0.0348259494733604,0.0318297122446086,0.000222529347939,0.5231562244822211,0.5169704828891694,0.046069879676571,322,0.0124741044369634,0.0
Movies,42,2,Frozen_R_SHARED_text,G_D_text,0.0140383225697748,2634,10534,0.5015180704412572,2634,-0.0200602125495288,-0.0192769798978237,-0.0071161254681808,0.5015180704412572,0.511508984095409,-0.0726498814167799,328,-0.0191706926803243,-0.0188977688977689
Movies,42,2,Frozen_R_SHARED_text,G_P_text,0.0114472153118951,2634,10534,0.4864035125652624,2634,-0.0251104560609294,-0.0297263666966534,-0.0102316600129297,0.4864035125652624,0.4851932573968847,-0.0208616201510747,319,-0.0136302404381389,-0.0333333333333333
Movies,42,2,Frozen_R_SHARED_visual,G_D_visual,0.0249725038818829,2634,10534,0.534480853340778,2634,0.0402350821182482,-0.0216016930579376,-0.0089305664306842,0.534480853340778,0.540768076493579,0.029353746535607,327,0.0320240319004659,0.0
Movies,42,2,Frozen_R_SHARED_visual,G_P_visual,0.0211116823688077,2634,10534,0.4921440037859105,2634,-0.0166418593927257,0.009657037261838,-0.0018978501449322,0.4921440037859105,0.5072696672481627,0.0294962437242499,322,0.0032860783407291,0.0
Movies,42,2,Frozen_U_MODAL_text,G_D_text,0.0140383225697748,2634,10534,0.5174395095697115,2634,0.0146114234886071,-0.0014624540177345,-0.0083681667885118,0.5174395095697115,0.5102575781518698,-0.016311048557971,328,0.0741872622025706,0.0999999999999999
Movies,42,2,Frozen_U_MODAL_text,G_P_text,0.0114472153118951,2634,10534,0.4990731371209304,2634,0.0010376387735802,0.0281789855395972,-0.0051206770173082,0.4990731371209304,0.5015974330366796,-0.0251512380326237,319,-0.0029850787822359,0.0
Movies,42,2,Frozen_U_MODAL_visual,G_D_visual,0.0249725038818829,2634,10534,0.5211735762144053,2634,0.0425569091137502,0.0077457953411342,-0.0031671206483505,0.5211735762144053,0.4985762144053601,0.0137471129047298,327,0.0423519226743282,0.0857142857142857
Movies,42,2,Frozen_U_MODAL_visual,G_P_visual,0.0211116823688077,2634,10534,0.5084875612426695,2634,0.0217466104392596,0.0311074209653246,0.0002421236161351,0.5084875612426695,0.5094369386088635,-0.0236493745962081,322,-0.0491733591354909,-0.0976190476190476
Movies,43,0,SIM_ONLY,G_D_text,0.0151424381763675,2606,10421,0.5038825799419675,2606,-0.0225220531616175,-0.0580730759440298,-0.0052009865519198,0.5038825799419675,0.5037691661879723,0.003253679802223,339,0.0013531880167121,0.0
Movies,43,0,SIM_ONLY,G_P_text,0.0127031787806121,2606,10421,0.5420146082368653,2606,0.0554056574269174,0.0560103993819974,0.0007135160070056,0.5420146082368653,0.5115973968976079,0.0186107920323153,337,-0.0050039508839444,-0.0714285714285714
Movies,43,0,SIM_ONLY,G_D_visual,0.0260646705756472,2606,10421,0.5445905332989454,2606,0.0779460409459651,0.0514834509509476,0.0011648357102688,0.5445905332989454,0.5,0.002321315815386,334,-0.0110661758955445,0.0
Movies,43,0,SIM_ONLY,G_P_visual,0.0241782563043953,2606,10421,0.5707510950664128,2606,0.1081243386747748,0.0893724735542342,0.0041477029797044,0.5707510950664128,0.5236467010976653,0.1064274752688113,324,0.015055267875788,0.0476190476190476
Movies,43,0,TARGET_ONLY,G_D_text,0.0151424381763675,2606,10421,0.5091284815813117,2606,0.0071032195798194,-0.0140598127596095,-0.0129374418051397,0.5091284815813117,0.4921167130632023,,339,,
Movies,43,0,TARGET_ONLY,G_P_text,0.0127031787806121,2606,10421,0.5211136332532644,2606,0.0329569293635819,0.0008138309112565,-0.0051095497744209,0.5211136332532644,0.5292577665985531,,337,,
Movies,43,0,TARGET_ONLY,G_D_visual,0.0260646705756472,2606,10421,0.5296876194024148,2606,0.0483930002353079,0.0407863017167809,7.424917029663636e-05,0.5296876194024148,0.5148650036298335,,334,,
Movies,43,0,TARGET_ONLY,G_P_visual,0.0241782563043953,2606,10421,0.5500207318398533,2606,0.0742913324170468,0.0276604528725348,-0.0041987954454312,0.5500207318398533,0.5380018759066488,,324,,
Movies,43,0,ENDPOINT,G_D_text,0.0151424381763675,2606,10421,0.5271860132856112,2606,0.041385202407267,0.0211430850676307,-0.010254195595662,0.5271860132856112,0.5226583005611771,0.012572122800974,339,0.0724683888046724,0.0999999999999999
Movies,43,0,ENDPOINT,G_P_text,0.0127031787806121,2606,10421,0.4937842435854479,2606,-0.0157441380348286,-0.0205013756597883,-0.009446417383119,0.4937842435854479,0.5027276888735778,-0.0443607526382226,337,-0.0461682381354938,-0.0181818181818181
Movies,43,0,ENDPOINT,G_D_visual,0.0260646705756472,2606,10421,0.5238637666208161,2606,0.0252782801578534,0.0065012260550315,-0.0068882797462352,0.5238637666208161,0.5160070877273422,0.0354446801895915,334,0.0029126316159687,0.0
Movies,43,0,ENDPOINT,G_P_visual,0.0241782563043953,2606,10421,0.5391740222368179,2606,0.0572553838560501,0.0399684943141714,-0.0034927371301394,0.5391740222368179,0.5248179614517722,0.030987856414373,324,0.0025532116101059,0.0
Movies,43,0,ENDPOINT_LOCAL,G_D_text,0.0151424381763675,2606,10421,0.5359391984446114,2606,0.0435659627615535,-0.0366108534584252,-0.0253970012648361,0.5359391984446114,0.5330729235709131,0.0187419092249403,339,0.0602608382060105,0.0419580419580419
Movies,43,0,ENDPOINT_LOCAL,G_P_text,0.0127031787806121,2606,10421,0.4961756905347309,2606,-0.0056253281731284,-0.0138518028313934,-0.0109240163674593,0.4961756905347309,0.4958618647387223,-0.0525967357467646,337,-0.0366765013460657,-0.0714285714285714
Movies,43,0,ENDPOINT_LOCAL,G_D_visual,0.0260646705756472,2606,10421,0.5333658107901575,2606,0.0577283509436284,0.0323500707239727,-0.0036313669002945,0.5333658107901575,0.5210190040883387,0.0498721162379261,334,0.0523290511922603,0.0928571428571428
Movies,43,0,ENDPOINT_LOCAL,G_P_visual,0.0241782563043953,2606,10421,0.5239562020686951,2606,0.0269302161259564,0.0302405336896136,-0.0109834067052718,0.5239562020686951,0.5247169601806919,0.0343432490857015,324,-0.0057135310999181,0.0171679197994987
Movies,43,0,STRICT_SHUFFLE_9917,G_D_text,0.0151424381763675,2606,10421,0.5379623819834151,2606,0.0460132257201025,-0.0307371850292691,-0.023672171504085,0.5379623819834151,0.5285849793056722,0.0412967727638195,339,0.0735369704461309,0.0857142857142857
Movies,43,0,STRICT_SHUFFLE_9917,G_P_text,0.0127031787806121,2606,10421,0.5001238786036876,2606,-0.0017065148033285,-0.0083577609514651,-0.0098849187755192,0.5001238786036876,0.501045299455878,-0.0455754864423102,337,-0.0523091812994869,-0.0857142857142857
Movies,43,0,STRICT_SHUFFLE_9917,G_D_visual,0.0260646705756472,2606,10421,0.5235258577869479,2606,0.0424765184838715,0.0351281420227587,-0.002736626752879,0.5235258577869479,0.5120345693871313,0.0585709207224247,334,0.0460819285099255,0.0
Movies,43,0,STRICT_SHUFFLE_9917,G_P_visual,0.0241782563043953,2606,10421,0.5192002825672988,2606,0.0225371843221174,0.0256927090604161,-0.0112580187526254,0.5192002825672988,0.5173037031436793,0.0230437382705426,324,0.009393179255618,0.0174242424242424
Movies,43,0,STRICT_SHUFFLE_9918,G_D_text,0.0151424381763675,2606,10421,0.5359604082895144,2606,0.0449034363550457,-0.0317816956847551,-0.0237538394545835,0.5359604082895144,0.5308102455334128,0.0468176026905505,339,0.0600099276711707,0.0
Movies,43,0,STRICT_SHUFFLE_9918,G_P_text,0.0127031787806121,2606,10421,0.5063815177842483,2606,0.006845641473182,-0.0063635361214195,-0.009359838644916,0.5063815177842483,0.500525599218503,-0.0242154273869793,337,-0.0147236307538878,-0.0357142857142857
Movies,43,0,STRICT_SHUFFLE_9918,G_D_visual,0.0260646705756472,2606,10421,0.5207139309185389,2606,0.0376275405290994,0.0358609315616495,-0.0029740447102812,0.5207139309185389,0.5117241231086658,0.047596620390385,334,0.0613694198278738,0.0999999999999999
Movies,43,0,STRICT_SHUFFLE_9918,G_P_visual,0.0241782563043953,2606,10421,0.5127621898493132,2606,0.0081549131798178,0.0140764716572774,-0.0141528283407135,0.5127621898493132,0.5124438291176623,-0.0064396904523977,324,-0.0098301987474918,0.0
Movies,43,0,STRICT_SHUFFLE_9919,G_D_text,0.0151424381763675,2606,10421,0.5390146259555477,2606,0.04517831450166,-0.0355405549805677,-0.0246947705714006,0.5390146259555477,0.5350389583609503,0.0450439917011862,339,0.0579186450615711,0.0857142857142857
Movies,43,0,STRICT_SHUFFLE_9919,G_P_text,0.0127031787806121,2606,10421,0.5014700260970926,2606,-0.0004735505536913,-0.0101032534277487,-0.0101511821101047,0.5014700260970926,0.5027630827603456,-0.0469216118140118,337,-0.0196071175555255,0.0
Movies,43,0,STRICT_SHUFFLE_9919,G_D_visual,0.0260646705756472,2606,10421,0.5237676476769066,2606,0.0405184007582184,0.0322254028632265,-0.0035076413879309,0.5237676476769066,0.5134435178817056,0.0569345904701527,334,0.069843036611254,0.0928571428571428
Movies,43,0,STRICT_SHUFFLE_9919,G_P_visual,0.0241782563043953,2606,10421,0.514899164111118,2606,0.0106479288750529,0.0172638286774986,-0.0137960678635831,0.514899164111118,0.509286210432309,0.0030599494430747,324,-0.0126724295433147,0.0083333333333333
Movies,43,0,RIDGE_TARGET_ONLY,G_D_text,0.0151424381763675,2606,10421,0.5018535047795797,2606,0.0085144944543981,0.0330001111045445,-0.4658178218608142,0.5018535047795797,0.4976904835550056,,339,,
Movies,43,0,RIDGE_TARGET_ONLY,G_P_text,0.0127031787806121,2606,10421,0.4966971604664442,2606,0.034401609152759,0.059846356877364,-0.3619376685393281,0.4966971604664442,0.4896879910901789,,337,,
Movies,43,0,RIDGE_TARGET_ONLY,G_D_visual,0.0260646705756472,2606,10421,0.476668768149167,2606,-0.0200235173166582,0.0108944094598241,-0.3932350503703765,0.476668768149167,0.4727159512073972,,334,,
Movies,43,0,RIDGE_TARGET_ONLY,G_P_visual,0.0241782563043953,2606,10421,0.5019842910537681,2606,0.0125985577181791,0.0196376788860212,-0.5573817269569257,0.5019842910537681,0.4956965189409869,,324,,
Movies,43,0,RIDGE_ENDPOINT,G_D_text,0.0151424381763675,2606,10421,0.485371393221687,2606,-0.0306289444391897,-0.0445866539287046,-0.6776979248844872,0.485371393221687,0.4941257567054041,-0.0140581249684001,339,-0.0068675594923609,-0.0476190476190476
Movies,43,0,RIDGE_ENDPOINT,G_P_text,0.0127031787806121,2606,10421,0.4823110202405841,2606,0.0005354543043042,-0.0017884806198764,-0.5576564608540042,0.4823110202405841,0.4920593815036267,-0.0338728842752419,337,-0.0182590461689111,-0.009090909090909
Movies,43,0,RIDGE_ENDPOINT,G_D_visual,0.0260646705756472,2606,10421,0.5140232166055326,2606,0.0235688229786317,-0.0020101084807446,-0.5354403609198226,0.5140232166055326,0.5175676772887055,0.0479848125859465,334,0.0128403619445715,0.0691490906166892
Movies,43,0,RIDGE_ENDPOINT,G_P_visual,0.0241782563043953,2606,10421,0.4966870401784238,2606,-0.0147394587831795,-0.0001128681293349,-0.7447049048592995,0.4966870401784238,0.4968376561089821,-0.0070555907153988,324,-0.0096173905062891,0.0
Movies,43,0,RIDGE_ENDPOINT_LOCAL,G_D_text,0.0151424381763675,2606,10421,0.5052603361171255,2606,0.0193603219380968,0.0359532953548382,-0.8604342166181704,0.5052603361171255,0.5091408539908385,-0.0117522620646951,339,-0.0012278813837438,0.0
Movies,43,0,RIDGE_ENDPOINT_LOCAL,G_P_text,0.0127031787806121,2606,10421,0.5191752280546105,2606,0.059005560208628,0.0680071860752943,-0.686881581690348,0.5191752280546105,0.5076344613758311,0.0129462461551409,337,0.0187835728945406,0.0857142857142857
Movies,43,0,RIDGE_ENDPOINT_LOCAL,G_D_visual,0.0260646705756472,2606,10421,0.5042805765703806,2606,0.0241408326865352,0.0471612242262223,-0.6372411137214116,0.5042805765703806,0.490103927861837,0.0409402781235328,334,0.0186673109913572,0.0976190476190476
Movies,43,0,RIDGE_ENDPOINT_LOCAL,G_P_visual,0.0241782563043953,2606,10421,0.5123186111675511,2606,0.0186494745340166,0.0138365084337478,-0.9926664874881576,0.5123186111675511,0.5116665327858395,0.0438406827493849,324,0.0001933610817289,-0.0076751817812144
Movies,43,0,DirectState,G_D_text,0.0151424381763675,2606,10421,0.5109439853887735,2606,0.0324977474495006,0.0155153819344696,-0.0005180073118609,0.5109439853887735,0.513896867129159,-0.0193143533531504,339,0.0403777443509989,0.0714285714285714
Movies,43,0,DirectState,G_P_text,0.0127031787806121,2606,10421,0.5211248413174077,2606,0.0265290765952682,0.0106941613694286,4.547584326308751e-05,0.5211248413174077,0.51029490186455,-0.0088387062221244,337,-0.0201974883874611,0.0
Movies,43,0,DirectState,G_D_visual,0.0260646705756472,2606,10421,0.5543379494306893,2606,0.0868747359310872,0.0654756388688178,0.0021404469445787,0.5543379494306893,0.5258792793825462,0.0299622752604438,334,-0.0116427708031457,0.0
Movies,43,0,DirectState,G_P_visual,0.0241782563043953,2606,10421,0.512605076760966,2606,-0.0037865587993364,-0.0203013962996119,-0.0031379802595727,0.512605076760966,0.5251434099919199,0.0137758141669003,324,0.011341770256594,0.0285714285714285
Movies,43,0,Frozen_Q_PAIR_text,G_D_text,0.0151424381763675,2606,10421,0.5265237947947506,2606,0.0246610282655684,-0.0147611915238808,-0.0112449912442771,0.5265237947947506,0.5138624011311917,-0.0311225599785875,339,-0.0141408655377236,-0.0285714285714285
Movies,43,0,Frozen_Q_PAIR_text,G_P_text,0.0127031787806121,2606,10421,0.5080078668812322,2606,0.0353625595574141,0.0297058124835757,-0.0003644280449655,0.5080078668812322,0.5037257964804319,-0.0436352541592035,337,-0.0251935795196173,-0.0499999999999999
Movies,43,0,Frozen_Q_PAIR_visual,G_D_visual,0.0260646705756472,2606,10421,0.5117766601711753,2606,0.0231941811210861,0.0073453196166195,-0.004168671177583,0.5117766601711753,0.5022984964847929,0.01452471348911,334,0.0312142717503875,0.0261904761904761
Movies,43,0,Frozen_Q_PAIR_visual,G_P_visual,0.0241782563043953,2606,10421,0.5344402521369742,2606,0.0538926305421312,0.0490986304827206,0.001967716019673,0.5344402521369742,0.5260766381106738,0.066773926766162,324,0.0303709223277614,0.0
Movies,43,0,Frozen_R_SHARED_text,G_D_text,0.0151424381763675,2606,10421,0.5308682780257169,2606,0.046003784292094,0.0137096203358729,-0.0059550792568565,0.5308682780257169,0.525196117420058,0.015291681536193,339,-0.0205139993237997,-0.0238095238095238
Movies,43,0,Frozen_R_SHARED_text,G_P_text,0.0127031787806121,2606,10421,0.5228078206332203,2606,0.0509405957214284,0.0392750101172565,0.0008941678145938,0.5228078206332203,0.5206222481253038,-0.0269666762892351,337,-0.0380588153894975,-0.0857142857142857
Movies,43,0,Frozen_R_SHARED_visual,G_D_visual,0.0260646705756472,2606,10421,0.4815254613709308,2606,-0.0126422904423088,-0.0261571660756714,-0.0063171601898739,0.4815254613709308,0.4970632976081308,-0.0064484130403646,334,0.0039907203023737,0.0
Movies,43,0,Frozen_R_SHARED_visual,G_P_visual,0.0241782563043953,2606,10421,0.4989533669452962,2606,0.0020061798796046,0.0005166878919435,-0.0055067360283678,0.4989533669452962,0.5084138193364867,-0.0410866909368483,324,-0.0436760070627872,-0.0883116883116883
Movies,43,0,Frozen_U_MODAL_text,G_D_text,0.0151424381763675,2606,10421,0.5313478561854683,2606,0.0505763015415421,0.0145176901810355,-0.0063543974949213,0.5313478561854683,0.5255015981028972,-0.0134083927694147,339,0.0209112344598937,0.0999999999999999
Movies,43,0,Frozen_U_MODAL_text,G_P_text,0.0127031787806121,2606,10421,0.5277700435580766,2606,0.0544323391530611,0.0602118927587198,0.0035742311939301,0.5277700435580766,0.5155131405703607,-0.0016632589739794,337,0.0021881616851928,-0.0545454545454545
Movies,43,0,Frozen_U_MODAL_visual,G_D_visual,0.0260646705756472,2606,10421,0.5130029229711142,2606,0.0301108721547725,0.0391882400627026,-0.0014071913540514,0.5130029229711142,0.4994573160247593,0.0262857417317837,334,-0.0079079391881726,0.0
Movies,43,0,Frozen_U_MODAL_visual,G_P_visual,0.0241782563043953,2606,10421,0.5404199999054958,2606,0.0649330168890135,0.0713247461283693,0.0050694586649178,0.5404199999054958,0.5317539727166625,0.0833111021301761,324,0.055287516507677,0.0999999999999999
Movies,43,1,SIM_ONLY,G_D_text,0.0151759976890837,2606,10422,0.5179475852645034,2606,-0.0161623615973701,-0.0200225246307531,-0.0030711487022676,0.5179475852645034,0.5037348223146946,0.0160036290280037,338,-0.0015875497435699,0.0
Movies,43,1,SIM_ONLY,G_P_text,0.0127593974128262,2606,10422,0.5451596893156728,2606,0.0683481977586565,0.0361454277363229,0.00056457060882,0.5451596893156728,0.5194059815633597,-0.0050670654631966,332,0.0076557183483073,0.0285714285714285
Movies,43,1,SIM_ONLY,G_D_visual,0.0257262325777708,2606,10422,0.519390712536288,2606,0.032523807197843,0.0450987658762246,-0.0031610221373816,0.519390712536288,0.5,0.0090530715720104,341,-0.007058072862981,0.0054945054945054
Movies,43,1,SIM_ONLY,G_P_visual,0.023053421786904,2606,10422,0.5477193513990167,2606,0.0796653306167928,0.0740538853442894,0.001368158281791,0.5477193513990167,0.5153399944474343,0.0383990648177192,343,-0.005748520880003,-0.0285714285714285
Movies,43,1,TARGET_ONLY,G_D_text,0.0151759976890837,2606,10422,0.5640479913771017,2606,0.0853780821217887,0.0480218228124685,-0.0033986884987844,0.5640479913771017,0.5249704765859448,,338,,
Movies,43,1,TARGET_ONLY,G_P_text,0.0127593974128262,2606,10422,0.495392608249981,2606,-0.0142227237949273,0.0249551691322528,-0.0043028587729689,0.495392608249981,0.4765445357624728,,332,,
Movies,43,1,TARGET_ONLY,G_D_visual,0.0257262325777708,2606,10422,0.515682760398691,2606,0.0291414410957835,0.0046287837349348,-0.0119228146890233,0.515682760398691,0.4904348854021809,,341,,
Movies,43,1,TARGET_ONLY,G_P_visual,0.023053421786904,2606,10422,0.509777997575026,2606,0.0292256345648402,-0.0439469068707491,-0.0164788489289997,0.509777997575026,0.4984527085851979,,343,,
Movies,43,1,ENDPOINT,G_D_text,0.0151759976890837,2606,10422,0.5492226728040028,2606,0.0702243078134437,0.0175513489420737,-0.0083154449916738,0.5492226728040028,0.5347283698657973,-0.0149041855567573,338,0.0413834298519445,0.0732142857142857
Movies,43,1,ENDPOINT,G_P_text,0.0127593974128262,2606,10422,0.5100084703152878,2606,-0.0015351926698887,-0.013010729568878,-0.0149346809280519,0.5100084703152878,0.5050429911235575,0.0012780599674191,332,0.0299240004557847,0.0785714285714285
Movies,43,1,ENDPOINT,G_D_visual,0.0257262325777708,2606,10422,0.5112191986617631,2606,0.0330729137586688,0.0167799196129481,-0.0102721417787874,0.5112191986617631,0.5080387475652085,0.042120284953476,341,0.0539839051723601,0.0857142857142857
Movies,43,1,ENDPOINT,G_P_visual,0.023053421786904,2606,10422,0.5387662811897109,2606,0.0539447679991187,0.0390251359356098,-0.0042549982867665,0.5387662811897109,0.5214940881679068,0.0094629744082902,343,-0.0273093670551025,-0.0447885447885448
Movies,43,1,ENDPOINT_LOCAL,G_D_text,0.0151759976890837,2606,10422,0.5263690470931586,2606,0.0450821016861137,0.0075628272593594,-0.0166165295582012,0.5263690470931586,0.5143617788850898,0.008354339029738,338,-0.0006838580291709,0.0233766233766233
Movies,43,1,ENDPOINT_LOCAL,G_P_text,0.0127593974128262,2606,10422,0.5177791151615108,2606,0.0299097865519646,0.0576847589741134,-0.0045924934861019,0.5177791151615108,0.5126559596065576,-0.0222542285732997,332,0.0233428414720062,0.0
Movies,43,1,ENDPOINT_LOCAL,G_D_visual,0.0257262325777708,2606,10422,0.5317614435945156,2606,0.0651972774294243,0.0344655890629747,-0.0130196314499213,0.5317614435945156,0.5213587428842308,0.0614994457127754,341,0.0907472061816868,0.1071428571428571
Movies,43,1,ENDPOINT_LOCAL,G_P_visual,0.023053421786904,2606,10422,0.5166762647854747,2606,0.0310465542719861,0.0183200370901799,-0.0159999954392866,0.5166762647854747,0.510542212172851,-0.0070633281426586,343,-0.0293160442414327,0.0
Movies,43,1,STRICT_SHUFFLE_9917,G_D_text,0.0151759976890837,2606,10422,0.5254054499780599,2606,0.0400798297842308,0.0036721591251487,-0.015975798969815,0.5254054499780599,0.511296644785473,0.0055334357155984,338,0.0135934624166544,0.0634615384615384
Movies,43,1,STRICT_SHUFFLE_9917,G_P_text,0.0127593974128262,2606,10422,0.5170900547181189,2606,0.0258138029146383,0.0521758781334499,-0.0055508340233161,0.5170900547181189,0.5123123135513845,-0.0015864621256782,332,0.0366850516445303,0.0285714285714285
Movies,43,1,STRICT_SHUFFLE_9917,G_D_visual,0.0257262325777708,2606,10422,0.5249615512332416,2606,0.0512618795507482,0.0265865212148198,-0.0153803793601303,0.5249615512332416,0.5152479284594534,0.0381713566290286,341,0.0533755332489705,0.0999999999999999
Movies,43,1,STRICT_SHUFFLE_9917,G_P_visual,0.023053421786904,2606,10422,0.5045354795395025,2606,0.0155024355794902,0.003276767773104,-0.0195127152327179,0.5045354795395025,0.5052507702564024,-0.0292414712589504,343,-0.0355349795463731,-0.0999999999999999
Movies,43,1,STRICT_SHUFFLE_9918,G_D_text,0.0151759976890837,2606,10422,0.5208760723404632,2606,0.0356458902162539,0.0087138997736446,-0.0148633450276804,0.5208760723404632,0.5120688182682935,-0.0019153669229168,338,0.0357844281775239,0.0321428571428571
Movies,43,1,STRICT_SHUFFLE_9918,G_P_text,0.0127593974128262,2606,10422,0.5214124501256401,2606,0.0314121876429012,0.063100415904174,-0.0026389061644542,0.5214124501256401,0.5127706065323402,0.0093534419526683,332,0.0592104453362141,0.0416666666666666
Movies,43,1,STRICT_SHUFFLE_9918,G_D_visual,0.0257262325777708,2606,10422,0.52443108002868,2606,0.0493564807906076,0.0263515965783677,-0.0154736320467119,0.52443108002868,0.5194694218695517,0.0432015652632445,341,0.0624700863780968,0.0999999999999999
Movies,43,1,STRICT_SHUFFLE_9918,G_P_visual,0.023053421786904,2606,10422,0.5023604298935522,2606,0.0099960384125438,-0.0012120102592865,-0.0211143531917139,0.5023604298935522,0.5053780902356775,-0.0342896345776605,343,-0.0327513999520586,-0.1202380952380952
Movies,43,1,STRICT_SHUFFLE_9919,G_D_text,0.0151759976890837,2606,10422,0.5244124030733801,2606,0.0376468420328208,0.0014723956570474,-0.0168667010722682,0.5244124030733801,0.5212618645839776,0.0093410180582273,338,0.0502211464265625,0.0999999999999999
Movies,43,1,STRICT_SHUFFLE_9919,G_P_text,0.0127593974128262,2606,10422,0.5166155520175796,2606,0.0265994698085061,0.0625212323775852,-0.00266403665265,0.5166155520175796,0.512910599565108,0.0055566265908713,332,0.0536914161569126,0.0857142857142857
Movies,43,1,STRICT_SHUFFLE_9919,G_D_visual,0.0257262325777708,2606,10422,0.5293722440595244,2606,0.0597928079524036,0.0344199324527722,-0.0132642711564423,0.5293722440595244,0.5265832605148244,0.0481837577504547,341,0.07835761758435,0.1428571428571428
Movies,43,1,STRICT_SHUFFLE_9919,G_P_visual,0.023053421786904,2606,10422,0.4996772792191984,2606,0.0074900737698937,-7.512639396102908e-05,-0.0202187290798661,0.4996772792191984,0.5023610193379007,-0.0358055194080573,343,-0.0093318876605679,-0.0714285714285714
Movies,43,1,RIDGE_TARGET_ONLY,G_D_text,0.0151759976890837,2606,10422,0.5319235719060788,2606,0.0379344629156622,0.0533385213589445,-0.4838312558832554,0.5319235719060788,0.5226518946522127,,338,,
Movies,43,1,RIDGE_TARGET_ONLY,G_P_text,0.0127593974128262,2606,10422,0.4860799769880927,2606,-0.00607413411308,0.0138020136059338,-0.6517380438392282,0.4860799769880927,0.4892196523103566,,332,,
Movies,43,1,RIDGE_TARGET_ONLY,G_D_visual,0.0257262325777708,2606,10422,0.5139493729687794,2606,0.0301033172989354,0.0272404492501184,-0.7126218148701446,0.5139493729687794,0.5089473205857875,,341,,
Movies,43,1,RIDGE_TARGET_ONLY,G_P_visual,0.023053421786904,2606,10422,0.4676244744366827,2606,-0.0500730771143794,-0.0308912583514484,-0.8583056430282026,0.4676244744366827,0.4933655091355032,,343,,
Movies,43,1,RIDGE_ENDPOINT,G_D_text,0.0151759976890837,2606,10422,0.5326209429233628,2606,0.0297847148424915,-0.0089626378664394,-0.6465628948735116,0.5326209429233628,0.5299339441219693,-0.0046497420370355,338,0.0283896277898033,0.0285714285714285
Movies,43,1,RIDGE_ENDPOINT,G_P_text,0.0127593974128262,2606,10422,0.4941111562363506,2606,-0.0010567181582528,0.0008859647712213,-0.7672155312112912,0.4941111562363506,0.5009949820602613,-0.0420343367403464,332,-0.040912466593504,0.0
Movies,43,1,RIDGE_ENDPOINT,G_D_visual,0.0257262325777708,2606,10422,0.5035258811138589,2606,0.0168733103097646,0.0221549444188237,-0.9183865816108904,0.5035258811138589,0.4982232481827054,0.0321190290917113,341,0.0292096852059809,0.0274725274725274
Movies,43,1,RIDGE_ENDPOINT,G_P_visual,0.023053421786904,2606,10422,0.4771575578849086,2606,-0.0480195181130033,-0.0241835831657534,-0.9973175288118534,0.4771575578849086,0.4875689134123935,-0.0119709437460193,343,-0.0382202175933298,-0.0285714285714285
Movies,43,1,RIDGE_ENDPOINT_LOCAL,G_D_text,0.0151759976890837,2606,10422,0.5454283619143542,2606,0.07153111347421,0.0737216236097652,-0.7511543268282457,0.5454283619143542,0.5337547598222411,0.0292578622362886,338,0.0315031707228118,0.0285714285714285
Movies,43,1,RIDGE_ENDPOINT_LOCAL,G_P_text,0.0127593974128262,2606,10422,0.5034049252790871,2606,0.0102652399754384,0.013680135404159,-1.0457340441809202,0.5034049252790871,0.5159824887872949,-0.002484712576399,332,-0.0067249033027093,-0.0285714285714285
Movies,43,1,RIDGE_ENDPOINT_LOCAL,G_D_visual,0.0257262325777708,2606,10422,0.5080500341865821,2606,0.0329007650887232,0.0440717629120272,-1.2001714132460557,0.5080500341865821,0.5047567168762909,0.041648862333904,341,0.0455275392920091,0.0424242424242424
Movies,43,1,RIDGE_ENDPOINT_LOCAL,G_P_visual,0.023053421786904,2606,10422,0.4714794404758466,2606,-0.0493499498761761,-0.0204380632904406,-1.4558335892433396,0.4714794404758466,0.4805291795583057,-0.0146766453685445,343,-0.0254622849520759,-0.0309523809523809
Movies,43,1,DirectState,G_D_text,0.0151759976890837,2606,10422,0.5400361054420266,2606,0.0416145122257758,0.0046993867526496,-0.0019291145355673,0.5400361054420266,0.517446938841622,0.0162744559860722,338,-0.0099636816684137,0.0
Movies,43,1,DirectState,G_P_text,0.0127593974128262,2606,10422,0.5032410597502053,2606,-0.0020807613615277,-0.0237881408634792,-0.0075820887443542,0.5032410597502053,0.5077417620731466,-0.0376917404789145,332,-0.0133788657047112,0.0
Movies,43,1,DirectState,G_D_visual,0.0257262325777708,2606,10422,0.5321166751514339,2606,0.0623723597265609,0.0359969346738417,-0.0009398947707777,0.5321166751514339,0.5198365340805473,-0.0219820093821507,341,-0.0166887467628322,-0.0636363636363636
Movies,43,1,DirectState,G_P_visual,0.023053421786904,2606,10422,0.5287852200366281,2606,0.0595540180465361,0.0120325990980788,-0.0078473684565785,0.5287852200366281,0.5147428873224078,-0.00554335726959,343,-0.0283451715693552,-0.0294372294372294
Movies,43,1,Frozen_Q_PAIR_text,G_D_text,0.0151759976890837,2606,10422,0.5188033961497345,2606,0.0148838113482298,-2.178682942333559e-05,-0.0103071702804196,0.5188033961497345,0.5186529077249743,-0.0331026556499708,338,-0.0799670052567156,-0.156043956043956
Movies,43,1,Frozen_Q_PAIR_text,G_P_text,0.0127593974128262,2606,10422,0.5425463877966157,2606,0.0322738788990129,-0.0120903734812563,-0.0111542459265931,0.5425463877966157,0.5382301815547538,0.0124440971355672,332,0.0702117707689361,0.0785714285714285
Movies,43,1,Frozen_Q_PAIR_visual,G_D_visual,0.0257262325777708,2606,10422,0.5154659384617761,2606,0.0229954727381446,-0.0157040652291656,-0.0115811888413159,0.5154659384617761,0.5088133662110634,0.0249826081088404,341,0.06049861801521,0.0285714285714285
Movies,43,1,Frozen_Q_PAIR_visual,G_P_visual,0.023053421786904,2606,10422,0.5245394523944114,2606,0.0440355192583097,0.0431463826742148,-0.0005733786399502,0.5245394523944114,0.5188374624892352,-0.0259099370564822,343,-0.050292839971268,-0.1015151515151515
Movies,43,1,Frozen_R_SHARED_text,G_D_text,0.0151759976890837,2606,10422,0.52958084114489,2606,0.0446772065089375,0.0034546408880179,-0.006166344088984,0.52958084114489,0.5291096445115899,-0.0235100130184309,338,-0.0284971504789642,-0.0317682317682317
Movies,43,1,Frozen_R_SHARED_text,G_P_text,0.0127593974128262,2606,10422,0.5290663849908607,2606,0.0329599560006198,0.0153409195216383,-0.0040042271111049,0.5290663849908607,0.5312075415867724,-0.0138966984280847,332,0.0047570295889089,-0.0924101698095506
Movies,43,1,Frozen_R_SHARED_visual,G_D_visual,0.0257262325777708,2606,10422,0.5132329695279043,2606,0.0182847185315375,0.0132585171455637,-0.0082167672194037,0.5132329695279043,0.5237999202808111,-0.0129656749326403,341,-0.0250437734308702,-0.0714285714285714
Movies,43,1,Frozen_R_SHARED_visual,G_P_visual,0.023053421786904,2606,10422,0.5000898902631457,2606,-0.0064313204620013,-0.0013642946328396,-0.0068099068686167,0.5000898902631457,0.5044140540037123,-0.0593200517128385,343,-0.1414030611023768,-0.2071428571428571
Movies,43,1,Frozen_U_MODAL_text,G_D_text,0.0151759976890837,2606,10422,0.5131708293944239,2606,-0.0061366563066779,-0.0177706576389264,-0.0068596808487069,0.5131708293944239,0.5102638406648584,-0.0535595855720476,338,-0.0229135637711059,0.0
Movies,43,1,Frozen_U_MODAL_text,G_P_text,0.0127593974128262,2606,10422,0.5283183801126192,2606,0.0433062778708153,0.0101497506729025,-0.0034919257204248,0.5283183801126192,0.526111205749676,-0.0238273219965706,332,-0.0151436677374112,0.0
Movies,43,1,Frozen_U_MODAL_visual,G_D_visual,0.0257262325777708,2606,10422,0.5125533961146697,2606,0.0222492944672648,0.0203189007768517,-0.0082735641446405,0.5125533961146697,0.5084518973107546,0.0110701096212065,341,0.0143771056334723,0.0303030303030303
Movies,43,1,Frozen_U_MODAL_visual,G_P_visual,0.023053421786904,2606,10422,0.5085961616562915,2606,0.0166822672598957,0.0089080756644966,-0.0065706991235741,0.5085961616562915,0.5107072565904298,-0.0344720916415392,343,-0.0449036737458452,0.0
Movies,43,2,SIM_ONLY,G_D_text,0.0146742778082179,2606,10422,0.5123144230249885,2606,-0.0111652936660892,-0.0467540526914847,-0.0012815960713108,0.5123144230249885,0.4989268838737593,0.0157263187856328,325,0.0825328723532161,0.0999999999999999
Movies,43,2,SIM_ONLY,G_P_text,0.0126363320751789,2606,10422,0.5283190345697969,2606,0.0436486247067664,0.0273183591584928,-0.0015876366838847,0.5283190345697969,0.5,0.0108647530980213,326,0.032690475382091,0.0416666666666666
Movies,43,2,SIM_ONLY,G_D_visual,0.0260816191215371,2606,10422,0.5058196435434965,2606,0.0569402867061393,0.0645386618369164,-0.0030731205528971,0.5058196435434965,0.5,0.0261154164556797,335,-0.0279773713494454,0.0
Movies,43,2,SIM_ONLY,G_P_visual,0.0226813210685982,2606,10422,0.5581211373527053,2606,0.1042627093623744,0.0942124165862079,0.0003284794549657,0.5581211373527053,0.5118752829033203,0.0861181249442127,319,0.0899563428796574,0.1904761904761905
Movies,43,2,TARGET_ONLY,G_D_text,0.0146742778082179,2606,10422,0.5049723619179102,2606,0.0264896776374413,0.0082089642872214,-0.0063282048722002,0.5049723619179102,0.4833120945766681,,325,,
Movies,43,2,TARGET_ONLY,G_P_text,0.0126363320751789,2606,10422,0.5208677889246791,2606,0.0279474018408018,0.0213043019966602,-0.0023976439194666,0.5208677889246791,0.5147410520535484,,326,,
Movies,43,2,TARGET_ONLY,G_D_visual,0.0260816191215371,2606,10422,0.5279137068724168,2606,0.0501477868746909,0.0252494181449206,-0.0045156875403298,0.5279137068724168,0.524668313237576,,335,,
Movies,43,2,TARGET_ONLY,G_P_visual,0.0226813210685982,2606,10422,0.5353276353276354,2606,0.0590148352070969,0.0438122748395919,0.0012142428023427,0.5353276353276354,0.5426953992893764,,319,,
Movies,43,2,ENDPOINT,G_D_text,0.0146742778082179,2606,10422,0.5196564841320669,2606,0.0368803864886742,-0.0031385446283494,-0.013178409082533,0.5196564841320669,0.5149758459840944,0.0025853373500315,325,0.0573398411682843,0.0999999999999999
Movies,43,2,ENDPOINT,G_P_text,0.0126363320751789,2606,10422,0.5212053972554151,2606,0.0170037656931645,-0.0096576063915925,-0.0093003911199311,0.5212053972554151,0.5226486286797393,-0.0282619794067057,326,-0.0323271662281769,-0.0785714285714285
Movies,43,2,ENDPOINT,G_D_visual,0.0260816191215371,2606,10422,0.4787434576091031,2606,-0.0157441607573195,-0.0073380594653437,-0.0088161364147689,0.4787434576091031,0.4842674183001884,-0.0269561232536112,335,-0.051525946291762,0.0
Movies,43,2,ENDPOINT,G_P_visual,0.0226813210685982,2606,10422,0.5453884909751991,2606,0.0656044288321992,0.050510678547391,-7.995739197097507e-05,0.5453884909751991,0.5341608162999648,-0.0047429246247158,319,0.0189238290684769,0.0714285714285714
Movies,43,2,ENDPOINT_LOCAL,G_D_text,0.0146742778082179,2606,10422,0.5203788194891659,2606,0.0650979615671154,0.0236958813744596,-0.0171230498436218,0.5203788194891659,0.513627031605288,-0.015682118106487,325,0.0540058499233618,0.0857142857142857
Movies,43,2,ENDPOINT_LOCAL,G_P_text,0.0126363320751789,2606,10422,0.5298306125322805,2606,0.0277005961210811,0.01746630177295,-0.0101234703550123,0.5298306125322805,0.5265063783228349,0.0014579960198334,326,-0.0224726847469005,-0.0142857142857142
Movies,43,2,ENDPOINT_LOCAL,G_D_visual,0.0260816191215371,2606,10422,0.5057861308430728,2606,0.0292381212821808,0.0487783460513851,-0.0056533515771322,0.5057861308430728,0.5029864857811247,-0.0291298078013564,335,-0.058376455586471,-0.0857142857142857
Movies,43,2,ENDPOINT_LOCAL,G_P_visual,0.0226813210685982,2606,10422,0.5516562972430055,2606,0.0777600037973193,0.0652127499510479,-0.0021867034758995,0.5516562972430055,0.53728821080846,-0.0158562187922786,319,-0.0015634213585312,0.0
Movies,43,2,STRICT_SHUFFLE_9917,G_D_text,0.0146742778082179,2606,10422,0.5175535801302578,2606,0.0674215926358101,0.0261659005204662,-0.0147252497717389,0.5175535801302578,0.5163872785881876,-0.0274168996043363,325,0.0052267170617455,0.0
Movies,43,2,STRICT_SHUFFLE_9917,G_P_text,0.0126363320751789,2606,10422,0.5319116467803773,2606,0.0324527557807363,0.0210653771837257,-0.0095516987177437,0.5319116467803773,0.5285175930470359,0.0178607245980971,326,-0.0158387454273155,-0.0279220779220779
Movies,43,2,STRICT_SHUFFLE_9917,G_D_visual,0.0260816191215371,2606,10422,0.503221371256661,2606,0.0315262638518593,0.0531622127772885,-0.0042190697531945,0.503221371256661,0.4951931517834688,-0.0081777394703873,335,-0.0232589835379439,0.0
Movies,43,2,STRICT_SHUFFLE_9917,G_P_visual,0.0226813210685982,2606,10422,0.5480803992745842,2606,0.07260242789252,0.0608081292900507,-0.0038422494134269,0.5480803992745842,0.5371470919757524,-0.0198374640519866,319,-0.0171725239790376,0.0
Movies,43,2,STRICT_SHUFFLE_9918,G_D_text,0.0146742778082179,2606,10422,0.5167891035978474,2606,0.067040711415156,0.0255856091842087,-0.014419709317242,0.5167891035978474,0.5156138989905704,-0.0276246740359506,325,0.0081041621245615,0.0
Movies,43,2,STRICT_SHUFFLE_9918,G_P_text,0.0126363320751789,2606,10422,0.5324843436346101,2606,0.0343507374138445,0.0238111007897515,-0.0087779832449175,0.5324843436346101,0.5311268399801323,0.0103404754267472,326,-0.0074533667585506,0.0
Movies,43,2,STRICT_SHUFFLE_9918,G_D_visual,0.0260816191215371,2606,10422,0.5047593966053118,2606,0.0327784757457612,0.0528209797828623,-0.004590856699471,0.5047593966053118,0.5008309963414808,-0.0171419916372508,335,-0.0137545128842195,0.0
Movies,43,2,STRICT_SHUFFLE_9918,G_P_visual,0.0226813210685982,2606,10422,0.5489268164242204,2606,0.0739076340223253,0.0603093741094625,-0.0041050112434943,0.5489268164242204,0.5349853408005018,-0.0227589710337559,319,-0.0293828144519402,-0.0285714285714285
Movies,43,2,STRICT_SHUFFLE_9919,G_D_text,0.0146742778082179,2606,10422,0.5151111725752353,2606,0.0662279519051806,0.0306889855017797,-0.0124333725638892,0.5151111725752353,0.5138786915817958,-0.0282231282093374,325,-0.0125211476360757,0.0
Movies,43,2,STRICT_SHUFFLE_9919,G_P_text,0.0126363320751789,2606,10422,0.5303414439855931,2606,0.0300157102748015,0.0195371169871944,-0.0101699140165099,0.5303414439855931,0.522823324788052,0.0060517358104783,326,-0.0254818395676638,-0.0164502164502164
Movies,43,2,STRICT_SHUFFLE_9919,G_D_visual,0.0260816191215371,2606,10422,0.505684109878951,2606,0.0370662977818578,0.0572425927083539,-0.002890763323835,0.505684109878951,0.4976042867785576,-0.0237549659550679,335,-0.0215938882367395,0.0
Movies,43,2,STRICT_SHUFFLE_9919,G_P_visual,0.0226813210685982,2606,10422,0.547776564806679,2606,0.0720057739744731,0.0608570987152881,-0.0039845917221565,0.547776564806679,0.5394600207684319,-0.0176846323709815,319,-0.0246886659321357,-0.0285714285714285
Movies,43,2,RIDGE_TARGET_ONLY,G_D_text,0.0146742778082179,2606,10422,0.5312904162064276,2606,0.0521735285590579,0.0217443693235593,-0.4949492907601116,0.5312904162064276,0.5081451175887175,,325,,
Movies,43,2,RIDGE_TARGET_ONLY,G_P_text,0.0126363320751789,2606,10422,0.5189941510682388,2606,0.0052322978888168,0.0183502095870878,-0.4014814944673039,0.5189941510682388,0.5131905872676291,,326,,
Movies,43,2,RIDGE_TARGET_ONLY,G_D_visual,0.0260816191215371,2606,10422,0.5165757375166674,2606,0.0191372027633672,0.0213313758843002,-0.551901602938393,0.5165757375166674,0.5281405848885599,,335,,
Movies,43,2,RIDGE_TARGET_ONLY,G_P_visual,0.0226813210685982,2606,10422,0.5179064118835666,2606,0.0219733331880298,0.0003385137752817,-0.4606962974860131,0.5179064118835666,0.4950407232857907,,319,,
Movies,43,2,RIDGE_ENDPOINT,G_D_text,0.0146742778082179,2606,10422,0.5306903496114999,2606,0.0479896973770738,-0.0129970362536074,-0.6713756241195152,0.5306903496114999,0.5328591362958381,-0.0119449875270926,325,0.0124911992422873,0.0
Movies,43,2,RIDGE_ENDPOINT,G_P_text,0.0126363320751789,2606,10422,0.5122178274874458,2606,-0.0041789186243509,-0.005625099649782,-0.5341179868660633,0.5122178274874458,0.5170524612707861,-0.0014707830317185,326,0.0106499655775603,-0.0261904761904761
Movies,43,2,RIDGE_ENDPOINT,G_D_visual,0.0260816191215371,2606,10422,0.5088598089598133,2606,0.0084985324658968,-0.0048843047302804,-0.5753344167770658,0.5088598089598133,0.4944546860838659,-0.023899944969267,335,0.0103870469851221,0.0476190476190476
Movies,43,2,RIDGE_ENDPOINT,G_P_visual,0.0226813210685982,2606,10422,0.5129654776591434,2606,0.0132630057524779,0.0009367194842833,-0.4958863078485229,0.5129654776591434,0.5058914893805859,0.0071851814883652,319,0.0242208770453741,0.0357142857142857
Movies,43,2,RIDGE_ENDPOINT_LOCAL,G_D_text,0.0146742778082179,2606,10422,0.5381336088930938,2606,0.0570312982509309,-0.0062958645670852,-0.8723961159421583,0.5381336088930938,0.5367696593034361,-0.0078156461245532,325,0.0267979662015846,0.0714285714285714
Movies,43,2,RIDGE_ENDPOINT_LOCAL,G_P_text,0.0126363320751789,2606,10422,0.5260709637392156,2606,0.019291355994201,0.0333796508547058,-0.7007201129387102,0.5260709637392156,0.522449775605353,-0.0108913889719873,326,-0.0167692881033507,0.0
Movies,43,2,RIDGE_ENDPOINT_LOCAL,G_D_visual,0.0260816191215371,2606,10422,0.5222109129215483,2606,0.025707213336294,0.0234568140930354,-0.7360644575442383,0.5222109129215483,0.5129756430879611,-0.0356035270595075,335,0.0216450038827496,0.0714285714285714
Movies,43,2,RIDGE_ENDPOINT_LOCAL,G_P_visual,0.0226813210685982,2606,10422,0.5344202737764524,2606,0.0448042476031597,-0.011123803456423,-0.7274446231330516,0.5344202737764524,0.5284681358409291,0.0202331194261582,319,0.0500838760801497,0.0857142857142857
Movies,43,2,DirectState,G_D_text,0.0146742778082179,2606,10422,0.5274359825096316,2606,0.0292285018576363,0.0230387390830818,0.0004810128815,0.5274359825096316,0.5002795562474885,0.0460439948357986,325,0.0503752240499331,0.0857142857142857
Movies,43,2,DirectState,G_P_text,0.0126363320751789,2606,10422,0.525491196553449,2606,0.0211284126338607,0.0110565190102663,-0.0019967050838756,0.525491196553449,0.4992738180320557,-0.0100637531242262,326,-0.0028202341284415,0.0
Movies,43,2,DirectState,G_D_visual,0.0260816191215371,2606,10422,0.4991482435786107,2606,0.0110657787541939,0.0082640710439658,-0.0018397232096414,0.4991482435786107,0.4986927081109039,-0.0147787115757668,335,-0.0219925368834375,0.0
Movies,43,2,DirectState,G_P_visual,0.0226813210685982,2606,10422,0.5132051134127977,2606,0.0307380658185799,0.0159873475292884,-0.0028951054576,0.5132051134127977,0.5138799395289531,0.0346234129771214,319,-0.0035989849841414,0.0
Movies,43,2,Frozen_Q_PAIR_text,G_D_text,0.0146742778082179,2606,10422,0.4966325639700074,2606,0.0082518416342866,-0.0069629188706232,-0.0090405449614794,0.4966325639700074,0.4927950460971039,-0.0203967763998175,325,-0.0849708544391404,-0.1428571428571428
Movies,43,2,Frozen_Q_PAIR_text,G_P_text,0.0126363320751789,2606,10422,0.5187891114537604,2606,0.0204883581292959,0.0221094337824506,-0.0026627965386942,0.5187891114537604,0.5191087493585147,-0.0564410004089975,326,-0.0315223689539927,0.0
Movies,43,2,Frozen_Q_PAIR_visual,G_D_visual,0.0260816191215371,2606,10422,0.5290071699384553,2606,0.0621034995940841,0.0543680151021483,0.0028482077556778,0.5290071699384553,0.5181407509691991,0.0690750743657756,335,0.0100307283452214,0.0285714285714285
Movies,43,2,Frozen_Q_PAIR_visual,G_P_visual,0.0226813210685982,2606,10422,0.5106525488664637,2606,0.0224947597409017,0.0359748318045081,0.0005986975427274,0.5106525488664637,0.5072994233949581,0.0153731070914502,319,-0.0439091297912615,-0.0357142857142857
Movies,43,2,Frozen_R_SHARED_text,G_D_text,0.0146742778082179,2606,10422,0.5078747611752759,2606,0.0453412312133491,0.0118353302662088,-0.0031341180803374,0.5078747611752759,0.4974448202856935,0.0262856674837054,325,0.0077758875870598,0.0285714285714285
Movies,43,2,Frozen_R_SHARED_text,G_P_text,0.0126363320751789,2606,10422,0.5439695080168722,2606,0.0382145847812874,0.0156940323375231,-0.0022647140545553,0.5439695080168722,0.5235786718735731,-0.0006634347009822,326,0.0424594105605829,0.0714285714285714
Movies,43,2,Frozen_R_SHARED_visual,G_D_visual,0.0260816191215371,2606,10422,0.5093022952344347,2606,0.0157891147534252,0.0299111086792501,-0.0002170400867143,0.5093022952344347,0.512126852392273,-0.0366141857150795,335,-0.0595851483154313,-0.1071428571428571
Movies,43,2,Frozen_R_SHARED_visual,G_P_visual,0.0226813210685982,2606,10422,0.5096389783824883,2606,0.0326992394876177,0.0344762907407488,0.0003051815044281,0.5096389783824883,0.4983080532405558,0.0007780674955988,319,0.020927070934564,-0.0285714285714285
Movies,43,2,Frozen_U_MODAL_text,G_D_text,0.0146742778082179,2606,10422,0.4869703640700777,2606,-0.0263451631739974,-0.0496380385938854,-0.0106265077220049,0.4869703640700777,0.4934767241230926,-0.0442127240601339,325,0.0254304595135862,0.0
Movies,43,2,Frozen_U_MODAL_text,G_P_text,0.0126363320751789,2606,10422,0.5386732405038083,2606,0.0697347716396404,0.0592493986692348,0.0019099089945179,0.5386732405038083,0.5141265224044076,0.0124690424054966,326,0.0765564030626888,0.0345238095238095
Movies,43,2,Frozen_U_MODAL_visual,G_D_visual,0.0260816191215371,2606,10422,0.5196639476893439,2606,0.0259313720688628,0.0099780218956632,-0.0027981123274929,0.5196639476893439,0.4942844534286161,-0.0113016914401902,335,0.0253825075775976,0.0
Movies,43,2,Frozen_U_MODAL_visual,G_P_visual,0.0226813210685982,2606,10422,0.5104501897856,2606,0.0270298858954911,0.0344082700544687,-0.0004193164414936,0.5104501897856,0.5064979749299583,0.0642360577565219,319,0.0692130700131215,0.0857142857142857
Movies,44,0,SIM_ONLY,G_D_text,0.0122504522777225,2754,11013,0.472794826616088,2754,-0.0324684341805443,-0.0377307795538945,-0.0029882108891192,0.472794826616088,0.4820706743837719,-0.0236758082958471,333,-0.0615802381391139,-0.15
Movies,44,0,SIM_ONLY,G_P_text,0.0107407659233298,2754,11013,0.5443271173594919,2754,0.0679315702432165,0.0436820621487934,0.000393110503586,0.5443271173594919,0.4998715736942842,0.0834288370255643,324,0.0367351119940051,0.0714285714285714
Movies,44,0,SIM_ONLY,G_D_visual,0.0223664721172035,2754,11013,0.5212049745323064,2754,0.054692692893498,0.049489298748817,-0.0007051262352808,0.5212049745323064,0.5,0.0217518977465259,334,0.0218976745586838,0.0
Movies,44,0,SIM_ONLY,G_P_visual,0.0201106181942953,2754,11013,0.5264030427082426,2754,0.04816730984328,0.0393038638742695,0.0005718073302314,0.5264030427082426,0.5073615697080552,0.0516402060017074,332,-0.0112682805649719,-0.0166666666666666
Movies,44,0,TARGET_ONLY,G_D_text,0.0122504522777225,2754,11013,0.5143475286155439,2754,0.0277322121235871,0.0114075415117244,-0.0070684337401256,0.5143475286155439,0.5010812224444133,,333,,
Movies,44,0,TARGET_ONLY,G_P_text,0.0107407659233298,2754,11013,0.5080702879544564,2754,0.029712618371879,-0.0114392470037394,-0.0055069034530081,0.5080702879544564,0.5191123131555477,,324,,
Movies,44,0,TARGET_ONLY,G_D_visual,0.0223664721172035,2754,11013,0.528681820999707,2754,0.0463131699815211,-0.0120466536015173,-0.0079012275586392,0.528681820999707,0.522508163809223,,334,,
Movies,44,0,TARGET_ONLY,G_P_visual,0.0201106181942953,2754,11013,0.5450942664164509,2754,0.0533165238855248,0.0080986061219898,-0.0036781181448652,0.5450942664164509,0.5168270106341704,,332,,
Movies,44,0,ENDPOINT,G_D_text,0.0122504522777225,2754,11013,0.5057822814770984,2754,0.0126289728498713,-0.013030783879193,-0.0162003336740073,0.5057822814770984,0.5077138472023732,-0.0293848496937597,333,-0.0194542727028279,0.0
Movies,44,0,ENDPOINT,G_P_text,0.0107407659233298,2754,11013,0.4985535558791558,2754,0.0007687030288806,-0.0156325412047753,-0.0091052617905078,0.4985535558791558,0.5018807729206674,0.0072482139866332,324,0.0469556707245138,0.0857142857142857
Movies,44,0,ENDPOINT,G_D_visual,0.0223664721172035,2754,11013,0.5308719949684548,2754,0.0397376516307373,0.0186865155091773,-0.0059190785766893,0.5308719949684548,0.504798142100882,0.0465406225452847,334,-0.0011393166136311,-0.0228937728937728
Movies,44,0,ENDPOINT,G_P_visual,0.0201106181942953,2754,11013,0.5390948945952866,2754,0.0576686617655841,0.0078420929893678,-0.0102397230388413,0.5390948945952866,0.5306355955689637,0.0120384954397632,332,-0.0101545101857496,0.0
Movies,44,0,ENDPOINT_LOCAL,G_D_text,0.0122504522777225,2754,11013,0.5006110108756237,2754,0.0136538169613276,-0.0130262385548382,-0.0298987440325115,0.5006110108756237,0.4975979585421328,-0.0511955284243897,333,-0.0576040235697116,-0.0999999999999999
Movies,44,0,ENDPOINT_LOCAL,G_P_text,0.0107407659233298,2754,11013,0.4924376156693805,2754,0.001140461806152,0.0095523589706231,-0.0101194009213676,0.4924376156693805,0.4943632191279774,-0.0017320758817379,324,0.0233544071909338,0.0602397602397602
Movies,44,0,ENDPOINT_LOCAL,G_D_visual,0.0223664721172035,2754,11013,0.5384304397886285,2754,0.0547621313994805,0.0532063623146391,-0.0025962898200524,0.5384304397886285,0.5154279171278652,0.0576962752319659,334,0.029985088093716,0.0569264069264069
Movies,44,0,ENDPOINT_LOCAL,G_P_visual,0.0201106181942953,2754,11013,0.5398542519525013,2754,0.0574485604514153,0.0178602572277104,-0.0106806219399904,0.5398542519525013,0.5264001393606829,0.0256818166221971,332,0.0216115304026546,0.0294372294372294
Movies,44,0,STRICT_SHUFFLE_9917,G_D_text,0.0122504522777225,2754,11013,0.4996066600977935,2754,0.0145041411149681,-0.0109462696939382,-0.0283762870278256,0.4996066600977935,0.5002821269412738,-0.0615907557668724,333,-0.057381766054902,-0.0714285714285714
Movies,44,0,STRICT_SHUFFLE_9917,G_P_text,0.0107407659233298,2754,11013,0.4912213895462569,2754,0.0007881084658702,0.0081244885502058,-0.0102881839361366,0.4912213895462569,0.4924974776229688,-0.0149733880898115,324,0.0137811428678848,0.003030303030303
Movies,44,0,STRICT_SHUFFLE_9917,G_D_visual,0.0223664721172035,2754,11013,0.5343849630131622,2754,0.0458498722229345,0.0445914477989261,-0.0041935204635188,0.5343849630131622,0.5181148343156045,0.0572238806852853,334,0.0422197993512021,0.062987012987013
Movies,44,0,STRICT_SHUFFLE_9917,G_P_visual,0.0201106181942953,2754,11013,0.5435494215739839,2754,0.0654142452997975,0.0183967774613197,-0.0109519053064088,0.5435494215739839,0.5380304218036123,0.025754114625926,332,-0.0068426360837491,0.0
Movies,44,0,STRICT_SHUFFLE_9918,G_D_text,0.0122504522777225,2754,11013,0.4989230041764297,2754,0.0141696900342858,-0.0094752806567449,-0.0276135151802359,0.4989230041764297,0.5010402770549963,-0.0656168291366033,333,-0.0598129083912426,-0.0857142857142857
Movies,44,0,STRICT_SHUFFLE_9918,G_P_text,0.0107407659233298,2754,11013,0.4914223358397999,2754,0.0017680152429276,0.0107300786038712,-0.0094777900563465,0.4914223358397999,0.4896082813079335,-0.0125815247872256,324,0.01227774513612,0.028021978021978
Movies,44,0,STRICT_SHUFFLE_9918,G_D_visual,0.0223664721172035,2754,11013,0.5347442077091368,2754,0.0483309473657339,0.0448390259468069,-0.0046472007364175,0.5347442077091368,0.5135466512089008,0.054781936890311,334,0.0492859827213565,0.0697802197802197
Movies,44,0,STRICT_SHUFFLE_9918,G_P_visual,0.0201106181942953,2754,11013,0.5424477331454076,2754,0.0639184921642136,0.0181726322227077,-0.0112655297241781,0.5424477331454076,0.532922377683287,0.0238510492669138,332,0.0118944281531938,0.0188311688311688
Movies,44,0,STRICT_SHUFFLE_9919,G_D_text,0.0122504522777225,2754,11013,0.4987935639131112,2754,0.0140513428934672,-0.0103880063742811,-0.0278479631593364,0.4987935639131112,0.501614569162046,-0.0656211439775851,333,-0.0632544604430127,-0.0979020979020979
Movies,44,0,STRICT_SHUFFLE_9919,G_P_text,0.0107407659233298,2754,11013,0.4935636532985518,2754,0.0043742344279922,0.010929615050585,-0.0095858702731377,0.4935636532985518,0.4907055746510206,0.0015210776652523,324,0.0299232381112576,0.0233766233766233
Movies,44,0,STRICT_SHUFFLE_9919,G_D_visual,0.0223664721172035,2754,11013,0.5339616053257231,2754,0.0459339728866143,0.0451557957534757,-0.0044870644637602,0.5339616053257231,0.5142762676489554,0.0560300498712003,334,0.0591846137029763,0.0416666666666666
Movies,44,0,STRICT_SHUFFLE_9919,G_P_visual,0.0201106181942953,2754,11013,0.5427480976474967,2754,0.0638612726095198,0.0163636645991662,-0.0114911885892003,0.5427480976474967,0.5358077772762905,0.0243932589925347,332,-0.0010935964640877,0.0
Movies,44,0,RIDGE_TARGET_ONLY,G_D_text,0.0122504522777225,2754,11013,0.4909368040934823,2754,-0.0138606659661507,-0.032251633416205,-0.7431349000831315,0.4909368040934823,0.4917438245107026,,333,,
Movies,44,0,RIDGE_TARGET_ONLY,G_P_text,0.0107407659233298,2754,11013,0.4874619533772953,2754,-0.0275935751464281,-0.054525949946113,-0.582138771919986,0.4874619533772953,0.4971978276703573,,324,,
Movies,44,0,RIDGE_TARGET_ONLY,G_D_visual,0.0223664721172035,2754,11013,0.4960324125612716,2754,-0.0024011459148849,-0.0221663622621251,-0.5851004497469288,0.4960324125612716,0.5047984070305989,,334,,
Movies,44,0,RIDGE_TARGET_ONLY,G_P_visual,0.0201106181942953,2754,11013,0.5232346986985085,2754,0.0314810355687441,0.0306919014457033,-0.539996721040287,0.5232346986985085,0.5231631707722642,,332,,
Movies,44,0,RIDGE_ENDPOINT,G_D_text,0.0122504522777225,2754,11013,0.5133965389258571,2754,0.0231266024566122,0.0001351301765823,-0.7318311798978943,0.5133965389258571,0.5136268897618035,0.0172914387672563,333,-0.0055909070209887,0.0
Movies,44,0,RIDGE_ENDPOINT,G_P_text,0.0107407659233298,2754,11013,0.4861771629020442,2754,-0.0265824167557194,-0.0264319099120347,-0.6439230130081206,0.4861771629020442,0.490079529374287,0.0231736367505936,324,0.0340658749807963,0.0423326673326673
Movies,44,0,RIDGE_ENDPOINT,G_D_visual,0.0223664721172035,2754,11013,0.4892907460579783,2754,-0.0033026809386053,-0.0155384252571957,-0.6725921888957134,0.4892907460579783,0.4971125310166466,-0.0153076593553441,334,-0.0299680749257601,0.0
Movies,44,0,RIDGE_ENDPOINT,G_P_visual,0.0201106181942953,2754,11013,0.5140941687583966,2754,0.0164179553703901,0.0191980431792316,-0.7144979908980458,0.5140941687583966,0.5061366209785337,-0.0070960582093434,332,0.006138679369917,0.0
Movies,44,0,RIDGE_ENDPOINT_LOCAL,G_D_text,0.0122504522777225,2754,11013,0.5010643159610411,2754,0.0109327111319127,-0.0100489380473892,-1.070776171135885,0.5010643159610411,0.5051953095075195,-0.0176955390702718,333,0.0175436518141528,0.0
Movies,44,0,RIDGE_ENDPOINT_LOCAL,G_P_text,0.0107407659233298,2754,11013,0.49492333714305,2754,-0.0082287388820484,-0.0094641685341229,-0.8652330743216647,0.49492333714305,0.5029023817673675,0.0416794370017282,324,0.0250163623779689,0.0
Movies,44,0,RIDGE_ENDPOINT_LOCAL,G_D_visual,0.0223664721172035,2754,11013,0.4803763909472456,2754,-0.0190419225616181,-0.0401250407698603,-0.973791886842146,0.4803763909472456,0.4803724170014937,0.03584528661454,334,0.0127546802640886,0.0
Movies,44,0,RIDGE_ENDPOINT_LOCAL,G_P_visual,0.0201106181942953,2754,11013,0.5067201938380408,2754,0.0159892324034123,0.0127982544852337,-1.076279878432666,0.5067201938380408,0.5104512593929892,0.0004446004624416,332,0.031134753878049,0.0894105894105894
Movies,44,0,DirectState,G_D_text,0.0122504522777225,2754,11013,0.5230575375178641,2754,0.0390586940140216,-0.0111967516454126,-0.0063959055605447,0.5230575375178641,0.514125366857481,-0.0022016595470908,333,0.0409091892514125,0.0
Movies,44,0,DirectState,G_P_text,0.0107407659233298,2754,11013,0.5115122184312582,2754,0.0171458597601091,-0.0153654814617655,-0.0013300858295419,0.5115122184312582,0.5087137380282686,0.0420622253148009,324,0.0576980485103131,0.069047619047619
Movies,44,0,DirectState,G_D_visual,0.0223664721172035,2754,11013,0.5475943586925824,2754,0.0493777591808591,-0.0141319989035146,-0.005166700901128,0.5475943586925824,0.55029134320956,-0.0157822805145524,334,-0.0635740215303997,-0.093073593073593
Movies,44,0,DirectState,G_P_visual,0.0201106181942953,2754,11013,0.5368822798140802,2754,0.053162344485633,0.0094871192730283,-0.0014499601279616,0.5368822798140802,0.5115669366779897,-0.0013723282346718,332,-0.0185721935008555,-0.0792207792207792
Movies,44,0,Frozen_Q_PAIR_text,G_D_text,0.0122504522777225,2754,11013,0.5178793986575195,2754,0.0352346161913184,-8.748640282671538e-05,-0.0066986862745264,0.5178793986575195,0.5024466851405219,-0.0044916197464477,333,0.02527615701699,0.0489510489510489
Movies,44,0,Frozen_Q_PAIR_text,G_P_text,0.0107407659233298,2754,11013,0.5270457361147957,2754,0.0485392654109227,-0.0034636518290207,-0.0038140191247979,0.5270457361147957,0.5110741977047819,0.055209524790965,324,0.0606687019559199,0.0954545454545454
Movies,44,0,Frozen_Q_PAIR_visual,G_D_visual,0.0223664721172035,2754,11013,0.5437984457103375,2754,0.0706347826729059,0.0464807687467412,0.0006073271709068,0.5437984457103375,0.525409144208133,0.012027299859918,334,0.0105156493580883,0.0
Movies,44,0,Frozen_Q_PAIR_visual,G_P_visual,0.0201106181942953,2754,11013,0.5050784827633534,2754,0.0168833471907421,0.0202965619779883,-0.0017281099565007,0.5050784827633534,0.4936575052854122,0.0038220329550366,332,-0.0214355691525205,-0.0174242424242424
Movies,44,0,Frozen_R_SHARED_text,G_D_text,0.0122504522777225,2754,11013,0.5060749749704797,2754,-0.000491813617227,-0.0356513385387197,-0.0074175441279888,0.5060749749704797,0.5042535655509268,-0.0491402205637415,333,0.0087556721681888,0.0666666666666666
Movies,44,0,Frozen_R_SHARED_text,G_P_text,0.0107407659233298,2754,11013,0.5279165033868152,2754,0.0486912046741776,0.0516486047948375,0.0021827010587196,0.5279165033868152,0.521702727120735,0.0022662393404254,324,0.0192982552831545,0.0
Movies,44,0,Frozen_R_SHARED_visual,G_D_visual,0.0223664721172035,2754,11013,0.5324626329880946,2754,0.0302897192633088,-0.0096493394200678,-0.0057164521415031,0.5324626329880946,0.5072482121218063,0.0423137962298485,334,-0.0064626074567492,-0.0233766233766233
Movies,44,0,Frozen_R_SHARED_visual,G_P_visual,0.0201106181942953,2754,11013,0.5411480892013947,2754,0.0550961745856196,0.0414944103987242,0.0016061735683183,0.5411480892013947,0.5234719813763451,0.0135274948050987,332,-0.0373722485876986,-0.0714285714285714
Movies,44,0,Frozen_U_MODAL_text,G_D_text,0.0122504522777225,2754,11013,0.5191627064109914,2754,0.0243200328099761,-0.0155421592626991,-0.0045139156167346,0.5191627064109914,0.5097761740099801,-0.0345415425543969,333,-0.0224373395618336,-0.0666666666666666
Movies,44,0,Frozen_U_MODAL_text,G_P_text,0.0107407659233298,2754,11013,0.5005013108976708,2754,0.0131741436630793,0.0177829839022223,-0.0011383800090465,0.5005013108976708,0.5108086426948111,0.0099694903331305,324,0.0421277259740903,0.0
Movies,44,0,Frozen_U_MODAL_visual,G_D_visual,0.0223664721172035,2754,11013,0.5161032229759767,2754,0.0110933451530663,-0.0088166936541261,-0.0035091367514696,0.5161032229759767,0.5074945967584259,-0.0288248239184172,334,-0.0702186676464127,-0.0477272727272727
Movies,44,0,Frozen_U_MODAL_visual,G_P_visual,0.0201106181942953,2754,11013,0.536055617581617,2754,0.0392626995677156,0.0206087782556156,-0.0003915621095993,0.536055617581617,0.5340800215375601,0.0046448836526901,332,0.0638621486282253,0.0999999999999999
Movies,44,1,SIM_ONLY,G_D_text,0.0128470596041293,2754,11013,0.4993392233626071,2754,-0.0333590698148785,-0.0550014692849232,-0.0053053904228406,0.4993392233626071,0.4952682255845942,-0.0142961419708197,338,-0.030794819883272,-0.0928571428571428
Movies,44,1,SIM_ONLY,G_P_text,0.0111732851576141,2754,11013,0.5079051268744251,2754,0.0363628327226904,0.0380569104489655,0.0007602748076299,0.5079051268744251,0.5076801853117643,0.0638531643607158,337,0.0606766441555183,0.0952380952380952
Movies,44,1,SIM_ONLY,G_D_visual,0.0226672860059719,2754,11013,0.4912321950144697,2754,-0.0030839486862286,-0.008422417238354,-0.0003666872801788,0.4912321950144697,0.5,0.0051301626023091,340,0.0102081811005954,0.0848151848151848
Movies,44,1,SIM_ONLY,G_P_visual,0.0204218419772323,2754,11013,0.5373282201515165,2754,0.0730313569422489,0.0546977092669825,-0.0004543102742637,0.5373282201515165,0.5291038195126534,0.0315243189898721,334,0.0245067964655609,0.0552780552780552
Movies,44,1,TARGET_ONLY,G_D_text,0.0128470596041293,2754,11013,0.5289683631361761,2754,0.0393988088049829,0.0185767672518391,-0.0042082033089785,0.5289683631361761,0.5137805523225055,,338,,
Movies,44,1,TARGET_ONLY,G_P_text,0.0111732851576141,2754,11013,0.5106323785051855,2754,0.0183135784468444,0.0261552613078836,-0.0005116662658759,0.5106323785051855,0.5018796992481203,,337,,
Movies,44,1,TARGET_ONLY,G_D_visual,0.0226672860059719,2754,11013,0.4986855010116698,2754,0.0020316072125852,-0.0035259333845444,-0.0053591412363755,0.4986855010116698,0.4899558519657027,,340,,
Movies,44,1,TARGET_ONLY,G_P_visual,0.0204218419772323,2754,11013,0.5145964828369618,2754,0.0703210013940859,0.0543007996305018,0.0001325644754196,0.5145964828369618,0.5179819017278341,,334,,
Movies,44,1,ENDPOINT,G_D_text,0.0128470596041293,2754,11013,0.5036451169188446,2754,-0.0093513481241326,-0.0148598711489984,-0.0144453484364044,0.5036451169188446,0.4945376150671886,-0.0046520452900997,338,-0.0083271572237735,-0.0119047619047619
Movies,44,1,ENDPOINT,G_P_text,0.0111732851576141,2754,11013,0.4894986835776309,2754,-0.0031891096108519,0.0091186660310283,-0.0053357043342396,0.4894986835776309,0.4927802460697197,0.03058753872303,337,0.0253187683922294,-0.0238095238095238
Movies,44,1,ENDPOINT,G_D_visual,0.0226672860059719,2754,11013,0.4839704748264845,2754,-0.0121374442069538,-0.0053462904295227,-0.0099227000759278,0.4839704748264845,0.4776048818106336,-0.0312909460870465,340,0.0314964572718552,0.0302631578947368
Movies,44,1,ENDPOINT,G_P_visual,0.0204218419772323,2754,11013,0.5253612821673513,2754,0.0777299490011407,0.0579387324831811,0.0019481174586759,0.5253612821673513,0.5210011274053449,-0.0186427282686214,334,0.0152169097906629,-0.0541791541791541
Movies,44,1,ENDPOINT_LOCAL,G_D_text,0.0128470596041293,2754,11013,0.4933118188551476,2754,-0.014579617397425,-0.0300273516093937,-0.0270443683496532,0.4933118188551476,0.4960284625965506,-0.0113984287746215,338,-0.0098926049437351,0.0
Movies,44,1,ENDPOINT_LOCAL,G_P_text,0.0111732851576141,2754,11013,0.4762031340978709,2754,-0.0189331643911699,0.034613133724862,-0.0077899946818673,0.4762031340978709,0.4809988987620566,0.0118235175656878,337,-0.036851706871428,-0.0357142857142857
Movies,44,1,ENDPOINT_LOCAL,G_D_visual,0.0226672860059719,2754,11013,0.5092098227361033,2754,0.0394369458502287,0.0070632329943053,-0.0193768934791858,0.5092098227361033,0.5002200684119874,0.0061276631776559,340,0.000689416589386,0.0
Movies,44,1,ENDPOINT_LOCAL,G_P_visual,0.0204218419772323,2754,11013,0.5090523389390432,2754,0.0558956608269114,0.0338646443486719,-0.009198570920696,0.5090523389390432,0.5104434461023377,0.0085034253002709,334,0.0464091581896832,0.0651515151515151
Movies,44,1,STRICT_SHUFFLE_9917,G_D_text,0.0128470596041293,2754,11013,0.4953735054491588,2754,-0.0059609408558601,-0.0229279767047602,-0.0244833388852869,0.4953735054491588,0.4960512115120093,-0.0089745673313093,338,-0.0101162452081028,-0.0119047619047619
Movies,44,1,STRICT_SHUFFLE_9917,G_P_text,0.0111732851576141,2754,11013,0.4766920457709931,2754,-0.0167792559649594,0.0351468132436024,-0.0067750313909327,0.4766920457709931,0.4752553732816891,0.0165629305921783,337,0.0058404048167159,0.0
Movies,44,1,STRICT_SHUFFLE_9917,G_D_visual,0.0226672860059719,2754,11013,0.506636715149789,2754,0.034072711545172,0.0051465970318775,-0.0181082484032251,0.506636715149789,0.5091356604873749,-0.0292154700055265,340,-0.0309660749370009,-0.0857142857142857
Movies,44,1,STRICT_SHUFFLE_9917,G_P_visual,0.0204218419772323,2754,11013,0.5123518145247389,2754,0.0582408864251964,0.0212532014173713,-0.0123922342928479,0.5123518145247389,0.5155792258483298,-0.0026398913890933,334,0.0182547666514093,0.0
Movies,44,1,STRICT_SHUFFLE_9918,G_D_text,0.0128470596041293,2754,11013,0.4895503121362818,2754,-0.0154545829747023,-0.0279573605179845,-0.0252486623078156,0.4895503121362818,0.4914945508411807,-0.0194038305481229,338,-0.0251099123814955,0.0
Movies,44,1,STRICT_SHUFFLE_9918,G_P_text,0.0111732851576141,2754,11013,0.47754329004329,2754,-0.0132666702205958,0.036690479330625,-0.0064570582898086,0.47754329004329,0.4784641528062581,0.0372436186499111,337,-0.0079934253593162,0.0
Movies,44,1,STRICT_SHUFFLE_9918,G_D_visual,0.0226672860059719,2754,11013,0.5019671805178997,2754,0.025596568551129,-0.0018880724703364,-0.0203512995791701,0.5019671805178997,0.5104654755922904,-0.0473165725433091,340,-0.0167377841682546,-0.0857142857142857
Movies,44,1,STRICT_SHUFFLE_9918,G_P_visual,0.0204218419772323,2754,11013,0.5114459400596159,2754,0.0582603401201598,0.0193671675437764,-0.013042575557165,0.5114459400596159,0.5107562583808067,-0.0143013206568131,334,0.0045616204793541,-0.0263736263736263
Movies,44,1,STRICT_SHUFFLE_9919,G_D_text,0.0128470596041293,2754,11013,0.495818431911967,2754,-0.0081506839627967,-0.0283107795247754,-0.0258482121801513,0.495818431911967,0.4948793778436144,-0.0060320386718869,338,-0.0352588105219324,-0.0083333333333333
Movies,44,1,STRICT_SHUFFLE_9919,G_P_text,0.0111732851576141,2754,11013,0.4804899454022261,2754,-0.0106708216094497,0.0359596797106929,-0.0064451861741874,0.4804899454022261,0.4827884104199894,0.0207179780568111,337,0.0279346990956197,0.0249999999999999
Movies,44,1,STRICT_SHUFFLE_9919,G_D_visual,0.0226672860059719,2754,11013,0.5027802782159142,2754,0.0270613846154808,-0.0041487603379645,-0.0212534237768962,0.5027802782159142,0.5083464774275372,-0.0474169937357071,340,-0.043745304409515,-0.0695204559034263
Movies,44,1,STRICT_SHUFFLE_9919,G_P_visual,0.0204218419772323,2754,11013,0.5109868640195416,2754,0.0589876343905291,0.0172616981310185,-0.0138519459586197,0.5109868640195416,0.5102678228265418,-0.0052824554406802,334,0.0207415856902513,0.0
Movies,44,1,RIDGE_TARGET_ONLY,G_D_text,0.0128470596041293,2754,11013,0.4955920008464713,2754,-0.0144051307589306,0.0065869700509737,-0.5847986611289218,0.4955920008464713,0.4877007724050365,,338,,
Movies,44,1,RIDGE_TARGET_ONLY,G_P_text,0.0111732851576141,2754,11013,0.4962936064909749,2754,-0.0153413346235141,-0.0499632590096224,-0.7723578032728686,0.4962936064909749,0.5007167540062276,,337,,
Movies,44,1,RIDGE_TARGET_ONLY,G_D_visual,0.0226672860059719,2754,11013,0.5167155259742529,2754,0.0182035533225001,-0.0081148876146956,-0.7382840780856559,0.5167155259742529,0.5091082526998014,,340,,
Movies,44,1,RIDGE_TARGET_ONLY,G_P_visual,0.0204218419772323,2754,11013,0.5139836697043978,2754,0.0338493431610724,0.0352647664830021,-0.513779877334454,0.5139836697043978,0.5001094309165293,,334,,
Movies,44,1,RIDGE_ENDPOINT,G_D_text,0.0128470596041293,2754,11013,0.4968262617712411,2754,0.0110258403407672,0.0026683240011391,-0.6651083651158614,0.4968262617712411,0.5115194159348218,-0.0177288354636544,338,-0.0376085880489161,-0.0174242424242424
Movies,44,1,RIDGE_ENDPOINT,G_P_text,0.0111732851576141,2754,11013,0.5111360577369349,2754,0.0311806507590344,0.0258893038143236,-0.7313385743356768,0.5111360577369349,0.511164274322169,0.058193775780662,337,0.0463159256914634,0.0238095238095238
Movies,44,1,RIDGE_ENDPOINT,G_D_visual,0.0226672860059719,2754,11013,0.5027910263679038,2754,0.0073277786609395,0.006244324993475,-0.8241044228213334,0.5027910263679038,0.5013067065781377,0.0008732422761028,340,0.0131961271812679,0.0848151848151848
Movies,44,1,RIDGE_ENDPOINT,G_P_visual,0.0204218419772323,2754,11013,0.504153570543973,2754,0.0357524532517159,0.0177505443275845,-0.5785283257808125,0.504153570543973,0.5021293654928555,0.0077505731173558,334,0.0054402763013473,0.0
Movies,44,1,RIDGE_ENDPOINT_LOCAL,G_D_text,0.0128470596041293,2754,11013,0.4985065072479102,2754,0.0107885405368451,0.0047200077091497,-0.9381789411732984,0.4985065072479102,0.4932075970796741,0.0077656382831867,338,0.0101895038996899,0.0
Movies,44,1,RIDGE_ENDPOINT_LOCAL,G_P_text,0.0111732851576141,2754,11013,0.5181071365281892,2754,0.0218162864886214,-0.0230509225041606,-1.1441390468561692,0.5181071365281892,0.5078700539226855,0.0649909708852048,337,0.0020883764160831,-0.0285714285714285
Movies,44,1,RIDGE_ENDPOINT_LOCAL,G_D_visual,0.0226672860059719,2754,11013,0.4985989783881533,2754,0.0025793949563203,-0.0131366384932606,-1.347599528405349,0.4985989783881533,0.4973363392331731,0.0116583476095506,340,0.0029172691442499,0.0
Movies,44,1,RIDGE_ENDPOINT_LOCAL,G_P_visual,0.0204218419772323,2754,11013,0.5077359650845981,2754,0.0299758772516405,0.0348153841088703,-0.819527551183846,0.5077359650845981,0.4979282859168282,0.0577037760280208,334,0.0589590535569225,0.0989010989010989
Movies,44,1,DirectState,G_D_text,0.0128470596041293,2754,11013,0.5400481430536452,2754,0.0353395384378233,-0.0071830089228119,-0.0046046628571099,0.5400481430536452,0.4977785419532324,-0.0390187939468789,338,-0.0705866516841358,-0.0999999999999999
Movies,44,1,DirectState,G_P_text,0.0111732851576141,2754,11013,0.5232399179767601,2754,0.033493927868829,0.0122504506446241,-0.000828298921057,0.5232399179767601,0.5203586618060303,-0.0141207514062841,337,-0.0220872079878063,-0.0166666666666666
Movies,44,1,DirectState,G_D_visual,0.0226672860059719,2754,11013,0.523641903820162,2754,0.0297218480280141,0.0041522428130717,-0.0005400843379916,0.523641903820162,0.50168745986237,0.005695338217208,340,-0.0015168300765888,0.0
Movies,44,1,DirectState,G_P_visual,0.0204218419772323,2754,11013,0.5238356550481282,2754,0.0539883507595465,0.0578039695374495,0.0009521950633244,0.5238356550481282,0.521432979168624,0.0148245464673295,334,0.0163891851112627,0.0
Movies,44,1,Frozen_Q_PAIR_text,G_D_text,0.0128470596041293,2754,11013,0.536766479737594,2754,0.053888160303943,0.0173574991861675,-0.0059729873869849,0.536766479737594,0.5334022854724367,0.0112769101712775,338,-0.0685153684529995,-0.0999999999999999
Movies,44,1,Frozen_Q_PAIR_text,G_P_text,0.0111732851576141,2754,11013,0.5171414436765314,2754,0.0388121183446107,0.0439064537146414,-0.0007615832147662,0.5171414436765314,0.5062941444520392,0.0313869978606841,337,-0.0081304046021258,0.0
Movies,44,1,Frozen_Q_PAIR_visual,G_D_visual,0.0226672860059719,2754,11013,0.5307776019260688,2754,0.0457055420008735,0.0271775610304293,-0.001179902111914,0.5307776019260688,0.512721512694911,0.0021221248144842,340,-0.0721765588582281,-0.0857142857142857
Movies,44,1,Frozen_Q_PAIR_visual,G_P_visual,0.0204218419772323,2754,11013,0.4943378842359693,2754,0.0143291248144627,0.0187961447861679,-0.0020608219298761,0.4943378842359693,0.4979448340066448,-0.0349436137510982,334,0.0001541900481117,0.0
Movies,44,1,Frozen_R_SHARED_text,G_D_text,0.0128470596041293,2754,11013,0.4887683842979579,2754,-0.0305849547440059,-0.0467309506689319,-0.0142059335988113,0.4887683842979579,0.5041307798116601,-0.0351960286935471,338,-0.0808006975287036,-0.1353479853479853
Movies,44,1,Frozen_R_SHARED_text,G_P_text,0.0111732851576141,2754,11013,0.5382632718159033,2754,0.0596108206692931,0.052293953699292,0.0024549114421112,0.5382632718159033,0.5268521682995367,-0.0113108965449034,337,-0.0531298137680089,-0.0857142857142857
Movies,44,1,Frozen_R_SHARED_visual,G_D_visual,0.0226672860059719,2754,11013,0.496621049718264,2754,-0.0082764237735621,-0.024607013369332,-0.0056679395995622,0.496621049718264,0.5026644668782262,-0.0231468792339713,340,-0.0021093012101394,0.0
Movies,44,1,Frozen_R_SHARED_visual,G_P_visual,0.0204218419772323,2754,11013,0.5316853215240471,2754,0.0637198536962413,0.0466906395602649,0.0011324836452955,0.5316853215240471,0.5180897312163166,0.0257672941158745,334,0.0163968389927662,0.0
Movies,44,1,Frozen_U_MODAL_text,G_D_text,0.0128470596041293,2754,11013,0.5310570310020104,2754,0.0512978464108371,0.0231258175024746,-0.0040551374472208,0.5310570310020104,0.5123156279758756,-0.0147482049902044,338,-0.0231223296418124,-0.0428571428571428
Movies,44,1,Frozen_U_MODAL_text,G_P_text,0.0111732851576141,2754,11013,0.5167205682556559,2754,0.0224866068014814,0.0303309618061051,-0.0010226763937357,0.5167205682556559,0.5186925647451963,0.0190459259814873,337,0.0212122133277342,0.0
Movies,44,1,Frozen_U_MODAL_visual,G_D_visual,0.0226672860059719,2754,11013,0.5451763637389596,2754,0.0608019278523235,0.0370357417381602,0.0007769461754646,0.5451763637389596,0.519545514393119,-0.0181574769460738,340,-0.0665286766787091,-0.0567765567765567
Movies,44,1,Frozen_U_MODAL_visual,G_P_visual,0.0204218419772323,2754,11013,0.5106019874789679,2754,0.0169075606438477,-0.0150322520966347,-0.0034051436464261,0.5106019874789679,0.512448434016894,-0.0026704617818347,334,-0.0259010524862566,0.0
Movies,44,2,SIM_ONLY,G_D_text,0.012937658207519,2754,11013,0.5178432282224537,2754,-0.0054350663457777,-0.0491770654089227,-0.0019242901056444,0.5178432282224537,0.5143113481979291,-0.02038686076135,342,-0.0234474191525954,-0.117099567099567
Movies,44,2,SIM_ONLY,G_P_text,0.0112507285250266,2754,11013,0.5210078271693496,2754,0.0423830622575082,0.0287248476419156,0.0005830462158518,0.5210078271693496,0.5086610477014283,-0.0079312763551523,338,-0.0170877492388853,0.0
Movies,44,2,SIM_ONLY,G_D_visual,0.0236757950593462,2754,11013,0.4866985284386593,2754,-0.0277258065768722,-0.024450479427829,-0.0004662680780114,0.4866985284386593,0.5,-0.0366113354340504,343,0.0129712268401261,0.0
Movies,44,2,SIM_ONLY,G_P_visual,0.0203247794573762,2754,11013,0.5589912790083832,2754,0.109300539247657,0.0792461738283382,0.0029078610378934,0.5589912790083832,0.5256720231433579,0.0761285040409038,337,0.0484653309114408,0.0999999999999999
Movies,44,2,TARGET_ONLY,G_D_text,0.012937658207519,2754,11013,0.5510026434216255,2754,0.0728172504008454,0.049916527582994,0.0021769221160417,0.5510026434216255,0.534285130872382,,342,,
Movies,44,2,TARGET_ONLY,G_P_text,0.0112507285250266,2754,11013,0.5154314964450726,2754,0.0174015844355266,0.0355128385490091,0.0002078566170725,0.5154314964450726,0.5083277073355978,,338,,
Movies,44,2,TARGET_ONLY,G_D_visual,0.0236757950593462,2754,11013,0.4913030276510089,2754,-0.0275217344104619,-0.0041476188960662,-0.0082912139281583,0.4913030276510089,0.4955681328204712,,343,,
Movies,44,2,TARGET_ONLY,G_P_visual,0.0203247794573762,2754,11013,0.5157925438689106,2754,-0.0027410240803869,0.016018009353526,-0.0030256380189077,0.5157925438689106,0.5001889900120362,,337,,
Movies,44,2,ENDPOINT,G_D_text,0.012937658207519,2754,11013,0.505715334649137,2754,0.0074257865035446,0.0115049757601089,-0.0077119894793675,0.505715334649137,0.5035667941384493,-0.0151843962980591,342,0.0294626879195233,0.0
Movies,44,2,ENDPOINT,G_P_text,0.0112507285250266,2754,11013,0.5279763286145277,2754,0.0578892284076117,0.0314087987101865,-0.0064955237643036,0.5279763286145277,0.5138568324226249,0.024199593459775,338,0.032780813555603,0.072077922077922
Movies,44,2,ENDPOINT,G_D_visual,0.0236757950593462,2754,11013,0.4899307764225733,2754,-0.0090971425400783,0.0084363520483246,-0.009230298152737,0.4899307764225733,0.4912936889784453,0.0417151846339643,343,0.0694148447026352,0.0999999999999999
Movies,44,2,ENDPOINT,G_P_visual,0.0203247794573762,2754,11013,0.5392286251240577,2754,0.0708616815765105,0.0621837417964885,0.0003396313355805,0.5392286251240577,0.5180564647253838,0.021168427462421,337,0.0024268490249793,0.0
Movies,44,2,ENDPOINT_LOCAL,G_D_text,0.012937658207519,2754,11013,0.5145335289229049,2754,0.0270843708560096,0.0268474124130217,-0.0078782852093368,0.5145335289229049,0.5083632527892938,-0.0260633088812899,342,0.0625408692549284,0.027766106442577
Movies,44,2,ENDPOINT_LOCAL,G_P_text,0.0112507285250266,2754,11013,0.5394396506255407,2754,0.0779140144067379,0.0418680258008685,-0.0073923161797493,0.5394396506255407,0.5321715648009452,0.0385614791169921,338,0.0372630085151552,0.0857142857142857
Movies,44,2,ENDPOINT_LOCAL,G_D_visual,0.0236757950593462,2754,11013,0.4894478336414206,2754,0.0004196424318171,0.0128334345131738,-0.0121169402314076,0.4894478336414206,0.4892797375352735,0.0440607905074613,343,0.0629241969310803,0.0999999999999999
Movies,44,2,ENDPOINT_LOCAL,G_P_visual,0.0203247794573762,2754,11013,0.526606415102308,2754,0.0481692215901308,0.0577668585936357,-0.0028785677170819,0.526606415102308,0.5140253816753595,0.0011936855503074,337,0.0094940298543187,0.0238095238095238
Movies,44,2,STRICT_SHUFFLE_9917,G_D_text,0.012937658207519,2754,11013,0.5231155239259546,2754,0.0430127232825077,0.0414079676430467,-0.0041312638130242,0.5231155239259546,0.5086092385919455,-0.0299941661563823,342,0.0049386770478095,0.0
Movies,44,2,STRICT_SHUFFLE_9917,G_P_text,0.0112507285250266,2754,11013,0.5357059220658664,2754,0.0674099420792272,0.0398430303109931,-0.0077906839649768,0.5357059220658664,0.5317090022996266,0.0333942285705813,338,0.0503808574409804,0.1071428571428571
Movies,44,2,STRICT_SHUFFLE_9917,G_D_visual,0.0236757950593462,2754,11013,0.4809501752468611,2754,-0.0283402128419245,-0.0038384980999225,-0.015500676770239,0.4809501752468611,0.4826882356205788,0.0010536841313237,343,0.0669146138830807,0.0999999999999999
Movies,44,2,STRICT_SHUFFLE_9917,G_P_visual,0.0203247794573762,2754,11013,0.5200941782629811,2754,0.0399759336100244,0.0643049658014562,-0.0012758028239114,0.5200941782629811,0.5063016027197669,0.0144787374173356,337,0.0075199525240375,0.0285714285714285
Movies,44,2,STRICT_SHUFFLE_9918,G_D_text,0.012937658207519,2754,11013,0.5212656048896688,2754,0.0406586351753184,0.0368950980110082,-0.0051722112288863,0.5212656048896688,0.5069738297556066,-0.0419396781136382,342,-0.0119256985246693,0.0
Movies,44,2,STRICT_SHUFFLE_9918,G_P_text,0.0112507285250266,2754,11013,0.5340001898774236,2754,0.0646235604919785,0.0364751389777778,-0.0082152801291408,0.5340001898774236,0.5277178843435516,0.0198785047076969,338,0.0560677858940895,0.110500515995872
Movies,44,2,STRICT_SHUFFLE_9918,G_D_visual,0.0236757950593462,2754,11013,0.4761751785554193,2754,-0.0336519663472868,-0.0085079079874042,-0.0166767565267635,0.4761751785554193,0.4826882356205788,-0.0081687661626305,343,0.0334299805173671,0.0857142857142857
Movies,44,2,STRICT_SHUFFLE_9918,G_P_visual,0.0203247794573762,2754,11013,0.5169795383998141,2754,0.0377916919051445,0.0631094059440315,-0.0013665330171535,0.5169795383998141,0.5064378022256477,0.0122822970106312,337,-0.0030760534142422,0.0357142857142857
Movies,44,2,STRICT_SHUFFLE_9919,G_D_text,0.012937658207519,2754,11013,0.5240619080140059,2754,0.0453876651393915,0.0401776177208937,-0.0044621255948236,0.5240619080140059,0.5071973329848976,-0.0181663322989267,342,-0.0066317693018802,0.003030303030303
Movies,44,2,STRICT_SHUFFLE_9919,G_P_text,0.0112507285250266,2754,11013,0.5361916918078441,2754,0.071335992088946,0.0395091488782923,-0.0079055505279237,0.5361916918078441,0.5273238886896348,0.0356681901882616,338,0.0499619153935371,0.1035714285714285
Movies,44,2,STRICT_SHUFFLE_9919,G_D_visual,0.0236757950593462,2754,11013,0.48287660998715,2754,-0.0230585096709197,0.002238809173096,-0.014735053669538,0.48287660998715,0.482608723494179,0.0119403236993275,343,0.0382739218044571,0.0
Movies,44,2,STRICT_SHUFFLE_9919,G_P_visual,0.0203247794573762,2754,11013,0.5237683974913951,2754,0.0512476527687891,0.0733758367309749,0.0009547938837374,0.5237683974913951,0.5088571911227484,0.0282944202254829,337,0.0096151313415078,0.0
Movies,44,2,RIDGE_TARGET_ONLY,G_D_text,0.012937658207519,2754,11013,0.5055486991054051,2754,0.034841537363369,0.021581618465836,-0.6273530443841635,0.5055486991054051,0.4949340149696908,,342,,
Movies,44,2,RIDGE_TARGET_ONLY,G_P_text,0.0112507285250266,2754,11013,0.4803463680668368,2754,-0.0546695072016144,-0.0530073820000901,-0.6738428611715361,0.4803463680668368,0.4808255448427182,,338,,
Movies,44,2,RIDGE_TARGET_ONLY,G_D_visual,0.0236757950593462,2754,11013,0.4906557242327347,2754,-0.003923591969142,-0.0280912518226556,-0.8155386959811683,0.4906557242327347,0.4908518363565729,,343,,
Movies,44,2,RIDGE_TARGET_ONLY,G_P_visual,0.0203247794573762,2754,11013,0.4769366197183098,2754,-0.0358437906527876,-0.0174759145437049,-0.7734968857515896,0.4769366197183098,0.47933885170091,,337,,
Movies,44,2,RIDGE_ENDPOINT,G_D_text,0.012937658207519,2754,11013,0.5300830056608474,2754,0.0623652063718234,0.0457529108460878,-0.6616085134246146,0.5300830056608474,0.5279548317166158,0.018045182425766,342,0.0010730734636488,0.0
Movies,44,2,RIDGE_ENDPOINT,G_P_text,0.0112507285250266,2754,11013,0.4783049220447689,2754,-0.023666835157781,-0.0198990471930533,-0.7052259669861682,0.4783049220447689,0.495056330302327,0.0315143310540893,338,0.0400389476699483,0.0321428571428571
Movies,44,2,RIDGE_ENDPOINT,G_D_visual,0.0236757950593462,2754,11013,0.4945056587019352,2754,0.0124094914447274,0.0261583144276035,-0.763692489251613,0.4945056587019352,0.5006019441515362,0.0330639351446897,343,0.0001032302112766,-0.0219780219780219
Movies,44,2,RIDGE_ENDPOINT,G_P_visual,0.0203247794573762,2754,11013,0.5033463901851891,2754,-0.0035396659229494,-0.0063429120276608,-0.823220455099466,0.5033463901851891,0.5016238359693392,0.0241707670256283,337,0.04405064191884,0.0357142857142857
Movies,44,2,RIDGE_ENDPOINT_LOCAL,G_D_text,0.012937658207519,2754,11013,0.5126968349297725,2754,0.0372651299206034,-0.0102922104765073,-1.1457672892592383,0.5126968349297725,0.5120144227030613,0.0045167198927118,342,-0.0091734718164365,0.0
Movies,44,2,RIDGE_ENDPOINT_LOCAL,G_P_text,0.0112507285250266,2754,11013,0.491974514230258,2754,-0.0137639467495867,-0.0271669969349095,-0.9808615436471456,0.491974514230258,0.4935694845882824,0.0266624613094103,338,0.0025004816689744,0.0285714285714285
Movies,44,2,RIDGE_ENDPOINT_LOCAL,G_D_visual,0.0236757950593462,2754,11013,0.474372547931404,2754,-0.0212702114410267,-0.0383690732524806,-1.3879526382626883,0.474372547931404,0.4747050046746726,0.0144744112164418,343,4.157004900188678e-05,-0.0238095238095238
Movies,44,2,RIDGE_ENDPOINT_LOCAL,G_P_visual,0.0203247794573762,2754,11013,0.495441011888422,2754,-0.0049964119962807,-0.0126407890188,-1.1603309225287526,0.495441011888422,0.4922197352028211,0.0381550365983025,337,0.024514262901068,0.0
Movies,44,2,DirectState,G_D_text,0.012937658207519,2754,11013,0.542936160600692,2754,0.0717063203629341,0.0322386500582846,0.0006462680596259,0.542936160600692,0.4996688449194409,-0.0191412130478738,342,-0.043829417344807,0.0
Movies,44,2,DirectState,G_P_text,0.0112507285250266,2754,11013,0.4826465220785249,2754,-0.0205602253776568,-0.0076157040561215,-0.0010726823395055,0.4826465220785249,0.4953975822274731,-0.0124255419260164,338,-0.0078394478641084,0.0206766917293233
Movies,44,2,DirectState,G_D_visual,0.0236757950593462,2754,11013,0.5301164185603716,2754,0.0588433169921922,0.0369721321378841,0.0010170902005254,0.5301164185603716,0.5021494956049538,-0.001411457145971,343,0.03305865190314,0.0285714285714285
Movies,44,2,DirectState,G_P_visual,0.0203247794573762,2754,11013,0.4913381337500264,2754,-0.0164745645503492,0.0498540039259788,0.0015939962435924,0.4913381337500264,0.4908250100301962,-0.0122014506562361,337,-0.0075837435456176,0.0
Movies,44,2,Frozen_Q_PAIR_text,G_D_text,0.012937658207519,2754,11013,0.534923371454961,2754,0.0595397097217789,0.0266998534155797,-0.0005713729670333,0.534923371454961,0.5208257399543894,-0.0314545330407875,342,-0.0003528440136099,0.0
Movies,44,2,Frozen_Q_PAIR_text,G_P_text,0.0112507285250266,2754,11013,0.536211734424777,2754,0.050499372814171,0.0343957562325739,-0.0002535100579741,0.536211734424777,0.5179165172261019,0.0111898190631624,338,-0.0104357424073083,0.0
Movies,44,2,Frozen_Q_PAIR_visual,G_D_visual,0.0236757950593462,2754,11013,0.5011643990590887,2754,0.0304426418257984,0.0520275076575819,0.0021300106730679,0.5011643990590887,0.4934997502572137,0.0147671281601297,343,-0.0096742899213801,0.0
Movies,44,2,Frozen_Q_PAIR_visual,G_P_visual,0.0203247794573762,2754,11013,0.5266671241843868,2754,0.0274666243463296,0.048720665261278,0.0013581958620948,0.5266671241843868,0.5106256730789535,-0.0011158012675764,337,-0.0158559022036531,0.0
Movies,44,2,Frozen_R_SHARED_text,G_D_text,0.012937658207519,2754,11013,0.5336447742828985,2754,0.0640104519873617,0.033193332268458,0.0004124839782336,0.5336447742828985,0.5139659100707645,-0.0061410921078663,342,-0.010899578976765,-0.056060606060606
Movies,44,2,Frozen_R_SHARED_text,G_P_text,0.0112507285250266,2754,11013,0.5541825776915126,2754,0.0784907617115433,0.0149319390110256,-0.0026965005613184,0.5541825776915126,0.5343430241144328,-0.0073581975102678,338,-0.001944913602722,0.0
Movies,44,2,Frozen_R_SHARED_visual,G_D_visual,0.0236757950593462,2754,11013,0.501891748242195,2754,0.0121427114967204,0.048534654244591,0.0021116706100268,0.501891748242195,0.4963200293714593,0.026682248880217,343,0.0275565051736409,0.0
Movies,44,2,Frozen_R_SHARED_visual,G_P_visual,0.0203247794573762,2754,11013,0.5044914162636991,2754,-0.0055124852823389,0.0107082302186932,-0.0027296176044724,0.5044914162636991,0.5024600375868403,0.0214472825996509,337,-0.0280591006242553,0.0
Movies,44,2,Frozen_U_MODAL_text,G_D_text,0.012937658207519,2754,11013,0.5170677116919432,2754,0.0162407197567924,-0.0121519523156247,-0.0040925427435531,0.5170677116919432,0.5045472988378361,-0.0551207009426295,342,-0.004194208735645,-0.0857142857142857
Movies,44,2,Frozen_U_MODAL_text,G_P_text,0.0112507285250266,2754,11013,0.5458838794067385,2754,0.0701694882301834,0.0537016956991189,0.0021510736828338,0.5458838794067385,0.5228696807949534,-0.005560963239085,338,-0.0104852639221684,0.0
Movies,44,2,Frozen_U_MODAL_visual,G_D_visual,0.0236757950593462,2754,11013,0.4980175332243288,2754,0.0086162041937736,0.000794502665468,-0.0030266730166825,0.4980175332243288,0.489827250566724,-0.0028871595994817,343,0.0257946501834929,0.0436090225563909
Movies,44,2,Frozen_U_MODAL_visual,G_P_visual,0.0203247794573762,2754,11013,0.4969246890639187,2754,-0.0119278145847248,-0.0128514858768325,-0.0040005642428526,0.4969246890639187,0.4990640243258653,-0.0020228439137501,337,-0.0270724550484352,-0.0285714285714285
Grocery,42,0,SIM_ONLY,G_D_text,0.0082533342769717,2294,9175,0.519934231690317,2294,0.0434170552566656,0.0174285197498256,0.000269512690753,0.519934231690317,0.5,-0.0079906672747034,181,0.0123698447380076,0.0
Grocery,42,0,SIM_ONLY,G_P_text,0.005584105693096,2294,9175,0.5931078532150378,2294,0.1069950446924989,0.0210901419894606,-0.0018530187103769,0.5931078532150378,0.5634678143086242,0.0780197329315014,185,0.1009205246940109,0.1364552459988144
Grocery,42,0,SIM_ONLY,G_D_visual,0.0080232764011269,2294,9175,0.5027819941089029,2294,0.0679258886538419,0.0734046344590738,0.0018833749785788,0.5027819941089029,0.5,0.0172471469589567,188,0.0421167777212506,0.0713409288775313
Grocery,42,0,SIM_ONLY,G_P_visual,0.0060167274221061,2294,9175,0.5264033578491615,2294,0.0453349671913558,0.0749408148489714,-0.0002207428165206,0.5264033578491615,0.5226668998506362,0.0253997450682171,185,0.0223844455399345,0.0078812316715542
Grocery,42,0,TARGET_ONLY,G_D_text,0.0082533342769717,2294,9175,0.5161521567319187,2294,0.0054727492317088,0.0133422927697029,-0.0014556586344973,0.5161521567319187,0.5214974205001728,,181,,
Grocery,42,0,TARGET_ONLY,G_P_text,0.005584105693096,2294,9175,0.49786659583468,2294,0.0256390312533362,0.0088857512663345,-0.0041730854788379,0.49786659583468,0.5258330755182083,,185,,
Grocery,42,0,TARGET_ONLY,G_D_visual,0.0080232764011269,2294,9175,0.5164127062570354,2294,0.0365453435488974,0.0201347349289709,-0.0009726456878591,0.5164127062570354,0.4955691262585258,,188,,
Grocery,42,0,TARGET_ONLY,G_P_visual,0.0060167274221061,2294,9175,0.513371052415975,2294,0.0433191487537589,0.0663352849167648,0.0029885395894295,0.513371052415975,0.504449402229743,,185,,
Grocery,42,0,ENDPOINT,G_D_text,0.0082533342769717,2294,9175,0.5175934199918186,2294,0.0076280159506656,-0.0014780878070568,-0.0066791684017506,0.5175934199918186,0.516061606160616,0.051785033074599,181,0.0289043446423391,0.0454545454545454
Grocery,42,0,ENDPOINT,G_P_text,0.005584105693096,2294,9175,0.5199487491680185,2294,0.0303870864288844,0.0103072141445323,-0.0068572615899782,0.5199487491680185,0.5157970939949164,-0.016928024266058,185,0.0218812810893845,-0.0105263157894736
Grocery,42,0,ENDPOINT,G_D_visual,0.0080232764011269,2294,9175,0.5379944383650833,2294,0.0356250213582111,0.0074433502547217,-0.0054745002423255,0.5379944383650833,0.5130667043194841,0.0396913841800502,188,0.0394123432051775,0.0195804195804195
Grocery,42,0,ENDPOINT,G_P_visual,0.0060167274221061,2294,9175,0.5328852419756354,2294,0.077527560187205,0.0918581978706248,0.0073266746064564,0.5328852419756354,0.5212205290124974,0.0129950948862319,185,-0.0329329571870945,0.0
Grocery,42,0,ENDPOINT_LOCAL,G_D_text,0.0082533342769717,2294,9175,0.4994936316736367,2294,0.0211195879175436,0.0189341254208918,-0.0076977430157922,0.4994936316736367,0.5102500863804792,0.0854486911638646,181,0.0662904610199,0.0896810506566604
Grocery,42,0,ENDPOINT_LOCAL,G_P_text,0.005584105693096,2294,9175,0.5160381479380292,2294,0.0437389315548607,0.0073361058992345,-0.0107738763849694,0.5160381479380292,0.5098137359292437,-0.018507242847911,185,-0.0072317903531836,-0.0571428571428571
Grocery,42,0,ENDPOINT_LOCAL,G_D_visual,0.0080232764011269,2294,9175,0.5293978294719585,2294,0.02418717847509,-0.0058048224101898,-0.0133140766961905,0.5293978294719585,0.5179513729550794,0.0604613891517952,188,0.0223036858910647,0.0232722723099765
Grocery,42,0,ENDPOINT_LOCAL,G_P_visual,0.0060167274221061,2294,9175,0.5071034454507068,2294,0.0234479439874774,0.0281546588341447,-0.013834091358833,0.5071034454507068,0.4979407334581183,0.0158070234453482,185,-0.0240993003375676,-0.0464285714285714
Grocery,42,0,STRICT_SHUFFLE_9917,G_D_text,0.0082533342769717,2294,9175,0.5102342003153384,2294,0.0322452718160523,0.0215767030767133,-0.0063600910270731,0.5102342003153384,0.5212682640105166,0.0599179566209492,181,0.0703350666375563,0.0999999999999999
Grocery,42,0,STRICT_SHUFFLE_9917,G_P_text,0.005584105693096,2294,9175,0.5135477689843415,2294,0.0403067276822184,-9.091395566535248e-05,-0.0121350243839726,0.5135477689843415,0.519838969824499,-0.0137829905998369,185,0.0054419111568514,0.0319917440660474
Grocery,42,0,STRICT_SHUFFLE_9917,G_D_visual,0.0080232764011269,2294,9175,0.5239287577315747,2294,0.032866370678962,0.006955609756456,-0.0109278071072447,0.5239287577315747,0.5058522676017116,0.0494189009716438,188,0.058490550609479,0.0282717282717282
Grocery,42,0,STRICT_SHUFFLE_9917,G_P_visual,0.0060167274221061,2294,9175,0.5059635224644394,2294,0.0257904036993595,0.0281171967006198,-0.0171475496042627,0.5059635224644394,0.502963642207559,-0.0036058245460221,185,0.0098962585089346,0.0
Grocery,42,0,STRICT_SHUFFLE_9918,G_D_text,0.0082533342769717,2294,9175,0.5136528815336407,2294,0.0364793054812505,0.0238448916630864,-0.0058043981496385,0.5136528815336407,0.5157335589154584,0.0595441486191925,181,0.0919083612948347,0.0999999999999999
Grocery,42,0,STRICT_SHUFFLE_9918,G_P_text,0.005584105693096,2294,9175,0.5182675130679641,2294,0.0487603094550918,0.0083437339146583,-0.0103951016734253,0.5182675130679641,0.5150915889830671,-0.0076006418132924,185,0.0032103037060157,0.0035714285714285
Grocery,42,0,STRICT_SHUFFLE_9918,G_D_visual,0.0080232764011269,2294,9175,0.5289499178305701,2294,0.0375892492627162,0.0047116377220213,-0.0116267796287972,0.5289499178305701,0.5177074140750939,0.0556652933410399,188,0.066506656736979,0.0822510822510822
Grocery,42,0,STRICT_SHUFFLE_9918,G_P_visual,0.0060167274221061,2294,9175,0.5110242448305634,2294,0.0288274141156411,0.0237716161898738,-0.0179147591583763,0.5110242448305634,0.5098252380682284,-0.0006029257122756,185,-0.0063222576842372,-0.0218487394957983
Grocery,42,0,STRICT_SHUFFLE_9919,G_D_text,0.0082533342769717,2294,9175,0.5117219303157753,2294,0.0330297219233497,0.0230733314639411,-0.0060117928296701,0.5117219303157753,0.5124844614425341,0.0581132540965055,181,0.0746579857953483,0.0999999999999999
Grocery,42,0,STRICT_SHUFFLE_9919,G_P_text,0.005584105693096,2294,9175,0.5162354436812775,2294,0.0465679915916502,0.0037875509914268,-0.0116534231570422,0.5162354436812775,0.519354942718981,-0.008152871880052,185,0.0104722168445641,0.0175438596491228
Grocery,42,0,STRICT_SHUFFLE_9919,G_D_visual,0.0080232764011269,2294,9175,0.5249234196602618,2294,0.0302024141403721,-7.408788762747652e-05,-0.0126735687054113,0.5249234196602618,0.5143716097756128,0.0520404233544438,188,0.0523980106697965,0.0309523809523809
Grocery,42,0,STRICT_SHUFFLE_9919,G_P_visual,0.0060167274221061,2294,9175,0.5087692140439772,2294,0.0301721811335259,0.0303778621605831,-0.0161291514204398,0.5087692140439772,0.5061541661152181,0.0044762443685053,185,0.0064003013027921,0.0
Grocery,42,0,RIDGE_TARGET_ONLY,G_D_text,0.0082533342769717,2294,9175,0.4702287196228648,2294,-0.0425534508064075,0.0165724310914997,-0.6345701374673991,0.4702287196228648,0.4726283097623842,,181,,
Grocery,42,0,RIDGE_TARGET_ONLY,G_P_text,0.005584105693096,2294,9175,0.5039367026123645,2294,0.0069504213906309,0.0169656573477338,-0.5610766958189823,0.5039367026123645,0.4854104787837984,,185,,
Grocery,42,0,RIDGE_TARGET_ONLY,G_D_visual,0.0080232764011269,2294,9175,0.5025870623350238,2294,-0.0313061728346621,-0.016289910324621,-0.5376875204028273,0.5025870623350238,0.4896929334290342,,188,,
Grocery,42,0,RIDGE_TARGET_ONLY,G_P_visual,0.0060167274221061,2294,9175,0.5125761786819433,2294,0.0565479541003043,0.094302986565334,-0.5470825600753824,0.5125761786819433,0.5077383990975151,,185,,
Grocery,42,0,RIDGE_ENDPOINT,G_D_text,0.0082533342769717,2294,9175,0.4632710202428185,2294,-0.0334706215744227,-0.0036583345084576,-0.709342732213444,0.4632710202428185,0.4706671750207511,0.0270675556935902,181,-0.0140252543225675,-0.0109890109890109
Grocery,42,0,RIDGE_ENDPOINT,G_P_text,0.005584105693096,2294,9175,0.4940968653007455,2294,-0.0005877154395137,0.0120385850047558,-0.6792776758899899,0.4940968653007455,0.4936389395776028,-0.008771703000406,185,0.0027546055365205,-0.0357142857142857
Grocery,42,0,RIDGE_ENDPOINT,G_D_visual,0.0080232764011269,2294,9175,0.5160718698153834,2294,0.0170724421753421,0.0177257857707555,-0.7133649689018078,0.5160718698153834,0.5079137593592746,0.0495455334473408,188,0.0600896731791123,0.0999999999999999
Grocery,42,0,RIDGE_ENDPOINT,G_P_visual,0.0060167274221061,2294,9175,0.5062833626388863,2294,0.0281152208047635,0.0654727764200794,-0.7167312241573214,0.5062833626388863,0.5005081204741828,0.0605328281499874,185,0.0168742218576859,0.0321428571428571
Grocery,42,0,RIDGE_ENDPOINT_LOCAL,G_D_text,0.0082533342769717,2294,9175,0.486478972807028,2294,0.0020233564966401,0.0113740554186093,-0.9874526515390498,0.486478972807028,0.4840233842878872,0.0361130281800958,181,-0.0357792791561673,-0.0285714285714285
Grocery,42,0,RIDGE_ENDPOINT_LOCAL,G_P_text,0.005584105693096,2294,9175,0.5026581187198347,2294,0.0109489302986283,0.0459726356565096,-0.7598186301458953,0.5026581187198347,0.5051734475243222,-0.0100384952104625,185,-0.0123393597659029,0.0126807563959955
Grocery,42,0,RIDGE_ENDPOINT_LOCAL,G_D_visual,0.0080232764011269,2294,9175,0.506519036244759,2294,-0.0182649928099358,-0.0261516412388346,-1.0933278777425102,0.506519036244759,0.5181251250191206,0.0356370272895586,188,0.0482333356877665,0.069047619047619
Grocery,42,0,RIDGE_ENDPOINT_LOCAL,G_P_visual,0.0060167274221061,2294,9175,0.4950708375085868,2294,0.0169591362668932,0.0973804337057976,-0.9507171832428984,0.4950708375085868,0.4978257170407063,0.0268315126463093,185,0.0297155062077087,0.0517482517482517
Grocery,42,0,DirectState,G_D_text,0.0082533342769717,2294,9175,0.4959073524680988,2294,-0.0029498465578339,-0.0007633192460509,-0.0010676965268858,0.4959073524680988,0.5076129995671047,0.0302819340641644,181,0.0361161134477277,0.0357142857142857
Grocery,42,0,DirectState,G_P_text,0.005584105693096,2294,9175,0.5097500178487394,2294,0.0160557558287482,0.0225466665142076,-0.001564578393743,0.5097500178487394,0.5017054182631373,-0.0253645826132213,185,-0.0416386045753301,-0.0519480519480519
Grocery,42,0,DirectState,G_D_visual,0.0080232764011269,2294,9175,0.5059558128498084,2294,0.0177735768611897,0.0381445380675559,0.0009706296932362,0.5059558128498084,0.4969081545805044,-0.0030279314823749,188,0.0717852510413252,0.0321428571428571
Grocery,42,0,DirectState,G_P_visual,0.0060167274221061,2294,9175,0.5257888865780568,2294,0.0038477427812468,0.0094683330917121,-0.003368129100236,0.5257888865780568,0.5064645528854941,0.0125253062593418,185,-0.0089134897502341,0.0087719298245614
Grocery,42,0,Frozen_Q_PAIR_text,G_D_text,0.0082533342769717,2294,9175,0.5318233628416993,2294,0.0850037769849433,0.0666216282522059,0.0041585341612476,0.5318233628416993,0.5220097461009638,0.0253269676500585,181,0.0104354158809551,0.0216718266253869
Grocery,42,0,Frozen_Q_PAIR_text,G_P_text,0.005584105693096,2294,9175,0.4917999436517216,2294,-0.0117384763192564,0.0152624747237036,-0.0031532404800003,0.4917999436517216,0.4839138715796633,-0.0138500394317437,185,-0.001844802318073,0.0
Grocery,42,0,Frozen_Q_PAIR_visual,G_D_visual,0.0080232764011269,2294,9175,0.4970273885025553,2294,0.0106951749769027,0.0088069649468574,-0.0025038252709201,0.4970273885025553,0.4940163397539232,-0.0121445906065513,188,0.0321658875137243,0.0424399184042233
Grocery,42,0,Frozen_Q_PAIR_visual,G_P_visual,0.0060167274221061,2294,9175,0.4945800482753839,2294,-0.0167366765031524,-0.0129511789122779,-0.0102006694981964,0.4945800482753839,0.4769100603127186,-0.0138735055110349,185,0.06183598820875,0.0627424095951525
Grocery,42,0,Frozen_R_SHARED_text,G_D_text,0.0082533342769717,2294,9175,0.5585921769072214,2294,0.1053223775543057,0.0545723329226779,0.0028274883470424,0.5585921769072214,0.5276870286306609,0.0526347876344882,181,0.0014104550267581,-0.0357142857142857
Grocery,42,0,Frozen_R_SHARED_text,G_P_text,0.005584105693096,2294,9175,0.5081424797695094,2294,0.014481761689085,-0.0139947027404786,-0.0050886368931388,0.5081424797695094,0.5014889303269658,0.0035204241366523,185,-0.0047365518939983,0.0
Grocery,42,0,Frozen_R_SHARED_visual,G_D_visual,0.0080232764011269,2294,9175,0.5170924180560948,2294,0.0655667576169032,0.0555777493347297,0.0028008590106499,0.5170924180560948,0.5185381293609611,0.0036117204320086,188,0.028650460629961,0.0139860139860139
Grocery,42,0,Frozen_R_SHARED_visual,G_P_visual,0.0060167274221061,2294,9175,0.4829421199573966,2294,0.0033919599568727,0.0223887439718382,-0.0055688046394504,0.4829421199573966,0.5020695077297335,-0.0261008355926934,185,0.0062064994911494,0.0
Grocery,42,0,Frozen_U_MODAL_text,G_D_text,0.0082533342769717,2294,9175,0.5404050152307649,2294,0.0829873767358135,0.0753626522918283,0.0040856615225651,0.5404050152307649,0.5087119181232203,0.0893826866612083,181,0.042094952503068,0.009090909090909
Grocery,42,0,Frozen_U_MODAL_text,G_P_text,0.005584105693096,2294,9175,0.5024807828572262,2294,0.0211130451827865,0.007380807888488,-0.003288508974983,0.5024807828572262,0.4984346847452006,0.0161917747264963,185,0.0099498037505257,0.0666666666666666
Grocery,42,0,Frozen_U_MODAL_visual,G_D_visual,0.0080232764011269,2294,9175,0.5091868952506462,2294,0.0422425981738559,0.0241599178623451,-0.0006521813729913,0.5091868952506462,0.5121642133502771,0.017231564122665,188,0.0127252920917184,0.0606144937671638
Grocery,42,0,Frozen_U_MODAL_visual,G_P_visual,0.0060167274221061,2294,9175,0.4848028650116907,2294,-0.010594519633119,0.0026545558697132,-0.0071342709905153,0.4848028650116907,0.4934314596686266,0.0181623792222928,185,0.0322478819597863,0.0251400560224089
Grocery,42,1,SIM_ONLY,G_D_text,0.010065699069529,2294,9175,0.4991233441840977,2294,0.0193682598957082,0.0060655414272501,-0.0007989496954721,0.4991233441840977,0.5,0.0080559720630717,188,0.0213024646764056,0.0285714285714285
Grocery,42,1,SIM_ONLY,G_P_text,0.0070114723131849,2294,9175,0.5767279485633916,2294,0.1100656809062263,0.038718730484443,0.0005334808453348,0.5767279485633916,0.5178510542434593,0.0291936107086401,179,0.0710646756305772,0.0419580419580419
Grocery,42,1,SIM_ONLY,G_D_visual,0.0091874735259322,2294,9175,0.5133568402811206,2294,0.0706773556967373,0.0637246455876394,0.0007791525687815,0.5133568402811206,0.4876199415936587,0.0643529298889181,182,0.0352591270458542,0.069047619047619
Grocery,42,1,SIM_ONLY,G_P_visual,0.0070680326422775,2294,9175,0.5347771104590745,2294,0.0723510676099519,0.074820113120732,0.0026085407786208,0.5347771104590745,0.50934042423131,0.0405543218586669,181,0.0555113808933406,0.0999999999999999
Grocery,42,1,TARGET_ONLY,G_D_text,0.010065699069529,2294,9175,0.53540061881587,2294,0.051568090083881,0.0498752704972627,0.0019274640502662,0.53540061881587,0.5275348889676733,,188,,
Grocery,42,1,TARGET_ONLY,G_P_text,0.0070114723131849,2294,9175,0.550991378523024,2294,0.0898925192702757,0.0403291860313286,0.0007090432209045,0.550991378523024,0.5277739723942256,,179,,
Grocery,42,1,TARGET_ONLY,G_D_visual,0.0091874735259322,2294,9175,0.5145546516478932,2294,0.0415047666587021,-0.0676632173077927,-0.0102683650254136,0.5145546516478932,0.5141490966271942,,182,,
Grocery,42,1,TARGET_ONLY,G_P_visual,0.0070680326422775,2294,9175,0.5081491839354484,2294,0.0201624566791217,0.0089147115332008,-0.0041888788700747,0.5081491839354484,0.5032634941011064,,181,,
Grocery,42,1,ENDPOINT,G_D_text,0.010065699069529,2294,9175,0.5063400425435911,2294,0.0015865189652768,-0.0238835360484335,-0.0105203999265055,0.5063400425435911,0.4977833822154897,0.0033728102223725,188,0.0711184183320426,0.0857142857142857
Grocery,42,1,ENDPOINT,G_P_text,0.0070114723131849,2294,9175,0.547322988778685,2294,0.0767454567388033,0.04829140613503,-0.0002927165236321,0.547322988778685,0.5338701968448804,-0.0144234684998385,179,0.05202829763322,0.0999999999999999
Grocery,42,1,ENDPOINT,G_D_visual,0.0091874735259322,2294,9175,0.5207984339398608,2294,0.0900728191491266,0.0421573209554318,-0.0008145874840916,0.5207984339398608,0.5156261031417477,0.0249850850821069,182,-0.0433885558530306,0.0
Grocery,42,1,ENDPOINT,G_P_visual,0.0070680326422775,2294,9175,0.5118910080078244,2294,0.0076028833876875,0.0133301652714968,-0.0071012751261545,0.5118910080078244,0.5173818693074149,-0.0146410331161102,181,-0.0049038073512319,0.0
Grocery,42,1,ENDPOINT_LOCAL,G_D_text,0.010065699069529,2294,9175,0.5152141683050246,2294,0.0387534462410584,0.015399672173013,-0.0091539250529755,0.5152141683050246,0.5014245657008412,-0.0106842109632225,188,0.0392266355204672,0.0285714285714285
Grocery,42,1,ENDPOINT_LOCAL,G_P_text,0.0070114723131849,2294,9175,0.5509510414573706,2294,0.08821402012367,0.0726569182672166,0.0021015841266255,0.5509510414573706,0.531079328547683,-0.0323819290429188,179,0.0276534578395026,0.0238095238095238
Grocery,42,1,ENDPOINT_LOCAL,G_D_visual,0.0091874735259322,2294,9175,0.5187630371297456,2294,0.08428940701003,0.0411708705148078,-0.002932477269623,0.5187630371297456,0.508259523121851,0.0048117809946378,182,-0.0173743275962888,-0.0014815221273648
Grocery,42,1,ENDPOINT_LOCAL,G_P_visual,0.0070680326422775,2294,9175,0.5236926156855554,2294,0.0288168634924645,-0.0114744402514176,-0.0160982520180668,0.5236926156855554,0.5130837765144569,-0.0166245894364021,181,0.0333217266453454,0.0350877192982456
Grocery,42,1,STRICT_SHUFFLE_9917,G_D_text,0.010065699069529,2294,9175,0.5171536081477422,2294,0.0431941723071261,0.0144012143812653,-0.0092335433666124,0.5171536081477422,0.5122957424178941,-0.0295117254506299,188,0.0496670818476129,0.0279220779220779
Grocery,42,1,STRICT_SHUFFLE_9917,G_P_text,0.0070114723131849,2294,9175,0.543416382023977,2294,0.0849242359241095,0.0711730207417632,0.0020877492119333,0.543416382023977,0.5364106709043418,-0.0381393470492924,179,0.0062395352291844,-0.0285714285714285
Grocery,42,1,STRICT_SHUFFLE_9917,G_D_visual,0.0091874735259322,2294,9175,0.5174649401495458,2294,0.0906445644526271,0.0417933217175323,-0.002873155999741,0.5174649401495458,0.4971494817239498,0.0003619331003614,182,-0.0113491250927392,0.0285714285714285
Grocery,42,1,STRICT_SHUFFLE_9917,G_P_visual,0.0070680326422775,2294,9175,0.5210984779020722,2294,0.0259688258289107,-0.014234744947716,-0.0176264692415719,0.5210984779020722,0.5071764777798153,-0.0316226887675901,181,0.0050065296538184,0.0357142857142857
Grocery,42,1,STRICT_SHUFFLE_9918,G_D_text,0.010065699069529,2294,9175,0.5124351371386213,2294,0.0364512608188302,0.0156680095027825,-0.0091312394700795,0.5124351371386213,0.5093031875463305,-0.0165661727241558,188,0.0377512362325278,0.0
Grocery,42,1,STRICT_SHUFFLE_9918,G_P_text,0.0070114723131849,2294,9175,0.5509860509860509,2294,0.0954564568829886,0.0784467645124827,0.0038965606166199,0.5509860509860509,0.5413987676645904,-0.0286814375538188,179,0.0175327700704973,0.0
Grocery,42,1,STRICT_SHUFFLE_9918,G_D_visual,0.0091874735259322,2294,9175,0.5158595680498058,2294,0.0912364220393479,0.0436439570784877,-0.0025018687175883,0.5158595680498058,0.503954462308655,0.0054549449947359,182,-0.0064896788053227,0.0285714285714285
Grocery,42,1,STRICT_SHUFFLE_9918,G_P_visual,0.0070680326422775,2294,9175,0.5247157527966257,2294,0.0328851152534644,-0.008920712440038,-0.0155506479266025,0.5247157527966257,0.5193456201479307,-0.0218724230340902,181,0.0262296100554114,0.0833333333333333
Grocery,42,1,STRICT_SHUFFLE_9919,G_D_text,0.010065699069529,2294,9175,0.5163043478260869,2294,0.0409216836403169,0.0151023240592294,-0.0089157657135607,0.5163043478260869,0.512032262223225,-0.0168814935196383,188,0.0570667688780716,0.0
Grocery,42,1,STRICT_SHUFFLE_9919,G_P_text,0.0070114723131849,2294,9175,0.5466562855803363,2294,0.0905748291776711,0.0773647059232589,0.0037897113476186,0.5466562855803363,0.5382501933134844,-0.0253270700087534,179,0.030385577269708,0.0
Grocery,42,1,STRICT_SHUFFLE_9919,G_D_visual,0.0091874735259322,2294,9175,0.5115817849234621,2294,0.0838446733645225,0.0359198465604389,-0.0040244768858959,0.5115817849234621,0.5078286961265684,-0.000237329288803,182,-0.0293698425248639,0.0
Grocery,42,1,STRICT_SHUFFLE_9919,G_P_visual,0.0070680326422775,2294,9175,0.5187343358395989,2294,0.0233026749543845,-0.0163947379612501,-0.0171148465965589,0.5187343358395989,0.5048008741365609,-0.025096659872624,181,0.0010125095184025,0.0535714285714285
Grocery,42,1,RIDGE_TARGET_ONLY,G_D_text,0.010065699069529,2294,9175,0.5459430496019595,2294,0.0982774993819313,0.0825440883492824,-0.3320448414438348,0.5459430496019595,0.5360919521706901,,188,,
Grocery,42,1,RIDGE_TARGET_ONLY,G_P_text,0.0070114723131849,2294,9175,0.5281073239934,2294,0.0690537134712754,0.0814324285364461,-0.5431071993201426,0.5281073239934,0.5265143904384411,,179,,
Grocery,42,1,RIDGE_TARGET_ONLY,G_D_visual,0.0091874735259322,2294,9175,0.4820228009370688,2294,-0.0229824883014559,-0.0306930738062914,-0.5908578776978752,0.4820228009370688,0.4789263823368955,,182,,
Grocery,42,1,RIDGE_TARGET_ONLY,G_P_visual,0.0070680326422775,2294,9175,0.4816553579069624,2294,-0.0183737730889897,0.0059526943784599,-0.6200062358103828,0.4816553579069624,0.4710900727428326,,181,,
Grocery,42,1,RIDGE_ENDPOINT,G_D_text,0.010065699069529,2294,9175,0.5149579398588326,2294,0.0396441436356791,0.0182296200609271,-0.5253086576394144,0.5149579398588326,0.5042688626035389,-0.0051877770201512,188,0.0273025205518027,0.0379795642953537
Grocery,42,1,RIDGE_ENDPOINT,G_P_text,0.0070114723131849,2294,9175,0.5340619881759123,2294,0.0727823141418926,0.0476955086185397,-0.7474589611620266,0.5340619881759123,0.5136384946511529,0.0390932024711611,179,-0.0012053790450085,-0.0117647058823529
Grocery,42,1,RIDGE_ENDPOINT,G_D_visual,0.0091874735259322,2294,9175,0.502142902987709,2294,-0.0006712117915152,0.0162362241615716,-0.666738875255446,0.502142902987709,0.5005776451333398,-0.007134744125508,182,0.0381826057289176,0.0476190476190476
Grocery,42,1,RIDGE_ENDPOINT,G_P_visual,0.0070680326422775,2294,9175,0.5177486398924139,2294,0.0259881876166436,0.0199034207663219,-0.8512589969849731,0.5177486398924139,0.5203802188397824,0.0587219944118586,181,0.0684675289316952,0.0999999999999999
Grocery,42,1,RIDGE_ENDPOINT_LOCAL,G_D_text,0.010065699069529,2294,9175,0.5034872852676702,2294,0.0533057490518411,0.0864619910532331,-0.6428089044277681,0.5034872852676702,0.4882046282270281,0.0186435225376659,188,0.0563207394864783,0.023663101604278
Grocery,42,1,RIDGE_ENDPOINT_LOCAL,G_P_text,0.0070114723131849,2294,9175,0.5480673218014991,2294,0.0882898335794248,0.1021230377135255,-0.8205450641308545,0.5480673218014991,0.5417914832471795,0.0379009651599569,179,0.0366297422658076,0.0476190476190476
Grocery,42,1,RIDGE_ENDPOINT_LOCAL,G_D_visual,0.0091874735259322,2294,9175,0.487587850197362,2294,-0.0292159566866051,-0.0442674656750128,-0.9360330225949522,0.487587850197362,0.4860474631751227,-0.0037869201813557,182,-0.0116960810776109,0.0
Grocery,42,1,RIDGE_ENDPOINT_LOCAL,G_P_visual,0.0070680326422775,2294,9175,0.5206950302585732,2294,0.0339265315214976,0.0255689650349448,-0.922706274588047,0.5206950302585732,0.515565590806284,0.0340818874748905,181,0.0047657626004634,0.0
Grocery,42,1,DirectState,G_D_text,0.010065699069529,2294,9175,0.5247848647951784,2294,0.0129799796276629,0.0228351804114039,-0.0003427045975146,0.5247848647951784,0.4984594063235247,-0.0061800312274233,188,-0.0123559351524864,0.05
Grocery,42,1,DirectState,G_P_text,0.0070114723131849,2294,9175,0.4960903489384501,2294,0.0005317687406637,0.0194010700028511,0.0003647408797546,0.4960903489384501,0.5020237029730701,0.017857838969575,179,0.002847086368319,0.0
Grocery,42,1,DirectState,G_D_visual,0.0091874735259322,2294,9175,0.4960463399762523,2294,0.0035331520198691,-0.0129448490594061,-0.001371138567346,0.4960463399762523,0.4984291261512788,-0.0108402932127326,182,0.0145806483211655,0.0114529914529914
Grocery,42,1,DirectState,G_P_visual,0.0070680326422775,2294,9175,0.5005998227275505,2294,-0.0044435069249064,-0.0015848652410256,-0.0008534429595574,0.5005998227275505,0.4886690812396845,0.0377680573970067,181,0.0186749512389722,0.0
Grocery,42,1,Frozen_Q_PAIR_text,G_D_text,0.010065699069529,2294,9175,0.533319367002933,2294,0.0850261402782027,0.01431945577455,-0.0020696528791681,0.533319367002933,0.5210647178264093,-0.0105062529231803,188,0.0288776796131375,0.0088522588522588
Grocery,42,1,Frozen_Q_PAIR_text,G_P_text,0.0070114723131849,2294,9175,0.4978020104602383,2294,-0.0149291757470181,0.0018967372156187,-0.002595907750055,0.4978020104602383,0.5026447415687922,-0.0410216230095724,179,-0.0465584443383243,-0.0607142857142857
Grocery,42,1,Frozen_Q_PAIR_visual,G_D_visual,0.0091874735259322,2294,9175,0.5171905587112094,2294,0.0879742122855241,0.0283144702082174,0.0002204105185642,0.5171905587112094,0.5057339302333045,0.0296234091501639,182,0.0084854555494734,0.0313725490196078
Grocery,42,1,Frozen_Q_PAIR_visual,G_P_visual,0.0070680326422775,2294,9175,0.5230156183140778,2294,0.0361300655894078,0.047957279643053,0.002171455202386,0.5230156183140778,0.5151254661042851,0.0142763202756254,181,0.0032390934662223,-0.0197802197802197
Grocery,42,1,Frozen_R_SHARED_text,G_D_text,0.010065699069529,2294,9175,0.4790746768943179,2294,-0.0128293303482522,-0.0213352086826283,-0.004735008817885,0.4790746768943179,0.49545557095433,-0.0556864246594414,188,-0.0607428617590635,-0.0999999999999999
Grocery,42,1,Frozen_R_SHARED_text,G_P_text,0.0070114723131849,2294,9175,0.4772453285111513,2294,-0.0248696156684457,-0.0017574831680332,-0.0016515090403146,0.4772453285111513,0.4811785729507248,-0.0195947110015952,179,-0.0397924313012608,-0.0879120879120879
Grocery,42,1,Frozen_R_SHARED_visual,G_D_visual,0.0091874735259322,2294,9175,0.5117294053464266,2294,0.014980248918794,-0.0387357821816781,-0.0046874273484156,0.5117294053464266,0.5110651134430859,0.0150160634858197,182,0.0286882805801075,0.0144480519480519
Grocery,42,1,Frozen_R_SHARED_visual,G_P_visual,0.0070680326422775,2294,9175,0.5273267008985878,2294,0.0250534788745139,-0.0129887938379233,-0.0032608327702217,0.5273267008985878,0.5111788617886179,0.0108039867331395,181,0.0717230679049789,0.0471281807130019
Grocery,42,1,Frozen_U_MODAL_text,G_D_text,0.010065699069529,2294,9175,0.5271626325458472,2294,0.0693417340429573,0.0035729554969743,-0.0023695716306859,0.5271626325458472,0.5070777065136817,0.0111734333554132,188,-0.0102245079321997,0.0
Grocery,42,1,Frozen_U_MODAL_text,G_P_text,0.0070114723131849,2294,9175,0.4833179595837824,2294,-0.0215420731005306,0.0208979492453817,-0.0004830896959049,0.4833179595837824,0.4803193173446338,-0.0182064246339104,179,-0.047187805989969,-0.0857142857142857
Grocery,42,1,Frozen_U_MODAL_visual,G_D_visual,0.0091874735259322,2294,9175,0.5004236064311158,2294,0.0459022705540124,-0.0016978070090227,-0.0021270827985628,0.5004236064311158,0.5155988254548955,-0.0073181384007813,182,-0.0218339312282487,0.0
Grocery,42,1,Frozen_U_MODAL_visual,G_P_visual,0.0070680326422775,2294,9175,0.5384482547832997,2294,0.0566252733702544,0.0434899960543739,0.0017266647903179,0.5384482547832997,0.5156473500825234,0.0265871668011833,181,0.0436813894004204,0.0514705882352941
Grocery,42,2,SIM_ONLY,G_D_text,0.0115971132571436,2294,9174,0.5322171284572732,2294,0.0028461902385481,-0.0623857659675083,-0.0013859020520554,0.5322171284572732,0.5,0.0118623443620533,188,0.0373849139987395,0.0395989974937343
Grocery,42,2,SIM_ONLY,G_P_text,0.008107421335076,2294,9174,0.5603036909368306,2294,0.1002481010108896,0.0758859854685707,0.0023169801463742,0.5603036909368306,0.5399036650648891,0.0604099611839329,185,-0.0337517456387927,-0.0629370629370629
Grocery,42,2,SIM_ONLY,G_D_visual,0.0103076603440154,2294,9174,0.5218125653362422,2294,0.0439176146224873,0.037927409086897,0.0007702429706085,0.5218125653362422,0.4996518105849582,0.1013639911725873,197,0.0648764033005027,0.1478260869565217
Grocery,42,2,SIM_ONLY,G_P_visual,0.0082223529292788,2294,9174,0.5627837446205128,2294,0.1103096411456488,0.1084910764213714,-0.002102367767953,0.5627837446205128,0.5125702753799846,0.0831074277138443,189,0.0014493324179305,0.0787878787878787
Grocery,42,2,TARGET_ONLY,G_D_text,0.0115971132571436,2294,9174,0.5154978596610753,2294,0.0655273431187788,0.0438060815349439,0.0003730644947521,0.5154978596610753,0.5014992632965733,,188,,
Grocery,42,2,TARGET_ONLY,G_P_text,0.008107421335076,2294,9174,0.4953696834111394,2294,-0.0206474791539477,-0.0437716162394094,-0.0065885017512892,0.4953696834111394,0.4951535766056774,,185,,
Grocery,42,2,TARGET_ONLY,G_D_visual,0.0103076603440154,2294,9174,0.5134401925836466,2294,0.0125816374482661,0.0482287514456954,0.0021007811769711,0.5134401925836466,0.50708959100324,,197,,
Grocery,42,2,TARGET_ONLY,G_P_visual,0.0082223529292788,2294,9174,0.5274210023881191,2294,0.0650796454898977,0.0295771013490878,-0.0056597315387518,0.5274210023881191,0.5135637702430409,,189,,
Grocery,42,2,ENDPOINT,G_D_text,0.0115971132571436,2294,9174,0.5236594665364268,2294,0.0170410767901768,-0.0143407685125965,-0.0097939486667188,0.5236594665364268,0.5037619073025984,0.0101041920269372,188,0.0339509843661453,-0.012087912087912
Grocery,42,2,ENDPOINT,G_P_text,0.008107421335076,2294,9174,0.5516887148873999,2294,0.0918969531284242,0.070189607061854,0.0047569193613177,0.5516887148873999,0.5393287753059928,0.0359037763835227,185,0.0240429291560074,0.0714285714285714
Grocery,42,2,ENDPOINT,G_D_visual,0.0103076603440154,2294,9174,0.5128172662991605,2294,0.0380855538311578,0.0601287260463692,0.0028374456106364,0.5128172662991605,0.4917879242391777,0.0277018650469141,197,0.0702714013306513,0.0535714285714285
Grocery,42,2,ENDPOINT,G_P_visual,0.0082223529292788,2294,9174,0.5254654966541457,2294,0.0719955122441768,0.0707415986251092,0.0005512706473158,0.5254654966541457,0.5200323702082141,0.0489234044825393,189,-0.0100539795390804,0.017156862745098
Grocery,42,2,ENDPOINT_LOCAL,G_D_text,0.0115971132571436,2294,9174,0.54214805481566,2294,0.0605346480686197,0.0169390329166214,-0.0089801481870903,0.54214805481566,0.5251952571895278,0.0021700857591532,188,0.0048891262879094,0.0154224931079151
Grocery,42,2,ENDPOINT_LOCAL,G_P_text,0.008107421335076,2294,9174,0.5579086339995358,2294,0.0857105349767981,0.0251382584633888,-0.0065885865376571,0.5579086339995358,0.5455433678419377,0.020328088056674,185,0.0659727687654422,0.0303030303030303
Grocery,42,2,ENDPOINT_LOCAL,G_D_visual,0.0103076603440154,2294,9174,0.5185636090928569,2294,0.0508752511621125,0.0175934587746488,-0.0087584194726091,0.5185636090928569,0.5228863522735389,0.0196521467419361,197,0.0389310969449247,0.0883959999878547
Grocery,42,2,ENDPOINT_LOCAL,G_P_visual,0.0082223529292788,2294,9174,0.5259008308664395,2294,0.061266360704994,0.0614275287822139,-0.0035192766519172,0.5259008308664395,0.5173667255404364,0.0616987667923347,189,0.0615308088374361,0.0526315789473684
Grocery,42,2,STRICT_SHUFFLE_9917,G_D_text,0.0115971132571436,2294,9174,0.5383188386763142,2294,0.0485130963036857,-0.0063185519074378,-0.0138129094974517,0.5383188386763142,0.5143302155114035,-0.0040099225100048,188,0.0223873579556588,0.0316350316350316
Grocery,42,2,STRICT_SHUFFLE_9917,G_P_text,0.008107421335076,2294,9174,0.5564362161524619,2294,0.0852974707528118,0.0328562635328132,-0.0052883167500423,0.5564362161524619,0.5377171055384978,0.0231381007876446,185,0.0249402974571833,0.0402476780185758
Grocery,42,2,STRICT_SHUFFLE_9917,G_D_visual,0.0103076603440154,2294,9174,0.5164087305452207,2294,0.0618108291933678,0.0149741431976602,-0.009455749156418,0.5164087305452207,0.5192616111836168,-0.0031694591711097,197,0.0571016256751276,0.0714285714285714
Grocery,42,2,STRICT_SHUFFLE_9917,G_P_visual,0.0082223529292788,2294,9174,0.5120719731834125,2294,0.0414260526903402,0.0515382218525118,-0.0050845180572509,0.5120719731834125,0.5044652852060997,0.022167802187712,189,0.0165448767089984,0.0209790209790209
Grocery,42,2,STRICT_SHUFFLE_9918,G_D_text,0.0115971132571436,2294,9174,0.544333129491531,2294,0.0602310175067701,0.0059854359427224,-0.011000527876565,0.544333129491531,0.5269124533660574,0.0092953320800107,188,0.0293422207761587,0.0591408591408591
Grocery,42,2,STRICT_SHUFFLE_9918,G_P_text,0.008107421335076,2294,9174,0.5521072315881187,2294,0.0830345953843476,0.0356192906053687,-0.0043753605799008,0.5521072315881187,0.538982928323308,0.0225966268409231,185,0.05426833089977,0.0294117647058823
Grocery,42,2,STRICT_SHUFFLE_9918,G_D_visual,0.0103076603440154,2294,9174,0.5174703430274461,2294,0.0636538481191654,0.0187468413178265,-0.0087480560575292,0.5174703430274461,0.5121841946354482,0.0088834257465133,197,0.0545366046606019,0.0857142857142857
Grocery,42,2,STRICT_SHUFFLE_9918,G_P_visual,0.0082223529292788,2294,9174,0.5136010846040947,2294,0.0426625883095715,0.0528534708843874,-0.0046951836548574,0.5136010846040947,0.5087712069951988,0.0303249787582785,189,0.0289034952344077,0.0212503095195057
Grocery,42,2,STRICT_SHUFFLE_9919,G_D_text,0.0115971132571436,2294,9174,0.524110107406845,2294,0.0662528062880946,0.0205818909694649,-0.0079753704385758,0.524110107406845,0.515660385876636,0.0025420930093149,188,0.0133960607819966,0.009090909090909
Grocery,42,2,STRICT_SHUFFLE_9919,G_P_text,0.008107421335076,2294,9174,0.5427880060722969,2294,0.0558353167048691,0.0097522647053179,-0.0048382831891344,0.5427880060722969,0.5313012445164801,0.0011145109534019,185,0.0133860624455406,0.0
Grocery,42,2,STRICT_SHUFFLE_9919,G_D_visual,0.0103076603440154,2294,9174,0.4755447662829278,2294,0.01361287748104,0.0385696118939762,-0.0019854047518481,0.4755447662829278,0.4831051028822616,-0.0023339881003571,197,0.0214684865021111,0.0181818181818181
Grocery,42,2,STRICT_SHUFFLE_9919,G_P_visual,0.0082223529292788,2294,9174,0.5406819821388592,2294,0.0653388967389466,0.0409501739402516,-0.0057166316591696,0.5406819821388592,0.5360689942535883,0.0290704386140772,189,-0.0128412719179008,-0.0303030303030303
Grocery,42,2,RIDGE_TARGET_ONLY,G_D_text,0.0115971132571436,2294,9174,0.5390329690174142,2294,0.056972306412311,0.033288516604013,-0.6915567847848723,0.5390329690174142,0.5232363237883383,,188,,
Grocery,42,2,RIDGE_TARGET_ONLY,G_P_text,0.008107421335076,2294,9174,0.4733724456213641,2294,-0.0225051356070745,0.0141403478298974,-0.4533273069218588,0.4733724456213641,0.4838543866257281,,185,,
Grocery,42,2,RIDGE_TARGET_ONLY,G_D_visual,0.0103076603440154,2294,9174,0.4781042425541032,2294,-0.0018463958655098,0.0151538586686049,-0.4867502454403685,0.4781042425541032,0.4697773211004409,,197,,
Grocery,42,2,RIDGE_TARGET_ONLY,G_P_visual,0.0082223529292788,2294,9174,0.5128170943307047,2294,0.0596604655201058,0.1011289930566873,-0.2642856811912055,0.5128170943307047,0.5070003296101893,,189,,
Grocery,42,2,RIDGE_ENDPOINT,G_D_text,0.0115971132571436,2294,9174,0.5044304810529728,2294,0.004397120295835,-0.0163006477156412,-0.94974441837721,0.5044304810529728,0.5026246342134101,0.0071962981926044,188,-0.0174671229178804,0.0113128671481074
Grocery,42,2,RIDGE_ENDPOINT,G_P_text,0.008107421335076,2294,9174,0.4834446207287517,2294,-0.0148945813951877,-0.0153346026032928,-0.6157903133603189,0.4834446207287517,0.4995807223598254,0.0076067835099236,185,0.0312956394884754,0.0333333333333333
Grocery,42,2,RIDGE_ENDPOINT,G_D_visual,0.0103076603440154,2294,9174,0.4869433027511022,2294,0.0010477914993002,0.0128775569664439,-0.5987361000647966,0.4869433027511022,0.4896752504691223,0.0110900876800706,197,-0.0183988881643283,0.0
Grocery,42,2,RIDGE_ENDPOINT,G_P_visual,0.0082223529292788,2294,9174,0.5199585188686286,2294,0.0493337967259818,0.0672989639571758,-0.4067386780500688,0.5199585188686286,0.5125578372596333,0.0063045316059411,189,-0.0500258216275919,-0.0182232819031282
Grocery,42,2,RIDGE_ENDPOINT_LOCAL,G_D_text,0.0115971132571436,2294,9174,0.5142698838101727,2294,0.0300883743682114,0.0102771772699386,-1.2315292340272277,0.5142698838101727,0.5104016777958819,0.0424092978483947,188,0.051446817309725,0.0416666666666666
Grocery,42,2,RIDGE_ENDPOINT_LOCAL,G_P_text,0.008107421335076,2294,9174,0.4909372110808003,2294,0.0014170541201106,0.0250286103091089,-0.7114870561881832,0.4909372110808003,0.4973264392218633,-0.0169338968060929,185,0.0125324287733755,0.0164835164835164
Grocery,42,2,RIDGE_ENDPOINT_LOCAL,G_D_visual,0.0103076603440154,2294,9174,0.4835060482692794,2294,0.0030150541954756,0.026344615245658,-0.8066569171110731,0.4835060482692794,0.4848079033315802,0.0467771975450131,197,0.0559021758913364,0.0727272727272727
Grocery,42,2,RIDGE_ENDPOINT_LOCAL,G_P_visual,0.0082223529292788,2294,9174,0.5212769596258613,2294,0.0576365125923983,0.0930534490028485,-0.5434941774207163,0.5212769596258613,0.516490615438195,0.0333220271445613,189,0.0374186862468729,0.0177964118078339
Grocery,42,2,DirectState,G_D_text,0.0115971132571436,2294,9174,0.5491851116136472,2294,0.0742574864450601,0.0490887251151047,0.0001158166357779,0.5491851116136472,0.5103967527590467,-0.0047314789091441,188,0.0312985971719155,0.0299450549450549
Grocery,42,2,DirectState,G_P_text,0.008107421335076,2294,9174,0.4976760909018274,2294,-0.0086469884265337,0.0102076952135822,-0.0002328765509984,0.4976760909018274,0.5099393911723413,-0.0289914339179,185,-0.0499990414791971,-0.1098901098901098
Grocery,42,2,DirectState,G_D_visual,0.0103076603440154,2294,9174,0.5021045574666745,2294,0.0119003378987811,0.0059447127227879,-0.0004867466458537,0.5021045574666745,0.5047520956295329,-0.0052210346973899,197,-0.0165112074706839,-0.0511406369296177
Grocery,42,2,DirectState,G_P_visual,0.0082223529292788,2294,9174,0.4610134891415209,2294,-0.0512682354375707,-0.0199804619560618,-0.0052018573472485,0.4610134891415209,0.4963486342943854,-0.0115064034677435,189,-0.017771644343629,-0.0499135177086065
Grocery,42,2,Frozen_Q_PAIR_text,G_D_text,0.0115971132571436,2294,9174,0.5590811522944515,2294,0.136405645468415,0.0575313419573676,0.0023289611668285,0.5590811522944515,0.5433694639507824,0.0343369017774436,188,0.0391974696525631,0.0263736263736263
Grocery,42,2,Frozen_Q_PAIR_text,G_P_text,0.008107421335076,2294,9174,0.5019438198399745,2294,-0.0151231842849243,-0.0327377848694016,-0.0064608760457607,0.5019438198399745,0.5114977951779267,0.0074748299315294,185,-0.0154558641371542,0.0
Grocery,42,2,Frozen_Q_PAIR_visual,G_D_visual,0.0103076603440154,2294,9174,0.542229126490965,2294,0.137517832976319,0.0495704577716697,0.0024214808699896,0.542229126490965,0.5214246060346339,0.0885106459352831,197,0.1261544711567631,0.1468531468531468
Grocery,42,2,Frozen_Q_PAIR_visual,G_P_visual,0.0082223529292788,2294,9174,0.5308387646458868,2294,0.0696413358604273,0.0857673501463453,0.000217382097582,0.5308387646458868,0.5295071083857807,0.0191728159607898,189,0.0297285676048994,0.0
Grocery,42,2,Frozen_R_SHARED_text,G_D_text,0.0115971132571436,2294,9174,0.4985458828744157,2294,0.0441034511838046,0.0244325312788646,-0.001103903690945,0.4985458828744157,0.4924215995698801,0.0034940809838531,188,0.018557669325338,0.0431901431901431
Grocery,42,2,Frozen_R_SHARED_text,G_P_text,0.008107421335076,2294,9174,0.5105789607849851,2294,0.017531651289639,-0.0120865791761468,-0.0031558407277201,0.5105789607849851,0.5034413486890916,0.017687408214857,185,0.0194181287009578,0.0857142857142857
Grocery,42,2,Frozen_R_SHARED_visual,G_D_visual,0.0103076603440154,2294,9174,0.5209400627227925,2294,0.0592650279716251,-0.006947914714847,-0.002800226014533,0.5209400627227925,0.5258634123536631,0.0495597411487188,197,0.0519637144940068,0.034762263010982
Grocery,42,2,Frozen_R_SHARED_visual,G_P_visual,0.0082223529292788,2294,9174,0.5057705104604593,2294,0.038434224079592,0.0401077803140211,-0.0040625653386703,0.5057705104604593,0.5092454103335904,0.0189826928278216,189,-0.0037985931224286,0.0454545454545454
Grocery,42,2,Frozen_U_MODAL_text,G_D_text,0.0115971132571436,2294,9174,0.5430485157170238,2294,0.1106369318205333,0.027802081822012,-0.0003161818456669,0.5430485157170238,0.5091310182924077,0.0750458307542016,188,0.0533855983382796,0.0741758241758241
Grocery,42,2,Frozen_U_MODAL_text,G_P_text,0.008107421335076,2294,9174,0.5040752112558164,2294,0.0261868027183962,0.0149109731109053,-0.0010680201469617,0.5040752112558164,0.4948290359277564,0.0019294372348419,185,0.0375376678316436,0.0345864661654135
Grocery,42,2,Frozen_U_MODAL_visual,G_D_visual,0.0103076603440154,2294,9174,0.5386084435527332,2294,0.0812491683852257,0.0092756311116722,-0.0009168500900433,0.5386084435527332,0.5210001233678114,0.0330365060303144,197,0.0255742778201919,0.0
Grocery,42,2,Frozen_U_MODAL_visual,G_P_visual,0.0082223529292788,2294,9174,0.5261628087763377,2294,0.0633072231612901,0.0573819443640034,-0.0031049048713285,0.5261628087763377,0.5099038533296849,0.0273991263617341,189,0.0253689948176338,-0.0139860139860139
Grocery,43,0,SIM_ONLY,G_D_text,0.0118735837806266,2363,9452,0.5609716474055982,2363,0.0553426044659848,-0.0093719874445652,-0.0002220447064644,0.5609716474055982,0.5,0.0261229192361628,195,-0.0263979006037494,-0.0714285714285714
Grocery,43,0,SIM_ONLY,G_P_text,0.0083056242751102,2363,9452,0.5351082878275091,2363,0.0768833367685899,0.0557659889316081,-0.0009228441637523,0.5351082878275091,0.5144339496662268,0.0495781745699172,191,0.0480386774172082,0.0042735042735042
Grocery,43,0,SIM_ONLY,G_D_visual,0.0109252364156308,2363,9452,0.5689344531148692,2363,0.1057315154506941,0.0715980390113915,0.0013730429852987,0.5689344531148692,0.5,0.0771784305134644,201,0.0710139536740548,0.0952380952380952
Grocery,43,0,SIM_ONLY,G_P_visual,0.0074546377954962,2363,9452,0.5797609368682408,2363,0.1480721596124188,0.0648689916958797,-0.0015167714136259,0.5797609368682408,0.5248824608701618,0.0838790299597702,192,0.0614746153828532,0.0811688311688311
Grocery,43,0,TARGET_ONLY,G_D_text,0.0118735837806266,2363,9452,0.529326955695773,2363,0.062342788873933,-0.0005931141689785,-0.0057670181880287,0.529326955695773,0.5125528642829681,,195,,
Grocery,43,0,TARGET_ONLY,G_P_text,0.0083056242751102,2363,9452,0.529236564713518,2363,0.038452284062256,-0.0093878765605965,-0.00905630991646,0.529236564713518,0.5234743283972138,,191,,
Grocery,43,0,TARGET_ONLY,G_D_visual,0.0109252364156308,2363,9452,0.501253270479111,2363,0.0558481571410685,0.0709131920166196,0.0048758459506715,0.501253270479111,0.4999233392068468,,201,,
Grocery,43,0,TARGET_ONLY,G_P_visual,0.0074546377954962,2363,9452,0.4953911232230463,2363,0.0213446546935484,0.0423500424937632,-0.0019646436584002,0.4953911232230463,0.5042596530971798,,192,,
Grocery,43,0,ENDPOINT,G_D_text,0.0118735837806266,2363,9452,0.4812734167100135,2363,0.0085814639787083,-0.0332553664816265,-0.0115414968309783,0.4812734167100135,0.5006279636037422,-0.0026905328226155,195,-0.009559478538735,0.0
Grocery,43,0,ENDPOINT,G_P_text,0.0083056242751102,2363,9452,0.5147128717704984,2363,0.0371120218914019,0.0212516197225734,-0.0068359513244578,0.5147128717704984,0.5069651551984331,0.0120367171285626,191,-0.0337465387168087,-0.0166666666666666
Grocery,43,0,ENDPOINT,G_D_visual,0.0109252364156308,2363,9452,0.4870653027910631,2363,-0.0116354304686861,0.0160530180267493,-0.0068238027705433,0.4870653027910631,0.493845396919838,0.0225272313482641,201,0.0760765458535869,0.0238095238095238
Grocery,43,0,ENDPOINT,G_P_visual,0.0074546377954962,2363,9452,0.5178622256021462,2363,0.0480260836959634,0.0370093493294976,-0.0034420944220943,0.5178622256021462,0.5189836094766972,0.0365633359765519,192,0.0571937277818032,0.0564685314685314
Grocery,43,0,ENDPOINT_LOCAL,G_D_text,0.0118735837806266,2363,9452,0.5203715011571718,2363,0.0418631485565908,0.013495157688692,-0.0102813359579581,0.5203715011571718,0.5197680379341278,-0.0032775855965546,195,-0.0264192642112858,0.0
Grocery,43,0,ENDPOINT_LOCAL,G_P_text,0.0083056242751102,2363,9452,0.5135311323016926,2363,0.0244122021086465,0.0007168343066313,-0.016740099076935,0.5135311323016926,0.5121458550811208,0.0123221478189269,191,0.002498673281484,-0.0285714285714285
Grocery,43,0,ENDPOINT_LOCAL,G_D_visual,0.0109252364156308,2363,9452,0.510395356110361,2363,0.0625356005962758,0.0744160158892375,0.0006937921509924,0.510395356110361,0.5105113007925429,0.0580716045266377,201,0.0562458713399198,0.0512989176042577
Grocery,43,0,ENDPOINT_LOCAL,G_P_visual,0.0074546377954962,2363,9452,0.518574174817652,2363,0.0556455337211027,0.0745139137834671,0.0019706661130785,0.518574174817652,0.5246047605354617,0.0053731465749245,192,-0.0375712530778535,-0.0195488721804511
Grocery,43,0,STRICT_SHUFFLE_9917,G_D_text,0.0118735837806266,2363,9452,0.5110447716187589,2363,0.0322098725153247,0.0096939456764785,-0.0116038613615414,0.5110447716187589,0.5172433679354095,-0.01533999180135,195,-0.0438494640870358,-0.0499999999999999
Grocery,43,0,STRICT_SHUFFLE_9917,G_P_text,0.0083056242751102,2363,9452,0.5121519576239426,2363,0.024451507289606,-0.0059871479770669,-0.0177414875778421,0.5121519576239426,0.5167399929066914,0.0115101423923829,191,-0.0074634104850334,0.0
Grocery,43,0,STRICT_SHUFFLE_9917,G_D_visual,0.0109252364156308,2363,9452,0.5026346903437913,2363,0.0660144690591467,0.0793312632566079,0.0021522834504268,0.5026346903437913,0.4974255703791849,0.0302873414998168,201,0.0205289579240805,0.0285714285714285
Grocery,43,0,STRICT_SHUFFLE_9917,G_P_visual,0.0074546377954962,2363,9452,0.518961714575144,2363,0.0593156490631567,0.0827446784155923,0.0041404342992132,0.518961714575144,0.5184727284404553,0.0011187958182796,192,0.0007356343409362,0.0603896103896103
Grocery,43,0,STRICT_SHUFFLE_9918,G_D_text,0.0118735837806266,2363,9452,0.5109580779639806,2363,0.033475344730822,0.00468982068995,-0.0126637807861211,0.5109580779639806,0.5141740356273228,-0.0134929353019308,195,-0.049578622528244,-0.0857142857142857
Grocery,43,0,STRICT_SHUFFLE_9918,G_P_text,0.0083056242751102,2363,9452,0.5126268790447295,2363,0.0208207531042654,-0.0100662576330442,-0.0188937108933817,0.5126268790447295,0.511770010237913,0.0105973681768437,191,0.008630431748535,0.0178571428571428
Grocery,43,0,STRICT_SHUFFLE_9918,G_D_visual,0.0109252364156308,2363,9452,0.4984675469308985,2363,0.0568314909224976,0.070409082267452,-0.0003546728107501,0.4984675469308985,0.5002818523688566,0.0175094316261852,201,-0.0173072236208059,0.0
Grocery,43,0,STRICT_SHUFFLE_9918,G_P_visual,0.0074546377954962,2363,9452,0.5145506217422211,2363,0.0464004453027171,0.0762982706268593,0.0026994264447035,0.5145506217422211,0.519824738611367,-0.0100729157137236,192,-0.006574743573017,-0.0170915291604946
Grocery,43,0,STRICT_SHUFFLE_9919,G_D_text,0.0118735837806266,2363,9452,0.5117217359838976,2363,0.0347919084520578,0.0076417804968851,-0.0122687469698665,0.5117217359838976,0.5148660771498141,-0.0071566865849263,195,-0.0355100909351343,-0.0499999999999999
Grocery,43,0,STRICT_SHUFFLE_9919,G_P_text,0.0083056242751102,2363,9452,0.5121871369884454,2363,0.0216643950290345,-0.005675929942771,-0.0178847920861571,0.5121871369884454,0.5156526633650713,0.0182757008897471,191,0.0050721624443012,-0.0181818181818181
Grocery,43,0,STRICT_SHUFFLE_9919,G_D_visual,0.0109252364156308,2363,9452,0.4979404563033479,2363,0.0540771433308416,0.0713797174318998,-0.000695313341396,0.4979404563033479,0.50125288908213,0.0161157335017383,201,-0.0016510018768858,0.0
Grocery,43,0,STRICT_SHUFFLE_9919,G_P_visual,0.0074546377954962,2363,9452,0.5161226756737426,2363,0.0516910900583618,0.0761467214600192,0.0026429270533927,0.5161226756737426,0.5207081978890395,-0.0116364683886363,192,-0.0114116011199297,0.002515905147484
Grocery,43,0,RIDGE_TARGET_ONLY,G_D_text,0.0118735837806266,2363,9452,0.5117696059584926,2363,0.0201387535379771,0.063601987382817,-0.5494354016491658,0.5117696059584926,0.5146994745610662,,195,,
Grocery,43,0,RIDGE_TARGET_ONLY,G_P_text,0.0083056242751102,2363,9452,0.493577612139609,2363,-0.020828865638364,0.0235625407972614,-0.6390520879244639,0.493577612139609,0.5014035848490375,,191,,
Grocery,43,0,RIDGE_TARGET_ONLY,G_D_visual,0.0109252364156308,2363,9452,0.5431512544146702,2363,0.0600396380949963,0.02061983773941,-0.5991265902534455,0.5431512544146702,0.523800697193681,,201,,
Grocery,43,0,RIDGE_TARGET_ONLY,G_P_visual,0.0074546377954962,2363,9452,0.4843013555863381,2363,-0.0065529696658894,-0.0376985701030914,-0.9646077252487416,0.4843013555863381,0.4873936455157052,,192,,
Grocery,43,0,RIDGE_ENDPOINT,G_D_text,0.0118735837806266,2363,9452,0.4937120715260344,2363,-0.0090274303338654,0.0135586356115753,-0.7993883417369072,0.4937120715260344,0.4903050108932462,0.0299129306868807,195,0.0467840229419444,0.0545454545454545
Grocery,43,0,RIDGE_ENDPOINT,G_P_text,0.0083056242751102,2363,9452,0.5164546092864907,2363,0.0211098043143284,0.0170708228477015,-0.845371882751158,0.5164546092864907,0.5105293991795311,0.0117919717912324,191,-0.0103346863340948,0.0030959752321981
Grocery,43,0,RIDGE_ENDPOINT,G_D_visual,0.0109252364156308,2363,9452,0.5149789850263545,2363,0.024048325021627,0.0558847835587547,-0.8552095560121307,0.5149789850263545,0.5085398597984698,0.0495894838030234,201,0.059435426297206,0.0857142857142857
Grocery,43,0,RIDGE_ENDPOINT,G_P_visual,0.0074546377954962,2363,9452,0.4990088907896907,2363,0.0290445859421929,-0.001335562985072,-1.019897257590063,0.4990088907896907,0.5039155382277682,0.0166990025526058,192,-0.0185296202413052,0.0
Grocery,43,0,RIDGE_ENDPOINT_LOCAL,G_D_text,0.0118735837806266,2363,9452,0.5136214578103444,2363,0.0348259004874589,0.0586911426043812,-0.9388135551599804,0.5136214578103444,0.5156029732154299,0.0491903234145282,195,0.0936545703386226,0.0476190476190476
Grocery,43,0,RIDGE_ENDPOINT_LOCAL,G_P_text,0.0083056242751102,2363,9452,0.5266939581954279,2363,0.0310454178418955,0.0245498226291468,-1.1489237129876209,0.5266939581954279,0.5185904992741563,0.0338355399751653,191,0.0270645903759358,0.0419580419580419
Grocery,43,0,RIDGE_ENDPOINT_LOCAL,G_D_visual,0.0109252364156308,2363,9452,0.5195725302638503,2363,0.0188179652011533,0.0454246992744832,-1.1626389064632825,0.5195725302638503,0.5045943080314577,0.0557024844567519,201,0.0223802250287467,0.0593406593406593
Grocery,43,0,RIDGE_ENDPOINT_LOCAL,G_P_visual,0.0074546377954962,2363,9452,0.4906479577165661,2363,0.0143576545777885,-0.0198671738824749,-1.315878653383109,0.4906479577165661,0.4965500933452636,0.0341562472055863,192,0.0428735133206471,0.0677834742929363
Grocery,43,0,DirectState,G_D_text,0.0118735837806266,2363,9452,0.5179056320721291,2363,0.1012429589663601,0.027260310853254,0.0006282523307964,0.5179056320721291,0.4963667820069204,-0.0331414219823498,195,-0.0688211980079082,-0.103030303030303
Grocery,43,0,DirectState,G_P_text,0.0083056242751102,2363,9452,0.5070857701624425,2363,0.0034765269998119,0.0066465765127665,-0.0034836983437342,0.5070857701624425,0.5120080094079672,-0.0185530417619455,191,0.0178122376208418,0.0
Grocery,43,0,DirectState,G_D_visual,0.0109252364156308,2363,9452,0.5300899334080871,2363,0.0994269293890704,0.0456426237522954,0.0013221648602621,0.5300899334080871,0.5119693814503764,0.0365467424360679,201,0.0141950394562188,0.0139860139860139
Grocery,43,0,DirectState,G_P_visual,0.0074546377954962,2363,9452,0.5034557452951506,2363,0.0358275661498409,0.0390546688228696,-0.0042142133965501,0.5034557452951506,0.4932797248832637,-0.001489823766151,192,0.0198916247758878,0.0
Grocery,43,0,Frozen_Q_PAIR_text,G_D_text,0.0118735837806266,2363,9452,0.5577115890569992,2363,0.1286841423987156,0.0425571536874586,0.0014605978755829,0.5577115890569992,0.5374919902601564,-0.0273125821390194,195,0.010895234474563,0.0
Grocery,43,0,Frozen_Q_PAIR_text,G_P_text,0.0083056242751102,2363,9452,0.5050241876079612,2363,0.0030941246727808,0.0195971997028285,-0.0041942904664016,0.5050241876079612,0.5072211030238458,0.02249396269892,191,0.0065088175568836,0.0318627450980392
Grocery,43,0,Frozen_Q_PAIR_visual,G_D_visual,0.0109252364156308,2363,9452,0.5361160057056988,2363,0.112144092922616,0.0783374362984232,0.005783867561251,0.5361160057056988,0.5131852750253629,-0.0064824254381019,201,0.0206758486934835,0.0219780219780219
Grocery,43,0,Frozen_Q_PAIR_visual,G_P_visual,0.0074546377954962,2363,9452,0.5134084377111946,2363,0.0548835529751788,0.0446156812229793,-0.0016099507052895,0.5134084377111946,0.5126256949806668,0.0080551986791876,192,-0.0041361783044954,-0.0079413576210035
Grocery,43,0,Frozen_R_SHARED_text,G_D_text,0.0118735837806266,2363,9452,0.5182297909552134,2363,0.0560335823502267,0.0223479775908641,-0.0002260712989432,0.5182297909552134,0.5065359477124183,0.0488016811453763,195,0.053553360816008,0.0714285714285714
Grocery,43,0,Frozen_R_SHARED_text,G_P_text,0.0083056242751102,2363,9452,0.5133157484373901,2363,0.010102478310846,-0.0002168222014974,-0.0050795876004454,0.5133157484373901,0.5123048801675973,0.052035995689412,191,0.075344632107151,0.0476190476190476
Grocery,43,0,Frozen_R_SHARED_visual,G_D_visual,0.0109252364156308,2363,9452,0.4845907991792336,2363,0.0153490786672825,0.0013663633336461,-0.0042167093241467,0.4845907991792336,0.5063632272286933,-0.0614514746495504,201,-0.0058544552404471,-0.0514705882352941
Grocery,43,0,Frozen_R_SHARED_visual,G_P_visual,0.0074546377954962,2363,9452,0.5331671267028759,2363,0.0460990225136079,0.0254079060245951,-0.0063586708051599,0.5331671267028759,0.5217865217905359,0.0399959536623919,192,-0.0045777385258574,0.0
Grocery,43,0,Frozen_U_MODAL_text,G_D_text,0.0118735837806266,2363,9452,0.5043052822820786,2363,0.0440930890144871,0.0049664578319399,-0.0010486678103578,0.5043052822820786,0.5016852492631039,0.0069339548012694,195,0.0459340901751469,0.0714285714285714
Grocery,43,0,Frozen_U_MODAL_text,G_P_text,0.0083056242751102,2363,9452,0.5435857967264524,2363,0.0421046415996136,-0.0005724626584274,-0.0037800022781357,0.5435857967264524,0.5405653970027182,0.0665336149160301,191,0.0628515835965016,0.0714285714285714
Grocery,43,0,Frozen_U_MODAL_visual,G_D_visual,0.0109252364156308,2363,9452,0.525081428255414,2363,0.0974673204332831,0.0943624773024942,0.006950790966005,0.525081428255414,0.5080036156433786,0.0355128520809873,201,0.0106404636628231,0.0
Grocery,43,0,Frozen_U_MODAL_visual,G_P_visual,0.0074546377954962,2363,9452,0.514877585605416,2363,0.0311518684300027,0.0344768691094832,-0.0033044032108802,0.514877585605416,0.5185106796031476,-0.0319628302674073,192,-0.0450544904681467,-0.0845238095238095
Grocery,43,1,SIM_ONLY,G_D_text,0.0126743874092026,2363,9452,0.5124574415965371,2363,-0.0131526768735959,-0.0192862353620274,-0.0018631673363189,0.5124574415965371,0.4909107963460238,0.0171000430627966,192,-0.0099397750557121,0.0202380952380952
Grocery,43,1,SIM_ONLY,G_P_text,0.0087325003220248,2363,9452,0.584990278965745,2363,0.1511967562793317,0.0733671851444911,0.0016779186837522,0.584990278965745,0.549352336988213,0.0534777340781127,185,0.0606977707720632,0.0404907975460122
Grocery,43,1,SIM_ONLY,G_D_visual,0.0114054394610991,2363,9452,0.5256063360532137,2363,0.0591053971399875,0.0430505237737169,0.0011027987165135,0.5256063360532137,0.4958743781620372,0.0400330813651512,196,0.0147630282809967,0.0613053613053613
Grocery,43,1,SIM_ONLY,G_P_visual,0.008334063178612,2363,9452,0.5632187590684985,2363,0.1137261411643966,0.0728186848785697,0.0016691032190057,0.5632187590684985,0.5094095109308091,0.0395529952833741,191,0.084251796669362,0.0952380952380952
Grocery,43,1,TARGET_ONLY,G_D_text,0.0126743874092026,2363,9452,0.5071733002995367,2363,0.0387548515318298,0.0282964109050606,-3.878854189731662e-05,0.5071733002995367,0.501290318079492,,192,,
Grocery,43,1,TARGET_ONLY,G_P_text,0.0087325003220248,2363,9452,0.5328240714872107,2363,0.0451103910591387,0.0069745414827056,-0.0027913617875734,0.5328240714872107,0.5078226745810356,,185,,
Grocery,43,1,TARGET_ONLY,G_D_visual,0.0114054394610991,2363,9452,0.5423049460486571,2363,0.0696986103016392,0.0334399127462824,-0.0004264725544282,0.5423049460486571,0.5233417262863844,,196,,
Grocery,43,1,TARGET_ONLY,G_P_visual,0.008334063178612,2363,9452,0.5181101138524675,2363,0.025025885096092,0.0385852451489017,-0.0005467280319211,0.5181101138524675,0.497157739213182,,191,,
Grocery,43,1,ENDPOINT,G_D_text,0.0126743874092026,2363,9452,0.510102388231865,2363,0.0285789605730222,-0.0027274757167384,-0.0070364505911997,0.510102388231865,0.5009907038183182,0.0067135767811228,192,-0.0325308196343306,-0.0045782906464021
Grocery,43,1,ENDPOINT,G_P_text,0.0087325003220248,2363,9452,0.523635652484129,2363,0.0296267970635905,-0.0162122833510644,-0.0091866316415207,0.523635652484129,0.5242947056539599,0.0222706929752578,185,0.0002577402248294,0.0
Grocery,43,1,ENDPOINT,G_D_visual,0.0114054394610991,2363,9452,0.5634803196211897,2363,0.0746836084101838,0.035503888428901,-0.00236786385385,0.5634803196211897,0.5272817949645414,0.0093273908704042,196,0.0127535288034077,0.0605617793549454
Grocery,43,1,ENDPOINT,G_P_visual,0.008334063178612,2363,9452,0.5445879200602185,2363,0.0900621458867363,0.0613910392806304,0.0020324737625433,0.5445879200602185,0.5292427315753888,0.0445947201647991,191,0.0511621290510784,0.0999999999999999
Grocery,43,1,ENDPOINT_LOCAL,G_D_text,0.0126743874092026,2363,9452,0.528421881686088,2363,0.0728201133353423,0.0377844802675753,-0.0024635750164019,0.528421881686088,0.5125097675024342,0.0149802340717451,192,-0.0473891084841719,-0.0285714285714285
Grocery,43,1,ENDPOINT_LOCAL,G_P_text,0.0087325003220248,2363,9452,0.5073957227449278,2363,0.013835508275642,-0.0288286986833702,-0.017848791196815,0.5073957227449278,0.5133182467466413,0.0125164684161138,185,-0.0267260812333833,-0.0175438596491228
Grocery,43,1,ENDPOINT_LOCAL,G_D_visual,0.0114054394610991,2363,9452,0.5448701989098557,2363,0.0536793901527476,0.0293237460141549,-0.0054394115162001,0.5448701989098557,0.5178358081583888,-0.0124117468745212,196,-0.035965607264297,0.0
Grocery,43,1,ENDPOINT_LOCAL,G_P_visual,0.008334063178612,2363,9452,0.5462436345584737,2363,0.0918347547695463,0.0859977161844158,0.0057986286006342,0.5462436345584737,0.520434227330779,0.0376668847763289,191,0.0251322460822161,0.0357142857142857
Grocery,43,1,STRICT_SHUFFLE_9917,G_D_text,0.0126743874092026,2363,9452,0.5241606149495501,2363,0.0693946914818635,0.0320768164710458,-0.0036798329905753,0.5241606149495501,0.5146217961041619,0.005525353628751,192,-0.0649946256955545,-0.0357142857142857
Grocery,43,1,STRICT_SHUFFLE_9917,G_P_text,0.0087325003220248,2363,9452,0.5047544955306167,2363,0.0101831358958175,-0.0325392876666564,-0.0195758419796272,0.5047544955306167,0.5120481366704347,0.0094122777216358,185,-0.0469480967172713,-0.0197802197802197
Grocery,43,1,STRICT_SHUFFLE_9917,G_D_visual,0.0114054394610991,2363,9452,0.5345050584766478,2363,0.043944998502415,0.0250455009626051,-0.0063671119693295,0.5345050584766478,0.5070052189762163,-0.0227847143202665,196,-0.044490243676902,-0.0118697478991596
Grocery,43,1,STRICT_SHUFFLE_9917,G_P_visual,0.008334063178612,2363,9452,0.5376130017779781,2363,0.0799918269232911,0.0838994176924644,0.0056102441306759,0.5376130017779781,0.5213169559011344,0.0374568613744283,191,0.030738319268678,0.0216830178611576
Grocery,43,1,STRICT_SHUFFLE_9918,G_D_text,0.0126743874092026,2363,9452,0.5235513088453262,2363,0.0687416124921964,0.0297543679739995,-0.004187066938164,0.5235513088453262,0.5136264410942084,0.0099090986663989,192,-0.0595692678271027,-0.0429570429570429
Grocery,43,1,STRICT_SHUFFLE_9918,G_P_text,0.0087325003220248,2363,9452,0.5064691083153885,2363,0.0106885108966354,-0.0329692272550064,-0.0193034757329866,0.5064691083153885,0.5162793296569628,0.0092165928056112,185,-0.0370760921608674,0.0
Grocery,43,1,STRICT_SHUFFLE_9918,G_D_visual,0.0114054394610991,2363,9452,0.5340955888455148,2363,0.0429484299195505,0.0248219725712732,-0.0065498011232296,0.5340955888455148,0.5041722058590955,-0.0318553487353991,196,-0.0644182012963593,0.0
Grocery,43,1,STRICT_SHUFFLE_9918,G_P_visual,0.008334063178612,2363,9452,0.5381653976292643,2363,0.0804112912183389,0.0839265218319506,0.0056605840475396,0.5381653976292643,0.5187063331079558,0.0359132169492023,191,0.0274125514135135,0.0021978021978021
Grocery,43,1,STRICT_SHUFFLE_9919,G_D_text,0.0126743874092026,2363,9452,0.523042003361261,2363,0.0664236513445868,0.029926977519551,-0.0041886223531169,0.523042003361261,0.5137993103833203,0.0037198453612498,192,-0.0698836333922323,-0.0636863136863137
Grocery,43,1,STRICT_SHUFFLE_9919,G_P_text,0.0087325003220248,2363,9452,0.5010752595738218,2363,0.0029967395885159,-0.0370084112299008,-0.0205485431856395,0.5010752595738218,0.5061173745040983,0.0040761943149158,185,-0.0443999937104973,0.0
Grocery,43,1,STRICT_SHUFFLE_9919,G_D_visual,0.0114054394610991,2363,9452,0.5358892693903052,2363,0.0439126144162301,0.0251038099453879,-0.0062992332088549,0.5358892693903052,0.5059063841247919,-0.0241231887641015,196,-0.0568585459263785,0.0
Grocery,43,1,STRICT_SHUFFLE_9919,G_P_visual,0.008334063178612,2363,9452,0.5390978418262354,2363,0.0827383566739006,0.0853187673898053,0.0058828037896714,0.5390978418262354,0.515669997245386,0.0336685386367337,191,0.0359051529178178,0.0299432151415986
Grocery,43,1,RIDGE_TARGET_ONLY,G_D_text,0.0126743874092026,2363,9452,0.5072632233378191,2363,0.0062203295608985,0.0267378985604392,-0.4543610294782589,0.5072632233378191,0.5157597876575979,,192,,
Grocery,43,1,RIDGE_TARGET_ONLY,G_P_text,0.0087325003220248,2363,9452,0.4810124632685312,2363,-0.0324641537215826,0.0092091673874228,-0.6088157036870578,0.4810124632685312,0.4786341409600112,,185,,
Grocery,43,1,RIDGE_TARGET_ONLY,G_D_visual,0.0114054394610991,2363,9452,0.5218071938255424,2363,0.0194110394842977,0.02099071069553,-0.5206880427583906,0.5218071938255424,0.518203782779101,,196,,
Grocery,43,1,RIDGE_TARGET_ONLY,G_P_visual,0.008334063178612,2363,9452,0.5056642670590887,2363,0.0269999991140153,0.0029835252631165,-0.5065029981494538,0.5056642670590887,0.4904652793428993,,191,,
Grocery,43,1,RIDGE_ENDPOINT,G_D_text,0.0126743874092026,2363,9452,0.499775192404294,2363,0.032014763159671,0.0209378786595848,-0.6076893227475451,0.499775192404294,0.5057364696835329,0.0454623148587802,192,0.0793941776277351,0.0728070175438596
Grocery,43,1,RIDGE_ENDPOINT,G_P_text,0.0087325003220248,2363,9452,0.4980307204740598,2363,-0.0003871361376248,-0.0049016230539229,-0.9029297254305682,0.4980307204740598,0.4968311720687536,0.0003412347129195,185,0.0201016045952104,0.0588235294117647
Grocery,43,1,RIDGE_ENDPOINT,G_D_visual,0.0114054394610991,2363,9452,0.4986322305055658,2363,0.0190162250795023,0.0244086789253493,-0.7225459035781201,0.4986322305055658,0.497911156833915,0.0213755423235993,196,0.0558450020518012,0.0883116883116883
Grocery,43,1,RIDGE_ENDPOINT,G_P_visual,0.008334063178612,2363,9452,0.4976548954793396,2363,0.0137210375018131,0.0499084558825136,-0.5719691387904728,0.4976548954793396,0.4877106653644855,0.004033443790938,191,-0.0039513428589298,0.0
Grocery,43,1,RIDGE_ENDPOINT_LOCAL,G_D_text,0.0126743874092026,2363,9452,0.5077333812922871,2363,0.0452302049904679,0.0396124092389873,-0.85350726162985,0.5077333812922871,0.500390312498062,0.0668928336627115,192,0.0917953489345142,0.1024475524475524
Grocery,43,1,RIDGE_ENDPOINT_LOCAL,G_P_text,0.0087325003220248,2363,9452,0.5069959926701826,2363,0.0190462716233097,0.0292324419901168,-1.192139072751854,0.5069959926701826,0.5069938435837592,0.0352058551342634,185,0.0569117257704439,0.0505494505494505
Grocery,43,1,RIDGE_ENDPOINT_LOCAL,G_D_visual,0.0114054394610991,2363,9452,0.4907215590849802,2363,-0.0037033670636831,0.0073382592514931,-1.0254386785800589,0.4907215590849802,0.497755354813656,0.0168055088086525,196,-0.0088697442799341,-0.0285714285714285
Grocery,43,1,RIDGE_ENDPOINT_LOCAL,G_P_visual,0.008334063178612,2363,9452,0.496576618777629,2363,0.0038598733974356,0.0130751904224099,-0.904640438701495,0.496576618777629,0.4951356021335737,0.0142951730062276,191,-0.0207385486929874,-0.0373626373626373
Grocery,43,1,DirectState,G_D_text,0.0126743874092026,2363,9452,0.509030288559929,2363,0.0308772748143495,-0.0032139877236741,-0.0021777378643867,0.509030288559929,0.5110229365763509,0.0007283531463787,192,0.0363975436430692,0.0341491841491841
Grocery,43,1,DirectState,G_P_text,0.0087325003220248,2363,9452,0.4764388491785475,2363,-0.019598245781967,0.005882804119371,-0.0012884334145031,0.4764388491785475,0.4926504826131744,0.0089060463824247,185,0.0427181563232863,0.0285714285714285
Grocery,43,1,DirectState,G_D_visual,0.0114054394610991,2363,9452,0.509276092140845,2363,0.0434881334640344,-0.0100797974617117,-0.0019848354217704,0.509276092140845,0.5012886940972173,-0.0087901220948047,196,0.0232268187233203,0.0078701999754631
Grocery,43,1,DirectState,G_P_visual,0.008334063178612,2363,9452,0.5005914318247771,2363,0.0253577321733893,0.0278035577186928,-0.0025429291877234,0.5005914318247771,0.5075814489269527,0.0390801548495341,191,-0.0042281933053389,0.0499999999999999
Grocery,43,1,Frozen_Q_PAIR_text,G_D_text,0.0126743874092026,2363,9452,0.4879572896576102,2363,0.0433244678137155,-0.0168143184978296,-0.0071170218119738,0.4879572896576102,0.4986941779483904,-0.0216125701805534,192,0.0010981766576009,-0.0336600946081758
Grocery,43,1,Frozen_Q_PAIR_text,G_P_text,0.0087325003220248,2363,9452,0.56271893817938,2363,0.0746817859871509,0.0491312935309172,0.0017996612271038,0.56271893817938,0.5307154595248227,-0.0234211584780335,185,0.018878332197638,0.0
Grocery,43,1,Frozen_Q_PAIR_visual,G_D_visual,0.0114054394610991,2363,9452,0.5214435252908174,2363,0.1132506363110282,-0.0016598250088432,-0.003826876460105,0.5214435252908174,0.5100218279413308,0.0142549621385516,196,-0.0118426647363381,0.0166666666666666
Grocery,43,1,Frozen_Q_PAIR_visual,G_P_visual,0.008334063178612,2363,9452,0.5258020419496775,2363,0.0555973229349441,0.0605454748796838,0.0008427250245987,0.5258020419496775,0.5130155510480054,0.0261728913150585,191,0.0518478059132158,0.0357142857142857
Grocery,43,1,Frozen_R_SHARED_text,G_D_text,0.0126743874092026,2363,9452,0.5282590899788526,2363,0.0387790549800335,-0.0085169291724681,-0.0058726536082505,0.5282590899788526,0.5126109309205018,-0.0042053140280871,192,0.0236889186804676,0.0285714285714285
Grocery,43,1,Frozen_R_SHARED_text,G_P_text,0.0087325003220248,2363,9452,0.5184893068623195,2363,0.0316952013458472,0.0368444622769899,-0.0010201514287846,0.5184893068623195,0.5041269622949951,-0.0156878528919397,185,-0.0138447766524885,0.0
Grocery,43,1,Frozen_R_SHARED_visual,G_D_visual,0.0114054394610991,2363,9452,0.4978704447482192,2363,0.031972073442872,0.0108662081550973,-0.0018940816508081,0.4978704447482192,0.506138129843368,-0.01844108284791,196,-0.0041814550647667,0.0
Grocery,43,1,Frozen_R_SHARED_visual,G_P_visual,0.008334063178612,2363,9452,0.4992141248355702,2363,-0.0034073829277427,-0.0192646781054151,-0.0056045302504874,0.4992141248355702,0.5046077179275286,-0.0076892778822162,191,-0.0332155088495107,0.0
Grocery,43,1,Frozen_U_MODAL_text,G_D_text,0.0126743874092026,2363,9452,0.5158962226122332,2363,0.0209327247911207,-0.0174388637644516,-0.0053456747797482,0.5158962226122332,0.5045880129489175,0.0021903717411125,192,0.056350307130775,0.0857142857142857
Grocery,43,1,Frozen_U_MODAL_text,G_P_text,0.0087325003220248,2363,9452,0.5178660717995447,2363,0.0438101976853837,0.0313411466098258,0.0004352839818948,0.5178660717995447,0.5065819353526149,-0.0134441299872046,185,-0.0004171710169059,-0.0629370629370629
Grocery,43,1,Frozen_U_MODAL_visual,G_D_visual,0.0114054394610991,2363,9452,0.5138875187706203,2363,-0.0237886207682493,-0.0256344509917548,-0.004811314489981,0.5138875187706203,0.5061498737142418,0.0038588794988336,196,0.0141389805254111,0.0416666666666666
Grocery,43,1,Frozen_U_MODAL_visual,G_P_visual,0.008334063178612,2363,9452,0.4753322108649635,2363,-0.0783322447262351,-0.056455987564484,-0.0171407817453401,0.4753322108649635,0.4875979766108231,-0.0519435602116835,191,-0.0339731525872872,-0.0285714285714285
Grocery,43,2,SIM_ONLY,G_D_text,0.011154458447949,2363,9452,0.5334018993576861,2363,0.0229047982806799,-0.0118065422775053,-0.0010275293217827,0.5334018993576861,0.5006060606060606,0.0018943920138848,199,-0.0021962440968059,0.0
Grocery,43,2,SIM_ONLY,G_P_text,0.0076548561503222,2363,9452,0.5482539978219751,2363,0.0486451657648747,0.0299466282675745,0.0005179479136973,0.5482539978219751,0.538219321373302,0.0326561492703633,193,0.0085262494625241,0.0285714285714285
Grocery,43,2,SIM_ONLY,G_D_visual,0.0104757916397934,2363,9452,0.5576302233910929,2363,0.096330183482021,0.0404592791208928,0.0006282566554219,0.5576302233910929,0.499740035066122,0.0831699326345626,196,0.1380382315233995,0.1254578754578754
Grocery,43,2,SIM_ONLY,G_P_visual,0.0081457349548057,2363,9452,0.6079294520183979,2363,0.1479238910041169,0.0704243830578989,0.0003509644726444,0.6079294520183979,0.5258329544716503,0.0697815925893334,196,0.0109092853954366,0.0185383244206773
Grocery,43,2,TARGET_ONLY,G_D_text,0.011154458447949,2363,9452,0.4924959609094849,2363,0.0170602043588614,0.0065156655156365,-0.0028305196146756,0.4924959609094849,0.4990010639555503,,199,,
Grocery,43,2,TARGET_ONLY,G_P_text,0.0076548561503222,2363,9452,0.5080250186278443,2363,-0.0118907440401162,0.0003226814634471,-0.0027471454940846,0.5080250186278443,0.4966537943485986,,193,,
Grocery,43,2,TARGET_ONLY,G_D_visual,0.0104757916397934,2363,9452,0.5322208854817551,2363,0.0548241795109701,0.0108987783730596,-0.0035045948654315,0.5322208854817551,0.5033663321706799,,196,,
Grocery,43,2,TARGET_ONLY,G_P_visual,0.0081457349548057,2363,9452,0.5300431164276393,2363,0.0212453293265273,0.0024036457342276,-0.0065446436230507,0.5300431164276393,0.5035027484693004,,196,,
Grocery,43,2,ENDPOINT,G_D_text,0.011154458447949,2363,9452,0.5150057138353628,2363,-0.0033636053779283,-0.0189710966813099,-0.0081769757485419,0.5150057138353628,0.5055246877093431,0.0220362052825487,199,0.0677483474079111,0.0357142857142857
Grocery,43,2,ENDPOINT,G_P_text,0.0076548561503222,2363,9452,0.5188406316272138,2363,0.0234446689497781,-0.0223767695123059,-0.0079598487610967,0.5188406316272138,0.5104083080185705,0.0305187233914978,193,-0.0715431977782395,-0.0612745098039215
Grocery,43,2,ENDPOINT,G_D_visual,0.0104757916397934,2363,9452,0.5336734249777728,2363,0.0643808038422355,0.0536248640285315,0.0010135368308251,0.5336734249777728,0.5196252152773891,0.005393735754555,196,0.0386380754219264,0.0069930069930069
Grocery,43,2,ENDPOINT,G_P_visual,0.0081457349548057,2363,9452,0.5623904007274144,2363,0.0741920873358718,0.0428459111443108,-0.0022098682020956,0.5623904007274144,0.5447596786859306,0.0359249265654016,196,0.0150306119141621,0.0318431568431568
Grocery,43,2,ENDPOINT_LOCAL,G_D_text,0.011154458447949,2363,9452,0.5095472278047051,2363,0.0313093989728045,0.0188285388530345,-0.0039466746582053,0.5095472278047051,0.5018571935216929,0.0012834090328835,199,0.0199224378658161,0.0636363636363636
Grocery,43,2,ENDPOINT_LOCAL,G_P_text,0.0076548561503222,2363,9452,0.4967000057316444,2363,-0.0067108088518517,-0.0069349192745808,-0.0074115339800471,0.4967000057316444,0.505152748323494,0.0171131201679936,193,-0.0456273790356893,-0.0285714285714285
Grocery,43,2,ENDPOINT_LOCAL,G_D_visual,0.0104757916397934,2363,9452,0.5236377682029856,2363,0.0620336271778585,0.0508397528897198,-0.000804734004328,0.5236377682029856,0.5170380007336529,-0.0190306854803822,196,-0.0036978219826754,-0.0303571428571428
Grocery,43,2,ENDPOINT_LOCAL,G_P_visual,0.0081457349548057,2363,9452,0.5691235600795905,2363,0.0827307010846453,0.047137556994293,-0.0014763132009603,0.5691235600795905,0.561652358487781,0.0296021670737324,196,0.0197178294287979,-0.0142857142857142
Grocery,43,2,STRICT_SHUFFLE_9917,G_D_text,0.011154458447949,2363,9452,0.5019127556448753,2363,0.0172313354078297,0.0085090382618324,-0.0056145875926103,0.5019127556448753,0.4962702447097765,-0.0199642088109462,199,0.0192834543198629,0.0428571428571428
Grocery,43,2,STRICT_SHUFFLE_9917,G_P_text,0.0076548561503222,2363,9452,0.4877607898205995,2363,-0.0198116046947753,-0.0193745086301417,-0.0092283370263119,0.4877607898205995,0.4975730068206568,-0.0049368158694499,193,-0.0554923209589692,0.0
Grocery,43,2,STRICT_SHUFFLE_9917,G_D_visual,0.0104757916397934,2363,9452,0.5178128438998004,2363,0.0537622444866195,0.0476742963172423,-0.0016078104755699,0.5178128438998004,0.5143217751913404,-0.0349305386926203,196,-0.0038916469979335,-0.0845238095238095
Grocery,43,2,STRICT_SHUFFLE_9917,G_P_visual,0.0081457349548057,2363,9452,0.5635875052400998,2363,0.0745167330816116,0.0470954843491887,-0.0017253841045661,0.5635875052400998,0.5663488902796885,0.0167740976813794,196,0.0236333682219927,-0.0415584415584415
Grocery,43,2,STRICT_SHUFFLE_9918,G_D_text,0.011154458447949,2363,9452,0.5003633211175473,2363,0.0164036833903477,0.0114527542359984,-0.0051522621495292,0.5003633211175473,0.491052527879576,-0.0201287685350954,199,0.0170366705026948,0.0326086956521739
Grocery,43,2,STRICT_SHUFFLE_9918,G_P_text,0.0076548561503222,2363,9452,0.489731759041669,2363,-0.0180847914687496,-0.0188299065870365,-0.0091904313382968,0.489731759041669,0.4958510059035937,0.0059858692521324,193,-0.0525192017809433,0.0
Grocery,43,2,STRICT_SHUFFLE_9918,G_D_visual,0.0104757916397934,2363,9452,0.512955890673282,2363,0.0491024025145272,0.0465642150667155,-0.0021226606343049,0.512955890673282,0.5153138386834039,-0.0437599530478755,196,-0.0175439579733378,-0.0791208791208791
Grocery,43,2,STRICT_SHUFFLE_9918,G_P_visual,0.0081457349548057,2363,9452,0.5639129818677783,2363,0.0749943232070287,0.0479384050128008,-0.0014533223346588,0.5639129818677783,0.5642189003761063,0.0153946029142771,196,0.0137836654320894,-0.0375
Grocery,43,2,STRICT_SHUFFLE_9919,G_D_text,0.011154458447949,2363,9452,0.4972163770343225,2363,0.0108477506570884,0.0066520769547902,-0.0058619845248275,0.4972163770343225,0.4861599085786341,-0.0253299354955209,199,0.0229992889778727,0.0365612648221343
Grocery,43,2,STRICT_SHUFFLE_9919,G_P_text,0.0076548561503222,2363,9452,0.4909869891671921,2363,-0.0164248286545976,-0.019822414557614,-0.0094808529109988,0.4909869891671921,0.5001124835215223,-0.0016106916059463,193,-0.0527840455059544,-0.0114085136037581
Grocery,43,2,STRICT_SHUFFLE_9919,G_D_visual,0.0104757916397934,2363,9452,0.5148619116010421,2363,0.0498086525217655,0.0444674820082005,-0.0022763486989174,0.5148619116010421,0.5181038958212871,-0.0409936548574435,196,0.0050118670492031,-0.0552780552780552
Grocery,43,2,STRICT_SHUFFLE_9919,G_P_visual,0.0081457349548057,2363,9452,0.5648451292164354,2363,0.0754281171698254,0.0471916630963143,-0.0015236734274279,0.5648451292164354,0.5612663623964527,0.0186934009430433,196,0.0262569212414376,0.0
Grocery,43,2,RIDGE_TARGET_ONLY,G_D_text,0.011154458447949,2363,9452,0.5252839185088859,2363,0.0298368836065021,0.039890405762749,-0.5040103366366635,0.5252839185088859,0.5200015762304449,,199,,
Grocery,43,2,RIDGE_TARGET_ONLY,G_P_text,0.0076548561503222,2363,9452,0.4937589556943886,2363,-0.0022854934222468,-0.0303200382130834,-0.526784881112,0.4937589556943886,0.4909364790508397,,193,,
Grocery,43,2,RIDGE_TARGET_ONLY,G_D_visual,0.0104757916397934,2363,9452,0.5215798096232879,2363,0.0344138435287706,0.0385916322491967,-0.4552625816027109,0.5215798096232879,0.5053955352868396,,196,,
Grocery,43,2,RIDGE_TARGET_ONLY,G_P_visual,0.0081457349548057,2363,9452,0.51675245177632,2363,0.0438727743375662,0.0412251472807031,-0.4379961904163103,0.51675245177632,0.5266765367515513,,196,,
Grocery,43,2,RIDGE_ENDPOINT,G_D_text,0.011154458447949,2363,9452,0.5433069314733814,2363,0.0555801210852453,0.0119771877919053,-0.6512126345475293,0.5433069314733814,0.5310225795011231,0.0587338151304851,199,0.038782162226587,0.0714285714285714
Grocery,43,2,RIDGE_ENDPOINT,G_P_text,0.0076548561503222,2363,9452,0.5164347738866281,2363,0.0252383821539957,0.0063414887294695,-0.6630648411868691,0.5164347738866281,0.5164208030033817,-0.0052544572246401,193,-0.0369346840121659,-0.0461538461538461
Grocery,43,2,RIDGE_ENDPOINT,G_D_visual,0.0104757916397934,2363,9452,0.5307916612264438,2363,0.066043592418113,0.0448502470352499,-0.5681387593038532,0.5307916612264438,0.5211916108655239,-0.0108942285226265,196,-0.0177700634257542,-0.0286883625887594
Grocery,43,2,RIDGE_ENDPOINT,G_P_visual,0.0081457349548057,2363,9452,0.5220519640780081,2363,0.0346000034512254,0.0624272518479745,-0.5049673729071218,0.5220519640780081,0.5202371182107495,-0.0312789928928569,196,-0.0090033539462676,-0.0186714750413965
Grocery,43,2,RIDGE_ENDPOINT_LOCAL,G_D_text,0.011154458447949,2363,9452,0.5514694408322498,2363,0.0621043805043045,0.027677696896627,-0.8684232736058339,0.5514694408322498,0.5390381053710052,0.0693101022230824,199,0.0423521337787912,0.0461538461538461
Grocery,43,2,RIDGE_ENDPOINT_LOCAL,G_P_text,0.0076548561503222,2363,9452,0.5339406488221471,2363,0.0522451236582681,-0.0106635138848142,-0.8036323191502135,0.5339406488221471,0.5260804149710552,0.0303696499792036,193,0.0055636360758457,0.0
Grocery,43,2,RIDGE_ENDPOINT_LOCAL,G_D_visual,0.0104757916397934,2363,9452,0.5320009450444233,2363,0.0644141751623925,0.038806196039596,-0.8365880593640556,0.5320009450444233,0.5317736214475345,-0.0012803641603272,196,0.0275102864950823,0.0778195363157447
Grocery,43,2,RIDGE_ENDPOINT_LOCAL,G_P_visual,0.0081457349548057,2363,9452,0.5286116835038703,2363,0.0370633308070312,0.06550384914692,-0.6820778126044147,0.5286116835038703,0.5175964030773409,-0.0051059861750725,196,-0.0167699472245773,-0.0732142857142857
Grocery,43,2,DirectState,G_D_text,0.011154458447949,2363,9452,0.4807885092800567,2363,-0.0035653939533711,-0.041090835669051,-0.0029869477915989,0.4807885092800567,0.5010355834022934,-0.0395313056405891,199,-0.0358156929003005,-0.0952380952380952
Grocery,43,2,DirectState,G_P_text,0.0076548561503222,2363,9452,0.5402841462715653,2363,0.0477561127485325,0.0334022158402883,0.0008034366330397,0.5402841462715653,0.5327824984237978,0.0401662158441333,193,0.0097898207516816,0.0238095238095238
Grocery,43,2,DirectState,G_D_visual,0.0104757916397934,2363,9452,0.5003357394661743,2363,0.0127789573968051,-0.0192541911862599,-0.002255989830828,0.5003357394661743,0.4974990518468779,0.0119514768093506,196,-0.0799639362547382,-0.0623919288869011
Grocery,43,2,DirectState,G_P_visual,0.0081457349548057,2363,9452,0.5370157704865764,2363,0.0732760731168547,0.0605322898236892,-0.0010668629541707,0.5370157704865764,0.5074704635495699,0.0443169530149744,196,0.0613670763166518,0.0294372294372294
Grocery,43,2,Frozen_Q_PAIR_text,G_D_text,0.011154458447949,2363,9452,0.5185372581471411,2363,0.0797545831337672,-0.0016950739640064,-0.0065364019857749,0.5185372581471411,0.5037076880639949,0.0053979904223274,199,0.0138429162707403,0.0333333333333333
Grocery,43,2,Frozen_Q_PAIR_text,G_P_text,0.0076548561503222,2363,9452,0.5094378689746089,2363,0.0364753575553967,0.0380321027626356,0.0010026003331685,0.5094378689746089,0.5010582048489711,0.0273154704344752,193,-0.0147032951175469,-0.0166666666666666
Grocery,43,2,Frozen_Q_PAIR_visual,G_D_visual,0.0104757916397934,2363,9452,0.5181423659684529,2363,0.0854590293048015,0.0151329589093199,-0.0036011680460994,0.5181423659684529,0.5116824899433595,0.0208755115242095,196,0.01921803443128,0.0
Grocery,43,2,Frozen_Q_PAIR_visual,G_P_visual,0.0081457349548057,2363,9452,0.5290367958338992,2363,0.0683409525689471,0.0155268708582873,-0.0046453043442853,0.5290367958338992,0.5201954188242102,0.0017374397176125,196,0.0017820213887674,-0.0090093746269555
Grocery,43,2,Frozen_R_SHARED_text,G_D_text,0.011154458447949,2363,9452,0.5112014816566182,2363,0.0085984179430239,-0.0300182520167894,-0.0060120263372902,0.5112014816566182,0.5150849194152185,-0.0007737691954518,199,0.0117150035916655,0.0
Grocery,43,2,Frozen_R_SHARED_text,G_P_text,0.0076548561503222,2363,9452,0.5075901301083281,2363,0.0251892969472501,0.0290737505779494,0.0003951306577529,0.5075901301083281,0.5021443514644351,0.0119832727113026,193,-0.019513196783342,-0.0476190476190476
Grocery,43,2,Frozen_R_SHARED_visual,G_D_visual,0.0104757916397934,2363,9452,0.5060759517281256,2363,0.040514402898029,-0.0042946346205518,-0.0046056615717229,0.5060759517281256,0.5082652528304702,-0.0164461848019701,196,0.0806047565645967,0.1023846209002257
Grocery,43,2,Frozen_R_SHARED_visual,G_P_visual,0.0081457349548057,2363,9452,0.512008685281076,2363,0.0330225071547361,0.0087332149454778,-0.0055740953951026,0.512008685281076,0.5227372362975078,0.0034289896638597,196,0.0191439907722158,0.0164413364413364
Grocery,43,2,Frozen_U_MODAL_text,G_D_text,0.011154458447949,2363,9452,0.5271237734956851,2363,0.0312452701610715,-0.0283805439183769,-0.003844679095903,0.5271237734956851,0.5252145643693108,0.0341578980026689,199,0.0606030945112089,0.0999999999999999
Grocery,43,2,Frozen_U_MODAL_text,G_P_text,0.0076548561503222,2363,9452,0.5235362813091076,2363,0.0484742823182549,0.0468077619946017,0.0017574716213861,0.5235362813091076,0.5141088009399897,0.0125454480868398,193,-0.0108830431540885,0.0
Grocery,43,2,Frozen_U_MODAL_visual,G_D_visual,0.0104757916397934,2363,9452,0.5010771641206424,2363,0.056624985446999,-0.0107967064299969,-0.0064736916180296,0.5010771641206424,0.4979121201947289,0.0115012556779691,196,0.080111203155841,0.0941176470588235
Grocery,43,2,Frozen_U_MODAL_visual,G_P_visual,0.0081457349548057,2363,9452,0.5495610124758661,2363,0.0870530127706244,0.0403795864898296,-0.0025584849808732,0.5495610124758661,0.5446371636741514,0.0362062717343848,196,0.0405976163898873,0.0375
Grocery,44,0,SIM_ONLY,G_D_text,0.0108700549038537,2284,9133,0.5451896329881748,2284,0.0594683973441207,-0.0042058148952757,-0.0011427712654814,0.5451896329881748,0.4974160080060454,-0.0139702359726667,191,0.0189414501427924,-0.0259740259740259
Grocery,44,0,SIM_ONLY,G_P_text,0.0071525920766787,2284,9133,0.5393186656654854,2284,0.067031642884817,0.0529178199152517,-0.0010490576184687,0.5393186656654854,0.5098291830963261,0.0371718788055817,192,0.0601861830823685,0.1133689839572192
Grocery,44,0,SIM_ONLY,G_D_visual,0.0090538458981477,2285,9133,0.5556054671562628,2285,0.065555920886533,0.006414532657548,-0.0008600759831114,0.5556054671562628,0.5198449612403101,0.0905411611797984,195,0.0285587281084495,0.0714285714285714
Grocery,44,0,SIM_ONLY,G_P_visual,0.0067760631080559,2284,9133,0.575280466711898,2284,0.1063850944186665,0.0213439776189816,-0.0009666377328649,0.575280466711898,0.5214992626002974,0.0795631965877218,193,0.0628575926654191,0.0999999999999999
Grocery,44,0,TARGET_ONLY,G_D_text,0.0108700549038537,2284,9133,0.5153050262443069,2284,0.0197642263216654,-0.0022333798798743,-0.0062158705295456,0.5153050262443069,0.5053199354614709,,191,,
Grocery,44,0,TARGET_ONLY,G_P_text,0.0071525920766787,2284,9133,0.5284203786290569,2284,0.0237459871610054,-0.0358429778447802,-0.0076759670945238,0.5284203786290569,0.5084364480539215,,192,,
Grocery,44,0,TARGET_ONLY,G_D_visual,0.0090538458981477,2285,9133,0.5316895144838841,2285,0.0732170947959095,-0.0117418568676316,-0.0110202421128995,0.5316895144838841,0.5239983680130559,,195,,
Grocery,44,0,TARGET_ONLY,G_P_visual,0.0067760631080559,2284,9133,0.5035496319372111,2284,0.0447967243916176,0.0091016848398652,-0.0053579059108657,0.5035496319372111,0.4892830181467218,,193,,
Grocery,44,0,ENDPOINT,G_D_text,0.0108700549038537,2284,9133,0.5034479096460592,2284,0.0349232143617795,0.0066814653946822,-0.0073326725104529,0.5034479096460592,0.5059207973367645,0.0159190511756197,191,0.0430272437310451,0.0964912280701754
Grocery,44,0,ENDPOINT,G_P_text,0.0071525920766787,2284,9133,0.5134304974175243,2284,0.0179722596238155,-0.0024635176672348,-0.0072520149352794,0.5134304974175243,0.5006256094665771,-0.018763942791956,192,-0.0217196132506667,0.0
Grocery,44,0,ENDPOINT,G_D_visual,0.0090538458981477,2285,9133,0.529952672378621,2285,0.0537731140561232,-0.0082037220844501,-0.0137805011874487,0.529952672378621,0.532125662994696,0.022891377029918,195,0.0001504614856008,0.0285714285714285
Grocery,44,0,ENDPOINT,G_P_visual,0.0067760631080559,2284,9133,0.5400959097410023,2284,0.0835053076323919,0.0314628312180316,-0.0059649223558129,0.5400959097410023,0.5384721970051698,0.0140064830997535,193,0.035625108479749,0.0278637770897832
Grocery,44,0,ENDPOINT_LOCAL,G_D_text,0.0108700549038537,2284,9133,0.5284333067826726,2284,0.0873551487485323,0.0359469863736226,-0.0073762346756225,0.5284333067826726,0.5244029164879602,-0.0161712301478844,191,0.0322537805848128,-0.0181818181818181
Grocery,44,0,ENDPOINT_LOCAL,G_P_text,0.0071525920766787,2284,9133,0.5071488834533643,2284,0.0075079841558876,-0.0177058957629819,-0.0129550402877052,0.5071488834533643,0.5126695583382761,-0.0247190359961309,192,-0.0476268028946315,-0.0197609408135723
Grocery,44,0,ENDPOINT_LOCAL,G_D_visual,0.0090538458981477,2285,9133,0.5257894736842106,2285,0.057486165305306,-0.009899835012192,-0.0185788807412945,0.5257894736842106,0.5110607915136679,0.0376162234377217,195,0.0273194263925482,-0.0349650349650349
Grocery,44,0,ENDPOINT_LOCAL,G_P_visual,0.0067760631080559,2284,9133,0.535091784762105,2284,0.0550993287672575,0.013179843780511,-0.0138946863489672,0.535091784762105,0.5308306337815067,0.0202712605099208,193,0.0454072881796768,0.0857142857142857
Grocery,44,0,STRICT_SHUFFLE_9917,G_D_text,0.0108700549038537,2284,9133,0.5238641423115414,2284,0.0849095934613085,0.0468428604104305,-0.0043335255117891,0.5238641423115414,0.5225288483140331,-0.0342455870877551,191,0.0293578931855838,-0.0285714285714285
Grocery,44,0,STRICT_SHUFFLE_9917,G_P_text,0.0071525920766787,2284,9133,0.508093097493773,2284,0.0150371637285689,-0.0181729461257347,-0.0127346997291637,0.508093097493773,0.5073097323644249,-0.0277688849586652,192,-0.0482077106937625,-0.0166666666666666
Grocery,44,0,STRICT_SHUFFLE_9917,G_D_visual,0.0090538458981477,2285,9133,0.5163631170950633,2285,0.0379353783594645,-0.025421758671052,-0.0217703768222516,0.5163631170950633,0.5073317013463893,0.0150528455661343,195,0.0029204345431545,0.0
Grocery,44,0,STRICT_SHUFFLE_9917,G_P_visual,0.0067760631080559,2284,9133,0.5266069102156138,2284,0.0400059711855347,-0.0004392581372521,-0.0165474926530406,0.5266069102156138,0.5205269461459319,-0.0057089864482936,193,0.031104058920556,0.0285714285714285
Grocery,44,0,STRICT_SHUFFLE_9918,G_D_text,0.0108700549038537,2284,9133,0.5228437799971407,2284,0.0827632027448984,0.0431294659382459,-0.0055614961572267,0.5228437799971407,0.5253276964238303,-0.0299046058603083,191,0.0037779445107108,-0.0857142857142857
Grocery,44,0,STRICT_SHUFFLE_9918,G_P_text,0.0071525920766787,2284,9133,0.5024571991100725,2284,0.0058356687923056,-0.016787993951094,-0.0122866690154264,0.5024571991100725,0.5076345234348357,-0.0328839406300893,192,-0.0650957955784359,-0.051890756302521
Grocery,44,0,STRICT_SHUFFLE_9918,G_D_visual,0.0090538458981477,2285,9133,0.5198425132598938,2285,0.0422319528525408,-0.0281185555761671,-0.0221328838989369,0.5198425132598938,0.5155222358221134,0.0184465312770612,195,-0.0288329652003735,-0.0272727272727272
Grocery,44,0,STRICT_SHUFFLE_9918,G_P_visual,0.0067760631080559,2284,9133,0.5260765557859598,2284,0.0418413542942396,0.0060187132247071,-0.0147959066812113,0.5260765557859598,0.5212778834239554,0.0034033376874411,193,0.0117588947556654,0.0
Grocery,44,0,STRICT_SHUFFLE_9919,G_D_text,0.0108700549038537,2284,9133,0.5191364908195986,2284,0.0774273892627793,0.0443155117830073,-0.0051911707369733,0.5191364908195986,0.5127287952127116,-0.0344196558376972,191,0.0119082580739054,-0.0727272727272727
Grocery,44,0,STRICT_SHUFFLE_9919,G_P_text,0.0071525920766787,2284,9133,0.5057391355453668,2284,0.0092565018016144,-0.0182544852107086,-0.0124714555762428,0.5057391355453668,0.5132479957684364,-0.0270683324189251,192,-0.0264998490819526,0.0047753716871363
Grocery,44,0,STRICT_SHUFFLE_9919,G_D_visual,0.0090538458981477,2285,9133,0.5245842513259895,2285,0.047515037149236,-0.0198684934251922,-0.020484884469804,0.5245842513259895,0.5143492452060383,0.0257830516603891,195,-0.02042320940893,-0.0166666666666666
Grocery,44,0,STRICT_SHUFFLE_9919,G_P_visual,0.0067760631080559,2284,9133,0.5309333600899532,2284,0.0471598901897025,0.0088114601265794,-0.0138032298388881,0.5309333600899532,0.5220120978145575,0.0153710238322217,193,0.0323976234557243,0.0563725490196078
Grocery,44,0,RIDGE_TARGET_ONLY,G_D_text,0.0108700549038537,2284,9133,0.4804705594019974,2284,-0.0262623925730626,-0.0356920958163192,-0.6895828576034526,0.4804705594019974,0.4928995363846169,,191,,
Grocery,44,0,RIDGE_TARGET_ONLY,G_P_text,0.0071525920766787,2284,9133,0.4735105816157428,2284,-0.0573270074986617,-0.0372641204055984,-0.6721508398843556,0.4735105816157428,0.4775263912077511,,192,,
Grocery,44,0,RIDGE_TARGET_ONLY,G_D_visual,0.0090538458981477,2285,9133,0.4983708690330477,2285,-0.0113338007524315,-0.0595785004285966,-0.8994619009564084,0.4983708690330477,0.5035944512443901,,195,,
Grocery,44,0,RIDGE_TARGET_ONLY,G_P_visual,0.0067760631080559,2284,9133,0.5332287754705503,2284,0.0665640544783096,0.0090643693325924,-0.7105011384287903,0.5332287754705503,0.5269907402983363,,193,,
Grocery,44,0,RIDGE_ENDPOINT,G_D_text,0.0108700549038537,2284,9133,0.4896954843453219,2284,-0.0083297303076159,-0.0143238844403933,-0.7791761845425405,0.4896954843453219,0.4939223495292363,-0.0268553676824013,191,-0.003162364634973,-0.0285714285714285
Grocery,44,0,RIDGE_ENDPOINT,G_P_text,0.0071525920766787,2284,9133,0.5062472015769379,2284,0.0175955114679874,0.0219923809950018,-0.6943751278688892,0.5062472015769379,0.5057302424565341,0.0297793243373104,192,0.0937081847274688,0.08005328005328
Grocery,44,0,RIDGE_ENDPOINT,G_D_visual,0.0090538458981477,2285,9133,0.4926299469604243,2285,-0.0274913501958707,-0.0402914647334701,-1.100833467127624,0.4926299469604243,0.4877478580171359,-0.007200540961824,195,0.0535114910953388,0.0592885375494071
Grocery,44,0,RIDGE_ENDPOINT,G_P_visual,0.0067760631080559,2284,9133,0.5289875326892632,2284,0.0395268550663068,0.0033714052895202,-1.0128949166600236,0.5289875326892632,0.5133671613456031,-0.0057035322837402,193,0.0717327048688688,0.0705882352941176
Grocery,44,0,RIDGE_ENDPOINT_LOCAL,G_D_text,0.0108700549038537,2284,9133,0.4787549782488818,2284,-0.0158351492534354,-0.0154960230516428,-1.0510354412084904,0.4787549782488818,0.4852619324796274,-0.0355620961167825,191,-0.0527202506866814,-0.0912280701754386
Grocery,44,0,RIDGE_ENDPOINT_LOCAL,G_P_text,0.0071525920766787,2284,9133,0.4869178796710949,2284,-0.0194445157385896,0.0134791787454889,-0.8895341841239224,0.4869178796710949,0.4842205671625401,0.0157356723812962,192,0.0190886013157307,0.0
Grocery,44,0,RIDGE_ENDPOINT_LOCAL,G_D_visual,0.0090538458981477,2285,9133,0.5226682986536109,2285,0.0246231779198748,-0.0404719819817051,-1.4869416643736209,0.5226682986536109,0.5052386780905753,0.0484831275740117,195,0.0327803268768728,0.0637362637362637
Grocery,44,0,RIDGE_ENDPOINT_LOCAL,G_P_visual,0.0067760631080559,2284,9133,0.5538046957867879,2284,0.0877542983181842,0.0351465154834692,-1.3687144075573934,0.5538046957867879,0.5311292567711767,0.0275518065048805,193,0.0900987170489324,0.0920510149631295
Grocery,44,0,DirectState,G_D_text,0.0108700549038537,2284,9133,0.5250470763637849,2284,0.0592521345643511,0.0042193013474399,-0.0015894806626817,0.5250470763637849,0.4962326654820987,0.0885132713596566,191,0.0343879398790078,0.0615763546798029
Grocery,44,0,DirectState,G_P_text,0.0071525920766787,2284,9133,0.4790444028058855,2284,-0.0004609763955128,-0.0030467082788265,-0.0012937344505097,0.4790444028058855,0.4992583937225619,0.0083742843193421,192,-0.0377870437977355,-0.0291979949874686
Grocery,44,0,DirectState,G_D_visual,0.0090538458981477,2285,9133,0.506748674010608,2285,0.0170788214793914,-0.0327582466404082,-0.00345458554902,0.506748674010608,0.4915177478580171,0.0126770286805402,195,0.0351240096671695,0.0178571428571428
Grocery,44,0,DirectState,G_P_visual,0.0067760631080559,2284,9133,0.4760400839648214,2284,-0.0248593898926845,0.0044600261074309,-0.0019712783844592,0.4760400839648214,0.4983141736823161,-0.0354780408972307,193,-0.0203523470391091,0.0
Grocery,44,0,Frozen_Q_PAIR_text,G_D_text,0.0108700549038537,2284,9133,0.5789016195903028,2284,0.1657667229423111,0.099290931476812,0.0094421219962342,0.5789016195903028,0.5415742499438352,0.0314315498323298,191,0.0081530600690277,0.0285714285714285
Grocery,44,0,Frozen_Q_PAIR_text,G_P_text,0.0071525920766787,2284,9133,0.5223166264415503,2284,0.0392232115316877,0.0134777069817404,-0.0038899875035638,0.5223166264415503,0.5082230139219373,0.0115517706833131,192,0.0138177231452492,0.0253151260504201
Grocery,44,0,Frozen_Q_PAIR_visual,G_D_visual,0.0090538458981477,2285,9133,0.5375438596491228,2285,0.0657358157693153,0.0153443002552904,-0.0033162354106177,0.5375438596491228,0.5290901672786618,0.0314489459961444,195,-0.0054941798684017,0.0082531027182109
Grocery,44,0,Frozen_Q_PAIR_visual,G_P_visual,0.0067760631080559,2284,9133,0.5156454556747924,2284,0.0476447480661699,0.013054471586766,-0.0033888434238764,0.5156454556747924,0.5147973663841295,-0.0693924484292592,193,-0.0505302987856976,-0.0823529411764706
Grocery,44,0,Frozen_R_SHARED_text,G_D_text,0.0108700549038537,2284,9133,0.5318424116169352,2284,0.0892233804636237,0.0550242995592733,0.002265636492401,0.5318424116169352,0.525692461654719,-0.0110826369125977,191,-0.0314238776024955,0.0
Grocery,44,0,Frozen_R_SHARED_text,G_P_text,0.0071525920766787,2284,9133,0.48976792131395,2284,-0.0161025494149463,-0.0251133188674559,-0.0079048620826447,0.48976792131395,0.4992653535312136,-0.0262164860995069,192,-0.0336080050416713,0.0
Grocery,44,0,Frozen_R_SHARED_visual,G_D_visual,0.0090538458981477,2285,9133,0.53490656874745,2285,0.0445854959281148,-0.0117662453805201,-0.0060780683718242,0.53490656874745,0.5214851081191351,-0.0364581742571273,195,-0.0488228371595214,-0.0076923076923076
Grocery,44,0,Frozen_R_SHARED_visual,G_P_visual,0.0067760631080559,2284,9133,0.4981461484801285,2284,-0.0020494467477638,0.0022268283599736,-0.0037481870853934,0.4981461484801285,0.5041687769357936,-0.0357240862247271,193,-0.0226261514545363,0.0
Grocery,44,0,Frozen_U_MODAL_text,G_D_text,0.0108700549038537,2284,9133,0.5137201560361906,2284,0.052536330752816,0.026255791711229,-0.0006216143086992,0.5137201560361906,0.5085811735392031,0.0442494500213933,191,0.0687128944394552,0.0238095238095238
Grocery,44,0,Frozen_U_MODAL_text,G_P_text,0.0071525920766787,2284,9133,0.5369677969653688,2284,0.0716812851390828,0.030759832902537,-0.0007854553365986,0.5369677969653688,0.5196340068623713,0.0197322567472041,192,-0.0425043501925207,-0.0945054945054945
Grocery,44,0,Frozen_U_MODAL_visual,G_D_visual,0.0090538458981477,2285,9133,0.5203002855977152,2285,0.0385069488603684,0.0303169496721865,-0.0006597085387662,0.5203002855977152,0.521515707874337,-0.0140770344228571,195,-0.0321967196015627,-0.0821582006048145
Grocery,44,0,Frozen_U_MODAL_visual,G_P_visual,0.0067760631080559,2284,9133,0.5243118929990029,2284,0.061431658724881,0.0322225260751433,-0.0013058457248928,0.5243118929990029,0.5062623231753737,0.0083956131399382,193,-0.0261609471596823,0.0
Grocery,44,1,SIM_ONLY,G_D_text,0.0106206456838349,2283,9132,0.5293899977934651,2283,0.0770396153189969,0.0272808808723714,0.0001703933362029,0.5293899977934651,0.5,-0.0609709165748698,195,-0.0643909385953458,-0.1208791208791208
Grocery,44,1,SIM_ONLY,G_P_text,0.0071209926394071,2283,9132,0.5511651925421466,2283,0.0314523219651821,0.0121954225917019,-0.0009256513627724,0.5511651925421466,0.5237111440707579,0.0234251943681967,197,0.0505849318448016,0.04
Grocery,44,1,SIM_ONLY,G_D_visual,0.0097821927516369,2283,9132,0.5511821502957871,2283,0.1064003678448,0.0705381968259867,0.0009662751258715,0.5511821502957871,0.5,0.1170610626226275,193,0.0985386110064553,0.117016317016317
Grocery,44,1,SIM_ONLY,G_P_visual,0.0073682267468797,2283,9132,0.5182292116143508,2283,0.0791897832534813,0.0670738537139945,0.0003917840480532,0.5182292116143508,0.5010426555157182,0.0321201282240929,189,0.0620543951236911,0.0387445887445887
Grocery,44,1,TARGET_ONLY,G_D_text,0.0106206456838349,2283,9132,0.5310006071997462,2283,0.0581782265079772,0.0113785960186268,-0.0033260350737964,0.5310006071997462,0.510621566382072,,195,,
Grocery,44,1,TARGET_ONLY,G_P_text,0.0071209926394071,2283,9132,0.4823970895423872,2283,-0.0199958251300831,-0.0594714194022208,-0.0081710374456209,0.4823970895423872,0.4907355350722566,,197,,
Grocery,44,1,TARGET_ONLY,G_D_visual,0.0097821927516369,2283,9132,0.5205861509079899,2283,0.0560491773838997,0.0214585059575094,-0.0017702093895399,0.5205861509079899,0.5044638401085995,,193,,
Grocery,44,1,TARGET_ONLY,G_P_visual,0.0073682267468797,2283,9132,0.5152467774962146,2283,0.0327826259475911,0.0532292440583707,0.0021202735742084,0.5152467774962146,0.5008645646187521,,189,,
Grocery,44,1,ENDPOINT,G_D_text,0.0106206456838349,2283,9132,0.5669353163156343,2283,0.1127577986566064,0.0322097344601057,-0.0032000982616997,0.5669353163156343,0.5313090389010491,0.0347510222602632,195,0.0131215246064503,0.0357142857142857
Grocery,44,1,ENDPOINT,G_P_text,0.0071209926394071,2283,9132,0.5180404885965662,2283,0.0176623402324991,-0.0077775035016553,-0.0076839855801502,0.5180404885965662,0.5199461083889204,0.0154678772200053,197,0.0019446848659411,0.0
Grocery,44,1,ENDPOINT,G_D_visual,0.0097821927516369,2283,9132,0.5083504129041703,2283,0.0621733894916956,0.0408423671777352,-0.0007040108971589,0.5083504129041703,0.5089659428921258,0.0230799736360868,193,-0.0690494776866149,-0.0868131868131868
Grocery,44,1,ENDPOINT,G_P_visual,0.0073682267468797,2283,9132,0.5205910734879926,2283,0.04740641421469,0.0445466074794116,-0.0009391545648576,0.5205910734879926,0.5176682645159771,0.0015309998499083,189,0.0433617732847746,0.0533683517093128
Grocery,44,1,ENDPOINT_LOCAL,G_D_text,0.0106206456838349,2283,9132,0.5664940093383133,2283,0.1347312064623002,0.0429347146557986,-0.0026943739418281,0.5664940093383133,0.5425659906938989,0.0200486034801747,195,0.0302066071768667,0.0733442802408319
Grocery,44,1,ENDPOINT_LOCAL,G_P_text,0.0071209926394071,2283,9132,0.5219519013488434,2283,0.0096621031691052,-0.0081653907111185,-0.0096360239177837,0.5219519013488434,0.5085275320903577,0.0172188388638012,197,0.0364978070898752,0.0454545454545454
Grocery,44,1,ENDPOINT_LOCAL,G_D_visual,0.0097821927516369,2283,9132,0.4981326151041076,2283,0.0365634333493746,0.0173048585831073,-0.0056353786260001,0.4981326151041076,0.495217165634129,0.0224697238293536,193,-0.0323025393098211,-0.0083333333333333
Grocery,44,1,ENDPOINT_LOCAL,G_P_visual,0.0073682267468797,2283,9132,0.5044687477934773,2283,0.0158169728544225,0.0048902933538006,-0.0164246890047861,0.5044687477934773,0.5023006676447284,-0.0015333909416669,189,0.0413296775330609,0.051082251082251
Grocery,44,1,STRICT_SHUFFLE_9917,G_D_text,0.0106206456838349,2283,9132,0.5640877588853295,2283,0.126729807139628,0.0342101219043994,-0.0041159463066324,0.5640877588853295,0.5386063074685569,0.0040240227364464,195,-0.0019798733021559,0.0714285714285714
Grocery,44,1,STRICT_SHUFFLE_9917,G_P_text,0.0071209926394071,2283,9132,0.5254455376348262,2283,0.0130590962911516,-0.0074412654219873,-0.0095399118893217,0.5254455376348262,0.5070540546836779,0.009077644767645,197,0.0276489435494797,0.0166666666666666
Grocery,44,1,STRICT_SHUFFLE_9917,G_D_visual,0.0097821927516369,2283,9132,0.4934853636950432,2283,0.0286016668310874,0.0099919978444585,-0.0067243339057405,0.4934853636950432,0.4898628865361965,0.0075559455259223,193,-0.0399913163570652,-0.0595238095238095
Grocery,44,1,STRICT_SHUFFLE_9917,G_P_visual,0.0073682267468797,2283,9132,0.5044405043032095,2283,0.0159722814849759,0.0087688064274543,-0.0158010073002701,0.5044405043032095,0.5006268485756651,-0.0071315318713355,189,0.0321092357496551,0.0392857142857142
Grocery,44,1,STRICT_SHUFFLE_9918,G_D_text,0.0106206456838349,2283,9132,0.565558245273264,2283,0.1310691804975626,0.0363635436067776,-0.0038475654887701,0.565558245273264,0.5407274800566291,0.01575087593131,195,0.0207663539464388,0.0787878787878787
Grocery,44,1,STRICT_SHUFFLE_9918,G_P_text,0.0071209926394071,2283,9132,0.5221569069010771,2283,0.0089989162270263,-0.0087391373182718,-0.0097472805938565,0.5221569069010771,0.5088152387460494,0.007210924027468,197,0.0365436797535671,0.0181818181818181
Grocery,44,1,STRICT_SHUFFLE_9918,G_D_visual,0.0097821927516369,2283,9132,0.4933310652994137,2283,0.0285050088850064,0.0048628931277398,-0.0077141714457138,0.4933310652994137,0.4865365292093933,0.0171751455580403,193,-0.0342274958543269,-0.0279220779220779
Grocery,44,1,STRICT_SHUFFLE_9918,G_P_visual,0.0073682267468797,2283,9132,0.5051120717384653,2283,0.0174064034978137,0.0083765446068742,-0.0156824240548909,0.5051120717384653,0.5003326455520425,-0.0069847888993272,189,0.0302731009608587,0.010811439200186
Grocery,44,1,STRICT_SHUFFLE_9919,G_D_text,0.0106206456838349,2283,9132,0.5659600923201312,2283,0.1280089432133035,0.0362077750387572,-0.0037350927459314,0.5659600923201312,0.5342926928261846,0.0080463535839735,195,0.0182495045043415,0.0833333333333333
Grocery,44,1,STRICT_SHUFFLE_9919,G_P_text,0.0071209926394071,2283,9132,0.5226453481599975,2283,0.0117113922279654,-0.0081299145913737,-0.0096881998736744,0.5226453481599975,0.5066587977666819,0.0047936682633893,197,0.0270952010210453,0.0181818181818181
Grocery,44,1,STRICT_SHUFFLE_9919,G_D_visual,0.0097821927516369,2283,9132,0.4950811667786821,2283,0.0275979518574413,0.0039420258426445,-0.0079016034339114,0.4950811667786821,0.4885706894601302,0.0126499503783676,193,-0.0291213382602378,-0.0202380952380952
Grocery,44,1,STRICT_SHUFFLE_9919,G_P_visual,0.0073682267468797,2283,9132,0.5050485238853628,2283,0.0165606090960515,0.0082948476011806,-0.0158250293399904,0.5050485238853628,0.5027996359727921,0.0010065936009673,189,0.0409262349580817,0.0698209718670076
Grocery,44,1,RIDGE_TARGET_ONLY,G_D_text,0.0106206456838349,2283,9132,0.4930433753219205,2283,-0.0118066951678275,-0.0076331695309398,-0.4035107263380879,0.4930433753219205,0.4842228729084223,,195,,
Grocery,44,1,RIDGE_TARGET_ONLY,G_P_text,0.0071209926394071,2283,9132,0.4981390310381512,2283,0.0300467421674852,-0.0397453405152847,-0.5686109392520089,0.4981390310381512,0.4896072279987886,,197,,
Grocery,44,1,RIDGE_TARGET_ONLY,G_D_visual,0.0097821927516369,2283,9132,0.4848920659848147,2283,0.0078652395085405,0.007289032995154,-0.5407865737763113,0.4848920659848147,0.4996556359256573,,193,,
Grocery,44,1,RIDGE_TARGET_ONLY,G_P_visual,0.0073682267468797,2283,9132,0.4982606717243435,2283,-0.0065868402982324,0.0100130231546175,-0.5175150242287438,0.4982606717243435,0.4945317464676023,,189,,
Grocery,44,1,RIDGE_ENDPOINT,G_D_text,0.0106206456838349,2283,9132,0.5034974383257393,2283,0.0207096705863754,0.0081401342852658,-0.5127594849756838,0.5034974383257393,0.4946886128304366,-0.0014552915578681,195,0.0313758124809481,0.0
Grocery,44,1,RIDGE_ENDPOINT,G_P_text,0.0071209926394071,2283,9132,0.530718994851565,2283,0.068435101577946,0.0166241328301271,-0.6094130597669849,0.530718994851565,0.5167463910480908,0.0047896148298308,197,0.0403431175952481,-0.0363636363636363
Grocery,44,1,RIDGE_ENDPOINT,G_D_visual,0.0097821927516369,2283,9132,0.5071779946365711,2283,0.0316381022275514,0.0109419938604618,-0.641395896690002,0.5071779946365711,0.504824424229922,-0.0256327556592246,193,-0.0820029309290735,-0.1035714285714285
Grocery,44,1,RIDGE_ENDPOINT,G_P_visual,0.0073682267468797,2283,9132,0.4984960341432416,2283,0.0027264277304343,0.0160504050141215,-0.6853959818679083,0.4984960341432416,0.4886723990491358,-0.0199452214886463,189,-0.0051608652856919,-0.0184773430903461
Grocery,44,1,RIDGE_ENDPOINT_LOCAL,G_D_text,0.0106206456838349,2283,9132,0.5048753146728128,2283,0.0132379759197426,-0.0112941682211528,-0.7299321295514614,0.5048753146728128,0.4991568459758119,0.015047807476984,195,0.0503758753839184,0.0424242424242424
Grocery,44,1,RIDGE_ENDPOINT_LOCAL,G_P_text,0.0071209926394071,2283,9132,0.5393859151867182,2283,0.062718089193208,-0.0190530570072189,-0.8431677513414078,0.5393859151867182,0.5248576997445196,0.0152836378118662,197,0.0777317611145862,0.0333333333333333
Grocery,44,1,RIDGE_ENDPOINT_LOCAL,G_D_visual,0.0097821927516369,2283,9132,0.5048485463510717,2283,0.0311609081588328,0.0218691621876695,-0.8199439106517235,0.5048485463510717,0.5060538206112712,0.024045002242552,193,0.0069621930232608,0.0256752654751694
Grocery,44,1,RIDGE_ENDPOINT_LOCAL,G_P_visual,0.0073682267468797,2283,9132,0.4942045927053341,2283,0.0017969014583116,0.0526365067650667,-0.8050233294060638,0.4942045927053341,0.4931650753552011,0.0068873179644367,189,0.0231769078601734,0.0613053613053613
Grocery,44,1,DirectState,G_D_text,0.0106206456838349,2283,9132,0.540154103107993,2283,0.0804001540776924,0.0150580522617653,0.0001472598409769,0.540154103107993,0.5045684935809162,-1.0063987415642364e-05,195,0.0158605086743075,0.0
Grocery,44,1,DirectState,G_P_text,0.0071209926394071,2283,9132,0.4967175815557125,2283,-0.0144642590220281,-0.0100387290927452,-0.0021940501129897,0.4967175815557125,0.4911665126536571,-0.0138208985142486,197,-0.0183654154225926,0.0
Grocery,44,1,DirectState,G_D_visual,0.0097821927516369,2283,9132,0.4899177851567439,2283,0.0460597666487102,0.0119425875909212,-0.0018793332372768,0.4899177851567439,0.4978423178530314,0.0019107782587553,193,0.0393258211043316,-0.0279220779220779
Grocery,44,1,DirectState,G_P_visual,0.0073682267468797,2283,9132,0.4998995787012701,2283,-0.0098731576953299,0.0226072205288905,-0.0010439929611241,0.4998995787012701,0.5022084840306599,0.027962268979539,189,0.0281912101533804,0.0110771581359816
Grocery,44,1,Frozen_Q_PAIR_text,G_D_text,0.0106206456838349,2283,9132,0.5432980126690536,2283,0.1404806396876213,0.0442459356106587,0.0004600209595362,0.5432980126690536,0.5352542266417344,0.0219525409627676,195,0.0317719418554329,0.0285714285714285
Grocery,44,1,Frozen_Q_PAIR_text,G_P_text,0.0071209926394071,2283,9132,0.50864595385822,2283,0.0530675194075106,0.0174882946232606,-0.0017676784365709,0.50864595385822,0.505633381737422,0.0816046764270136,197,0.0490110971237625,0.0476190476190476
Grocery,44,1,Frozen_Q_PAIR_visual,G_D_visual,0.0097821927516369,2283,9132,0.5006521290683205,2283,0.0697276947236349,0.0453835556161911,0.0007758255326816,0.5006521290683205,0.4982794273242079,-0.0055375096532117,193,-0.0019540616957696,0.0
Grocery,44,1,Frozen_Q_PAIR_visual,G_P_visual,0.0073682267468797,2283,9132,0.4728846802601539,2283,-0.0120304233100337,0.0584980078412758,0.0023838673015033,0.4728846802601539,0.4946572730910146,0.0122402894590877,189,-0.0163955027319012,-0.025
Grocery,44,1,Frozen_R_SHARED_text,G_D_text,0.0106206456838349,2283,9132,0.5514058204202724,2283,0.0919709048754325,0.0047818072197233,-0.0027976911907716,0.5514058204202724,0.5394699967626752,-0.0096831483192886,195,-0.0238159060483543,-0.0476190476190476
Grocery,44,1,Frozen_R_SHARED_text,G_P_text,0.0071209926394071,2283,9132,0.496035782787299,2283,0.0020835629685788,0.0010046143249594,-0.0032962306979109,0.496035782787299,0.4939298166598073,-0.0076325866178797,197,0.0056716461518166,-0.0357142857142857
Grocery,44,1,Frozen_R_SHARED_visual,G_D_visual,0.0097821927516369,2283,9132,0.4980968478210238,2283,0.0273290580691101,0.0041917577966342,-0.0022795776934734,0.4980968478210238,0.5019110542531459,-0.0286557307109171,193,-0.0693274030574817,-0.0999999999999999
Grocery,44,1,Frozen_R_SHARED_visual,G_P_visual,0.0073682267468797,2283,9132,0.4925578403144441,2283,0.0128571303762283,0.0162774269664594,-0.0031421773832744,0.4925578403144441,0.5035104304778641,-0.0009759182711681,189,0.0122770667475187,0.066182836771072
Grocery,44,1,Frozen_U_MODAL_text,G_D_text,0.0106206456838349,2283,9132,0.5433221718101479,2283,0.1116335340432316,0.064003418131763,0.00322401687604,0.5433221718101479,0.5254347437439905,0.0751809532378144,195,0.0644499189476043,0.0714285714285714
Grocery,44,1,Frozen_U_MODAL_text,G_P_text,0.0071209926394071,2283,9132,0.5276602188278963,2283,0.0606436876832544,0.035471345453951,0.0005473689353046,0.5276602188278963,0.5201771279032746,0.0291671671748496,197,0.0354513932985758,0.009090909090909
Grocery,44,1,Frozen_U_MODAL_visual,G_D_visual,0.0097821927516369,2283,9132,0.4811090519507309,2283,0.0006816409707535,0.0036830571133909,-0.0015046493545025,0.4811090519507309,0.5053068666529142,-0.0119909713199013,193,0.0099154383615796,0.0036119711042311
Grocery,44,1,Frozen_U_MODAL_visual,G_P_visual,0.0073682267468797,2283,9132,0.486944446623726,2283,0.0367521812640833,0.054194835486763,-0.000112159268685,0.486944446623726,0.4855048131614664,0.0261190840101451,189,0.0390211301807808,0.0484249084249084
Grocery,44,2,SIM_ONLY,G_D_text,0.0115995132517199,2284,9133,0.5236166940403095,2284,0.0510455541184437,0.0064360040062623,-0.0009798308920072,0.5236166940403095,0.4989563213036546,0.0302194550407092,185,0.0133894367998638,0.0285714285714285
Grocery,44,2,SIM_ONLY,G_P_text,0.007729098077553,2284,9133,0.5472844497364753,2284,0.0679656278873302,0.0523667590089418,0.0003012837350813,0.5472844497364753,0.5206819950956412,0.0594272434464592,197,0.0191481263622622,0.06
Grocery,44,2,SIM_ONLY,G_D_visual,0.0106295013934478,2284,9133,0.550242059556505,2284,0.073017014428019,0.0420511735574027,0.0010080036345238,0.550242059556505,0.5013875114433933,0.0559237681124548,192,0.0820899573322908,0.0772727272727272
Grocery,44,2,SIM_ONLY,G_P_visual,0.0076949412901014,2284,9133,0.5298153301941855,2284,0.0396586704029901,0.0287166150086542,-0.0045302767737602,0.5298153301941855,0.5158497717288311,-0.0145039622435636,194,0.0205188660753001,0.0511904761904761
Grocery,44,2,TARGET_ONLY,G_D_text,0.0115995132517199,2284,9133,0.5911638683976982,2284,0.1447815307848966,0.0782612398994362,0.0059191435554643,0.5911638683976982,0.5403308128164869,,185,,
Grocery,44,2,TARGET_ONLY,G_P_text,0.007729098077553,2284,9133,0.4893328656654883,2284,-0.0204903322992681,0.0307570449267266,-7.936764533766905e-05,0.4893328656654883,0.4995938673977054,,197,,
Grocery,44,2,TARGET_ONLY,G_D_visual,0.0106295013934478,2284,9133,0.4987293065303631,2284,0.0299657456748136,0.024652920888597,-0.0002481492886698,0.4987293065303631,0.4954369469026549,,192,,
Grocery,44,2,TARGET_ONLY,G_P_visual,0.0076949412901014,2284,9133,0.517883321271041,2284,0.0274717376807632,0.0157195801846314,-0.0062457341868158,0.517883321271041,0.5203137591443313,,194,,
Grocery,44,2,ENDPOINT,G_D_text,0.0115995132517199,2284,9133,0.5696389490127418,2284,0.1130227175047996,0.0661700961729118,0.0023609624769442,0.5696389490127418,0.5271492994622986,0.0376542408488397,185,0.0513580108949023,0.0952380952380952
Grocery,44,2,ENDPOINT,G_P_text,0.007729098077553,2284,9133,0.531734493888012,2284,0.0232153047581529,0.0329694519195855,-0.0016444248767246,0.531734493888012,0.5221396111588009,0.0038620332650699,197,0.0121501338730349,0.0
Grocery,44,2,ENDPOINT,G_D_visual,0.0106295013934478,2284,9133,0.538623836588343,2284,0.0845931874643903,0.044233554941,0.0005984700439219,0.538623836588343,0.5227977825246669,0.0526609905743315,192,-0.0023643311016148,0.0208343380757173
Grocery,44,2,ENDPOINT,G_P_visual,0.0076949412901014,2284,9133,0.5074317943780324,2284,0.0178969286503357,0.0235905862432384,-0.0081809334248097,0.5074317943780324,0.4989465955756209,-0.0148944881502279,194,-0.0241364879212516,0.0
Grocery,44,2,ENDPOINT_LOCAL,G_D_text,0.0115995132517199,2284,9133,0.5798115033551118,2284,0.1405562085010977,0.0846006491235871,0.0061994461393712,0.5798115033551118,0.5511241933476024,0.0035911980460064,185,0.0340222361456672,0.0999999999999999
Grocery,44,2,ENDPOINT_LOCAL,G_P_text,0.007729098077553,2284,9133,0.521388112006449,2284,0.0036337399377607,0.034994686617361,-0.0025323486299952,0.521388112006449,0.5182398151481307,0.0224142219649462,197,0.0571894659544569,0.0579771035652448
Grocery,44,2,ENDPOINT_LOCAL,G_D_visual,0.0106295013934478,2284,9133,0.5084156621910284,2284,0.0530742215676866,0.0410337390102094,-0.0030428568019302,0.5084156621910284,0.498596594954735,0.0226025166682953,192,-0.0465324846699472,-0.0928571428571428
Grocery,44,2,ENDPOINT_LOCAL,G_P_visual,0.0076949412901014,2284,9133,0.5229200998580701,2284,0.0249372495052582,0.0031801789139136,-0.0159180142753323,0.5229200998580701,0.5172505540738213,-0.0356940753612862,194,-0.0218320168651397,0.0
Grocery,44,2,STRICT_SHUFFLE_9917,G_D_text,0.0115995132517199,2284,9133,0.5781441874846902,2284,0.1399928102517563,0.0905022470870382,0.007626625771647,0.5781441874846902,0.5459820980391369,-0.0005241553393584,185,0.0587870773512858,0.0952380952380952
Grocery,44,2,STRICT_SHUFFLE_9917,G_P_text,0.007729098077553,2284,9133,0.5224695938981653,2284,0.0048968034775234,0.0293065272194168,-0.0034310511309458,0.5224695938981653,0.5230749468489341,0.0036104195360058,197,0.0297977827537074,0.0064935064935064
Grocery,44,2,STRICT_SHUFFLE_9917,G_D_visual,0.0106295013934478,2284,9133,0.5011061946902655,2284,0.041206855210711,0.0376583217945705,-0.0035949147007332,0.5011061946902655,0.5004688612552131,-0.0023729197837217,192,-0.0811576543126045,-0.1175009130890543
Grocery,44,2,STRICT_SHUFFLE_9917,G_P_visual,0.0076949412901014,2284,9133,0.5260960115540392,2284,0.0267966556023031,0.0012336607198586,-0.0165892873189941,0.5260960115540392,0.5114992959861145,-0.0282520806114964,194,-0.0484162886977064,-0.0027472527472527
Grocery,44,2,STRICT_SHUFFLE_9918,G_D_text,0.0115995132517199,2284,9133,0.5752520851487614,2284,0.1365140768417729,0.090765348647408,0.0076234734702342,0.5752520851487614,0.5456311264421358,0.0035324309082587,185,0.0492102330428177,0.0769230769230769
Grocery,44,2,STRICT_SHUFFLE_9918,G_P_text,0.007729098077553,2284,9133,0.5171891008778002,2284,-0.0003898138788025,0.031618347748719,-0.0029548566850359,0.5171891008778002,0.5278323903057378,-0.0032663358232905,197,0.017272171505379,0.0
Grocery,44,2,STRICT_SHUFFLE_9918,G_D_visual,0.0106295013934478,2284,9133,0.5020534533618146,2284,0.04326815257073,0.0368988138153177,-0.0038813667739003,0.5020534533618146,0.4968673710711015,0.0073556085204476,192,-0.0684309919360539,-0.0976190476190476
Grocery,44,2,STRICT_SHUFFLE_9918,G_P_visual,0.0076949412901014,2284,9133,0.5212359408547831,2284,0.018501563546478,-7.539164246720645e-05,-0.0166222722683189,0.5212359408547831,0.5122182032470779,-0.0466894215219482,194,-0.0343995612633978,0.0
Grocery,44,2,STRICT_SHUFFLE_9919,G_D_text,0.0115995132517199,2284,9133,0.5741943515257627,2284,0.1294108017693016,0.086201277083237,0.0065788799758462,0.5741943515257627,0.5410452046598105,-0.0086941421534964,185,0.0339742561649514,0.0340557275541795
Grocery,44,2,STRICT_SHUFFLE_9919,G_P_text,0.007729098077553,2284,9133,0.5225672810960658,2284,0.006870015201583,0.0335682394173057,-0.0026609504826486,0.5225672810960658,0.5263501601454693,0.0071234007926841,197,0.0279554914212733,0.0357142857142857
Grocery,44,2,STRICT_SHUFFLE_9919,G_D_visual,0.0106295013934478,2284,9133,0.5022600701861458,2284,0.044280498361057,0.040216891434442,-0.0030898184506771,0.5022600701861458,0.4995041196216051,0.0059798390458881,192,-0.0659838821858267,-0.0999999999999999
Grocery,44,2,STRICT_SHUFFLE_9919,G_P_visual,0.0076949412901014,2284,9133,0.5200444708142168,2284,0.0185288950089297,0.0007277867862229,-0.0166113995880154,0.5200444708142168,0.5102619382480399,-0.0461252809880291,194,-0.0321342829329093,0.0
Grocery,44,2,RIDGE_TARGET_ONLY,G_D_text,0.0115995132517199,2284,9133,0.5435787055814122,2284,0.0718184122537712,0.0591989839376406,-0.4400250416091511,0.5435787055814122,0.5413407596888641,,185,,
Grocery,44,2,RIDGE_TARGET_ONLY,G_P_text,0.007729098077553,2284,9133,0.4931326669066541,2284,0.0022429267082923,0.0124844786210988,-0.4839433602353868,0.4931326669066541,0.5014253100607046,,197,,
Grocery,44,2,RIDGE_TARGET_ONLY,G_D_visual,0.0106295013934478,2284,9133,0.5217384739599227,2284,0.0159955546172436,-0.0230263667889301,-0.4711823998227631,0.5217384739599227,0.5226340784253891,,192,,
Grocery,44,2,RIDGE_TARGET_ONLY,G_P_visual,0.0076949412901014,2284,9133,0.4995089211319287,2284,-0.009844657434799,-0.0090270847435029,-0.3728795302767584,0.4995089211319287,0.5096947824077838,,194,,
Grocery,44,2,RIDGE_ENDPOINT,G_D_text,0.0115995132517199,2284,9133,0.5425988764090064,2284,0.0601973223055461,0.0471067815954468,-0.5871524821565608,0.5425988764090064,0.5369692759303357,0.0074698770500086,185,0.0518883865162003,0.0666666666666666
Grocery,44,2,RIDGE_ENDPOINT,G_P_text,0.007729098077553,2284,9133,0.4999430799004359,2284,0.0119934590702075,0.0123723172981195,-0.6845590979624414,0.4999430799004359,0.4958825230680241,0.0108077615335084,197,0.0494516252995963,0.0
Grocery,44,2,RIDGE_ENDPOINT,G_D_visual,0.0106295013934478,2284,9133,0.511650407511952,2284,0.028682119221449,-0.005840154278673,-0.5050756701759254,0.511650407511952,0.501509892177805,-0.0103126642279465,192,-0.0187301057786912,-0.0142857142857142
Grocery,44,2,RIDGE_ENDPOINT,G_P_visual,0.0076949412901014,2284,9133,0.4648769927940213,2284,-0.0319585896603607,-0.0322463290215181,-0.4478545620556597,0.4648769927940213,0.4662153839713467,0.0102678673507747,194,-0.0171034642345919,-0.0119047619047619
Grocery,44,2,RIDGE_ENDPOINT_LOCAL,G_D_text,0.0115995132517199,2284,9133,0.5174052195981897,2284,0.0247471124980498,0.0405452084948921,-0.8711334293906263,0.5174052195981897,0.5242752677463527,-0.0300455396623159,185,-0.0082752814347656,0.0
Grocery,44,2,RIDGE_ENDPOINT_LOCAL,G_P_text,0.007729098077553,2284,9133,0.5028344671201814,2284,0.0067461859266084,-0.0171649160404374,-0.8893244574848951,0.5028344671201814,0.4980877923308627,0.0220542730767215,197,-0.0147192923159215,0.0
Grocery,44,2,RIDGE_ENDPOINT_LOCAL,G_D_visual,0.0106295013934478,2284,9133,0.5032256064998475,2284,-0.0067286903369075,-0.0136944665184997,-0.6760682708378247,0.5032256064998475,0.5102164072830842,-0.0314331185860162,192,-0.0593852559409772,-0.0711855308575261
Grocery,44,2,RIDGE_ENDPOINT_LOCAL,G_P_visual,0.0076949412901014,2284,9133,0.4705252048241656,2284,-0.02643601626284,-0.0263931430190677,-0.6225910224833207,0.4705252048241656,0.4824386976588418,-0.0116752324654524,194,-0.011300712343823,-0.0369489901223647
Grocery,44,2,DirectState,G_D_text,0.0115995132517199,2284,9133,0.4837400561393927,2284,0.0292735244328612,0.0171634288458438,0.0001616364560439,0.4837400561393927,0.4927898226268256,-0.0414664418041158,185,-0.0586941568345939,-0.067079463364293
Grocery,44,2,DirectState,G_P_text,0.007729098077553,2284,9133,0.5089579929665218,2284,0.040430665922099,0.0329496024156815,-0.0001685355348495,0.5089579929665218,0.5117516929883668,0.0077042457726324,197,-0.0171728879115195,0.0
Grocery,44,2,DirectState,G_D_visual,0.0106295013934478,2284,9133,0.5032327586206897,2284,0.0497815641439482,0.0489524257339771,0.0017221880416444,0.5032327586206897,0.5035140753738175,0.0117276553046132,192,0.0207957355588365,0.0857142857142857
Grocery,44,2,DirectState,G_P_visual,0.0076949412901014,2284,9133,0.4865794585734723,2284,0.0205662444114259,0.0452620933879153,-0.0049178959465989,0.4865794585734723,0.4945788113154231,-0.0368859381165283,194,-0.0088892273857818,0.0233766233766233
Grocery,44,2,Frozen_Q_PAIR_text,G_D_text,0.0115995132517199,2284,9133,0.5611650329487637,2284,0.1348391192265951,0.0967519110104874,0.0087938803386906,0.5611650329487637,0.5232360063126699,0.0022454869772103,185,0.0578190681583423,0.037391304347826
Grocery,44,2,Frozen_Q_PAIR_text,G_P_text,0.007729098077553,2284,9133,0.5340312968244738,2284,0.0552757676470658,0.0253290102885054,-0.0010743498688308,0.5340312968244738,0.5217304017943677,0.0210198281456796,197,-0.028006998338798,0.0
Grocery,44,2,Frozen_Q_PAIR_visual,G_D_visual,0.0106295013934478,2284,9133,0.5348236763808362,2284,0.0800968237266413,0.0611609443877393,0.0035482671590317,0.5348236763808362,0.5213578221950972,0.0086489947326852,192,-0.0248299046409415,0.0832895136009707
Grocery,44,2,Frozen_Q_PAIR_visual,G_P_visual,0.0076949412901014,2284,9133,0.5240519963966083,2284,0.0427304787347137,0.0074669925867636,-0.0061561118780115,0.5240519963966083,0.5104499167983589,0.0019034390860396,194,-0.0576495627693531,-0.0212332301341589
Grocery,44,2,Frozen_R_SHARED_text,G_D_text,0.0115995132517199,2284,9133,0.5535231685426647,2284,0.1032452752604125,0.0668223489722153,0.0043752741896792,0.5535231685426647,0.5496215209036917,0.0968122474933396,185,0.0693228295122493,0.0857142857142857
Grocery,44,2,Frozen_R_SHARED_text,G_P_text,0.007729098077553,2284,9133,0.5388133543783864,2284,0.0894188355879216,0.0655108292738986,0.0036598877093342,0.5388133543783864,0.535080472713735,0.0488405261767195,197,0.0619689592393324,0.0666666666666666
Grocery,44,2,Frozen_R_SHARED_visual,G_D_visual,0.0106295013934478,2284,9133,0.5475687557216966,2284,0.0984464621699782,0.045455978759143,0.001703257274334,0.5475687557216966,0.534290446038043,0.0002826521557191,192,0.0204257851832221,0.0480724661122289
Grocery,44,2,Frozen_R_SHARED_visual,G_P_visual,0.0076949412901014,2284,9133,0.5063224391645863,2284,-0.0022387184527985,-0.0506730535506793,-0.0100129929951378,0.5063224391645863,0.5042430019248682,-0.0103734471693908,194,0.0080509724823697,0.0537491919844861
Grocery,44,2,Frozen_U_MODAL_text,G_D_text,0.0115995132517199,2284,9133,0.5858053272187709,2284,0.1169768758468528,0.0548434251604746,0.0026677737470511,0.5858053272187709,0.5257128859583251,0.0312755255443903,185,0.0666318432959014,0.1272727272727273
Grocery,44,2,Frozen_U_MODAL_text,G_P_text,0.007729098077553,2284,9133,0.5354135322152379,2284,0.0276665960848544,0.0085532300578268,-0.0020489613514365,0.5354135322152379,0.5244256454277776,0.0105606296547748,197,-0.0392773117485319,-0.0357142857142857
Grocery,44,2,Frozen_U_MODAL_visual,G_D_visual,0.0106295013934478,2284,9133,0.5185581642254095,2284,0.0278326427548128,0.0045559408444014,-0.0009720334789702,0.5185581642254095,0.501802334452243,0.0507967920359629,192,0.057277527783403,0.0928571428571428
Grocery,44,2,Frozen_U_MODAL_visual,G_P_visual,0.0076949412901014,2284,9133,0.5158904266187287,2284,0.0447395801706282,0.0371661018589091,-0.0039603275855861,0.5158904266187287,0.5164777086421025,0.0267228889066853,194,-0.0260640735389818,0.0
ele-fashion,42,0,SIM_ONLY,G_D_text,0.0057299522449268,3349,13393,0.5634927801553753,3349,0.0227749868646551,-0.0173798287417051,-0.0007502335687827,0.5634927801553753,0.5066711154508197,0.0405344417873601,160,0.026257361547049,0.0413674789088421
ele-fashion,42,0,SIM_ONLY,G_P_text,0.0048547690629332,3349,13393,0.485591111904337,3349,-0.0179686421487267,0.0328519028743108,0.0004262596116964,0.485591111904337,0.4992889523469569,-0.0591178097853356,157,-0.0091579657905683,0.0
ele-fashion,42,0,SIM_ONLY,G_D_visual,0.0042453965651483,3349,13393,0.5280992562332033,3349,0.0217764127997463,-0.0150698388121132,-0.0004712959394046,0.5280992562332033,0.5253592521739381,0.0197655590439519,157,0.0380065830879271,0.0857142857142857
ele-fashion,42,0,SIM_ONLY,G_P_visual,0.0035101307816288,3349,13393,0.5222292132138302,3349,0.0182757767395688,-0.0015740067951734,-0.0013204671164606,0.5222292132138302,0.518622967262185,0.0375883604644047,151,0.0376303359066798,0.0238095238095238
ele-fashion,42,0,TARGET_ONLY,G_D_text,0.0057299522449268,3349,13393,0.578986276712376,3349,0.0868797441593858,0.0361634908149802,-0.0018335742085615,0.578986276712376,0.5506082294763299,,160,,
ele-fashion,42,0,TARGET_ONLY,G_P_text,0.0048547690629332,3349,13393,0.5270970908441907,3349,0.039422089221129,0.0123423754766211,-0.0028651073226466,0.5270970908441907,0.5136357308584687,,157,,
ele-fashion,42,0,TARGET_ONLY,G_D_visual,0.0042453965651483,3349,13393,0.6103416620244217,3349,0.1505216980818343,0.0294235020481618,-0.0015292084488363,0.6103416620244217,0.5823512646338672,,157,,
ele-fashion,42,0,TARGET_ONLY,G_P_visual,0.0035101307816288,3349,13393,0.5517720380309943,3349,0.0813008284679128,0.0115903452334329,-0.0036586876449942,0.5517720380309943,0.5348368958855874,,151,,
ele-fashion,42,0,ENDPOINT,G_D_text,0.0057299522449268,3349,13393,0.5838066255160378,3349,0.0910602451330736,0.0213467696980165,-0.0079265740433995,0.5838066255160378,0.5705149773651558,0.1295760242512716,160,0.0233607619881108,0.0
ele-fashion,42,0,ENDPOINT,G_P_text,0.0048547690629332,3349,13393,0.5583740853114403,3349,0.0725374088536289,0.024537150601711,-0.0048089969365705,0.5583740853114403,0.5486303765839728,-0.0036085697697051,157,0.0092016907974574,-0.0526315789473684
ele-fashion,42,0,ENDPOINT,G_D_visual,0.0042453965651483,3349,13393,0.6124290528237084,3349,0.1354380235382697,0.0259395231814586,-0.0039018587363777,0.6124290528237084,0.586646600653225,0.1087461579227099,157,0.089533781497794,0.0699300699300699
ele-fashion,42,0,ENDPOINT,G_P_visual,0.0035101307816288,3349,13393,0.5379739250280353,3349,0.0670462446929474,0.0035487994225015,-0.0079417300459516,0.5379739250280353,0.52447061072732,0.0745219927059151,151,-0.0415727154439492,-0.0406103867214857
ele-fashion,42,0,ENDPOINT_LOCAL,G_D_text,0.0057299522449268,3349,13393,0.5759213367035184,3349,0.0993201601612646,0.018772375845173,-0.0147078697114761,0.5759213367035184,0.5582703921549526,0.0834251976014356,160,0.0200920289662464,0.0
ele-fashion,42,0,ENDPOINT_LOCAL,G_P_text,0.0048547690629332,3349,13393,0.5564369087988577,3349,0.0789037706254274,0.0091669672916293,-0.0124561933996987,0.5564369087988577,0.5404829555595216,0.0090483491820137,157,0.1282460602941063,0.1428571428571428
ele-fashion,42,0,ENDPOINT_LOCAL,G_D_visual,0.0042453965651483,3349,13393,0.5962693624794337,3349,0.1288956960828214,0.0207443772961299,-0.0073348259048169,0.5962693624794337,0.5729433415814149,0.0955684052348323,157,0.0689668211198786,0.1739313106957345
ele-fashion,42,0,ENDPOINT_LOCAL,G_P_visual,0.0035101307816288,3349,13393,0.5696652313732876,3349,0.1077067191240956,0.0069374269326184,-0.0124316016097356,0.5696652313732876,0.5432416015363061,0.0808232023247415,151,0.0222793393304545,0.0817391304347825
ele-fashion,42,0,STRICT_SHUFFLE_9917,G_D_text,0.0057299522449268,3349,13393,0.5660397153277724,3349,0.0921088817600459,0.019982904637919,-0.0137813558715393,0.5660397153277724,0.5516286896369808,0.0587553548203016,160,-0.0075045677368916,-0.0952380952380952
ele-fashion,42,0,STRICT_SHUFFLE_9917,G_P_text,0.0048547690629332,3349,13393,0.5591061931108335,3349,0.0815618482466821,0.012867694385406,-0.0113604575992238,0.5591061931108335,0.537292700339104,0.0172640162337459,157,0.0488306293217858,0.0
ele-fashion,42,0,STRICT_SHUFFLE_9917,G_D_visual,0.0042453965651483,3349,13393,0.585960699978552,3349,0.1167190936815327,0.0212975616748176,-0.0068164447603025,0.585960699978552,0.5628083134328573,0.0570700918411134,157,0.0589679241679265,0.0999999999999999
ele-fashion,42,0,STRICT_SHUFFLE_9917,G_P_visual,0.0035101307816288,3349,13393,0.5625875657367221,3349,0.0967983879619452,0.0135553431144024,-0.0099393620792984,0.5625875657367221,0.5352461899095737,0.068528049946698,151,0.0331235312414639,0.0857142857142857
ele-fashion,42,0,STRICT_SHUFFLE_9918,G_D_text,0.0057299522449268,3349,13393,0.5643922164012509,3349,0.0909071862833006,0.0203198222987393,-0.0138523722466654,0.5643922164012509,0.5527763560486104,0.0682394846159311,160,-0.0066064512933577,-0.0731874145006839
ele-fashion,42,0,STRICT_SHUFFLE_9918,G_P_text,0.0048547690629332,3349,13393,0.559893271461717,3349,0.0834575247740127,0.016296396290083,-0.010710473050739,0.559893271461717,0.5383394610030341,0.0259757884345946,157,0.0601876042302817,0.0833333333333333
ele-fashion,42,0,STRICT_SHUFFLE_9918,G_D_visual,0.0042453965651483,3349,13393,0.5869996271809554,3349,0.1187266239945929,0.0204726668537308,-0.0070962096515083,0.5869996271809554,0.5617172059587712,0.0539922420746559,157,0.0290060935707324,0.0
ele-fashion,42,0,STRICT_SHUFFLE_9918,G_P_visual,0.0035101307816288,3349,13393,0.5622722577478734,3349,0.0958060645229078,0.0133472333829742,-0.0100868957274926,0.5622722577478734,0.5354953331564185,0.0661285266050466,151,0.0383676218857284,0.0867579908675799
ele-fashion,42,0,STRICT_SHUFFLE_9919,G_D_text,0.0057299522449268,3349,13393,0.5647200675635675,3349,0.0908255198717247,0.0192061957213196,-0.0140622465199002,0.5647200675635675,0.5494560668201884,0.0605963836404154,160,-0.0036785176139589,-0.06703146374829
ele-fashion,42,0,STRICT_SHUFFLE_9919,G_P_text,0.0048547690629332,3349,13393,0.5589737640549706,3349,0.0826884995471929,0.0121111012516336,-0.0116008119020389,0.5589737640549706,0.5437615563091202,0.0160548047088901,157,0.0393274403818348,0.0
ele-fashion,42,0,STRICT_SHUFFLE_9919,G_D_visual,0.0042453965651483,3349,13393,0.5875739700334097,3349,0.1177419633180646,0.0227996396628676,-0.006479779144245,0.5875739700334097,0.5589075682266049,0.0579593931566059,157,0.066952284395742,0.1061399552700614
ele-fashion,42,0,STRICT_SHUFFLE_9919,G_P_visual,0.0035101307816288,3349,13393,0.5637870914906792,3349,0.0961098524270282,0.010922169373219,-0.010499543852958,0.5637870914906792,0.5364803139383252,0.0644511354220103,151,0.0301737635851643,0.0499999999999999
ele-fashion,42,0,RIDGE_TARGET_ONLY,G_D_text,0.0057299522449268,3349,13393,0.511101227699564,3349,0.0248180344115372,0.0110051547868094,-0.1476139145388,0.511101227699564,0.5091433005582088,,160,,
ele-fashion,42,0,RIDGE_TARGET_ONLY,G_P_text,0.0048547690629332,3349,13393,0.4964913439228984,3349,-0.0094250770392941,0.012015352118895,-0.1122901139320424,0.4964913439228984,0.5117694092450473,,157,,
ele-fashion,42,0,RIDGE_TARGET_ONLY,G_D_visual,0.0042453965651483,3349,13393,0.5207452566333721,3349,0.0341454972100619,0.0167987465509194,-0.1038316881175847,0.5207452566333721,0.5122029862949415,,157,,
ele-fashion,42,0,RIDGE_TARGET_ONLY,G_P_visual,0.0035101307816288,3349,13393,0.5077865735866071,3349,0.0210054307601436,0.0329848845861957,-0.0768683788654331,0.5077865735866071,0.4961037705699227,,151,,
ele-fashion,42,0,RIDGE_ENDPOINT,G_D_text,0.0057299522449268,3349,13393,0.5124354882584322,3349,0.0219434366104912,0.0204494358346271,-0.2837177600766098,0.5124354882584322,0.5120355098404058,-0.0133059956251533,160,-0.0007041043889953,0.0357142857142857
ele-fashion,42,0,RIDGE_ENDPOINT,G_P_text,0.0048547690629332,3349,13393,0.5126475102623594,3349,-0.0023376699951497,0.0238029537286665,-0.2145021229922514,0.5126475102623594,0.5060883455291808,-0.0053649919752009,157,-0.0141829530300309,0.0166666666666666
ele-fashion,42,0,RIDGE_ENDPOINT,G_D_visual,0.0042453965651483,3349,13393,0.5221489059416415,3349,0.0288219901021161,0.0146867341544995,-0.168914235773405,0.5221489059416415,0.5224470532181194,0.0228531130338122,157,0.0657808537652879,0.0714285714285714
ele-fashion,42,0,RIDGE_ENDPOINT,G_P_visual,0.0035101307816288,3349,13393,0.4942495527192104,3349,-0.003205172051433,0.0103398125175914,-0.2045723378791948,0.4942495527192104,0.4884630804306451,-0.0336720440907861,151,-0.008987488635984,-0.0054945054945054
ele-fashion,42,0,RIDGE_ENDPOINT_LOCAL,G_D_text,0.0057299522449268,3349,13393,0.526830964436954,3349,0.0338839774430101,0.0159342360469392,-0.3449717885455943,0.526830964436954,0.517253588939838,0.0109143753711394,160,0.0174125023952645,0.075438596491228
ele-fashion,42,0,RIDGE_ENDPOINT_LOCAL,G_P_text,0.0048547690629332,3349,13393,0.5150158843476709,3349,0.0071449084569858,0.0247161938638495,-0.2674066407015336,0.5150158843476709,0.5208118864893807,0.0065708502433202,157,0.0626225971469742,0.0857142857142857
ele-fashion,42,0,RIDGE_ENDPOINT_LOCAL,G_D_visual,0.0042453965651483,3349,13393,0.514096950225059,3349,0.0281850429555765,0.0135891656836488,-0.201018684644513,0.514096950225059,0.5195927923570657,0.0027710513172169,157,-0.0581870742083877,-0.06394084384515
ele-fashion,42,0,RIDGE_ENDPOINT_LOCAL,G_P_visual,0.0035101307816288,3349,13393,0.4901312879689314,3349,-0.0096327148907842,0.0020167224644965,-0.2456441852152946,0.4901312879689314,0.4879515966568792,-0.0411642392636248,151,-0.0409936306924222,-0.0285714285714285
ele-fashion,42,0,DirectState,G_D_text,0.0057299522449268,3349,13393,0.6248018842262,3349,0.1373274319231755,0.0267846255305661,0.0002364048179791,0.6248018842262,0.5719419729670792,0.0132751281326865,160,-0.017217191345337,0.0
ele-fashion,42,0,DirectState,G_P_text,0.0048547690629332,3349,13393,0.5222048902373728,3349,0.0294872062625033,0.0286147809812488,0.0007468296791537,0.5222048902373728,0.5264138854185257,0.0151598711165506,157,-0.048765252433121,-0.0666666666666666
ele-fashion,42,0,DirectState,G_D_visual,0.0042453965651483,3349,13393,0.5857706918168379,3349,0.1068677251184817,0.0233077002499285,0.0003539830328562,0.5857706918168379,0.5655578538866025,0.0654849273295452,157,0.0649404297800885,0.1428571428571428
ele-fashion,42,0,DirectState,G_P_visual,0.0035101307816288,3349,13393,0.5414626438503528,3349,0.0589308901615498,0.0043579458897065,-0.000515884480702,0.5414626438503528,0.5192368191273531,-0.006140890004598,151,0.0170835865029609,-0.0285714285714285
ele-fashion,42,0,Frozen_Q_PAIR_text,G_D_text,0.0057299522449268,3349,13393,0.6013221206986864,3349,0.1124340848661342,-0.0011463566537369,-0.0061488483118889,0.6013221206986864,0.5682207686030243,0.0629610988404569,160,-0.0404241612674733,-0.119047619047619
ele-fashion,42,0,Frozen_Q_PAIR_text,G_P_text,0.0048547690629332,3349,13393,0.514398358022488,3349,0.0298765547308485,0.0220602514259629,-0.0002820829337042,0.514398358022488,0.5060774585043727,0.0060166873431983,157,0.0186511128957567,0.0
ele-fashion,42,0,Frozen_Q_PAIR_visual,G_D_visual,0.0042453965651483,3349,13393,0.5835251408147608,3349,0.101814941205618,0.0236535960135395,-0.0001549599962482,0.5835251408147608,0.559981222299473,0.0032657485553043,157,0.0525034600238644,0.0
ele-fashion,42,0,Frozen_Q_PAIR_visual,G_P_visual,0.0035101307816288,3349,13393,0.561751856892975,3349,0.0623490213516482,0.0176251061661292,-0.0010840069577839,0.561751856892975,0.5506099640177942,0.0149423851468192,151,0.0199906680674967,0.0499999999999999
ele-fashion,42,0,Frozen_R_SHARED_text,G_D_text,0.0057299522449268,3349,13393,0.5837041486098736,3349,0.0996127796508907,0.0067009760610908,-0.0022487347142039,0.5837041486098736,0.5510541070570806,0.0797325854682112,160,0.0492728641089628,0.0952380952380952
ele-fashion,42,0,Frozen_R_SHARED_text,G_P_text,0.0048547690629332,3349,13393,0.5068934499375335,3349,0.006233891917521,0.00513744669763,-0.0015981913907654,0.5068934499375335,0.4975961092271997,-0.0075528615309858,157,-0.001038287167976,0.0
ele-fashion,42,0,Frozen_R_SHARED_visual,G_D_visual,0.0042453965651483,3349,13393,0.5465984220685842,3349,0.0591155231119179,0.0216151894207196,5.991932875870631e-06,0.5465984220685842,0.528779938880708,-0.0179190443038462,157,-0.112699093006782,-0.119047619047619
ele-fashion,42,0,Frozen_R_SHARED_visual,G_P_visual,0.0035101307816288,3349,13393,0.5348736342598537,3349,0.060656804903542,0.0208100936276753,-0.0005598861404516,0.5348736342598537,0.5266351430014466,0.0713408954150158,151,0.1019800066402873,0.1999999999999999
ele-fashion,42,0,Frozen_U_MODAL_text,G_D_text,0.0057299522449268,3349,13393,0.5481856904020916,3349,0.0348707533905823,-0.0070409040629133,-0.0038406383999185,0.5481856904020916,0.5249931244927675,0.0077377265159647,160,-0.0614301132671048,-0.075923392612859
ele-fashion,42,0,Frozen_U_MODAL_text,G_P_text,0.0048547690629332,3349,13393,0.4834363733714082,3349,-0.0119197714118185,-0.0087540059740389,-0.0036650404215008,0.4834363733714082,0.4858654292343387,-0.0364376882372149,157,-0.0044936192289055,0.0
ele-fashion,42,0,Frozen_U_MODAL_visual,G_D_visual,0.0042453965651483,3349,13393,0.531710850761544,3349,0.0285390317470547,-0.0008741029275525,-0.0027064490347035,0.531710850761544,0.5259357542100482,-0.0158682021726511,157,-0.0953538815427064,-0.0999999999999999
ele-fashion,42,0,Frozen_U_MODAL_visual,G_P_visual,0.0035101307816288,3349,13393,0.5119599458982853,3349,0.0346542425684706,0.0537364866774668,0.0021839393049627,0.5119599458982853,0.5086775683333762,-0.0481170652199776,151,-0.1138814711645049,-0.1270125223613595
ele-fashion,42,1,SIM_ONLY,G_D_text,0.0055724336080611,3349,13394,0.5578280968366354,3349,0.0195245801924009,-0.022830519456932,-0.0015154299335573,0.5578280968366354,0.5071948317276553,0.0097240641785263,158,0.0086201560371031,-0.024390243902439
ele-fashion,42,1,SIM_ONLY,G_P_text,0.0045236636104313,3349,13394,0.5049514423334303,3349,0.0097196424142374,0.0364128680384811,-0.0008785605909744,0.5049514423334303,0.4997330485851575,0.0315995361341497,154,0.0178690391459867,0.059300270549848
ele-fashion,42,1,SIM_ONLY,G_D_visual,0.0042993011878398,3349,13394,0.5431772663514236,3349,0.0397451633494102,0.0052847564689907,-7.719332616451524e-06,0.5431772663514236,0.5223529709484765,0.0506829152395149,153,0.0291154788333369,0.0954545454545454
ele-fashion,42,1,SIM_ONLY,G_P_visual,0.0035936692173259,3349,13394,0.5398678572778713,3349,0.0550222349528452,0.032489471436394,-0.0007899164260369,0.5398678572778713,0.5240961105416739,-0.0057167980850353,154,-0.027342619954022,-0.0999999999999999
ele-fashion,42,1,TARGET_ONLY,G_D_text,0.0055724336080611,3349,13394,0.6137515868639127,3349,0.1603361916856572,0.0281375803437335,-0.0041069011666146,0.6137515868639127,0.589602016381247,,158,,
ele-fashion,42,1,TARGET_ONLY,G_P_text,0.0045236636104313,3349,13394,0.5845715104241272,3349,0.1159552138778143,0.0323828457609363,-0.0024490394228444,0.5845715104241272,0.5652272993632232,,154,,
ele-fashion,42,1,TARGET_ONLY,G_D_visual,0.0042993011878398,3349,13394,0.6024565094789813,3349,0.1272934834613144,0.0366494214476263,-0.0015986795150684,0.6024565094789813,0.5731658424074155,,153,,
ele-fashion,42,1,TARGET_ONLY,G_P_visual,0.0035936692173259,3349,13394,0.5489402761401999,3349,0.0488086533154507,-0.0429853270221835,-0.0151424643918114,0.5489402761401999,0.5336088030477136,,154,,
ele-fashion,42,1,ENDPOINT,G_D_text,0.0055724336080611,3349,13394,0.5734335848875038,3349,0.077704652704401,-0.0122984688815356,-0.0162735535021152,0.5734335848875038,0.5500531113636111,0.0610095068392682,158,0.0663873134069898,0.1656566421677591
ele-fashion,42,1,ENDPOINT,G_P_text,0.0045236636104313,3349,13394,0.595119346815465,3349,0.1022844521807574,0.0342195696264019,-0.0008157550499261,0.595119346815465,0.5678396613117226,0.0679723506961373,154,0.0269488098635967,0.0607142857142857
ele-fashion,42,1,ENDPOINT,G_D_visual,0.0042993011878398,3349,13394,0.5988218153948491,3349,0.11383922858562,0.0398797629661419,0.0001253027250747,0.5988218153948491,0.5763025465272655,-0.0152397091959639,153,0.0193326536173873,0.0685066016592717
ele-fashion,42,1,ENDPOINT,G_P_visual,0.0035936692173259,3349,13394,0.5415240993203131,3349,0.048760832369787,0.0215682060590769,-0.0058532625935079,0.5415240993203131,0.5293052128827385,0.0218324643020493,154,-0.0547625188117853,0.0
ele-fashion,42,1,ENDPOINT_LOCAL,G_D_text,0.0055724336080611,3349,13394,0.6212256696288126,3349,0.1524882952273125,0.0269691825189677,-0.009368823724067,0.6212256696288126,0.5995179264731464,0.043611701701235,158,0.1090428244875536,0.1999999999999999
ele-fashion,42,1,ENDPOINT_LOCAL,G_P_text,0.0045236636104313,3349,13394,0.6107931567836767,3349,0.1422534494361724,0.0446815175436423,-0.0029403053669332,0.6107931567836767,0.5780594151376645,0.1081004135304759,154,0.0657975798952088,0.1256464255870733
ele-fashion,42,1,ENDPOINT_LOCAL,G_D_visual,0.0042993011878398,3349,13394,0.6121621621621622,3349,0.1464441764118926,0.0531139420786132,-0.0025289512910642,0.6121621621621622,0.5837310022703281,0.0154905726681781,153,0.0478877125339633,0.0309523809523809
ele-fashion,42,1,ENDPOINT_LOCAL,G_P_visual,0.0035936692173259,3349,13394,0.550780366755613,3349,0.05180701983266,-0.0156995378957163,-0.0180340212151928,0.550780366755613,0.5323694746460157,0.0535813704314764,154,0.0345757455173752,0.0883467023172905
ele-fashion,42,1,STRICT_SHUFFLE_9917,G_D_text,0.0055724336080611,3349,13394,0.6079955734361757,3349,0.1433210412722115,0.0276167238505657,-0.0087744471083264,0.6079955734361757,0.5871470500061069,0.0120548135326665,158,0.0172613665533816,0.0857142857142857
ele-fashion,42,1,STRICT_SHUFFLE_9917,G_P_text,0.0045236636104313,3349,13394,0.6093238388336899,3349,0.1382460591021449,0.0419481226504086,-0.003293671077351,0.6093238388336899,0.5732358418084982,0.0638329060364703,154,0.0190769396480163,0.0785714285714285
ele-fashion,42,1,STRICT_SHUFFLE_9917,G_D_visual,0.0042993011878398,3349,13394,0.6020161815105636,3349,0.1354581700888475,0.043224708690028,-0.0038447539779011,0.6020161815105636,0.5746336023021417,-0.0019767743056342,153,0.0097166285310936,0.0
ele-fashion,42,1,STRICT_SHUFFLE_9917,G_P_visual,0.0035936692173259,3349,13394,0.545344083927676,3349,0.047821911124913,-0.0186677681579616,-0.0178768998256875,0.545344083927676,0.542528044486005,0.0355093049097362,154,-0.0600961848903312,-0.0982093663911845
ele-fashion,42,1,STRICT_SHUFFLE_9918,G_D_text,0.0055724336080611,3349,13394,0.6042181896242232,3349,0.1387514368178327,0.0263998648769336,-0.0090591094018519,0.6042181896242232,0.5841950204858117,0.0215721998045879,158,0.0305944892427404,0.0969714779131017
ele-fashion,42,1,STRICT_SHUFFLE_9918,G_P_text,0.0045236636104313,3349,13394,0.6099127235265946,3349,0.1371808520240411,0.0424570854655743,-0.0032298133520627,0.6099127235265946,0.5699201099058508,0.0680471596768662,154,0.0275651860181258,0.0818181818181818
ele-fashion,42,1,STRICT_SHUFFLE_9918,G_D_visual,0.0042993011878398,3349,13394,0.6059205674374214,3349,0.1378632183371771,0.044423526445923,-0.0034845270793923,0.6059205674374214,0.579589641808743,-0.0060408873863839,153,0.0170988499941601,0.0544455544455544
ele-fashion,42,1,STRICT_SHUFFLE_9918,G_P_visual,0.0035936692173259,3349,13394,0.5441297204146454,3349,0.0458251976975769,-0.0201765354307986,-0.0182301159159081,0.5441297204146454,0.5404572069710528,0.0342337583889282,154,-0.0666114299769434,-0.1289473684210526
ele-fashion,42,1,STRICT_SHUFFLE_9919,G_D_text,0.0055724336080611,3349,13394,0.6068411877699519,3349,0.1415988259173366,0.0265873582751627,-0.0090854926004848,0.6068411877699519,0.5874405504335886,0.0130976904037861,158,0.0134715237342406,0.0999999999999999
ele-fashion,42,1,STRICT_SHUFFLE_9919,G_P_text,0.0045236636104313,3349,13394,0.6105985499257022,3349,0.1416557485423743,0.044393872952268,-0.0028488234064769,0.6105985499257022,0.5725583350334305,0.0636575459809254,154,0.0353454825775229,0.0999999999999999
ele-fashion,42,1,STRICT_SHUFFLE_9919,G_D_visual,0.0042993011878398,3349,13394,0.6039900655069195,3349,0.1366673300129075,0.0421046750254253,-0.0040512850642928,0.6039900655069195,0.5792655416250923,0.0132820647077467,153,0.0310938147786879,0.0178571428571428
ele-fashion,42,1,STRICT_SHUFFLE_9919,G_P_visual,0.0035936692173259,3349,13394,0.5453312448420756,3349,0.0483678935776206,-0.0176484150158741,-0.017674718902521,0.5453312448420756,0.5407327123495598,0.0373501148915021,154,-0.076722101992259,-0.0976190476190476
ele-fashion,42,1,RIDGE_TARGET_ONLY,G_D_text,0.0055724336080611,3349,13394,0.5187288803680414,3349,0.0443108600012422,0.0490013305962465,-0.0847092610081927,0.5187288803680414,0.5169891593599989,,158,,
ele-fashion,42,1,RIDGE_TARGET_ONLY,G_P_text,0.0045236636104313,3349,13394,0.5051498472806404,3349,0.0146635786932309,0.0206263206341101,-0.0970829190397852,0.5051498472806404,0.4931337781076689,,154,,
ele-fashion,42,1,RIDGE_TARGET_ONLY,G_D_visual,0.0042993011878398,3349,13394,0.5338785012942316,3349,0.0661035105578549,0.0664205640158309,-0.0955106855647118,0.5338785012942316,0.5364384046968317,,153,,
ele-fashion,42,1,RIDGE_TARGET_ONLY,G_P_visual,0.0035936692173259,3349,13394,0.5023743392328931,3349,0.0235173432306675,0.0105053575965185,-0.1177862234548727,0.5023743392328931,0.4905308177284947,,154,,
ele-fashion,42,1,RIDGE_ENDPOINT,G_D_text,0.0055724336080611,3349,13394,0.5246921576537731,3349,0.0463948645775587,0.0396649974053099,-0.1838898919014004,0.5246921576537731,0.5100920843711948,-0.0045378687196222,158,-0.0260185951193921,-0.0999999999999999
ele-fashion,42,1,RIDGE_ENDPOINT,G_P_text,0.0045236636104313,3349,13394,0.5107451561701949,3349,0.026041524532648,0.0265099336424271,-0.1661291348860727,0.5107451561701949,0.5081327942216955,-0.0152984017165721,154,0.0032628424409946,-0.0256494588021288
ele-fashion,42,1,RIDGE_ENDPOINT,G_D_visual,0.0042993011878398,3349,13394,0.5243778288722108,3349,0.0341831732151134,0.0207130205930087,-0.2569752174972453,0.5243778288722108,0.5187988952033896,-0.0285034220423316,153,0.0582371814132373,0.0857142857142857
ele-fashion,42,1,RIDGE_ENDPOINT,G_P_visual,0.0035936692173259,3349,13394,0.4975471996884382,3349,0.0143113614937162,0.0136512637363409,-0.2291525179368105,0.4975471996884382,0.5024947056603962,0.0026385285952536,154,0.0545582510518869,0.0999999999999999
ele-fashion,42,1,RIDGE_ENDPOINT_LOCAL,G_D_text,0.0055724336080611,3349,13394,0.5276504791126146,3349,0.0511244959161294,0.0518369709240539,-0.224010410527826,0.5276504791126146,0.5199654313493987,-0.0031466465287404,158,-0.0058686972243857,0.0
ele-fashion,42,1,RIDGE_ENDPOINT_LOCAL,G_P_text,0.0045236636104313,3349,13394,0.5151297789005653,3349,0.024626651266679,0.021360010843781,-0.1979014824536309,0.5151297789005653,0.5095688336755231,0.0139252879232859,154,-0.0144146374893649,-0.1053571428571428
ele-fashion,42,1,RIDGE_ENDPOINT_LOCAL,G_D_visual,0.0042993011878398,3349,13394,0.5253141584602259,3349,0.0417259108590144,0.0350212272070737,-0.3216823950067971,0.5253141584602259,0.5159418246496899,0.005347975044399,153,0.0633210530710282,0.1419461927004578
ele-fashion,42,1,RIDGE_ENDPOINT_LOCAL,G_P_visual,0.0035936692173259,3349,13394,0.5122681029323758,3349,0.0257062695469426,0.0125134459714307,-0.2787007746184176,0.5122681029323758,0.5186289782441694,0.0025722618569175,154,0.0135116554693746,0.0
ele-fashion,42,1,DirectState,G_D_text,0.0055724336080611,3349,13394,0.6156128903315111,3349,0.1586638029310818,0.0320795998905812,-0.0039383210931682,0.6156128903315111,0.6202878006713868,0.0118642071130268,158,0.0171254995223507,0.0857142857142857
ele-fashion,42,1,DirectState,G_P_text,0.0045236636104313,3349,13394,0.5424076557903861,3349,0.0464394635919665,0.0078655496402119,-0.0021006049224698,0.5424076557903861,0.5206350188168193,-0.0048422580758278,154,0.0355911394722111,0.0733715191082932
ele-fashion,42,1,DirectState,G_D_visual,0.0042993011878398,3349,13394,0.5972940436423582,3349,0.120750836512326,0.0241750811087912,-0.0021376833747492,0.5972940436423582,0.5758927667635533,0.0378956653665954,153,0.0007837467928106,0.0
ele-fashion,42,1,DirectState,G_P_visual,0.0035936692173259,3349,13394,0.5414648968700448,3349,0.0593365645178944,0.024612777496548,-0.0017299494139686,0.5414648968700448,0.5216103209129446,0.0344100479868367,154,0.0234106300945406,0.0122549019607843
ele-fashion,42,1,Frozen_Q_PAIR_text,G_D_text,0.0055724336080611,3349,13394,0.6243897744895203,3349,0.1722439139641745,0.0429526009006626,0.0005044087636313,0.6243897744895203,0.5838149133748107,0.0349776921907035,158,-0.0007666330466209,0.1071428571428571
ele-fashion,42,1,Frozen_Q_PAIR_text,G_P_text,0.0045236636104313,3349,13394,0.5252912953582285,3349,0.0447115334541249,0.0327476691996288,-2.082596919583679e-05,0.5252912953582285,0.5250389937161518,0.0659456527641441,154,0.0187303805592796,0.0785714285714285
ele-fashion,42,1,Frozen_Q_PAIR_visual,G_D_visual,0.0042993011878398,3349,13394,0.581592989458158,3349,0.115693323774197,0.0114272568718295,-0.0015557335403333,0.581592989458158,0.5619396483160528,-0.0166383300639677,153,-0.0768470893049363,-0.0270281238808667
ele-fashion,42,1,Frozen_Q_PAIR_visual,G_P_visual,0.0035936692173259,3349,13394,0.5247537570374238,3349,0.0288884892990155,0.015402512616054,-0.0022307719059861,0.5247537570374238,0.5142155425690582,0.0024740738541708,154,-0.0181790941980828,0.0261904761904761
ele-fashion,42,1,Frozen_R_SHARED_text,G_D_text,0.0055724336080611,3349,13394,0.603690036900369,3349,0.134463068371093,0.0388618874851574,-0.0005292665933043,0.603690036900369,0.5805821523611425,0.0502230348951944,158,0.0173057087943098,0.0857142857142857
ele-fashion,42,1,Frozen_R_SHARED_text,G_P_text,0.0045236636104313,3349,13394,0.5185455271530826,3349,0.033407615722355,0.0072603628913063,-0.0036348657958069,0.5185455271530826,0.5174189415412573,0.0167012951601735,154,-0.0105081628763156,0.0656218485916511
ele-fashion,42,1,Frozen_R_SHARED_visual,G_D_visual,0.0042993011878398,3349,13394,0.5485517620349081,3349,0.0662637478378147,0.0085980441552993,-0.0014171373730933,0.5485517620349081,0.5300527453617341,0.0280220200800984,153,0.0681423865363092,0.0573260073260073
ele-fashion,42,1,Frozen_R_SHARED_visual,G_P_visual,0.0035936692173259,3349,13394,0.5147000397298371,3349,0.0151220341112363,-0.0060210090638685,-0.0038615955383585,0.5147000397298371,0.5087721269157877,0.0563846797325486,154,0.0882239667926393,0.0999999999999999
ele-fashion,42,1,Frozen_U_MODAL_text,G_D_text,0.0055724336080611,3349,13394,0.565479094108895,3349,0.0713394774332029,0.0196027308572631,-0.0013460191440168,0.565479094108895,0.5484105452890036,0.0190690508963658,158,0.0015368179132404,-0.0714285714285714
ele-fashion,42,1,Frozen_U_MODAL_text,G_P_text,0.0045236636104313,3349,13394,0.4758170232529874,3349,-0.0283252374823002,0.0051767200293091,-0.0020415432634914,0.4758170232529874,0.4897350308260156,-0.0062819860005879,154,0.0292362118172454,-0.0090093746269555
ele-fashion,42,1,Frozen_U_MODAL_visual,G_D_visual,0.0042993011878398,3349,13394,0.5441524590400995,3349,0.0622868118009255,0.013125078065629,-0.0005262217283945,0.5441524590400995,0.5261546859861467,0.0458553628707498,153,0.0341053329891987,0.0
ele-fashion,42,1,Frozen_U_MODAL_visual,G_P_visual,0.0035936692173259,3349,13394,0.5015435434021722,3349,-0.0024473061399426,-0.0087611690946271,-0.0036689103541869,0.5015435434021722,0.5035084584609217,0.0143919784909699,154,-0.0126025210098698,-0.003030303030303
ele-fashion,42,2,SIM_ONLY,G_D_text,0.0053548486660323,3349,13394,0.5634333668409817,3349,0.0251203326768529,0.0030080673629129,-0.0047552137609896,0.5634333668409817,0.5003875968992249,0.0374644249056701,160,0.0293106608519565,0.0
ele-fashion,42,2,SIM_ONLY,G_P_text,0.0042602598691732,3349,13394,0.486540322609444,3349,-0.0171633170466009,-0.0200669011181989,-0.0012145220794406,0.486540322609444,0.4844637519685461,-0.0191460124182098,161,0.0529150524517797,0.1071428571428571
ele-fashion,42,2,SIM_ONLY,G_D_visual,0.0037424076486185,3349,13394,0.5337801855535373,3349,0.0354176500947624,0.0041193124895601,-0.0012871303222172,0.5337801855535373,0.5157505332577225,0.0067749306143025,168,0.0777283664536014,0.1764705882352941
ele-fashion,42,2,SIM_ONLY,G_P_visual,0.0033254415758293,3349,13394,0.545346336557391,3349,0.0482926517109613,0.0277299252622143,-0.0013862461286378,0.545346336557391,0.5279785086593055,0.0327332660182897,160,0.0911958888915028,0.0841614906832298
ele-fashion,42,2,TARGET_ONLY,G_D_text,0.0053548486660323,3349,13394,0.5851997846474732,3349,0.0965581020978735,0.0020226603842537,-0.011192149522551,0.5851997846474732,0.5500824514044975,,160,,
ele-fashion,42,2,TARGET_ONLY,G_P_text,0.0042602598691732,3349,13394,0.5276335665234672,3349,0.0165569068525248,-0.0043825465099844,-0.003546812852323,0.5276335665234672,0.5243940806130793,,161,,
ele-fashion,42,2,TARGET_ONLY,G_D_visual,0.0037424076486185,3349,13394,0.5987498308831783,3349,0.1223356048110552,0.0345202400400458,-0.0013860881470768,0.5987498308831783,0.5631005446281301,,168,,
ele-fashion,42,2,TARGET_ONLY,G_P_visual,0.0033254415758293,3349,13394,0.547235477474393,3349,0.0727290965202959,0.0301149784340581,-0.000945186318692,0.547235477474393,0.542590195155354,,160,,
ele-fashion,42,2,ENDPOINT,G_D_text,0.0053548486660323,3349,13394,0.5815903708807241,3349,0.1221851698112295,0.0407941539040987,-0.0052095506283365,0.5815903708807241,0.5526826825696225,-0.001191347253827,160,0.037182322714329,-0.0181818181818181
ele-fashion,42,2,ENDPOINT,G_P_text,0.0042602598691732,3349,13394,0.5717332847669349,3349,0.0872249707293977,0.0124445059841567,-0.0051186857025664,0.5717332847669349,0.5477230929653715,0.0458109883313977,161,0.0984481898102302,0.1428571428571428
ele-fashion,42,2,ENDPOINT,G_D_visual,0.0037424076486185,3349,13394,0.5806068343346009,3349,0.1054391888188742,0.0285874629575595,-0.0041417909231091,0.5806068343346009,0.5536255048317036,0.0406282465638952,168,-0.0028784349780059,0.0
ele-fashion,42,2,ENDPOINT,G_P_visual,0.0033254415758293,3349,13394,0.5578668435618706,3349,0.1099057229880572,0.0690192216882353,0.0031181084188856,0.5578668435618706,0.541537026734001,0.0413852266846113,160,0.0294710234621437,0.0904761904761904
ele-fashion,42,2,ENDPOINT_LOCAL,G_D_text,0.0053548486660323,3349,13394,0.5991197653711632,3349,0.1266617779285185,0.0257394318019308,-0.0066520142356492,0.5991197653711632,0.5774881311391471,-0.0143954281367182,160,-0.0777493031805421,-0.0999999999999999
ele-fashion,42,2,ENDPOINT_LOCAL,G_P_text,0.0042602598691732,3349,13394,0.5483589199690032,3349,0.0385919599723197,-0.002834797048522,-0.0086386582750617,0.5483589199690032,0.5335606312203378,0.0082753704557201,161,0.0652310748332591,0.0999999999999999
ele-fashion,42,2,ENDPOINT_LOCAL,G_D_visual,0.0037424076486185,3349,13394,0.5774844700382564,3349,0.0849480596304315,0.0069647142292639,-0.0067203879128849,0.5774844700382564,0.5575432579240226,0.0328715157466113,168,0.0158272142379054,0.0285714285714285
ele-fashion,42,2,ENDPOINT_LOCAL,G_P_visual,0.0033254415758293,3349,13394,0.5447280949527804,3349,0.0734841082984724,0.01945232876641,-0.0048680788614023,0.5447280949527804,0.5324888013923365,0.0845064733004778,160,-0.0157640574771363,0.0
ele-fashion,42,2,STRICT_SHUFFLE_9917,G_D_text,0.0053548486660323,3349,13394,0.5923602561640896,3349,0.1201114481020327,0.0270644381659363,-0.0063448755983941,0.5923602561640896,0.5755313221214483,-0.0227952200396127,160,-0.038684647429243,-0.0857142857142857
ele-fashion,42,2,STRICT_SHUFFLE_9917,G_P_text,0.0042602598691732,3349,13394,0.5472036824757436,3349,0.0395504947005501,0.0007246253637943,-0.0078760033228868,0.5472036824757436,0.5366226355127505,0.0040405878382397,161,0.0829909986629937,0.0727272727272727
ele-fashion,42,2,STRICT_SHUFFLE_9917,G_D_visual,0.0037424076486185,3349,13394,0.5637430086386311,3349,0.0706895824366652,0.0051107799599919,-0.0065884422874697,0.5637430086386311,0.5482324773383459,-0.007290569731392,168,0.0126065594983313,0.0
ele-fashion,42,2,STRICT_SHUFFLE_9917,G_P_visual,0.0033254415758293,3349,13394,0.5355705583611515,3349,0.0603642162235696,0.0146518542991066,-0.0054012654994761,0.5355705583611515,0.5237990028246169,0.0683197159744411,160,-0.0046684244119994,0.050125313283208
ele-fashion,42,2,STRICT_SHUFFLE_9918,G_D_text,0.0053548486660323,3349,13394,0.594015684591376,3349,0.1220789435061686,0.0292476735566561,-0.0059121327191313,0.594015684591376,0.5753398767370327,-0.0282692467302918,160,-0.0019884997996288,-0.0857142857142857
ele-fashion,42,2,STRICT_SHUFFLE_9918,G_P_text,0.0042602598691732,3349,13394,0.5472874238025347,3349,0.0387309073139575,-0.0001739217034156,-0.0080154951230766,0.5472874238025347,0.5374871888268715,0.0072847072982741,161,0.0900777776050451,0.1090909090909091
ele-fashion,42,2,STRICT_SHUFFLE_9918,G_D_visual,0.0037424076486185,3349,13394,0.5636710440337025,3349,0.072582803600158,0.0060786301648756,-0.0063547466578821,0.5636710440337025,0.5485978776198714,-0.0181246534784668,168,-0.0032377547488113,0.0
ele-fashion,42,2,STRICT_SHUFFLE_9918,G_P_visual,0.0033254415758293,3349,13394,0.5346539844218094,3349,0.0583075483577814,0.0138838754583783,-0.0054904082076938,0.5346539844218094,0.5223010998887272,0.06077012697531,160,-0.0136131320923132,0.0535885167464114
ele-fashion,42,2,STRICT_SHUFFLE_9919,G_D_text,0.0053548486660323,3349,13394,0.5913339432478324,3349,0.1184545449212195,0.0264777117155304,-0.00645668553346,0.5913339432478324,0.574952279837808,-0.0316275537010228,160,-0.0230640984150133,-0.0999999999999999
ele-fashion,42,2,STRICT_SHUFFLE_9919,G_P_text,0.0042602598691732,3349,13394,0.5470847662206415,3349,0.0385196426627407,-0.0009254689444628,-0.0080896753280503,0.5470847662206415,0.5347638994532709,0.0082515343513803,161,0.0915487089285294,0.1428571428571428
ele-fashion,42,2,STRICT_SHUFFLE_9919,G_D_visual,0.0037424076486185,3349,13394,0.5629388041785528,3349,0.0691575478411362,0.0041175545308103,-0.0067441874853237,0.5629388041785528,0.5474853048276735,-0.0171255440205696,168,0.029919351224682,0.0285714285714285
ele-fashion,42,2,STRICT_SHUFFLE_9919,G_P_visual,0.0033254415758293,3349,13394,0.5353234043767298,3349,0.0595823239269584,0.0154216589916836,-0.0053132414497851,0.5353234043767298,0.5223167922051984,0.0665480830144644,160,-0.0202424767236145,0.0414673046251993
ele-fashion,42,2,RIDGE_TARGET_ONLY,G_D_text,0.0053548486660323,3349,13394,0.5094100018448031,3349,0.0349079336175805,0.0252638751558176,-0.0878729193381693,0.5094100018448031,0.5201740515264804,,160,,
ele-fashion,42,2,RIDGE_TARGET_ONLY,G_P_text,0.0042602598691732,3349,13394,0.5034507140331894,3349,-0.0104256510960147,-0.0084021904425306,-0.1431779287582582,0.5034507140331894,0.4962830635398476,,161,,
ele-fashion,42,2,RIDGE_TARGET_ONLY,G_D_visual,0.0037424076486185,3349,13394,0.5163640315147398,3349,0.019320989663898,0.0522914748037895,-0.1012006766008557,0.5163640315147398,0.511029655174399,,168,,
ele-fashion,42,2,RIDGE_TARGET_ONLY,G_P_visual,0.0033254415758293,3349,13394,0.4732187437587378,3349,-0.0280699674774994,0.0200878484105798,-0.088972126110087,0.4732187437587378,0.4798351950126965,,160,,
ele-fashion,42,2,RIDGE_ENDPOINT,G_D_text,0.0053548486660323,3349,13394,0.4951150366513435,3349,0.0116243277888172,0.0305506133179451,-0.1685350744466778,0.4951150366513435,0.5063653237252975,0.0174453213897306,160,0.0403893770284741,0.0272727272727272
ele-fashion,42,2,RIDGE_ENDPOINT,G_P_text,0.0042602598691732,3349,13394,0.5013662870631257,3349,0.007121482151607,0.0119197357903582,-0.2413149237667518,0.5013662870631257,0.4996618207399947,-0.037279007709806,161,-0.0260039544536758,0.0
ele-fashion,42,2,RIDGE_ENDPOINT,G_D_visual,0.0037424076486185,3349,13394,0.5197071472367031,3349,0.0324814096685396,0.0440796871043705,-0.1927687083469071,0.5197071472367031,0.5173128848307249,0.0014741823532777,168,-0.0100922295896669,0.0
ele-fashion,42,2,RIDGE_ENDPOINT,G_P_visual,0.0033254415758293,3349,13394,0.4707341864247196,3349,-0.0289224883210681,0.0301590013859317,-0.1864095170185189,0.4707341864247196,0.4795434605837542,-0.0240414774263113,160,-0.0768755976180541,-0.1088235294117647
ele-fashion,42,2,RIDGE_ENDPOINT_LOCAL,G_D_text,0.0053548486660323,3349,13394,0.5058126357718619,3349,0.0212203889836781,0.0349116785631395,-0.2030493155649537,0.5058126357718619,0.5213042758018305,0.0707279771991663,160,0.0597992888553829,0.0787878787878787
ele-fashion,42,2,RIDGE_ENDPOINT_LOCAL,G_P_text,0.0042602598691732,3349,13394,0.499853229486946,3349,0.011319652069085,0.0009233446586246,-0.3096459481292326,0.499853229486946,0.5003535348124658,-0.0126766174816429,161,0.0077279825090812,0.0
ele-fashion,42,2,RIDGE_ENDPOINT_LOCAL,G_D_visual,0.0037424076486185,3349,13394,0.5370024007392205,3349,0.0465162333177111,0.060990567240316,-0.2144795040564695,0.5370024007392205,0.5320359434415777,0.0180401050586122,168,-0.00904590760419,0.0
ele-fashion,42,2,RIDGE_ENDPOINT_LOCAL,G_P_visual,0.0033254415758293,3349,13394,0.490979057890382,3349,-0.0045996047690471,0.0273552324704404,-0.2423375544835424,0.490979057890382,0.4879415247225313,-0.0004037228760833,160,-0.0459108335452772,0.0
ele-fashion,42,2,DirectState,G_D_text,0.0053548486660323,3349,13394,0.6033675186645131,3349,0.0941578818803156,-0.0093604107831015,-0.0061924997548756,0.6033675186645131,0.5670484279642033,0.0349190676695948,160,0.0969203228263926,0.0999999999999999
ele-fashion,42,2,DirectState,G_P_text,0.0042602598691732,3349,13394,0.5322134493213203,3349,0.0372166517556825,-0.000226078907591,-0.000677586401639,0.5322134493213203,0.5114461359359209,0.0373632700551309,161,0.1009509858582745,0.1071428571428571
ele-fashion,42,2,DirectState,G_D_visual,0.0037424076486185,3349,13394,0.5780596471431492,3349,0.0784843938701383,0.0220912642755957,-0.0011896867984997,0.5780596471431492,0.5431069782638107,0.0199162219307485,168,0.0981038484972571,0.0999999999999999
ele-fashion,42,2,DirectState,G_P_visual,0.0033254415758293,3349,13394,0.5282237011041684,3349,0.0624780933013842,0.0291398319651281,-0.0024221830154691,0.5282237011041684,0.5078737981112158,-0.008030011211212,160,0.0333341112614839,0.0999999999999999
ele-fashion,42,2,Frozen_Q_PAIR_text,G_D_text,0.0053548486660323,3349,13394,0.6042080335528273,3349,0.1087890509247055,-0.0031092231468984,-0.00970033793192,0.6042080335528273,0.584130175331594,0.0474521131363735,160,0.0675836403718281,0.0999999999999999
ele-fashion,42,2,Frozen_Q_PAIR_text,G_P_text,0.0042602598691732,3349,13394,0.5289484303411432,3349,0.0060690748655659,-0.0261876217137112,-0.0051784492978692,0.5289484303411432,0.521089244328266,-0.0184604096086792,161,0.0372447281733804,0.1428571428571428
ele-fashion,42,2,Frozen_Q_PAIR_visual,G_D_visual,0.0037424076486185,3349,13394,0.5659019467864925,3349,0.0733792851486648,0.0181113583732252,-0.003218799725928,0.5659019467864925,0.550332584421678,0.0274672550444318,168,-0.0097332597403334,-0.0999999999999999
ele-fashion,42,2,Frozen_Q_PAIR_visual,G_P_visual,0.0033254415758293,3349,13394,0.5356319010528119,3349,0.0486497058903899,0.0155634409030827,-0.0028045333753345,0.5356319010528119,0.5251601329567177,-0.0233462589482242,160,0.0417608031803006,0.0577308351570466
ele-fashion,42,2,Frozen_R_SHARED_text,G_D_text,0.0053548486660323,3349,13394,0.5782275583466047,3349,0.0972621279610846,0.0433340939235079,-0.0025837796627894,0.5782275583466047,0.5581376524315634,0.0435597803460132,160,0.0312258966214275,0.0148967680676775
ele-fashion,42,2,Frozen_R_SHARED_text,G_P_text,0.0042602598691732,3349,13394,0.5309835767009845,3349,0.0504018483102912,0.0505577547546162,0.0021694590040631,0.5309835767009845,0.5124154998232326,0.0340527865406117,161,0.0583159854277903,0.0285714285714285
ele-fashion,42,2,Frozen_R_SHARED_visual,G_D_visual,0.0037424076486185,3349,13394,0.5390578897674967,3349,0.0395787628089553,0.005276619986423,-0.0035770708462303,0.5390578897674967,0.5325729793058582,-0.0101005089203629,168,-0.0421859017057368,-0.0666666666666666
ele-fashion,42,2,Frozen_R_SHARED_visual,G_P_visual,0.0033254415758293,3349,13394,0.5045229535792748,3349,0.0032003345572661,-0.0016518471196904,-0.0038383147952216,0.5045229535792748,0.4990691603184113,-0.0235386031345857,160,0.01601241666994,0.0976190476190476
ele-fashion,42,2,Frozen_U_MODAL_text,G_D_text,0.0053548486660323,3349,13394,0.6103295797237313,3349,0.1243731075469799,0.0450856960952931,-0.001766637043004,0.6103295797237313,0.5918962317072711,0.0905044977475638,160,0.0876376566264964,0.0999999999999999
ele-fashion,42,2,Frozen_U_MODAL_text,G_P_text,0.0042602598691732,3349,13394,0.5182288263001332,3349,0.0317574096211681,0.0495881742883429,0.0018938575083157,0.5182288263001332,0.5178617214645627,0.0491486583875538,161,0.0493491650681758,0.1590145717029111
ele-fashion,42,2,Frozen_U_MODAL_visual,G_D_visual,0.0037424076486185,3349,13394,0.5308393519731255,3349,0.0324740074424425,0.0045881202986752,-0.0030236862621622,0.5308393519731255,0.5138053299864994,0.0243702780458287,168,-0.0026511000183244,-0.0285714285714285
ele-fashion,42,2,Frozen_U_MODAL_visual,G_P_visual,0.0033254415758293,3349,13394,0.5173257439584582,3349,0.028388561546101,-0.0169386802577332,-0.0048346171005728,0.5173257439584582,0.50823507803361,0.0342401415092865,160,0.0532261782677556,0.0
ele-fashion,43,0,SIM_ONLY,G_D_text,0.0057115143201478,3349,13393,0.5363208850456262,3349,-0.0258284537275406,-0.0296835306329542,-0.0015765262682716,0.5363208850456262,0.5144585330884,-0.0375875423976369,144,-0.007568750207946,-0.0384615384615384
ele-fashion,43,0,SIM_ONLY,G_P_text,0.0043909829859191,3349,13393,0.4791168833578859,3349,-0.0366784397847457,-0.0412916972421046,-0.0021263472250732,0.4791168833578859,0.4841141283245971,-0.0156952911789389,158,-0.0049431399469923,-0.0106572104168212
ele-fashion,43,0,SIM_ONLY,G_D_visual,0.0046305830020612,3349,13393,0.5442912674672331,3349,0.0298830828369246,-0.016429623804714,-0.0027082157251598,0.5442912674672331,0.5009291773240271,0.0590234600756242,157,0.0774624762304398,0.0714285714285714
ele-fashion,43,0,SIM_ONLY,G_P_visual,0.0036462561198603,3349,13393,0.5478556912526383,3349,0.0575307389575328,0.0166126260715644,0.0001561716795889,0.5478556912526383,0.5327948486943049,0.0488003710773485,159,0.020601582679989,0.0
ele-fashion,43,0,TARGET_ONLY,G_D_text,0.0057115143201478,3349,13393,0.6170590826948639,3349,0.149165309632056,0.0310817621811106,-0.0053813316011825,0.6170590826948639,0.5893005959048344,,144,,
ele-fashion,43,0,TARGET_ONLY,G_P_text,0.0043909829859191,3349,13393,0.5824274198613633,3349,0.1037290213680662,0.0281587146972387,-0.0023691119640971,0.5824274198613633,0.5621723937099592,,158,,
ele-fashion,43,0,TARGET_ONLY,G_D_visual,0.0046305830020612,3349,13393,0.5895482001705177,3349,0.1106198771854281,-0.0107938197453901,-0.0173909922001558,0.5895482001705177,0.5725820436120865,,157,,
ele-fashion,43,0,TARGET_ONLY,G_P_visual,0.0036462561198603,3349,13393,0.6035923109900372,3349,0.1524644416794826,0.0355310831215877,-0.0017337950740015,0.6035923109900372,0.5711913928056056,,159,,
ele-fashion,43,0,ENDPOINT,G_D_text,0.0057115143201478,3349,13393,0.6125808354615649,3349,0.1425413003372594,0.0216563313002744,-0.0083191183157975,0.6125808354615649,0.5856493719850053,0.0292812590983675,144,0.047395852132615,0.0
ele-fashion,43,0,ENDPOINT,G_P_text,0.0043909829859191,3349,13393,0.5877278255507212,3349,0.1031678912653191,0.0373359529040316,-0.001912679285337,0.5877278255507212,0.5687396864686469,0.0851155814060773,158,0.1170091228787899,0.2773109243697479
ele-fashion,43,0,ENDPOINT,G_D_visual,0.0046305830020612,3349,13393,0.6067549601884366,3349,0.129862975319051,-0.0082157674866848,-0.0191254870677237,0.6067549601884366,0.582541798528923,0.0266583338033527,157,0.0816303410275842,0.0181818181818181
ele-fashion,43,0,ENDPOINT,G_P_visual,0.0036462561198603,3349,13393,0.6003772031754117,3349,0.1255316027174893,0.0323852058572138,-0.004763373431448,0.6003772031754117,0.5695846413823555,0.0926117955521416,159,0.1546255462201379,0.2574773875651811
ele-fashion,43,0,ENDPOINT_LOCAL,G_D_text,0.0057115143201478,3349,13393,0.6197518556685634,3349,0.1767246890912398,0.0206067758696327,-0.0091224438022636,0.6197518556685634,0.5953397329629464,0.0318387045122985,144,0.030967422995174,0.0
ele-fashion,43,0,ENDPOINT_LOCAL,G_P_text,0.0043909829859191,3349,13393,0.5753098341841105,3349,0.0950845979175292,0.0427881084235061,-0.0012930755818461,0.5753098341841105,0.5501601630751309,0.0289118572794705,158,0.093272347356723,0.0999999999999999
ele-fashion,43,0,ENDPOINT_LOCAL,G_D_visual,0.0046305830020612,3349,13393,0.593295255848904,3349,0.1065344912254111,-0.0335552830057831,-0.0300017560703285,0.593295255848904,0.5681700770220084,0.0243639868936343,157,0.0583077148797687,0.0454545454545454
ele-fashion,43,0,ENDPOINT_LOCAL,G_P_visual,0.0036462561198603,3349,13393,0.5906008073346329,3349,0.1066926644626578,0.0228744417598095,-0.0071500474942718,0.5906008073346329,0.563654819148625,0.0797206079187047,159,0.1319019736786212,0.2380952380952381
ele-fashion,43,0,STRICT_SHUFFLE_9917,G_D_text,0.0057115143201478,3349,13393,0.6090643995400032,3349,0.1685173998764877,0.0308510560388819,-0.0057959187249949,0.6090643995400032,0.5864360709111818,0.0052304117814701,144,0.0201912272084526,0.0
ele-fashion,43,0,STRICT_SHUFFLE_9917,G_P_text,0.0043909829859191,3349,13393,0.5631944682357508,3349,0.0843098124571582,0.0341307196118664,-0.0023891285608121,0.5631944682357508,0.549911424966026,-0.0085032147756027,158,0.0154114768735225,-0.0226820373543326
ele-fashion,43,0,STRICT_SHUFFLE_9917,G_D_visual,0.0046305830020612,3349,13393,0.5817011314865392,3349,0.1003147344871197,-0.0296209711371635,-0.0267445737990601,0.5817011314865392,0.5616470498981229,-0.0295895110604933,157,0.0559038924412614,0.009090909090909
ele-fashion,43,0,STRICT_SHUFFLE_9917,G_P_visual,0.0036462561198603,3349,13393,0.5857470270640425,3349,0.0997762034434329,0.0200544207850705,-0.0067786156007927,0.5857470270640425,0.5588547161453373,0.0359002859156727,159,0.0978002541122273,0.1904761904761905
ele-fashion,43,0,STRICT_SHUFFLE_9918,G_D_text,0.0057115143201478,3349,13393,0.6101524112490107,3349,0.1695214783597897,0.0302683386279354,-0.0059865884497813,0.6101524112490107,0.5868514494376988,0.0061788276143656,144,0.0076678339594281,0.0
ele-fashion,43,0,STRICT_SHUFFLE_9918,G_P_text,0.0043909829859191,3349,13393,0.5645305880068976,3349,0.0861675192712613,0.0352953658038928,-0.0023367800306477,0.5645305880068976,0.5466171617161717,-0.0066520581422581,158,0.0301376232625583,0.0209790209790209
ele-fashion,43,0,STRICT_SHUFFLE_9918,G_D_visual,0.0046305830020612,3349,13393,0.5831870204187801,3349,0.1007138504691322,-0.029707065253038,-0.0270810354657755,0.5831870204187801,0.5639242930015462,-0.0114577553962678,157,0.0906272137590815,0.0999999999999999
ele-fashion,43,0,STRICT_SHUFFLE_9918,G_P_visual,0.0036462561198603,3349,13393,0.582046327226608,3349,0.0926719257519568,0.0170682448029602,-0.007594262751259,0.582046327226608,0.5552446078420883,0.0501753563624492,159,0.1048511954861309,0.1904761904761905
ele-fashion,43,0,STRICT_SHUFFLE_9919,G_D_text,0.0057115143201478,3349,13393,0.6067610556028495,3349,0.1660645814025674,0.0300672131832624,-0.0061402514481405,0.6067610556028495,0.5824017653120659,0.0120077625035274,144,0.008401849332604,0.0
ele-fashion,43,0,STRICT_SHUFFLE_9919,G_P_text,0.0043909829859191,3349,13393,0.5625720876585929,3349,0.0821648764096786,0.0339758591406545,-0.0025779548653956,0.5625720876585929,0.5474301106581246,-0.0123869806576236,158,0.0289457318445558,0.0
ele-fashion,43,0,STRICT_SHUFFLE_9919,G_D_visual,0.0046305830020612,3349,13393,0.5811668183985781,3349,0.0977616469373448,-0.0296723032086921,-0.0269529953139431,0.5811668183985781,0.5587424675943989,-0.0265626459269935,157,0.0696936139850775,0.0
ele-fashion,43,0,STRICT_SHUFFLE_9919,G_P_visual,0.0036462561198603,3349,13393,0.5841638151732974,3349,0.0973316540903376,0.0180882616633583,-0.0074859680514856,0.5841638151732974,0.5594564008625456,0.048321064408701,159,0.0996254558012318,0.1578947368421052
ele-fashion,43,0,RIDGE_TARGET_ONLY,G_D_text,0.0057115143201478,3349,13393,0.5211404334124886,3349,0.0385628102725011,0.030495377093158,-0.1186825890683365,0.5211404334124886,0.5204765745179742,,144,,
ele-fashion,43,0,RIDGE_TARGET_ONLY,G_P_text,0.0043909829859191,3349,13393,0.5227374110680965,3349,0.0449630560473286,0.0294429015493207,-0.07031213379976,0.5227374110680965,0.5160375412541254,,158,,
ele-fashion,43,0,RIDGE_TARGET_ONLY,G_D_visual,0.0046305830020612,3349,13393,0.501926634008179,3349,0.0104888155728143,0.0053541627192431,-0.1125230544472737,0.501926634008179,0.5024481221369633,,157,,
ele-fashion,43,0,RIDGE_TARGET_ONLY,G_P_visual,0.0036462561198603,3349,13393,0.5265331547182139,3349,0.0446001672209067,0.0539174733701799,-0.0773069302950588,0.5265331547182139,0.5304687148913223,,159,,
ele-fashion,43,0,RIDGE_ENDPOINT,G_D_text,0.0057115143201478,3349,13393,0.5129135116567349,3349,0.0215113827227053,-0.0004718744507702,-0.2291382299133211,0.5129135116567349,0.5072555894081276,0.0338806388516911,144,0.0634985241982636,0.0999999999999999
ele-fashion,43,0,RIDGE_ENDPOINT,G_P_text,0.0043909829859191,3349,13393,0.5251337904119131,3349,0.0416430186336953,0.0415244307339916,-0.1332985875566545,0.5251337904119131,0.5203237235488255,0.028291786492715,158,-0.0394745753243684,-0.0285714285714285
ele-fashion,43,0,RIDGE_ENDPOINT,G_D_visual,0.0046305830020612,3349,13393,0.5157470629037152,3349,0.0304581563627572,0.0233192637870147,-0.1767642090805039,0.5157470629037152,0.5173257973150678,0.0081308244104774,157,0.0529168805025961,0.1468166576036739
ele-fashion,43,0,RIDGE_ENDPOINT,G_P_visual,0.0036462561198603,3349,13393,0.5129067970043448,3349,0.0176456519524481,0.0361198819815651,-0.1631611034856614,0.5129067970043448,0.5102231119689963,0.0358773002695346,159,0.009982573524976,0.0
ele-fashion,43,0,RIDGE_ENDPOINT_LOCAL,G_D_text,0.0057115143201478,3349,13393,0.5139074331287243,3349,0.0264489805126788,0.0039479789132437,-0.284560019777166,0.5139074331287243,0.5121572427080067,-0.0048366705839028,144,-0.0241481188833608,0.0
ele-fashion,43,0,RIDGE_ENDPOINT_LOCAL,G_P_text,0.0043909829859191,3349,13393,0.5208165604622746,3349,0.043700777024133,0.0399930217370248,-0.1771855761640322,0.5208165604622746,0.5177332071442439,0.0235298336574036,158,-0.0376767398964378,-0.0349650349650349
ele-fashion,43,0,RIDGE_ENDPOINT_LOCAL,G_D_visual,0.0046305830020612,3349,13393,0.5108947125041545,3349,0.0184540421964064,5.832342535016919e-05,-0.2385688059191069,0.5108947125041545,0.5096725480845652,0.0012362828617385,157,-0.0407741620063197,0.0
ele-fashion,43,0,RIDGE_ENDPOINT_LOCAL,G_P_visual,0.0036462561198603,3349,13393,0.5251395073960498,3349,0.0335202299011231,0.0556561181877779,-0.1954504647592456,0.5251395073960498,0.5160660875941671,0.0444860242796367,159,0.0505193125672027,0.0952380952380952
ele-fashion,43,0,DirectState,G_D_text,0.0057115143201478,3349,13393,0.6337190286303149,3349,0.1414904429859942,0.020863581075809,-0.0023404978899896,0.6337190286303149,0.5923437803366339,0.004282587732235,144,0.0600672127430275,0.0
ele-fashion,43,0,DirectState,G_P_text,0.0043909829859191,3349,13393,0.5208151329838867,3349,0.0275619952905588,-0.0093055417576689,-0.0015018015976833,0.5208151329838867,0.5131649194331198,-0.0048942003232077,158,-0.0143306426324275,0.0
ele-fashion,43,0,DirectState,G_D_visual,0.0046305830020612,3349,13393,0.5863246195864222,3349,0.08957274981078,0.0077315051483136,-0.004585778626114,0.5863246195864222,0.5608741203161804,0.0549725121205128,157,0.0309055879569382,0.0999999999999999
ele-fashion,43,0,DirectState,G_P_visual,0.0036462561198603,3349,13393,0.5128664944714199,3349,0.0064381467355696,-0.0222147139172109,-0.0007245210114046,0.5128664944714199,0.5026954548016009,0.0020600407564236,159,0.0253796046849508,0.0272727272727272
ele-fashion,43,0,Frozen_Q_PAIR_text,G_D_text,0.0057115143201478,3349,13393,0.5720839494003614,3349,0.0826371110959096,0.0056849511590551,-0.005645555617346,0.5720839494003614,0.5532791567722568,-0.0311404652562859,144,-0.0750893550738075,-0.1441499940312894
ele-fashion,43,0,Frozen_Q_PAIR_text,G_P_text,0.0043909829859191,3349,13393,0.5335842840339398,3349,0.0390278597778765,-0.0058817792841894,-0.0035144606562145,0.5335842840339398,0.5214096777324791,0.0145662817041708,158,0.1717147091311818,0.2571428571428572
ele-fashion,43,0,Frozen_Q_PAIR_visual,G_D_visual,0.0046305830020612,3349,13393,0.5980834814525802,3349,0.1053707564427957,-0.0112092969512294,-0.0078074599459105,0.5980834814525802,0.5705183089839743,0.0806483451820184,157,0.0215406435895076,0.0
ele-fashion,43,0,Frozen_Q_PAIR_visual,G_P_visual,0.0036462561198603,3349,13393,0.5585096479983908,3349,0.0722233543719452,-0.0039973560028552,-0.0029103081766779,0.5585096479983908,0.5434648551213106,0.0761230644784258,159,0.1042676714029772,0.1666666666666667
ele-fashion,43,0,Frozen_R_SHARED_text,G_D_text,0.0057115143201478,3349,13393,0.585230073031946,3349,0.0751441320999478,0.0047615325363961,-0.0037284805630815,0.585230073031946,0.5443603730752572,-0.0016403713863226,144,-0.0300960796570941,0.0
ele-fashion,43,0,Frozen_R_SHARED_text,G_P_text,0.0043909829859191,3349,13393,0.4953599814998801,3349,-0.0042032969696759,-0.0122474668017916,-0.0026835765250809,0.4953599814998801,0.4884094107940205,0.0597390383204257,158,0.0799379528682325,0.0986745213549337
ele-fashion,43,0,Frozen_R_SHARED_visual,G_D_visual,0.0046305830020612,3349,13393,0.5589406222453432,3349,0.0440809559642268,-0.033154292905705,-0.0077998567947372,0.5589406222453432,0.5426307062036676,-0.0038846761679798,157,-0.0020057584709285,0.0
ele-fashion,43,0,Frozen_R_SHARED_visual,G_P_visual,0.0036462561198603,3349,13393,0.5448831119547298,3349,0.0622286842512022,0.0087393590356487,-0.0010909786047303,0.5448831119547298,0.534568873462173,0.0563355879206058,159,-0.0343351900198096,-0.0857142857142857
ele-fashion,43,0,Frozen_U_MODAL_text,G_D_text,0.0057115143201478,3349,13393,0.6077986618277402,3349,0.0994221391050762,0.0017310465407181,-0.0042399891547617,0.6077986618277402,0.564841801454665,-0.0102676788748945,144,-0.002739679685804,0.0
ele-fashion,43,0,Frozen_U_MODAL_text,G_P_text,0.0043909829859191,3349,13393,0.4918851422339466,3349,-0.0250962561414549,-0.0135765918554504,-0.0027930972527043,0.4918851422339466,0.4929048971073578,0.0115839976832601,158,0.0673830900435445,0.0285714285714285
ele-fashion,43,0,Frozen_U_MODAL_visual,G_D_visual,0.0046305830020612,3349,13393,0.534461568474444,3349,0.0225460732948117,-0.0262033411469299,-0.0062293244252871,0.534461568474444,0.5355961257785292,0.0075912858655262,157,-0.0465747960477252,-0.0999999999999999
ele-fashion,43,0,Frozen_U_MODAL_visual,G_P_visual,0.0036462561198603,3349,13393,0.5443934183467116,3349,0.0530501134751472,-0.0066515627156376,-0.0018580189284442,0.5443934183467116,0.5307649206753421,0.0895816290564835,159,0.0432524462491172,0.0857142857142857
ele-fashion,43,1,SIM_ONLY,G_D_text,0.0051707909254347,3349,13394,0.5684810970493235,3349,0.0344307381294542,-0.0184283962195101,-0.0015308012487118,0.5684810970493235,0.5134711541777303,0.0439336031472895,158,0.0577485329681676,0.006060606060606
ele-fashion,43,1,SIM_ONLY,G_P_text,0.0040319669456406,3349,13394,0.4778840508788812,3349,-0.0154553478530055,0.0010239303957192,-0.0004993798244934,0.4778840508788812,0.4827498022240785,-0.0080785013080121,161,-0.0002034208160402,0.0
ele-fashion,43,1,SIM_ONLY,G_D_visual,0.004094391499877,3349,13394,0.5320578507622205,3349,0.0360297158841089,0.0209713268066998,0.0003548216090321,0.5320578507622205,0.5049645428482709,0.064304265364876,162,0.067218839424097,0.0999999999999999
ele-fashion,43,1,SIM_ONLY,G_P_visual,0.0032245840974628,3349,13394,0.5409548641367232,3349,0.0643518263433858,0.0443015143361214,-0.0005694998136995,0.5409548641367232,0.5156262052848257,0.04084221927156,158,0.0030045855856532,-0.0285714285714285
ele-fashion,43,1,TARGET_ONLY,G_D_text,0.0051707909254347,3349,13394,0.6292305098643248,3349,0.195488629809119,0.071711294249526,0.0031770669468286,0.6292305098643248,0.604815683299424,,158,,
ele-fashion,43,1,TARGET_ONLY,G_P_text,0.0040319669456406,3349,13394,0.6091107823366306,3349,0.13349880690779,0.035642225512134,-0.0027256859841784,0.6091107823366306,0.5685979274367456,,161,,
ele-fashion,43,1,TARGET_ONLY,G_D_visual,0.004094391499877,3349,13394,0.6074900524996931,3349,0.1468881210861708,0.0283598270417824,-0.0035162373058008,0.6074900524996931,0.5685823277511789,,162,,
ele-fashion,43,1,TARGET_ONLY,G_P_visual,0.0032245840974628,3349,13394,0.5361749723588013,3349,0.058760586019744,0.0185031984049961,-0.0043337557465126,0.5361749723588013,0.5159376151716611,,158,,
ele-fashion,43,1,ENDPOINT,G_D_text,0.0051707909254347,3349,13394,0.6549003605488312,3349,0.1862146792491345,0.055376989532364,-0.0015946224879952,0.6549003605488312,0.6220942484606748,0.1153650623568912,158,0.0278436575272707,-0.0412655135910547
ele-fashion,43,1,ENDPOINT,G_P_text,0.0040319669456406,3349,13394,0.5876388087362386,3349,0.0982238700612794,0.0105895730269466,-0.0089433646242671,0.5876388087362386,0.5701234235885861,0.0772685862716232,161,0.0364718607768514,0.0274725274725274
ele-fashion,43,1,ENDPOINT,G_D_visual,0.004094391499877,3349,13394,0.6103089321692411,3349,0.154651014800566,0.0404274278372666,-0.0021294261313866,0.6103089321692411,0.5813996187092441,0.109865064798445,162,0.0245278042443483,0.05
ele-fashion,43,1,ENDPOINT,G_P_visual,0.0032245840974628,3349,13394,0.5589000374263258,3349,0.079451938285762,0.0059644064352277,-0.0092477134451549,0.5589000374263258,0.5413096642772862,0.0769094871914169,158,0.0174627262582093,0.0526315789473684
ele-fashion,43,1,ENDPOINT_LOCAL,G_D_text,0.0051707909254347,3349,13394,0.6446364050867655,3349,0.2113368802655068,0.0755133465547153,0.0010554520256811,0.6446364050867655,0.6119027092888261,0.0638613001497885,158,0.0383182713093688,0.0285714285714285
ele-fashion,43,1,ENDPOINT_LOCAL,G_P_text,0.0040319669456406,3349,13394,0.5930110376441232,3349,0.1351392750315853,0.035403705393593,-0.0047062233130608,0.5930110376441232,0.571314894221091,0.1008213813044967,161,0.064973794811802,0.1428571428571428
ele-fashion,43,1,ENDPOINT_LOCAL,G_D_visual,0.004094391499877,3349,13394,0.6117264960968247,3349,0.1526704164501105,0.0193917052011982,-0.0103821018267937,0.6117264960968247,0.5777972154220556,0.1248443416931297,162,0.1336662873437268,0.2928571428571428
ele-fashion,43,1,ENDPOINT_LOCAL,G_P_visual,0.0032245840974628,3349,13394,0.5475921444713316,3349,0.0593143668330335,-0.0023911090082133,-0.0146719901617626,0.5475921444713316,0.5382318132340631,0.0742488986274176,158,0.0372637070755465,0.0714285714285714
ele-fashion,43,1,STRICT_SHUFFLE_9917,G_D_text,0.0051707909254347,3349,13394,0.6361805579502742,3349,0.2006303432916953,0.0761931022348446,0.0016203003318551,0.6361805579502742,0.6037313547210441,0.0380893732801165,158,0.0432595546715984,0.0857142857142857
ele-fashion,43,1,STRICT_SHUFFLE_9917,G_P_text,0.0040319669456406,3349,13394,0.5825833066422035,3349,0.124276711755066,0.0438881708457451,-0.0024692927323153,0.5825833066422035,0.5555627286728362,0.0559258825794744,161,0.0679691519525941,0.0999999999999999
ele-fashion,43,1,STRICT_SHUFFLE_9917,G_D_visual,0.004094391499877,3349,13394,0.6006961444860879,3349,0.1447546727450877,0.0232078282391215,-0.0088167079253609,0.6006961444860879,0.5742329051033745,0.099087517892487,162,0.1070625454609883,0.1999999999999999
ele-fashion,43,1,STRICT_SHUFFLE_9917,G_P_visual,0.0032245840974628,3349,13394,0.5390076595404275,3349,0.0431308095076819,-0.0127813444044605,-0.0166411912705237,0.5390076595404275,0.5328912408112656,0.0607907989476877,158,0.0146097305739117,0.0
ele-fashion,43,1,STRICT_SHUFFLE_9918,G_D_text,0.0051707909254347,3349,13394,0.6363156200788533,3349,0.1990321538679884,0.0751980408843077,0.001368317402481,0.6363156200788533,0.6055879321509171,0.0393680114032022,158,0.0418068826268989,0.0857142857142857
ele-fashion,43,1,STRICT_SHUFFLE_9918,G_P_text,0.0040319669456406,3349,13394,0.5828923649577448,3349,0.1217274001093435,0.0418419216373956,-0.0028638360890365,0.5828923649577448,0.5528956962960796,0.0494161729411895,161,0.0432951772886093,0.0714285714285714
ele-fashion,43,1,STRICT_SHUFFLE_9918,G_D_visual,0.004094391499877,3349,13394,0.5995053330155911,3349,0.1424723036494289,0.0226585173758322,-0.0087397058646838,0.5995053330155911,0.5708070654332489,0.1007650995825579,162,0.0919565753181279,0.2118033988749895
ele-fashion,43,1,STRICT_SHUFFLE_9918,G_P_visual,0.0032245840974628,3349,13394,0.5345386419671962,3349,0.0370033793035102,-0.0137934041639611,-0.0168349935329559,0.5345386419671962,0.5230352250293554,0.0585212464806485,158,0.0188098152723172,0.0
ele-fashion,43,1,STRICT_SHUFFLE_9919,G_D_text,0.0051707909254347,3349,13394,0.6357874409462396,3349,0.1985629699704023,0.0750466287076521,0.0012872633097202,0.6357874409462396,0.6009621021414532,0.045928365309462,158,0.0606108858561617,0.1184513323703333
ele-fashion,43,1,STRICT_SHUFFLE_9919,G_P_text,0.0040319669456406,3349,13394,0.5810307032405291,3349,0.122596928217786,0.045260476860824,-0.0021370604541526,0.5810307032405291,0.5543976519414855,0.0469818893044226,161,0.0562555190767819,0.1428571428571428
ele-fashion,43,1,STRICT_SHUFFLE_9919,G_D_visual,0.004094391499877,3349,13394,0.6000162481856193,3349,0.1434038108567827,0.0223884149764375,-0.00892075009148,0.6000162481856193,0.5720841728229237,0.1018882547588207,162,0.0780482325644169,0.1937270726338958
ele-fashion,43,1,STRICT_SHUFFLE_9919,G_P_visual,0.0032245840974628,3349,13394,0.5350657531976653,3349,0.0378956010862048,-0.0143293523927711,-0.0167446328035227,0.5350657531976653,0.5242531876658829,0.0551858296883006,158,0.0080989536647001,0.0
ele-fashion,43,1,RIDGE_TARGET_ONLY,G_D_text,0.0051707909254347,3349,13394,0.5224130333996192,3349,0.0496537211970516,0.0860586833698777,-0.0704647522936419,0.5224130333996192,0.5154193056465548,,158,,
ele-fashion,43,1,RIDGE_TARGET_ONLY,G_P_text,0.0040319669456406,3349,13394,0.555285057699208,3349,0.0736532179924766,0.0177635898045632,-0.1212432917674306,0.555285057699208,0.5501669592585169,,161,,
ele-fashion,43,1,RIDGE_TARGET_ONLY,G_D_visual,0.004094391499877,3349,13394,0.5070852921423774,3349,0.0329728890624118,0.0512147299485447,-0.0752798837045134,0.5070852921423774,0.4984898214143864,,162,,
ele-fashion,43,1,RIDGE_TARGET_ONLY,G_P_visual,0.0032245840974628,3349,13394,0.4819392979278386,3349,-0.0098009140323368,0.0471495567494618,-0.0866206194656893,0.4819392979278386,0.4753489790612563,,158,,
ele-fashion,43,1,RIDGE_ENDPOINT,G_D_text,0.0051707909254347,3349,13394,0.5151629749684855,3349,0.0230402171790573,0.0702048202802918,-0.1580051063245466,0.5151629749684855,0.5150123950634313,-0.0356064410344551,158,-0.0189462246195304,-0.0540562477617335
ele-fashion,43,1,RIDGE_ENDPOINT,G_P_text,0.0040319669456406,3349,13394,0.5348699101680008,3349,0.057702296471393,0.0270265661797879,-0.2310134163230992,0.5348699101680008,0.5286482613195952,0.0426164186677033,161,0.0650943544338409,0.0999999999999999
ele-fashion,43,1,RIDGE_ENDPOINT,G_D_visual,0.004094391499877,3349,13394,0.4804444059302267,3349,0.0060301617889553,0.0308077743179117,-0.1745480366947811,0.4804444059302267,0.4838460538573192,-0.0419467302211703,162,-0.0245063943630656,-0.0393924403158724
ele-fashion,43,1,RIDGE_ENDPOINT,G_P_visual,0.0032245840974628,3349,13394,0.4944206919013431,3349,0.0015049575801913,0.0349532906515787,-0.200196786773414,0.4944206919013431,0.4954563440479285,-0.0290294693465812,158,-0.0163180727857312,0.0
ele-fashion,43,1,RIDGE_ENDPOINT_LOCAL,G_D_text,0.0051707909254347,3349,13394,0.5180412351383764,3349,0.0320942382762446,0.0793348714440751,-0.1993794007233864,0.5180412351383764,0.510588870880605,0.0108667546590482,158,0.0746849407860649,0.0857142857142857
ele-fashion,43,1,RIDGE_ENDPOINT_LOCAL,G_P_text,0.0040319669456406,3349,13394,0.5360405153516203,3349,0.0664702572492924,0.0326493390962844,-0.2758093916805535,0.5360405153516203,0.531534470078233,0.0247806176967027,161,0.0681099445247652,0.0857142857142857
ele-fashion,43,1,RIDGE_ENDPOINT_LOCAL,G_D_visual,0.004094391499877,3349,13394,0.4911277685102941,3349,0.0074238624588004,0.0273726631503642,-0.2368144157616969,0.4911277685102941,0.4884141409764798,-0.0212037797437721,162,-0.064000048258186,-0.1475155279503105
ele-fashion,43,1,RIDGE_ENDPOINT_LOCAL,G_P_visual,0.0032245840974628,3349,13394,0.4949785155747798,3349,-0.0100012118904312,0.0409861835253853,-0.2423550171896442,0.4949785155747798,0.4926909742558303,-0.0017046348520798,158,0.0006512542036237,0.0
ele-fashion,43,1,DirectState,G_D_text,0.0051707909254347,3349,13394,0.6169381319662364,3349,0.1550646252318755,0.0511743428283675,0.0012514413165763,0.6169381319662364,0.5673846990892406,0.0591940769699413,158,0.0478956499321576,0.1169762226725976
ele-fashion,43,1,DirectState,G_P_text,0.0040319669456406,3349,13394,0.5530761735120795,3349,0.0565643805712496,-0.0142441285655374,-0.0017023159975817,0.5530761735120795,0.5442226247093995,0.0346239482588013,161,0.0532593803571941,0.1071428571428571
ele-fashion,43,1,DirectState,G_D_visual,0.004094391499877,3349,13394,0.5514912223690578,3349,0.0803748256250135,0.0225600536753228,0.0004219570233027,0.5514912223690578,0.5394666623338171,0.0274623369161704,162,-0.0130482366780979,0.0
ele-fashion,43,1,DirectState,G_P_visual,0.0032245840974628,3349,13394,0.5074313398338957,3349,0.0174662204055867,-0.0166164395972254,-0.0026478204690809,0.5074313398338957,0.5001041008968033,-0.0197796090954703,158,0.0523819405549766,-0.0714285714285714
ele-fashion,43,1,Frozen_Q_PAIR_text,G_D_text,0.0051707909254347,3349,13394,0.6247705859589028,3349,0.1750895585727812,0.0294845222125325,-0.0022250448728087,0.6247705859589028,0.5966154005310528,0.0516167061317557,158,0.0967410504886894,0.119047619047619
ele-fashion,43,1,Frozen_Q_PAIR_text,G_P_text,0.0040319669456406,3349,13394,0.5584517908261933,3349,0.069443536749287,0.0198349244913336,-0.0017721671514336,0.5584517908261933,0.5507333581103109,0.0681693597990475,161,0.0954527444558144,0.1999999999999999
ele-fashion,43,1,Frozen_Q_PAIR_visual,G_D_visual,0.004094391499877,3349,13394,0.6008860677224377,3349,0.1280029761135004,-0.000729075570212,-0.0041022559502892,0.6008860677224377,0.5786697429898106,0.0821736372186033,162,-0.0235331009899422,0.0
ele-fashion,43,1,Frozen_Q_PAIR_visual,G_P_visual,0.0032245840974628,3349,13394,0.5484570925744455,3349,0.0790276846009824,0.0244275175208414,-0.0029728629864786,0.5484570925744455,0.543106699312327,0.0552075360398285,158,-4.532953457129859e-05,-0.0285714285714285
ele-fashion,43,1,Frozen_R_SHARED_text,G_D_text,0.0051707909254347,3349,13394,0.6012038729304843,3349,0.126172667923927,0.0203328722076579,-0.002470417443203,0.6012038729304843,0.5630542815652647,0.0396288588625673,158,0.0194758782024725,0.0220082739152291
ele-fashion,43,1,Frozen_R_SHARED_text,G_P_text,0.0040319669456406,3349,13394,0.5088590772549487,3349,0.0089254353850567,0.0198405203083032,-0.0006765593985078,0.5088590772549487,0.509050789712656,0.0462063183869289,161,-0.0431008209503697,-0.0526315789473684
ele-fashion,43,1,Frozen_R_SHARED_visual,G_D_visual,0.004094391499877,3349,13394,0.5736234176072561,3349,0.0839506355511727,-0.016442636146877,-0.0039830788865413,0.5736234176072561,0.5540968897362017,0.0409694482136622,162,-0.0050581907840802,0.0
ele-fashion,43,1,Frozen_R_SHARED_visual,G_P_visual,0.0032245840974628,3349,13394,0.5284604352310289,3349,0.053416662228304,0.0247511160621714,-0.0016879822276552,0.5284604352310289,0.5204291313949734,0.0371938997254109,158,0.0307743822091837,0.0166666666666666
ele-fashion,43,1,Frozen_U_MODAL_text,G_D_text,0.0051707909254347,3349,13394,0.6043208386496086,3349,0.1241571441565747,0.0315503003271265,-0.0012559525619386,0.6043208386496086,0.575817940082225,0.045009056815422,158,0.0665159026156627,0.0999999999999999
ele-fashion,43,1,Frozen_U_MODAL_text,G_P_text,0.0040319669456406,3349,13394,0.5198571305264015,3349,0.0283186665587685,0.0232210965702979,-0.0003467367013791,0.5198571305264015,0.5090154789530039,0.0757248616311759,161,0.1109935691037558,0.0999999999999999
ele-fashion,43,1,Frozen_U_MODAL_visual,G_D_visual,0.004094391499877,3349,13394,0.5351173841143295,3349,0.0353181757119034,-0.0045239561948275,-0.0020257631238322,0.5351173841143295,0.5231856192725146,0.0404074080053678,162,0.0138290914530279,0.0210526315789473
ele-fashion,43,1,Frozen_U_MODAL_visual,G_P_visual,0.0032245840974628,3349,13394,0.5298903494361766,3349,0.0436341927652603,-0.0053787979256572,-0.0042667045062321,0.5298903494361766,0.5273001477054233,0.0416407986088422,158,-0.0336448344802284,0.0
ele-fashion,43,2,SIM_ONLY,G_D_text,0.0061138787377272,3349,13394,0.5141073136679237,3349,-0.0192919673967375,-0.0304265593812975,-0.0014714987640926,0.5141073136679237,0.5057348240341262,0.0119607976318795,152,-0.0194128465698276,-0.0999999999999999
ele-fashion,43,2,SIM_ONLY,G_P_text,0.0047211257616908,3349,13394,0.5057526979735261,3349,0.0244163675699947,0.0085399402527802,-0.0009705631743326,0.5057526979735261,0.4928853571262605,-0.0506711944228072,149,0.0344865734130775,-0.0090093746269555
ele-fashion,43,2,SIM_ONLY,G_D_visual,0.0046005617771753,3349,13394,0.5300918447658673,3349,0.0282668677564545,-0.0038293453055356,-0.0001860135409894,0.5300918447658673,0.4993538777094314,0.0250017125621787,161,0.049805524554586,0.0920510149631295
ele-fashion,43,2,SIM_ONLY,G_P_visual,0.0038242581398022,3349,13394,0.5351226784112202,3349,0.0679415386988921,0.0238633140305127,0.0002688565183821,0.5351226784112202,0.5246004815916152,0.0144649275370151,154,-0.0608826318512005,-0.0999999999999999
ele-fashion,43,2,TARGET_ONLY,G_D_text,0.0061138787377272,3349,13394,0.5933250933897096,3349,0.1241576949919466,0.0066940344251531,-0.0099415732045682,0.5933250933897096,0.580887859448211,,152,,
ele-fashion,43,2,TARGET_ONLY,G_P_text,0.0047211257616908,3349,13394,0.574278008343253,3349,0.0832869291567954,0.0247893455327593,-0.0022489196083292,0.574278008343253,0.5558619037916404,,149,,
ele-fashion,43,2,TARGET_ONLY,G_D_visual,0.0046005617771753,3349,13394,0.6116199745742928,3349,0.1468941048620145,0.053636544940616,0.001644766275156,0.6116199745742928,0.5838190091490627,,161,,
ele-fashion,43,2,TARGET_ONLY,G_P_visual,0.0038242581398022,3349,13394,0.532989849056901,3349,0.0472967607016764,0.0034838766839397,-0.0024884272811303,0.532989849056901,0.5226087071706743,,154,,
ele-fashion,43,2,ENDPOINT,G_D_text,0.0061138787377272,3349,13394,0.6157988216659708,3349,0.155469704692849,0.034908869496458,-0.0061599669049248,0.6157988216659708,0.5882726972155765,0.0542581145573043,152,0.0871326952882862,0.1393939393939394
ele-fashion,43,2,ENDPOINT,G_P_text,0.0047211257616908,3349,13394,0.6123397212481279,3349,0.1274343208003003,0.0436673681657192,-0.0024816365453159,0.6123397212481279,0.5782192481063246,0.0581306159122435,149,0.056065568699954,0.0882168925964546
ele-fashion,43,2,ENDPOINT,G_D_visual,0.0046005617771753,3349,13394,0.6067756835417331,3349,0.1324739336158518,0.0454572596919762,-0.0011170100267119,0.6067756835417331,0.5678946965212748,0.0450370207720226,161,0.0756155896725207,0.1423728813559322
ele-fashion,43,2,ENDPOINT,G_P_visual,0.0038242581398022,3349,13394,0.5584436413939664,3349,0.0846943028302123,0.0232794599689366,-0.0041944948950982,0.5584436413939664,0.5426880917415559,0.0230245699984209,154,0.0807484494316214,0.0734017164187903
ele-fashion,43,2,ENDPOINT_LOCAL,G_D_text,0.0061138787377272,3349,13394,0.6117624274770824,3349,0.1607471772115064,0.0309374542757234,-0.0070183007721216,0.6117624274770824,0.5790289016574879,0.0520348076258412,152,0.007149153995101,0.0
ele-fashion,43,2,ENDPOINT_LOCAL,G_P_text,0.0047211257616908,3349,13394,0.6064922948235371,3349,0.1191077981428999,0.0366185871501783,-0.0092760807636018,0.6064922948235371,0.5756699803751246,0.017728943295094,149,0.0177552469125648,-0.0199341238471673
ele-fashion,43,2,ENDPOINT_LOCAL,G_D_visual,0.0046005617771753,3349,13394,0.6151243207223849,3349,0.1416891297292244,0.0440719676712233,-0.0031722766137691,0.6151243207223849,0.5793845070860246,0.0534423250507067,161,0.0773483915455101,0.1482498633322202
ele-fashion,43,2,ENDPOINT_LOCAL,G_P_visual,0.0038242581398022,3349,13394,0.5588931197413181,3349,0.0756749815996671,-0.0061783521195046,-0.0122513871065466,0.5588931197413181,0.5467561303404865,0.0072902034304212,154,0.0762532553824515,0.0903508771929824
ele-fashion,43,2,STRICT_SHUFFLE_9917,G_D_text,0.0061138787377272,3349,13394,0.5894711340562983,3349,0.1394043157358518,0.0273611033857079,-0.0074110011026933,0.5894711340562983,0.5709018062339334,0.0387809443922594,152,0.0340631522847107,0.0256494588021288
ele-fashion,43,2,STRICT_SHUFFLE_9917,G_P_text,0.0047211257616908,3349,13394,0.5995871269396991,3349,0.1111727560792842,0.036384453719275,-0.0088200493064873,0.5995871269396991,0.5708180963513461,-0.0241647990467809,149,0.007290568608832,0.0230434782608695
ele-fashion,43,2,STRICT_SHUFFLE_9917,G_D_visual,0.0046005617771753,3349,13394,0.6050497998394089,3349,0.1291390558023556,0.0447295933173529,-0.0025860130742911,0.6050497998394089,0.572634191432881,0.0122782824829681,161,0.0254921333014435,0.0
ele-fashion,43,2,STRICT_SHUFFLE_9917,G_P_visual,0.0038242581398022,3349,13394,0.5513547359730893,3349,0.0706154603718171,-0.00677468245108,-0.0113832464100465,0.5513547359730893,0.5452018410174858,-0.0059602423719681,154,0.0315978506675907,0.058133971291866
ele-fashion,43,2,STRICT_SHUFFLE_9918,G_D_text,0.0061138787377272,3349,13394,0.5896522802700109,3349,0.139917626572655,0.0275040109391852,-0.0073456044378474,0.5896522802700109,0.5732618615792562,0.0414121027350256,152,0.0042695415366931,-0.0142857142857142
ele-fashion,43,2,STRICT_SHUFFLE_9918,G_P_text,0.0047211257616908,3349,13394,0.6000436108340751,3349,0.1109485108490725,0.0377658259996618,-0.0082254251333913,0.6000436108340751,0.5709648360840331,-0.0244553875720718,149,-0.0102697023720709,-0.0538961038961039
ele-fashion,43,2,STRICT_SHUFFLE_9918,G_D_visual,0.0046005617771753,3349,13394,0.6037477983780452,3349,0.127525184181562,0.0429432680752943,-0.003074770185526,0.6037477983780452,0.5706112649325439,0.0056831215375177,161,0.0835642941839886,0.0857142857142857
ele-fashion,43,2,STRICT_SHUFFLE_9918,G_P_visual,0.0038242581398022,3349,13394,0.5529757936846054,3349,0.0733154501379936,-0.0070787532377981,-0.0115432136748951,0.5529757936846054,0.543137391085185,-0.003307973289705,154,0.0221050565679985,0.0
ele-fashion,43,2,STRICT_SHUFFLE_9919,G_D_text,0.0061138787377272,3349,13394,0.5898930721882389,3349,0.1396773928709905,0.0283553729909717,-0.0072490455689617,0.5898930721882389,0.5701054256236474,0.0387198504123415,152,0.0418621673193551,0.0
ele-fashion,43,2,STRICT_SHUFFLE_9919,G_P_text,0.0047211257616908,3349,13394,0.6017237003435247,3349,0.114147668192198,0.0388745933145758,-0.0080308363254819,0.6017237003435247,0.5735001626469631,-0.0202728723204283,149,0.0012688473309936,0.0196969696969696
ele-fashion,43,2,STRICT_SHUFFLE_9919,G_D_visual,0.0046005617771753,3349,13394,0.6024053239320372,3349,0.1272596525189046,0.045807713095487,-0.002307998002702,0.6024053239320372,0.5687959431614749,0.0077432228249435,161,0.0349623618174924,0.0303030303030303
ele-fashion,43,2,STRICT_SHUFFLE_9919,G_P_visual,0.0038242581398022,3349,13394,0.5514492499386017,3349,0.0703528788748137,-0.0054414464809023,-0.0112387058826877,0.5514492499386017,0.5399547048980431,-0.002381208720108,154,0.0354706827432565,0.0220588235294117
ele-fashion,43,2,RIDGE_TARGET_ONLY,G_D_text,0.0061138787377272,3349,13394,0.5034611076870059,3349,0.020766201234979,0.051955477482351,-0.085277084343593,0.5034611076870059,0.5071237957642714,,152,,
ele-fashion,43,2,RIDGE_TARGET_ONLY,G_P_text,0.0047211257616908,3349,13394,0.5269527465888821,3349,0.0257711590906794,0.0060717326898089,-0.1320857258473418,0.5269527465888821,0.526197778707189,,149,,
ele-fashion,43,2,RIDGE_TARGET_ONLY,G_D_visual,0.0046005617771753,3349,13394,0.5292444416498812,3349,0.0409879688142936,0.0239630506451996,-0.1017789988226984,0.5292444416498812,0.5226782419402749,,161,,
ele-fashion,43,2,RIDGE_TARGET_ONLY,G_P_visual,0.0038242581398022,3349,13394,0.4921225831812398,3349,0.0231066215575262,0.0476188679824276,-0.0880060384237562,0.4921225831812398,0.4856709310126813,,154,,
ele-fashion,43,2,RIDGE_ENDPOINT,G_D_text,0.0061138787377272,3349,13394,0.5273401918529859,3349,0.0397663713642889,0.0542958944064359,-0.1572701853694722,0.5273401918529859,0.5256870485611762,0.0256444737861059,152,0.0763857062584868,0.0142857142857142
ele-fashion,43,2,RIDGE_ENDPOINT,G_P_text,0.0047211257616908,3349,13394,0.524787754649737,3349,0.0254034252081621,0.0287420503153036,-0.2254114840526031,0.524787754649737,0.5234149070410049,-0.0134596833425017,149,-0.0463273207858713,-0.0672473867595818
ele-fashion,43,2,RIDGE_ENDPOINT,G_D_visual,0.0046005617771753,3349,13394,0.5237348759322338,3349,0.0308854072291809,0.0366477384533598,-0.1819027940936659,0.5237348759322338,0.518779645557837,0.000712992358397,161,0.0694728237125613,0.0999999999999999
ele-fashion,43,2,RIDGE_ENDPOINT,G_P_visual,0.0038242581398022,3349,13394,0.5150323746132625,3349,0.0541623042230585,0.068648884050061,-0.1507515519614863,0.5150323746132625,0.5110914286573504,0.0243327033323516,154,-0.0230470909331506,-0.0133256083429895
ele-fashion,43,2,RIDGE_ENDPOINT_LOCAL,G_D_text,0.0061138787377272,3349,13394,0.5185008457171807,3349,0.0320903144918818,0.0514910605147265,-0.2013355022674463,0.5185008457171807,0.5182825129839863,0.0607199066821983,152,0.1070725170963761,0.1278519471750139
ele-fashion,43,2,RIDGE_ENDPOINT_LOCAL,G_P_text,0.0047211257616908,3349,13394,0.5160162575469978,3349,0.0178909092908999,0.0255272987207053,-0.2832551825349774,0.5160162575469978,0.5093858021712476,0.0210104087843024,149,0.030339621235267,0.0
ele-fashion,43,2,RIDGE_ENDPOINT_LOCAL,G_D_visual,0.0046005617771753,3349,13394,0.5213646767690128,3349,0.020800237844235,0.0162212828085859,-0.258961164719979,0.5213646767690128,0.5209498286764105,0.0081553272368723,161,0.0195424182353104,0.0674897431053833
ele-fashion,43,2,RIDGE_ENDPOINT_LOCAL,G_P_visual,0.0038242581398022,3349,13394,0.5172004677009263,3349,0.0496915883183433,0.0614500736061759,-0.2044181114429584,0.5172004677009263,0.5076123123056467,0.048158434999259,154,-0.0270043218420079,0.0
ele-fashion,43,2,DirectState,G_D_text,0.0061138787377272,3349,13394,0.6196921766190311,3349,0.1112251710430501,-0.022890283300566,-0.0032114180089781,0.6196921766190311,0.5726087042964789,0.0387281332745736,152,0.0199292145963313,0.0294651328036871
ele-fashion,43,2,DirectState,G_P_text,0.0047211257616908,3349,13394,0.5316968546579588,3349,0.047799637696114,0.035739739516683,-0.0003828880426259,0.5316968546579588,0.5180827676436208,-0.0074742514445868,149,6.419231439170081e-05,-0.0714285714285714
ele-fashion,43,2,DirectState,G_D_visual,0.0046005617771753,3349,13394,0.5441961378654403,3349,0.0589636250441931,0.0058280141361872,-0.0005572104835678,0.5441961378654403,0.5316959481483248,0.0332242503676463,161,0.1092036935229025,0.1999999999999999
ele-fashion,43,2,DirectState,G_P_visual,0.0038242581398022,3349,13394,0.5266579503787361,3349,0.0404781113793919,0.0104604759915502,-0.0005978838061833,0.5266579503787361,0.5182012775137672,-0.0116945291434404,154,0.0019211868461228,-0.0857142857142857
ele-fashion,43,2,Frozen_Q_PAIR_text,G_D_text,0.0061138787377272,3349,13394,0.6129774325690583,3349,0.1590429057653888,0.030804759875936,-0.0016067794229834,0.6129774325690583,0.571984081224195,0.0113099230135792,152,0.0266655603357747,0.0
ele-fashion,43,2,Frozen_Q_PAIR_text,G_P_text,0.0047211257616908,3349,13394,0.5343810657486944,3349,0.0552691160105502,0.0563993188336753,0.0018835739867799,0.5343810657486944,0.5231301854890311,-0.0085548822637469,149,-0.0551846393089211,-0.0294651328036871
ele-fashion,43,2,Frozen_Q_PAIR_visual,G_D_visual,0.0046005617771753,3349,13394,0.587994773203126,3349,0.1215699446777701,0.0465280843246742,0.0020000507282877,0.587994773203126,0.5656576607048515,0.0695651355446017,161,0.0135885559716334,0.0
ele-fashion,43,2,Frozen_Q_PAIR_visual,G_P_visual,0.0038242581398022,3349,13394,0.543140255144746,3349,0.0506049104907337,0.0055443059403422,-0.0020019922153702,0.543140255144746,0.5305521763630596,0.0438881935849194,154,0.0687656592798275,0.1500005317858339
ele-fashion,43,2,Frozen_R_SHARED_text,G_D_text,0.0061138787377272,3349,13394,0.6174236148389677,3349,0.1241370707276018,-0.0004688049930545,-0.0032417083167415,0.6174236148389677,0.5718270510206411,0.050693879788468,152,0.0344366874043273,0.0362305778685968
ele-fashion,43,2,Frozen_R_SHARED_text,G_P_text,0.0047211257616908,3349,13394,0.5374856566826455,3349,0.0480506154929997,0.0285340728931871,-0.0006316382422189,0.5374856566826455,0.5298730638755733,0.0131249806664248,149,0.0725196596036662,0.069047619047619
ele-fashion,43,2,Frozen_R_SHARED_visual,G_D_visual,0.0046005617771753,3349,13394,0.5838903789210913,3349,0.0954477231436333,-0.002354837558181,-0.0033883235721217,0.5838903789210913,0.5693502785047255,-0.0086702860462013,161,-0.054901152282331,-0.1999999999999999
ele-fashion,43,2,Frozen_R_SHARED_visual,G_P_visual,0.0038242581398022,3349,13394,0.5296741631038959,3349,0.0453219609264797,0.0047188618771578,-0.0025719174446816,0.5296741631038959,0.5192360980338947,-0.0148185126202578,154,0.0327348920556274,0.0
ele-fashion,43,2,Frozen_U_MODAL_text,G_D_text,0.0061138787377272,3349,13394,0.6214018360567857,3349,0.1408607245513059,0.032790356089419,-0.0001148234865211,0.6214018360567857,0.5787595755287664,0.0499192150118981,152,0.0468825303724296,0.0768650549529597
ele-fashion,43,2,Frozen_U_MODAL_text,G_P_text,0.0047211257616908,3349,13394,0.5249114378349008,3349,0.0201111122621237,0.0218806374529199,-0.0010855345563154,0.5249114378349008,0.5191560588674767,0.020508338624559,149,-0.0128819814522283,0.0
ele-fashion,43,2,Frozen_U_MODAL_visual,G_D_visual,0.0046005617771753,3349,13394,0.5352060761513661,3349,0.0345584034859586,-0.033871501576611,-0.0043083080692483,0.5352060761513661,0.5201562690846384,0.046252242349155,161,0.0891931536841896,0.1428571428571428
ele-fashion,43,2,Frozen_U_MODAL_visual,G_P_visual,0.0038242581398022,3349,13394,0.5391040792084312,3349,0.0538907645879728,-0.0109727035055913,-0.0025270485031354,0.5391040792084312,0.5337898166930279,0.0080149029576864,154,0.0206694840748994,0.039557501692613
ele-fashion,44,0,SIM_ONLY,G_D_text,0.0053674356188305,3349,13394,0.5270232261214067,3349,-0.0088232012565097,-0.011657863993957,-0.0002323349896011,0.5270232261214067,0.5,-0.0104642677069773,149,-0.0760869557910761,-0.0748452012383901
ele-fashion,44,0,SIM_ONLY,G_P_text,0.0043880766981208,3349,13394,0.4949168707594259,3349,0.0039186653748413,0.0219562034073691,-0.0001552989303035,0.4949168707594259,0.4972386500752525,0.013208200182139,154,-0.0121498481476679,0.0
ele-fashion,44,0,SIM_ONLY,G_D_visual,0.003966326135924,3349,13394,0.5351041862549507,3349,0.0262545562818181,-0.0068691149153975,-0.0011241642336825,0.5351041862549507,0.5117972804437058,0.036663310042787,153,0.0398900449264489,0.0999999999999999
ele-fashion,44,0,SIM_ONLY,G_P_visual,0.0035254304321403,3349,13394,0.5172497922291935,3349,0.0340524797070231,0.0251707141355712,-0.0010058512087327,0.5172497922291935,0.4956762270961666,-0.0286458684786984,164,-0.0644870509775178,-0.1999999999999999
ele-fashion,44,0,TARGET_ONLY,G_D_text,0.0053674356188305,3349,13394,0.5785579901988396,3349,0.1003878429044622,0.0242992930599198,-0.0036087544154828,0.5785579901988396,0.5517086314050208,,149,,
ele-fashion,44,0,TARGET_ONLY,G_P_text,0.0043880766981208,3349,13394,0.5348937641591593,3349,0.0512941593355761,-0.0014415311046085,-0.0032187669467211,0.5348937641591593,0.5229231319952883,,154,,
ele-fashion,44,0,TARGET_ONLY,G_D_visual,0.003966326135924,3349,13394,0.5841917955080418,3349,0.0989381739255207,0.0012682984101757,-0.006671703809397,0.5841917955080418,0.5608504863658339,,153,,
ele-fashion,44,0,TARGET_ONLY,G_P_visual,0.0035254304321403,3349,13394,0.5509723317056467,3349,0.0666393436485338,0.0243084514201351,-0.0016811543131343,0.5509723317056467,0.529232728271454,,164,,
ele-fashion,44,0,ENDPOINT,G_D_text,0.0053674356188305,3349,13394,0.6279937663117972,3349,0.1541541471458677,0.0477420686094022,-0.0029146252757961,0.6279937663117972,0.6032409545804465,0.0584822003818605,149,0.0873756612724609,0.1999999999999999
ele-fashion,44,0,ENDPOINT,G_P_text,0.0043880766981208,3349,13394,0.5535827784449351,3349,0.07495141101407,0.0145985222822134,-0.0065345385133079,0.5535827784449351,0.5275559300245198,0.0351099392586105,154,0.0056855255496291,0.0181848241863327
ele-fashion,44,0,ENDPOINT,G_D_visual,0.003966326135924,3349,13394,0.6260855061468485,3349,0.1506609595696759,0.0368623140136124,-0.0047161706679501,0.6260855061468485,0.594959317610831,0.063453301677345,153,0.084692892885335,0.0999999999999999
ele-fashion,44,0,ENDPOINT,G_P_visual,0.0035254304321403,3349,13394,0.5647577909593839,3349,0.084562856586686,0.0393608939741568,-0.0044126881502251,0.5647577909593839,0.5443802009580643,0.0185682934094586,164,-0.0141766120015705,0.0
ele-fashion,44,0,ENDPOINT_LOCAL,G_D_text,0.0053674356188305,3349,13394,0.5942417244033872,3349,0.1448939414175328,0.055300741465673,-0.0044426315775318,0.5942417244033872,0.5738543720310183,0.0432705855975191,149,0.1023792326080927,0.1757575757575757
ele-fashion,44,0,ENDPOINT_LOCAL,G_P_text,0.0043880766981208,3349,13394,0.5571709013224063,3349,0.0752243466545335,0.0102260408521388,-0.0113492557020793,0.5571709013224063,0.5458159549604225,0.0187659157503842,154,0.1021005693282556,0.0999999999999999
ele-fashion,44,0,ENDPOINT_LOCAL,G_D_visual,0.003966326135924,3349,13394,0.6197336785914737,3349,0.1374365574713289,0.0244384760865638,-0.0124126358772462,0.6197336785914737,0.5933628949808603,0.0403661205529221,153,0.1124601828390677,0.1999999999999999
ele-fashion,44,0,ENDPOINT_LOCAL,G_P_visual,0.0035254304321403,3349,13394,0.5628438027229568,3349,0.0823483275614931,0.0209133329066026,-0.0107749632577618,0.5628438027229568,0.5387543382187711,0.0607896613984229,164,-0.0481251259914664,-0.030280168924934
ele-fashion,44,0,STRICT_SHUFFLE_9917,G_D_text,0.0053674356188305,3349,13394,0.5743513772320172,3349,0.1198194146971192,0.0493625227561928,-0.0054139068277085,0.5743513772320172,0.5593420830282205,-0.0005749922781646,149,0.0638151041989075,0.0595238095238095
ele-fashion,44,0,STRICT_SHUFFLE_9917,G_P_text,0.0043880766981208,3349,13394,0.5483312457764635,3349,0.0634927060105547,0.0109569076709301,-0.0109061433168664,0.5483312457764635,0.5457813416892998,-0.017696771984552,154,0.0373224368387531,0.0909090909090908
ele-fashion,44,0,STRICT_SHUFFLE_9917,G_D_visual,0.003966326135924,3349,13394,0.6054687246703224,3349,0.1219839068450411,0.0242636172955864,-0.0113881795939132,0.6054687246703224,0.5717071689336841,0.0131130796152783,153,0.0833134240002581,0.0999999999999999
ele-fashion,44,0,STRICT_SHUFFLE_9917,G_P_visual,0.0035254304321403,3349,13394,0.5526978102918778,3349,0.0673844909068572,0.0219403388829751,-0.009544229577848,0.5526978102918778,0.5293440149523643,0.0214419435590576,164,-0.0363231688116548,-0.0429447852760736
ele-fashion,44,0,STRICT_SHUFFLE_9918,G_D_text,0.0053674356188305,3349,13394,0.5752635235359282,3349,0.1188553061171888,0.0507915715735381,-0.0050002070056398,0.5752635235359282,0.5568649430143262,0.0072007571920269,149,0.0665497862792368,0.0294651328036871
ele-fashion,44,0,STRICT_SHUFFLE_9918,G_P_text,0.0043880766981208,3349,13394,0.5463247521115888,3349,0.0607239883622311,0.0104553953526238,-0.010988269145868,0.5463247521115888,0.542081487890018,-0.0128288751693308,154,0.0177764164945312,0.0517241379310344
ele-fashion,44,0,STRICT_SHUFFLE_9918,G_D_visual,0.003966326135924,3349,13394,0.6042273228012308,3349,0.1186214282609024,0.0199126920691316,-0.0123943371818062,0.6042273228012308,0.5706815534022553,0.0193731337987739,153,0.0675915511411089,0.0999999999999999
ele-fashion,44,0,STRICT_SHUFFLE_9918,G_P_visual,0.0035254304321403,3349,13394,0.551479007123061,3349,0.0676674784787605,0.0242863686900844,-0.0093215848681995,0.551479007123061,0.5261111725407248,0.0220632853164505,164,-0.0497852741660664,-0.0285714285714285
ele-fashion,44,0,STRICT_SHUFFLE_9919,G_D_text,0.0053674356188305,3349,13394,0.5737832103494245,3349,0.1181817584052825,0.0524930326616971,-0.0047167550715596,0.5737832103494245,0.557379410052761,0.008891537642946,149,0.0518079433657895,0.0389889423274967
ele-fashion,44,0,STRICT_SHUFFLE_9919,G_P_text,0.0043880766981208,3349,13394,0.5482239984389953,3349,0.060415039993322,0.0095631875301917,-0.0112016916886747,0.5482239984389953,0.5426367349749708,-0.014764298710921,154,0.0416008706729139,0.0999999999999999
ele-fashion,44,0,STRICT_SHUFFLE_9919,G_D_visual,0.003966326135924,3349,13394,0.6071615126514197,3349,0.123460144145526,0.0200593110423984,-0.0124524909421033,0.6071615126514197,0.5769251275444955,0.0220805093195885,153,0.1052851309915064,0.103030303030303
ele-fashion,44,0,STRICT_SHUFFLE_9919,G_P_visual,0.0035254304321403,3349,13394,0.5520964341892658,3349,0.0691515248475149,0.0240669291043598,-0.0091217014995597,0.5520964341892658,0.5287536961802274,0.0187974083821761,164,-0.0566521806817844,-0.0591082804679325
ele-fashion,44,0,RIDGE_TARGET_ONLY,G_D_text,0.0053674356188305,3349,13394,0.4812904861150228,3349,-0.0189707430979732,-0.0066703627528779,-0.1257220024326848,0.4812904861150228,0.4848568317091947,,149,,
ele-fashion,44,0,RIDGE_TARGET_ONLY,G_P_text,0.0043880766981208,3349,13394,0.512546862423546,3349,0.0310220337085874,0.0273135549738277,-0.1008231013185907,0.512546862423546,0.5138246839611069,,154,,
ele-fashion,44,0,RIDGE_TARGET_ONLY,G_D_visual,0.003966326135924,3349,13394,0.5348711081907307,3349,0.0456015063830255,0.0184148432138825,-0.1377120091904662,0.5348711081907307,0.524386197743862,,153,,
ele-fashion,44,0,RIDGE_TARGET_ONLY,G_P_visual,0.0035254304321403,3349,13394,0.5166111422222381,3349,0.0109040913595934,0.01417260391477,-0.1748676278979002,0.5166111422222381,0.5126520828800423,,164,,
ele-fashion,44,0,RIDGE_ENDPOINT,G_D_text,0.0053674356188305,3349,13394,0.501465292251075,3349,0.0100991575569887,0.018379502324847,-0.2146235587636709,0.501465292251075,0.4992204134512477,-0.052687156484659,149,-0.053423984707301,-0.0857142857142857
ele-fashion,44,0,RIDGE_ENDPOINT,G_P_text,0.0043880766981208,3349,13394,0.5097745725530032,3349,0.0312572574240808,0.0328306936033819,-0.2100574030555486,0.5097745725530032,0.5069240889715303,-0.0059101271753696,154,-0.0551480453492289,0.0
ele-fashion,44,0,RIDGE_ENDPOINT,G_D_visual,0.003966326135924,3349,13394,0.5340225527343624,3349,0.045744253991412,0.0301405279951912,-0.2443165372867728,0.5340225527343624,0.5241448340606666,0.0429795408361268,153,0.1090403136389587,0.1077863635721932
ele-fashion,44,0,RIDGE_ENDPOINT,G_P_visual,0.0035254304321403,3349,13394,0.5141451791822569,3349,0.0080766204356211,0.0099431669716512,-0.3108698949565949,0.5141451791822569,0.5078669339449344,-0.0592479533662836,164,-0.0030417649201522,0.0176470588235294
ele-fashion,44,0,RIDGE_ENDPOINT_LOCAL,G_D_text,0.0053674356188305,3349,13394,0.5108511237537318,3349,0.0098389467423043,0.024344603704039,-0.2641920500594732,0.5108511237537318,0.5092662273043054,-0.004803652375168,149,-0.0135506488519486,-0.0142857142857142
ele-fashion,44,0,RIDGE_ENDPOINT_LOCAL,G_P_text,0.0043880766981208,3349,13394,0.5167919200788538,3349,0.0399068670688777,0.0355869807182502,-0.2601478669251513,0.5167919200788538,0.5172015403443679,0.0087562733512194,154,-0.001075606159912,-0.0666666666666666
ele-fashion,44,0,RIDGE_ENDPOINT_LOCAL,G_D_visual,0.003966326135924,3349,13394,0.5315873012442118,3349,0.0374947361676026,0.0246416522700718,-0.3149386615508602,0.5315873012442118,0.5193791621726189,0.0507672492827197,153,0.105631548641167,0.0999999999999999
ele-fashion,44,0,RIDGE_ENDPOINT_LOCAL,G_P_visual,0.0035254304321403,3349,13394,0.5275127783504603,3349,0.0248938361341668,0.0106406601979113,-0.3569399324523004,0.5275127783504603,0.5274726509414782,-0.0214682951606498,164,-0.043409598468233,0.0
ele-fashion,44,0,DirectState,G_D_text,0.0053674356188305,3349,13394,0.6012786571283727,3349,0.1322112988259035,0.0143005369460518,-0.0007123720899679,0.6012786571283727,0.5651459847161981,0.0657954194692757,149,0.1401044873015428,0.3
ele-fashion,44,0,DirectState,G_P_text,0.0043880766981208,3349,13394,0.5196990761664134,3349,0.0418729532743115,0.0094495656715713,-0.0010093988585617,0.5196990761664134,0.5047396866799524,-0.0131627270740045,154,0.0263613942020672,0.0843373493975903
ele-fashion,44,0,DirectState,G_D_visual,0.003966326135924,3349,13394,0.5572745212893576,3349,0.0758899820671789,0.0044453810251583,-0.0011130266669958,0.5572745212893576,0.5376813740005922,0.0035371703408858,153,0.0290920676759922,0.0999999999999999
ele-fashion,44,0,DirectState,G_P_visual,0.0035254304321403,3349,13394,0.5161879318155067,3349,0.0120249738938245,0.0083317249749225,-0.0016753121881263,0.5161879318155067,0.5048365120186048,0.0043881379887663,164,-0.0566645330349893,-0.1151515151515151
ele-fashion,44,0,Frozen_Q_PAIR_text,G_D_text,0.0053674356188305,3349,13394,0.606786458626711,3349,0.1586398717332819,0.0611641814564572,0.0034412280981016,0.606786458626711,0.5700927542762726,0.0204659774605924,149,0.0564298486490038,-0.007385596886405
ele-fashion,44,0,Frozen_Q_PAIR_text,G_P_text,0.0043880766981208,3349,13394,0.5411485436600683,3349,0.025318147795594,-0.0135105605825636,-0.0042390014029334,0.5411485436600683,0.5374687763186401,0.0066165982019427,154,-0.0301936146895659,-0.0357142857142857
ele-fashion,44,0,Frozen_Q_PAIR_visual,G_D_visual,0.003966326135924,3349,13394,0.5928010939899002,3349,0.1300151279162363,0.0205120551187786,-0.0021151199921498,0.5928010939899002,0.5691721297715259,0.0435780578068955,153,0.109420711900674,0.1181818181818181
ele-fashion,44,0,Frozen_Q_PAIR_visual,G_P_visual,0.0035254304321403,3349,13394,0.5278605492283053,3349,0.0399365720527731,0.0203363038065512,-0.0021469041821569,0.5278605492283053,0.502903976002026,0.0167872181824122,164,-0.0675821213855388,0.0
ele-fashion,44,0,Frozen_R_SHARED_text,G_D_text,0.0053674356188305,3349,13394,0.5963938489269419,3349,0.1472028911757276,0.0628517998081792,0.0036493680775673,0.5963938489269419,0.5521046208152612,0.0499472325699565,149,0.0829754465226103,0.0597151656089556
ele-fashion,44,0,Frozen_R_SHARED_text,G_P_text,0.0043880766981208,3349,13394,0.5329841159160787,3349,0.0357666485530785,0.0127520182582415,-0.0010828675405865,0.5329841159160787,0.521988753018349,-0.0109249940049706,154,-0.0681543276197993,-0.0857142857142857
ele-fashion,44,0,Frozen_R_SHARED_visual,G_D_visual,0.003966326135924,3349,13394,0.5656087732456643,3349,0.0759612114001626,-0.0163485737768277,-0.0048422754427732,0.5656087732456643,0.5489631448463089,0.0373026316552103,153,0.0314068413177513,0.0965147838476054
ele-fashion,44,0,Frozen_R_SHARED_visual,G_P_visual,0.0035254304321403,3349,13394,0.5491516174020981,3349,0.0541466814197392,0.0123966963931174,-0.0020785227574948,0.5491516174020981,0.5298886776502816,-0.0029445671167986,164,-0.0283163446404185,0.0
ele-fashion,44,0,Frozen_U_MODAL_text,G_D_text,0.0053674356188305,3349,13394,0.5992491409902551,3349,0.1505721373574692,0.0684373587166174,0.0042379854135079,0.5992491409902551,0.5507174374284158,0.0341681511623364,149,0.0700435622265446,0.0928571428571428
ele-fashion,44,0,Frozen_U_MODAL_text,G_P_text,0.0043880766981208,3349,13394,0.527346277620673,3349,0.0345017530529107,-0.0048902156960434,-0.0017748782246982,0.527346277620673,0.517613671417114,0.0278971240515908,154,0.0320310291974379,0.0
ele-fashion,44,0,Frozen_U_MODAL_visual,G_D_visual,0.003966326135924,3349,13394,0.5858483789366598,3349,0.1098450430940388,0.0048738674245906,-0.0027471276592316,0.5858483789366598,0.5616305954045795,0.0410884420355465,153,0.0656424417963931,0.1428571428571428
ele-fashion,44,0,Frozen_U_MODAL_visual,G_P_visual,0.0035254304321403,3349,13394,0.5423841744632737,3349,0.0613130074299655,0.0199877865713275,-0.0015898507105023,0.5423841744632737,0.52096041832378,0.03013632243474,164,0.0105088421649166,0.0285714285714285
ele-fashion,44,1,SIM_ONLY,G_D_text,0.0060785754275729,3349,13393,0.5199660063869058,3349,-0.0170705281834446,-0.0155271491740766,-0.0005116910848432,0.5199660063869058,0.5001364611450756,-0.0356540619425263,144,0.0653685645135918,0.0999999999999999
ele-fashion,44,1,SIM_ONLY,G_P_text,0.0046332585312143,3349,13393,0.4962971289950946,3349,0.0001391986904367,-0.0085795628998606,-0.0004522525732464,0.4962971289950946,0.4884692962074839,-0.0100779966242244,170,-0.0065919739415003,0.0
ele-fashion,44,1,SIM_ONLY,G_D_visual,0.0045061136976446,3349,13393,0.546416911771048,3349,0.0470283137744724,-0.0160138425678862,-0.0017578931562847,0.546416911771048,0.5054938242321261,0.0968487985173351,155,0.1266253477161568,0.1999999999999999
ele-fashion,44,1,SIM_ONLY,G_P_visual,0.0037492189250424,3349,13393,0.5406697786001878,3349,0.0687428377669852,0.0085846867782975,-0.0007173761009593,0.5406697786001878,0.5216505526590796,-0.0038593545907768,160,-0.0598773951441416,-0.0285714285714285
ele-fashion,44,1,TARGET_ONLY,G_D_text,0.0060785754275729,3349,13393,0.5855265079050126,3349,0.1127249250087419,0.0163580505873885,-0.0034678054225401,0.5855265079050126,0.5651771374232991,,144,,
ele-fashion,44,1,TARGET_ONLY,G_P_text,0.0046332585312143,3349,13393,0.545295638968108,3349,0.0326759587673545,-0.0229246565543379,-0.0047963162201312,0.545295638968108,0.5339174463472143,,170,,
ele-fashion,44,1,TARGET_ONLY,G_D_visual,0.0045061136976446,3349,13393,0.6030360238750356,3349,0.1130054606402403,-0.0063080610736366,-0.0051269776103839,0.6030360238750356,0.5661762063304496,,155,,
ele-fashion,44,1,TARGET_ONLY,G_P_visual,0.0037492189250424,3349,13393,0.5589628191657148,3349,0.0679049483351727,0.0114150364244079,-0.0018898099855939,0.5589628191657148,0.548363838722114,,160,,
ele-fashion,44,1,ENDPOINT,G_D_text,0.0060785754275729,3349,13393,0.6287197361376816,3349,0.1454156351982149,0.0128650110233238,-0.0060191534263867,0.6287197361376816,0.5887171529225896,0.0302547602114381,144,0.0097268866723006,0.0345238095238095
ele-fashion,44,1,ENDPOINT,G_P_text,0.0046332585312143,3349,13393,0.5617446490417215,3349,0.0509244126281105,-0.0118455315812438,-0.007054893727507,0.5617446490417215,0.5437513738535706,0.0578915285016025,170,-0.0106512218882991,-0.0306771559569924
ele-fashion,44,1,ENDPOINT,G_D_visual,0.0045061136976446,3349,13393,0.5807096023415015,3349,0.082598601722036,-0.0111217148258807,-0.0119880691379949,0.5807096023415015,0.5556697818642884,0.0227431644411537,155,0.039338287269111,0.1393939393939393
ele-fashion,44,1,ENDPOINT,G_P_visual,0.0037492189250424,3349,13393,0.5790884004180081,3349,0.0999673713355965,0.0254419956755301,-0.0036121627171661,0.5790884004180081,0.5532221816103613,0.0338991001917612,160,0.0462700957639421,0.0883116883116883
ele-fashion,44,1,ENDPOINT_LOCAL,G_D_text,0.0060785754275729,3349,13393,0.6205826085979881,3349,0.1601863819439472,-0.0027334279605814,-0.018327342899769,0.6205826085979881,0.5959731794885235,0.0505547041525897,144,0.0546733099429538,0.0511153133051281
ele-fashion,44,1,ENDPOINT_LOCAL,G_P_text,0.0046332585312143,3349,13393,0.5948112906956012,3349,0.1008313335940369,-0.0073810499732879,-0.0133306713949146,0.5948112906956012,0.5728514720192122,0.0808980158857657,170,0.0905446711734808,0.0999999999999999
ele-fashion,44,1,ENDPOINT_LOCAL,G_D_visual,0.0045061136976446,3349,13393,0.620561346535906,3349,0.1243659060613531,0.013065251548432,-0.0103482971936419,0.620561346535906,0.5993254957433779,0.0962099923761842,155,0.1510910828774733,0.261904761904762
ele-fashion,44,1,ENDPOINT_LOCAL,G_P_visual,0.0037492189250424,3349,13393,0.5786588763421285,3349,0.0969644650898807,0.0397463729647019,-0.0050673374448697,0.5786588763421285,0.5554540259030556,0.0706520704493258,160,0.0834431767228608,0.0999999999999999
ele-fashion,44,1,STRICT_SHUFFLE_9917,G_D_text,0.0060785754275729,3349,13393,0.6089098457932904,3349,0.1499442664425886,0.0056697536685527,-0.0154978986609295,0.6089098457932904,0.5886422771228225,0.0391973171777694,144,0.0091622446101129,-0.0456459599441678
ele-fashion,44,1,STRICT_SHUFFLE_9917,G_P_text,0.0046332585312143,3349,13393,0.5896925002452351,3349,0.0961175160874931,-0.0098317184125923,-0.0134307659823937,0.5896925002452351,0.5668347988964779,0.0743568896727009,170,0.1139710732032457,0.1999999999999999
ele-fashion,44,1,STRICT_SHUFFLE_9917,G_D_visual,0.0045061136976446,3349,13393,0.6054694575502213,3349,0.1108281432457994,0.0128326417657139,-0.0108120210078168,0.6054694575502213,0.5807036723967902,0.0618867310427135,155,0.0678256054295731,0.1428571428571428
ele-fashion,44,1,STRICT_SHUFFLE_9917,G_P_visual,0.0037492189250424,3349,13393,0.564238884052819,3349,0.0840541690914446,0.0435879503855548,-0.0038306362906583,0.564238884052819,0.5460924753533292,0.0418875459347093,160,0.0783461812296516,0.0999999999999999
ele-fashion,44,1,STRICT_SHUFFLE_9918,G_D_text,0.0060785754275729,3349,13393,0.6064235948620227,3349,0.1474209345136537,0.0026549987079095,-0.016285537022745,0.6064235948620227,0.584200644680636,0.0370474104008049,144,0.0235280775672222,-0.0298013245033112
ele-fashion,44,1,STRICT_SHUFFLE_9918,G_P_text,0.0046332585312143,3349,13393,0.5873701059487233,3349,0.0916661500421743,-0.0108287491609306,-0.0137589761349918,0.5873701059487233,0.5667977451259076,0.0626681931123964,170,0.0575977757148951,0.0999999999999999
ele-fashion,44,1,STRICT_SHUFFLE_9918,G_D_visual,0.0045061136976446,3349,13393,0.605715999493978,3349,0.1092700286452852,0.0115589552974246,-0.0110814705320441,0.605715999493978,0.586721667802341,0.0633375710776719,155,0.0791370769473267,0.1471224715841249
ele-fashion,44,1,STRICT_SHUFFLE_9918,G_P_visual,0.0037492189250424,3349,13393,0.5640368181886458,3349,0.0848499109399303,0.0442615239956802,-0.0037042725227782,0.5640368181886458,0.5450517467431633,0.0487531481462909,160,0.0928562369303265,0.1182773109243697
ele-fashion,44,1,STRICT_SHUFFLE_9919,G_D_text,0.0060785754275729,3349,13393,0.6088915012223475,3349,0.1525228901000358,0.0070434382457268,-0.0149268986224357,0.6088915012223475,0.5920773916266393,0.043239301003596,144,0.0147852951182866,-0.0573254186314702
ele-fashion,44,1,STRICT_SHUFFLE_9919,G_P_text,0.0046332585312143,3349,13393,0.5896581315305033,3349,0.0951000796943563,-0.0098130975113538,-0.0132692229304212,0.5896581315305033,0.565095240720626,0.0835835762034105,170,0.06480874646366,0.0714285714285714
ele-fashion,44,1,STRICT_SHUFFLE_9919,G_D_visual,0.0045061136976446,3349,13393,0.6073217566436944,3349,0.1109336041050031,0.0131513207313364,-0.0108024573435379,0.6073217566436944,0.5903437858492112,0.0535644417372998,155,0.0941501267660997,0.1578947368421052
ele-fashion,44,1,STRICT_SHUFFLE_9919,G_P_visual,0.0037492189250424,3349,13393,0.5609457469248437,3349,0.079634962550507,0.0457959334972038,-0.0033647293916017,0.5609457469248437,0.5413331983843315,0.0356107603744354,160,0.0590424436621068,0.0484848484848484
ele-fashion,44,1,RIDGE_TARGET_ONLY,G_D_text,0.0060785754275729,3349,13393,0.5036472002066572,3349,0.0232785804017978,0.0360518023839989,-0.0857743348171919,0.5036472002066572,0.5060016697303348,,144,,
ele-fashion,44,1,RIDGE_TARGET_ONLY,G_P_text,0.0046332585312143,3349,13393,0.528274174989743,3349,0.0349235356967221,0.0071296939578194,-0.0782583772253955,0.528274174989743,0.5112614821937838,,170,,
ele-fashion,44,1,RIDGE_TARGET_ONLY,G_D_visual,0.0045061136976446,3349,13393,0.4985151777833363,3349,-0.015197200288413,-0.007896669313791,-0.1200974251239759,0.4985151777833363,0.5017168088415835,,155,,
ele-fashion,44,1,RIDGE_TARGET_ONLY,G_P_visual,0.0037492189250424,3349,13393,0.502390278235754,3349,0.0047119849448115,0.0280554612248809,-0.0967508744889613,0.502390278235754,0.4975551818628541,,160,,
ele-fashion,44,1,RIDGE_ENDPOINT,G_D_text,0.0060785754275729,3349,13393,0.5409473286186538,3349,0.0812072614287358,0.0640146269293941,-0.1407967649211063,0.5409473286186538,0.5139892328599935,0.0576330470589092,144,0.015720090316774,0.0
ele-fashion,44,1,RIDGE_ENDPOINT,G_P_text,0.0046332585312143,3349,13393,0.542034191143039,3349,0.0511036439191904,0.0156808844462581,-0.1535813950579223,0.542034191143039,0.5337758544026681,0.0464873589482693,170,0.0495002807508647,0.0357142857142857
ele-fashion,44,1,RIDGE_ENDPOINT,G_D_visual,0.0045061136976446,3349,13393,0.4937097662236099,3349,-0.0195554738294885,0.0154223408392895,-0.1940784505298425,0.4937097662236099,0.4887517933590369,0.0466265522261361,155,0.048365715661594,0.0857142857142857
ele-fashion,44,1,RIDGE_ENDPOINT,G_P_visual,0.0037492189250424,3349,13393,0.4911178641244754,3349,-0.0059510603546796,0.0230616009591631,-0.1854808703051371,0.4911178641244754,0.4998227900253137,-0.0211124610443212,160,0.0473004119331007,0.0883116883116883
ele-fashion,44,1,RIDGE_ENDPOINT_LOCAL,G_D_text,0.0060785754275729,3349,13393,0.5337731038639657,3349,0.0719251365190019,0.0612804633105509,-0.1901097382757108,0.5337731038639657,0.5170149639285835,0.0552334879625206,144,-0.0537433741414081,0.0
ele-fashion,44,1,RIDGE_ENDPOINT_LOCAL,G_P_text,0.0046332585312143,3349,13393,0.5243661657187824,3349,0.0315063113755523,-0.0017297316040065,-0.1995837290188895,0.5243661657187824,0.5236719892826891,0.0594179583629188,170,0.0503738548384181,0.0999999999999999
ele-fashion,44,1,RIDGE_ENDPOINT_LOCAL,G_D_visual,0.0045061136976446,3349,13393,0.4816942606760568,3349,-0.0457851915971542,0.0025056387470502,-0.2503833949536334,0.4816942606760568,0.475519570973891,0.0266873701742193,155,0.0450005131635314,0.0
ele-fashion,44,1,RIDGE_ENDPOINT_LOCAL,G_P_visual,0.0037492189250424,3349,13393,0.4893672226994712,3349,-0.0114217667273484,0.0258677513365543,-0.2097025790739397,0.4893672226994712,0.4929504048112418,0.004385452248195,160,0.0097780263992463,0.0061789421651013
ele-fashion,44,1,DirectState,G_D_text,0.0060785754275729,3349,13393,0.6072693170203924,3349,0.1210571503072801,0.0292595293768677,0.0004441417191844,0.6072693170203924,0.5656920957361976,0.0201203868021336,144,0.0592511129413557,0.0857142857142857
ele-fashion,44,1,DirectState,G_P_text,0.0046332585312143,3349,13393,0.5187576210834881,3349,0.0181299912488364,-0.0037619458637501,-0.0007351775920154,0.5187576210834881,0.5100764775504272,0.0497237117688406,170,0.1203922689650342,0.1999999999999999
ele-fashion,44,1,DirectState,G_D_visual,0.0045061136976446,3349,13393,0.5484618442199931,3349,0.0460014118003363,-0.0552939316968228,-0.0065690234293314,0.5484618442199931,0.5404476137902482,-0.028368324561527,155,0.1026746355944677,0.2
ele-fashion,44,1,DirectState,G_P_visual,0.0037492189250424,3349,13393,0.5404791571743396,3349,0.0586025652265963,0.0317526049929762,0.0005488355537315,0.5404791571743396,0.5218104171569297,-0.0073793610969853,160,0.0109183805055172,-0.0136363636363636
ele-fashion,44,1,Frozen_Q_PAIR_text,G_D_text,0.0060785754275729,3349,13393,0.5971996450887092,3349,0.1177624316412204,0.0104415876474838,-0.0043749781537945,0.5971996450887092,0.5667469085654171,0.0098725948665645,144,-0.0168792669761587,-0.0226190476190476
ele-fashion,44,1,Frozen_Q_PAIR_text,G_P_text,0.0046332585312143,3349,13393,0.5318055604284346,3349,0.0345679437502816,0.0018045011118466,-0.0016048927119958,0.5318055604284346,0.5218232388360748,0.0173578886805764,170,-0.0163949339996533,-0.0636363636363636
ele-fashion,44,1,Frozen_Q_PAIR_visual,G_D_visual,0.0045061136976446,3349,13393,0.5739016664222811,3349,0.0625845254472771,-0.0333993677512636,-0.0083674281410135,0.5739016664222811,0.5576173194637317,0.0031715045086055,155,-0.0094543206352973,0.0
ele-fashion,44,1,Frozen_Q_PAIR_visual,G_P_visual,0.0037492189250424,3349,13393,0.539161973850889,3349,0.0465290933750332,0.0152606092006511,-0.001452408283777,0.539161973850889,0.5283239119379082,-0.0430310881241358,160,-0.0749427683828325,-0.1487012987012987
ele-fashion,44,1,Frozen_R_SHARED_text,G_D_text,0.0060785754275729,3349,13393,0.5637189312228341,3349,0.0992945948105712,0.0232349512042793,-0.0013133968963665,0.5637189312228341,0.5420023286373727,0.0217000311471312,144,0.0858396954239602,0.0928571428571428
ele-fashion,44,1,Frozen_R_SHARED_text,G_P_text,0.0046332585312143,3349,13393,0.5343789179439775,3349,0.0274447118999551,-0.0103641629450369,-0.0022043689985078,0.5343789179439775,0.526353107039214,0.013739495919764,170,0.036177458305298,0.0
ele-fashion,44,1,Frozen_R_SHARED_visual,G_D_visual,0.0045061136976446,3349,13393,0.5573219003999299,3349,0.0472657713263656,-0.0268487758575556,-0.0053320509435588,0.5573219003999299,0.5473719922601643,0.0043680694135255,155,-0.028221510077169,0.0044199569608786
ele-fashion,44,1,Frozen_R_SHARED_visual,G_P_visual,0.0037492189250424,3349,13393,0.5203221037166528,3349,0.0251930650172107,0.007389056002013,-0.0022151903773282,0.5203221037166528,0.5073661054361798,-0.0196164751180511,160,-0.0101934596299631,-0.0466284797811498
ele-fashion,44,1,Frozen_U_MODAL_text,G_D_text,0.0060785754275729,3349,13393,0.579788400989858,3349,0.1075085600935765,0.0167592125649803,-0.0010002904464021,0.579788400989858,0.5413108506265233,0.0232547817388316,144,-0.0086582958532047,-0.0220953803974128
ele-fashion,44,1,Frozen_U_MODAL_text,G_P_text,0.0046332585312143,3349,13393,0.5027260476908878,3349,-0.0134187509325952,-0.0018277986551689,-0.0011405354536146,0.5027260476908878,0.5039187494943145,-0.0444300362520631,170,0.1099914164170181,0.1636363636363636
ele-fashion,44,1,Frozen_U_MODAL_visual,G_D_visual,0.0045061136976446,3349,13393,0.5592608126252476,3349,0.0494894451820511,-0.0147921681715951,-0.0048033929126618,0.5592608126252476,0.544600192345843,0.0023854746515847,155,0.0264777089148963,0.0857142857142857
ele-fashion,44,1,Frozen_U_MODAL_visual,G_P_visual,0.0037492189250424,3349,13393,0.5225993681239489,3349,0.0322158247483172,0.0175096692663401,-0.0003363771855469,0.5225993681239489,0.5130370034454912,-0.0329780963355696,160,-0.0401746842045767,-0.0999999999999999
ele-fashion,44,2,SIM_ONLY,G_D_text,0.0055599868702373,3349,13394,0.5397504041369365,3349,0.0022888807230935,-0.033494777891207,-0.0011132605036865,0.5397504041369365,0.5055708522407045,0.0071564194558093,156,0.0507982034013701,0.0714285714285714
ele-fashion,44,2,SIM_ONLY,G_P_text,0.0048080854438453,3349,13394,0.5015073654011366,3349,-0.0060480775216048,0.0096428272271582,8.783910998599875e-05,0.5015073654011366,0.5105375857935424,-0.0093142278394947,152,-0.0406079641588257,-0.1263391200019156
ele-fashion,44,2,SIM_ONLY,G_D_visual,0.0044137216544679,3349,13394,0.5597939665753603,3349,0.07770789464356,0.0196415090264169,0.0003837445653266,0.5597939665753603,0.5391931437374693,0.0701554713921139,156,0.0424282852460944,0.0714285714285714
ele-fashion,44,2,SIM_ONLY,G_P_visual,0.0036367740122782,3349,13394,0.5806320274614037,3349,0.1124993074584518,0.0526646710173872,0.0018562784583738,0.5806320274614037,0.5483224689011872,0.0399083719484373,161,0.0941131007552355,0.1428571428571428
ele-fashion,44,2,TARGET_ONLY,G_D_text,0.0055599868702373,3349,13394,0.609429218302261,3349,0.1370727603145355,0.0109808774223018,-0.0078099171300325,0.609429218302261,0.5896261371340398,,156,,
ele-fashion,44,2,TARGET_ONLY,G_P_text,0.0048080854438453,3349,13394,0.5382390747803707,3349,0.0688267135916315,0.0224284924081745,-0.0024403971521091,0.5382390747803707,0.5346916161464897,,152,,
ele-fashion,44,2,TARGET_ONLY,G_D_visual,0.0044137216544679,3349,13394,0.611208556650193,3349,0.1311247470203103,0.0095600673184654,-0.0053089321215085,0.611208556650193,0.5840581457711675,,156,,
ele-fashion,44,2,TARGET_ONLY,G_P_visual,0.0036367740122782,3349,13394,0.5416766536692961,3349,0.0612521568666491,0.0092063160263222,-0.0044721584829821,0.5416766536692961,0.5271691056353802,,161,,
ele-fashion,44,2,ENDPOINT,G_D_text,0.0055599868702373,3349,13394,0.6279712511426104,3349,0.1489545084370323,0.0113474306913877,-0.0114825259880713,0.6279712511426104,0.6092315123594988,0.0920434025938019,156,0.1102569876991833,0.0952380952380952
ele-fashion,44,2,ENDPOINT,G_P_text,0.0048080854438453,3349,13394,0.5598709774033119,3349,0.0876206786889551,0.0327197594990488,-0.0028412373892401,0.5598709774033119,0.5477808858543743,0.0290073051238949,152,0.050771112919429,0.0
ele-fashion,44,2,ENDPOINT,G_D_visual,0.0044137216544679,3349,13394,0.6288905726390204,3349,0.1440830636542663,0.0199854112780509,-0.0080810611512083,0.6288905726390204,0.6109490351631818,0.0600163758231727,156,0.086488505806735,0.1608391608391608
ele-fashion,44,2,ENDPOINT,G_P_visual,0.0036367740122782,3349,13394,0.567528544993587,3349,0.0709612824469406,-0.0295757096863777,-0.0154056729702121,0.567528544993587,0.5498003669510109,0.0237766752819257,161,-0.0147327590308453,0.0
ele-fashion,44,2,ENDPOINT_LOCAL,G_D_text,0.0055599868702373,3349,13394,0.6249408738565543,3349,0.1686473069619972,0.0237879823469926,-0.0135892135852886,0.6249408738565543,0.5973491067404175,0.0922322824709899,156,0.1015488729641211,0.0549450549450549
ele-fashion,44,2,ENDPOINT_LOCAL,G_P_text,0.0048080854438453,3349,13394,0.5639592246463468,3349,0.0940810322690582,0.0209964904659646,-0.0093867207002871,0.5639592246463468,0.5494836803289085,0.0673372815061809,152,0.0597738114330256,0.1309523809523809
ele-fashion,44,2,ENDPOINT_LOCAL,G_D_visual,0.0044137216544679,3349,13394,0.6150014937783232,3349,0.1310446158372661,0.0239729939188201,-0.0095016643958545,0.6150014937783232,0.5924386021114467,0.0656416990249699,156,0.0240272886934929,0.0999999999999999
ele-fashion,44,2,ENDPOINT_LOCAL,G_P_visual,0.0036367740122782,3349,13394,0.5717106023446628,3349,0.0916645196898563,-0.0141911875846031,-0.0171370766368732,0.5717106023446628,0.5454822366891088,0.049115542929364,161,0.0034028398012474,-0.009090909090909
ele-fashion,44,2,STRICT_SHUFFLE_9917,G_D_text,0.0055599868702373,3349,13394,0.6056113587540479,3349,0.1468509714988524,0.0168328243283051,-0.0148997898796838,0.6056113587540479,0.5886697230334663,0.0453794583772866,156,0.0283366015593782,0.0
ele-fashion,44,2,STRICT_SHUFFLE_9917,G_P_text,0.0048080854438453,3349,13394,0.5537001834991226,3349,0.0810396458362067,0.017418767624601,-0.0097056374361597,0.5537001834991226,0.5422538793835403,0.0338923145132836,152,0.0295461219558493,0.0540069686411149
ele-fashion,44,2,STRICT_SHUFFLE_9917,G_D_visual,0.0044137216544679,3349,13394,0.6017079465407333,3349,0.1145129783154043,0.0218839556177926,-0.0088942828279257,0.6017079465407333,0.5806642094313204,0.0545699895607372,156,0.0132432432204424,0.0
ele-fashion,44,2,STRICT_SHUFFLE_9917,G_P_visual,0.0036367740122782,3349,13394,0.5559721562366691,3349,0.0746037395621287,-0.0167790968573491,-0.0166007870187463,0.5559721562366691,0.5360655632455475,0.0096224340991896,161,0.0104812755105825,0.0
ele-fashion,44,2,STRICT_SHUFFLE_9918,G_D_text,0.0055599868702373,3349,13394,0.6081928600123117,3349,0.1473416433622473,0.0109517151964621,-0.0164538973568131,0.6081928600123117,0.5869258266707359,0.0571062574589478,156,0.0048498660845711,0.0
ele-fashion,44,2,STRICT_SHUFFLE_9918,G_P_text,0.0048080854438453,3349,13394,0.5530177043335456,3349,0.0814205914414231,0.0156165861594016,-0.0101614708455155,0.5530177043335456,0.5405727594441861,0.0353382723757297,152,0.0307372356094103,0.0785714285714285
ele-fashion,44,2,STRICT_SHUFFLE_9918,G_D_visual,0.0044137216544679,3349,13394,0.6021729975271669,3349,0.1159480642985114,0.0175111169999932,-0.0097843281982374,0.6021729975271669,0.583405382641216,0.0418313963740047,156,-0.0085216400754853,-0.0083682740875572
ele-fashion,44,2,STRICT_SHUFFLE_9918,G_P_visual,0.0036367740122782,3349,13394,0.5564625894015074,3349,0.0740454368840555,-0.0161115722912825,-0.0165186537595412,0.5564625894015074,0.5339845215726391,0.0230377542375668,161,-0.0187087753154919,0.0
ele-fashion,44,2,STRICT_SHUFFLE_9919,G_D_text,0.0055599868702373,3349,13394,0.6082674870442275,3349,0.1486802669550763,0.0128072179115794,-0.0159966910938511,0.6082674870442275,0.591026414999068,0.0528183719611988,156,0.0460079105302441,0.0
ele-fashion,44,2,STRICT_SHUFFLE_9919,G_P_text,0.0048080854438453,3349,13394,0.5522250612081709,3349,0.0792369069682856,0.0144265305100004,-0.0102494471101393,0.5522250612081709,0.5393752861576029,0.0384590173115805,152,0.0094675254159913,0.0073284792740581
ele-fashion,44,2,STRICT_SHUFFLE_9919,G_D_visual,0.0044137216544679,3349,13394,0.6031646503658856,3349,0.1165919747059715,0.019057506684403,-0.0093924233115649,0.6031646503658856,0.586056029285254,0.0368298248669848,156,-0.0211791648539968,-0.0166666666666666
ele-fashion,44,2,STRICT_SHUFFLE_9919,G_P_visual,0.0036367740122782,3349,13394,0.5582520462655031,3349,0.0779717754126947,-0.0166394729070054,-0.0166764638728831,0.5582520462655031,0.5354058860540069,0.012099769057841,161,-0.0046115295040743,0.0
ele-fashion,44,2,RIDGE_TARGET_ONLY,G_D_text,0.0055599868702373,3349,13394,0.4958984834747534,3349,-0.0001452658804047,-0.0226478673728747,-0.1299298336225876,0.4958984834747534,0.4984519531862029,,156,,
ele-fashion,44,2,RIDGE_TARGET_ONLY,G_P_text,0.0048080854438453,3349,13394,0.5094033448285992,3349,0.0212724251816087,0.0139869686104915,-0.1447492510790788,0.5094033448285992,0.5183663920747867,,152,,
ele-fashion,44,2,RIDGE_TARGET_ONLY,G_D_visual,0.0044137216544679,3349,13394,0.5110692573222134,3349,0.0064356591198875,-0.0124724992997006,-0.105359957071607,0.5110692573222134,0.5030170722664756,,156,,
ele-fashion,44,2,RIDGE_TARGET_ONLY,G_P_visual,0.0036367740122782,3349,13394,0.4762664232691454,3349,-0.0238673228941983,-0.0305899956095149,-0.1496443653075558,0.4762664232691454,0.4900015836532741,,161,,
ele-fashion,44,2,RIDGE_ENDPOINT,G_D_text,0.0055599868702373,3349,13394,0.5078339819573371,3349,0.0160237612839956,-0.0010379023227524,-0.2423392478018742,0.5078339819573371,0.5066308531169224,0.0335132368343633,156,0.0717308881883894,0.0999999999999999
ele-fashion,44,2,RIDGE_ENDPOINT,G_P_text,0.0048080854438453,3349,13394,0.4826478328689131,3349,0.0076971255809433,0.0022213304436685,-0.2783733084108599,0.4826478328689131,0.4925729786973354,-0.0283921998010597,152,-0.0179507331151966,-0.0654478062960964
ele-fashion,44,2,RIDGE_ENDPOINT,G_D_visual,0.0044137216544679,3349,13394,0.5206980084155511,3349,0.0266249634249908,0.0018711767808999,-0.1964278356713764,0.5206980084155511,0.5242040681162916,-0.0239163719075508,156,0.0041156978880247,-0.0857142857142857
ele-fashion,44,2,RIDGE_ENDPOINT,G_P_visual,0.0036367740122782,3349,13394,0.4855088591846896,3349,-0.0193606231267527,-0.0213944925471296,-0.2383597168748639,0.4855088591846896,0.4865325269542068,-0.036406313098748,161,-0.0887900713286867,-0.0813186813186813
ele-fashion,44,2,RIDGE_ENDPOINT_LOCAL,G_D_text,0.0055599868702373,3349,13394,0.508193008523818,3349,0.0159261615834091,-0.001006426265999,-0.2977198041120299,0.508193008523818,0.5057622464444489,0.05637258214745,156,0.0742377578656319,0.1166666666666666
ele-fashion,44,2,RIDGE_ENDPOINT_LOCAL,G_P_text,0.0048080854438453,3349,13394,0.4856041678160738,3349,0.0122602362897367,-0.0119226240830387,-0.342050175906851,0.4856041678160738,0.4948423562691712,0.0050946580481947,152,0.032921082051313,0.0928571428571428
ele-fashion,44,2,RIDGE_ENDPOINT_LOCAL,G_D_visual,0.0044137216544679,3349,13394,0.5157465832070521,3349,0.0224513199199898,-0.0092578182227826,-0.2513350472893156,0.5157465832070521,0.5208851806391931,-0.0497916185709235,156,-0.0030866774814285,-0.0424242424242424
ele-fashion,44,2,RIDGE_ENDPOINT_LOCAL,G_P_visual,0.0036367740122782,3349,13394,0.4950043586132904,3349,-0.0131670124886559,-0.0139978043623487,-0.2706245482951854,0.4950043586132904,0.5035387873781407,-0.0546234360093895,161,0.0258504034410809,0.0
ele-fashion,44,2,DirectState,G_D_text,0.0055599868702373,3349,13394,0.6112577662235826,3349,0.1373441462808048,0.0191422925669765,-0.0005014776318714,0.6112577662235826,0.5669759047506603,0.0787580576536128,156,0.0895309949871717,0.1428571428571428
ele-fashion,44,2,DirectState,G_P_text,0.0048080854438453,3349,13394,0.5181030733416114,3349,0.0208857190697543,0.0228753825803812,0.0003813734716873,0.5181030733416114,0.5131259910278172,0.0131024902721938,152,0.09186830437856,0.1077882960413081
ele-fashion,44,2,DirectState,G_D_visual,0.0044137216544679,3349,13394,0.5893657381244624,3349,0.094017621100451,0.0218394600816882,0.0002976061049289,0.5893657381244624,0.5682707086268398,0.0518243371682004,156,0.115324683525906,0.1999999999999999
ele-fashion,44,2,DirectState,G_P_visual,0.0036367740122782,3349,13394,0.5318300040946711,3349,0.0337345485442144,0.0423531640168175,0.0005665582075017,0.5318300040946711,0.5174861715681449,-0.0576842261030243,161,-0.0377372343948944,-0.0666666666666666
ele-fashion,44,2,Frozen_Q_PAIR_text,G_D_text,0.0055599868702373,3349,13394,0.6058530612305515,3349,0.1469321829694795,0.0406225337022687,-0.0001660115046984,0.6058530612305515,0.5625781077703448,0.0621132541627909,156,0.0710653635878555,0.0857142857142857
ele-fashion,44,2,Frozen_Q_PAIR_text,G_P_text,0.0048080854438453,3349,13394,0.5348906277876856,3349,0.0615083567372894,0.0016472219894528,-0.0027946024754572,0.5348906277876856,0.517447105177742,0.0168189805782628,152,0.0339486266801732,0.0472638710189758
ele-fashion,44,2,Frozen_Q_PAIR_visual,G_D_visual,0.0044137216544679,3349,13394,0.6000412138838597,3349,0.107262650443786,0.0284127687587454,-0.0028571713367739,0.6000412138838597,0.5779635302121165,0.0580495237741437,156,0.1012419006453672,0.15
ele-fashion,44,2,Frozen_Q_PAIR_visual,G_P_visual,0.0036367740122782,3349,13394,0.5519081595238197,3349,0.0774164125923206,0.0199948563308539,-0.0036807757164152,0.5519081595238197,0.5315705203656385,-0.0148982335538245,161,-0.075495141830778,-0.1924770007183489
ele-fashion,44,2,Frozen_R_SHARED_text,G_D_text,0.0055599868702373,3349,13394,0.5779930452061599,3349,0.1288868896219186,0.0243264329455568,-0.0017474024642656,0.5779930452061599,0.5515799025318984,0.0674454632995424,156,0.0243281653421654,0.0818181818181818
ele-fashion,44,2,Frozen_R_SHARED_text,G_P_text,0.0048080854438453,3349,13394,0.5118070686928715,3349,0.0393741645728639,0.0331578622357972,0.0007986926947384,0.5118070686928715,0.5054940468470897,0.0221914845043917,152,0.0210496367716578,0.0601898101898101
ele-fashion,44,2,Frozen_R_SHARED_visual,G_D_visual,0.0044137216544679,3349,13394,0.5647180358434808,3349,0.0843464197929939,0.0196294409716729,-0.0012776528646838,0.5647180358434808,0.547763291927478,0.024030401797529,156,0.0473989895042309,0.0857142857142857
ele-fashion,44,2,Frozen_R_SHARED_visual,G_P_visual,0.0036367740122782,3349,13394,0.5577826571419195,3349,0.065086970651579,0.0188436599577711,-0.0011289355893271,0.5577826571419195,0.538069740666076,-0.0026388174908024,161,0.0069816373447096,-0.0766233766233766
ele-fashion,44,2,Frozen_U_MODAL_text,G_D_text,0.0055599868702373,3349,13394,0.586114396928188,3349,0.1316263713482379,0.0389144148166066,0.0010348879710565,0.586114396928188,0.5646513283982959,0.0501832906317428,156,0.0444849109264683,0.0857142857142857
ele-fashion,44,2,Frozen_U_MODAL_text,G_P_text,0.0048080854438453,3349,13394,0.5348415466088489,3349,0.049092206732468,0.036366586302422,0.0013120664427116,0.5348415466088489,0.5252411605513428,0.0260001584919995,152,0.0676351491913081,0.033008658008658
ele-fashion,44,2,Frozen_U_MODAL_visual,G_D_visual,0.0044137216544679,3349,13394,0.543309132924674,3349,0.0698005257404293,0.0279542798175268,0.000559332933781,0.543309132924674,0.527843128079793,0.0202368818866822,156,-0.0292836616440471,0.0
ele-fashion,44,2,Frozen_U_MODAL_visual,G_P_visual,0.0036367740122782,3349,13394,0.567019564538151,3349,0.0698757201434894,0.0247294114147373,6.69238482620127e-06,0.567019564538151,0.5496673258088403,-0.0105827330368594,161,0.0475231238622567,0.0285714285714285
