dataset,seed,fold,model,variant,best_epoch,epochs_run,best_inner_weighted_huber,final_train_weighted_huber,finite_gradients,parameter_count,input_dim,mask_kept_dimensions,feature_mean_fit_rows,target_mean_fit_rows,feature_stats_train_only,target_stats_train_only,checkpoint_path,initialization_seed,all_evidence_counts_equal,all_variants_init_bitwise_equal,shuffle_audit,input_h0_frozen,relation_state_dimensions,direct_utility_supervision,p13_h0_regression_max_abs_metric_diff,representation_dim,representation_stats_train_only,checkpoint_frozen,frozen_checkpoint,edge_alignment_verified,modality,representation
Grocery,42,0,ENDPOINT,ENDPOINT,5,34,0.693333089351654,0.531408429145813,True,198278,1542.0,1028.0,18349.0,18349.0,True,True,outputs/l0_relation_function_learnability_audit/checkpoints/Grocery/seed_42_fold_0_ENDPOINT.pt,812305.0,True,True,"{'eligible_groups': 0, 'changed_groups': 0, 'multiset_preserved': True}",,,,,,,,,,,
Grocery,42,0,ENDPOINT_LOCAL,ENDPOINT_LOCAL,5,34,0.6958109736442566,0.4879911541938782,True,198278,1542.0,1542.0,18349.0,18349.0,True,True,outputs/l0_relation_function_learnability_audit/checkpoints/Grocery/seed_42_fold_0_ENDPOINT_LOCAL.pt,812305.0,True,True,"{'eligible_groups': 0, 'changed_groups': 0, 'multiset_preserved': True}",,,,,,,,,,,
Grocery,42,0,ENDPOINT_LOCAL_SHUFFLED_TARGET,ENDPOINT_LOCAL_SHUFFLED_TARGET,5,34,0.6947953104972839,0.4891986548900604,True,198278,1542.0,1542.0,18349.0,18349.0,True,True,outputs/l0_relation_function_learnability_audit/checkpoints/Grocery/seed_42_fold_0_ENDPOINT_LOCAL_SHUFFLED_TARGET.pt,812305.0,True,True,"{'eligible_groups': 1541, 'changed_groups': 1541, 'multiset_preserved': True}",,,,,,,,,,,
Grocery,42,0,Frozen_Q_PAIR,,46,61,0.7933615446090698,,True,4355,,,,,,True,outputs/l0_relation_function_learnability_audit/checkpoints/Grocery/seed_42_fold_0_Q_PAIR_text.pt,,,,,,,,,64.0,True,True,outputs/e01_function_provenance_preservation/checkpoints/Grocery/seed_42_keep_edge.pt,True,text,Q_PAIR
Grocery,42,0,Frozen_Q_PAIR,,45,60,0.5820498466491699,,True,4355,,,,,,True,outputs/l0_relation_function_learnability_audit/checkpoints/Grocery/seed_42_fold_0_Q_PAIR_visual.pt,,,,,,,,,64.0,True,True,outputs/e01_function_provenance_preservation/checkpoints/Grocery/seed_42_keep_edge.pt,True,visual,Q_PAIR
Grocery,42,0,Frozen_R_SHARED,,37,52,0.7921978235244751,,True,4355,,,,,,True,outputs/l0_relation_function_learnability_audit/checkpoints/Grocery/seed_42_fold_0_R_SHARED_text.pt,,,,,,,,,64.0,True,True,outputs/e01_function_provenance_preservation/checkpoints/Grocery/seed_42_keep_edge.pt,True,text,R_SHARED
Grocery,42,0,Frozen_R_SHARED,,37,52,0.5808504819869995,,True,4355,,,,,,True,outputs/l0_relation_function_learnability_audit/checkpoints/Grocery/seed_42_fold_0_R_SHARED_visual.pt,,,,,,,,,64.0,True,True,outputs/e01_function_provenance_preservation/checkpoints/Grocery/seed_42_keep_edge.pt,True,visual,R_SHARED
Grocery,42,0,Frozen_U_MODAL,,20,35,0.7955062389373779,,True,4355,,,,,,True,outputs/l0_relation_function_learnability_audit/checkpoints/Grocery/seed_42_fold_0_U_MODAL_text.pt,,,,,,,,,64.0,True,True,outputs/e01_function_provenance_preservation/checkpoints/Grocery/seed_42_keep_edge.pt,True,text,U_MODAL
Grocery,42,0,Frozen_U_MODAL,,54,69,0.5802488327026367,,True,4355,,,,,,True,outputs/l0_relation_function_learnability_audit/checkpoints/Grocery/seed_42_fold_0_U_MODAL_visual.pt,,,,,,,,,64.0,True,True,outputs/e01_function_provenance_preservation/checkpoints/Grocery/seed_42_keep_edge.pt,True,visual,U_MODAL
Grocery,42,0,M0StateDirect,,8,34,0.686424732208252,0.6306867003440857,True,46899,,,,,,True,outputs/l0_relation_function_learnability_audit/checkpoints/Grocery/seed_42_fold_0_M0StateDirect.pt,,,,,True,"{'q': 32, 'r': 64, 'u': 64}",True,0.0,,,,,,,
Grocery,42,0,SIM_ONLY,SIM_ONLY,46,61,0.6851435899734497,0.7523242831230164,True,198278,1542.0,2.0,18349.0,18349.0,True,True,outputs/l0_relation_function_learnability_audit/checkpoints/Grocery/seed_42_fold_0_SIM_ONLY.pt,812305.0,True,True,"{'eligible_groups': 0, 'changed_groups': 0, 'multiset_preserved': True}",,,,,,,,,,,
Grocery,42,0,TARGET_ONLY,TARGET_ONLY,8,34,0.6853120923042297,0.6281614899635315,True,198278,1542.0,513.0,18349.0,18349.0,True,True,outputs/l0_relation_function_learnability_audit/checkpoints/Grocery/seed_42_fold_0_TARGET_ONLY.pt,812305.0,True,True,"{'eligible_groups': 0, 'changed_groups': 0, 'multiset_preserved': True}",,,,,,,,,,,
Grocery,42,1,ENDPOINT,ENDPOINT,3,34,0.6915140748023987,0.5153301358222961,True,198278,1542.0,1028.0,18349.0,18349.0,True,True,outputs/l0_relation_function_learnability_audit/checkpoints/Grocery/seed_42_fold_1_ENDPOINT.pt,812306.0,True,True,"{'eligible_groups': 0, 'changed_groups': 0, 'multiset_preserved': True}",,,,,,,,,,,
Grocery,42,1,ENDPOINT_LOCAL,ENDPOINT_LOCAL,6,34,0.6960131525993347,0.481102705001831,True,198278,1542.0,1542.0,18349.0,18349.0,True,True,outputs/l0_relation_function_learnability_audit/checkpoints/Grocery/seed_42_fold_1_ENDPOINT_LOCAL.pt,812306.0,True,True,"{'eligible_groups': 0, 'changed_groups': 0, 'multiset_preserved': True}",,,,,,,,,,,
Grocery,42,1,ENDPOINT_LOCAL_SHUFFLED_TARGET,ENDPOINT_LOCAL_SHUFFLED_TARGET,6,34,0.6949966549873352,0.4851003587245941,True,198278,1542.0,1542.0,18349.0,18349.0,True,True,outputs/l0_relation_function_learnability_audit/checkpoints/Grocery/seed_42_fold_1_ENDPOINT_LOCAL_SHUFFLED_TARGET.pt,812306.0,True,True,"{'eligible_groups': 1543, 'changed_groups': 1543, 'multiset_preserved': True}",,,,,,,,,,,
Grocery,42,1,Frozen_Q_PAIR,,85,100,0.7537955045700073,,True,4355,,,,,,True,outputs/l0_relation_function_learnability_audit/checkpoints/Grocery/seed_42_fold_1_Q_PAIR_text.pt,,,,,,,,,64.0,True,True,outputs/e01_function_provenance_preservation/checkpoints/Grocery/seed_42_keep_edge.pt,True,text,Q_PAIR
Grocery,42,1,Frozen_Q_PAIR,,33,48,0.5977891683578491,,True,4355,,,,,,True,outputs/l0_relation_function_learnability_audit/checkpoints/Grocery/seed_42_fold_1_Q_PAIR_visual.pt,,,,,,,,,64.0,True,True,outputs/e01_function_provenance_preservation/checkpoints/Grocery/seed_42_keep_edge.pt,True,visual,Q_PAIR
Grocery,42,1,Frozen_R_SHARED,,37,52,0.7630593776702881,,True,4355,,,,,,True,outputs/l0_relation_function_learnability_audit/checkpoints/Grocery/seed_42_fold_1_R_SHARED_text.pt,,,,,,,,,64.0,True,True,outputs/e01_function_provenance_preservation/checkpoints/Grocery/seed_42_keep_edge.pt,True,text,R_SHARED
Grocery,42,1,Frozen_R_SHARED,,41,56,0.5996419787406921,,True,4355,,,,,,True,outputs/l0_relation_function_learnability_audit/checkpoints/Grocery/seed_42_fold_1_R_SHARED_visual.pt,,,,,,,,,64.0,True,True,outputs/e01_function_provenance_preservation/checkpoints/Grocery/seed_42_keep_edge.pt,True,visual,R_SHARED
Grocery,42,1,Frozen_U_MODAL,,116,131,0.7618567943572998,,True,4355,,,,,,True,outputs/l0_relation_function_learnability_audit/checkpoints/Grocery/seed_42_fold_1_U_MODAL_text.pt,,,,,,,,,64.0,True,True,outputs/e01_function_provenance_preservation/checkpoints/Grocery/seed_42_keep_edge.pt,True,text,U_MODAL
Grocery,42,1,Frozen_U_MODAL,,76,91,0.5975337028503418,,True,4355,,,,,,True,outputs/l0_relation_function_learnability_audit/checkpoints/Grocery/seed_42_fold_1_U_MODAL_visual.pt,,,,,,,,,64.0,True,True,outputs/e01_function_provenance_preservation/checkpoints/Grocery/seed_42_keep_edge.pt,True,visual,U_MODAL
Grocery,42,1,M0StateDirect,,9,34,0.6822516322135925,0.5912700295448303,True,46899,,,,,,True,outputs/l0_relation_function_learnability_audit/checkpoints/Grocery/seed_42_fold_1_M0StateDirect.pt,,,,,True,"{'q': 32, 'r': 64, 'u': 64}",True,0.0,,,,,,,
Grocery,42,1,SIM_ONLY,SIM_ONLY,41,56,0.6842970848083496,0.7536910176277161,True,198278,1542.0,2.0,18349.0,18349.0,True,True,outputs/l0_relation_function_learnability_audit/checkpoints/Grocery/seed_42_fold_1_SIM_ONLY.pt,812306.0,True,True,"{'eligible_groups': 0, 'changed_groups': 0, 'multiset_preserved': True}",,,,,,,,,,,
Grocery,42,1,TARGET_ONLY,TARGET_ONLY,6,34,0.6910419464111328,0.6298463344573975,True,198278,1542.0,513.0,18349.0,18349.0,True,True,outputs/l0_relation_function_learnability_audit/checkpoints/Grocery/seed_42_fold_1_TARGET_ONLY.pt,812306.0,True,True,"{'eligible_groups': 0, 'changed_groups': 0, 'multiset_preserved': True}",,,,,,,,,,,
Grocery,42,2,ENDPOINT,ENDPOINT,3,34,0.760343074798584,0.5283969044685364,True,198278,1542.0,1028.0,18350.0,18350.0,True,True,outputs/l0_relation_function_learnability_audit/checkpoints/Grocery/seed_42_fold_2_ENDPOINT.pt,812307.0,True,True,"{'eligible_groups': 0, 'changed_groups': 0, 'multiset_preserved': True}",,,,,,,,,,,
Grocery,42,2,ENDPOINT_LOCAL,ENDPOINT_LOCAL,6,34,0.7633825540542603,0.4986630380153656,True,198278,1542.0,1542.0,18350.0,18350.0,True,True,outputs/l0_relation_function_learnability_audit/checkpoints/Grocery/seed_42_fold_2_ENDPOINT_LOCAL.pt,812307.0,True,True,"{'eligible_groups': 0, 'changed_groups': 0, 'multiset_preserved': True}",,,,,,,,,,,
Grocery,42,2,ENDPOINT_LOCAL_SHUFFLED_TARGET,ENDPOINT_LOCAL_SHUFFLED_TARGET,6,34,0.7618132829666138,0.4985400438308716,True,198278,1542.0,1542.0,18350.0,18350.0,True,True,outputs/l0_relation_function_learnability_audit/checkpoints/Grocery/seed_42_fold_2_ENDPOINT_LOCAL_SHUFFLED_TARGET.pt,812307.0,True,True,"{'eligible_groups': 1537, 'changed_groups': 1537, 'multiset_preserved': True}",,,,,,,,,,,
Grocery,42,2,Frozen_Q_PAIR,,41,56,0.8163436651229858,,True,4355,,,,,,True,outputs/l0_relation_function_learnability_audit/checkpoints/Grocery/seed_42_fold_2_Q_PAIR_text.pt,,,,,,,,,64.0,True,True,outputs/e01_function_provenance_preservation/checkpoints/Grocery/seed_42_keep_edge.pt,True,text,Q_PAIR
Grocery,42,2,Frozen_Q_PAIR,,25,40,0.6932271122932434,,True,4355,,,,,,True,outputs/l0_relation_function_learnability_audit/checkpoints/Grocery/seed_42_fold_2_Q_PAIR_visual.pt,,,,,,,,,64.0,True,True,outputs/e01_function_provenance_preservation/checkpoints/Grocery/seed_42_keep_edge.pt,True,visual,Q_PAIR
Grocery,42,2,Frozen_R_SHARED,,42,57,0.8179398775100708,,True,4355,,,,,,True,outputs/l0_relation_function_learnability_audit/checkpoints/Grocery/seed_42_fold_2_R_SHARED_text.pt,,,,,,,,,64.0,True,True,outputs/e01_function_provenance_preservation/checkpoints/Grocery/seed_42_keep_edge.pt,True,text,R_SHARED
Grocery,42,2,Frozen_R_SHARED,,11,34,0.690295934677124,,True,4355,,,,,,True,outputs/l0_relation_function_learnability_audit/checkpoints/Grocery/seed_42_fold_2_R_SHARED_visual.pt,,,,,,,,,64.0,True,True,outputs/e01_function_provenance_preservation/checkpoints/Grocery/seed_42_keep_edge.pt,True,visual,R_SHARED
Grocery,42,2,Frozen_U_MODAL,,100,115,0.8178919553756714,,True,4355,,,,,,True,outputs/l0_relation_function_learnability_audit/checkpoints/Grocery/seed_42_fold_2_U_MODAL_text.pt,,,,,,,,,64.0,True,True,outputs/e01_function_provenance_preservation/checkpoints/Grocery/seed_42_keep_edge.pt,True,text,U_MODAL
Grocery,42,2,Frozen_U_MODAL,,26,41,0.6914438605308533,,True,4355,,,,,,True,outputs/l0_relation_function_learnability_audit/checkpoints/Grocery/seed_42_fold_2_U_MODAL_visual.pt,,,,,,,,,64.0,True,True,outputs/e01_function_provenance_preservation/checkpoints/Grocery/seed_42_keep_edge.pt,True,visual,U_MODAL
Grocery,42,2,M0StateDirect,,8,34,0.7553318738937378,0.5936415195465088,True,46899,,,,,,True,outputs/l0_relation_function_learnability_audit/checkpoints/Grocery/seed_42_fold_2_M0StateDirect.pt,,,,,True,"{'q': 32, 'r': 64, 'u': 64}",True,0.0,,,,,,,
Grocery,42,2,SIM_ONLY,SIM_ONLY,34,49,0.7552530765533447,0.7471877336502075,True,198278,1542.0,2.0,18350.0,18350.0,True,True,outputs/l0_relation_function_learnability_audit/checkpoints/Grocery/seed_42_fold_2_SIM_ONLY.pt,812307.0,True,True,"{'eligible_groups': 0, 'changed_groups': 0, 'multiset_preserved': True}",,,,,,,,,,,
Grocery,42,2,TARGET_ONLY,TARGET_ONLY,2,34,0.7592442035675049,0.6200661659240723,True,198278,1542.0,513.0,18350.0,18350.0,True,True,outputs/l0_relation_function_learnability_audit/checkpoints/Grocery/seed_42_fold_2_TARGET_ONLY.pt,812307.0,True,True,"{'eligible_groups': 0, 'changed_groups': 0, 'multiset_preserved': True}",,,,,,,,,,,
Grocery,43,0,ENDPOINT,ENDPOINT,2,34,0.8572046756744385,0.5466101169586182,True,198278,1542.0,1028.0,18904.0,18904.0,True,True,outputs/l0_relation_function_learnability_audit/checkpoints/Grocery/seed_43_fold_0_ENDPOINT.pt,812336.0,True,True,"{'eligible_groups': 0, 'changed_groups': 0, 'multiset_preserved': True}",,,,,,,,,,,
Grocery,43,0,ENDPOINT_LOCAL,ENDPOINT_LOCAL,6,34,0.8626701235771179,0.5272718071937561,True,198278,1542.0,1542.0,18904.0,18904.0,True,True,outputs/l0_relation_function_learnability_audit/checkpoints/Grocery/seed_43_fold_0_ENDPOINT_LOCAL.pt,812336.0,True,True,"{'eligible_groups': 0, 'changed_groups': 0, 'multiset_preserved': True}",,,,,,,,,,,
Grocery,43,0,ENDPOINT_LOCAL_SHUFFLED_TARGET,ENDPOINT_LOCAL_SHUFFLED_TARGET,6,34,0.863314688205719,0.5337704420089722,True,198278,1542.0,1542.0,18904.0,18904.0,True,True,outputs/l0_relation_function_learnability_audit/checkpoints/Grocery/seed_43_fold_0_ENDPOINT_LOCAL_SHUFFLED_TARGET.pt,812336.0,True,True,"{'eligible_groups': 1513, 'changed_groups': 1513, 'multiset_preserved': True}",,,,,,,,,,,
Grocery,43,0,Frozen_Q_PAIR,,31,46,0.7816236615180969,,True,4355,,,,,,True,outputs/l0_relation_function_learnability_audit/checkpoints/Grocery/seed_43_fold_0_Q_PAIR_text.pt,,,,,,,,,64.0,True,True,outputs/e01_function_provenance_preservation/checkpoints/Grocery/seed_43_keep_edge.pt,True,text,Q_PAIR
Grocery,43,0,Frozen_Q_PAIR,,22,37,0.9278156757354736,,True,4355,,,,,,True,outputs/l0_relation_function_learnability_audit/checkpoints/Grocery/seed_43_fold_0_Q_PAIR_visual.pt,,,,,,,,,64.0,True,True,outputs/e01_function_provenance_preservation/checkpoints/Grocery/seed_43_keep_edge.pt,True,visual,Q_PAIR
Grocery,43,0,Frozen_R_SHARED,,7,34,0.7846508026123047,,True,4355,,,,,,True,outputs/l0_relation_function_learnability_audit/checkpoints/Grocery/seed_43_fold_0_R_SHARED_text.pt,,,,,,,,,64.0,True,True,outputs/e01_function_provenance_preservation/checkpoints/Grocery/seed_43_keep_edge.pt,True,text,R_SHARED
Grocery,43,0,Frozen_R_SHARED,,36,51,0.9271973371505736,,True,4355,,,,,,True,outputs/l0_relation_function_learnability_audit/checkpoints/Grocery/seed_43_fold_0_R_SHARED_visual.pt,,,,,,,,,64.0,True,True,outputs/e01_function_provenance_preservation/checkpoints/Grocery/seed_43_keep_edge.pt,True,visual,R_SHARED
Grocery,43,0,Frozen_U_MODAL,,25,40,0.7840246558189392,,True,4355,,,,,,True,outputs/l0_relation_function_learnability_audit/checkpoints/Grocery/seed_43_fold_0_U_MODAL_text.pt,,,,,,,,,64.0,True,True,outputs/e01_function_provenance_preservation/checkpoints/Grocery/seed_43_keep_edge.pt,True,text,U_MODAL
Grocery,43,0,Frozen_U_MODAL,,20,35,0.9261838793754578,,True,4355,,,,,,True,outputs/l0_relation_function_learnability_audit/checkpoints/Grocery/seed_43_fold_0_U_MODAL_visual.pt,,,,,,,,,64.0,True,True,outputs/e01_function_provenance_preservation/checkpoints/Grocery/seed_43_keep_edge.pt,True,visual,U_MODAL
Grocery,43,0,M0StateDirect,,3,34,0.8533807992935181,0.5887494683265686,True,46899,,,,,,True,outputs/l0_relation_function_learnability_audit/checkpoints/Grocery/seed_43_fold_0_M0StateDirect.pt,,,,,True,"{'q': 32, 'r': 64, 'u': 64}",True,0.0,,,,,,,
Grocery,43,0,SIM_ONLY,SIM_ONLY,8,34,0.8518069982528687,0.7883575558662415,True,198278,1542.0,2.0,18904.0,18904.0,True,True,outputs/l0_relation_function_learnability_audit/checkpoints/Grocery/seed_43_fold_0_SIM_ONLY.pt,812336.0,True,True,"{'eligible_groups': 0, 'changed_groups': 0, 'multiset_preserved': True}",,,,,,,,,,,
Grocery,43,0,TARGET_ONLY,TARGET_ONLY,1,34,0.8570197224617004,0.6548780202865601,True,198278,1542.0,513.0,18904.0,18904.0,True,True,outputs/l0_relation_function_learnability_audit/checkpoints/Grocery/seed_43_fold_0_TARGET_ONLY.pt,812336.0,True,True,"{'eligible_groups': 0, 'changed_groups': 0, 'multiset_preserved': True}",,,,,,,,,,,
Grocery,43,1,ENDPOINT,ENDPOINT,3,34,0.6599445939064026,0.558410108089447,True,198278,1542.0,1028.0,18904.0,18904.0,True,True,outputs/l0_relation_function_learnability_audit/checkpoints/Grocery/seed_43_fold_1_ENDPOINT.pt,812337.0,True,True,"{'eligible_groups': 0, 'changed_groups': 0, 'multiset_preserved': True}",,,,,,,,,,,
Grocery,43,1,ENDPOINT_LOCAL,ENDPOINT_LOCAL,7,34,0.6640213131904602,0.5180432796478271,True,198278,1542.0,1542.0,18904.0,18904.0,True,True,outputs/l0_relation_function_learnability_audit/checkpoints/Grocery/seed_43_fold_1_ENDPOINT_LOCAL.pt,812337.0,True,True,"{'eligible_groups': 0, 'changed_groups': 0, 'multiset_preserved': True}",,,,,,,,,,,
Grocery,43,1,ENDPOINT_LOCAL_SHUFFLED_TARGET,ENDPOINT_LOCAL_SHUFFLED_TARGET,7,34,0.6647482514381409,0.5210623741149902,True,198278,1542.0,1542.0,18904.0,18904.0,True,True,outputs/l0_relation_function_learnability_audit/checkpoints/Grocery/seed_43_fold_1_ENDPOINT_LOCAL_SHUFFLED_TARGET.pt,812337.0,True,True,"{'eligible_groups': 1519, 'changed_groups': 1519, 'multiset_preserved': True}",,,,,,,,,,,
Grocery,43,1,Frozen_Q_PAIR,,66,81,0.7226730585098267,,True,4355,,,,,,True,outputs/l0_relation_function_learnability_audit/checkpoints/Grocery/seed_43_fold_1_Q_PAIR_text.pt,,,,,,,,,64.0,True,True,outputs/e01_function_provenance_preservation/checkpoints/Grocery/seed_43_keep_edge.pt,True,text,Q_PAIR
Grocery,43,1,Frozen_Q_PAIR,,40,55,0.5844634175300598,,True,4355,,,,,,True,outputs/l0_relation_function_learnability_audit/checkpoints/Grocery/seed_43_fold_1_Q_PAIR_visual.pt,,,,,,,,,64.0,True,True,outputs/e01_function_provenance_preservation/checkpoints/Grocery/seed_43_keep_edge.pt,True,visual,Q_PAIR
Grocery,43,1,Frozen_R_SHARED,,28,43,0.7294421195983887,,True,4355,,,,,,True,outputs/l0_relation_function_learnability_audit/checkpoints/Grocery/seed_43_fold_1_R_SHARED_text.pt,,,,,,,,,64.0,True,True,outputs/e01_function_provenance_preservation/checkpoints/Grocery/seed_43_keep_edge.pt,True,text,R_SHARED
Grocery,43,1,Frozen_R_SHARED,,19,34,0.5821396112442017,,True,4355,,,,,,True,outputs/l0_relation_function_learnability_audit/checkpoints/Grocery/seed_43_fold_1_R_SHARED_visual.pt,,,,,,,,,64.0,True,True,outputs/e01_function_provenance_preservation/checkpoints/Grocery/seed_43_keep_edge.pt,True,visual,R_SHARED
Grocery,43,1,Frozen_U_MODAL,,89,104,0.7300406098365784,,True,4355,,,,,,True,outputs/l0_relation_function_learnability_audit/checkpoints/Grocery/seed_43_fold_1_U_MODAL_text.pt,,,,,,,,,64.0,True,True,outputs/e01_function_provenance_preservation/checkpoints/Grocery/seed_43_keep_edge.pt,True,text,U_MODAL
Grocery,43,1,Frozen_U_MODAL,,15,34,0.5816313624382019,,True,4355,,,,,,True,outputs/l0_relation_function_learnability_audit/checkpoints/Grocery/seed_43_fold_1_U_MODAL_visual.pt,,,,,,,,,64.0,True,True,outputs/e01_function_provenance_preservation/checkpoints/Grocery/seed_43_keep_edge.pt,True,visual,U_MODAL
Grocery,43,1,M0StateDirect,,7,34,0.6586093306541443,0.6416692733764648,True,46899,,,,,,True,outputs/l0_relation_function_learnability_audit/checkpoints/Grocery/seed_43_fold_1_M0StateDirect.pt,,,,,True,"{'q': 32, 'r': 64, 'u': 64}",True,0.0,,,,,,,
Grocery,43,1,SIM_ONLY,SIM_ONLY,23,38,0.6573675870895386,0.7787778377532959,True,198278,1542.0,2.0,18904.0,18904.0,True,True,outputs/l0_relation_function_learnability_audit/checkpoints/Grocery/seed_43_fold_1_SIM_ONLY.pt,812337.0,True,True,"{'eligible_groups': 0, 'changed_groups': 0, 'multiset_preserved': True}",,,,,,,,,,,
Grocery,43,1,TARGET_ONLY,TARGET_ONLY,8,34,0.6560660600662231,0.6418787837028503,True,198278,1542.0,513.0,18904.0,18904.0,True,True,outputs/l0_relation_function_learnability_audit/checkpoints/Grocery/seed_43_fold_1_TARGET_ONLY.pt,812337.0,True,True,"{'eligible_groups': 0, 'changed_groups': 0, 'multiset_preserved': True}",,,,,,,,,,,
Grocery,43,2,ENDPOINT,ENDPOINT,2,34,0.8895728588104248,0.5417967438697815,True,198278,1542.0,1028.0,18904.0,18904.0,True,True,outputs/l0_relation_function_learnability_audit/checkpoints/Grocery/seed_43_fold_2_ENDPOINT.pt,812338.0,True,True,"{'eligible_groups': 0, 'changed_groups': 0, 'multiset_preserved': True}",,,,,,,,,,,
Grocery,43,2,ENDPOINT_LOCAL,ENDPOINT_LOCAL,6,34,0.8920978903770447,0.5214164853096008,True,198278,1542.0,1542.0,18904.0,18904.0,True,True,outputs/l0_relation_function_learnability_audit/checkpoints/Grocery/seed_43_fold_2_ENDPOINT_LOCAL.pt,812338.0,True,True,"{'eligible_groups': 0, 'changed_groups': 0, 'multiset_preserved': True}",,,,,,,,,,,
Grocery,43,2,ENDPOINT_LOCAL_SHUFFLED_TARGET,ENDPOINT_LOCAL_SHUFFLED_TARGET,8,34,0.8909951448440552,0.525620698928833,True,198278,1542.0,1542.0,18904.0,18904.0,True,True,outputs/l0_relation_function_learnability_audit/checkpoints/Grocery/seed_43_fold_2_ENDPOINT_LOCAL_SHUFFLED_TARGET.pt,812338.0,True,True,"{'eligible_groups': 1522, 'changed_groups': 1521, 'multiset_preserved': True}",,,,,,,,,,,
Grocery,43,2,Frozen_Q_PAIR,,35,50,0.8297984004020691,,True,4355,,,,,,True,outputs/l0_relation_function_learnability_audit/checkpoints/Grocery/seed_43_fold_2_Q_PAIR_text.pt,,,,,,,,,64.0,True,True,outputs/e01_function_provenance_preservation/checkpoints/Grocery/seed_43_keep_edge.pt,True,text,Q_PAIR
Grocery,43,2,Frozen_Q_PAIR,,42,57,0.9295365810394288,,True,4355,,,,,,True,outputs/l0_relation_function_learnability_audit/checkpoints/Grocery/seed_43_fold_2_Q_PAIR_visual.pt,,,,,,,,,64.0,True,True,outputs/e01_function_provenance_preservation/checkpoints/Grocery/seed_43_keep_edge.pt,True,visual,Q_PAIR
Grocery,43,2,Frozen_R_SHARED,,61,76,0.836242139339447,,True,4355,,,,,,True,outputs/l0_relation_function_learnability_audit/checkpoints/Grocery/seed_43_fold_2_R_SHARED_text.pt,,,,,,,,,64.0,True,True,outputs/e01_function_provenance_preservation/checkpoints/Grocery/seed_43_keep_edge.pt,True,text,R_SHARED
Grocery,43,2,Frozen_R_SHARED,,10,34,0.9304649233818054,,True,4355,,,,,,True,outputs/l0_relation_function_learnability_audit/checkpoints/Grocery/seed_43_fold_2_R_SHARED_visual.pt,,,,,,,,,64.0,True,True,outputs/e01_function_provenance_preservation/checkpoints/Grocery/seed_43_keep_edge.pt,True,visual,R_SHARED
Grocery,43,2,Frozen_U_MODAL,,111,126,0.832960844039917,,True,4355,,,,,,True,outputs/l0_relation_function_learnability_audit/checkpoints/Grocery/seed_43_fold_2_U_MODAL_text.pt,,,,,,,,,64.0,True,True,outputs/e01_function_provenance_preservation/checkpoints/Grocery/seed_43_keep_edge.pt,True,text,U_MODAL
Grocery,43,2,Frozen_U_MODAL,,2,34,0.9240476489067078,,True,4355,,,,,,True,outputs/l0_relation_function_learnability_audit/checkpoints/Grocery/seed_43_fold_2_U_MODAL_visual.pt,,,,,,,,,64.0,True,True,outputs/e01_function_provenance_preservation/checkpoints/Grocery/seed_43_keep_edge.pt,True,visual,U_MODAL
Grocery,43,2,M0StateDirect,,4,34,0.8814464807510376,0.6050418019294739,True,46899,,,,,,True,outputs/l0_relation_function_learnability_audit/checkpoints/Grocery/seed_43_fold_2_M0StateDirect.pt,,,,,True,"{'q': 32, 'r': 64, 'u': 64}",True,0.0,,,,,,,
Grocery,43,2,SIM_ONLY,SIM_ONLY,60,75,0.8806398510932922,0.7595740556716919,True,198278,1542.0,2.0,18904.0,18904.0,True,True,outputs/l0_relation_function_learnability_audit/checkpoints/Grocery/seed_43_fold_2_SIM_ONLY.pt,812338.0,True,True,"{'eligible_groups': 0, 'changed_groups': 0, 'multiset_preserved': True}",,,,,,,,,,,
Grocery,43,2,TARGET_ONLY,TARGET_ONLY,2,34,0.8842292428016663,0.6396008729934692,True,198278,1542.0,513.0,18904.0,18904.0,True,True,outputs/l0_relation_function_learnability_audit/checkpoints/Grocery/seed_43_fold_2_TARGET_ONLY.pt,812338.0,True,True,"{'eligible_groups': 0, 'changed_groups': 0, 'multiset_preserved': True}",,,,,,,,,,,
Grocery,44,0,ENDPOINT,ENDPOINT,2,34,0.8887324333190918,0.5003506541252136,True,198278,1542.0,1028.0,18265.0,18265.0,True,True,outputs/l0_relation_function_learnability_audit/checkpoints/Grocery/seed_44_fold_0_ENDPOINT.pt,812367.0,True,True,"{'eligible_groups': 0, 'changed_groups': 0, 'multiset_preserved': True}",,,,,,,,,,,
Grocery,44,0,ENDPOINT_LOCAL,ENDPOINT_LOCAL,3,34,0.8930720686912537,0.4682983160018921,True,198278,1542.0,1542.0,18265.0,18265.0,True,True,outputs/l0_relation_function_learnability_audit/checkpoints/Grocery/seed_44_fold_0_ENDPOINT_LOCAL.pt,812367.0,True,True,"{'eligible_groups': 0, 'changed_groups': 0, 'multiset_preserved': True}",,,,,,,,,,,
Grocery,44,0,ENDPOINT_LOCAL_SHUFFLED_TARGET,ENDPOINT_LOCAL_SHUFFLED_TARGET,3,34,0.8937760591506958,0.4697792828083038,True,198278,1542.0,1542.0,18265.0,18265.0,True,True,outputs/l0_relation_function_learnability_audit/checkpoints/Grocery/seed_44_fold_0_ENDPOINT_LOCAL_SHUFFLED_TARGET.pt,812367.0,True,True,"{'eligible_groups': 1518, 'changed_groups': 1518, 'multiset_preserved': True}",,,,,,,,,,,
Grocery,44,0,Frozen_Q_PAIR,,16,34,0.9483048319816588,,True,4355,,,,,,True,outputs/l0_relation_function_learnability_audit/checkpoints/Grocery/seed_44_fold_0_Q_PAIR_text.pt,,,,,,,,,64.0,True,True,outputs/e01_function_provenance_preservation/checkpoints/Grocery/seed_44_keep_edge.pt,True,text,Q_PAIR
Grocery,44,0,Frozen_Q_PAIR,,16,34,0.820173978805542,,True,4355,,,,,,True,outputs/l0_relation_function_learnability_audit/checkpoints/Grocery/seed_44_fold_0_Q_PAIR_visual.pt,,,,,,,,,64.0,True,True,outputs/e01_function_provenance_preservation/checkpoints/Grocery/seed_44_keep_edge.pt,True,visual,Q_PAIR
Grocery,44,0,Frozen_R_SHARED,,11,34,0.9487340450286864,,True,4355,,,,,,True,outputs/l0_relation_function_learnability_audit/checkpoints/Grocery/seed_44_fold_0_R_SHARED_text.pt,,,,,,,,,64.0,True,True,outputs/e01_function_provenance_preservation/checkpoints/Grocery/seed_44_keep_edge.pt,True,text,R_SHARED
Grocery,44,0,Frozen_R_SHARED,,16,34,0.8166173696517944,,True,4355,,,,,,True,outputs/l0_relation_function_learnability_audit/checkpoints/Grocery/seed_44_fold_0_R_SHARED_visual.pt,,,,,,,,,64.0,True,True,outputs/e01_function_provenance_preservation/checkpoints/Grocery/seed_44_keep_edge.pt,True,visual,R_SHARED
Grocery,44,0,Frozen_U_MODAL,,33,48,0.9459664225578308,,True,4355,,,,,,True,outputs/l0_relation_function_learnability_audit/checkpoints/Grocery/seed_44_fold_0_U_MODAL_text.pt,,,,,,,,,64.0,True,True,outputs/e01_function_provenance_preservation/checkpoints/Grocery/seed_44_keep_edge.pt,True,text,U_MODAL
Grocery,44,0,Frozen_U_MODAL,,40,55,0.8146870136260986,,True,4355,,,,,,True,outputs/l0_relation_function_learnability_audit/checkpoints/Grocery/seed_44_fold_0_U_MODAL_visual.pt,,,,,,,,,64.0,True,True,outputs/e01_function_provenance_preservation/checkpoints/Grocery/seed_44_keep_edge.pt,True,visual,U_MODAL
Grocery,44,0,M0StateDirect,,5,34,0.8825247883796692,0.586264431476593,True,46899,,,,,,True,outputs/l0_relation_function_learnability_audit/checkpoints/Grocery/seed_44_fold_0_M0StateDirect.pt,,,,,True,"{'q': 32, 'r': 64, 'u': 64}",True,0.0,,,,,,,
Grocery,44,0,SIM_ONLY,SIM_ONLY,23,38,0.8794623017311096,0.7273152470588684,True,198278,1542.0,2.0,18265.0,18265.0,True,True,outputs/l0_relation_function_learnability_audit/checkpoints/Grocery/seed_44_fold_0_SIM_ONLY.pt,812367.0,True,True,"{'eligible_groups': 0, 'changed_groups': 0, 'multiset_preserved': True}",,,,,,,,,,,
Grocery,44,0,TARGET_ONLY,TARGET_ONLY,1,34,0.884633481502533,0.6036965250968933,True,198278,1542.0,513.0,18265.0,18265.0,True,True,outputs/l0_relation_function_learnability_audit/checkpoints/Grocery/seed_44_fold_0_TARGET_ONLY.pt,812367.0,True,True,"{'eligible_groups': 0, 'changed_groups': 0, 'multiset_preserved': True}",,,,,,,,,,,
Grocery,44,1,ENDPOINT,ENDPOINT,3,34,0.8238267302513123,0.5133787393569946,True,198278,1542.0,1028.0,18266.0,18266.0,True,True,outputs/l0_relation_function_learnability_audit/checkpoints/Grocery/seed_44_fold_1_ENDPOINT.pt,812368.0,True,True,"{'eligible_groups': 0, 'changed_groups': 0, 'multiset_preserved': True}",,,,,,,,,,,
Grocery,44,1,ENDPOINT_LOCAL,ENDPOINT_LOCAL,3,34,0.8286951780319214,0.4773954153060913,True,198278,1542.0,1542.0,18266.0,18266.0,True,True,outputs/l0_relation_function_learnability_audit/checkpoints/Grocery/seed_44_fold_1_ENDPOINT_LOCAL.pt,812368.0,True,True,"{'eligible_groups': 0, 'changed_groups': 0, 'multiset_preserved': True}",,,,,,,,,,,
Grocery,44,1,ENDPOINT_LOCAL_SHUFFLED_TARGET,ENDPOINT_LOCAL_SHUFFLED_TARGET,3,34,0.8280737996101379,0.478516161441803,True,198278,1542.0,1542.0,18266.0,18266.0,True,True,outputs/l0_relation_function_learnability_audit/checkpoints/Grocery/seed_44_fold_1_ENDPOINT_LOCAL_SHUFFLED_TARGET.pt,812368.0,True,True,"{'eligible_groups': 1520, 'changed_groups': 1518, 'multiset_preserved': True}",,,,,,,,,,,
Grocery,44,1,Frozen_Q_PAIR,,61,76,0.9321327805519104,,True,4355,,,,,,True,outputs/l0_relation_function_learnability_audit/checkpoints/Grocery/seed_44_fold_1_Q_PAIR_text.pt,,,,,,,,,64.0,True,True,outputs/e01_function_provenance_preservation/checkpoints/Grocery/seed_44_keep_edge.pt,True,text,Q_PAIR
Grocery,44,1,Frozen_Q_PAIR,,48,63,0.700653612613678,,True,4355,,,,,,True,outputs/l0_relation_function_learnability_audit/checkpoints/Grocery/seed_44_fold_1_Q_PAIR_visual.pt,,,,,,,,,64.0,True,True,outputs/e01_function_provenance_preservation/checkpoints/Grocery/seed_44_keep_edge.pt,True,visual,Q_PAIR
Grocery,44,1,Frozen_R_SHARED,,9,34,0.9358051419258118,,True,4355,,,,,,True,outputs/l0_relation_function_learnability_audit/checkpoints/Grocery/seed_44_fold_1_R_SHARED_text.pt,,,,,,,,,64.0,True,True,outputs/e01_function_provenance_preservation/checkpoints/Grocery/seed_44_keep_edge.pt,True,text,R_SHARED
Grocery,44,1,Frozen_R_SHARED,,38,53,0.701495885848999,,True,4355,,,,,,True,outputs/l0_relation_function_learnability_audit/checkpoints/Grocery/seed_44_fold_1_R_SHARED_visual.pt,,,,,,,,,64.0,True,True,outputs/e01_function_provenance_preservation/checkpoints/Grocery/seed_44_keep_edge.pt,True,visual,R_SHARED
Grocery,44,1,Frozen_U_MODAL,,23,38,0.9337050318717957,,True,4355,,,,,,True,outputs/l0_relation_function_learnability_audit/checkpoints/Grocery/seed_44_fold_1_U_MODAL_text.pt,,,,,,,,,64.0,True,True,outputs/e01_function_provenance_preservation/checkpoints/Grocery/seed_44_keep_edge.pt,True,text,U_MODAL
Grocery,44,1,Frozen_U_MODAL,,52,67,0.7033748030662537,,True,4355,,,,,,True,outputs/l0_relation_function_learnability_audit/checkpoints/Grocery/seed_44_fold_1_U_MODAL_visual.pt,,,,,,,,,64.0,True,True,outputs/e01_function_provenance_preservation/checkpoints/Grocery/seed_44_keep_edge.pt,True,visual,U_MODAL
Grocery,44,1,M0StateDirect,,9,34,0.817044198513031,0.6094617247581482,True,46899,,,,,,True,outputs/l0_relation_function_learnability_audit/checkpoints/Grocery/seed_44_fold_1_M0StateDirect.pt,,,,,True,"{'q': 32, 'r': 64, 'u': 64}",True,0.0,,,,,,,
Grocery,44,1,SIM_ONLY,SIM_ONLY,40,55,0.8160082101821899,0.7257881760597229,True,198278,1542.0,2.0,18266.0,18266.0,True,True,outputs/l0_relation_function_learnability_audit/checkpoints/Grocery/seed_44_fold_1_SIM_ONLY.pt,812368.0,True,True,"{'eligible_groups': 0, 'changed_groups': 0, 'multiset_preserved': True}",,,,,,,,,,,
Grocery,44,1,TARGET_ONLY,TARGET_ONLY,4,34,0.8206858038902283,0.6013773083686829,True,198278,1542.0,513.0,18266.0,18266.0,True,True,outputs/l0_relation_function_learnability_audit/checkpoints/Grocery/seed_44_fold_1_TARGET_ONLY.pt,812368.0,True,True,"{'eligible_groups': 0, 'changed_groups': 0, 'multiset_preserved': True}",,,,,,,,,,,
Grocery,44,2,ENDPOINT,ENDPOINT,3,34,0.7776700258255005,0.5146529674530029,True,198278,1542.0,1028.0,18265.0,18265.0,True,True,outputs/l0_relation_function_learnability_audit/checkpoints/Grocery/seed_44_fold_2_ENDPOINT.pt,812369.0,True,True,"{'eligible_groups': 0, 'changed_groups': 0, 'multiset_preserved': True}",,,,,,,,,,,
Grocery,44,2,ENDPOINT_LOCAL,ENDPOINT_LOCAL,6,34,0.7819311618804932,0.4802664518356323,True,198278,1542.0,1542.0,18265.0,18265.0,True,True,outputs/l0_relation_function_learnability_audit/checkpoints/Grocery/seed_44_fold_2_ENDPOINT_LOCAL.pt,812369.0,True,True,"{'eligible_groups': 0, 'changed_groups': 0, 'multiset_preserved': True}",,,,,,,,,,,
Grocery,44,2,ENDPOINT_LOCAL_SHUFFLED_TARGET,ENDPOINT_LOCAL_SHUFFLED_TARGET,6,34,0.7841822504997253,0.4865665137767792,True,198278,1542.0,1542.0,18265.0,18265.0,True,True,outputs/l0_relation_function_learnability_audit/checkpoints/Grocery/seed_44_fold_2_ENDPOINT_LOCAL_SHUFFLED_TARGET.pt,812369.0,True,True,"{'eligible_groups': 1529, 'changed_groups': 1529, 'multiset_preserved': True}",,,,,,,,,,,
Grocery,44,2,Frozen_Q_PAIR,,47,62,0.7434353828430176,,True,4355,,,,,,True,outputs/l0_relation_function_learnability_audit/checkpoints/Grocery/seed_44_fold_2_Q_PAIR_text.pt,,,,,,,,,64.0,True,True,outputs/e01_function_provenance_preservation/checkpoints/Grocery/seed_44_keep_edge.pt,True,text,Q_PAIR
Grocery,44,2,Frozen_Q_PAIR,,60,75,0.8048082590103149,,True,4355,,,,,,True,outputs/l0_relation_function_learnability_audit/checkpoints/Grocery/seed_44_fold_2_Q_PAIR_visual.pt,,,,,,,,,64.0,True,True,outputs/e01_function_provenance_preservation/checkpoints/Grocery/seed_44_keep_edge.pt,True,visual,Q_PAIR
Grocery,44,2,Frozen_R_SHARED,,25,40,0.7487396597862244,,True,4355,,,,,,True,outputs/l0_relation_function_learnability_audit/checkpoints/Grocery/seed_44_fold_2_R_SHARED_text.pt,,,,,,,,,64.0,True,True,outputs/e01_function_provenance_preservation/checkpoints/Grocery/seed_44_keep_edge.pt,True,text,R_SHARED
Grocery,44,2,Frozen_R_SHARED,,63,78,0.8068639636039734,,True,4355,,,,,,True,outputs/l0_relation_function_learnability_audit/checkpoints/Grocery/seed_44_fold_2_R_SHARED_visual.pt,,,,,,,,,64.0,True,True,outputs/e01_function_provenance_preservation/checkpoints/Grocery/seed_44_keep_edge.pt,True,visual,R_SHARED
Grocery,44,2,Frozen_U_MODAL,,56,71,0.7465906739234924,,True,4355,,,,,,True,outputs/l0_relation_function_learnability_audit/checkpoints/Grocery/seed_44_fold_2_U_MODAL_text.pt,,,,,,,,,64.0,True,True,outputs/e01_function_provenance_preservation/checkpoints/Grocery/seed_44_keep_edge.pt,True,text,U_MODAL
Grocery,44,2,Frozen_U_MODAL,,106,121,0.8047230243682861,,True,4355,,,,,,True,outputs/l0_relation_function_learnability_audit/checkpoints/Grocery/seed_44_fold_2_U_MODAL_visual.pt,,,,,,,,,64.0,True,True,outputs/e01_function_provenance_preservation/checkpoints/Grocery/seed_44_keep_edge.pt,True,visual,U_MODAL
Grocery,44,2,M0StateDirect,,5,34,0.7784207463264465,0.612804114818573,True,46899,,,,,,True,outputs/l0_relation_function_learnability_audit/checkpoints/Grocery/seed_44_fold_2_M0StateDirect.pt,,,,,True,"{'q': 32, 'r': 64, 'u': 64}",True,0.0,,,,,,,
Grocery,44,2,SIM_ONLY,SIM_ONLY,22,37,0.7762575745582581,0.728458821773529,True,198278,1542.0,2.0,18265.0,18265.0,True,True,outputs/l0_relation_function_learnability_audit/checkpoints/Grocery/seed_44_fold_2_SIM_ONLY.pt,812369.0,True,True,"{'eligible_groups': 0, 'changed_groups': 0, 'multiset_preserved': True}",,,,,,,,,,,
Grocery,44,2,TARGET_ONLY,TARGET_ONLY,8,34,0.7756645083427429,0.6044803261756897,True,198278,1542.0,513.0,18265.0,18265.0,True,True,outputs/l0_relation_function_learnability_audit/checkpoints/Grocery/seed_44_fold_2_TARGET_ONLY.pt,812369.0,True,True,"{'eligible_groups': 0, 'changed_groups': 0, 'multiset_preserved': True}",,,,,,,,,,,
Movies,42,0,ENDPOINT,ENDPOINT,5,34,1.064752459526062,0.7049472332000732,True,198278,1542.0,1028.0,21068.0,21068.0,True,True,outputs/l0_relation_function_learnability_audit/checkpoints/Movies/seed_42_fold_0_ENDPOINT.pt,812305.0,True,True,"{'eligible_groups': 0, 'changed_groups': 0, 'multiset_preserved': True}",,,,,,,,,,,
Movies,42,0,ENDPOINT_LOCAL,ENDPOINT_LOCAL,6,34,1.0602829456329346,0.6481235027313232,True,198278,1542.0,1542.0,21068.0,21068.0,True,True,outputs/l0_relation_function_learnability_audit/checkpoints/Movies/seed_42_fold_0_ENDPOINT_LOCAL.pt,812305.0,True,True,"{'eligible_groups': 0, 'changed_groups': 0, 'multiset_preserved': True}",,,,,,,,,,,
Movies,42,0,ENDPOINT_LOCAL_SHUFFLED_TARGET,ENDPOINT_LOCAL_SHUFFLED_TARGET,6,34,1.0613869428634644,0.6460009813308716,True,198278,1542.0,1542.0,21068.0,21068.0,True,True,outputs/l0_relation_function_learnability_audit/checkpoints/Movies/seed_42_fold_0_ENDPOINT_LOCAL_SHUFFLED_TARGET.pt,812305.0,True,True,"{'eligible_groups': 1576, 'changed_groups': 1576, 'multiset_preserved': True}",,,,,,,,,,,
Movies,42,0,Frozen_Q_PAIR,,46,61,1.0541975498199463,,True,4355,,,,,,True,outputs/l0_relation_function_learnability_audit/checkpoints/Movies/seed_42_fold_0_Q_PAIR_text.pt,,,,,,,,,64.0,True,True,outputs/e01_function_provenance_preservation/checkpoints/Movies/seed_42_keep_edge.pt,True,text,Q_PAIR
Movies,42,0,Frozen_Q_PAIR,,10,34,1.0702800750732422,,True,4355,,,,,,True,outputs/l0_relation_function_learnability_audit/checkpoints/Movies/seed_42_fold_0_Q_PAIR_visual.pt,,,,,,,,,64.0,True,True,outputs/e01_function_provenance_preservation/checkpoints/Movies/seed_42_keep_edge.pt,True,visual,Q_PAIR
Movies,42,0,Frozen_R_SHARED,,26,41,1.053489089012146,,True,4355,,,,,,True,outputs/l0_relation_function_learnability_audit/checkpoints/Movies/seed_42_fold_0_R_SHARED_text.pt,,,,,,,,,64.0,True,True,outputs/e01_function_provenance_preservation/checkpoints/Movies/seed_42_keep_edge.pt,True,text,R_SHARED
Movies,42,0,Frozen_R_SHARED,,16,34,1.0702720880508425,,True,4355,,,,,,True,outputs/l0_relation_function_learnability_audit/checkpoints/Movies/seed_42_fold_0_R_SHARED_visual.pt,,,,,,,,,64.0,True,True,outputs/e01_function_provenance_preservation/checkpoints/Movies/seed_42_keep_edge.pt,True,visual,R_SHARED
Movies,42,0,Frozen_U_MODAL,,35,50,1.0569651126861572,,True,4355,,,,,,True,outputs/l0_relation_function_learnability_audit/checkpoints/Movies/seed_42_fold_0_U_MODAL_text.pt,,,,,,,,,64.0,True,True,outputs/e01_function_provenance_preservation/checkpoints/Movies/seed_42_keep_edge.pt,True,text,U_MODAL
Movies,42,0,Frozen_U_MODAL,,24,39,1.0631941556930542,,True,4355,,,,,,True,outputs/l0_relation_function_learnability_audit/checkpoints/Movies/seed_42_fold_0_U_MODAL_visual.pt,,,,,,,,,64.0,True,True,outputs/e01_function_provenance_preservation/checkpoints/Movies/seed_42_keep_edge.pt,True,visual,U_MODAL
Movies,42,0,M0StateDirect,,12,34,1.058663010597229,0.8613603115081787,True,46899,,,,,,True,outputs/l0_relation_function_learnability_audit/checkpoints/Movies/seed_42_fold_0_M0StateDirect.pt,,,,,True,"{'q': 32, 'r': 64, 'u': 64}",True,2.220446049250313e-16,,,,,,,
Movies,42,0,SIM_ONLY,SIM_ONLY,37,52,1.0607919692993164,0.9692266583442688,True,198278,1542.0,2.0,21068.0,21068.0,True,True,outputs/l0_relation_function_learnability_audit/checkpoints/Movies/seed_42_fold_0_SIM_ONLY.pt,812305.0,True,True,"{'eligible_groups': 0, 'changed_groups': 0, 'multiset_preserved': True}",,,,,,,,,,,
Movies,42,0,TARGET_ONLY,TARGET_ONLY,6,34,1.0655468702316284,0.8082433938980103,True,198278,1542.0,513.0,21068.0,21068.0,True,True,outputs/l0_relation_function_learnability_audit/checkpoints/Movies/seed_42_fold_0_TARGET_ONLY.pt,812305.0,True,True,"{'eligible_groups': 0, 'changed_groups': 0, 'multiset_preserved': True}",,,,,,,,,,,
Movies,42,1,ENDPOINT,ENDPOINT,3,34,0.9804486632347108,0.7066866755485535,True,198278,1542.0,1028.0,21067.0,21067.0,True,True,outputs/l0_relation_function_learnability_audit/checkpoints/Movies/seed_42_fold_1_ENDPOINT.pt,812306.0,True,True,"{'eligible_groups': 0, 'changed_groups': 0, 'multiset_preserved': True}",,,,,,,,,,,
Movies,42,1,ENDPOINT_LOCAL,ENDPOINT_LOCAL,3,34,0.9625184535980223,0.6298628449440002,True,198278,1542.0,1542.0,21067.0,21067.0,True,True,outputs/l0_relation_function_learnability_audit/checkpoints/Movies/seed_42_fold_1_ENDPOINT_LOCAL.pt,812306.0,True,True,"{'eligible_groups': 0, 'changed_groups': 0, 'multiset_preserved': True}",,,,,,,,,,,
Movies,42,1,ENDPOINT_LOCAL_SHUFFLED_TARGET,ENDPOINT_LOCAL_SHUFFLED_TARGET,3,34,0.9627924561500548,0.6316831111907959,True,198278,1542.0,1542.0,21067.0,21067.0,True,True,outputs/l0_relation_function_learnability_audit/checkpoints/Movies/seed_42_fold_1_ENDPOINT_LOCAL_SHUFFLED_TARGET.pt,812306.0,True,True,"{'eligible_groups': 1580, 'changed_groups': 1580, 'multiset_preserved': True}",,,,,,,,,,,
Movies,42,1,Frozen_Q_PAIR,,63,78,0.9271429777145386,,True,4355,,,,,,True,outputs/l0_relation_function_learnability_audit/checkpoints/Movies/seed_42_fold_1_Q_PAIR_text.pt,,,,,,,,,64.0,True,True,outputs/e01_function_provenance_preservation/checkpoints/Movies/seed_42_keep_edge.pt,True,text,Q_PAIR
Movies,42,1,Frozen_Q_PAIR,,11,34,1.0180891752243042,,True,4355,,,,,,True,outputs/l0_relation_function_learnability_audit/checkpoints/Movies/seed_42_fold_1_Q_PAIR_visual.pt,,,,,,,,,64.0,True,True,outputs/e01_function_provenance_preservation/checkpoints/Movies/seed_42_keep_edge.pt,True,visual,Q_PAIR
Movies,42,1,Frozen_R_SHARED,,17,34,0.921662211418152,,True,4355,,,,,,True,outputs/l0_relation_function_learnability_audit/checkpoints/Movies/seed_42_fold_1_R_SHARED_text.pt,,,,,,,,,64.0,True,True,outputs/e01_function_provenance_preservation/checkpoints/Movies/seed_42_keep_edge.pt,True,text,R_SHARED
Movies,42,1,Frozen_R_SHARED,,22,37,1.01729154586792,,True,4355,,,,,,True,outputs/l0_relation_function_learnability_audit/checkpoints/Movies/seed_42_fold_1_R_SHARED_visual.pt,,,,,,,,,64.0,True,True,outputs/e01_function_provenance_preservation/checkpoints/Movies/seed_42_keep_edge.pt,True,visual,R_SHARED
Movies,42,1,Frozen_U_MODAL,,36,51,0.9267699718475342,,True,4355,,,,,,True,outputs/l0_relation_function_learnability_audit/checkpoints/Movies/seed_42_fold_1_U_MODAL_text.pt,,,,,,,,,64.0,True,True,outputs/e01_function_provenance_preservation/checkpoints/Movies/seed_42_keep_edge.pt,True,text,U_MODAL
Movies,42,1,Frozen_U_MODAL,,48,63,1.0122774839401243,,True,4355,,,,,,True,outputs/l0_relation_function_learnability_audit/checkpoints/Movies/seed_42_fold_1_U_MODAL_visual.pt,,,,,,,,,64.0,True,True,outputs/e01_function_provenance_preservation/checkpoints/Movies/seed_42_keep_edge.pt,True,visual,U_MODAL
Movies,42,1,M0StateDirect,,25,40,0.9570276141166688,0.7863728404045105,True,46899,,,,,,True,outputs/l0_relation_function_learnability_audit/checkpoints/Movies/seed_42_fold_1_M0StateDirect.pt,,,,,True,"{'q': 32, 'r': 64, 'u': 64}",True,2.220446049250313e-16,,,,,,,
Movies,42,1,SIM_ONLY,SIM_ONLY,53,68,0.9772068858146667,0.9767441153526306,True,198278,1542.0,2.0,21067.0,21067.0,True,True,outputs/l0_relation_function_learnability_audit/checkpoints/Movies/seed_42_fold_1_SIM_ONLY.pt,812306.0,True,True,"{'eligible_groups': 0, 'changed_groups': 0, 'multiset_preserved': True}",,,,,,,,,,,
Movies,42,1,TARGET_ONLY,TARGET_ONLY,2,34,0.9765772223472596,0.7951123118400574,True,198278,1542.0,513.0,21067.0,21067.0,True,True,outputs/l0_relation_function_learnability_audit/checkpoints/Movies/seed_42_fold_1_TARGET_ONLY.pt,812306.0,True,True,"{'eligible_groups': 0, 'changed_groups': 0, 'multiset_preserved': True}",,,,,,,,,,,
Movies,42,2,ENDPOINT,ENDPOINT,3,34,0.9617102146148682,0.7276324033737183,True,198278,1542.0,1028.0,21067.0,21067.0,True,True,outputs/l0_relation_function_learnability_audit/checkpoints/Movies/seed_42_fold_2_ENDPOINT.pt,812307.0,True,True,"{'eligible_groups': 0, 'changed_groups': 0, 'multiset_preserved': True}",,,,,,,,,,,
Movies,42,2,ENDPOINT_LOCAL,ENDPOINT_LOCAL,6,34,0.9553429484367372,0.6673624515533447,True,198278,1542.0,1542.0,21067.0,21067.0,True,True,outputs/l0_relation_function_learnability_audit/checkpoints/Movies/seed_42_fold_2_ENDPOINT_LOCAL.pt,812307.0,True,True,"{'eligible_groups': 0, 'changed_groups': 0, 'multiset_preserved': True}",,,,,,,,,,,
Movies,42,2,ENDPOINT_LOCAL_SHUFFLED_TARGET,ENDPOINT_LOCAL_SHUFFLED_TARGET,6,34,0.953236162662506,0.6702014803886414,True,198278,1542.0,1542.0,21067.0,21067.0,True,True,outputs/l0_relation_function_learnability_audit/checkpoints/Movies/seed_42_fold_2_ENDPOINT_LOCAL_SHUFFLED_TARGET.pt,812307.0,True,True,"{'eligible_groups': 1574, 'changed_groups': 1574, 'multiset_preserved': True}",,,,,,,,,,,
Movies,42,2,Frozen_Q_PAIR,,41,56,0.9980523586273192,,True,4355,,,,,,True,outputs/l0_relation_function_learnability_audit/checkpoints/Movies/seed_42_fold_2_Q_PAIR_text.pt,,,,,,,,,64.0,True,True,outputs/e01_function_provenance_preservation/checkpoints/Movies/seed_42_keep_edge.pt,True,text,Q_PAIR
Movies,42,2,Frozen_Q_PAIR,,32,47,0.9128292798995972,,True,4355,,,,,,True,outputs/l0_relation_function_learnability_audit/checkpoints/Movies/seed_42_fold_2_Q_PAIR_visual.pt,,,,,,,,,64.0,True,True,outputs/e01_function_provenance_preservation/checkpoints/Movies/seed_42_keep_edge.pt,True,visual,Q_PAIR
Movies,42,2,Frozen_R_SHARED,,30,45,0.9964119791984558,,True,4355,,,,,,True,outputs/l0_relation_function_learnability_audit/checkpoints/Movies/seed_42_fold_2_R_SHARED_text.pt,,,,,,,,,64.0,True,True,outputs/e01_function_provenance_preservation/checkpoints/Movies/seed_42_keep_edge.pt,True,text,R_SHARED
Movies,42,2,Frozen_R_SHARED,,4,34,0.9127946496009828,,True,4355,,,,,,True,outputs/l0_relation_function_learnability_audit/checkpoints/Movies/seed_42_fold_2_R_SHARED_visual.pt,,,,,,,,,64.0,True,True,outputs/e01_function_provenance_preservation/checkpoints/Movies/seed_42_keep_edge.pt,True,visual,R_SHARED
Movies,42,2,Frozen_U_MODAL,,79,94,0.996372401714325,,True,4355,,,,,,True,outputs/l0_relation_function_learnability_audit/checkpoints/Movies/seed_42_fold_2_U_MODAL_text.pt,,,,,,,,,64.0,True,True,outputs/e01_function_provenance_preservation/checkpoints/Movies/seed_42_keep_edge.pt,True,text,U_MODAL
Movies,42,2,Frozen_U_MODAL,,37,52,0.908796727657318,,True,4355,,,,,,True,outputs/l0_relation_function_learnability_audit/checkpoints/Movies/seed_42_fold_2_U_MODAL_visual.pt,,,,,,,,,64.0,True,True,outputs/e01_function_provenance_preservation/checkpoints/Movies/seed_42_keep_edge.pt,True,visual,U_MODAL
Movies,42,2,M0StateDirect,,8,34,0.9550842046737672,0.8472927808761597,True,46899,,,,,,True,outputs/l0_relation_function_learnability_audit/checkpoints/Movies/seed_42_fold_2_M0StateDirect.pt,,,,,True,"{'q': 32, 'r': 64, 'u': 64}",True,2.220446049250313e-16,,,,,,,
Movies,42,2,SIM_ONLY,SIM_ONLY,42,57,0.9562292695045472,0.9923384189605712,True,198278,1542.0,2.0,21067.0,21067.0,True,True,outputs/l0_relation_function_learnability_audit/checkpoints/Movies/seed_42_fold_2_SIM_ONLY.pt,812307.0,True,True,"{'eligible_groups': 0, 'changed_groups': 0, 'multiset_preserved': True}",,,,,,,,,,,
Movies,42,2,TARGET_ONLY,TARGET_ONLY,6,34,0.9549660086631776,0.826949954032898,True,198278,1542.0,513.0,21067.0,21067.0,True,True,outputs/l0_relation_function_learnability_audit/checkpoints/Movies/seed_42_fold_2_TARGET_ONLY.pt,812307.0,True,True,"{'eligible_groups': 0, 'changed_groups': 0, 'multiset_preserved': True}",,,,,,,,,,,
Movies,43,0,ENDPOINT,ENDPOINT,3,34,1.188808560371399,0.7148851752281189,True,198278,1542.0,1028.0,20844.0,20844.0,True,True,outputs/l0_relation_function_learnability_audit/checkpoints/Movies/seed_43_fold_0_ENDPOINT.pt,812336.0,True,True,"{'eligible_groups': 0, 'changed_groups': 0, 'multiset_preserved': True}",,,,,,,,,,,
Movies,43,0,ENDPOINT_LOCAL,ENDPOINT_LOCAL,7,34,1.1752787828445437,0.6420944333076477,True,198278,1542.0,1542.0,20844.0,20844.0,True,True,outputs/l0_relation_function_learnability_audit/checkpoints/Movies/seed_43_fold_0_ENDPOINT_LOCAL.pt,812336.0,True,True,"{'eligible_groups': 0, 'changed_groups': 0, 'multiset_preserved': True}",,,,,,,,,,,
Movies,43,0,ENDPOINT_LOCAL_SHUFFLED_TARGET,ENDPOINT_LOCAL_SHUFFLED_TARGET,7,34,1.173601746559143,0.6454750299453735,True,198278,1542.0,1542.0,20844.0,20844.0,True,True,outputs/l0_relation_function_learnability_audit/checkpoints/Movies/seed_43_fold_0_ENDPOINT_LOCAL_SHUFFLED_TARGET.pt,812336.0,True,True,"{'eligible_groups': 1614, 'changed_groups': 1614, 'multiset_preserved': True}",,,,,,,,,,,
Movies,43,0,Frozen_Q_PAIR,,46,61,1.2339375019073486,,True,4355,,,,,,True,outputs/l0_relation_function_learnability_audit/checkpoints/Movies/seed_43_fold_0_Q_PAIR_text.pt,,,,,,,,,64.0,True,True,outputs/e01_function_provenance_preservation/checkpoints/Movies/seed_43_keep_edge.pt,True,text,Q_PAIR
Movies,43,0,Frozen_Q_PAIR,,6,34,1.1300727128982544,,True,4355,,,,,,True,outputs/l0_relation_function_learnability_audit/checkpoints/Movies/seed_43_fold_0_Q_PAIR_visual.pt,,,,,,,,,64.0,True,True,outputs/e01_function_provenance_preservation/checkpoints/Movies/seed_43_keep_edge.pt,True,visual,Q_PAIR
Movies,43,0,Frozen_R_SHARED,,43,58,1.2322214841842651,,True,4355,,,,,,True,outputs/l0_relation_function_learnability_audit/checkpoints/Movies/seed_43_fold_0_R_SHARED_text.pt,,,,,,,,,64.0,True,True,outputs/e01_function_provenance_preservation/checkpoints/Movies/seed_43_keep_edge.pt,True,text,R_SHARED
Movies,43,0,Frozen_R_SHARED,,20,35,1.1295230388641355,,True,4355,,,,,,True,outputs/l0_relation_function_learnability_audit/checkpoints/Movies/seed_43_fold_0_R_SHARED_visual.pt,,,,,,,,,64.0,True,True,outputs/e01_function_provenance_preservation/checkpoints/Movies/seed_43_keep_edge.pt,True,visual,R_SHARED
Movies,43,0,Frozen_U_MODAL,,33,48,1.2295562028884888,,True,4355,,,,,,True,outputs/l0_relation_function_learnability_audit/checkpoints/Movies/seed_43_fold_0_U_MODAL_text.pt,,,,,,,,,64.0,True,True,outputs/e01_function_provenance_preservation/checkpoints/Movies/seed_43_keep_edge.pt,True,text,U_MODAL
Movies,43,0,Frozen_U_MODAL,,27,42,1.1267355680465698,,True,4355,,,,,,True,outputs/l0_relation_function_learnability_audit/checkpoints/Movies/seed_43_fold_0_U_MODAL_visual.pt,,,,,,,,,64.0,True,True,outputs/e01_function_provenance_preservation/checkpoints/Movies/seed_43_keep_edge.pt,True,visual,U_MODAL
Movies,43,0,M0StateDirect,,2,34,1.185417652130127,0.779168963432312,True,46899,,,,,,True,outputs/l0_relation_function_learnability_audit/checkpoints/Movies/seed_43_fold_0_M0StateDirect.pt,,,,,True,"{'q': 32, 'r': 64, 'u': 64}",True,0.0,,,,,,,
Movies,43,0,SIM_ONLY,SIM_ONLY,25,40,1.183564066886902,0.9741958975791932,True,198278,1542.0,2.0,20844.0,20844.0,True,True,outputs/l0_relation_function_learnability_audit/checkpoints/Movies/seed_43_fold_0_SIM_ONLY.pt,812336.0,True,True,"{'eligible_groups': 0, 'changed_groups': 0, 'multiset_preserved': True}",,,,,,,,,,,
Movies,43,0,TARGET_ONLY,TARGET_ONLY,3,34,1.18679940700531,0.8035974502563477,True,198278,1542.0,513.0,20844.0,20844.0,True,True,outputs/l0_relation_function_learnability_audit/checkpoints/Movies/seed_43_fold_0_TARGET_ONLY.pt,812336.0,True,True,"{'eligible_groups': 0, 'changed_groups': 0, 'multiset_preserved': True}",,,,,,,,,,,
Movies,43,1,ENDPOINT,ENDPOINT,1,34,0.9165359139442444,0.7421878576278687,True,198278,1542.0,1028.0,20843.0,20843.0,True,True,outputs/l0_relation_function_learnability_audit/checkpoints/Movies/seed_43_fold_1_ENDPOINT.pt,812337.0,True,True,"{'eligible_groups': 0, 'changed_groups': 0, 'multiset_preserved': True}",,,,,,,,,,,
Movies,43,1,ENDPOINT_LOCAL,ENDPOINT_LOCAL,6,34,0.919670581817627,0.6713281869888306,True,198278,1542.0,1542.0,20843.0,20843.0,True,True,outputs/l0_relation_function_learnability_audit/checkpoints/Movies/seed_43_fold_1_ENDPOINT_LOCAL.pt,812337.0,True,True,"{'eligible_groups': 0, 'changed_groups': 0, 'multiset_preserved': True}",,,,,,,,,,,
Movies,43,1,ENDPOINT_LOCAL_SHUFFLED_TARGET,ENDPOINT_LOCAL_SHUFFLED_TARGET,6,34,0.9208923578262328,0.675855815410614,True,198278,1542.0,1542.0,20843.0,20843.0,True,True,outputs/l0_relation_function_learnability_audit/checkpoints/Movies/seed_43_fold_1_ENDPOINT_LOCAL_SHUFFLED_TARGET.pt,812337.0,True,True,"{'eligible_groups': 1588, 'changed_groups': 1588, 'multiset_preserved': True}",,,,,,,,,,,
Movies,43,1,Frozen_Q_PAIR,,9,34,1.0130066871643066,,True,4355,,,,,,True,outputs/l0_relation_function_learnability_audit/checkpoints/Movies/seed_43_fold_1_Q_PAIR_text.pt,,,,,,,,,64.0,True,True,outputs/e01_function_provenance_preservation/checkpoints/Movies/seed_43_keep_edge.pt,True,text,Q_PAIR
Movies,43,1,Frozen_Q_PAIR,,22,37,0.8008513450622559,,True,4355,,,,,,True,outputs/l0_relation_function_learnability_audit/checkpoints/Movies/seed_43_fold_1_Q_PAIR_visual.pt,,,,,,,,,64.0,True,True,outputs/e01_function_provenance_preservation/checkpoints/Movies/seed_43_keep_edge.pt,True,visual,Q_PAIR
Movies,43,1,Frozen_R_SHARED,,14,34,1.0134092569351196,,True,4355,,,,,,True,outputs/l0_relation_function_learnability_audit/checkpoints/Movies/seed_43_fold_1_R_SHARED_text.pt,,,,,,,,,64.0,True,True,outputs/e01_function_provenance_preservation/checkpoints/Movies/seed_43_keep_edge.pt,True,text,R_SHARED
Movies,43,1,Frozen_R_SHARED,,28,43,0.8013692498207092,,True,4355,,,,,,True,outputs/l0_relation_function_learnability_audit/checkpoints/Movies/seed_43_fold_1_R_SHARED_visual.pt,,,,,,,,,64.0,True,True,outputs/e01_function_provenance_preservation/checkpoints/Movies/seed_43_keep_edge.pt,True,visual,R_SHARED
Movies,43,1,Frozen_U_MODAL,,12,34,1.0062440633773804,,True,4355,,,,,,True,outputs/l0_relation_function_learnability_audit/checkpoints/Movies/seed_43_fold_1_U_MODAL_text.pt,,,,,,,,,64.0,True,True,outputs/e01_function_provenance_preservation/checkpoints/Movies/seed_43_keep_edge.pt,True,text,U_MODAL
Movies,43,1,Frozen_U_MODAL,,19,34,0.8025168776512146,,True,4355,,,,,,True,outputs/l0_relation_function_learnability_audit/checkpoints/Movies/seed_43_fold_1_U_MODAL_visual.pt,,,,,,,,,64.0,True,True,outputs/e01_function_provenance_preservation/checkpoints/Movies/seed_43_keep_edge.pt,True,visual,U_MODAL
Movies,43,1,M0StateDirect,,7,34,0.9030050039291382,0.8659189343452454,True,46899,,,,,,True,outputs/l0_relation_function_learnability_audit/checkpoints/Movies/seed_43_fold_1_M0StateDirect.pt,,,,,True,"{'q': 32, 'r': 64, 'u': 64}",True,0.0,,,,,,,
Movies,43,1,SIM_ONLY,SIM_ONLY,10,34,0.9046871662139891,0.9978969097137452,True,198278,1542.0,2.0,20843.0,20843.0,True,True,outputs/l0_relation_function_learnability_audit/checkpoints/Movies/seed_43_fold_1_SIM_ONLY.pt,812337.0,True,True,"{'eligible_groups': 0, 'changed_groups': 0, 'multiset_preserved': True}",,,,,,,,,,,
Movies,43,1,TARGET_ONLY,TARGET_ONLY,1,34,0.9088196754455566,0.8318524360656738,True,198278,1542.0,513.0,20843.0,20843.0,True,True,outputs/l0_relation_function_learnability_audit/checkpoints/Movies/seed_43_fold_1_TARGET_ONLY.pt,812337.0,True,True,"{'eligible_groups': 0, 'changed_groups': 0, 'multiset_preserved': True}",,,,,,,,,,,
Movies,43,2,ENDPOINT,ENDPOINT,4,34,0.9100711941719056,0.7346506714820862,True,198278,1542.0,1028.0,20843.0,20843.0,True,True,outputs/l0_relation_function_learnability_audit/checkpoints/Movies/seed_43_fold_2_ENDPOINT.pt,812338.0,True,True,"{'eligible_groups': 0, 'changed_groups': 0, 'multiset_preserved': True}",,,,,,,,,,,
Movies,43,2,ENDPOINT_LOCAL,ENDPOINT_LOCAL,6,34,0.90397846698761,0.6675902605056763,True,198278,1542.0,1542.0,20843.0,20843.0,True,True,outputs/l0_relation_function_learnability_audit/checkpoints/Movies/seed_43_fold_2_ENDPOINT_LOCAL.pt,812338.0,True,True,"{'eligible_groups': 0, 'changed_groups': 0, 'multiset_preserved': True}",,,,,,,,,,,
Movies,43,2,ENDPOINT_LOCAL_SHUFFLED_TARGET,ENDPOINT_LOCAL_SHUFFLED_TARGET,6,34,0.904785692691803,0.6728932857513428,True,198278,1542.0,1542.0,20843.0,20843.0,True,True,outputs/l0_relation_function_learnability_audit/checkpoints/Movies/seed_43_fold_2_ENDPOINT_LOCAL_SHUFFLED_TARGET.pt,812338.0,True,True,"{'eligible_groups': 1594, 'changed_groups': 1594, 'multiset_preserved': True}",,,,,,,,,,,
Movies,43,2,Frozen_Q_PAIR,,53,68,0.9281533360481262,,True,4355,,,,,,True,outputs/l0_relation_function_learnability_audit/checkpoints/Movies/seed_43_fold_2_Q_PAIR_text.pt,,,,,,,,,64.0,True,True,outputs/e01_function_provenance_preservation/checkpoints/Movies/seed_43_keep_edge.pt,True,text,Q_PAIR
Movies,43,2,Frozen_Q_PAIR,,53,68,0.8780719041824341,,True,4355,,,,,,True,outputs/l0_relation_function_learnability_audit/checkpoints/Movies/seed_43_fold_2_Q_PAIR_visual.pt,,,,,,,,,64.0,True,True,outputs/e01_function_provenance_preservation/checkpoints/Movies/seed_43_keep_edge.pt,True,visual,Q_PAIR
Movies,43,2,Frozen_R_SHARED,,105,120,0.9235783219337464,,True,4355,,,,,,True,outputs/l0_relation_function_learnability_audit/checkpoints/Movies/seed_43_fold_2_R_SHARED_text.pt,,,,,,,,,64.0,True,True,outputs/e01_function_provenance_preservation/checkpoints/Movies/seed_43_keep_edge.pt,True,text,R_SHARED
Movies,43,2,Frozen_R_SHARED,,77,92,0.8775947690010071,,True,4355,,,,,,True,outputs/l0_relation_function_learnability_audit/checkpoints/Movies/seed_43_fold_2_R_SHARED_visual.pt,,,,,,,,,64.0,True,True,outputs/e01_function_provenance_preservation/checkpoints/Movies/seed_43_keep_edge.pt,True,visual,R_SHARED
Movies,43,2,Frozen_U_MODAL,,34,49,0.927857220172882,,True,4355,,,,,,True,outputs/l0_relation_function_learnability_audit/checkpoints/Movies/seed_43_fold_2_U_MODAL_text.pt,,,,,,,,,64.0,True,True,outputs/e01_function_provenance_preservation/checkpoints/Movies/seed_43_keep_edge.pt,True,text,U_MODAL
Movies,43,2,Frozen_U_MODAL,,16,34,0.8777367472648621,,True,4355,,,,,,True,outputs/l0_relation_function_learnability_audit/checkpoints/Movies/seed_43_fold_2_U_MODAL_visual.pt,,,,,,,,,64.0,True,True,outputs/e01_function_provenance_preservation/checkpoints/Movies/seed_43_keep_edge.pt,True,visual,U_MODAL
Movies,43,2,M0StateDirect,,6,34,0.9053638577461244,0.8161731958389282,True,46899,,,,,,True,outputs/l0_relation_function_learnability_audit/checkpoints/Movies/seed_43_fold_2_M0StateDirect.pt,,,,,True,"{'q': 32, 'r': 64, 'u': 64}",True,0.0,,,,,,,
Movies,43,2,SIM_ONLY,SIM_ONLY,38,53,0.9064024090766908,0.9974998235702516,True,198278,1542.0,2.0,20843.0,20843.0,True,True,outputs/l0_relation_function_learnability_audit/checkpoints/Movies/seed_43_fold_2_SIM_ONLY.pt,812338.0,True,True,"{'eligible_groups': 0, 'changed_groups': 0, 'multiset_preserved': True}",,,,,,,,,,,
Movies,43,2,TARGET_ONLY,TARGET_ONLY,5,34,0.9029178023338318,0.8363959193229675,True,198278,1542.0,513.0,20843.0,20843.0,True,True,outputs/l0_relation_function_learnability_audit/checkpoints/Movies/seed_43_fold_2_TARGET_ONLY.pt,812338.0,True,True,"{'eligible_groups': 0, 'changed_groups': 0, 'multiset_preserved': True}",,,,,,,,,,,
Movies,44,0,ENDPOINT,ENDPOINT,4,34,1.1833440065383911,0.734657347202301,True,198278,1542.0,1028.0,22026.0,22026.0,True,True,outputs/l0_relation_function_learnability_audit/checkpoints/Movies/seed_44_fold_0_ENDPOINT.pt,812367.0,True,True,"{'eligible_groups': 0, 'changed_groups': 0, 'multiset_preserved': True}",,,,,,,,,,,
Movies,44,0,ENDPOINT_LOCAL,ENDPOINT_LOCAL,3,34,1.1835333108901978,0.676291286945343,True,198278,1542.0,1542.0,22026.0,22026.0,True,True,outputs/l0_relation_function_learnability_audit/checkpoints/Movies/seed_44_fold_0_ENDPOINT_LOCAL.pt,812367.0,True,True,"{'eligible_groups': 0, 'changed_groups': 0, 'multiset_preserved': True}",,,,,,,,,,,
Movies,44,0,ENDPOINT_LOCAL_SHUFFLED_TARGET,ENDPOINT_LOCAL_SHUFFLED_TARGET,3,34,1.1832858324050903,0.6807280778884888,True,198278,1542.0,1542.0,22026.0,22026.0,True,True,outputs/l0_relation_function_learnability_audit/checkpoints/Movies/seed_44_fold_0_ENDPOINT_LOCAL_SHUFFLED_TARGET.pt,812367.0,True,True,"{'eligible_groups': 1585, 'changed_groups': 1585, 'multiset_preserved': True}",,,,,,,,,,,
Movies,44,0,Frozen_Q_PAIR,,28,43,1.1223746538162231,,True,4355,,,,,,True,outputs/l0_relation_function_learnability_audit/checkpoints/Movies/seed_44_fold_0_Q_PAIR_text.pt,,,,,,,,,64.0,True,True,outputs/e01_function_provenance_preservation/checkpoints/Movies/seed_44_keep_edge.pt,True,text,Q_PAIR
Movies,44,0,Frozen_Q_PAIR,,7,34,1.23615825176239,,True,4355,,,,,,True,outputs/l0_relation_function_learnability_audit/checkpoints/Movies/seed_44_fold_0_Q_PAIR_visual.pt,,,,,,,,,64.0,True,True,outputs/e01_function_provenance_preservation/checkpoints/Movies/seed_44_keep_edge.pt,True,visual,Q_PAIR
Movies,44,0,Frozen_R_SHARED,,29,44,1.1230719089508057,,True,4355,,,,,,True,outputs/l0_relation_function_learnability_audit/checkpoints/Movies/seed_44_fold_0_R_SHARED_text.pt,,,,,,,,,64.0,True,True,outputs/e01_function_provenance_preservation/checkpoints/Movies/seed_44_keep_edge.pt,True,text,R_SHARED
Movies,44,0,Frozen_R_SHARED,,29,44,1.2350107431411743,,True,4355,,,,,,True,outputs/l0_relation_function_learnability_audit/checkpoints/Movies/seed_44_fold_0_R_SHARED_visual.pt,,,,,,,,,64.0,True,True,outputs/e01_function_provenance_preservation/checkpoints/Movies/seed_44_keep_edge.pt,True,visual,R_SHARED
Movies,44,0,Frozen_U_MODAL,,14,34,1.1259126663208008,,True,4355,,,,,,True,outputs/l0_relation_function_learnability_audit/checkpoints/Movies/seed_44_fold_0_U_MODAL_text.pt,,,,,,,,,64.0,True,True,outputs/e01_function_provenance_preservation/checkpoints/Movies/seed_44_keep_edge.pt,True,text,U_MODAL
Movies,44,0,Frozen_U_MODAL,,25,40,1.23321795463562,,True,4355,,,,,,True,outputs/l0_relation_function_learnability_audit/checkpoints/Movies/seed_44_fold_0_U_MODAL_visual.pt,,,,,,,,,64.0,True,True,outputs/e01_function_provenance_preservation/checkpoints/Movies/seed_44_keep_edge.pt,True,visual,U_MODAL
Movies,44,0,M0StateDirect,,8,34,1.1791889667510986,0.8675370216369629,True,46899,,,,,,True,outputs/l0_relation_function_learnability_audit/checkpoints/Movies/seed_44_fold_0_M0StateDirect.pt,,,,,True,"{'q': 32, 'r': 64, 'u': 64}",True,2.220446049250313e-16,,,,,,,
Movies,44,0,SIM_ONLY,SIM_ONLY,14,34,1.1794990301132202,1.0040310621261597,True,198278,1542.0,2.0,22026.0,22026.0,True,True,outputs/l0_relation_function_learnability_audit/checkpoints/Movies/seed_44_fold_0_SIM_ONLY.pt,812367.0,True,True,"{'eligible_groups': 0, 'changed_groups': 0, 'multiset_preserved': True}",,,,,,,,,,,
Movies,44,0,TARGET_ONLY,TARGET_ONLY,7,34,1.1777249574661257,0.8508548140525818,True,198278,1542.0,513.0,22026.0,22026.0,True,True,outputs/l0_relation_function_learnability_audit/checkpoints/Movies/seed_44_fold_0_TARGET_ONLY.pt,812367.0,True,True,"{'eligible_groups': 0, 'changed_groups': 0, 'multiset_preserved': True}",,,,,,,,,,,
Movies,44,1,ENDPOINT,ENDPOINT,7,34,1.1311017274856567,0.7329099774360657,True,198278,1542.0,1028.0,22026.0,22026.0,True,True,outputs/l0_relation_function_learnability_audit/checkpoints/Movies/seed_44_fold_1_ENDPOINT.pt,812368.0,True,True,"{'eligible_groups': 0, 'changed_groups': 0, 'multiset_preserved': True}",,,,,,,,,,,
Movies,44,1,ENDPOINT_LOCAL,ENDPOINT_LOCAL,7,34,1.1235663890838623,0.6690205931663513,True,198278,1542.0,1542.0,22026.0,22026.0,True,True,outputs/l0_relation_function_learnability_audit/checkpoints/Movies/seed_44_fold_1_ENDPOINT_LOCAL.pt,812368.0,True,True,"{'eligible_groups': 0, 'changed_groups': 0, 'multiset_preserved': True}",,,,,,,,,,,
Movies,44,1,ENDPOINT_LOCAL_SHUFFLED_TARGET,ENDPOINT_LOCAL_SHUFFLED_TARGET,7,34,1.123125433921814,0.6710255742073059,True,198278,1542.0,1542.0,22026.0,22026.0,True,True,outputs/l0_relation_function_learnability_audit/checkpoints/Movies/seed_44_fold_1_ENDPOINT_LOCAL_SHUFFLED_TARGET.pt,812368.0,True,True,"{'eligible_groups': 1586, 'changed_groups': 1586, 'multiset_preserved': True}",,,,,,,,,,,
Movies,44,1,Frozen_Q_PAIR,,52,67,1.123022437095642,,True,4355,,,,,,True,outputs/l0_relation_function_learnability_audit/checkpoints/Movies/seed_44_fold_1_Q_PAIR_text.pt,,,,,,,,,64.0,True,True,outputs/e01_function_provenance_preservation/checkpoints/Movies/seed_44_keep_edge.pt,True,text,Q_PAIR
Movies,44,1,Frozen_Q_PAIR,,79,94,1.1283533573150637,,True,4355,,,,,,True,outputs/l0_relation_function_learnability_audit/checkpoints/Movies/seed_44_fold_1_Q_PAIR_visual.pt,,,,,,,,,64.0,True,True,outputs/e01_function_provenance_preservation/checkpoints/Movies/seed_44_keep_edge.pt,True,visual,Q_PAIR
Movies,44,1,Frozen_R_SHARED,,77,92,1.13068950176239,,True,4355,,,,,,True,outputs/l0_relation_function_learnability_audit/checkpoints/Movies/seed_44_fold_1_R_SHARED_text.pt,,,,,,,,,64.0,True,True,outputs/e01_function_provenance_preservation/checkpoints/Movies/seed_44_keep_edge.pt,True,text,R_SHARED
Movies,44,1,Frozen_R_SHARED,,53,68,1.1341036558151243,,True,4355,,,,,,True,outputs/l0_relation_function_learnability_audit/checkpoints/Movies/seed_44_fold_1_R_SHARED_visual.pt,,,,,,,,,64.0,True,True,outputs/e01_function_provenance_preservation/checkpoints/Movies/seed_44_keep_edge.pt,True,visual,R_SHARED
Movies,44,1,Frozen_U_MODAL,,60,75,1.12983500957489,,True,4355,,,,,,True,outputs/l0_relation_function_learnability_audit/checkpoints/Movies/seed_44_fold_1_U_MODAL_text.pt,,,,,,,,,64.0,True,True,outputs/e01_function_provenance_preservation/checkpoints/Movies/seed_44_keep_edge.pt,True,text,U_MODAL
Movies,44,1,Frozen_U_MODAL,,94,109,1.1310808658599854,,True,4355,,,,,,True,outputs/l0_relation_function_learnability_audit/checkpoints/Movies/seed_44_fold_1_U_MODAL_visual.pt,,,,,,,,,64.0,True,True,outputs/e01_function_provenance_preservation/checkpoints/Movies/seed_44_keep_edge.pt,True,visual,U_MODAL
Movies,44,1,M0StateDirect,,13,34,1.139909744262695,0.9003997445106506,True,46899,,,,,,True,outputs/l0_relation_function_learnability_audit/checkpoints/Movies/seed_44_fold_1_M0StateDirect.pt,,,,,True,"{'q': 32, 'r': 64, 'u': 64}",True,2.220446049250313e-16,,,,,,,
Movies,44,1,SIM_ONLY,SIM_ONLY,49,64,1.1418629884719849,0.9947490692138672,True,198278,1542.0,2.0,22026.0,22026.0,True,True,outputs/l0_relation_function_learnability_audit/checkpoints/Movies/seed_44_fold_1_SIM_ONLY.pt,812368.0,True,True,"{'eligible_groups': 0, 'changed_groups': 0, 'multiset_preserved': True}",,,,,,,,,,,
Movies,44,1,TARGET_ONLY,TARGET_ONLY,10,34,1.1272871494293213,0.8439661860466003,True,198278,1542.0,513.0,22026.0,22026.0,True,True,outputs/l0_relation_function_learnability_audit/checkpoints/Movies/seed_44_fold_1_TARGET_ONLY.pt,812368.0,True,True,"{'eligible_groups': 0, 'changed_groups': 0, 'multiset_preserved': True}",,,,,,,,,,,
Movies,44,2,ENDPOINT,ENDPOINT,3,34,1.0142078399658203,0.752583920955658,True,198278,1542.0,1028.0,22026.0,22026.0,True,True,outputs/l0_relation_function_learnability_audit/checkpoints/Movies/seed_44_fold_2_ENDPOINT.pt,812369.0,True,True,"{'eligible_groups': 0, 'changed_groups': 0, 'multiset_preserved': True}",,,,,,,,,,,
Movies,44,2,ENDPOINT_LOCAL,ENDPOINT_LOCAL,2,34,1.0178170204162598,0.6798253059387207,True,198278,1542.0,1542.0,22026.0,22026.0,True,True,outputs/l0_relation_function_learnability_audit/checkpoints/Movies/seed_44_fold_2_ENDPOINT_LOCAL.pt,812369.0,True,True,"{'eligible_groups': 0, 'changed_groups': 0, 'multiset_preserved': True}",,,,,,,,,,,
Movies,44,2,ENDPOINT_LOCAL_SHUFFLED_TARGET,ENDPOINT_LOCAL_SHUFFLED_TARGET,2,34,1.017265558242798,0.6780702471733093,True,198278,1542.0,1542.0,22026.0,22026.0,True,True,outputs/l0_relation_function_learnability_audit/checkpoints/Movies/seed_44_fold_2_ENDPOINT_LOCAL_SHUFFLED_TARGET.pt,812369.0,True,True,"{'eligible_groups': 1579, 'changed_groups': 1579, 'multiset_preserved': True}",,,,,,,,,,,
Movies,44,2,Frozen_Q_PAIR,,29,44,1.0105483531951904,,True,4355,,,,,,True,outputs/l0_relation_function_learnability_audit/checkpoints/Movies/seed_44_fold_2_Q_PAIR_text.pt,,,,,,,,,64.0,True,True,outputs/e01_function_provenance_preservation/checkpoints/Movies/seed_44_keep_edge.pt,True,text,Q_PAIR
Movies,44,2,Frozen_Q_PAIR,,10,34,1.0026289224624634,,True,4355,,,,,,True,outputs/l0_relation_function_learnability_audit/checkpoints/Movies/seed_44_fold_2_Q_PAIR_visual.pt,,,,,,,,,64.0,True,True,outputs/e01_function_provenance_preservation/checkpoints/Movies/seed_44_keep_edge.pt,True,visual,Q_PAIR
Movies,44,2,Frozen_R_SHARED,,21,36,1.011419653892517,,True,4355,,,,,,True,outputs/l0_relation_function_learnability_audit/checkpoints/Movies/seed_44_fold_2_R_SHARED_text.pt,,,,,,,,,64.0,True,True,outputs/e01_function_provenance_preservation/checkpoints/Movies/seed_44_keep_edge.pt,True,text,R_SHARED
Movies,44,2,Frozen_R_SHARED,,25,40,1.0058021545410156,,True,4355,,,,,,True,outputs/l0_relation_function_learnability_audit/checkpoints/Movies/seed_44_fold_2_R_SHARED_visual.pt,,,,,,,,,64.0,True,True,outputs/e01_function_provenance_preservation/checkpoints/Movies/seed_44_keep_edge.pt,True,visual,R_SHARED
Movies,44,2,Frozen_U_MODAL,,4,34,1.0131642818450928,,True,4355,,,,,,True,outputs/l0_relation_function_learnability_audit/checkpoints/Movies/seed_44_fold_2_U_MODAL_text.pt,,,,,,,,,64.0,True,True,outputs/e01_function_provenance_preservation/checkpoints/Movies/seed_44_keep_edge.pt,True,text,U_MODAL
Movies,44,2,Frozen_U_MODAL,,29,44,1.0005642175674438,,True,4355,,,,,,True,outputs/l0_relation_function_learnability_audit/checkpoints/Movies/seed_44_fold_2_U_MODAL_visual.pt,,,,,,,,,64.0,True,True,outputs/e01_function_provenance_preservation/checkpoints/Movies/seed_44_keep_edge.pt,True,visual,U_MODAL
Movies,44,2,M0StateDirect,,11,34,1.006441593170166,0.9160001873970032,True,46899,,,,,,True,outputs/l0_relation_function_learnability_audit/checkpoints/Movies/seed_44_fold_2_M0StateDirect.pt,,,,,True,"{'q': 32, 'r': 64, 'u': 64}",True,2.220446049250313e-16,,,,,,,
Movies,44,2,SIM_ONLY,SIM_ONLY,25,40,1.00603187084198,1.0231605768203735,True,198278,1542.0,2.0,22026.0,22026.0,True,True,outputs/l0_relation_function_learnability_audit/checkpoints/Movies/seed_44_fold_2_SIM_ONLY.pt,812369.0,True,True,"{'eligible_groups': 0, 'changed_groups': 0, 'multiset_preserved': True}",,,,,,,,,,,
Movies,44,2,TARGET_ONLY,TARGET_ONLY,1,34,1.0112887620925903,0.8524829745292664,True,198278,1542.0,513.0,22026.0,22026.0,True,True,outputs/l0_relation_function_learnability_audit/checkpoints/Movies/seed_44_fold_2_TARGET_ONLY.pt,812369.0,True,True,"{'eligible_groups': 0, 'changed_groups': 0, 'multiset_preserved': True}",,,,,,,,,,,
ele-fashion,42,0,ENDPOINT,ENDPOINT,14,34,0.5573065876960754,0.4973246157169342,True,198278,1542.0,1028.0,26788.0,26788.0,True,True,outputs/l0_relation_function_learnability_audit/checkpoints/ele-fashion/seed_42_fold_0_ENDPOINT.pt,812305.0,True,True,"{'eligible_groups': 0, 'changed_groups': 0, 'multiset_preserved': True}",,,,,,,,,,,
ele-fashion,42,0,ENDPOINT_LOCAL,ENDPOINT_LOCAL,18,34,0.5560837984085083,0.4922234416007995,True,198278,1542.0,1542.0,26788.0,26788.0,True,True,outputs/l0_relation_function_learnability_audit/checkpoints/ele-fashion/seed_42_fold_0_ENDPOINT_LOCAL.pt,812305.0,True,True,"{'eligible_groups': 0, 'changed_groups': 0, 'multiset_preserved': True}",,,,,,,,,,,
ele-fashion,42,0,ENDPOINT_LOCAL_SHUFFLED_TARGET,ENDPOINT_LOCAL_SHUFFLED_TARGET,18,34,0.5566794872283936,0.4937510192394256,True,198278,1542.0,1542.0,26788.0,26788.0,True,True,outputs/l0_relation_function_learnability_audit/checkpoints/ele-fashion/seed_42_fold_0_ENDPOINT_LOCAL_SHUFFLED_TARGET.pt,812305.0,True,True,"{'eligible_groups': 3122, 'changed_groups': 3111, 'multiset_preserved': True}",,,,,,,,,,,
ele-fashion,42,0,Frozen_Q_PAIR,,150,150,0.5767414569854736,,True,4355,,,,,,True,outputs/l0_relation_function_learnability_audit/checkpoints/ele-fashion/seed_42_fold_0_Q_PAIR_text.pt,,,,,,,,,64.0,True,True,outputs/e01_function_provenance_preservation/checkpoints/ele-fashion/seed_42_keep_edge.pt,True,text,Q_PAIR
ele-fashion,42,0,Frozen_Q_PAIR,,59,74,0.531781017780304,,True,4355,,,,,,True,outputs/l0_relation_function_learnability_audit/checkpoints/ele-fashion/seed_42_fold_0_Q_PAIR_visual.pt,,,,,,,,,64.0,True,True,outputs/e01_function_provenance_preservation/checkpoints/ele-fashion/seed_42_keep_edge.pt,True,visual,Q_PAIR
ele-fashion,42,0,Frozen_R_SHARED,,87,102,0.5850069522857666,,True,4355,,,,,,True,outputs/l0_relation_function_learnability_audit/checkpoints/ele-fashion/seed_42_fold_0_R_SHARED_text.pt,,,,,,,,,64.0,True,True,outputs/e01_function_provenance_preservation/checkpoints/ele-fashion/seed_42_keep_edge.pt,True,text,R_SHARED
ele-fashion,42,0,Frozen_R_SHARED,,37,52,0.5357711911201477,,True,4355,,,,,,True,outputs/l0_relation_function_learnability_audit/checkpoints/ele-fashion/seed_42_fold_0_R_SHARED_visual.pt,,,,,,,,,64.0,True,True,outputs/e01_function_provenance_preservation/checkpoints/ele-fashion/seed_42_keep_edge.pt,True,visual,R_SHARED
ele-fashion,42,0,Frozen_U_MODAL,,150,150,0.5837976336479187,,True,4355,,,,,,True,outputs/l0_relation_function_learnability_audit/checkpoints/ele-fashion/seed_42_fold_0_U_MODAL_text.pt,,,,,,,,,64.0,True,True,outputs/e01_function_provenance_preservation/checkpoints/ele-fashion/seed_42_keep_edge.pt,True,text,U_MODAL
ele-fashion,42,0,Frozen_U_MODAL,,77,92,0.536308228969574,,True,4355,,,,,,True,outputs/l0_relation_function_learnability_audit/checkpoints/ele-fashion/seed_42_fold_0_U_MODAL_visual.pt,,,,,,,,,64.0,True,True,outputs/e01_function_provenance_preservation/checkpoints/ele-fashion/seed_42_keep_edge.pt,True,visual,U_MODAL
ele-fashion,42,0,M0StateDirect,,40,55,0.5524266958236694,0.5096540451049805,True,46899,,,,,,True,outputs/l0_relation_function_learnability_audit/checkpoints/ele-fashion/seed_42_fold_0_M0StateDirect.pt,,,,,True,"{'q': 32, 'r': 64, 'u': 64}",True,5.551115123125783e-17,,,,,,,
ele-fashion,42,0,SIM_ONLY,SIM_ONLY,24,39,0.566135823726654,0.5617342591285706,True,198278,1542.0,2.0,26788.0,26788.0,True,True,outputs/l0_relation_function_learnability_audit/checkpoints/ele-fashion/seed_42_fold_0_SIM_ONLY.pt,812305.0,True,True,"{'eligible_groups': 0, 'changed_groups': 0, 'multiset_preserved': True}",,,,,,,,,,,
ele-fashion,42,0,TARGET_ONLY,TARGET_ONLY,18,34,0.5552612543106079,0.5206266045570374,True,198278,1542.0,513.0,26788.0,26788.0,True,True,outputs/l0_relation_function_learnability_audit/checkpoints/ele-fashion/seed_42_fold_0_TARGET_ONLY.pt,812305.0,True,True,"{'eligible_groups': 0, 'changed_groups': 0, 'multiset_preserved': True}",,,,,,,,,,,
ele-fashion,42,1,ENDPOINT,ENDPOINT,13,34,0.5655273795127869,0.4921119511127472,True,198278,1542.0,1028.0,26787.0,26787.0,True,True,outputs/l0_relation_function_learnability_audit/checkpoints/ele-fashion/seed_42_fold_1_ENDPOINT.pt,812306.0,True,True,"{'eligible_groups': 0, 'changed_groups': 0, 'multiset_preserved': True}",,,,,,,,,,,
ele-fashion,42,1,ENDPOINT_LOCAL,ENDPOINT_LOCAL,18,34,0.567944347858429,0.489266961812973,True,198278,1542.0,1542.0,26787.0,26787.0,True,True,outputs/l0_relation_function_learnability_audit/checkpoints/ele-fashion/seed_42_fold_1_ENDPOINT_LOCAL.pt,812306.0,True,True,"{'eligible_groups': 0, 'changed_groups': 0, 'multiset_preserved': True}",,,,,,,,,,,
ele-fashion,42,1,ENDPOINT_LOCAL_SHUFFLED_TARGET,ENDPOINT_LOCAL_SHUFFLED_TARGET,18,34,0.5682041049003601,0.4913159012794494,True,198278,1542.0,1542.0,26787.0,26787.0,True,True,outputs/l0_relation_function_learnability_audit/checkpoints/ele-fashion/seed_42_fold_1_ENDPOINT_LOCAL_SHUFFLED_TARGET.pt,812306.0,True,True,"{'eligible_groups': 3129, 'changed_groups': 3116, 'multiset_preserved': True}",,,,,,,,,,,
ele-fashion,42,1,Frozen_Q_PAIR,,82,97,0.5503477454185486,,True,4355,,,,,,True,outputs/l0_relation_function_learnability_audit/checkpoints/ele-fashion/seed_42_fold_1_Q_PAIR_text.pt,,,,,,,,,64.0,True,True,outputs/e01_function_provenance_preservation/checkpoints/ele-fashion/seed_42_keep_edge.pt,True,text,Q_PAIR
ele-fashion,42,1,Frozen_Q_PAIR,,71,86,0.5783618688583374,,True,4355,,,,,,True,outputs/l0_relation_function_learnability_audit/checkpoints/ele-fashion/seed_42_fold_1_Q_PAIR_visual.pt,,,,,,,,,64.0,True,True,outputs/e01_function_provenance_preservation/checkpoints/ele-fashion/seed_42_keep_edge.pt,True,visual,Q_PAIR
ele-fashion,42,1,Frozen_R_SHARED,,101,116,0.5534612536430359,,True,4355,,,,,,True,outputs/l0_relation_function_learnability_audit/checkpoints/ele-fashion/seed_42_fold_1_R_SHARED_text.pt,,,,,,,,,64.0,True,True,outputs/e01_function_provenance_preservation/checkpoints/ele-fashion/seed_42_keep_edge.pt,True,text,R_SHARED
ele-fashion,42,1,Frozen_R_SHARED,,144,150,0.577583909034729,,True,4355,,,,,,True,outputs/l0_relation_function_learnability_audit/checkpoints/ele-fashion/seed_42_fold_1_R_SHARED_visual.pt,,,,,,,,,64.0,True,True,outputs/e01_function_provenance_preservation/checkpoints/ele-fashion/seed_42_keep_edge.pt,True,visual,R_SHARED
ele-fashion,42,1,Frozen_U_MODAL,,150,150,0.550254762172699,,True,4355,,,,,,True,outputs/l0_relation_function_learnability_audit/checkpoints/ele-fashion/seed_42_fold_1_U_MODAL_text.pt,,,,,,,,,64.0,True,True,outputs/e01_function_provenance_preservation/checkpoints/ele-fashion/seed_42_keep_edge.pt,True,text,U_MODAL
ele-fashion,42,1,Frozen_U_MODAL,,52,67,0.5790795683860779,,True,4355,,,,,,True,outputs/l0_relation_function_learnability_audit/checkpoints/ele-fashion/seed_42_fold_1_U_MODAL_visual.pt,,,,,,,,,64.0,True,True,outputs/e01_function_provenance_preservation/checkpoints/ele-fashion/seed_42_keep_edge.pt,True,visual,U_MODAL
ele-fashion,42,1,M0StateDirect,,17,34,0.566472589969635,0.5265870690345764,True,46899,,,,,,True,outputs/l0_relation_function_learnability_audit/checkpoints/ele-fashion/seed_42_fold_1_M0StateDirect.pt,,,,,True,"{'q': 32, 'r': 64, 'u': 64}",True,5.551115123125783e-17,,,,,,,
ele-fashion,42,1,SIM_ONLY,SIM_ONLY,46,61,0.5715920925140381,0.5608626008033752,True,198278,1542.0,2.0,26787.0,26787.0,True,True,outputs/l0_relation_function_learnability_audit/checkpoints/ele-fashion/seed_42_fold_1_SIM_ONLY.pt,812306.0,True,True,"{'eligible_groups': 0, 'changed_groups': 0, 'multiset_preserved': True}",,,,,,,,,,,
ele-fashion,42,1,TARGET_ONLY,TARGET_ONLY,21,36,0.5669442415237427,0.5211297273635864,True,198278,1542.0,513.0,26787.0,26787.0,True,True,outputs/l0_relation_function_learnability_audit/checkpoints/ele-fashion/seed_42_fold_1_TARGET_ONLY.pt,812306.0,True,True,"{'eligible_groups': 0, 'changed_groups': 0, 'multiset_preserved': True}",,,,,,,,,,,
ele-fashion,42,2,ENDPOINT,ENDPOINT,17,34,0.496309369802475,0.4992045760154724,True,198278,1542.0,1028.0,26787.0,26787.0,True,True,outputs/l0_relation_function_learnability_audit/checkpoints/ele-fashion/seed_42_fold_2_ENDPOINT.pt,812307.0,True,True,"{'eligible_groups': 0, 'changed_groups': 0, 'multiset_preserved': True}",,,,,,,,,,,
ele-fashion,42,2,ENDPOINT_LOCAL,ENDPOINT_LOCAL,21,36,0.4951064884662628,0.4949475824832916,True,198278,1542.0,1542.0,26787.0,26787.0,True,True,outputs/l0_relation_function_learnability_audit/checkpoints/ele-fashion/seed_42_fold_2_ENDPOINT_LOCAL.pt,812307.0,True,True,"{'eligible_groups': 0, 'changed_groups': 0, 'multiset_preserved': True}",,,,,,,,,,,
ele-fashion,42,2,ENDPOINT_LOCAL_SHUFFLED_TARGET,ENDPOINT_LOCAL_SHUFFLED_TARGET,21,36,0.4951346516609192,0.4964609146118164,True,198278,1542.0,1542.0,26787.0,26787.0,True,True,outputs/l0_relation_function_learnability_audit/checkpoints/ele-fashion/seed_42_fold_2_ENDPOINT_LOCAL_SHUFFLED_TARGET.pt,812307.0,True,True,"{'eligible_groups': 3108, 'changed_groups': 3098, 'multiset_preserved': True}",,,,,,,,,,,
ele-fashion,42,2,Frozen_Q_PAIR,,132,147,0.486851155757904,,True,4355,,,,,,True,outputs/l0_relation_function_learnability_audit/checkpoints/ele-fashion/seed_42_fold_2_Q_PAIR_text.pt,,,,,,,,,64.0,True,True,outputs/e01_function_provenance_preservation/checkpoints/ele-fashion/seed_42_keep_edge.pt,True,text,Q_PAIR
ele-fashion,42,2,Frozen_Q_PAIR,,99,114,0.4980076849460602,,True,4355,,,,,,True,outputs/l0_relation_function_learnability_audit/checkpoints/ele-fashion/seed_42_fold_2_Q_PAIR_visual.pt,,,,,,,,,64.0,True,True,outputs/e01_function_provenance_preservation/checkpoints/ele-fashion/seed_42_keep_edge.pt,True,visual,Q_PAIR
ele-fashion,42,2,Frozen_R_SHARED,,95,110,0.4922255873680115,,True,4355,,,,,,True,outputs/l0_relation_function_learnability_audit/checkpoints/ele-fashion/seed_42_fold_2_R_SHARED_text.pt,,,,,,,,,64.0,True,True,outputs/e01_function_provenance_preservation/checkpoints/ele-fashion/seed_42_keep_edge.pt,True,text,R_SHARED
ele-fashion,42,2,Frozen_R_SHARED,,32,47,0.499991625547409,,True,4355,,,,,,True,outputs/l0_relation_function_learnability_audit/checkpoints/ele-fashion/seed_42_fold_2_R_SHARED_visual.pt,,,,,,,,,64.0,True,True,outputs/e01_function_provenance_preservation/checkpoints/ele-fashion/seed_42_keep_edge.pt,True,visual,R_SHARED
ele-fashion,42,2,Frozen_U_MODAL,,150,150,0.489429235458374,,True,4355,,,,,,True,outputs/l0_relation_function_learnability_audit/checkpoints/ele-fashion/seed_42_fold_2_U_MODAL_text.pt,,,,,,,,,64.0,True,True,outputs/e01_function_provenance_preservation/checkpoints/ele-fashion/seed_42_keep_edge.pt,True,text,U_MODAL
ele-fashion,42,2,Frozen_U_MODAL,,48,63,0.5004096627235413,,True,4355,,,,,,True,outputs/l0_relation_function_learnability_audit/checkpoints/ele-fashion/seed_42_fold_2_U_MODAL_visual.pt,,,,,,,,,64.0,True,True,outputs/e01_function_provenance_preservation/checkpoints/ele-fashion/seed_42_keep_edge.pt,True,visual,U_MODAL
ele-fashion,42,2,M0StateDirect,,29,44,0.4927764236927032,0.5115876197814941,True,46899,,,,,,True,outputs/l0_relation_function_learnability_audit/checkpoints/ele-fashion/seed_42_fold_2_M0StateDirect.pt,,,,,True,"{'q': 32, 'r': 64, 'u': 64}",True,5.551115123125783e-17,,,,,,,
ele-fashion,42,2,SIM_ONLY,SIM_ONLY,32,47,0.4995679557323456,0.5656483173370361,True,198278,1542.0,2.0,26787.0,26787.0,True,True,outputs/l0_relation_function_learnability_audit/checkpoints/ele-fashion/seed_42_fold_2_SIM_ONLY.pt,812307.0,True,True,"{'eligible_groups': 0, 'changed_groups': 0, 'multiset_preserved': True}",,,,,,,,,,,
ele-fashion,42,2,TARGET_ONLY,TARGET_ONLY,28,43,0.4902150332927704,0.522196352481842,True,198278,1542.0,513.0,26787.0,26787.0,True,True,outputs/l0_relation_function_learnability_audit/checkpoints/ele-fashion/seed_42_fold_2_TARGET_ONLY.pt,812307.0,True,True,"{'eligible_groups': 0, 'changed_groups': 0, 'multiset_preserved': True}",,,,,,,,,,,
ele-fashion,43,0,ENDPOINT,ENDPOINT,18,34,0.4627679586410522,0.5105515718460083,True,198278,1542.0,1028.0,26788.0,26788.0,True,True,outputs/l0_relation_function_learnability_audit/checkpoints/ele-fashion/seed_43_fold_0_ENDPOINT.pt,812336.0,True,True,"{'eligible_groups': 0, 'changed_groups': 0, 'multiset_preserved': True}",,,,,,,,,,,
ele-fashion,43,0,ENDPOINT_LOCAL,ENDPOINT_LOCAL,20,35,0.4536941647529602,0.5043604969978333,True,198278,1542.0,1542.0,26788.0,26788.0,True,True,outputs/l0_relation_function_learnability_audit/checkpoints/ele-fashion/seed_43_fold_0_ENDPOINT_LOCAL.pt,812336.0,True,True,"{'eligible_groups': 0, 'changed_groups': 0, 'multiset_preserved': True}",,,,,,,,,,,
ele-fashion,43,0,ENDPOINT_LOCAL_SHUFFLED_TARGET,ENDPOINT_LOCAL_SHUFFLED_TARGET,20,35,0.4533974528312683,0.5062175989151001,True,198278,1542.0,1542.0,26788.0,26788.0,True,True,outputs/l0_relation_function_learnability_audit/checkpoints/ele-fashion/seed_43_fold_0_ENDPOINT_LOCAL_SHUFFLED_TARGET.pt,812336.0,True,True,"{'eligible_groups': 3119, 'changed_groups': 3108, 'multiset_preserved': True}",,,,,,,,,,,
ele-fashion,43,0,Frozen_Q_PAIR,,150,150,0.4329479932785034,,True,4355,,,,,,True,outputs/l0_relation_function_learnability_audit/checkpoints/ele-fashion/seed_43_fold_0_Q_PAIR_text.pt,,,,,,,,,64.0,True,True,outputs/e01_function_provenance_preservation/checkpoints/ele-fashion/seed_43_keep_edge.pt,True,text,Q_PAIR
ele-fashion,43,0,Frozen_Q_PAIR,,95,110,0.4732490181922912,,True,4355,,,,,,True,outputs/l0_relation_function_learnability_audit/checkpoints/ele-fashion/seed_43_fold_0_Q_PAIR_visual.pt,,,,,,,,,64.0,True,True,outputs/e01_function_provenance_preservation/checkpoints/ele-fashion/seed_43_keep_edge.pt,True,visual,Q_PAIR
ele-fashion,43,0,Frozen_R_SHARED,,140,150,0.4456008374691009,,True,4355,,,,,,True,outputs/l0_relation_function_learnability_audit/checkpoints/ele-fashion/seed_43_fold_0_R_SHARED_text.pt,,,,,,,,,64.0,True,True,outputs/e01_function_provenance_preservation/checkpoints/ele-fashion/seed_43_keep_edge.pt,True,text,R_SHARED
ele-fashion,43,0,Frozen_R_SHARED,,97,112,0.479352593421936,,True,4355,,,,,,True,outputs/l0_relation_function_learnability_audit/checkpoints/ele-fashion/seed_43_fold_0_R_SHARED_visual.pt,,,,,,,,,64.0,True,True,outputs/e01_function_provenance_preservation/checkpoints/ele-fashion/seed_43_keep_edge.pt,True,visual,R_SHARED
ele-fashion,43,0,Frozen_U_MODAL,,150,150,0.4451405107975006,,True,4355,,,,,,True,outputs/l0_relation_function_learnability_audit/checkpoints/ele-fashion/seed_43_fold_0_U_MODAL_text.pt,,,,,,,,,64.0,True,True,outputs/e01_function_provenance_preservation/checkpoints/ele-fashion/seed_43_keep_edge.pt,True,text,U_MODAL
ele-fashion,43,0,Frozen_U_MODAL,,150,150,0.4770137071609497,,True,4355,,,,,,True,outputs/l0_relation_function_learnability_audit/checkpoints/ele-fashion/seed_43_fold_0_U_MODAL_visual.pt,,,,,,,,,64.0,True,True,outputs/e01_function_provenance_preservation/checkpoints/ele-fashion/seed_43_keep_edge.pt,True,visual,U_MODAL
ele-fashion,43,0,M0StateDirect,,25,40,0.4516088664531708,0.5213285088539124,True,46899,,,,,,True,outputs/l0_relation_function_learnability_audit/checkpoints/ele-fashion/seed_43_fold_0_M0StateDirect.pt,,,,,True,"{'q': 32, 'r': 64, 'u': 64}",True,5.551115123125783e-17,,,,,,,
ele-fashion,43,0,SIM_ONLY,SIM_ONLY,47,62,0.4791100323200226,0.5879576206207275,True,198278,1542.0,2.0,26788.0,26788.0,True,True,outputs/l0_relation_function_learnability_audit/checkpoints/ele-fashion/seed_43_fold_0_SIM_ONLY.pt,812336.0,True,True,"{'eligible_groups': 0, 'changed_groups': 0, 'multiset_preserved': True}",,,,,,,,,,,
ele-fashion,43,0,TARGET_ONLY,TARGET_ONLY,33,48,0.4584352970123291,0.535076379776001,True,198278,1542.0,513.0,26788.0,26788.0,True,True,outputs/l0_relation_function_learnability_audit/checkpoints/ele-fashion/seed_43_fold_0_TARGET_ONLY.pt,812336.0,True,True,"{'eligible_groups': 0, 'changed_groups': 0, 'multiset_preserved': True}",,,,,,,,,,,
ele-fashion,43,1,ENDPOINT,ENDPOINT,23,38,0.5932350158691406,0.4977993369102478,True,198278,1542.0,1028.0,26787.0,26787.0,True,True,outputs/l0_relation_function_learnability_audit/checkpoints/ele-fashion/seed_43_fold_1_ENDPOINT.pt,812337.0,True,True,"{'eligible_groups': 0, 'changed_groups': 0, 'multiset_preserved': True}",,,,,,,,,,,
ele-fashion,43,1,ENDPOINT_LOCAL,ENDPOINT_LOCAL,27,42,0.5888022184371948,0.4783030748367309,True,198278,1542.0,1542.0,26787.0,26787.0,True,True,outputs/l0_relation_function_learnability_audit/checkpoints/ele-fashion/seed_43_fold_1_ENDPOINT_LOCAL.pt,812337.0,True,True,"{'eligible_groups': 0, 'changed_groups': 0, 'multiset_preserved': True}",,,,,,,,,,,
ele-fashion,43,1,ENDPOINT_LOCAL_SHUFFLED_TARGET,ENDPOINT_LOCAL_SHUFFLED_TARGET,27,42,0.5902677178382874,0.4798633456230163,True,198278,1542.0,1542.0,26787.0,26787.0,True,True,outputs/l0_relation_function_learnability_audit/checkpoints/ele-fashion/seed_43_fold_1_ENDPOINT_LOCAL_SHUFFLED_TARGET.pt,812337.0,True,True,"{'eligible_groups': 3118, 'changed_groups': 3107, 'multiset_preserved': True}",,,,,,,,,,,
ele-fashion,43,1,Frozen_Q_PAIR,,46,61,0.5815778374671936,,True,4355,,,,,,True,outputs/l0_relation_function_learnability_audit/checkpoints/ele-fashion/seed_43_fold_1_Q_PAIR_text.pt,,,,,,,,,64.0,True,True,outputs/e01_function_provenance_preservation/checkpoints/ele-fashion/seed_43_keep_edge.pt,True,text,Q_PAIR
ele-fashion,43,1,Frozen_Q_PAIR,,150,150,0.6030680537223816,,True,4355,,,,,,True,outputs/l0_relation_function_learnability_audit/checkpoints/ele-fashion/seed_43_fold_1_Q_PAIR_visual.pt,,,,,,,,,64.0,True,True,outputs/e01_function_provenance_preservation/checkpoints/ele-fashion/seed_43_keep_edge.pt,True,visual,Q_PAIR
ele-fashion,43,1,Frozen_R_SHARED,,48,63,0.5856955647468567,,True,4355,,,,,,True,outputs/l0_relation_function_learnability_audit/checkpoints/ele-fashion/seed_43_fold_1_R_SHARED_text.pt,,,,,,,,,64.0,True,True,outputs/e01_function_provenance_preservation/checkpoints/ele-fashion/seed_43_keep_edge.pt,True,text,R_SHARED
ele-fashion,43,1,Frozen_R_SHARED,,132,147,0.6094239354133606,,True,4355,,,,,,True,outputs/l0_relation_function_learnability_audit/checkpoints/ele-fashion/seed_43_fold_1_R_SHARED_visual.pt,,,,,,,,,64.0,True,True,outputs/e01_function_provenance_preservation/checkpoints/ele-fashion/seed_43_keep_edge.pt,True,visual,R_SHARED
ele-fashion,43,1,Frozen_U_MODAL,,69,84,0.5854452848434448,,True,4355,,,,,,True,outputs/l0_relation_function_learnability_audit/checkpoints/ele-fashion/seed_43_fold_1_U_MODAL_text.pt,,,,,,,,,64.0,True,True,outputs/e01_function_provenance_preservation/checkpoints/ele-fashion/seed_43_keep_edge.pt,True,text,U_MODAL
ele-fashion,43,1,Frozen_U_MODAL,,150,150,0.6100494265556335,,True,4355,,,,,,True,outputs/l0_relation_function_learnability_audit/checkpoints/ele-fashion/seed_43_fold_1_U_MODAL_visual.pt,,,,,,,,,64.0,True,True,outputs/e01_function_provenance_preservation/checkpoints/ele-fashion/seed_43_keep_edge.pt,True,visual,U_MODAL
ele-fashion,43,1,M0StateDirect,,23,38,0.5954053401947021,0.5128740668296814,True,46899,,,,,,True,outputs/l0_relation_function_learnability_audit/checkpoints/ele-fashion/seed_43_fold_1_M0StateDirect.pt,,,,,True,"{'q': 32, 'r': 64, 'u': 64}",True,5.551115123125783e-17,,,,,,,
ele-fashion,43,1,SIM_ONLY,SIM_ONLY,45,60,0.6077325344085693,0.5768765807151794,True,198278,1542.0,2.0,26787.0,26787.0,True,True,outputs/l0_relation_function_learnability_audit/checkpoints/ele-fashion/seed_43_fold_1_SIM_ONLY.pt,812337.0,True,True,"{'eligible_groups': 0, 'changed_groups': 0, 'multiset_preserved': True}",,,,,,,,,,,
ele-fashion,43,1,TARGET_ONLY,TARGET_ONLY,35,50,0.5919893980026245,0.5188869833946228,True,198278,1542.0,513.0,26787.0,26787.0,True,True,outputs/l0_relation_function_learnability_audit/checkpoints/ele-fashion/seed_43_fold_1_TARGET_ONLY.pt,812337.0,True,True,"{'eligible_groups': 0, 'changed_groups': 0, 'multiset_preserved': True}",,,,,,,,,,,
ele-fashion,43,2,ENDPOINT,ENDPOINT,17,34,0.5574373602867126,0.5094806551933289,True,198278,1542.0,1028.0,26787.0,26787.0,True,True,outputs/l0_relation_function_learnability_audit/checkpoints/ele-fashion/seed_43_fold_2_ENDPOINT.pt,812338.0,True,True,"{'eligible_groups': 0, 'changed_groups': 0, 'multiset_preserved': True}",,,,,,,,,,,
ele-fashion,43,2,ENDPOINT_LOCAL,ENDPOINT_LOCAL,28,43,0.5525934100151062,0.4941804707050323,True,198278,1542.0,1542.0,26787.0,26787.0,True,True,outputs/l0_relation_function_learnability_audit/checkpoints/ele-fashion/seed_43_fold_2_ENDPOINT_LOCAL.pt,812338.0,True,True,"{'eligible_groups': 0, 'changed_groups': 0, 'multiset_preserved': True}",,,,,,,,,,,
ele-fashion,43,2,ENDPOINT_LOCAL_SHUFFLED_TARGET,ENDPOINT_LOCAL_SHUFFLED_TARGET,28,43,0.5530627369880676,0.4961243271827698,True,198278,1542.0,1542.0,26787.0,26787.0,True,True,outputs/l0_relation_function_learnability_audit/checkpoints/ele-fashion/seed_43_fold_2_ENDPOINT_LOCAL_SHUFFLED_TARGET.pt,812338.0,True,True,"{'eligible_groups': 3111, 'changed_groups': 3097, 'multiset_preserved': True}",,,,,,,,,,,
ele-fashion,43,2,Frozen_Q_PAIR,,150,150,0.528779923915863,,True,4355,,,,,,True,outputs/l0_relation_function_learnability_audit/checkpoints/ele-fashion/seed_43_fold_2_Q_PAIR_text.pt,,,,,,,,,64.0,True,True,outputs/e01_function_provenance_preservation/checkpoints/ele-fashion/seed_43_keep_edge.pt,True,text,Q_PAIR
ele-fashion,43,2,Frozen_Q_PAIR,,43,58,0.5757758617401123,,True,4355,,,,,,True,outputs/l0_relation_function_learnability_audit/checkpoints/ele-fashion/seed_43_fold_2_Q_PAIR_visual.pt,,,,,,,,,64.0,True,True,outputs/e01_function_provenance_preservation/checkpoints/ele-fashion/seed_43_keep_edge.pt,True,visual,Q_PAIR
ele-fashion,43,2,Frozen_R_SHARED,,150,150,0.5300939679145813,,True,4355,,,,,,True,outputs/l0_relation_function_learnability_audit/checkpoints/ele-fashion/seed_43_fold_2_R_SHARED_text.pt,,,,,,,,,64.0,True,True,outputs/e01_function_provenance_preservation/checkpoints/ele-fashion/seed_43_keep_edge.pt,True,text,R_SHARED
ele-fashion,43,2,Frozen_R_SHARED,,99,114,0.5789057612419128,,True,4355,,,,,,True,outputs/l0_relation_function_learnability_audit/checkpoints/ele-fashion/seed_43_fold_2_R_SHARED_visual.pt,,,,,,,,,64.0,True,True,outputs/e01_function_provenance_preservation/checkpoints/ele-fashion/seed_43_keep_edge.pt,True,visual,R_SHARED
ele-fashion,43,2,Frozen_U_MODAL,,150,150,0.5334832072257996,,True,4355,,,,,,True,outputs/l0_relation_function_learnability_audit/checkpoints/ele-fashion/seed_43_fold_2_U_MODAL_text.pt,,,,,,,,,64.0,True,True,outputs/e01_function_provenance_preservation/checkpoints/ele-fashion/seed_43_keep_edge.pt,True,text,U_MODAL
ele-fashion,43,2,Frozen_U_MODAL,,46,61,0.5797653198242188,,True,4355,,,,,,True,outputs/l0_relation_function_learnability_audit/checkpoints/ele-fashion/seed_43_fold_2_U_MODAL_visual.pt,,,,,,,,,64.0,True,True,outputs/e01_function_provenance_preservation/checkpoints/ele-fashion/seed_43_keep_edge.pt,True,visual,U_MODAL
ele-fashion,43,2,M0StateDirect,,22,37,0.5549198985099792,0.5260745286941528,True,46899,,,,,,True,outputs/l0_relation_function_learnability_audit/checkpoints/ele-fashion/seed_43_fold_2_M0StateDirect.pt,,,,,True,"{'q': 32, 'r': 64, 'u': 64}",True,5.551115123125783e-17,,,,,,,
ele-fashion,43,2,SIM_ONLY,SIM_ONLY,77,92,0.5722848176956177,0.5776402950286865,True,198278,1542.0,2.0,26787.0,26787.0,True,True,outputs/l0_relation_function_learnability_audit/checkpoints/ele-fashion/seed_43_fold_2_SIM_ONLY.pt,812338.0,True,True,"{'eligible_groups': 0, 'changed_groups': 0, 'multiset_preserved': True}",,,,,,,,,,,
ele-fashion,43,2,TARGET_ONLY,TARGET_ONLY,28,43,0.5575230717658997,0.5315119624137878,True,198278,1542.0,513.0,26787.0,26787.0,True,True,outputs/l0_relation_function_learnability_audit/checkpoints/ele-fashion/seed_43_fold_2_TARGET_ONLY.pt,812338.0,True,True,"{'eligible_groups': 0, 'changed_groups': 0, 'multiset_preserved': True}",,,,,,,,,,,
ele-fashion,44,0,ENDPOINT,ENDPOINT,14,34,0.6012175679206848,0.5065819621086121,True,198278,1542.0,1028.0,26787.0,26787.0,True,True,outputs/l0_relation_function_learnability_audit/checkpoints/ele-fashion/seed_44_fold_0_ENDPOINT.pt,812367.0,True,True,"{'eligible_groups': 0, 'changed_groups': 0, 'multiset_preserved': True}",,,,,,,,,,,
ele-fashion,44,0,ENDPOINT_LOCAL,ENDPOINT_LOCAL,20,35,0.5966961979866028,0.5033524036407471,True,198278,1542.0,1542.0,26787.0,26787.0,True,True,outputs/l0_relation_function_learnability_audit/checkpoints/ele-fashion/seed_44_fold_0_ENDPOINT_LOCAL.pt,812367.0,True,True,"{'eligible_groups': 0, 'changed_groups': 0, 'multiset_preserved': True}",,,,,,,,,,,
ele-fashion,44,0,ENDPOINT_LOCAL_SHUFFLED_TARGET,ENDPOINT_LOCAL_SHUFFLED_TARGET,20,35,0.59712815284729,0.504310667514801,True,198278,1542.0,1542.0,26787.0,26787.0,True,True,outputs/l0_relation_function_learnability_audit/checkpoints/ele-fashion/seed_44_fold_0_ENDPOINT_LOCAL_SHUFFLED_TARGET.pt,812367.0,True,True,"{'eligible_groups': 3116, 'changed_groups': 3105, 'multiset_preserved': True}",,,,,,,,,,,
ele-fashion,44,0,Frozen_Q_PAIR,,150,150,0.6306621432304382,,True,4355,,,,,,True,outputs/l0_relation_function_learnability_audit/checkpoints/ele-fashion/seed_44_fold_0_Q_PAIR_text.pt,,,,,,,,,64.0,True,True,outputs/e01_function_provenance_preservation/checkpoints/ele-fashion/seed_44_keep_edge.pt,True,text,Q_PAIR
ele-fashion,44,0,Frozen_Q_PAIR,,73,88,0.5645766258239746,,True,4355,,,,,,True,outputs/l0_relation_function_learnability_audit/checkpoints/ele-fashion/seed_44_fold_0_Q_PAIR_visual.pt,,,,,,,,,64.0,True,True,outputs/e01_function_provenance_preservation/checkpoints/ele-fashion/seed_44_keep_edge.pt,True,visual,Q_PAIR
ele-fashion,44,0,Frozen_R_SHARED,,150,150,0.636532187461853,,True,4355,,,,,,True,outputs/l0_relation_function_learnability_audit/checkpoints/ele-fashion/seed_44_fold_0_R_SHARED_text.pt,,,,,,,,,64.0,True,True,outputs/e01_function_provenance_preservation/checkpoints/ele-fashion/seed_44_keep_edge.pt,True,text,R_SHARED
ele-fashion,44,0,Frozen_R_SHARED,,65,80,0.5697540044784546,,True,4355,,,,,,True,outputs/l0_relation_function_learnability_audit/checkpoints/ele-fashion/seed_44_fold_0_R_SHARED_visual.pt,,,,,,,,,64.0,True,True,outputs/e01_function_provenance_preservation/checkpoints/ele-fashion/seed_44_keep_edge.pt,True,visual,R_SHARED
ele-fashion,44,0,Frozen_U_MODAL,,150,150,0.6373809576034546,,True,4355,,,,,,True,outputs/l0_relation_function_learnability_audit/checkpoints/ele-fashion/seed_44_fold_0_U_MODAL_text.pt,,,,,,,,,64.0,True,True,outputs/e01_function_provenance_preservation/checkpoints/ele-fashion/seed_44_keep_edge.pt,True,text,U_MODAL
ele-fashion,44,0,Frozen_U_MODAL,,122,137,0.5694381594657898,,True,4355,,,,,,True,outputs/l0_relation_function_learnability_audit/checkpoints/ele-fashion/seed_44_fold_0_U_MODAL_visual.pt,,,,,,,,,64.0,True,True,outputs/e01_function_provenance_preservation/checkpoints/ele-fashion/seed_44_keep_edge.pt,True,visual,U_MODAL
ele-fashion,44,0,M0StateDirect,,39,54,0.5922849774360657,0.5076150298118591,True,46899,,,,,,True,outputs/l0_relation_function_learnability_audit/checkpoints/ele-fashion/seed_44_fold_0_M0StateDirect.pt,,,,,True,"{'q': 32, 'r': 64, 'u': 64}",True,0.0,,,,,,,
ele-fashion,44,0,SIM_ONLY,SIM_ONLY,46,61,0.613166093826294,0.5766078233718872,True,198278,1542.0,2.0,26787.0,26787.0,True,True,outputs/l0_relation_function_learnability_audit/checkpoints/ele-fashion/seed_44_fold_0_SIM_ONLY.pt,812367.0,True,True,"{'eligible_groups': 0, 'changed_groups': 0, 'multiset_preserved': True}",,,,,,,,,,,
ele-fashion,44,0,TARGET_ONLY,TARGET_ONLY,18,34,0.5978503227233887,0.540623664855957,True,198278,1542.0,513.0,26787.0,26787.0,True,True,outputs/l0_relation_function_learnability_audit/checkpoints/ele-fashion/seed_44_fold_0_TARGET_ONLY.pt,812367.0,True,True,"{'eligible_groups': 0, 'changed_groups': 0, 'multiset_preserved': True}",,,,,,,,,,,
ele-fashion,44,1,ENDPOINT,ENDPOINT,14,34,0.5441680550575256,0.513064444065094,True,198278,1542.0,1028.0,26788.0,26788.0,True,True,outputs/l0_relation_function_learnability_audit/checkpoints/ele-fashion/seed_44_fold_1_ENDPOINT.pt,812368.0,True,True,"{'eligible_groups': 0, 'changed_groups': 0, 'multiset_preserved': True}",,,,,,,,,,,
ele-fashion,44,1,ENDPOINT_LOCAL,ENDPOINT_LOCAL,27,42,0.538541853427887,0.4982039630413055,True,198278,1542.0,1542.0,26788.0,26788.0,True,True,outputs/l0_relation_function_learnability_audit/checkpoints/ele-fashion/seed_44_fold_1_ENDPOINT_LOCAL.pt,812368.0,True,True,"{'eligible_groups': 0, 'changed_groups': 0, 'multiset_preserved': True}",,,,,,,,,,,
ele-fashion,44,1,ENDPOINT_LOCAL_SHUFFLED_TARGET,ENDPOINT_LOCAL_SHUFFLED_TARGET,27,42,0.5392640233039856,0.4990915358066559,True,198278,1542.0,1542.0,26788.0,26788.0,True,True,outputs/l0_relation_function_learnability_audit/checkpoints/ele-fashion/seed_44_fold_1_ENDPOINT_LOCAL_SHUFFLED_TARGET.pt,812368.0,True,True,"{'eligible_groups': 3142, 'changed_groups': 3132, 'multiset_preserved': True}",,,,,,,,,,,
ele-fashion,44,1,Frozen_Q_PAIR,,85,100,0.5308836102485657,,True,4355,,,,,,True,outputs/l0_relation_function_learnability_audit/checkpoints/ele-fashion/seed_44_fold_1_Q_PAIR_text.pt,,,,,,,,,64.0,True,True,outputs/e01_function_provenance_preservation/checkpoints/ele-fashion/seed_44_keep_edge.pt,True,text,Q_PAIR
ele-fashion,44,1,Frozen_Q_PAIR,,134,149,0.5575309991836548,,True,4355,,,,,,True,outputs/l0_relation_function_learnability_audit/checkpoints/ele-fashion/seed_44_fold_1_Q_PAIR_visual.pt,,,,,,,,,64.0,True,True,outputs/e01_function_provenance_preservation/checkpoints/ele-fashion/seed_44_keep_edge.pt,True,visual,Q_PAIR
ele-fashion,44,1,Frozen_R_SHARED,,45,60,0.5342176556587219,,True,4355,,,,,,True,outputs/l0_relation_function_learnability_audit/checkpoints/ele-fashion/seed_44_fold_1_R_SHARED_text.pt,,,,,,,,,64.0,True,True,outputs/e01_function_provenance_preservation/checkpoints/ele-fashion/seed_44_keep_edge.pt,True,text,R_SHARED
ele-fashion,44,1,Frozen_R_SHARED,,122,137,0.5665619969367981,,True,4355,,,,,,True,outputs/l0_relation_function_learnability_audit/checkpoints/ele-fashion/seed_44_fold_1_R_SHARED_visual.pt,,,,,,,,,64.0,True,True,outputs/e01_function_provenance_preservation/checkpoints/ele-fashion/seed_44_keep_edge.pt,True,visual,R_SHARED
ele-fashion,44,1,Frozen_U_MODAL,,88,103,0.5352851152420044,,True,4355,,,,,,True,outputs/l0_relation_function_learnability_audit/checkpoints/ele-fashion/seed_44_fold_1_U_MODAL_text.pt,,,,,,,,,64.0,True,True,outputs/e01_function_provenance_preservation/checkpoints/ele-fashion/seed_44_keep_edge.pt,True,text,U_MODAL
ele-fashion,44,1,Frozen_U_MODAL,,150,150,0.5678396821022034,,True,4355,,,,,,True,outputs/l0_relation_function_learnability_audit/checkpoints/ele-fashion/seed_44_fold_1_U_MODAL_visual.pt,,,,,,,,,64.0,True,True,outputs/e01_function_provenance_preservation/checkpoints/ele-fashion/seed_44_keep_edge.pt,True,visual,U_MODAL
ele-fashion,44,1,M0StateDirect,,28,43,0.5410746932029724,0.5075252056121826,True,46899,,,,,,True,outputs/l0_relation_function_learnability_audit/checkpoints/ele-fashion/seed_44_fold_1_M0StateDirect.pt,,,,,True,"{'q': 32, 'r': 64, 'u': 64}",True,0.0,,,,,,,
ele-fashion,44,1,SIM_ONLY,SIM_ONLY,60,75,0.5570281744003296,0.5772451162338257,True,198278,1542.0,2.0,26788.0,26788.0,True,True,outputs/l0_relation_function_learnability_audit/checkpoints/ele-fashion/seed_44_fold_1_SIM_ONLY.pt,812368.0,True,True,"{'eligible_groups': 0, 'changed_groups': 0, 'multiset_preserved': True}",,,,,,,,,,,
ele-fashion,44,1,TARGET_ONLY,TARGET_ONLY,33,48,0.5439473390579224,0.5304998755455017,True,198278,1542.0,513.0,26788.0,26788.0,True,True,outputs/l0_relation_function_learnability_audit/checkpoints/ele-fashion/seed_44_fold_1_TARGET_ONLY.pt,812368.0,True,True,"{'eligible_groups': 0, 'changed_groups': 0, 'multiset_preserved': True}",,,,,,,,,,,
ele-fashion,44,2,ENDPOINT,ENDPOINT,18,34,0.6193363070487976,0.503151535987854,True,198278,1542.0,1028.0,26787.0,26787.0,True,True,outputs/l0_relation_function_learnability_audit/checkpoints/ele-fashion/seed_44_fold_2_ENDPOINT.pt,812369.0,True,True,"{'eligible_groups': 0, 'changed_groups': 0, 'multiset_preserved': True}",,,,,,,,,,,
ele-fashion,44,2,ENDPOINT_LOCAL,ENDPOINT_LOCAL,21,36,0.6162424683570862,0.4985522329807281,True,198278,1542.0,1542.0,26787.0,26787.0,True,True,outputs/l0_relation_function_learnability_audit/checkpoints/ele-fashion/seed_44_fold_2_ENDPOINT_LOCAL.pt,812369.0,True,True,"{'eligible_groups': 0, 'changed_groups': 0, 'multiset_preserved': True}",,,,,,,,,,,
ele-fashion,44,2,ENDPOINT_LOCAL_SHUFFLED_TARGET,ENDPOINT_LOCAL_SHUFFLED_TARGET,21,36,0.6163028478622437,0.4995973706245422,True,198278,1542.0,1542.0,26787.0,26787.0,True,True,outputs/l0_relation_function_learnability_audit/checkpoints/ele-fashion/seed_44_fold_2_ENDPOINT_LOCAL_SHUFFLED_TARGET.pt,812369.0,True,True,"{'eligible_groups': 3111, 'changed_groups': 3097, 'multiset_preserved': True}",,,,,,,,,,,
ele-fashion,44,2,Frozen_Q_PAIR,,147,150,0.6355753540992737,,True,4355,,,,,,True,outputs/l0_relation_function_learnability_audit/checkpoints/ele-fashion/seed_44_fold_2_Q_PAIR_text.pt,,,,,,,,,64.0,True,True,outputs/e01_function_provenance_preservation/checkpoints/ele-fashion/seed_44_keep_edge.pt,True,text,Q_PAIR
ele-fashion,44,2,Frozen_Q_PAIR,,87,102,0.5995445847511292,,True,4355,,,,,,True,outputs/l0_relation_function_learnability_audit/checkpoints/ele-fashion/seed_44_fold_2_Q_PAIR_visual.pt,,,,,,,,,64.0,True,True,outputs/e01_function_provenance_preservation/checkpoints/ele-fashion/seed_44_keep_edge.pt,True,visual,Q_PAIR
ele-fashion,44,2,Frozen_R_SHARED,,51,66,0.6399199962615967,,True,4355,,,,,,True,outputs/l0_relation_function_learnability_audit/checkpoints/ele-fashion/seed_44_fold_2_R_SHARED_text.pt,,,,,,,,,64.0,True,True,outputs/e01_function_provenance_preservation/checkpoints/ele-fashion/seed_44_keep_edge.pt,True,text,R_SHARED
ele-fashion,44,2,Frozen_R_SHARED,,101,116,0.6015150547027588,,True,4355,,,,,,True,outputs/l0_relation_function_learnability_audit/checkpoints/ele-fashion/seed_44_fold_2_R_SHARED_visual.pt,,,,,,,,,64.0,True,True,outputs/e01_function_provenance_preservation/checkpoints/ele-fashion/seed_44_keep_edge.pt,True,visual,R_SHARED
ele-fashion,44,2,Frozen_U_MODAL,,142,150,0.6397969126701355,,True,4355,,,,,,True,outputs/l0_relation_function_learnability_audit/checkpoints/ele-fashion/seed_44_fold_2_U_MODAL_text.pt,,,,,,,,,64.0,True,True,outputs/e01_function_provenance_preservation/checkpoints/ele-fashion/seed_44_keep_edge.pt,True,text,U_MODAL
ele-fashion,44,2,Frozen_U_MODAL,,105,120,0.6042119860649109,,True,4355,,,,,,True,outputs/l0_relation_function_learnability_audit/checkpoints/ele-fashion/seed_44_fold_2_U_MODAL_visual.pt,,,,,,,,,64.0,True,True,outputs/e01_function_provenance_preservation/checkpoints/ele-fashion/seed_44_keep_edge.pt,True,visual,U_MODAL
ele-fashion,44,2,M0StateDirect,,36,51,0.6168114542961121,0.4899057745933532,True,46899,,,,,,True,outputs/l0_relation_function_learnability_audit/checkpoints/ele-fashion/seed_44_fold_2_M0StateDirect.pt,,,,,True,"{'q': 32, 'r': 64, 'u': 64}",True,0.0,,,,,,,
ele-fashion,44,2,SIM_ONLY,SIM_ONLY,53,68,0.6280387043952942,0.5699321627616882,True,198278,1542.0,2.0,26787.0,26787.0,True,True,outputs/l0_relation_function_learnability_audit/checkpoints/ele-fashion/seed_44_fold_2_SIM_ONLY.pt,812369.0,True,True,"{'eligible_groups': 0, 'changed_groups': 0, 'multiset_preserved': True}",,,,,,,,,,,
ele-fashion,44,2,TARGET_ONLY,TARGET_ONLY,26,41,0.619024395942688,0.5258342027664185,True,198278,1542.0,513.0,26787.0,26787.0,True,True,outputs/l0_relation_function_learnability_audit/checkpoints/ele-fashion/seed_44_fold_2_TARGET_ONLY.pt,812369.0,True,True,"{'eligible_groups': 0, 'changed_groups': 0, 'multiset_preserved': True}",,,,,,,,,,,
