dataset,receiver_id,sender_id,directed_edge_index,modality,hop,delta_delete_old,delta_delete_matched,delta_comp_old,delta_comp_matched,compensation_feasible
Movies,1283,706,6720,text,1,0.0015371590852737427,0.0015372708439826965,0.00024878233671188354,0.0002488940954208374,True
Movies,934,1075,9484,text,1,-0.01077115535736084,-0.010770082473754883,0.006883502006530762,0.006884574890136719,True
Movies,9174,1200,10677,text,1,0.00014071539044380188,0.00014071539044380188,0.00014094263315200806,0.00014094263315200806,True
Movies,13259,1210,10757,text,1,0.00039796531200408936,0.0003980770707130432,0.0007890164852142334,0.0007891282439231873,True
Movies,8307,1762,15350,text,1,0.0003331601619720459,0.0003331601619720459,-0.00033757835626602173,-0.00033757835626602173,True
Movies,5371,1817,15742,text,1,-0.00016672350466251373,-0.00016672350466251373,1.2042000889778137e-05,1.2042000889778137e-05,True
Movies,2631,2320,19682,text,1,0.0011630095541477203,0.001162894070148468,0.0008632093667984009,0.0008630938827991486,True
Movies,10064,2835,23712,text,1,-0.009135961532592773,-0.009134292602539062,-0.004132747650146484,-0.0041310787200927734,True
Movies,10618,2960,24635,text,1,0.003945827484130859,0.003946185111999512,0.0023622512817382812,0.0023626089096069336,True
Movies,14374,3385,28202,text,1,0.007703870534896851,0.007703870534896851,-0.001615077257156372,-0.001615077257156372,True
Movies,16232,3635,29983,text,1,-0.0010659471154212952,-0.0010656192898750305,0.001146957278251648,0.0011472851037979126,True
Movies,14116,4232,35296,text,1,-0.013874173164367676,-0.013872504234313965,-0.038836121559143066,-0.038834452629089355,True
Movies,6666,4347,35931,text,1,-0.04054674506187439,-0.04054659605026245,,,False
Movies,3993,4411,36488,text,1,0.0009675510227680206,0.0009675510227680206,0.0005667544901371002,0.0005667544901371002,True
Movies,4654,4494,37043,text,1,-0.003109455108642578,-0.0031098127365112305,-0.003255307674407959,-0.0032556653022766113,True
Movies,4781,4834,39519,text,1,0.004533857107162476,0.004533588886260986,0.0030990242958068848,0.0030987560749053955,True
Movies,1615,4837,39546,text,1,0.012113869190216064,0.012113675475120544,0.0013731420040130615,0.0013729482889175415,True
Movies,10482,5193,42321,text,1,-0.0057053714990615845,-0.0057054609060287476,-0.0014409273862838745,-0.0014410167932510376,True
Movies,5521,5514,44979,text,1,0.012828320264816284,0.012828826904296875,,,False
Movies,9879,5652,46242,text,1,0.060753822326660156,0.06075453758239746,0.07803905010223389,0.07803976535797119,True
Movies,602,5673,46607,text,1,-0.0005638003349304199,-0.0005632638931274414,-0.0017535090446472168,-0.0017529726028442383,True
Movies,5898,5903,48642,text,1,6.002373993396759e-05,6.002373993396759e-05,4.549045115709305e-05,4.549045115709305e-05,True
Movies,5969,6049,49700,text,1,0.04641366004943848,0.04641222953796387,-0.01098334789276123,-0.01098477840423584,True
Movies,9084,6187,51034,text,1,6.535276770591736e-05,6.535276770591736e-05,8.15466046333313e-06,8.15466046333313e-06,True
Movies,6682,6684,55818,text,1,0.016492992639541626,0.016493678092956543,0.01523396372795105,0.015234649181365967,True
Movies,7651,6793,56697,text,1,-0.001689080148935318,-0.0016891956329345703,,,False
Movies,14883,7078,59485,text,1,0.0006679743528366089,0.000667870044708252,0.00047957152128219604,0.0004794672131538391,True
Movies,14500,7163,60358,text,1,0.004727303981781006,0.004727393388748169,0.005271613597869873,0.005271703004837036,True
Movies,7568,7326,62166,text,1,0.006181985139846802,0.006182074546813965,-0.0009442269802093506,-0.0009441375732421875,True
Movies,10067,8089,68800,text,1,0.024789541959762573,0.02478906512260437,0.019030362367630005,0.019029885530471802,True
Movies,3656,8167,69440,text,1,-0.019123077392578125,-0.01912224292755127,-0.01201939582824707,-0.012018561363220215,True
Movies,12878,8283,70549,text,1,-0.0019430220127105713,-0.0019432902336120605,-0.0024021565914154053,-0.0024024248123168945,True
Movies,7500,8436,71721,text,1,0.0031717419624328613,0.0031720399856567383,0.0028001368045806885,0.0028004348278045654,True
Movies,15525,8782,75586,text,1,0.001224026083946228,0.001224026083946228,0.0007778853178024292,0.0007778853178024292,True
Movies,3017,9059,77912,text,1,-0.002046748995780945,-0.0020468533039093018,0.0018515661358833313,0.0018514618277549744,True
Movies,5150,9257,79815,text,1,-0.0012279748916625977,-0.0012271404266357422,-0.0016811490058898926,-0.0016803145408630371,True
Movies,9078,10104,88568,text,1,0.0043926239013671875,0.00439143180847168,0.0005631446838378906,0.0005619525909423828,True
Movies,2252,10183,89310,text,1,0.0031893253326416016,0.0031887292861938477,0.003771543502807617,0.0037709474563598633,True
Movies,1415,10438,92047,text,1,0.0016087591648101807,0.0016089677810668945,0.0015583932399749756,0.0015586018562316895,True
Movies,5698,10699,94722,text,1,0.003043562173843384,0.003043651580810547,0.0037083029747009277,0.003708392381668091,True
Movies,4012,10881,96228,text,1,-0.007792353630065918,-0.007792115211486816,0.002393186092376709,0.0023934245109558105,True
Movies,13437,11183,99310,text,1,-0.0060672760009765625,-0.006067156791687012,-0.0014188289642333984,-0.0014187097549438477,True
Movies,10783,11356,100784,text,1,0.06322038173675537,0.06321918964385986,0.00047969818115234375,0.00047850608825683594,True
Movies,10148,11567,102734,text,1,0.002817809581756592,0.0028184354305267334,0.0029819607734680176,0.002982586622238159,True
Movies,13100,11577,102895,text,1,0.00040215253829956055,0.0004025697708129883,0.00027507543563842773,0.00027549266815185547,True
Movies,10228,11774,105065,text,1,0.0005344152450561523,0.0005346238613128662,0.00011804699897766113,0.000118255615234375,True
Movies,9380,12289,110068,text,1,-0.034553781151771545,-0.034553319215774536,,,False
Movies,16195,12421,111303,text,1,0.0026379823684692383,0.0026375651359558105,0.002087831497192383,0.002087414264678955,True
Movies,9801,12435,111573,text,1,-0.0002437978982925415,-0.00024361908435821533,-0.0009621977806091309,-0.0009620189666748047,True
Movies,8684,12454,111677,text,1,0.00016294978559017181,0.00016294978559017181,1.0555610060691833e-05,1.0555610060691833e-05,True
Movies,5978,13174,120236,text,1,6.281211972236633e-05,6.281211972236633e-05,-0.00022696703672409058,-0.00022696703672409058,True
Movies,5766,13549,124385,text,1,0.033533453941345215,0.03353583812713623,0.009065389633178711,0.009067773818969727,True
Movies,6406,13712,126426,text,1,0.001166999340057373,0.0011677443981170654,0.0003040730953216553,0.00030481815338134766,True
Movies,26,13777,127203,text,1,0.01269674301147461,0.012698173522949219,0.0027179718017578125,0.002719402313232422,True
Movies,10978,13807,127472,text,1,0.014769792556762695,0.014768838882446289,-0.0005528926849365234,-0.0005538463592529297,True
Movies,9833,14084,130748,text,1,0.00028614699840545654,0.00028593093156814575,1.1011958122253418e-05,1.0795891284942627e-05,True
Movies,12759,14392,133875,text,1,-0.006162405014038086,-0.006163358688354492,-0.004018187522888184,-0.00401914119720459,True
Movies,400,14794,138484,text,1,-0.0019756555557250977,-0.001975417137145996,0.004971981048583984,0.004972219467163086,True
Movies,6922,14980,140711,text,1,-0.006453096866607666,-0.0064542293548583984,-0.005449831485748291,-0.0054509639739990234,True
Movies,11210,15022,141063,text,1,-0.003332972526550293,-0.003333449363708496,-0.004788994789123535,-0.004789471626281738,True
Movies,5870,15115,142081,text,1,-0.002788066864013672,-0.0027884244918823242,-0.0020471811294555664,-0.0020475387573242188,True
Movies,13685,15417,145767,text,1,0.004647046327590942,0.004647672176361084,-0.0029724538326263428,-0.002971827983856201,True
Movies,11745,15805,150173,text,1,-0.0006715059280395508,-0.0006711483001708984,-0.0016629397869110107,-0.0016625821590423584,True
Movies,1034,16364,157084,text,1,-0.012192070484161377,-0.01219189167022705,-0.014125525951385498,-0.014125347137451172,True
Movies,147,99,941,text,2,0.00024275481700897217,0.00024275481700897217,-2.3737549781799316e-05,-2.3737549781799316e-05,True
Movies,139,163,1757,text,2,0.004765927791595459,0.004765927791595459,0.0016261637210845947,0.0016261637210845947,True
Movies,4733,375,3554,text,2,-0.00014632940292358398,-0.00014682114124298096,9.879469871520996e-06,9.387731552124023e-06,True
Movies,16397,392,4111,text,2,0.004373908042907715,0.0043746232986450195,-0.001522660255432129,-0.0015219449996948242,True
Movies,685,496,4850,text,2,6.792694330215454e-05,6.770342588424683e-05,-1.4036893844604492e-05,-1.4260411262512207e-05,True
Movies,12114,651,6289,text,2,6.194412708282471e-05,6.204843521118164e-05,-3.390014171600342e-05,-3.3795833587646484e-05,True
Movies,4705,854,7835,text,2,-0.005808115005493164,-0.005807638168334961,0.0024524927139282227,0.0024529695510864258,True
Movies,918,1053,9340,text,2,-0.0001538395881652832,-0.0001538395881652832,-4.909932613372803e-06,-4.909932613372803e-06,True
Movies,5929,1141,10020,text,2,0.0002906620502471924,0.0002906620502471924,-0.0007793307304382324,-0.0007793307304382324,True
Movies,1742,1482,13071,text,2,-0.0005015134811401367,-0.0005008578300476074,-0.00011307001113891602,-0.00011241436004638672,True
Movies,2700,1877,16144,text,2,0.02473515272140503,0.024734079837799072,0.06070995330810547,0.06070888042449951,True
Movies,11444,2312,19546,text,2,4.775822162628174e-06,4.6603381633758545e-06,-2.3283064365386963e-07,-3.4831464290618896e-07,True
Movies,1740,2418,20523,text,2,-0.015074729919433594,-0.015073776245117188,,,False
Movies,1215,2871,23937,text,2,0.0015034675598144531,0.0015017986297607422,-0.0003520846366882324,-0.00035375356674194336,True
Movies,14557,3225,26952,text,2,-0.00010001659393310547,-0.00010001659393310547,1.0013580322265625e-05,1.0013580322265625e-05,True
Movies,11824,3303,27735,text,2,-0.002179652452468872,-0.0021798908710479736,0.002372652292251587,0.0023724138736724854,True
Movies,15890,3322,27872,text,2,0.0010915398597717285,0.001093149185180664,-0.00013136863708496094,-0.0001297593116760254,True
Movies,3828,3328,27917,text,2,-0.0018981099128723145,-0.0018984675407409668,-0.00014823675155639648,-0.00014859437942504883,True
Movies,7816,3532,29173,text,2,0.001117706298828125,0.001117706298828125,-0.001347959041595459,-0.001347959041595459,True
Movies,6033,4279,35632,text,2,0.014209270477294922,0.014208197593688965,,,False
Movies,4477,4454,36854,text,2,0.0074918270111083984,0.007491111755371094,0.0026297569274902344,0.0026290416717529297,True
Movies,10784,4524,37243,text,2,-0.0033646821975708008,-0.0033637285232543945,0.000630497932434082,0.0006314516067504883,True
Movies,2795,4833,39469,text,2,0.0005717277526855469,0.0005710124969482422,5.602836608886719e-06,4.887580871582031e-06,True
Movies,13673,4880,39950,text,2,0.0006743669509887695,0.0006740093231201172,3.910064697265625e-05,3.8743019104003906e-05,True
Movies,14048,5499,44856,text,2,0.0002032071352005005,0.00020309537649154663,3.28943133354187e-05,3.2782554626464844e-05,True
Movies,3591,5617,45969,text,2,0.0030731335282325745,0.0030733495950698853,0.0012633875012397766,0.0012636035680770874,True
Movies,6787,6196,51160,text,2,-0.0009905695915222168,-0.000992894172668457,0.000258028507232666,0.0002557039260864258,True
Movies,14368,6200,51269,text,2,-0.0002876967191696167,-0.0002876967191696167,-3.3289194107055664e-05,-3.3289194107055664e-05,True
Movies,14123,6424,53311,text,2,-0.0005806684494018555,-0.0005804896354675293,-4.553794860839844e-05,-4.5359134674072266e-05,True
Movies,1816,7040,59161,text,2,0.00011042691767215729,0.00011042691767215729,0.00033872388303279877,0.00033872388303279877,True
Movies,2652,7175,60463,text,2,-0.0010821819305419922,-0.0010824203491210938,0.0009516477584838867,0.0009514093399047852,True
Movies,818,7535,64168,text,2,-5.5789947509765625e-05,-5.507469177246094e-05,-7.277727127075195e-05,-7.206201553344727e-05,True
Movies,534,8243,70191,text,2,-6.4373016357421875e-06,-6.109476089477539e-06,0.00041726231575012207,0.0004175901412963867,True
Movies,3801,8249,70312,text,2,0.0065631866455078125,0.0065631866455078125,,,False
Movies,4163,8354,71174,text,2,0.0012274980545043945,0.0012276172637939453,-0.0011404752731323242,-0.0011403560638427734,True
Movies,13560,8782,75583,text,2,0.0002256333827972412,0.00022661685943603516,-9.119510650634766e-06,-8.13603401184082e-06,True
Movies,5849,8851,76063,text,2,0.002501189708709717,0.002501189708709717,0.0008500218391418457,0.0008500218391418457,True
Movies,5109,9159,78953,text,2,0.0015447735786437988,0.001544356346130371,-0.0006139874458312988,-0.0006144046783447266,True
Movies,8024,9772,85118,text,2,-0.0021138042211532593,-0.002113908529281616,0.0025443583726882935,0.0025442540645599365,True
Movies,11620,10075,88391,text,2,-0.00653761625289917,-0.006536543369293213,0.032657623291015625,0.03265869617462158,True
Movies,9649,11125,98725,text,2,0.00728452205657959,0.007283598184585571,0.004510402679443359,0.004509478807449341,True
Movies,14270,11136,98907,text,2,9.745359420776367e-05,9.655952453613281e-05,-0.000340878963470459,-0.00034177303314208984,True
Movies,2252,11203,99542,text,2,-0.0020647048950195312,-0.002065300941467285,-0.0017163753509521484,-0.0017169713973999023,True
Movies,12094,11265,100211,text,2,-0.0004014521837234497,-0.0004016682505607605,-0.00019887089729309082,-0.0001990869641304016,True
Movies,12614,11444,101421,text,2,4.2088329792022705e-05,4.197657108306885e-05,1.0408461093902588e-05,1.029670238494873e-05,True
Movies,8323,11502,102102,text,2,0.00013333559036254883,0.00013312697410583496,7.387995719909668e-05,7.367134094238281e-05,True
Movies,9421,11573,102799,text,2,0.000187017023563385,0.00018712878227233887,6.421655416488647e-05,6.432831287384033e-05,True
Movies,12411,11615,103214,text,2,0.009316563606262207,0.00931704044342041,0.0062334537506103516,0.006233930587768555,True
Movies,15570,11797,105355,text,2,0.0020662248134613037,0.0020660459995269775,-0.0005326569080352783,-0.0005328357219696045,True
Movies,13541,12010,107444,text,2,-0.00028258562088012695,-0.00028380751609802246,8.818507194519043e-05,8.696317672729492e-05,True
Movies,15180,12406,111159,text,2,-0.0013202130794525146,-0.0013203024864196777,-4.6759843826293945e-05,-4.684925079345703e-05,True
Movies,9415,12698,114585,text,2,0.00033479928970336914,0.00033479928970336914,3.139674663543701e-05,3.139674663543701e-05,True
Movies,10157,12914,117255,text,2,0.0004075765609741211,0.000407487154006958,0.0002613663673400879,0.0002612769603729248,True
Movies,16224,13122,119680,text,2,0.0003979802131652832,0.0003974437713623047,0.00020560622215270996,0.00020506978034973145,True
Movies,12553,13568,124723,text,2,0.0004901587963104248,0.0004904568195343018,-0.0001494288444519043,-0.00014913082122802734,True
Movies,12115,13653,125756,text,2,0.0036870241165161133,0.0036870241165161133,0.006165534257888794,0.006165534257888794,True
Movies,9448,14463,134595,text,2,0.007567882537841797,0.007567286491394043,0.0007594823837280273,0.0007588863372802734,True
Movies,9036,14670,137201,text,2,-0.0008109807968139648,-0.0008108615875244141,-0.00011086463928222656,-0.00011074542999267578,True
Movies,6068,14834,138950,text,2,0.0012285709381103516,0.0012285709381103516,0.0009222030639648438,0.0009222030639648438,True
Movies,10239,14841,139057,text,2,-0.004379570484161377,-0.004380762577056885,-0.0010339021682739258,-0.0010350942611694336,True
Movies,16510,14896,139680,text,2,-0.0036695003509521484,-0.0036702752113342285,-0.00224381685256958,-0.00224459171295166,True
Movies,13719,15269,143900,text,2,0.0008780956268310547,0.0008783042430877686,-0.0006003379821777344,-0.0006001293659210205,True
Movies,10058,15336,144687,text,2,1.8382444977760315e-05,1.8382444977760315e-05,-0.0001226365566253662,-0.0001226365566253662,True
Movies,8023,15347,144781,text,2,-0.00022900104522705078,-0.00022971630096435547,0.0020241737365722656,0.002023458480834961,True
Movies,13901,15915,151444,text,2,6.246380507946014e-06,6.128102540969849e-06,3.417953848838806e-06,3.2996758818626404e-06,True
Movies,15292,16086,153518,text,2,5.62034547328949e-05,5.62034547328949e-05,3.417953848838806e-05,3.417953848838806e-05,True
Movies,14037,16193,154717,text,2,-0.00010249018669128418,-0.00010206550359725952,0.00010354816913604736,0.00010397285223007202,True
Movies,14483,16662,160649,text,2,-0.006488025188446045,-0.006487429141998291,-0.0014523565769195557,-0.0014517605304718018,True
Movies,105,133,1374,text,3,-0.0005003958940505981,-0.0005006939172744751,-0.00010579824447631836,-0.00010609626770019531,True
Movies,527,436,4385,text,3,0.0007531642913818359,0.0007529258728027344,4.1484832763671875e-05,4.124641418457031e-05,True
Movies,1279,496,4855,text,3,-3.381073474884033e-05,-3.452599048614502e-05,6.109476089477539e-06,5.3942203521728516e-06,True
Movies,15921,554,5573,text,3,0.0065538883209228516,0.0065538883209228516,,,False
Movies,15744,930,8498,text,3,0.0003485679626464844,0.00034928321838378906,7.939338684082031e-05,8.0108642578125e-05,True
Movies,15836,957,8712,text,3,0.00210687518119812,0.0021075010299682617,0.0007685422897338867,0.0007691681385040283,True
Movies,4734,1290,11492,text,3,0.00039845705032348633,0.00039836764335632324,-0.00011675059795379639,-0.00011684000492095947,True
Movies,3580,1405,12470,text,3,-4.727393388748169e-06,-4.727393388748169e-06,-1.6540288925170898e-06,-1.6540288925170898e-06,True
Movies,1576,3110,26031,text,3,-0.0009229183197021484,-0.0009237527847290039,0.0002455711364746094,0.0002447366714477539,True
Movies,365,4733,38711,text,3,4.730746150016785e-05,4.730746150016785e-05,7.206574082374573e-06,7.206574082374573e-06,True
Movies,14978,4879,39912,text,3,-1.449882984161377e-05,-1.399219036102295e-05,-1.1324882507324219e-06,-6.258487701416016e-07,True
Movies,13673,4881,40048,text,3,-0.0009645223617553711,-0.0009648799896240234,-0.00041997432708740234,-0.0004203319549560547,True
Movies,4485,5400,43952,text,3,0.0034407973289489746,0.0034404397010803223,-0.0007929205894470215,-0.0007932782173156738,True
Movies,5251,5528,45025,text,3,-4.799850285053253e-05,-4.799850285053253e-05,2.033635973930359e-05,2.033635973930359e-05,True
Movies,3902,5892,48429,text,3,0.0007873773574829102,0.0007860660552978516,-0.0008186101913452148,-0.0008199214935302734,True
Movies,5898,5906,48671,text,3,1.252535730600357e-05,1.252535730600357e-05,1.5366822481155396e-06,1.5366822481155396e-06,True
Movies,2138,6000,49255,text,3,0.003018617630004883,0.0030188560485839844,0.00225067138671875,0.0022509098052978516,True
Movies,14123,6424,53311,text,3,0.000871807336807251,0.0008719861507415771,-0.00024250149726867676,-0.00024232268333435059,True
Movies,6474,6470,53769,text,3,-0.00019669532775878906,-0.00019633769989013672,-2.2709369659423828e-05,-2.2351741790771484e-05,True
Movies,3471,7294,61921,text,3,-0.000501975417137146,-0.000502169132232666,-0.0001738816499710083,-0.00017407536506652832,True
Movies,14422,7331,62241,text,3,-0.0035215914249420166,-0.0035215914249420166,,,False
Movies,8065,7386,62796,text,3,-0.007772922515869141,-0.007773637771606445,0.00593113899230957,0.005930423736572266,True
Movies,7084,8127,69146,text,3,-0.0039473772048950195,-0.0039452314376831055,0.007960796356201172,0.007962942123413086,True
Movies,419,8464,72084,text,3,0.0014532804489135742,0.001452326774597168,0.0007228851318359375,0.0007219314575195312,True
Movies,10064,8933,76858,text,3,0.0009024143218994141,0.000904083251953125,-0.00467228889465332,-0.004670619964599609,True
Movies,8381,9107,78481,text,3,-0.0012123286724090576,-0.0012122392654418945,0.00020521879196166992,0.000205308198928833,True
Movies,14113,9158,78952,text,3,0.00013725459575653076,0.0001369565725326538,-8.493661880493164e-05,-8.52346420288086e-05,True
Movies,2730,9266,79945,text,3,-0.00015579164028167725,-0.00015620887279510498,-8.954107761383057e-05,-8.99583101272583e-05,True
Movies,14467,9528,82832,text,3,0.00886392593383789,0.008861303329467773,-0.016691207885742188,-0.016693830490112305,True
Movies,4031,9664,84051,text,3,-0.00022813677787780762,-0.00022780895233154297,8.442997932434082e-05,8.475780487060547e-05,True
Movies,11671,10252,90025,text,3,-8.325278759002686e-05,-8.39531421661377e-05,-3.1441450119018555e-05,-3.2141804695129395e-05,True
Movies,10978,11752,104825,text,3,0.014547586441040039,0.014546632766723633,-0.0005712509155273438,-0.00057220458984375,True
Movies,11860,11861,105849,text,3,-0.0010849237442016602,-0.0010849237442016602,-3.546476364135742e-06,-3.546476364135742e-06,True
Movies,8050,11924,106663,text,3,4.9583613872528076e-05,4.9583613872528076e-05,2.4165958166122437e-05,2.4165958166122437e-05,True
Movies,7669,12147,108940,text,3,-0.006200015544891357,-0.0062004923820495605,-0.0005423426628112793,-0.0005428194999694824,True
Movies,4146,12258,109884,text,3,-0.0011334419250488281,-0.001132965087890625,0.0013043880462646484,0.0013048648834228516,True
Movies,12603,12413,111225,text,3,0.0011484026908874512,0.0011470317840576172,-0.0003693699836730957,-0.0003707408905029297,True
Movies,8536,13297,121397,text,3,-0.00020469725131988525,-0.00020459294319152832,-0.00037841498851776123,-0.0003783106803894043,True
Movies,12808,13431,123300,text,3,-7.191300392150879e-05,-7.206201553344727e-05,4.363059997558594e-05,4.348158836364746e-05,True
Movies,1161,13708,126247,text,3,-0.00017951428890228271,-0.00017961859703063965,-0.00012040138244628906,-0.000120505690574646,True
Movies,7477,14156,131510,text,3,0.003475368022918701,0.0034743547439575195,-0.0011744499206542969,-0.0011754631996154785,True
Movies,14963,14294,132788,text,3,0.0036230087280273438,0.00362241268157959,-0.0006881952285766602,-0.0006887912750244141,True
Movies,9448,14463,134595,text,3,-0.007872819900512695,-0.00787341594696045,0.003046572208404541,0.003045976161956787,True
Movies,11847,14587,136208,text,3,0.0003231465816497803,0.0003231465816497803,-5.470588803291321e-05,-5.470588803291321e-05,True
Movies,11174,14873,139424,text,3,0.001590132713317871,0.0015881061553955078,0.00011789798736572266,0.00011587142944335938,True
Movies,15196,14950,140201,text,3,-0.000152587890625,-0.00015342235565185547,0.0002865791320800781,0.00028574466705322266,True
Movies,5275,15233,143449,text,3,0.0010321736335754395,0.0010326504707336426,0.00032323598861694336,0.0003237128257751465,True
Movies,8023,15347,144781,text,3,0.0018308162689208984,0.0018301010131835938,-0.0002092123031616211,-0.00020992755889892578,True
Movies,11745,15394,145472,text,3,-0.0012379884719848633,-0.001237630844116211,-0.000665128231048584,-0.0006647706031799316,True
Movies,15284,15464,146416,text,3,-0.00032354891300201416,-0.0003236532211303711,-4.5880675315856934e-05,-4.598498344421387e-05,True
Movies,6842,15677,148598,text,3,-0.0015243291854858398,-0.0015238523483276367,0.00030744075775146484,0.00030791759490966797,True
Movies,7811,15735,149222,text,3,0.00032511353492736816,0.0003256499767303467,0.00011995434761047363,0.00012049078941345215,True
Movies,3496,16223,155321,text,3,-0.00424465537071228,-0.004244506359100342,,,False
Movies,16301,16269,155940,text,3,0.0020825862884521484,0.0020821094512939453,-0.0009282827377319336,-0.0009287595748901367,True
Movies,608,257,2254,text,4,0.006334781646728516,0.006333351135253906,0.0019162893295288086,0.0019148588180541992,True
Movies,15354,326,2629,text,4,-0.0004882961511611938,-0.0004885196685791016,-1.2934207916259766e-05,-1.315772533416748e-05,True
Movies,358,356,2991,text,4,3.106333315372467e-05,3.106333315372467e-05,1.7648562788963318e-06,1.7648562788963318e-06,True
Movies,12510,455,4491,text,4,-0.00029790401458740234,-0.0002969503402709961,,,False
Movies,1215,820,7601,text,4,-0.007261693477630615,-0.007263362407684326,0.012526869773864746,0.012525200843811035,True
Movies,918,1053,9340,text,4,0.0008260160684585571,0.0008260160684585571,6.390362977981567e-05,6.390362977981567e-05,True
Movies,2786,1517,13271,text,4,0.0030519291758537292,0.0030519291758537292,-0.0015173107385635376,-0.0015173107385635376,True
Movies,4128,1952,16961,text,4,0.00026491284370422363,0.00026513636112213135,0.00016822665929794312,0.00016845017671585083,True
Movies,2867,2316,19602,text,4,-0.0021628737449645996,-0.002163112163543701,,,False
Movies,4880,3160,26469,text,4,-0.00037288665771484375,-0.0003725290298461914,0.00018143653869628906,0.0001817941665649414,True
Movies,6494,3161,26486,text,4,0.00900297611951828,0.009003184735774994,,,False
Movies,282,3514,29074,text,4,-6.282329559326172e-05,-6.29425048828125e-05,-0.0007107257843017578,-0.0007108449935913086,True
Movies,11991,3563,29477,text,4,0.00201261043548584,0.002012491226196289,0.00026738643646240234,0.00026726722717285156,True
Movies,9641,5077,41475,text,4,-0.0005148649215698242,-0.000514984130859375,0.0015801787376403809,0.00158005952835083,True
Movies,1834,5126,41845,text,4,0.010399118065834045,0.010399430990219116,,,False
Movies,1575,5240,42648,text,4,0.0008588433265686035,0.0008580684661865234,0.0002525448799133301,0.00025177001953125,True
Movies,5371,5616,45959,text,4,6.0673803091049194e-05,6.0673803091049194e-05,-3.764405846595764e-05,-3.764405846595764e-05,True
Movies,15347,5857,48108,text,4,0.005546689033508301,0.005546212196350098,-0.0011425018310546875,-0.0011429786682128906,True
Movies,7875,6041,49591,text,4,0.0019013285636901855,0.0019019246101379395,-8.994340896606445e-05,-8.934736251831055e-05,True
Movies,5564,6042,49622,text,4,-0.0020598173141479492,-0.0020606517791748047,-0.00019678473472595215,-0.00019761919975280762,True
Movies,13724,6756,56378,text,4,-5.1895156502723694e-05,-5.1895156502723694e-05,-1.5813857316970825e-05,-1.5813857316970825e-05,True
Movies,4159,7349,62448,text,4,-0.0023643970489501953,-0.0023651123046875,-0.0011601448059082031,-0.0011608600616455078,True
Movies,15347,7461,63686,text,4,0.007059812545776367,0.007059335708618164,0.002826690673828125,0.002826213836669922,True
Movies,1863,7730,65657,text,4,-0.0009440332651138306,-0.0009436309337615967,0.000418245792388916,0.0004186481237411499,True
Movies,13827,9307,80507,text,4,0.008881822228431702,0.00888131558895111,-0.001507401466369629,-0.0015079081058502197,True
Movies,10173,9684,84299,text,4,-0.000610649585723877,-0.0006113648414611816,0.0003954172134399414,0.0003947019577026367,True
Movies,11649,9838,85817,text,4,0.00019985437393188477,0.00019985437393188477,-0.00011429190635681152,-0.00011429190635681152,True
Movies,14875,9902,86261,text,4,-0.0021220147609710693,-0.0021219253540039062,0.001693814992904663,0.0016939043998718262,True
Movies,6742,9919,86438,text,4,0.001991361379623413,0.001991257071495056,,,False
Movies,13816,10307,90618,text,4,0.002841353416442871,0.0028412342071533203,-0.010124564170837402,-0.010124683380126953,True
Movies,15322,10375,91199,text,4,0.004900455474853516,0.004900455474853516,-0.0022230148315429688,-0.0022230148315429688,True
Movies,16174,10561,93615,text,4,0.00031785666942596436,0.0003174319863319397,0.00011119991540908813,0.00011077523231506348,True
Movies,6928,10933,96580,text,4,-0.001070469617843628,-0.0010704100131988525,-0.0013368725776672363,-0.001336812973022461,True
Movies,7168,11702,104261,text,4,0.015839874744415283,0.01584070920944214,-0.006166934967041016,-0.00616610050201416,True
Movies,13737,11810,105456,text,4,0.001453399658203125,0.0014531612396240234,-0.014357805252075195,-0.014358043670654297,True
Movies,11648,11971,107005,text,4,2.288818359375e-05,2.2411346435546875e-05,-0.00012302398681640625,-0.00012350082397460938,True
Movies,1557,12048,107733,text,4,0.002665281295776367,0.002665281295776367,-0.0006897449493408203,-0.0006897449493408203,True
Movies,14095,12433,111534,text,4,-3.3400021493434906e-05,-3.3400021493434906e-05,-5.783513188362122e-06,-5.783513188362122e-06,True
Movies,4400,12727,114841,text,4,0.0013322830200195312,0.0013325214385986328,,,False
Movies,558,13052,118681,text,4,0.0017861127853393555,0.0017886459827423096,0.001255422830581665,0.0012579560279846191,True
Movies,13945,13080,119142,text,4,-0.0009710043668746948,-0.0009709000587463379,-0.00041947513818740845,-0.0004193708300590515,True
Movies,15367,13158,120030,text,4,-0.0014473199844360352,-0.0014481544494628906,8.83340835571289e-05,8.749961853027344e-05,True
Movies,7755,13239,120920,text,4,-0.00018194317817687988,-0.0001821368932723999,-0.0004039257764816284,-0.00040411949157714844,True
Movies,10486,13244,120958,text,4,0.006733119487762451,0.006732523441314697,0.0019074082374572754,0.0019068121910095215,True
Movies,14162,13322,121709,text,4,6.0364603996276855e-05,6.046891212463379e-05,6.273388862609863e-05,6.283819675445557e-05,True
Movies,13510,14201,131965,text,4,-0.0010603666305541992,-0.0010597705841064453,0.0013507604598999023,0.0013513565063476562,True
Movies,13508,14202,131978,text,4,0.00665891170501709,0.006658792495727539,0.0013782978057861328,0.001378178596496582,True
Movies,937,14274,132515,text,4,0.003904774785041809,0.0039045587182044983,0.0026595890522003174,0.0026593729853630066,True
Movies,14335,14418,134194,text,4,1.3150274753570557e-05,1.3034790754318237e-05,-1.9667670130729675e-05,-1.9783154129981995e-05,True
Movies,14954,14977,140683,text,4,-0.003361344337463379,-0.003361344337463379,-0.003511965274810791,-0.003511965274810791,True
Movies,6963,15241,143561,text,4,-0.002919018268585205,-0.002917766571044922,-0.0015249848365783691,-0.001523733139038086,True
Movies,11745,15394,145472,text,4,0.0009160041809082031,0.0009163618087768555,0.0007753074169158936,0.0007756650447845459,True
Movies,8698,15449,146143,text,4,0.00015747547149658203,0.00015670061111450195,0.00038295984268188477,0.0003821849822998047,True
Movies,5586,15465,146423,text,4,-1.481175422668457e-05,-1.4923512935638428e-05,0.0003210604190826416,0.00032094866037368774,True
Movies,14095,15619,148031,text,4,-3.540609031915665e-05,-3.540609031915665e-05,-1.5342608094215393e-05,-1.5342608094215393e-05,True
Movies,12190,15682,148625,text,4,-4.834681749343872e-05,-4.8123300075531006e-05,3.4868717193603516e-05,3.509223461151123e-05,True
Movies,5653,15920,151543,text,4,-0.0012035220861434937,-0.0012033283710479736,-0.0004128068685531616,-0.0004126131534576416,True
Movies,10719,16282,156134,text,4,-0.00034627318382263184,-0.000346161425113678,,,False
Movies,13003,16541,158918,text,4,-0.0005585253238677979,-0.0005589425563812256,0.00024816393852233887,0.00024774670600891113,True
Movies,132,110,1156,visual,1,0.004215911030769348,0.004215702414512634,0.0020358413457870483,0.0020356327295303345,True
Movies,14064,293,2485,visual,1,-0.0033621788024902344,-0.0033611059188842773,-0.013094425201416016,-0.013093352317810059,True
Movies,15151,427,4342,visual,1,-0.08770054578781128,-0.08769959211349487,-0.0837428867816925,-0.0837419331073761,True
Movies,6184,436,4399,visual,1,0.0446164608001709,0.044615864753723145,,,False
Movies,1708,566,5655,visual,1,-0.014813780784606934,-0.014813661575317383,-0.0416715145111084,-0.04167139530181885,True
Movies,3526,814,7509,visual,1,-0.0034301280975341797,-0.0034312009811401367,0.0039348602294921875,0.0039337873458862305,True
Movies,1742,1482,13071,visual,1,-0.002257108688354492,-0.002256453037261963,-0.006034672260284424,-0.0060340166091918945,True
Movies,1973,1763,15356,visual,1,0.10193949937820435,0.10193943977355957,0.03353762626647949,0.03353756666183472,True
Movies,7482,1815,15725,visual,1,-0.006841480731964111,-0.006841421127319336,-0.022208333015441895,-0.02220827341079712,True
Movies,5130,1948,16917,visual,1,0.004975318908691406,0.004975318908691406,-0.007114395499229431,-0.007114395499229431,True
Movies,14816,1948,16925,visual,1,-0.12487101554870605,-0.12487244606018066,-0.050778865814208984,-0.050780296325683594,True
Movies,3680,2122,18264,visual,1,0.004089057445526123,0.00408896803855896,0.0012401938438415527,0.0012401044368743896,True
Movies,2205,2158,18529,visual,1,0.023245036602020264,0.023244380950927734,0.023216187953948975,0.023215532302856445,True
Movies,1899,2683,22498,visual,1,0.013741075992584229,0.013740897178649902,0.017704665660858154,0.017704486846923828,True
Movies,13395,3248,27133,visual,1,-0.02252793312072754,-0.02252650260925293,-0.013239622116088867,-0.013238191604614258,True
Movies,2138,3676,30429,visual,1,0.09092903137207031,0.09092926979064941,0.04305672645568848,0.04305696487426758,True
Movies,10710,3733,30898,visual,1,-0.0637444257736206,-0.06374454498291016,-0.07612133026123047,-0.07612144947052002,True
Movies,6383,3867,32187,visual,1,0.0274103581905365,0.02741055190563202,0.028368636965751648,0.028368830680847168,True
Movies,16552,3973,32991,visual,1,-0.048012614250183105,-0.048012495040893555,-0.02028203010559082,-0.02028191089630127,True
Movies,6888,4447,36696,visual,1,-0.0036011338233947754,-0.0036011338233947754,0.00769883394241333,0.00769883394241333,True
Movies,5323,5045,41242,visual,1,-0.011738806962966919,-0.011738330125808716,-0.07445144653320312,-0.07445096969604492,True
Movies,5701,5472,44477,visual,1,-0.2367771863937378,-0.23677682876586914,-0.3315631151199341,-0.33156275749206543,True
Movies,10834,5592,45613,visual,1,0.1071242094039917,0.1071244478225708,,,False
Movies,7783,6408,53157,visual,1,-0.0003270544111728668,-0.0003270544111728668,-0.0006597898900508881,-0.0006597898900508881,True
Movies,9833,6565,54456,visual,1,-0.0007441267371177673,-0.0007443428039550781,-0.00033142417669296265,-0.00033164024353027344,True
Movies,14277,7217,61014,visual,1,-0.0001033097505569458,-0.0001033097505569458,-0.00016312487423419952,-0.00016312487423419952,True
Movies,3105,7498,63909,visual,1,-0.005806364119052887,-0.005806475877761841,-0.003431323915719986,-0.00343143567442894,True
Movies,14602,7853,66594,visual,1,-0.008558854460716248,-0.008558854460716248,-0.004398554563522339,-0.004398554563522339,True
Movies,7988,7989,68117,visual,1,-0.028881847858428955,-0.028881534934043884,,,False
Movies,9167,9165,78991,visual,1,0.025597691535949707,0.025597691535949707,0.01879820227622986,0.01879820227622986,True
Movies,9496,10115,88717,visual,1,-0.09426689147949219,-0.09426724910736084,-0.18917882442474365,-0.1891791820526123,True
Movies,9253,10174,89222,visual,1,-0.001573815941810608,-0.0015739202499389648,-0.0010086297988891602,-0.001008734107017517,True
Movies,9246,10278,90342,visual,1,-0.0722968578338623,-0.0722963809967041,-0.08668583631515503,-0.08668535947799683,True
Movies,12530,10723,94946,visual,1,0.0054418593645095825,0.005442425608634949,0.04254652559757233,0.04254709184169769,True
Movies,5221,10955,96971,visual,1,0.017005443572998047,0.01700568199157715,-0.004364013671875,-0.0043637752532958984,True
Movies,4128,10977,97253,visual,1,0.007411405444145203,0.00741162896156311,0.002025224268436432,0.0020254477858543396,True
Movies,11459,11023,97753,visual,1,-0.00419345498085022,-0.004193246364593506,-0.0044893622398376465,-0.004489153623580933,True
Movies,8720,11386,101066,visual,1,0.001587994396686554,0.0015877671539783478,0.003391154110431671,0.003390926867723465,True
Movies,6044,11426,101271,visual,1,-0.007047832012176514,-0.007047474384307861,-0.012112200260162354,-0.012111842632293701,True
Movies,10059,11499,102019,visual,1,-0.020267218351364136,-0.020267218351364136,-0.03373296558856964,-0.03373296558856964,True
Movies,6694,11546,102635,visual,1,-0.004453897476196289,-0.004455268383026123,0.02479451894760132,0.024793148040771484,True
Movies,467,11835,105670,visual,1,-0.023860424757003784,-0.023860424757003784,-0.061439961194992065,-0.061439961194992065,True
Movies,12044,11875,106034,visual,1,-0.001280069351196289,-0.0012805461883544922,0.002272367477416992,0.002271890640258789,True
Movies,14469,12647,113978,visual,1,0.0015429854393005371,0.001543097198009491,0.0006255730986595154,0.0006256848573684692,True
Movies,6488,12666,114170,visual,1,0.0719309151172638,0.07193100452423096,-0.02593168616294861,-0.025931596755981445,True
Movies,13235,13241,120941,visual,1,0.015545472502708435,0.015545584261417389,0.012848705053329468,0.012848816812038422,True
Movies,9972,13356,122077,visual,1,-0.0014140158891677856,-0.001414131373167038,-0.0003156699240207672,-0.00031578540802001953,True
Movies,231,13493,123923,visual,1,0.012412697076797485,0.012413561344146729,,,False
Movies,9568,13693,126029,visual,1,-0.00012519210577011108,-0.00012519210577011108,-0.00020522624254226685,-0.00020522624254226685,True
Movies,13830,13739,126873,visual,1,0.003681786358356476,0.003681786358356476,0.002163965255022049,0.002163965255022049,True
Movies,14344,14165,131598,visual,1,0.0025893375277519226,0.0025893375277519226,0.0016671866178512573,0.0016671866178512573,True
Movies,14446,14197,131935,visual,1,-0.0004736483097076416,-0.0004743635654449463,-0.0027366280555725098,-0.0027373433113098145,True
Movies,10058,14505,135170,visual,1,-5.4916366934776306e-05,-5.4916366934776306e-05,0.00024197250604629517,0.00024197250604629517,True
Movies,5956,14583,136095,visual,1,0.025776147842407227,0.025775372982025146,,,False
Movies,14524,14625,136750,visual,1,-0.019997403025627136,-0.01999768614768982,-0.01542694866657257,-0.015427231788635254,True
Movies,3642,14828,138891,visual,1,0.004733219742774963,0.004733219742774963,0.003252938389778137,0.003252938389778137,True
Movies,13355,14896,139674,visual,1,0.10127410292625427,0.10127359628677368,0.12941578030586243,0.12941527366638184,True
Movies,6968,15181,143075,visual,1,0.025551319122314453,0.025553464889526367,0.013537406921386719,0.013539552688598633,True
Movies,12753,15263,143838,visual,1,-0.010507702827453613,-0.010506868362426758,0.0023605823516845703,0.0023614168167114258,True
Movies,8613,15365,145066,visual,1,-0.0953630656003952,-0.0953628271818161,-0.05224341154098511,-0.052243173122406006,True
Movies,2518,16503,158518,visual,1,-0.040837764739990234,-0.04083728790283203,-0.013335466384887695,-0.013334989547729492,True
Movies,2440,260,2286,visual,2,-0.010262668132781982,-0.010262668132781982,-0.004420578479766846,-0.004420578479766846,True
Movies,358,356,2991,visual,2,6.95372000336647e-05,6.95372000336647e-05,-1.5296973288059235e-05,-1.5296973288059235e-05,True
Movies,16397,392,4111,visual,2,-0.06271016597747803,-0.06270945072174072,-0.04962420463562012,-0.04962348937988281,True
Movies,12493,628,6142,visual,2,0.0010407716035842896,0.0010407716035842896,-0.0008610188961029053,-0.0008610188961029053,True
Movies,1528,849,7786,visual,2,0.03253936767578125,0.03253889083862305,,,False
Movies,743,911,8385,visual,2,0.005706951022148132,0.005707040429115295,-0.004132568836212158,-0.004132479429244995,True
Movies,16354,1137,9985,visual,2,-0.0031290948390960693,-0.0031289905309677124,3.759562969207764e-05,3.769993782043457e-05,True
Movies,9174,1200,10677,visual,2,-0.0001004934310913086,-0.0001004934310913086,-5.703046917915344e-05,-5.703046917915344e-05,True
Movies,6563,1600,14039,visual,2,0.006418853998184204,0.006419271230697632,0.00174771249294281,0.0017481297254562378,True
Movies,2492,1815,15714,visual,2,-0.015777945518493652,-0.015780329704284668,,,False
Movies,730,1976,17212,visual,2,0.13765549659729004,0.13765418529510498,0.3931734561920166,0.39317214488983154,True
Movies,8665,2009,17403,visual,2,-0.007425665855407715,-0.007425546646118164,-0.007474780082702637,-0.007474660873413086,True
Movies,3820,2102,18069,visual,2,-0.0010193884372711182,-0.0010192841291427612,-0.0001642182469367981,-0.00016411393880844116,True
Movies,1955,2642,22070,visual,2,-0.0005627479404211044,-0.0005627479404211044,-0.00015992671251296997,-0.00015992671251296997,True
Movies,11903,2661,22270,visual,2,-0.0003372412174940109,-0.0003372412174940109,-0.0002071242779493332,-0.0002071242779493332,True
Movies,13395,3248,27133,visual,2,-0.008529901504516602,-0.008528470993041992,-0.003756999969482422,-0.0037555694580078125,True
Movies,2850,3502,29013,visual,2,-0.009040027856826782,-0.009040117263793945,0.011631429195404053,0.01163133978843689,True
Movies,13603,3747,30935,visual,2,-0.015523195266723633,-0.015523195266723633,-0.011791825294494629,-0.011791825294494629,True
Movies,6674,3812,31673,visual,2,-0.00034546852111816406,-0.0003459453582763672,-0.0004487037658691406,-0.00044918060302734375,True
Movies,11757,4086,33972,visual,2,-0.0004776567220687866,-0.0004779398441314697,-0.0004889070987701416,-0.0004891902208328247,True
Movies,15495,4500,37059,visual,2,-0.0014935582876205444,-0.0014936625957489014,0.0020864680409431458,0.002086363732814789,True
Movies,3575,4751,38855,visual,2,0.008974909782409668,0.00897371768951416,0.0036644935607910156,0.003663301467895508,True
Movies,9078,4823,39384,visual,2,0.026091814041137695,0.026090621948242188,0.012789487838745117,0.01278829574584961,True
Movies,3314,4882,40090,visual,2,0.0010215044021606445,0.0010206103324890137,-3.5881996154785156e-05,-3.6776065826416016e-05,True
Movies,14021,5641,46139,visual,2,-0.0012651830911636353,-0.0012653917074203491,0.00010846555233001709,0.00010825693607330322,True
Movies,13669,5653,46288,visual,2,0.007545173168182373,0.007543325424194336,0.035974323749542236,0.0359724760055542,True
Movies,6938,5737,47179,visual,2,-0.001934736967086792,-0.0019356310367584229,-0.0012806057929992676,-0.0012814998626708984,True
Movies,14222,5823,47850,visual,2,0.0015387535095214844,0.0015387535095214844,0.0012895017862319946,0.0012895017862319946,True
Movies,14410,6199,51237,visual,2,-0.012699037790298462,-0.012699276208877563,-0.011779308319091797,-0.011779546737670898,True
Movies,3575,6219,51375,visual,2,0.003189682960510254,0.003188490867614746,0.0012121200561523438,0.001210927963256836,True
Movies,14113,6249,51633,visual,2,-0.0027722567319869995,-0.0027725547552108765,0.0005569308996200562,0.0005566328763961792,True
Movies,11903,6374,52702,visual,2,-0.0003388766199350357,-0.0003388766199350357,-0.00028463080525398254,-0.00028463080525398254,True
Movies,7396,6979,58617,visual,2,-0.0034685730934143066,-0.0034689605236053467,0.0019440948963165283,0.0019437074661254883,True
Movies,3378,7127,59919,visual,2,0.007450968027114868,0.007450073957443237,0.01080217957496643,0.0108012855052948,True
Movies,12466,7183,60564,visual,2,-0.0013840645551681519,-0.0013842582702636719,0.00037157535552978516,0.00037138164043426514,True
Movies,16397,7227,61124,visual,2,-0.014358758926391602,-0.014358043670654297,-0.002970099449157715,-0.00296938419342041,True
Movies,4198,7450,63452,visual,2,0.0021754801273345947,0.0021756887435913086,0.0011901557445526123,0.0011903643608093262,True
Movies,11091,7510,63990,visual,2,0.004548311233520508,0.004548415541648865,0.004599407315254211,0.004599511623382568,True
Movies,13827,8282,70543,visual,2,0.0019562244415283203,0.0019557178020477295,0.0007899850606918335,0.0007894784212112427,True
Movies,2269,8372,71286,visual,2,0.005186159163713455,0.0051859281957149506,,,False
Movies,2855,8659,74082,visual,2,-0.005980372428894043,-0.005981326103210449,-0.015131056308746338,-0.015132009983062744,True
Movies,11938,8953,77007,visual,2,0.005546391010284424,0.005546495318412781,0.005431242287158966,0.005431346595287323,True
Movies,9526,9105,78449,visual,2,0.01517246663570404,0.01517188549041748,-0.0008590966463088989,-0.000859677791595459,True
Movies,2397,9266,79944,visual,2,0.0021575093269348145,0.002157747745513916,0.002131819725036621,0.0021320581436157227,True
Movies,10517,9266,80001,visual,2,0.00218769907951355,0.0021868646144866943,0.001681208610534668,0.0016803741455078125,True
Movies,14516,10290,90455,visual,2,0.0011827945709228516,0.0011832118034362793,0.0018982887268066406,0.0018987059593200684,True
Movies,5205,10363,91071,visual,2,-0.04681098461151123,-0.04680907726287842,-0.0005095005035400391,-0.0005075931549072266,True
Movies,7568,10491,92410,visual,2,-0.0010250359773635864,-0.0010249465703964233,0.0002070218324661255,0.00020711123943328857,True
Movies,13395,10797,95770,visual,2,-0.005744457244873047,-0.0057430267333984375,-0.0019230842590332031,-0.0019216537475585938,True
Movies,8374,11400,101128,visual,2,0.02115914225578308,0.02115851640701294,0.0817800760269165,0.08177945017814636,True
Movies,7084,11473,101760,visual,2,-0.013216972351074219,-0.013214826583862305,0.0021325349807739258,0.00213468074798584,True
Movies,13830,11690,104044,visual,2,-0.00015462376177310944,-0.00015462376177310944,-0.0001387558877468109,-0.0001387558877468109,True
Movies,14486,11809,105454,visual,2,0.001143425703048706,0.0011439025402069092,0.0018302202224731445,0.0018306970596313477,True
Movies,12190,12151,108947,visual,2,0.0010767877101898193,0.001077011227607727,0.0002626553177833557,0.00026287883520126343,True
Movies,239,12493,112016,visual,2,-0.029074370861053467,-0.02907460927963257,-0.018169820308685303,-0.018170058727264404,True
Movies,7500,12531,112392,visual,2,-0.002340465784072876,-0.002340167760848999,-0.002915680408477783,-0.0029153823852539062,True
Movies,3294,12647,113820,visual,2,-0.012075945734977722,-0.012075945734977722,-0.009898543357849121,-0.009898543357849121,True
Movies,15588,13005,118231,visual,2,0.006501197814941406,0.006500601768493652,0.005535721778869629,0.005535125732421875,True
Movies,8684,13025,118409,visual,2,-0.0002864152193069458,-0.0002864152193069458,-6.356276571750641e-05,-6.356276571750641e-05,True
Movies,9289,13446,123498,visual,2,-0.00937691330909729,-0.009377092123031616,-0.005660802125930786,-0.005660980939865112,True
Movies,1501,13682,125939,visual,2,-0.007704377174377441,-0.007705509662628174,0.016354739665985107,0.016353607177734375,True
Movies,13384,14023,129874,visual,2,0.002772599458694458,0.0027733445167541504,0.003967970609664917,0.003968715667724609,True
Movies,4843,14026,129899,visual,2,-0.0038750171661376953,-0.0038748979568481445,7.432699203491211e-05,7.444620132446289e-05,True
Movies,14344,14165,131598,visual,2,-0.0002876073122024536,-0.0002876073122024536,-0.00029161572456359863,-0.00029161572456359863,True
Movies,9291,14197,131897,visual,2,0.0019227266311645508,0.0019225478172302246,-0.0002797245979309082,-0.0002799034118652344,True
Movies,14778,14444,134447,visual,2,0.0837472677230835,0.08374756574630737,,,False
Movies,15691,14990,140806,visual,2,0.003466784954071045,0.0034664273262023926,0.0045015811920166016,0.004501223564147949,True
Movies,7768,15104,141954,visual,2,-0.011424720287322998,-0.011424601078033447,0.2680070400238037,0.26800715923309326,True
Movies,7605,15172,142932,visual,2,-0.006720244884490967,-0.006720811128616333,-0.0024701058864593506,-0.002470672130584717,True
Movies,13300,15263,143839,visual,2,-0.008636772632598877,-0.008634865283966064,-0.00037914514541625977,-0.00037723779678344727,True
Movies,12405,15289,144085,visual,2,0.004087865352630615,0.0040871500968933105,0.0003972649574279785,0.00039654970169067383,True
Movies,11922,15673,148577,visual,2,-0.009050905704498291,-0.009051918983459473,0.0007117390632629395,0.0007107257843017578,True
Movies,14590,15814,150362,visual,2,0.004291445016860962,0.0042909979820251465,-0.0067597925662994385,-0.006760239601135254,True
Movies,13901,15816,150372,visual,2,0.00034585222601890564,0.0003457339480519295,0.0003776624798774719,0.00037754420191049576,True
Movies,14585,15868,150909,visual,2,-0.008797496557235718,-0.008797183632850647,0.021176233887672424,0.021176546812057495,True
Movies,246,16572,159238,visual,2,-0.0005538314580917358,-0.0005536377429962158,0.0006242543458938599,0.0006244480609893799,True
Movies,1742,1482,13071,visual,3,0.0013124942779541016,0.0013131499290466309,-0.001081705093383789,-0.0010810494422912598,True
Movies,1870,1669,14605,visual,3,0.001333773136138916,0.0013329088687896729,0.0004089176654815674,0.0004080533981323242,True
Movies,16218,1759,15341,visual,3,-0.0005372762680053711,-0.0005352497100830078,-9.822845458984375e-05,-9.620189666748047e-05,True
Movies,8236,2021,17481,visual,3,-0.0006427466869354248,-0.0006430149078369141,0.0008696019649505615,0.0008693337440490723,True
Movies,12917,3280,27500,visual,3,0.020043492317199707,0.020043134689331055,-0.013143032789230347,-0.013143390417098999,True
Movies,11991,3563,29477,visual,3,0.008453011512756348,0.008452892303466797,-0.00040221214294433594,-0.0004023313522338867,True
Movies,239,3605,29816,visual,3,-0.017405807971954346,-0.017406046390533447,0.0043146610260009766,0.004314422607421875,True
Movies,10166,4532,37279,visual,3,0.04230010509490967,0.04230010509490967,0.011877954006195068,0.011877954006195068,True
Movies,7396,5241,42709,visual,3,-0.0045566558837890625,-0.0045570433139801025,-0.0002893805503845215,-0.0002897679805755615,True
Movies,5130,5255,42816,visual,3,0.00580209493637085,0.00580209493637085,0.0030105113983154297,0.0030105113983154297,True
Movies,1603,5479,44542,visual,3,-0.008440613746643066,-0.008439600467681885,-0.0061348676681518555,-0.006133854389190674,True
Movies,14048,5499,44856,visual,3,-0.00037939101457595825,-0.0003795027732849121,-5.438178777694702e-05,-5.449354648590088e-05,True
Movies,12683,5631,46097,visual,3,0.005995020270347595,0.005995020270347595,0.003238290548324585,0.003238290548324585,True
Movies,15484,5891,48424,visual,3,-0.001964569091796875,-0.0019645094871520996,-8.594989776611328e-05,-8.589029312133789e-05,True
Movies,2550,5932,48929,visual,3,-0.026858195662498474,-0.02685868740081787,,,False
Movies,5364,6010,49345,visual,3,0.0036694705486297607,0.0036696195602416992,0.00019636750221252441,0.0001965165138244629,True
Movies,6715,6219,51387,visual,3,-0.001763671636581421,-0.0017638877034187317,-0.001009330153465271,-0.0010095462203025818,True
Movies,429,6858,57471,visual,3,-0.14985263347625732,-0.14985156059265137,,,False
Movies,522,6908,57818,visual,3,0.004942774772644043,0.004942655563354492,5.2869319915771484e-05,5.27501106262207e-05,True
Movies,41,7217,60971,visual,3,0.0002610255032777786,0.0002610255032777786,0.0002755187451839447,0.0002755187451839447,True
Movies,617,7434,63236,visual,3,0.007719933986663818,0.007719099521636963,0.009134292602539062,0.009133458137512207,True
Movies,9952,7455,63532,visual,3,-0.01232728362083435,-0.012327373027801514,0.0006437301635742188,0.0006436407566070557,True
Movies,3105,7498,63909,visual,3,-0.00027148425579071045,-0.0002715960144996643,0.0007831081748008728,0.0007829964160919189,True
Movies,11916,7729,65639,visual,3,0.0014352202415466309,0.0014351606369018555,0.0005348920822143555,0.0005348324775695801,True
Movies,4117,7954,67815,visual,3,-0.006304681301116943,-0.006304681301116943,0.00018233060836791992,0.00018233060836791992,True
Movies,302,8777,75510,visual,3,-0.018900513648986816,-0.018900036811828613,-0.006747841835021973,-0.0067473649978637695,True
Movies,10153,8826,75911,visual,3,-0.028957366943359375,-0.028957605361938477,0.033051490783691406,0.033051252365112305,True
Movies,1651,9120,78631,visual,3,-0.03708040714263916,-0.03708183765411377,0.0021969079971313477,0.0021954774856567383,True
Movies,12414,9324,80747,visual,3,0.004964470863342285,0.004964351654052734,-0.009139180183410645,-0.009139299392700195,True
Movies,918,9598,83593,visual,3,0.0004895254969596863,0.0004895254969596863,-0.00014903396368026733,-0.00014903396368026733,True
Movies,1041,9953,86798,visual,3,0.0015276074409484863,0.001527935266494751,0.0005981028079986572,0.0005984306335449219,True
Movies,4207,10179,89265,visual,3,-0.012430906295776367,-0.012430787086486816,0.0010240674018859863,0.0010241866111755371,True
Movies,4476,10396,91467,visual,3,0.0041023194789886475,0.004101872444152832,0.0009428858757019043,0.0009424388408660889,True
Movies,10272,10560,93577,visual,3,-0.002742171287536621,-0.002742558717727661,-0.001800626516342163,-0.0018010139465332031,True
Movies,15691,10888,96267,visual,3,-0.0012633204460144043,-0.0012636780738830566,-0.0011584162712097168,-0.0011587738990783691,True
Movies,12604,11648,103527,visual,3,-0.0017015337944030762,-0.0017036199569702148,-0.00015407800674438477,-0.00015616416931152344,True
Movies,15570,11797,105355,visual,3,-0.018044084310531616,-0.018044263124465942,-0.010683268308639526,-0.010683447122573853,True
Movies,9801,12435,111573,visual,3,-0.0011433213949203491,-0.001143142580986023,-0.0020079463720321655,-0.0020077675580978394,True
Movies,2282,12614,113430,visual,3,-0.0007467269897460938,-0.0007465481758117676,-0.0016420483589172363,-0.0016418695449829102,True
Movies,1906,12898,116934,visual,3,-0.0023156702518463135,-0.0023152679204940796,-0.0012481510639190674,-0.0012477487325668335,True
Movies,8565,13158,120008,visual,3,-0.00025103986263275146,-0.0002516210079193115,0.0003347545862197876,0.00033417344093322754,True
Movies,6252,13170,120206,visual,3,0.007513761520385742,0.007514655590057373,0.0025461316108703613,0.002547025680541992,True
Movies,8694,13352,122007,visual,3,0.008404731750488281,0.00840604305267334,0.009876728057861328,0.009878039360046387,True
Movies,8381,14096,130928,visual,3,-0.0046243369579315186,-0.0046242475509643555,-0.002254664897918701,-0.002254575490951538,True
Movies,14025,14122,131254,visual,3,0.013808250427246094,0.013808846473693848,0.0041168928146362305,0.004117488861083984,True
Movies,10065,14216,132091,visual,3,0.007234811782836914,0.0072352588176727295,0.004762887954711914,0.0047633349895477295,True
Movies,11529,14384,133713,visual,3,2.8818845748901367e-05,2.9034912586212158e-05,-0.00012861192226409912,-0.00012839585542678833,True
Movies,12915,14808,138711,visual,3,0.01868903636932373,0.018689751625061035,0.01226651668548584,0.012267231941223145,True
Movies,12185,14813,138751,visual,3,-0.008554577827453613,-0.008553564548492432,-0.0050182342529296875,-0.005017220973968506,True
Movies,13056,15334,144672,visual,3,0.0006368011236190796,0.0006366968154907227,0.0024014264345169067,0.00240132212638855,True
Movies,5698,15573,147524,visual,3,0.003464221954345703,0.003464311361312866,0.01245012879371643,0.012450218200683594,True
Movies,7811,15735,149222,visual,3,0.00295373797416687,0.0029542744159698486,0.0017312467098236084,0.001731783151626587,True
Movies,14469,16025,152650,visual,3,0.0006810352206230164,0.0006811469793319702,5.974620580673218e-05,5.9857964515686035e-05,True
Movies,9084,16290,156243,visual,3,-0.00021181628108024597,-0.00021181628108024597,-7.759220898151398e-05,-7.759220898151398e-05,True
Movies,359,16647,160488,visual,3,0.0007829293608665466,0.0007830411195755005,9.051710367202759e-05,9.062886238098145e-05,True
Movies,13719,486,4785,visual,4,0.0015273988246917725,0.0015276074409484863,-0.0019299983978271484,-0.0019297897815704346,True
Movies,393,652,6296,visual,4,-0.026874244213104248,-0.02687433362007141,,,False
Movies,1541,768,7205,visual,4,0.03708648681640625,0.03708600997924805,0.008793115615844727,0.008792638778686523,True
Movies,598,894,8265,visual,4,-0.007884800434112549,-0.0078849196434021,3.266334533691406e-05,3.254413604736328e-05,True
Movies,1109,1110,9811,visual,4,0.012175783514976501,0.012175589799880981,-0.03324571251869202,-0.03324590623378754,True
Movies,272,1273,11314,visual,4,0.017871975898742676,0.01787257194519043,0.003242194652557373,0.003242790699005127,True
Movies,1439,1438,12832,visual,4,-0.037504494190216064,-0.03750544786453247,0.009322047233581543,0.009321093559265137,True
Movies,7173,3003,24946,visual,4,-0.0023802146315574646,-0.0023802146315574646,0.002125367522239685,0.002125367522239685,True
Movies,3341,3343,28005,visual,4,-0.003459334373474121,-0.0034590065479278564,-0.0020605623722076416,-0.002060234546661377,True
Movies,8702,3420,28411,visual,4,0.0025500506162643433,0.0025494545698165894,-0.0004743635654449463,-0.0004749596118927002,True
Movies,8803,3560,29419,visual,4,0.00258047878742218,0.002580687403678894,0.0009080171585083008,0.0009082257747650146,True
Movies,2707,4181,34867,visual,4,0.11617016792297363,0.11617183685302734,0.011806011199951172,0.011807680130004883,True
Movies,4831,4614,37820,visual,4,-0.0005348622798919678,-0.000534646213054657,-0.0003804713487625122,-0.0003802552819252014,True
Movies,2543,4677,38327,visual,4,0.008239388465881348,0.008238434791564941,-0.0026254653930664062,-0.0026264190673828125,True
Movies,15180,4879,39913,visual,4,0.0007698237895965576,0.0007697343826293945,0.0,-8.940696716308594e-08,True
Movies,8436,5049,41279,visual,4,-0.008929193019866943,-0.00892937183380127,-0.0027535855770111084,-0.0027537643909454346,True
Movies,5613,5468,44411,visual,4,-0.0003929268568754196,-0.0003929268568754196,0.00038401223719120026,0.00038401223719120026,True
Movies,15114,5604,45788,visual,4,0.0004469156265258789,0.0004470348358154297,0.0021650195121765137,0.0021651387214660645,True
Movies,11378,5795,47643,visual,4,0.0002119988203048706,0.00021220743656158447,-0.0001347362995147705,-0.00013452768325805664,True
Movies,8205,5807,47715,visual,4,0.016435086727142334,0.016435295343399048,0.0746292918920517,0.07462950050830841,True
Movies,5236,6040,49543,visual,4,0.02605295181274414,0.026052474975585938,0.020459890365600586,0.020459413528442383,True
Movies,11529,6713,56002,visual,4,0.00026316940784454346,0.00026338547468185425,3.045797348022461e-05,3.06740403175354e-05,True
Movies,14602,6721,56058,visual,4,-0.004039138555526733,-0.004039138555526733,0.0011257827281951904,0.0011257827281951904,True
Movies,14516,6808,56868,visual,4,6.347894668579102e-05,6.389617919921875e-05,-0.00019490718841552734,-0.0001944899559020996,True
Movies,7188,7187,60605,visual,4,-0.013182520866394043,-0.013182997703552246,-0.0006475448608398438,-0.0006480216979980469,True
Movies,7987,7986,68110,visual,4,-0.0037662088871002197,-0.0037666112184524536,0.002949446439743042,0.002949044108390808,True
Movies,8363,8114,69004,visual,4,-0.012597322463989258,-0.012597128748893738,-0.0063669681549072266,-0.0063667744398117065,True
Movies,2195,8377,71363,visual,4,0.08959794044494629,0.08959996700286865,,,False
Movies,8536,8537,72732,visual,4,0.006757453083992004,0.006757557392120361,-0.008385717868804932,-0.008385613560676575,True
Movies,7246,8572,73077,visual,4,-0.01065683364868164,-0.010655522346496582,-0.013983607292175293,-0.013982295989990234,True
Movies,12284,8962,77116,visual,4,0.011809110641479492,0.011809110641479492,0.008534982800483704,0.008534982800483704,True
Movies,12414,9324,80747,visual,4,0.005720615386962891,0.00572049617767334,-0.019301772117614746,-0.019301891326904297,True
Movies,2855,9450,82038,visual,4,-0.005297958850860596,-0.005298912525177002,0.0011193156242370605,0.0011183619499206543,True
Movies,15116,9940,86699,visual,4,0.03419053554534912,0.03418874740600586,0.005942702293395996,0.005940914154052734,True
Movies,4159,10497,92562,visual,4,-0.004353523254394531,-0.004354238510131836,-0.0005462169647216797,-0.0005469322204589844,True
Movies,16230,10687,94661,visual,4,0.00226573646068573,0.00226573646068573,0.0008337050676345825,0.0008337050676345825,True
Movies,14021,10867,96196,visual,4,-0.0035934895277023315,-0.0035936981439590454,0.00024375319480895996,0.0002435445785522461,True
Movies,6540,11000,97367,visual,4,-0.005462378263473511,-0.005462273955345154,0.0035721957683563232,0.00357230007648468,True
Movies,5174,11236,100015,visual,4,-0.0029549002647399902,-0.002955794334411621,0.00038111209869384766,0.0003802180290222168,True
Movies,10678,11383,101043,visual,4,-0.01385653018951416,-0.013856709003448486,0.009489685297012329,0.009489506483078003,True
Movies,15696,11456,101538,visual,4,0.00795486569404602,0.007954001426696777,0.00041359663009643555,0.0004127323627471924,True
Movies,9055,11750,104797,visual,4,0.005068659782409668,0.005067706108093262,0.0044062137603759766,0.00440526008605957,True
Movies,5509,12270,109975,visual,4,0.008642420172691345,0.008642613887786865,0.002720549702644348,0.002720743417739868,True
Movies,13395,12363,110754,visual,4,-0.011659383773803711,-0.011657953262329102,-0.005409955978393555,-0.005408525466918945,True
Movies,3860,12485,111977,visual,4,-0.004209309816360474,-0.004209667444229126,0.0013592541217803955,0.0013588964939117432,True
Movies,7122,12502,112098,visual,4,0.012103796005249023,0.012102603912353516,0.003081798553466797,0.003080606460571289,True
Movies,9221,12607,113328,visual,4,-0.0015195012092590332,-0.00151902437210083,-0.0007469654083251953,-0.0007464885711669922,True
Movies,4880,12916,117278,visual,4,0.0002980232238769531,0.00029838085174560547,0.0004496574401855469,0.0004500150680541992,True
Movies,16283,13152,119967,visual,4,0.025507569313049316,0.025508403778076172,-0.02274465560913086,-0.022743821144104004,True
Movies,15745,13192,120606,visual,4,0.0005401372909545898,0.0005398690700531006,0.0010245442390441895,0.0010242760181427002,True
Movies,7878,13578,124939,visual,4,0.0005083084106445312,0.000507742166519165,3.5703182220458984e-05,3.5136938095092773e-05,True
Movies,9755,13650,125734,visual,4,-0.008905172348022461,-0.008905410766601562,-0.0019497871398925781,-0.0019500255584716797,True
Movies,13384,14345,133216,visual,4,0.001940399408340454,0.0019411444664001465,0.002895653247833252,0.0028963983058929443,True
Movies,9639,14767,138105,visual,4,-0.018578171730041504,-0.01857811212539673,-0.004128456115722656,-0.004128396511077881,True
Movies,8684,14905,139775,visual,4,-0.0004531536251306534,-0.0004531536251306534,-0.00032748840749263763,-0.00032748840749263763,True
Movies,15691,15057,141492,visual,4,0.0028539299964904785,0.002853572368621826,0.004974007606506348,0.004973649978637695,True
Movies,5662,15837,150601,visual,4,0.018106281757354736,0.018107116222381592,0.012660622596740723,0.012661457061767578,True
Movies,4734,15989,152174,visual,4,0.0005491077899932861,0.000549018383026123,0.0018817484378814697,0.0018816590309143066,True
Movies,5701,16233,155411,visual,4,0.12043893337249756,0.12043929100036621,0.07273638248443604,0.07273674011230469,True
Movies,1034,16364,157084,visual,4,0.08203697204589844,0.08203715085983276,0.03909796476364136,0.039098143577575684,True
Movies,246,16572,159238,visual,4,-0.0014002621173858643,-0.0014000684022903442,0.0002541542053222656,0.00025434792041778564,True
Movies,14902,16590,159394,visual,4,-0.0007956176996231079,-0.0007956176996231079,0.0006231814622879028,0.0006231814622879028,True
Movies,41,16597,159746,visual,4,0.0005323011428117752,0.0005323011428117752,0.000523492693901062,0.000523492693901062,True
Grocery,480,817,3452,text,1,-6.422167643904686e-06,-6.422167643904686e-06,-1.4271587133407593e-05,-1.4271587133407593e-05,True
Grocery,147,1399,5862,text,1,0.00014107674360275269,0.00014107674360275269,-0.00012238509953022003,-0.00012238509953022003,True
Grocery,147,1551,6438,text,1,0.0004652785137295723,0.0004652785137295723,0.00038988422602415085,0.00038988422602415085,True
Grocery,701,1571,6530,text,1,2.2958265617489815e-05,2.2958265617489815e-05,8.92183743417263e-06,8.92183743417263e-06,True
Grocery,6740,2054,8868,text,1,-0.04639768600463867,-0.04639577865600586,-0.011164426803588867,-0.011162519454956055,True
Grocery,3089,2135,9142,text,1,-2.496642991900444e-05,-2.496642991900444e-05,-2.7688220143318176e-05,-2.7688220143318176e-05,True
Grocery,9349,2748,12089,text,1,0.003457114100456238,0.0034574270248413086,-0.0018930137157440186,-0.0018927007913589478,True
Grocery,6003,3228,14927,text,1,-0.0004449058324098587,-0.00044502411037683487,-0.00023646466434001923,-0.0002365829423069954,True
Grocery,2906,3380,15776,text,1,-0.002044588327407837,-0.002044815570116043,-0.004243627190589905,-0.004243854433298111,True
Grocery,12917,3713,17872,text,1,0.008151531219482422,0.008151829242706299,0.012409090995788574,0.012409389019012451,True
Grocery,5844,3905,19686,text,1,-0.002071283757686615,-0.002071171998977661,-0.004536174237728119,-0.004536062479019165,True
Grocery,5365,4309,23493,text,1,0.003985777497291565,0.003985777497291565,0.002054467797279358,0.002054467797279358,True
Grocery,5256,4346,24123,text,1,1.0599440429359674e-05,1.0599440429359674e-05,-1.5482655726373196e-06,-1.5482655726373196e-06,True
Grocery,9108,4372,24927,text,1,-0.010904550552368164,-0.010903596878051758,-0.01608753204345703,-0.016086578369140625,True
Grocery,4381,4404,25466,text,1,-4.387088119983673e-05,-4.387088119983673e-05,4.763249307870865e-05,4.763249307870865e-05,True
Grocery,6624,4659,28840,text,1,-0.12049722671508789,-0.12049758434295654,-0.102134108543396,-0.10213446617126465,True
Grocery,5700,4668,28898,text,1,0.00028673093765974045,0.00028673093765974045,0.00016742665320634842,0.00016742665320634842,True
Grocery,5793,5105,33051,text,1,1.93652231246233e-05,1.93652231246233e-05,-2.3167813196778297e-05,-2.3167813196778297e-05,True
Grocery,5793,5398,35583,text,1,1.912773586809635e-05,1.912773586809635e-05,-8.910661563277245e-06,-8.910661563277245e-06,True
Grocery,3888,5668,37448,text,1,0.0024184659123420715,0.0024186745285987854,0.0024682357907295227,0.0024684444069862366,True
Grocery,5289,5733,37997,text,1,-0.01289638876914978,-0.012895822525024414,0.001956641674041748,0.0019572079181671143,True
Grocery,5256,5990,40735,text,1,2.4414330255240202e-05,2.4414330255240202e-05,5.478330422192812e-06,5.478330422192812e-06,True
Grocery,1293,6219,42414,text,1,0.02612370252609253,0.026124238967895508,0.050037384033203125,0.050037920475006104,True
Grocery,2413,6416,43919,text,1,0.05767938494682312,0.05767938494682312,0.015263170003890991,0.015263170003890991,True
Grocery,6652,6956,47891,text,1,0.0029182881116867065,0.0029179006814956665,-0.0024202167987823486,-0.0024206042289733887,True
Grocery,8229,7076,49168,text,1,2.1499115973711014e-05,2.1499115973711014e-05,4.1928840801119804e-05,4.1928840801119804e-05,True
Grocery,3369,7363,51677,text,1,-0.001865249127149582,-0.001865249127149582,-0.0017004609107971191,-0.0017004609107971191,True
Grocery,10798,7465,52565,text,1,-0.00029606372117996216,-0.00029606372117996216,-0.00028579216450452805,-0.00028579216450452805,True
Grocery,12307,7657,54087,text,1,0.0004285946488380432,0.0004285946488380432,-0.0006180331110954285,-0.0006180331110954285,True
Grocery,9651,8383,59616,text,1,6.939936429262161e-05,6.939936429262161e-05,4.1309744119644165e-05,4.1309744119644165e-05,True
Grocery,8378,8440,60301,text,1,-0.00010170601308345795,-0.00010170601308345795,-0.0001842314377427101,-0.0001842314377427101,True
Grocery,9422,8543,61524,text,1,0.00010899174958467484,0.00010899174958467484,0.00040871836245059967,0.00040871836245059967,True
Grocery,8678,8674,63238,text,1,0.0021273717284202576,0.0021274834871292114,,,False
Grocery,8102,8987,66833,text,1,-0.010489821434020996,-0.010490715503692627,0.00895833969116211,0.008957445621490479,True
Grocery,9385,9149,68729,text,1,6.3069164752960205e-06,6.3069164752960205e-06,-4.6836212277412415e-05,-4.6836212277412415e-05,True
Grocery,6901,9280,70387,text,1,0.004161477088928223,0.004161715507507324,0.00454103946685791,0.004541277885437012,True
Grocery,8458,9968,78340,text,1,0.0004525342956185341,0.0004525342956185341,0.0002706702798604965,0.0002706702798604965,True
Grocery,9925,10047,79129,text,1,-2.520158886909485e-05,-2.520158886909485e-05,-5.4663512855768204e-05,-5.4663512855768204e-05,True
Grocery,8514,10292,81991,text,1,0.00018996931612491608,0.00018996931612491608,0.0001678820699453354,0.0001678820699453354,True
Grocery,16826,10531,84897,text,1,0.001277327537536621,0.0012778043746948242,0.003949522972106934,0.003949999809265137,True
Grocery,8814,10652,86124,text,1,7.72988423705101e-05,7.72988423705101e-05,0.00014963466674089432,0.00014963466674089432,True
Grocery,2463,10832,89191,text,1,-0.004566289484500885,-0.00456596165895462,-0.007119894027709961,-0.007119566202163696,True
Grocery,15616,10949,90712,text,1,-0.00022011995315551758,-0.00021982192993164062,-0.0017467737197875977,-0.0017464756965637207,True
Grocery,11005,11139,92844,text,1,-2.978602424263954e-06,-2.978602424263954e-06,-4.050903953611851e-06,-4.050903953611851e-06,True
Grocery,11096,11154,92950,text,1,1.31949782371521e-05,1.31949782371521e-05,,,False
Grocery,10916,11329,94922,text,1,1.0594609193503857e-05,1.0594609193503857e-05,-1.3094395399093628e-06,-1.3094395399093628e-06,True
Grocery,11864,11878,100241,text,1,-0.0004957206547260284,-0.0004956051707267761,-0.00029058195650577545,-0.00029046647250652313,True
Grocery,12090,12091,102078,text,1,-0.0006110705435276031,-0.0006111860275268555,-0.00023801811039447784,-0.00023813359439373016,True
Grocery,14784,12097,102173,text,1,0.0007337629795074463,0.0007332563400268555,-0.000910341739654541,-0.0009108483791351318,True
Grocery,6698,12115,102325,text,1,-0.011364638805389404,-0.01136469841003418,-0.01333567500114441,-0.013335734605789185,True
Grocery,13160,13154,110500,text,1,0.0002338886260986328,0.00023418664932250977,0.0002583712339401245,0.00025866925716400146,True
Grocery,13440,13387,113553,text,1,-2.6102177798748016e-05,-2.6102177798748016e-05,-4.47295606136322e-05,-4.47295606136322e-05,True
Grocery,14062,13581,115476,text,1,0.0012103058397769928,0.0012103058397769928,0.001424349844455719,0.001424349844455719,True
Grocery,11095,13644,116183,text,1,0.001285497099161148,0.001285497099161148,,,False
Grocery,13554,13692,116735,text,1,0.0002500489354133606,0.0002500489354133606,0.00010961294174194336,0.00010961294174194336,True
Grocery,13966,13967,119389,text,1,-0.0003415960818529129,-0.00034147780388593674,-0.0008901627734303474,-0.0008900444954633713,True
Grocery,13672,14174,121934,text,1,1.7754733562469482e-05,1.7754733562469482e-05,,,False
Grocery,14346,14182,122034,text,1,0.005363442003726959,0.005363442003726959,0.003690369427204132,0.003690369427204132,True
Grocery,13423,14656,126571,text,1,0.00027404166758060455,0.00027415715157985687,0.001144135370850563,0.0011442508548498154,True
Grocery,894,14960,129758,text,1,0.010936737060546875,0.01093757152557373,0.03883618116378784,0.0388370156288147,True
Grocery,13583,14969,129893,text,1,1.3533979654312134e-05,1.3533979654312134e-05,1.3652723282575607e-05,1.3652723282575607e-05,True
Grocery,15969,15076,131119,text,1,-0.00599568709731102,-0.00599568709731102,,,False
Grocery,16492,15475,133273,text,1,0.001493256539106369,0.001493256539106369,0.0016102045774459839,0.0016102045774459839,True
Grocery,2278,16043,136280,text,1,-0.05384469032287598,-0.05384385585784912,,,False
Grocery,1468,16733,139916,text,1,-0.08700531721115112,-0.087008535861969,-0.1751074194908142,-0.17511063814163208,True
Grocery,432,119,520,text,2,0.0038208812475204468,0.0038209855556488037,0.002420783042907715,0.0024208873510360718,True
Grocery,1055,221,1005,text,2,0.00030586495995521545,0.00030586495995521545,0.0002296101301908493,0.0002296101301908493,True
Grocery,828,471,2035,text,2,0.00011366792023181915,0.00011366792023181915,7.02952966094017e-05,7.02952966094017e-05,True
Grocery,1589,495,2136,text,2,9.970739483833313e-05,9.970739483833313e-05,1.1000782251358032e-05,1.1000782251358032e-05,True
Grocery,394,650,2779,text,2,0.0005739107728004456,0.0005739107728004456,-0.0010217800736427307,-0.0010217800736427307,True
Grocery,16670,760,3254,text,2,-1.1529307812452316e-05,-1.1529307812452316e-05,-5.824025720357895e-06,-5.824025720357895e-06,True
Grocery,992,1006,4218,text,2,0.000158797949552536,0.000158797949552536,,,False
Grocery,8570,1351,5635,text,2,-0.020861148834228516,-0.020862340927124023,0.0002639293670654297,0.0002627372741699219,True
Grocery,1360,1464,6105,text,2,-0.01626431941986084,-0.01626574993133545,,,False
Grocery,875,1759,7491,text,2,0.0003664260730147362,0.0003664260730147362,,,False
Grocery,8032,2184,9379,text,2,0.009404420852661133,0.009403467178344727,,,False
Grocery,2593,2682,11789,text,2,-0.00020573008805513382,-0.00020584743469953537,-8.381996303796768e-05,-8.393730968236923e-05,True
Grocery,8816,2834,12612,text,2,-1.6264617443084717e-05,-1.6264617443084717e-05,-3.275275230407715e-05,-3.275275230407715e-05,True
Grocery,3074,3278,15166,text,2,-2.8371810913085938e-05,-2.8602778911590576e-05,-0.000995919108390808,-0.0009961500763893127,True
Grocery,3367,3555,17117,text,2,0.00013156794011592865,0.00013156794011592865,1.780875027179718e-05,1.780875027179718e-05,True
Grocery,2021,3625,17427,text,2,-0.002397477626800537,-0.002397477626800537,-0.0014567077159881592,-0.0014567077159881592,True
Grocery,8136,3658,17607,text,2,-0.006827950477600098,-0.006827116012573242,,,False
Grocery,5277,3660,17622,text,2,-1.1160969734191895e-05,-1.1160969734191895e-05,-0.00018220394849777222,-0.00018220394849777222,True
Grocery,7502,3788,18544,text,2,1.4609657227993011e-05,1.4609657227993011e-05,1.2352829799056053e-05,1.2352829799056053e-05,True
Grocery,8001,3788,18573,text,2,0.00035781413316726685,0.00035781413316726685,0.000349927693605423,0.000349927693605423,True
Grocery,5890,4337,23873,text,2,0.0002552792429924011,0.0002552792429924011,8.742325007915497e-05,8.742325007915497e-05,True
Grocery,1090,4379,25307,text,2,0.0017410516738891602,0.0017406046390533447,0.0003654658794403076,0.0003650188446044922,True
Grocery,6197,4445,25708,text,2,0.000509798526763916,0.0005096830427646637,0.0004102736711502075,0.0004101581871509552,True
Grocery,5392,4653,28764,text,2,1.1881813406944275e-05,1.1881813406944275e-05,-3.246869891881943e-05,-3.246869891881943e-05,True
Grocery,4433,4709,29174,text,2,0.002538919448852539,0.002538815140724182,,,False
Grocery,13917,5390,35450,text,2,0.0002111569046974182,0.000211372971534729,7.820874452590942e-05,7.842481136322021e-05,True
Grocery,1878,5609,37096,text,2,-0.00014693289995193481,-0.00014682859182357788,-0.0007543936371803284,-0.0007542893290519714,True
Grocery,2368,6426,43944,text,2,0.0029480457305908203,0.0029478073120117188,0.0028548240661621094,0.002854585647583008,True
Grocery,8262,6469,44215,text,2,1.4263205230236053e-06,1.4263205230236053e-06,-1.7827842384576797e-06,-1.7827842384576797e-06,True
Grocery,8324,6641,45704,text,2,-3.353017382323742e-05,-3.353017382323742e-05,,,False
Grocery,8105,7307,51119,text,2,0.0003020167350769043,0.0003023296594619751,0.00034065544605255127,0.00034096837043762207,True
Grocery,1247,7493,52754,text,2,0.002132892608642578,0.0021333694458007812,0.004534482955932617,0.00453495979309082,True
Grocery,8069,7876,55860,text,2,0.0005330312997102737,0.0005330312997102737,0.0008800849318504333,0.0008800849318504333,True
Grocery,8861,8475,60790,text,2,2.73827463388443e-05,2.73827463388443e-05,2.560485154390335e-05,2.560485154390335e-05,True
Grocery,15642,8478,60842,text,2,-6.284192204475403e-05,-6.306543946266174e-05,-4.828721284866333e-05,-4.8510730266571045e-05,True
Grocery,2088,8594,62075,text,2,-0.0005736351013183594,-0.0005745887756347656,0.002946615219116211,0.0029456615447998047,True
Grocery,10083,8985,66786,text,2,-9.924173355102539e-05,-9.85860824584961e-05,-0.0006570219993591309,-0.0006563663482666016,True
Grocery,10742,9038,67391,text,2,3.669876605272293e-06,3.5515986382961273e-06,2.130866050720215e-06,2.012588083744049e-06,True
Grocery,9661,9216,69484,text,2,1.7668120563030243e-05,1.7668120563030243e-05,-2.1083280444145203e-05,-2.1083280444145203e-05,True
Grocery,2065,9712,75390,text,2,-0.00204448401927948,-0.00204448401927948,0.0,0.0,True
Grocery,9440,9944,78088,text,2,0.00020688772201538086,0.00020688772201538086,0.00012981519103050232,0.00012981519103050232,True
Grocery,10821,10803,88705,text,2,0.00022028014063835144,0.00022016465663909912,9.457394480705261e-05,9.445846080780029e-05,True
Grocery,11219,10813,88891,text,2,1.7837155610322952e-06,1.7837155610322952e-06,2.377200871706009e-07,2.377200871706009e-07,True
Grocery,4513,10832,89221,text,2,0.012522444128990173,0.012522533535957336,0.008291289210319519,0.008291378617286682,True
Grocery,11064,10892,90033,text,2,4.8729125410318375e-06,4.8729125410318375e-06,2.2582244127988815e-06,2.2582244127988815e-06,True
Grocery,11554,11016,91457,text,2,1.5198718756437302e-05,1.5198718756437302e-05,,,False
Grocery,11064,11092,92252,text,2,8.321367204189301e-07,8.321367204189301e-07,-9.032664820551872e-06,-9.032664820551872e-06,True
Grocery,11735,11129,92785,text,2,1.2334436178207397e-05,1.2334436178207397e-05,-2.2533349692821503e-06,-2.2533349692821503e-06,True
Grocery,11473,11141,92869,text,2,0.00012440048158168793,0.00012440048158168793,5.099363625049591e-05,5.099363625049591e-05,True
Grocery,11194,11190,93299,text,2,1.939292997121811e-05,1.939292997121811e-05,-1.5347846783697605e-05,-1.5347846783697605e-05,True
Grocery,11005,11353,95179,text,2,-2.3830216377973557e-07,-2.3830216377973557e-07,-2.3830216377973557e-07,-2.3830216377973557e-07,True
Grocery,11637,11634,97653,text,2,-1.5385448932647705e-06,-1.5385448932647705e-06,-1.775100827217102e-06,-1.775100827217102e-06,True
Grocery,11093,12062,101698,text,2,-1.8440186977386475e-06,-2.074986696243286e-06,5.3592026233673096e-05,5.336105823516846e-05,True
Grocery,9466,12477,105668,text,2,0.00031991302967071533,0.00032013654708862305,0.0002067163586616516,0.00020693987607955933,True
Grocery,12806,12797,107788,text,2,7.19013623893261e-05,7.19013623893261e-05,1.5873461961746216e-05,1.5873461961746216e-05,True
Grocery,14366,13080,109571,text,2,0.0037984251976013184,0.0037977099418640137,0.0060988664627075195,0.006098151206970215,True
Grocery,13771,13432,113870,text,2,3.401562571525574e-05,3.401562571525574e-05,0.00023633800446987152,0.00023633800446987152,True
Grocery,3428,13526,114826,text,2,-0.0032326579093933105,-0.003232419490814209,,,False
Grocery,15413,14254,122787,text,2,-2.2895634174346924e-05,-2.267211675643921e-05,-5.357712507247925e-05,-5.335360765457153e-05,True
Grocery,14671,14521,125441,text,2,0.0015989989042282104,0.0015993863344192505,0.0014640390872955322,0.0014644265174865723,True
Grocery,13423,14719,127222,text,2,9.428523480892181e-05,9.440071880817413e-05,6.7099928855896e-05,6.721541285514832e-05,True
Grocery,14819,14787,127679,text,2,0.0006226301193237305,0.0006224513053894043,-0.00041049718856811523,-0.0004106760025024414,True
Grocery,14699,14888,128893,text,2,2.9500573873519897e-05,2.9383227229118347e-05,-3.730878233909607e-06,-3.848224878311157e-06,True
Grocery,15642,15250,132072,text,2,-1.0266900062561035e-05,-1.049041748046875e-05,2.4706125259399414e-05,2.44826078414917e-05,True
Grocery,15499,15368,132746,text,2,1.8700025975704193e-05,1.8700025975704193e-05,-4.8576854169368744e-05,-4.8576854169368744e-05,True
Grocery,16331,15381,132812,text,2,0.0003071427345275879,0.00030725449323654175,0.00033786892890930176,0.0003379806876182556,True
Grocery,15668,16207,137045,text,2,-0.00031282007694244385,-0.00031282007694244385,-0.00033710896968841553,-0.00033710896968841553,True
Grocery,15982,16389,138033,text,2,0.0016796588897705078,0.0016795434057712555,,,False
Grocery,7976,16555,138886,text,2,-0.00045812129974365234,-0.0004563331604003906,0.00019407272338867188,0.0001958608627319336,True
Grocery,15108,17065,142031,text,2,0.0032927393913269043,0.003291904926300049,-0.0017235279083251953,-0.0017243623733520508,True
Grocery,1664,134,633,text,3,0.0037352479994297028,0.003735024482011795,0.0016638673841953278,0.00166364386677742,True
Grocery,1902,516,2233,text,3,0.005224820226430893,0.005224704742431641,-0.0003725700080394745,-0.0003726854920387268,True
Grocery,853,640,2748,text,3,1.093442551791668e-05,1.093442551791668e-05,4.991656169295311e-06,4.991656169295311e-06,True
Grocery,14062,681,2923,text,3,-0.0003371722996234894,-0.0003371722996234894,-0.0002970099449157715,-0.0002970099449157715,True
Grocery,727,1129,4752,text,3,0.00017450470477342606,0.00017450470477342606,,,False
Grocery,1909,1189,5012,text,3,-0.00012726522982120514,-0.00012726522982120514,0.0001400429755449295,0.0001400429755449295,True
Grocery,6804,1627,6802,text,3,-0.02551126480102539,-0.02550506591796875,-0.02904057502746582,-0.02903437614440918,True
Grocery,3599,1708,7254,text,3,-0.009503521025180817,-0.009503312408924103,,,False
Grocery,3632,3498,16758,text,3,-2.8414186090230942e-05,-2.8414186090230942e-05,8.665863424539566e-05,8.665863424539566e-05,True
Grocery,8515,4557,27279,text,3,0.0047807395458221436,0.004780828952789307,0.003545314073562622,0.003545403480529785,True
Grocery,5442,4671,28926,text,3,0.00032898131757974625,0.00032898131757974625,0.0001824377104640007,0.0001824377104640007,True
Grocery,4755,4706,29150,text,3,-4.7598034143447876e-05,-4.7715380787849426e-05,-2.3212283849716187e-05,-2.3329630494117737e-05,True
Grocery,3835,5268,34316,text,3,0.002779245376586914,0.0027797818183898926,0.001799464225769043,0.0018000006675720215,True
Grocery,5225,5403,35657,text,3,0.000511467456817627,0.0005118250846862793,0.001703888177871704,0.0017042458057403564,True
Grocery,5128,5923,40118,text,3,-0.0001608375459909439,-0.0001607220619916916,-0.00028296560049057007,-0.00028285011649131775,True
Grocery,5256,5990,40735,text,3,4.215893568471074e-05,4.215893568471074e-05,-3.6919955164194107e-06,-3.6919955164194107e-06,True
Grocery,4418,6047,41281,text,3,-0.0012074559926986694,-0.0012072473764419556,-0.0009071454405784607,-0.0009069368243217468,True
Grocery,6392,6642,45705,text,3,0.00973731279373169,0.00973731279373169,0.05988436937332153,0.05988436937332153,True
Grocery,7439,6649,45734,text,3,-0.0002848794683814049,-0.0002848794683814049,0.00036556320264935493,0.00036556320264935493,True
Grocery,12353,7600,53684,text,3,0.009511888027191162,0.009512335062026978,0.0012831389904022217,0.0012835860252380371,True
Grocery,4414,7618,53788,text,3,0.126203715801239,0.1262044608592987,,,False
Grocery,2027,7692,54347,text,3,0.002468317747116089,0.0024674534797668457,-0.002703428268432617,-0.0027042925357818604,True
Grocery,9091,8396,59697,text,3,0.012093186378479004,0.012093186378479004,,,False
Grocery,9068,8703,63494,text,3,6.865151226520538e-05,6.865151226520538e-05,7.933005690574646e-05,7.933005690574646e-05,True
Grocery,10004,9071,67691,text,3,0.0007971879094839096,0.0007971879094839096,-0.0011030156165361404,-0.0011030156165361404,True
Grocery,8533,9166,69006,text,3,2.4332664906978607e-05,2.421438694000244e-05,-7.441267371177673e-06,-7.559545338153839e-06,True
Grocery,16272,9216,69496,text,3,-0.0054953694343566895,-0.005495607852935791,-0.011784672737121582,-0.011784911155700684,True
Grocery,8746,9277,70376,text,3,0.00012312456965446472,0.00012312456965446472,-0.00016073230654001236,-0.00016073230654001236,True
Grocery,9917,9489,73043,text,3,9.606126695871353e-06,9.606126695871353e-06,-1.5535857528448105e-05,-1.5535857528448105e-05,True
Grocery,8482,9632,74356,text,3,4.713982343673706e-05,4.713982343673706e-05,0.00020550750195980072,0.00020550750195980072,True
Grocery,4991,10061,79264,text,3,0.003408670425415039,0.0034079551696777344,-0.011630058288574219,-0.011630773544311523,True
Grocery,11856,11300,94647,text,3,-1.7434824258089066e-05,-1.7434824258089066e-05,-1.2453179806470871e-05,-1.2453179806470871e-05,True
Grocery,11227,11494,96434,text,3,0.0002908976748585701,0.0002908976748585701,6.467755883932114e-05,6.467755883932114e-05,True
Grocery,11928,11572,97080,text,3,1.0720104910433292e-06,1.0720104910433292e-06,8.337665349245071e-07,8.337665349245071e-07,True
Grocery,3798,11721,98644,text,3,-0.002863973379135132,-0.002863973379135132,-0.0004366636276245117,-0.0004366636276245117,True
Grocery,10765,11834,99591,text,3,0.00025382451713085175,0.00025382451713085175,-4.676729440689087e-05,-4.676729440689087e-05,True
Grocery,12078,12077,101980,text,3,-0.001036517322063446,-0.001036517322063446,,,False
Grocery,12269,13207,111237,text,3,-4.283268935978413e-06,-4.283268935978413e-06,8.328352123498917e-07,8.328352123498917e-07,True
Grocery,14082,13249,112019,text,3,0.0006030574440956116,0.0006031747907400131,-6.49578869342804e-05,-6.484054028987885e-05,True
Grocery,14028,13554,115135,text,3,0.00028837472200393677,0.00028837472200393677,0.00018383562564849854,0.00018383562564849854,True
Grocery,14915,13983,119647,text,3,-0.016570329666137695,-0.016570627689361572,0.0026845932006835938,0.002684295177459717,True
Grocery,13461,14071,120747,text,3,-0.00045090168714523315,-0.0004510059952735901,-0.0006433203816413879,-0.0006434246897697449,True
Grocery,14768,14250,122748,text,3,4.8591289669275284e-05,4.8591289669275284e-05,-6.415648385882378e-06,-6.415648385882378e-06,True
Grocery,13653,14386,124234,text,3,-1.225993037223816e-05,-1.225993037223816e-05,-6.7194923758506775e-06,-6.7194923758506775e-06,True
Grocery,14028,14857,128597,text,3,0.0002483353018760681,0.0002483353018760681,3.68170440196991e-05,3.68170440196991e-05,True
Grocery,14880,14899,129073,text,3,-0.010790854692459106,-0.01079067587852478,-0.003357797861099243,-0.003357619047164917,True
Grocery,7418,15219,131889,text,3,-0.0060973986983299255,-0.0060975030064582825,-0.0013431161642074585,-0.0013432204723358154,True
Grocery,15914,15342,132591,text,3,0.028385400772094727,0.02838665246963501,0.019568979740142822,0.019570231437683105,True
Grocery,15702,15417,132975,text,3,0.0013248622417449951,0.0013246536254882812,0.0024385154247283936,0.0024383068084716797,True
Grocery,15624,15510,133471,text,3,0.01567693054676056,0.01567751169204712,0.01347881555557251,0.01347939670085907,True
Grocery,1196,15785,134915,text,3,-0.006060749292373657,-0.00606083869934082,-0.003138989210128784,-0.0031390786170959473,True
Grocery,16904,15832,135150,text,3,-0.006381556391716003,-0.0063814520835876465,0.002123504877090454,0.002123609185218811,True
Grocery,15768,15911,135600,text,3,0.0005846917629241943,0.0005850791931152344,-0.0026783794164657593,-0.0026779919862747192,True
Grocery,17037,16567,138956,text,3,0.0013909637928009033,0.0013907477259635925,-0.009718157351016998,-0.009718373417854309,True
Grocery,3325,16638,139362,text,3,-0.018406152725219727,-0.018406689167022705,-0.0012410879135131836,-0.0012416243553161621,True
Grocery,1197,296,1337,text,4,-0.00036682840436697006,-0.00036682840436697006,,,False
Grocery,14608,310,1411,text,4,-0.006460011005401611,-0.006460100412368774,,,False
Grocery,1664,409,1794,text,4,0.00039939209818840027,0.00039916858077049255,-0.00014868751168251038,-0.0001489110291004181,True
Grocery,701,559,2431,text,4,5.948822945356369e-07,5.948822945356369e-07,1.1897645890712738e-07,1.1897645890712738e-07,True
Grocery,299,854,3584,text,4,-4.7441571950912476e-06,-4.7441571950912476e-06,-2.016313374042511e-06,-2.016313374042511e-06,True
Grocery,7936,1323,5481,text,4,-0.0021224021911621094,-0.002122640609741211,,,False
Grocery,15624,1811,7692,text,4,-0.002157166600227356,-0.002156585454940796,-0.0018199533224105835,-0.0018193721771240234,True
Grocery,3089,2298,9955,text,4,2.9583461582660675e-06,2.9583461582660675e-06,7.572583854198456e-06,7.572583854198456e-06,True
Grocery,2196,2724,12008,text,4,0.0006195306777954102,0.0006203353404998779,0.00039714574813842773,0.0003979504108428955,True
Grocery,77,3535,16901,text,4,-3.570457920432091e-07,-3.570457920432091e-07,-2.3795291781425476e-07,-2.3795291781425476e-07,True
Grocery,14560,3535,16966,text,4,-9.063631296157837e-05,-9.042024612426758e-05,-2.8036534786224365e-05,-2.7820467948913574e-05,True
Grocery,5500,3788,18447,text,4,0.009472399950027466,0.009472131729125977,0.006934940814971924,0.006934672594070435,True
Grocery,3079,3793,18698,text,4,7.449649274349213e-06,7.449649274349213e-06,-8.988194167613983e-06,-8.988194167613983e-06,True
Grocery,5990,4936,31507,text,4,5.941838026046753e-05,5.953013896942139e-05,1.7043203115463257e-05,1.7154961824417114e-05,True
Grocery,5700,5064,32641,text,4,7.074326276779175e-06,7.074326276779175e-06,-3.184191882610321e-06,-3.184191882610321e-06,True
Grocery,5914,5102,32980,text,4,1.1652708053588867e-05,1.1537224054336548e-05,7.152557373046875e-06,7.037073373794556e-06,True
Grocery,5299,5610,37103,text,4,4.389788955450058e-06,4.2710453271865845e-06,-4.2710453271865845e-06,-4.389788955450058e-06,True
Grocery,299,5871,39322,text,4,2.016313374042511e-06,2.016313374042511e-06,3.3206306397914886e-06,3.3206306397914886e-06,True
Grocery,6132,6182,42219,text,4,0.0004853997379541397,0.0004853997379541397,,,False
Grocery,6281,6217,42387,text,4,6.240233778953552e-05,6.240233778953552e-05,-3.662705421447754e-05,-3.662705421447754e-05,True
Grocery,5225,7021,48542,text,4,3.3855438232421875e-05,3.421306610107422e-05,5.632638931274414e-06,5.990266799926758e-06,True
Grocery,12307,7657,54087,text,4,0.000378243625164032,0.000378243625164032,4.126131534576416e-05,4.126131534576416e-05,True
Grocery,12256,7738,54769,text,4,0.0003975331783294678,0.0003975331783294678,,,False
Grocery,2560,8017,56868,text,4,0.0006427466869354248,0.0006423890590667725,-1.9937753677368164e-05,-2.0295381546020508e-05,True
Grocery,8656,9339,70958,text,4,6.984919309616089e-07,8.158385753631592e-07,-2.3469328880310059e-07,-1.1734664440155029e-07,True
Grocery,8676,9620,74290,text,4,1.8503982573747635e-05,1.8503982573747635e-05,1.292908564209938e-05,1.292908564209938e-05,True
Grocery,9875,9740,75927,text,4,1.5543773770332336e-05,1.5543773770332336e-05,-7.059425115585327e-07,-7.059425115585327e-07,True
Grocery,8567,9750,76063,text,4,7.246155291795731e-06,7.246155291795731e-06,6.652204319834709e-06,6.652204319834709e-06,True
Grocery,10462,9757,76122,text,4,-1.1874362826347351e-07,-1.1874362826347351e-07,-1.5427358448505402e-06,-1.5427358448505402e-06,True
Grocery,10556,10102,79745,text,4,5.865469574928284e-06,5.865469574928284e-06,2.6989728212356567e-06,2.6989728212356567e-06,True
Grocery,9817,10185,80847,text,4,7.63963907957077e-06,7.52229243516922e-06,-2.3562461137771606e-07,-3.5297125577926636e-07,True
Grocery,10726,10382,83265,text,4,-1.0254792869091034e-05,-1.0254792869091034e-05,-4.832632839679718e-06,-4.832632839679718e-06,True
Grocery,3645,10695,86654,text,4,0.00031691789627075195,0.0003186464309692383,0.001674652099609375,0.0016763806343078613,True
Grocery,10844,11259,94117,text,4,4.393048584461212e-06,4.393048584461212e-06,3.205612301826477e-06,3.205612301826477e-06,True
Grocery,11856,11381,95431,text,4,2.371612936258316e-06,2.371612936258316e-06,1.0672956705093384e-06,1.0672956705093384e-06,True
Grocery,11392,11589,97215,text,4,7.368624210357666e-06,7.2498805820941925e-06,,,False
Grocery,11695,11684,98143,text,4,1.1898810043931007e-06,1.1898810043931007e-06,0.0,0.0,True
Grocery,11942,12102,102228,text,4,1.4239922165870667e-06,1.4239922165870667e-06,-1.424318179488182e-05,-1.424318179488182e-05,True
Grocery,12523,12463,105565,text,4,4.026293754577637e-05,3.993511199951172e-05,0.00010094046592712402,0.00010061264038085938,True
Grocery,3456,13007,109025,text,4,9.274482727050781e-05,9.298324584960938e-05,0.0001900196075439453,0.00019025802612304688,True
Grocery,3746,13062,109354,text,4,0.0007097721099853516,0.0007085800170898438,0.0015995502471923828,0.001598358154296875,True
Grocery,16670,13129,110150,text,4,-1.1897645890712738e-07,-1.1897645890712738e-07,1.069623976945877e-06,1.069623976945877e-06,True
Grocery,13266,13199,110898,text,4,-3.526918590068817e-06,-3.4086406230926514e-06,1.7629936337471008e-06,1.8812716007232666e-06,True
Grocery,1196,13207,110999,text,4,0.0030530691146850586,0.0030529797077178955,0.0019304156303405762,0.001930326223373413,True
Grocery,12246,13207,111234,text,4,-0.00020183995366096497,-0.00020195730030536652,,,False
Grocery,1356,14040,120283,text,4,-0.00016609951853752136,-0.00016621500253677368,0.00010413303971290588,0.00010401755571365356,True
Grocery,13413,14055,120455,text,4,-3.2782554626464844e-07,-3.2782554626464844e-07,2.436339855194092e-06,2.436339855194092e-06,True
Grocery,14431,14071,120811,text,4,-1.7350539565086365e-05,-1.7350539565086365e-05,3.7765130400657654e-06,3.7765130400657654e-06,True
Grocery,14111,14195,122297,text,4,1.1734664440155029e-07,2.3469328880310059e-07,-4.10713255405426e-06,-3.98978590965271e-06,True
Grocery,14346,14911,129271,text,4,0.00030522048473358154,0.00030522048473358154,-0.00106048583984375,-0.00106048583984375,True
Grocery,16653,15246,132050,text,4,0.001959860324859619,0.001959860324859619,8.64267349243164e-05,8.64267349243164e-05,True
Grocery,16030,15449,133125,text,4,6.021000444889069e-06,6.021000444889069e-06,-4.7227367758750916e-06,-4.7227367758750916e-06,True
Grocery,15734,15509,133454,text,4,-0.0004697442054748535,-0.0004696846008300781,-2.3245811462402344e-05,-2.3186206817626953e-05,True
Grocery,16640,15510,133477,text,4,2.263486385345459e-05,2.285093069076538e-05,5.696713924407959e-05,5.718320608139038e-05,True
Grocery,11502,15639,134273,text,4,3.2121315598487854e-06,3.2121315598487854e-06,-3.687804564833641e-06,-3.687804564833641e-06,True
Grocery,16743,15829,135123,text,4,-6.285402923822403e-05,-6.285402923822403e-05,3.2844021916389465e-05,3.2844021916389465e-05,True
Grocery,9882,16175,136859,text,4,0.0001560002565383911,0.0001560002565383911,5.6430697441101074e-05,5.6430697441101074e-05,True
Grocery,16904,16621,139257,text,4,-0.00043486058712005615,-0.0004347562789916992,-0.0004246234893798828,-0.0004245191812515259,True
Grocery,12265,16914,140813,text,4,0.00023287534713745117,0.0002314746379852295,7.009506225585938e-05,6.86943531036377e-05,True
Grocery,1583,119,528,visual,1,0.003713466227054596,0.0037133488804101944,0.003439558669924736,0.0034394413232803345,True
Grocery,1789,321,1451,visual,1,0.05537785589694977,0.05537816882133484,,,False
Grocery,1011,504,2172,visual,1,0.0002228165976703167,0.0002228165976703167,0.00019547250121831894,0.00019547250121831894,True
Grocery,1420,526,2262,visual,1,0.001978505402803421,0.001978505402803421,0.002683499827980995,0.002683499827980995,True
Grocery,1096,683,2934,visual,1,0.007336705923080444,0.007337465882301331,0.00998280942440033,0.009983569383621216,True
Grocery,359,878,3652,visual,1,-0.0002643815241754055,-0.0002643815241754055,0.00023631751537322998,0.00023631751537322998,True
Grocery,1889,1737,7391,visual,1,-0.0004014689475297928,-0.0004014689475297928,-0.0001534176990389824,-0.0001534176990389824,True
Grocery,3525,2010,8727,visual,1,0.0002789553254842758,0.0002789553254842758,0.00033777765929698944,0.00033777765929698944,True
Grocery,2114,2062,8882,visual,1,-0.006031878292560577,-0.0060316696763038635,-0.009137645363807678,-0.009137436747550964,True
Grocery,8154,2252,9753,visual,1,-0.01631537452340126,-0.01631537452340126,,,False
Grocery,8128,2277,9901,visual,1,0.007189512252807617,0.007191658020019531,0.017253637313842773,0.017255783081054688,True
Grocery,2114,2453,10637,visual,1,0.06639231741428375,0.06639252603054047,0.1478775143623352,0.14787772297859192,True
Grocery,1228,2503,10865,visual,1,-0.03226065635681152,-0.03226083517074585,-0.03452090919017792,-0.034521088004112244,True
Grocery,3304,3005,13575,visual,1,0.03429141640663147,0.034292057156562805,0.031305670738220215,0.03130631148815155,True
Grocery,2560,3567,17160,visual,1,-0.0024677515029907227,-0.002468109130859375,0.02871614694595337,0.028715789318084717,True
Grocery,4651,3912,19909,visual,1,0.018054544925689697,0.018054142594337463,0.009760871529579163,0.009760469198226929,True
Grocery,4646,3942,20316,visual,1,-0.005908168852329254,-0.005908280611038208,-0.006003066897392273,-0.006003178656101227,True
Grocery,7285,4025,21281,visual,1,-0.1022292971611023,-0.10223037004470825,-0.0026082992553710938,-0.0026093721389770508,True
Grocery,6394,4026,21349,visual,1,0.002598971128463745,0.002598881721496582,,,False
Grocery,9179,4371,24750,visual,1,0.003631412982940674,0.003631591796875,0.003537595272064209,0.003537774085998535,True
Grocery,5063,4913,31099,visual,1,0.00029960647225379944,0.0002994947135448456,0.000294417142868042,0.00029430538415908813,True
Grocery,5463,5319,34794,visual,1,0.0003919918090105057,0.0003919918090105057,0.0007722172886133194,0.0007722172886133194,True
Grocery,5299,5401,35646,visual,1,0.00010511046275496483,0.00010499171912670135,0.00013547902926802635,0.00013536028563976288,True
Grocery,7226,6601,45367,visual,1,-1.500092912465334e-05,-1.500092912465334e-05,-1.9882223568856716e-05,-1.9882223568856716e-05,True
Grocery,2450,6749,46364,visual,1,-0.014678426086902618,-0.014678314328193665,,,False
Grocery,8302,7549,53207,visual,1,0.13055568933486938,0.1305566430091858,0.2448614239692688,0.2448623776435852,True
Grocery,8219,7828,55441,visual,1,4.852190613746643e-05,4.8640649765729904e-05,-4.497356712818146e-06,-4.378613084554672e-06,True
Grocery,8325,8059,57110,visual,1,8.453265763819218e-06,8.453265763819218e-06,1.3691955246031284e-05,1.3691955246031284e-05,True
Grocery,1247,8299,58829,visual,1,0.06180453300476074,0.061805009841918945,0.04880261421203613,0.048803091049194336,True
Grocery,11979,9204,69328,visual,1,0.08479011058807373,0.08479011058807373,0.09173715114593506,0.09173715114593506,True
Grocery,9063,9932,77980,visual,1,-2.40434892475605e-05,-2.4162232875823975e-05,-8.764676749706268e-06,-8.883420377969742e-06,True
Grocery,10348,9973,78373,visual,1,0.0031921565532684326,0.0031926333904266357,0.005268961191177368,0.005269438028335571,True
Grocery,9571,10088,79541,visual,1,0.0002010655589401722,0.0002010655589401722,0.000399724580347538,0.000399724580347538,True
Grocery,3116,10545,84981,visual,1,-0.0011695027351379395,-0.001168966293334961,0.05702120065689087,0.05702173709869385,True
Grocery,10374,10716,87103,visual,1,0.01839549094438553,0.018395274877548218,0.031836025416851044,0.03183580935001373,True
Grocery,8870,10718,87123,visual,1,0.05623990297317505,0.056239426136016846,0.059486567974090576,0.05948609113693237,True
Grocery,11003,10767,87813,visual,1,-2.2614840418100357e-06,-2.2614840418100357e-06,-3.5706907510757446e-06,-3.5706907510757446e-06,True
Grocery,11549,10947,90616,visual,1,-0.000126273138448596,-0.000126273138448596,-0.00015341024845838547,-0.00015341024845838547,True
Grocery,11554,11016,91457,visual,1,0.001280494499951601,0.001280494499951601,,,False
Grocery,11414,11068,91976,visual,1,-0.0018091872334480286,-0.0018090754747390747,-0.0041235387325286865,-0.004123426973819733,True
Grocery,11103,11102,92334,visual,1,0.000742962583899498,0.0007428452372550964,0.0024670306593179703,0.0024669133126735687,True
Grocery,11405,11402,95619,visual,1,3.9136968553066254e-05,3.9136968553066254e-05,-1.5821773558855057e-05,-1.5821773558855057e-05,True
Grocery,11442,11544,96820,visual,1,0.0002534673549234867,0.0002534673549234867,0.00022469996474683285,0.00022469996474683285,True
Grocery,2455,12384,104916,visual,1,-0.007229804992675781,-0.007229804992675781,0.010367274284362793,0.010367274284362793,True
Grocery,16370,12384,104983,visual,1,-0.012621968984603882,-0.012621462345123291,-0.004068285226821899,-0.004067778587341309,True
Grocery,13266,13199,110898,visual,1,0.00020674802362918854,0.0002068663015961647,0.00013846345245838165,0.00013858173042535782,True
Grocery,1928,13227,111469,visual,1,0.004350185394287109,0.004351377487182617,0.059966087341308594,0.0599672794342041,True
Grocery,15461,13300,112658,visual,1,0.0012744739651679993,0.0012743622064590454,0.001727662980556488,0.0017275512218475342,True
Grocery,14421,13527,114853,visual,1,0.0009108223021030426,0.0009108223021030426,0.000329822301864624,0.000329822301864624,True
Grocery,14853,13608,115798,visual,1,0.002537194639444351,0.002537194639444351,0.0014210082590579987,0.0014210082590579987,True
Grocery,14516,13986,119720,visual,1,0.0008747410029172897,0.0008747410029172897,0.000440000556409359,0.000440000556409359,True
Grocery,13836,14039,120273,visual,1,0.0005069002509117126,0.000507015734910965,0.00048334524035453796,0.0004834607243537903,True
Grocery,16968,14324,123680,visual,1,0.024406790733337402,0.024406909942626953,0.04073333740234375,0.0407334566116333,True
Grocery,13809,14368,124123,visual,1,-0.00025734491646289825,-0.0002574604004621506,-0.00023896805942058563,-0.00023908354341983795,True
Grocery,14719,14448,124805,visual,1,0.00011715991422533989,0.00011715991422533989,0.00010649906471371651,0.00010649906471371651,True
Grocery,13423,14719,127222,visual,1,0.0003676079213619232,0.00036772340536117554,-0.00021868571639060974,-0.00021857023239135742,True
Grocery,14327,14862,128634,visual,1,0.0038393065333366394,0.00383952260017395,0.0032278597354888916,0.0032280758023262024,True
Grocery,8128,15165,131612,visual,1,-0.16573166847229004,-0.16572952270507812,-0.1793520450592041,-0.1793498992919922,True
Grocery,16833,15193,131801,visual,1,0.00034987926483154297,0.00034987926483154297,0.002730146050453186,0.002730146050453186,True
Grocery,15392,15344,132635,visual,1,0.0010672658681869507,0.0010672658681869507,0.0006897896528244019,0.0006897896528244019,True
Grocery,16926,16811,140387,visual,1,0.038553088903427124,0.03855319321155548,,,False
Grocery,1736,305,1379,visual,2,0.0011019452940672636,0.0011019452940672636,,,False
Grocery,835,378,1713,visual,2,-0.0001317985588684678,-0.0001317985588684678,,,False
Grocery,10916,477,2068,visual,2,-2.4046516045928e-05,-2.4046516045928e-05,-4.571257159113884e-05,-4.571257159113884e-05,True
Grocery,1979,696,2984,visual,2,0.015216708183288574,0.015217065811157227,0.02634108066558838,0.02634143829345703,True
Grocery,7088,979,4104,visual,2,-0.0348486602306366,-0.034848570823669434,-0.023026257753372192,-0.02302616834640503,True
Grocery,1286,1036,4345,visual,2,-0.008295759558677673,-0.008295644074678421,,,False
Grocery,1096,1463,6101,visual,2,-0.00602249801158905,-0.006021738052368164,-0.0032561421394348145,-0.0032553821802139282,True
Grocery,15916,1464,6114,visual,2,5.269143730401993e-05,5.269143730401993e-05,-1.61854550242424e-05,-1.61854550242424e-05,True
Grocery,717,1886,7986,visual,2,-0.011208295822143555,-0.011207938194274902,-0.003429412841796875,-0.0034290552139282227,True
Grocery,3625,2021,8774,visual,2,-0.0019702687859535217,-0.0019702687859535217,,,False
Grocery,3059,2260,9836,visual,2,0.003521174192428589,0.003521174192428589,-0.0019521303474903107,-0.0019521303474903107,True
Grocery,7986,2376,10361,visual,2,-0.09520232677459717,-0.09520518779754639,-0.0023958683013916016,-0.0023987293243408203,True
Grocery,3682,2439,10592,visual,2,-0.015935301780700684,-0.01593494415283203,-0.015215754508972168,-0.015215396881103516,True
Grocery,14119,2894,13023,visual,2,-0.0001828409731388092,-0.0001828409731388092,-0.0002831369638442993,-0.0002831369638442993,True
Grocery,3254,2909,13088,visual,2,0.0019612135365605354,0.0019612135365605354,-0.00018530245870351791,-0.00018530245870351791,True
Grocery,3620,3582,17214,visual,2,0.011405527591705322,0.011406183242797852,-0.00851750373840332,-0.008516848087310791,True
Grocery,4851,3788,18427,visual,2,0.06655222177505493,0.06655177474021912,0.06703630089759827,0.06703585386276245,True
Grocery,4232,3946,20399,visual,2,0.07029324769973755,0.07029390335083008,0.08968907594680786,0.08968973159790039,True
Grocery,9108,3983,21027,visual,2,-0.2827448844909668,-0.2827439308166504,-0.16391229629516602,-0.1639113426208496,True
Grocery,5267,4143,21924,visual,2,-0.00027445610612630844,-0.00027445610612630844,-0.00039904098957777023,-0.00039904098957777023,True
Grocery,4307,4404,25463,visual,2,2.6190653443336487e-05,2.6190653443336487e-05,2.7704983949661255e-05,2.7704983949661255e-05,True
Grocery,9129,4558,27419,visual,2,-0.005422055721282959,-0.005422323942184448,-0.0038084089756011963,-0.0038086771965026855,True
Grocery,4583,4597,28187,visual,2,0.0008355006575584412,0.0008353888988494873,0.000545840710401535,0.0005457289516925812,True
Grocery,4661,4706,29149,visual,2,0.04375392198562622,0.04375368356704712,0.004885971546173096,0.004885733127593994,True
Grocery,5922,5566,36821,visual,2,-2.7934787794947624e-05,-2.7934787794947624e-05,4.528858698904514e-05,4.528858698904514e-05,True
Grocery,10258,5616,37164,visual,2,7.099658250808716e-05,7.08848237991333e-05,-0.0013659074902534485,-0.0013660192489624023,True
Grocery,5277,5740,38206,visual,2,0.0009221434593200684,0.0009221434593200684,-0.0009114816784858704,-0.0009114816784858704,True
Grocery,5445,5798,38725,visual,2,-3.843754529953003e-05,-3.843754529953003e-05,-0.0001501385122537613,-0.0001501385122537613,True
Grocery,2413,6416,43919,visual,2,0.007847130298614502,0.007847130298614502,0.033340007066726685,0.033340007066726685,True
Grocery,7533,6426,43945,visual,2,0.09320545196533203,0.09320449829101562,-0.2295534610748291,-0.2295544147491455,True
Grocery,7226,6447,44078,visual,2,2.2620661184191704e-06,2.2620661184191704e-06,-1.78581103682518e-06,-1.78581103682518e-06,True
Grocery,6676,6578,45087,visual,2,-0.000628352165222168,-0.000628352165222168,-0.0002580080181360245,-0.0002580080181360245,True
Grocery,6359,7211,50373,visual,2,-0.008163213729858398,-0.008165240287780762,0.00829613208770752,0.008294105529785156,True
Grocery,6420,7347,51392,visual,2,-4.987465217709541e-06,-4.987465217709541e-06,-0.00014642905443906784,-0.00014642905443906784,True
Grocery,6470,7421,52089,visual,2,-0.00020987819880247116,-0.00020987819880247116,-7.934495806694031e-05,-7.934495806694031e-05,True
Grocery,16703,7503,52857,visual,2,-0.05760037899017334,-0.057600319385528564,-0.07005071640014648,-0.07005065679550171,True
Grocery,2027,7692,54347,visual,2,-0.009848833084106445,-0.009849697351455688,-0.08163055777549744,-0.08163142204284668,True
Grocery,12680,7783,55108,visual,2,-0.0001814328134059906,-0.0001814328134059906,2.3748725652694702e-07,2.3748725652694702e-07,True
Grocery,15642,8478,60842,visual,2,-0.0005520358681678772,-0.0005522593855857849,-0.000563550740480423,-0.0005637742578983307,True
Grocery,8823,8629,62544,visual,2,-0.00032743439078330994,-0.00032743439078330994,-0.0003734258934855461,-0.0003734258934855461,True
Grocery,4460,8821,65005,visual,2,0.07124245166778564,0.0712425708770752,-0.07330870628356934,-0.07330858707427979,True
Grocery,10626,9043,67425,visual,2,0.01114344596862793,0.01114344596862793,0.011203303933143616,0.011203303933143616,True
Grocery,9036,9169,69028,visual,2,0.0007418831810355186,0.0007418831810355186,,,False
Grocery,9278,9248,70037,visual,2,0.0001337723806500435,0.0001337723806500435,9.877514094114304e-05,9.877514094114304e-05,True
Grocery,9171,9279,70383,visual,2,0.0313592255115509,0.0313592255115509,,,False
Grocery,10407,10096,79596,visual,2,-0.009472593665122986,-0.009472489356994629,0.0012203678488731384,0.0012204721570014954,True
Grocery,10556,10102,79745,visual,2,-2.041831612586975e-05,-2.041831612586975e-05,-2.5816261768341064e-06,-2.5816261768341064e-06,True
Grocery,4383,10237,81179,visual,2,-0.0024639591574668884,-0.002464182674884796,-0.0027315691113471985,-0.002731792628765106,True
Grocery,10447,10583,85427,visual,2,-6.979145109653473e-05,-6.979145109653473e-05,-7.783062756061554e-05,-7.783062756061554e-05,True
Grocery,11502,10950,90723,visual,2,1.6416655853390694e-05,1.6416655853390694e-05,-2.5576911866664886e-05,-2.5576911866664886e-05,True
Grocery,10961,11057,91875,visual,2,0.012066692113876343,0.012068003416061401,0.006969451904296875,0.006970763206481934,True
Grocery,7591,11206,93405,visual,2,-0.18564465641975403,-0.1856459081172943,,,False
Grocery,10934,11338,95018,visual,2,0.0003606448881328106,0.0003606448881328106,-0.00011917459778487682,-0.00011917459778487682,True
Grocery,11859,11702,98410,visual,2,-3.2578594982624054e-05,-3.2578594982624054e-05,-0.00015141023322939873,-0.00015141023322939873,True
Grocery,12090,12091,102078,visual,2,0.0017544031143188477,0.0017542876303195953,-0.001242091879248619,-0.0012422073632478714,True
Grocery,12130,12132,102460,visual,2,4.540313966572285e-05,4.540313966572285e-05,9.86526720225811e-06,9.86526720225811e-06,True
Grocery,13000,12278,103811,visual,2,-0.003330506384372711,-0.003330729901790619,-0.0020015910267829895,-0.002001814544200897,True
Grocery,12925,12843,108056,visual,2,-0.0003168852999806404,-0.0003168852999806404,-0.00016689300537109375,-0.00016689300537109375,True
Grocery,15196,12904,108364,visual,2,-0.011040821671485901,-0.011041104793548584,-0.008184760808944702,-0.008185043931007385,True
Grocery,4058,13233,111920,visual,2,0.003606680780649185,0.003606680780649185,-0.0012259529903531075,-0.0012259529903531075,True
Grocery,11326,13490,114440,visual,2,-1.4288467355072498e-05,-1.4288467355072498e-05,-1.4407560229301453e-05,-1.4407560229301453e-05,True
Grocery,13505,13844,118285,visual,2,-0.00020356476306915283,-0.00020356476306915283,-7.916567847132683e-05,-7.916567847132683e-05,True
Grocery,11112,13897,118743,visual,2,-0.00015803659334778786,-0.00015803659334778786,-0.00015519699081778526,-0.00015519699081778526,True
Grocery,8814,13979,119576,visual,2,-0.0003362875431776047,-0.0003362875431776047,-0.00043982919305562973,-0.00043982919305562973,True
Grocery,14249,14002,119830,visual,2,9.031780064105988e-05,9.031780064105988e-05,1.0611489415168762e-05,1.0611489415168762e-05,True
Grocery,13507,14231,122624,visual,2,0.0648278146982193,0.06482821702957153,-0.007686614990234375,-0.007686212658882141,True
Grocery,14897,14895,128993,visual,2,0.006040222942829132,0.006040222942829132,0.0014304965734481812,0.0014304965734481812,True
Grocery,14713,15021,130561,visual,2,0.0058978646993637085,0.0058978646993637085,0.0008689835667610168,0.0008689835667610168,True
Grocery,13263,15094,131208,visual,2,-0.0007637143135070801,-0.0007636025547981262,-0.003056921064853668,-0.0030568093061447144,True
Grocery,15316,15190,131775,visual,2,-0.033037155866622925,-0.033037155866622925,0.05784636735916138,0.05784636735916138,True
Grocery,15642,15250,132072,visual,2,0.0005076415836811066,0.0005074180662631989,0.0004980601370334625,0.0004978366196155548,True
Grocery,13396,15748,134783,visual,2,0.02610855922102928,0.02610855922102928,-0.0022204890847206116,-0.0022204890847206116,True
Grocery,15956,16031,136209,visual,2,0.012155711650848389,0.01215621829032898,,,False
Grocery,15844,16037,136248,visual,2,0.011039376258850098,0.011037707328796387,-0.013663828372955322,-0.013665497303009033,True
Grocery,2814,16084,136485,visual,2,0.015205234289169312,0.01520577073097229,0.023753970861434937,0.023754507303237915,True
Grocery,2021,16956,141311,visual,2,0.0035968534648418427,0.0035968534648418427,0.00014505907893180847,0.00014505907893180847,True
Grocery,694,1749,7445,visual,3,-0.00035110069438815117,-0.00035110069438815117,-0.00012608850374817848,-0.00012608850374817848,True
Grocery,5719,1911,8081,visual,3,-0.028910279273986816,-0.028906822204589844,-0.03282773494720459,-0.03282427787780762,True
Grocery,3254,2012,8740,visual,3,0.0012783147394657135,0.0012783147394657135,0.0029778899624943733,0.0029778899624943733,True
Grocery,2135,2298,9951,visual,3,7.133930921554565e-07,7.133930921554565e-07,1.2840144336223602e-05,1.2840144336223602e-05,True
Grocery,3812,3610,17304,visual,3,0.004485204815864563,0.004485204815864563,-0.0056333765387535095,-0.0056333765387535095,True
Grocery,5500,3788,18447,visual,3,0.011890202760696411,0.011889934539794922,0.015700191259384155,0.015699923038482666,True
Grocery,6765,3788,18502,visual,3,-0.000986006110906601,-0.000986006110906601,-0.00036195293068885803,-0.00036195293068885803,True
Grocery,6190,3861,19120,visual,3,0.007747188210487366,0.007747292518615723,0.003810390830039978,0.003810495138168335,True
Grocery,6197,4445,25708,visual,3,0.0020148865878582,0.0020147711038589478,0.0017019174993038177,0.0017018020153045654,True
Grocery,5793,5105,33051,visual,3,4.28883358836174e-05,4.28883358836174e-05,0.00011749309487640858,0.00011749309487640858,True
Grocery,4701,5290,34551,visual,3,-1.3688229955732822e-05,-1.3688229955732822e-05,-2.1425075829029083e-06,-2.1425075829029083e-06,True
Grocery,5225,5303,34621,visual,3,0.006408482789993286,0.0064088404178619385,-0.0069113969802856445,-0.006911039352416992,True
Grocery,5628,5627,37219,visual,3,0.00057247094810009,0.0005723554641008377,6.145238876342773e-05,6.133690476417542e-05,True
Grocery,6279,5959,40345,visual,3,0.0007525254040956497,0.0007526427507400513,,,False
Grocery,5793,5970,40460,visual,3,-1.8177786841988564e-05,-1.8177786841988564e-05,1.1880416423082352e-05,1.1880416423082352e-05,True
Grocery,4944,6034,41170,visual,3,0.0017440393567085266,0.0017442628741264343,0.0011339187622070312,0.001134142279624939,True
Grocery,6910,6427,43955,visual,3,0.0052830129861831665,0.005282901227474213,0.0007937848567962646,0.0007936730980873108,True
Grocery,6470,7104,49289,visual,3,-0.00010411161929368973,-0.00010411161929368973,-3.427267074584961e-05,-3.427267074584961e-05,True
Grocery,7439,7126,49655,visual,3,9.592762216925621e-05,9.592762216925621e-05,-9.462237358093262e-07,-9.462237358093262e-07,True
Grocery,7453,7488,52725,visual,3,0.0007086619734764099,0.0007087662816047668,0.0014876946806907654,0.0014877989888191223,True
Grocery,3734,7692,54348,visual,3,-0.04036276042461395,-0.040362268686294556,-0.05115807056427002,-0.05115757882595062,True
Grocery,7036,7713,54553,visual,3,0.008038163185119629,0.008037865161895752,0.002652466297149658,0.0026521682739257812,True
Grocery,6338,7815,55325,visual,3,0.00012564286589622498,0.00012552738189697266,0.001960163936018944,0.0019600484520196915,True
Grocery,1318,8016,56846,visual,3,-9.251944720745087e-05,-9.251944720745087e-05,-5.0098635256290436e-05,-5.0098635256290436e-05,True
Grocery,5976,8261,58609,visual,3,-0.0025567710399627686,-0.0025571584701538086,-0.0018629282712936401,-0.0018633157014846802,True
Grocery,8676,8881,65816,visual,3,0.0003713122569024563,0.0003713122569024563,-0.00017971638590097427,-0.00017971638590097427,True
Grocery,9557,8994,66970,visual,3,8.43321904540062e-05,8.43321904540062e-05,1.570954918861389e-05,1.570954918861389e-05,True
Grocery,9846,9149,68752,visual,3,2.1934974938631058e-05,2.1934974938631058e-05,1.9563362002372742e-05,1.9563362002372742e-05,True
Grocery,9850,9316,70805,visual,3,-2.7120113372802734e-06,-2.7120113372802734e-06,3.53790819644928e-05,3.53790819644928e-05,True
Grocery,9917,9489,73043,visual,3,0.00019827065989375114,0.00019827065989375114,-5.74011355638504e-05,-5.74011355638504e-05,True
Grocery,10057,9563,73763,visual,3,-1.0760501027107239e-05,-1.0760501027107239e-05,5.4389238357543945e-06,5.4389238357543945e-06,True
Grocery,16826,9796,76513,visual,3,-0.02100050449371338,-0.021000027656555176,0.0005936622619628906,0.0005941390991210938,True
Grocery,9179,9982,78504,visual,3,0.019024670124053955,0.01902484893798828,0.0020846128463745117,0.002084791660308838,True
Grocery,9810,10235,81161,visual,3,-0.0015192553400993347,-0.0015192553400993347,-0.0013333801180124283,-0.0013333801180124283,True
Grocery,9413,10340,82717,visual,3,-2.893339842557907e-05,-2.881605178117752e-05,-7.44527205824852e-05,-7.433537393808365e-05,True
Grocery,10169,10643,86047,visual,3,4.3555162847042084e-05,4.3555162847042084e-05,5.7402532547712326e-05,5.7402532547712326e-05,True
Grocery,11300,11222,93716,visual,3,0.0014687515795230865,0.001468868926167488,-0.0004225708544254303,-0.00042245350778102875,True
Grocery,11291,11337,95009,visual,3,0.0005517690442502499,0.0005517690442502499,2.2597145289182663e-05,2.2597145289182663e-05,True
Grocery,11667,12012,101280,visual,3,2.3276545107364655e-05,2.3276545107364655e-05,1.8526334315538406e-05,1.8526334315538406e-05,True
Grocery,12238,12169,102957,visual,3,-0.007012039422988892,-0.007012516260147095,-0.0011692941188812256,-0.0011697709560394287,True
Grocery,8255,12632,106957,visual,3,0.07264375686645508,0.07264232635498047,-0.003691434860229492,-0.0036928653717041016,True
Grocery,13396,13095,109785,visual,3,0.004438977688550949,0.004438977688550949,0.0004983432590961456,0.0004983432590961456,True
Grocery,3798,13130,110163,visual,3,-0.004034906625747681,-0.004034906625747681,-0.005258992314338684,-0.005258992314338684,True
Grocery,12386,13207,111242,visual,3,-0.005896538496017456,-0.0058973729610443115,-0.003457695245742798,-0.0034585297107696533,True
Grocery,13352,13912,118891,visual,3,4.667835310101509e-05,4.667835310101509e-05,2.843327820301056e-06,2.843327820301056e-06,True
Grocery,14766,13929,119067,visual,3,0.00023280177265405655,0.00023280177265405655,-2.3554079234600067e-05,-2.3554079234600067e-05,True
Grocery,14249,14002,119830,visual,3,4.3744221329689026e-05,4.3744221329689026e-05,4.739966243505478e-05,4.739966243505478e-05,True
Grocery,13869,14148,121649,visual,3,0.00046048033982515335,0.00046048033982515335,3.6656856536865234e-05,3.6656856536865234e-05,True
Grocery,16606,14623,126231,visual,3,-0.0017540007829666138,-0.00175388902425766,-0.001148998737335205,-0.0011488869786262512,True
Grocery,14569,14645,126485,visual,3,7.206015288829803e-05,7.206015288829803e-05,8.479692041873932e-05,8.479692041873932e-05,True
Grocery,16663,15278,132169,visual,3,0.0036195218563079834,0.0036194100975990295,0.0009878575801849365,0.0009877458214759827,True
Grocery,3325,15603,134097,visual,3,-0.052868664264678955,-0.052869200706481934,-0.06032687425613403,-0.06032741069793701,True
Grocery,16649,15812,135016,visual,3,-0.0007977383211255074,-0.0007977383211255074,,,False
Grocery,16488,16277,137438,visual,3,3.327289596199989e-05,3.327289596199989e-05,-6.477208808064461e-05,-6.477208808064461e-05,True
Grocery,3325,16638,139362,visual,3,-0.019492805004119873,-0.01949334144592285,-0.021586298942565918,-0.021586835384368896,True
Grocery,12569,17042,141916,visual,3,0.0013024304062128067,0.0013023130595684052,,,False
Grocery,1468,523,2251,visual,4,0.005531787872314453,0.005528569221496582,-0.0012743473052978516,-0.0012775659561157227,True
Grocery,6230,728,3124,visual,4,0.011736005544662476,0.011736094951629639,-0.04412180185317993,-0.04412171244621277,True
Grocery,16670,760,3254,visual,4,2.7455855160951614e-05,2.7455855160951614e-05,-4.6474626287817955e-05,-4.6474626287817955e-05,True
Grocery,910,1081,4565,visual,4,-1.485203392803669e-05,-1.485203392803669e-05,-1.2357020750641823e-05,-1.2357020750641823e-05,True
Grocery,147,1399,5862,visual,4,-0.00016887206584215164,-0.00016887206584215164,-0.00021606683731079102,-0.00021606683731079102,True
Grocery,701,1571,6530,visual,4,-1.3085082173347473e-05,-1.3085082173347473e-05,-8.089002221822739e-06,-8.089002221822739e-06,True
Grocery,1087,1680,7069,visual,4,-2.5570625439286232e-05,-2.5570625439286232e-05,-8.9199747890234e-06,-8.9199747890234e-06,True
Grocery,5568,3417,16016,visual,4,-0.0004897527396678925,-0.0004899855703115463,-0.00048061273992061615,-0.00048084557056427,True
Grocery,3580,3646,17570,visual,4,0.023465201258659363,0.02346508949995041,0.007611967623233795,0.007611855864524841,True
Grocery,2213,3675,17719,visual,4,0.10959064960479736,0.10959106683731079,0.06592082977294922,0.06592124700546265,True
Grocery,5675,3788,18454,visual,4,0.00011574872769415379,0.00011574872769415379,,,False
Grocery,4206,4199,22409,visual,4,-0.0002765590324997902,-0.0002765590324997902,,,False
Grocery,4528,4478,26368,visual,4,0.004207883030176163,0.004207883030176163,-1.6242265701293945e-06,-1.6242265701293945e-06,True
Grocery,2154,4499,26563,visual,4,0.018313169479370117,0.018315553665161133,0.03989362716674805,0.03989601135253906,True
Grocery,4661,4706,29149,visual,4,0.029985129833221436,0.029984891414642334,0.003640204668045044,0.0036399662494659424,True
Grocery,3914,4913,31059,visual,4,0.0012466758489608765,0.0012467801570892334,0.00013909488916397095,0.00013919919729232788,True
Grocery,14985,5243,34060,visual,4,-0.01591954380273819,-0.01591954380273819,,,False
Grocery,3496,5475,36300,visual,4,0.03640502691268921,0.03640413284301758,-0.00549885630607605,-0.005499750375747681,True
Grocery,11719,5737,38156,visual,4,-0.001532282680273056,-0.001532282680273056,-0.0015834085643291473,-0.0015834085643291473,True
Grocery,10514,5828,38989,visual,4,-0.0001322142779827118,-0.0001322142779827118,-0.00011943653225898743,-0.00011943653225898743,True
Grocery,4755,6026,41086,visual,4,0.00021041743457317352,0.00021030008792877197,-2.3446977138519287e-05,-2.3564323782920837e-05,True
Grocery,12836,6922,47694,visual,4,0.003473810851573944,0.0034736990928649902,-0.0021675527095794678,-0.0021676644682884216,True
Grocery,7719,6973,48108,visual,4,0.0003611510619521141,0.0003611510619521141,0.00012665987014770508,0.00012665987014770508,True
Grocery,12836,7059,48926,visual,4,0.0048188716173172,0.004818759858608246,0.001468464732170105,0.0014683529734611511,True
Grocery,10798,7465,52565,visual,4,0.00034553371369838715,0.00034553371369838715,0.00011589936912059784,0.00011589936912059784,True
Grocery,2239,8228,58330,visual,4,-0.0016910433769226074,-0.0016907155513763428,-0.0009619593620300293,-0.0009616315364837646,True
Grocery,8587,8342,59127,visual,4,-1.8170103430747986e-05,-1.8170103430747986e-05,-2.028048038482666e-05,-2.028048038482666e-05,True
Grocery,9012,8656,62863,visual,4,0.0004489175044000149,0.0004489175044000149,0.0002041216939687729,0.0002041216939687729,True
Grocery,9872,8733,63917,visual,4,0.0022405609488487244,0.0022405609488487244,0.0005354806780815125,0.0005354806780815125,True
Grocery,8772,8753,64244,visual,4,0.11272811889648438,0.11272668838500977,0.1470956802368164,0.1470942497253418,True
Grocery,10742,9038,67391,visual,4,-3.5515986382961273e-06,-3.669876605272293e-06,9.471550583839417e-07,8.288770914077759e-07,True
Grocery,8533,9342,70991,visual,4,4.731118679046631e-07,3.548339009284973e-07,-4.252418875694275e-06,-4.370696842670441e-06,True
Grocery,9257,9459,72823,visual,4,0.0003998102620244026,0.0003998102620244026,0.00011997204273939133,0.00011997204273939133,True
Grocery,8514,9760,76180,visual,4,0.0002725031226873398,0.0002725031226873398,0.00018369220197200775,0.00018369220197200775,True
Grocery,9053,10247,81421,visual,4,0.0006875675171613693,0.0006875675171613693,0.0001131352037191391,0.0001131352037191391,True
Grocery,9063,10429,83659,visual,4,4.169018939137459e-05,4.1571445763111115e-05,6.549526005983353e-05,6.537651643157005e-05,True
Grocery,8458,10590,85475,visual,4,0.00028910674154758453,0.00028910674154758453,-0.00015250593423843384,-0.00015250593423843384,True
Grocery,13235,10706,86946,visual,4,-0.055908918380737305,-0.0559079647064209,-0.0365748405456543,-0.03657388687133789,True
Grocery,10849,10832,89302,visual,4,-0.0006876718252897263,-0.0006875544786453247,-0.0006940281018614769,-0.0006939107552170753,True
Grocery,11076,10949,90663,visual,4,0.00026740599423646927,0.00026740599423646927,0.00018465332686901093,0.00018465332686901093,True
Grocery,11204,11017,91462,visual,4,3.045191988348961e-05,3.045191988348961e-05,8.445698767900467e-06,8.445698767900467e-06,True
Grocery,15916,11226,93804,visual,4,-8.849427103996277e-05,-8.849427103996277e-05,-0.00012488756328821182,-0.00012488756328821182,True
Grocery,10992,11806,99365,visual,4,0.0009920168668031693,0.0009920168668031693,0.00022913888096809387,0.00022913888096809387,True
Grocery,10820,11879,100251,visual,4,-2.852175384759903e-06,-2.852175384759903e-06,-3.2086391001939774e-06,-3.2086391001939774e-06,True
Grocery,11112,12083,102021,visual,4,-1.726904883980751e-05,-1.726904883980751e-05,6.919261068105698e-05,6.919261068105698e-05,True
Grocery,12130,12133,102466,visual,4,4.1718827560544014e-05,4.1718827560544014e-05,-3.090384416282177e-05,-3.090384416282177e-05,True
Grocery,12265,12262,103599,visual,4,-0.000730663537979126,-0.0007320642471313477,0.0010092854499816895,0.0010078847408294678,True
Grocery,12396,12699,107294,visual,4,-6.350316107273102e-05,-6.350316107273102e-05,-2.562999725341797e-06,-2.562999725341797e-06,True
Grocery,13882,13119,109959,visual,4,0.0005334783345460892,0.0005334783345460892,0.0002473592758178711,0.0002473592758178711,True
Grocery,13464,13156,110579,visual,4,0.00012623239308595657,0.00012623239308595657,-3.094226121902466e-05,-3.094226121902466e-05,True
Grocery,14195,13351,113197,visual,4,5.597621202468872e-05,5.597621202468872e-05,4.116632044315338e-05,4.116632044315338e-05,True
Grocery,11326,13490,114440,visual,4,-1.1668889783322811e-05,-1.1668889783322811e-05,-1.1073541827499866e-05,-1.1073541827499866e-05,True
Grocery,16894,14069,120594,visual,4,0.12861156463623047,0.1286153793334961,0.028811931610107422,0.028815746307373047,True
Grocery,14082,14570,125847,visual,4,0.0007524359971284866,0.0007525533437728882,-0.00012714043259620667,-0.00012702308595180511,True
Grocery,13263,14880,128789,visual,4,0.0009203478693962097,0.0009204596281051636,-0.000535137951374054,-0.0005350261926651001,True
Grocery,14784,15020,130548,visual,4,-0.02143225073814392,-0.02143275737762451,-0.015874862670898438,-0.01587536931037903,True
Grocery,16243,16386,138020,visual,4,0.00040035834535956383,0.00040035834535956383,0.0001863487996160984,0.0001863487996160984,True
Grocery,15332,16725,139894,visual,4,-1.568906009197235e-05,-1.568906009197235e-05,-2.618785947561264e-05,-2.618785947561264e-05,True
ele-fashion,63585,255,11004,text,1,3.4259865060448647e-05,3.4259865060448647e-05,,,False
ele-fashion,94003,465,17093,text,1,-0.0008804872632026672,-0.0008804872632026672,,,False
ele-fashion,27701,557,19830,text,1,0.00890958309173584,0.008909478783607483,0.006560102105140686,0.006559997797012329,True
ele-fashion,10260,885,26664,text,1,0.01084507629275322,0.01084507629275322,-0.0004544313997030258,-0.0004544313997030258,True
ele-fashion,14323,907,27072,text,1,0.0008186176419258118,0.0008186176419258118,,,False
ele-fashion,34841,1259,34936,text,1,9.895977564156055e-05,9.895977564156055e-05,,,False
ele-fashion,26746,1738,41563,text,1,0.005206413567066193,0.005206413567066193,0.0001784190535545349,0.0001784190535545349,True
ele-fashion,66125,1906,43572,text,1,-4.8996880650520325e-05,-4.8996880650520325e-05,-0.0002605537883937359,-0.0002605537883937359,True
ele-fashion,51525,2477,50239,text,1,0.0005299113690853119,0.0005300268530845642,0.00014174729585647583,0.00014186277985572815,True
ele-fashion,92944,2695,53402,text,1,4.7673529479652643e-07,4.7673529479652643e-07,-5.95915480516851e-07,-5.95915480516851e-07,True
ele-fashion,20758,3663,62725,text,1,6.011594086885452e-05,6.011594086885452e-05,-0.0002002145629376173,-0.0002002145629376173,True
ele-fashion,57330,3754,63569,text,1,0.016242384910583496,0.016242384910583496,,,False
ele-fashion,66125,3921,65212,text,1,0.000418215524405241,0.000418215524405241,0.0005094027146697044,0.0005094027146697044,True
ele-fashion,82856,3951,65734,text,1,0.0010176226496696472,0.0010175108909606934,,,False
ele-fashion,14742,4525,72147,text,1,3.455154364928603e-05,3.455154364928603e-05,1.3463315553963184e-05,1.3463315553963184e-05,True
ele-fashion,59331,4525,72203,text,1,1.726299524307251e-05,1.726299524307251e-05,-7.857801392674446e-06,-7.857801392674446e-06,True
ele-fashion,70391,5215,78261,text,1,-0.008271098136901855,-0.008270680904388428,,,False
ele-fashion,60700,5666,82845,text,1,0.0041116029024124146,0.0041116029024124146,0.00028508156538009644,0.00028508156538009644,True
ele-fashion,33741,5974,86426,text,1,1.1919473763555288e-07,1.1919473763555288e-07,-4.7677895054221153e-07,-4.7677895054221153e-07,True
ele-fashion,96826,6006,86694,text,1,0.00023450888693332672,0.00023450888693332672,9.84063372015953e-05,9.84063372015953e-05,True
ele-fashion,52439,6540,91225,text,1,0.0029930025339126587,0.0029930025339126587,-0.0020970776677131653,-0.0020970776677131653,True
ele-fashion,43691,6789,93280,text,1,3.858073614537716e-05,3.858073614537716e-05,5.239504389464855e-06,5.239504389464855e-06,True
ele-fashion,10526,7158,96760,text,1,7.599592208862305e-05,7.599592208862305e-05,-0.0007126331329345703,-0.0007126331329345703,True
ele-fashion,62487,8404,106367,text,1,2.383705577813089e-06,2.383705577813089e-06,8.343049557879567e-07,8.343049557879567e-07,True
ele-fashion,14076,8930,109412,text,1,0.030181199312210083,0.030181199312210083,,,False
ele-fashion,9857,9855,114481,text,1,0.017505362629890442,0.0175054669380188,-0.011196069419384003,-0.011195965111255646,True
ele-fashion,85958,10107,116635,text,1,0.00014299014583230019,0.00014299014583230019,,,False
ele-fashion,10368,10366,118730,text,1,4.123130929656327e-05,4.123130929656327e-05,2.264190698042512e-06,2.264190698042512e-06,True
ele-fashion,67507,12578,133103,text,1,0.005535125732421875,0.005535125732421875,0.00046159327030181885,0.00046159327030181885,True
ele-fashion,21424,12822,134384,text,1,0.008779183030128479,0.008779183030128479,0.00026942789554595947,0.00026942789554595947,True
ele-fashion,42269,13233,137164,text,1,0.0029063671827316284,0.0029063671827316284,,,False
ele-fashion,76308,13609,139745,text,1,1.263085869140923e-05,1.263085869140923e-05,-3.693945473060012e-06,-3.693945473060012e-06,True
ele-fashion,15490,15484,148755,text,1,3.932917024940252e-06,3.932917024940252e-06,-1.9068829715251923e-06,-1.9068829715251923e-06,True
ele-fashion,11850,16121,152258,text,1,7.628688763361424e-06,7.628688763361424e-06,1.1920201359316707e-07,1.1920201359316707e-07,True
ele-fashion,16597,16598,155368,text,1,0.00027768907602876425,0.00027768907602876425,,,False
ele-fashion,76308,19496,171012,text,1,1.9661150872707367e-05,1.9661150872707367e-05,8.341157808899879e-07,8.341157808899879e-07,True
ele-fashion,46563,20033,173712,text,1,0.00011647096835076809,0.00011647096835076809,0.00016115442849695683,0.00016115442849695683,True
ele-fashion,34643,21315,180480,text,1,-0.36029958724975586,-0.36030006408691406,,,False
ele-fashion,21303,22794,187341,text,1,0.00013304146705195308,0.00013304146705195308,-5.932053318247199e-05,-5.932053318247199e-05,True
ele-fashion,23338,23427,190351,text,1,5.505568697117269e-05,5.505568697117269e-05,2.7409405447542667e-06,2.7409405447542667e-06,True
ele-fashion,26239,24893,197959,text,1,-5.959882400929928e-07,-5.959882400929928e-07,-7.151829777285457e-07,-7.151829777285457e-07,True
ele-fashion,25737,25736,201665,text,1,5.719950422644615e-06,5.719950422644615e-06,-3.0983064789325e-06,-3.0983064789325e-06,True
ele-fashion,26659,26657,206538,text,1,1.6685808077454567e-06,1.6685808077454567e-06,1.4302204363048077e-06,1.4302204363048077e-06,True
ele-fashion,94099,26935,208150,text,1,-0.0055727269500494,-0.0055727269500494,,,False
ele-fashion,48948,27836,212586,text,1,5.960027920082211e-07,5.960027920082211e-07,8.343995432369411e-07,8.343995432369411e-07,True
ele-fashion,31200,31201,227367,text,1,0.017065033316612244,0.017065033316612244,,,False
ele-fashion,32243,32245,230877,text,1,0.0028544291853904724,0.0028544291853904724,0.0020357100293040276,0.0020357100293040276,True
ele-fashion,74418,32272,230969,text,1,4.147135769017041e-05,4.147135769017041e-05,,,False
ele-fashion,17771,32517,231665,text,1,1.7870333977043629e-06,1.7870333977043629e-06,2.3830216377973557e-07,2.3830216377973557e-07,True
ele-fashion,38034,38035,250831,text,1,0.00018086019554175436,0.00018086019554175436,-1.8707418348640203e-05,-1.8707418348640203e-05,True
ele-fashion,81959,42254,263685,text,1,0.00045595644041895866,0.00045595644041895866,-0.0001499310601502657,-0.0001499310601502657,True
ele-fashion,11476,44485,270234,text,1,4.885019734501839e-06,4.885019734501839e-06,1.6680569387972355e-06,1.6680569387972355e-06,True
ele-fashion,7328,45110,271820,text,1,-2.3838947527110577e-07,-2.3838947527110577e-07,1.1920201359316707e-07,1.1920201359316707e-07,True
ele-fashion,46166,46195,275283,text,1,0.0038118958473205566,0.0038118958473205566,-0.0016301274299621582,-0.0016301274299621582,True
ele-fashion,48978,48979,283730,text,1,0.0008264444768428802,0.0008264444768428802,2.722395583987236e-05,2.722395583987236e-05,True
ele-fashion,51925,51924,292094,text,1,-0.23721235990524292,-0.23721235990524292,-0.19889110326766968,-0.19889110326766968,True
ele-fashion,61004,52944,294964,text,1,0.0006743129342794418,0.0006743129342794418,7.080938667058945e-05,7.080938667058945e-05,True
ele-fashion,58416,58417,309490,text,1,-1.3110984582453966e-06,-1.3110984582453966e-06,-8.343340596184134e-07,-8.343340596184134e-07,True
ele-fashion,76985,62448,321018,text,1,0.0027659162878990173,0.002765800803899765,-0.0002130456268787384,-0.00021316111087799072,True
ele-fashion,4301,63075,323297,text,1,-4.767935024574399e-07,-4.767935024574399e-07,-3.57598764821887e-07,-3.57598764821887e-07,True
ele-fashion,65196,65195,328528,text,1,0.0015875902026891708,0.0015875902026891708,,,False
ele-fashion,37636,71586,343394,text,1,1.859232725109905e-05,1.859232725109905e-05,3.2179232221096754e-06,3.2179232221096754e-06,True
ele-fashion,77593,77592,356570,text,1,0.00035145413130521774,0.00035145413130521774,,,False
ele-fashion,74329,89304,381423,text,1,-0.001422671601176262,-0.001422671601176262,-0.0016803741455078125,-0.0016803741455078125,True
ele-fashion,3358,36,1733,text,2,0.0006379997357726097,0.0006379997357726097,0.00040998682379722595,0.00040998682379722595,True
ele-fashion,36791,55,2806,text,2,-0.003434300422668457,-0.003434121608734131,-0.0013678669929504395,-0.0013676881790161133,True
ele-fashion,35944,124,5996,text,2,-3.28800524584949e-05,-3.28800524584949e-05,,,False
ele-fashion,25627,128,6418,text,2,-1.3700220733880997e-05,-1.3700220733880997e-05,-6.9096568040549755e-06,-6.9096568040549755e-06,True
ele-fashion,15477,157,7528,text,2,-8.93307151272893e-06,-8.93307151272893e-06,-4.168716259300709e-06,-4.168716259300709e-06,True
ele-fashion,54748,213,9701,text,2,-3.486964851617813e-05,-3.486964851617813e-05,-2.8324080631136894e-05,-2.8324080631136894e-05,True
ele-fashion,331,330,12581,text,2,-1.1919473763555288e-07,-1.1919473763555288e-07,4.7676439862698317e-07,4.7676439862698317e-07,True
ele-fashion,44625,422,15537,text,2,0.000677257776260376,0.0006773471832275391,0.0013817697763442993,0.0013818591833114624,True
ele-fashion,4502,447,16348,text,2,-5.4829142754897475e-06,-5.4829142754897475e-06,-3.933397238142788e-06,-3.933397238142788e-06,True
ele-fashion,74377,735,22885,text,2,-0.002561509609222412,-0.002561509609222412,,,False
ele-fashion,894,889,26711,text,2,-1.536135096102953e-05,-1.536135096102953e-05,-8.335337042808533e-07,-8.335337042808533e-07,True
ele-fashion,1210,1212,34162,text,2,-1.3432931154966354e-05,-1.3432931154966354e-05,0.0,0.0,True
ele-fashion,25447,1318,35620,text,2,0.016614556312561035,0.016614913940429688,-0.03758895397186279,-0.03758859634399414,True
ele-fashion,5078,1796,42162,text,2,-0.0018954649567604065,-0.0018954649567604065,-0.0005818456411361694,-0.0005818456411361694,True
ele-fashion,69227,2178,46250,text,2,-0.00010816752910614014,-0.00010816752910614014,-5.85801899433136e-06,-5.85801899433136e-06,True
ele-fashion,10895,2333,48482,text,2,0.10917007923126221,0.109169602394104,0.08341479301452637,0.08341431617736816,True
ele-fashion,80633,2342,48702,text,2,-0.001438423991203308,-0.001438423991203308,0.0009344518184661865,0.0009344518184661865,True
ele-fashion,47750,2370,48911,text,2,0.04127347469329834,0.04127383232116699,0.013891339302062988,0.01389169692993164,True
ele-fashion,60917,2560,51550,text,2,-0.008668839931488037,-0.008668839931488037,-0.0016559362411499023,-0.0016559362411499023,True
ele-fashion,87212,2593,51926,text,2,-0.0014775991439819336,-0.0014775991439819336,,,False
ele-fashion,94372,3630,62509,text,2,0.00020586512982845306,0.00020586512982845306,,,False
ele-fashion,91536,3850,64555,text,2,-0.00045311078429222107,-0.0004532262682914734,-0.0003678537905216217,-0.000367969274520874,True
ele-fashion,45339,3925,65283,text,2,-9.523937478661537e-07,-9.523937478661537e-07,3.3334363251924515e-06,3.3334363251924515e-06,True
ele-fashion,14742,4525,72147,text,2,-2.3471948225051165e-05,-2.3471948225051165e-05,-1.3701850548386574e-05,-1.3701850548386574e-05,True
ele-fashion,16278,5664,82729,text,2,-3.46992164850235e-05,-3.46992164850235e-05,5.973130464553833e-05,5.973130464553833e-05,True
ele-fashion,72954,5693,83084,text,2,-0.004689931869506836,-0.004689842462539673,,,False
ele-fashion,48908,7069,96102,text,2,-0.00148084107786417,-0.00148084107786417,-0.0009172149002552032,-0.0009172149002552032,True
ele-fashion,7865,7229,97454,text,2,-3.217748599126935e-06,-3.217748599126935e-06,-2.0259758457541466e-06,-2.0259758457541466e-06,True
ele-fashion,96827,7454,99278,text,2,-0.00045784562826156616,-0.00045784562826156616,0.00033883750438690186,0.00033883750438690186,True
ele-fashion,46921,9593,112959,text,2,0.0027566999197006226,0.0027568042278289795,-0.0008170753717422485,-0.0008169710636138916,True
ele-fashion,73557,10119,116895,text,2,-6.792135536670685e-06,-6.792135536670685e-06,,,False
ele-fashion,25321,11037,123393,text,2,-0.0032808706164360046,-0.0032808706164360046,0.0015302449464797974,0.0015302449464797974,True
ele-fashion,49890,12657,133420,text,2,0.0179368257522583,0.0179368257522583,,,False
ele-fashion,21424,12817,134285,text,2,-0.006911255419254303,-0.006911255419254303,-0.0029410868883132935,-0.0029410868883132935,True
ele-fashion,63020,13016,135874,text,2,-0.0009178519248962402,-0.0009178519248962402,,,False
ele-fashion,14128,15120,146953,text,2,-5.6001299526542425e-06,-5.6001299526542425e-06,2.6212655939161777e-06,2.6212655939161777e-06,True
ele-fashion,32670,15340,147897,text,2,-2.8600625228136778e-06,-2.8600625228136778e-06,-1.549196895211935e-06,-1.549196895211935e-06,True
ele-fashion,32896,16167,152546,text,2,-9.057228453457355e-06,-9.057228453457355e-06,1.1918018572032452e-07,1.1918018572032452e-07,True
ele-fashion,26060,17969,163054,text,2,-0.0030130986124277115,-0.0030130986124277115,,,False
ele-fashion,58149,19077,169118,text,2,-0.00046904198825359344,-0.00046904198825359344,-0.00018207542598247528,-0.00018207542598247528,True
ele-fashion,89976,24207,194858,text,2,-3.4478260204195976e-05,-3.4478260204195976e-05,-1.7120037227869034e-05,-1.7120037227869034e-05,True
ele-fashion,70399,24927,198126,text,2,0.013941824436187744,0.013941824436187744,,,False
ele-fashion,25082,25081,198646,text,2,0.00037229806184768677,0.00037229806184768677,0.00012856535613536835,0.00012856535613536835,True
ele-fashion,85472,25588,200883,text,2,-0.0006319954991340637,-0.0006321072578430176,2.2999942302703857e-05,2.288818359375e-05,True
ele-fashion,92419,26308,204526,text,2,-9.866245090961456e-05,-9.866245090961456e-05,-2.4308916181325912e-05,-2.4308916181325912e-05,True
ele-fashion,36188,26325,204571,text,2,-2.666376531124115e-05,-2.666376531124115e-05,2.0026694983243942e-05,2.0026694983243942e-05,True
ele-fashion,29012,26645,206354,text,2,-4.7672074288129807e-07,-4.7672074288129807e-07,-3.5754055716097355e-07,-3.5754055716097355e-07,True
ele-fashion,91645,26728,206926,text,2,-0.00013086246326565742,-0.00013086246326565742,-3.5171397030353546e-05,-3.5171397030353546e-05,True
ele-fashion,83125,27458,210537,text,2,-0.0012918338179588318,-0.0012918338179588318,0.0001242607831954956,0.0001242607831954956,True
ele-fashion,43230,28443,215824,text,2,-9.202025830745697e-05,-9.213900193572044e-05,-2.5764573365449905e-05,-2.588331699371338e-05,True
ele-fashion,33408,31705,229071,text,2,-0.0037373900413513184,-0.0037372782826423645,0.01390676200389862,0.013906873762607574,True
ele-fashion,39216,33672,236044,text,2,-9.767885785549879e-06,-9.767885785549879e-06,-2.7397763915359974e-06,-2.7397763915359974e-06,True
ele-fashion,34732,34730,240253,text,2,-1.0595191270112991e-05,-1.0595191270112991e-05,-3.3333199098706245e-06,-3.3333199098706245e-06,True
ele-fashion,36296,36312,245914,text,2,-1.817569136619568e-05,-1.817569136619568e-05,1.642853021621704e-06,1.642853021621704e-06,True
ele-fashion,92644,42168,263360,text,2,-0.00256478413939476,-0.0025646723806858063,,,False
ele-fashion,56751,43843,268401,text,2,-0.00025041401386260986,-0.00025041401386260986,-2.2795051336288452e-05,-2.2795051336288452e-05,True
ele-fashion,7716,52154,292724,text,2,-0.000755656510591507,-0.000755656510591507,8.242949843406677e-05,8.242949843406677e-05,True
ele-fashion,57134,57126,305710,text,2,0.0005768127739429474,0.0005768127739429474,,,False
ele-fashion,74329,58212,308940,text,2,-0.0003521423786878586,-0.0003521423786878586,-0.00015586800873279572,-0.00015586800873279572,True
ele-fashion,58416,58417,309490,text,2,-4.7676439862698317e-07,-4.7676439862698317e-07,4.7676439862698317e-07,4.7676439862698317e-07,True
ele-fashion,61085,61083,317396,text,2,-0.005207091569900513,-0.0052069127559661865,,,False
ele-fashion,66471,66470,331575,text,2,2.5030167307704687e-06,2.5030167307704687e-06,,,False
ele-fashion,69009,69010,337158,text,2,-0.00013777287676930428,-0.00013777287676930428,0.00037436606362462044,0.00037436606362462044,True
ele-fashion,54304,81077,364066,text,2,-0.0005166865885257721,-0.0005166865885257721,-0.0002077631652355194,-0.0002077631652355194,True
ele-fashion,83754,83755,369685,text,2,-0.00012625177623704076,-0.00012625177623704076,,,False
ele-fashion,66819,85710,373944,text,2,0.0002514198422431946,0.0002514198422431946,-0.0003616027534008026,-0.0003616027534008026,True
ele-fashion,46508,94715,392969,text,2,8.343631634488702e-07,8.343631634488702e-07,-4.7677895054221153e-07,-4.7677895054221153e-07,True
ele-fashion,96910,96919,397465,text,2,1.8868595361709595e-05,1.8753111362457275e-05,1.1548399925231934e-07,0.0,True
ele-fashion,7985,124,5784,text,3,1.1904630810022354e-06,1.1904630810022354e-06,1.1904630810022354e-06,1.1904630810022354e-06,True
ele-fashion,43444,128,6484,text,3,-3.32612544298172e-05,-3.32612544298172e-05,-8.443370461463928e-05,-8.443370461463928e-05,True
ele-fashion,63486,137,6962,text,3,-5.7872384786605835e-05,-5.7872384786605835e-05,,,False
ele-fashion,9608,296,12170,text,3,-6.523553747683764e-05,-6.523553747683764e-05,,,False
ele-fashion,47173,344,13338,text,3,-0.0004233764484524727,-0.0004233764484524727,,,False
ele-fashion,63000,493,18016,text,3,-0.0012743473052978516,-0.0012743473052978516,-0.0002589225769042969,-0.0002589225769042969,True
ele-fashion,3653,584,20679,text,3,1.8291175365447998e-05,1.8291175365447998e-05,-6.163865327835083e-05,-6.163865327835083e-05,True
ele-fashion,51704,2039,45341,text,3,-0.0003040134906768799,-0.0003041177988052368,1.1920928955078125e-05,1.1816620826721191e-05,True
ele-fashion,69347,3951,65717,text,3,0.0001226663589477539,0.0001226663589477539,,,False
ele-fashion,76399,4300,69104,text,3,-8.342321962118149e-07,-8.342321962118149e-07,-2.3836037144064903e-07,-2.3836037144064903e-07,True
ele-fashion,66985,4393,70447,text,3,-0.006323322653770447,-0.006323322653770447,-0.0013423264026641846,-0.0013423264026641846,True
ele-fashion,70391,5215,78261,text,3,0.006139695644378662,0.00614011287689209,,,False
ele-fashion,60700,5666,82845,text,3,-7.368624210357666e-06,-7.368624210357666e-06,4.396587610244751e-05,4.396587610244751e-05,True
ele-fashion,21004,6017,86739,text,3,-8.807401172816753e-06,-8.807401172816753e-06,-2.1423911675810814e-06,-2.1423911675810814e-06,True
ele-fashion,21262,6465,90770,text,3,-6.940588355064392e-05,-6.940588355064392e-05,,,False
ele-fashion,78951,6522,91050,text,3,-0.013230204582214355,-0.013230502605438232,,,False
ele-fashion,66716,7181,97270,text,3,0.0068013668060302734,0.0068013668060302734,,,False
ele-fashion,95397,7629,100598,text,3,-0.009444013237953186,-0.009444013237953186,-0.006042324006557465,-0.006042324006557465,True
ele-fashion,89976,10045,116214,text,3,-4.256283864378929e-05,-4.256283864378929e-05,-1.9378960132598877e-05,-1.9378960132598877e-05,True
ele-fashion,75353,10097,116531,text,3,0.00016263127326965332,0.00016263127326965332,9.745359420776367e-06,9.745359420776367e-06,True
ele-fashion,15758,10387,118800,text,3,0.00018236041069030762,0.00018236041069030762,0.0001491345465183258,0.0001491345465183258,True
ele-fashion,55439,12171,130666,text,3,-2.264438080601394e-06,-2.264438080601394e-06,1.072636223398149e-06,1.072636223398149e-06,True
ele-fashion,73224,13581,139459,text,3,1.1295313015580177e-05,1.1295313015580177e-05,4.6370550990104675e-06,4.6370550990104675e-06,True
ele-fashion,15490,15484,148755,text,3,-2.0260631572455168e-06,-2.0260631572455168e-06,-9.534414857625961e-07,-9.534414857625961e-07,True
ele-fashion,90226,15929,150970,text,3,-4.2339321225881577e-05,-4.2339321225881577e-05,1.2689270079135895e-05,1.2689270079135895e-05,True
ele-fashion,16439,16223,153038,text,3,-0.00024395890068262815,-0.00024395890068262815,0.0001296348636969924,0.0001296348636969924,True
ele-fashion,74100,16335,153782,text,3,-6.624753586947918e-05,-6.624753586947918e-05,-1.96241308003664e-05,-1.96241308003664e-05,True
ele-fashion,93278,16806,156524,text,3,-6.312201730906963e-05,-6.312201730906963e-05,-1.664203591644764e-05,-1.664203591644764e-05,True
ele-fashion,63787,17925,162823,text,3,-3.1142495572566986e-05,-3.1142495572566986e-05,-1.4862976968288422e-05,-1.4862976968288422e-05,True
ele-fashion,33959,20107,174227,text,3,0.0765223503112793,0.0765223503112793,-0.00650334358215332,-0.00650334358215332,True
ele-fashion,27514,27491,210744,text,3,-6.651133298873901e-05,-6.651133298873901e-05,4.7091394662857056e-05,4.7091394662857056e-05,True
ele-fashion,55407,27966,213066,text,3,0.002141326665878296,0.002141326665878296,,,False
ele-fashion,38026,28040,213598,text,3,-0.0001348434016108513,-0.0001348434016108513,-2.7175992727279663e-06,-2.7175992727279663e-06,True
ele-fashion,54606,29054,218631,text,3,-2.9228627681732178e-05,-2.9228627681732178e-05,4.277331754565239e-06,4.277331754565239e-06,True
ele-fashion,29502,29503,220065,text,3,-0.001007869839668274,-0.001007869839668274,-0.0001389235258102417,-0.0001389235258102417,True
ele-fashion,31971,31911,229745,text,3,-4.33304812759161e-05,-4.33304812759161e-05,-7.142312824726105e-06,-7.142312824726105e-06,True
ele-fashion,25487,38560,252560,text,3,0.0325242280960083,0.0325242280960083,-0.024680376052856445,-0.024680376052856445,True
ele-fashion,40967,40968,259841,text,3,-1.6684934962540865e-06,-1.6684934962540865e-06,-2.383312676101923e-07,-2.383312676101923e-07,True
ele-fashion,42539,42546,264587,text,3,0.0018672943115234375,0.0018676519393920898,0.0006659030914306641,0.0006662607192993164,True
ele-fashion,60757,47243,278475,text,3,-0.00010399892926216125,-0.00010399892926216125,2.2221356630325317e-05,2.2221356630325317e-05,True
ele-fashion,49091,49092,284065,text,3,-0.038161903619766235,-0.038161903619766235,0.005804896354675293,0.005804896354675293,True
ele-fashion,51886,51884,291873,text,3,0.0020305663347244263,0.0020304620265960693,1.7464160919189453e-05,1.735985279083252e-05,True
ele-fashion,81043,53252,295852,text,3,-0.0019820183515548706,-0.0019821226596832275,0.0003308802843093872,0.0003307759761810303,True
ele-fashion,70312,59208,311682,text,3,-4.2362138628959656e-05,-4.2362138628959656e-05,2.1180137991905212e-05,2.1180137991905212e-05,True
ele-fashion,37846,60174,314629,text,3,4.7676439862698317e-07,4.7676439862698317e-07,1.3110984582453966e-06,1.3110984582453966e-06,True
ele-fashion,21034,66490,331616,text,3,-9.293202310800552e-06,-9.293202310800552e-06,5.242298357188702e-06,5.242298357188702e-06,True
ele-fashion,67314,67312,333461,text,3,-0.0021862005814909935,-0.0021862005814909935,-0.0003622565418481827,-0.0003622565418481827,True
ele-fashion,2628,67620,334213,text,3,0.019290447235107422,0.019291162490844727,0.004703998565673828,0.004704713821411133,True
ele-fashion,32001,70226,340038,text,3,-3.098903107456863e-06,-3.098903107456863e-06,-4.7676439862698317e-07,-4.7676439862698317e-07,True
ele-fashion,51886,73438,347529,text,3,0.0014653950929641724,0.0014652907848358154,-0.0007188618183135986,-0.0007189661264419556,True
ele-fashion,48729,76071,353261,text,3,-0.004184246063232422,-0.004184067249298096,-1.7881393432617188e-07,0.0,True
ele-fashion,77256,77255,355797,text,3,-5.35440631210804e-06,-5.35440631210804e-06,-1.3088574633002281e-06,-1.3088574633002281e-06,True
ele-fashion,26151,83869,369909,text,3,-3.8135331124067307e-06,-3.8135331124067307e-06,1.1915108188986778e-07,1.1915108188986778e-07,True
ele-fashion,17742,88253,379271,text,3,3.574823495000601e-07,3.574823495000601e-07,2.383312676101923e-07,2.383312676101923e-07,True
ele-fashion,92025,8,528,text,4,2.264278009533882e-06,2.264278009533882e-06,1.430074917152524e-06,1.430074917152524e-06,True
ele-fashion,78212,72,4126,text,4,0.006386920809745789,0.006386920809745789,0.00434219092130661,0.00434219092130661,True
ele-fashion,7985,124,5784,text,4,-1.3572047464549541e-05,-1.3572047464549541e-05,-4.0477607399225235e-06,-4.0477607399225235e-06,True
ele-fashion,13652,124,5834,text,4,9.33364499360323e-05,9.33364499360323e-05,0.000526730902493,0.000526730902493,True
ele-fashion,15247,158,7638,text,4,0.042553484439849854,0.042553484439849854,,,False
ele-fashion,32812,385,13973,text,4,0.0014603408053517342,0.0014603408053517342,-1.773238182067871e-06,-1.773238182067871e-06,True
ele-fashion,59291,778,23970,text,4,0.00022352347150444984,0.00022352347150444984,7.249321788549423e-05,7.249321788549423e-05,True
ele-fashion,26118,919,27531,text,4,0.014183137565851212,0.014183137565851212,,,False
ele-fashion,41918,1239,34465,text,4,0.11119616031646729,0.11119616031646729,,,False
ele-fashion,37518,1922,43759,text,4,0.001315385103225708,0.001315489411354065,,,False
ele-fashion,36198,2022,45164,text,4,0.0002548822667449713,0.0002548822667449713,7.680431008338928e-05,7.680431008338928e-05,True
ele-fashion,80878,2474,50155,text,4,-0.10843181610107422,-0.10843276977539062,-0.005486726760864258,-0.005487680435180664,True
ele-fashion,91019,2560,51570,text,4,0.00978735089302063,0.009787708520889282,,,False
ele-fashion,61661,4683,73520,text,4,0.0002347123809158802,0.0002347123809158802,-0.0006029177457094193,-0.0006029177457094193,True
ele-fashion,67114,4774,74756,text,4,0.0005639456212520599,0.0005639456212520599,,,False
ele-fashion,83606,4880,75620,text,4,0.017954304814338684,0.01795421540737152,-0.0036327987909317017,-0.0036328881978988647,True
ele-fashion,5777,5776,84159,text,4,0.002008756622672081,0.002008756622672081,-2.3096799850463867e-07,-2.3096799850463867e-07,True
ele-fashion,3839,5950,85944,text,4,0.00011465093120932579,0.00011465093120932579,-0.0003330023027956486,-0.0003330023027956486,True
ele-fashion,13845,6600,91823,text,4,0.0037096794694662094,0.0037096794694662094,0.0011829063296318054,0.0011829063296318054,True
ele-fashion,72951,6798,93379,text,4,5.9458776377141476e-05,5.9458776377141476e-05,3.026603371836245e-05,3.026603371836245e-05,True
ele-fashion,62487,8404,106367,text,4,6.555172149091959e-06,6.555172149091959e-06,5.959300324320793e-07,5.959300324320793e-07,True
ele-fashion,10106,10108,116640,text,4,0.006324239075183868,0.006324354559183121,0.0031627751886844635,0.003162890672683716,True
ele-fashion,67600,10396,118855,text,4,0.0002805150579661131,0.0002805150579661131,-2.648797817528248e-05,-2.648797817528248e-05,True
ele-fashion,11162,11167,124029,text,4,0.0007000183686614037,0.0007000183686614037,0.00014933012425899506,0.00014933012425899506,True
ele-fashion,47700,16578,155225,text,4,0.0003135481383651495,0.0003135481383651495,-0.00043536885641515255,-0.00043536885641515255,True
ele-fashion,15989,17062,158293,text,4,0.00019048666581511497,0.00019048666581511497,3.563007339835167e-06,3.563007339835167e-06,True
ele-fashion,46452,17532,160620,text,4,-1.1679017916321754e-05,-1.1679017916321754e-05,,,False
ele-fashion,59238,18017,163413,text,4,0.0003073406405746937,0.0003073406405746937,,,False
ele-fashion,7865,18289,164956,text,4,8.818897185847163e-06,8.818897185847163e-06,-9.534123819321394e-07,-9.534123819321394e-07,True
ele-fashion,21013,19841,172661,text,4,5.598168354481459e-05,5.598168354481459e-05,-9.946449426934123e-05,-9.946449426934123e-05,True
ele-fashion,97065,20184,174897,text,4,-0.0683743953704834,-0.06837490200996399,,,False
ele-fashion,48900,21995,183158,text,4,0.019455932080745697,0.019455932080745697,-0.0037632063031196594,-0.0037632063031196594,True
ele-fashion,62105,23400,190163,text,4,0.0035424670204520226,0.0035424670204520226,,,False
ele-fashion,64851,27091,209079,text,4,1.3110111467540264e-06,1.3110111467540264e-06,8.342758519575e-07,8.342758519575e-07,True
ele-fashion,27459,27457,210526,text,4,0.0005529588088393211,0.0005529588088393211,4.8131681978702545e-05,4.8131681978702545e-05,True
ele-fashion,48948,27836,212586,text,4,-3.576060407795012e-07,-3.576060407795012e-07,0.0,0.0,True
ele-fashion,29227,29230,219282,text,4,7.148482836782932e-07,7.148482836782932e-07,-1.2509466614574194e-05,-1.2509466614574194e-05,True
ele-fashion,25737,32698,232236,text,4,8.937407983466983e-06,8.937407983466983e-06,-2.8599752113223076e-06,-2.8599752113223076e-06,True
ele-fashion,8167,32878,233022,text,4,1.394415448885411e-05,1.394415448885411e-05,-6.555012078024447e-06,-6.555012078024447e-06,True
ele-fashion,92161,35979,244591,text,4,0.0006775450892746449,0.0006775450892746449,-8.554104715585709e-05,-8.554104715585709e-05,True
ele-fashion,36201,36199,245253,text,4,3.682619717437774e-05,3.682619717437774e-05,,,False
ele-fashion,36307,36295,245769,text,4,2.8570648282766342e-06,2.8570648282766342e-06,5.356967449188232e-06,5.356967449188232e-06,True
ele-fashion,36296,36333,245998,text,4,5.054287612438202e-05,5.054287612438202e-05,-6.5658241510391235e-06,-6.5658241510391235e-06,True
ele-fashion,70875,38029,250814,text,4,0.0030512213706970215,0.0030512213706970215,0.0020998604595661163,0.0020998604595661163,True
ele-fashion,67380,38411,252045,text,4,0.02381032705307007,0.02381056547164917,-0.11341571807861328,-0.11341547966003418,True
ele-fashion,83043,49251,284606,text,4,-0.00026222853921353817,-0.00026222853921353817,,,False
ele-fashion,50819,50818,288885,text,4,-0.15676498413085938,-0.15676546096801758,0.061095237731933594,0.06109476089477539,True
ele-fashion,57285,51089,289743,text,4,-1.1919473763555288e-07,-1.1919473763555288e-07,-1.1919473763555288e-07,-1.1919473763555288e-07,True
ele-fashion,89648,53113,295389,text,4,0.02785612642765045,0.027856022119522095,,,False
ele-fashion,3655,59182,311553,text,4,0.0001067622797563672,0.0001067622797563672,-6.875809049233794e-05,-6.875809049233794e-05,True
ele-fashion,68371,68370,335724,text,4,-0.0028730034828186035,-0.002872887998819351,0.014261797070503235,0.014261912554502487,True
ele-fashion,68490,68489,335973,text,4,1.8474587704986334e-05,1.8474587704986334e-05,,,False
ele-fashion,69073,69075,337358,text,4,1.3466284144669771e-05,1.3466284144669771e-05,-4.2901665437966585e-06,-4.2901665437966585e-06,True
ele-fashion,79443,71281,342575,text,4,5.7724304497241974e-05,5.7724304497241974e-05,-6.665359251201153e-06,-6.665359251201153e-06,True
ele-fashion,4301,72073,344512,text,4,-1.1920201359316707e-07,-1.1920201359316707e-07,-1.1920201359316707e-07,-1.1920201359316707e-07,True
ele-fashion,21275,74289,349348,text,4,6.197456968948245e-06,6.197456968948245e-06,-6.555041181854904e-06,-6.555041181854904e-06,True
ele-fashion,23086,78768,359032,text,4,-6.104260683059692e-05,-6.0927122831344604e-05,-0.000592842698097229,-0.0005927272140979767,True
ele-fashion,83558,83559,369270,text,4,0.001323416829109192,0.001323416829109192,,,False
ele-fashion,75549,86792,376152,text,4,0.000381208723410964,0.000381208723410964,0.00023285276256501675,0.00023285276256501675,True
ele-fashion,46655,33,1436,visual,1,-0.00016967207193374634,-0.00016967207193374634,-0.00010982528328895569,-0.00010982528328895569,True
ele-fashion,9725,89,4554,visual,1,1.9068538676947355e-06,1.9068538676947355e-06,0.0,0.0,True
ele-fashion,2067,94,4700,visual,1,0.0005791187286376953,0.0005792975425720215,,,False
ele-fashion,9674,124,5805,visual,1,-1.865229569375515e-05,-1.865229569375515e-05,-5.346257239580154e-06,-5.346257239580154e-06,True
ele-fashion,35944,124,5996,visual,1,-1.9060098566114902e-06,-1.9060098566114902e-06,,,False
ele-fashion,68731,239,10723,visual,1,-8.922582492232323e-05,-8.922582492232323e-05,-5.892850458621979e-05,-5.892850458621979e-05,True
ele-fashion,63000,493,18016,visual,1,0.0008947849273681641,0.0008947849273681641,0.001542210578918457,0.001542210578918457,True
ele-fashion,51529,771,23578,visual,1,-0.0026613473892211914,-0.0026617050170898438,-0.00218808650970459,-0.002188444137573242,True
ele-fashion,67295,797,24614,visual,1,0.0010167062282562256,0.0010167062282562256,,,False
ele-fashion,61921,847,25936,visual,1,0.00033026933670043945,0.00033026933670043945,-0.0008743107318878174,-0.0008743107318878174,True
ele-fashion,87315,905,27040,visual,1,-1.7870333977043629e-06,-1.7870333977043629e-06,2.2634631022810936e-06,2.2634631022810936e-06,True
ele-fashion,26845,919,27534,visual,1,0.052100419998168945,0.05209970474243164,0.07537448406219482,0.07537376880645752,True
ele-fashion,74443,1500,38138,visual,1,-0.0009281635284423828,-0.0009281635284423828,,,False
ele-fashion,2247,2248,47334,visual,1,0.001661587506532669,0.001661587506532669,0.00016792863607406616,0.00016792863607406616,True
ele-fashion,51704,2477,50242,visual,1,0.00030043721199035645,0.0003003329038619995,0.00021786987781524658,0.00021776556968688965,True
ele-fashion,91019,2560,51570,visual,1,0.005761682987213135,0.005762040615081787,,,False
ele-fashion,2860,2857,55049,visual,1,-0.0012694885954260826,-0.0012694885954260826,,,False
ele-fashion,72054,3099,57497,visual,1,5.359237547963858e-06,5.359237547963858e-06,1.7863931134343147e-06,1.7863931134343147e-06,True
ele-fashion,6934,3292,59273,visual,1,0.0011365152895450592,0.0011365152895450592,0.0007812194526195526,0.0007812194526195526,True
ele-fashion,4544,4541,72477,visual,1,7.029797416180372e-06,7.029797416180372e-06,1.1080875992774963e-05,1.1080875992774963e-05,True
ele-fashion,10260,5068,76911,visual,1,-0.0009745471179485321,-0.0009745471179485321,-0.0006255339831113815,-0.0006255339831113815,True
ele-fashion,33391,5623,82245,visual,1,-0.00024284794926643372,-0.00024284794926643372,8.4657222032547e-06,8.4657222032547e-06,True
ele-fashion,6811,7058,96030,visual,1,1.0796822607517242e-05,1.0796822607517242e-05,0.0002818596549332142,0.0002818596549332142,True
ele-fashion,10526,7158,96760,visual,1,0.00036288797855377197,0.00036288797855377197,0.0003131255507469177,0.0003131255507469177,True
ele-fashion,10216,10217,117822,visual,1,-0.001473739743232727,-0.001473739743232727,-0.0008006691932678223,-0.0008006691932678223,True
ele-fashion,10440,10439,119035,visual,1,-0.0030373111367225647,-0.0030373111367225647,0.001567937433719635,0.001567937433719635,True
ele-fashion,84668,10849,122122,visual,1,-4.325155168771744e-05,-4.325155168771744e-05,,,False
ele-fashion,95944,11924,129035,visual,1,-0.0001392243430018425,-0.0001392243430018425,,,False
ele-fashion,71698,15348,147938,visual,1,0.0005179047584533691,0.0005179047584533691,,,False
ele-fashion,71492,17928,162904,visual,1,8.342758519575e-07,8.342758519575e-07,-8.342613000422716e-07,-8.342613000422716e-07,True
ele-fashion,24434,18217,164559,visual,1,1.5490804798901081e-06,1.5490804798901081e-06,2.383312676101923e-07,2.383312676101923e-07,True
ele-fashion,86274,20103,174192,visual,1,-7.151538738980889e-07,-7.151538738980889e-07,-1.4303222997114062e-06,-1.4303222997114062e-06,True
ele-fashion,69981,22701,186920,visual,1,9.05059278011322e-05,9.05059278011322e-05,9.607337415218353e-05,9.607337415218353e-05,True
ele-fashion,81959,23129,188935,visual,1,4.172930493950844e-05,4.172930493950844e-05,-3.0317343771457672e-05,-3.0317343771457672e-05,True
ele-fashion,27707,23880,193371,visual,1,-4.011392593383789e-05,-4.011392593383789e-05,1.2516975402832031e-05,1.2516975402832031e-05,True
ele-fashion,42398,24016,193984,visual,1,-9.533250704407692e-07,-9.533250704407692e-07,-7.149938028305769e-07,-7.149938028305769e-07,True
ele-fashion,66645,25430,200058,visual,1,-1.1918018572032452e-06,-1.1918018572032452e-06,-1.1918018572032452e-07,-1.1918018572032452e-07,True
ele-fashion,49854,25688,201344,visual,1,4.4089683797210455e-06,4.4089683797210455e-06,5.838897777721286e-06,5.838897777721286e-06,True
ele-fashion,26082,26083,203106,visual,1,-0.0008409572765231133,-0.0008409572765231133,,,False
ele-fashion,46940,27007,208430,visual,1,0.018955767154693604,0.018955767154693604,,,False
ele-fashion,43230,28421,215743,visual,1,-4.879944026470184e-05,-4.891818389296532e-05,-8.513359352946281e-05,-8.525233715772629e-05,True
ele-fashion,22912,32365,231231,visual,1,8.337665349245071e-07,8.337665349245071e-07,8.099188562482595e-06,8.099188562482595e-06,True
ele-fashion,80657,32700,232254,visual,1,0.003859490156173706,0.003859490156173706,,,False
ele-fashion,29056,38125,251134,visual,1,7.857102900743484e-06,7.857102900743484e-06,8.095172233879566e-06,8.095172233879566e-06,True
ele-fashion,23567,41651,261947,visual,1,2.8564827516674995e-06,2.8564827516674995e-06,4.403642378747463e-06,4.403642378747463e-06,True
ele-fashion,42057,42058,263107,visual,1,-0.00019965111277997494,-0.00019965111277997494,,,False
ele-fashion,43590,43591,267798,visual,1,-0.0007070563733577728,-0.0007070563733577728,-0.0007580292876809835,-0.0007580292876809835,True
ele-fashion,38796,47838,280311,visual,1,2.7691246941685677e-05,2.7691246941685677e-05,1.3786368072032928e-05,1.3786368072032928e-05,True
ele-fashion,49480,49479,285234,visual,1,-0.0029302947223186493,-0.0029302947223186493,,,False
ele-fashion,53760,53755,297363,visual,1,-2.573459642007947e-05,-2.573459642007947e-05,0.0,0.0,True
ele-fashion,54784,54785,299920,visual,1,0.23515820503234863,0.23515838384628296,,,False
ele-fashion,26746,55297,300979,visual,1,0.0009268075227737427,0.0009268075227737427,0.003639601171016693,0.003639601171016693,True
ele-fashion,58560,58561,309860,visual,1,-3.217428456991911e-06,-3.217428456991911e-06,-1.4061428373679519e-05,-1.4061428373679519e-05,True
ele-fashion,88432,58624,310019,visual,1,4.039378836750984e-06,4.039378836750984e-06,,,False
ele-fashion,16375,60261,314939,visual,1,2.979504643008113e-06,2.979504643008113e-06,3.5754055716097355e-07,3.5754055716097355e-07,True
ele-fashion,88640,64602,326875,visual,1,0.00297681987285614,0.00297701358795166,-0.0003800243139266968,-0.00037983059883117676,True
ele-fashion,4544,65944,330388,visual,1,-6.195798050612211e-06,-6.195798050612211e-06,-6.195798050612211e-06,-6.195798050612211e-06,True
ele-fashion,84820,84260,370758,visual,1,0.0006504971534013748,0.0006504971534013748,-0.0004751216620206833,-0.0004751216620206833,True
ele-fashion,88031,81,4510,visual,2,-0.00021523237228393555,-0.00021523237228393555,0.00031194090843200684,0.00031194090843200684,True
ele-fashion,83,82,4525,visual,2,-0.0020367950201034546,-0.0020367950201034546,,,False
ele-fashion,3653,94,4762,visual,2,-0.001174047589302063,-0.001174047589302063,-0.0008585415780544281,-0.0008585415780544281,True
ele-fashion,20617,94,4929,visual,2,-0.005413569509983063,-0.005413569509983063,,,False
ele-fashion,63333,186,8774,visual,2,-2.263113856315613e-06,-2.263113856315613e-06,-2.620450686663389e-06,-2.620450686663389e-06,True
ele-fashion,84170,285,11644,visual,2,3.6073848605155945e-05,3.6073848605155945e-05,1.064501702785492e-06,1.064501702785492e-06,True
ele-fashion,26535,290,11959,visual,2,-2.6292167603969574e-05,-2.6292167603969574e-05,,,False
ele-fashion,79766,472,17137,visual,2,-0.0008455514907836914,-0.0008455514907836914,,,False
ele-fashion,17213,686,22483,visual,2,-0.0008870363235473633,-0.0008870363235473633,-0.0006310418248176575,-0.0006310418248176575,True
ele-fashion,59616,778,23976,visual,2,-8.289702236652374e-05,-8.289702236652374e-05,-3.814138472080231e-05,-3.814138472080231e-05,True
ele-fashion,73694,781,24207,visual,2,-7.089972496032715e-05,-7.089972496032715e-05,,,False
ele-fashion,41965,948,28213,visual,2,-0.0005367472767829895,-0.0005367472767829895,-0.0004817657172679901,-0.0004817657172679901,True
ele-fashion,24719,961,29184,visual,2,-0.00010581314563751221,-0.00010581314563751221,3.1208619475364685e-05,3.1208619475364685e-05,True
ele-fashion,25132,1035,30631,visual,2,0.0016771778464317322,0.0016771778464317322,0.00011793524026870728,0.00011793524026870728,True
ele-fashion,47732,1173,32823,visual,2,3.0836090445518494e-06,3.0836090445518494e-06,,,False
ele-fashion,57039,2331,48198,visual,2,-9.462237358093262e-07,-9.462237358093262e-07,-8.044764399528503e-06,-8.044764399528503e-06,True
ele-fashion,43691,2507,50503,visual,2,-1.4051329344511032e-05,-1.4051329344511032e-05,-7.025548256933689e-06,-7.025548256933689e-06,True
ele-fashion,78537,2559,51499,visual,2,-0.0036689937114715576,-0.0036689937114715576,,,False
ele-fashion,91019,2560,51570,visual,2,-0.004391223192214966,-0.0043908655643463135,,,False
ele-fashion,88250,3123,57769,visual,2,-0.0007858723402023315,-0.0007858723402023315,0.0002735257148742676,0.0002735257148742676,True
ele-fashion,69227,3852,64586,visual,2,-0.0002678055316209793,-0.0002678055316209793,-1.8738210201263428e-06,-1.8738210201263428e-06,True
ele-fashion,82856,3951,65734,visual,2,-0.001615811139345169,-0.001615922898054123,,,False
ele-fashion,1946,4292,68979,visual,2,-0.00022029876708984375,-0.0002206563949584961,-1.1444091796875e-05,-1.1801719665527344e-05,True
ele-fashion,14393,5207,78158,visual,2,-0.0030710697174072266,-0.0030710697174072266,,,False
ele-fashion,55805,5549,80828,visual,2,-0.00015485286712646484,-0.00015485286712646484,,,False
ele-fashion,16278,5667,82857,visual,2,-0.0001294892281293869,-0.0001294892281293869,4.423782229423523e-06,4.423782229423523e-06,True
ele-fashion,5777,5775,84154,visual,2,-0.00024744123220443726,-0.00024744123220443726,0.0,0.0,True
ele-fashion,46641,6624,91990,visual,2,-0.00044205784797668457,-0.00044205784797668457,-8.561462163925171e-05,-8.561462163925171e-05,True
ele-fashion,82639,6724,92806,visual,2,0.008903026580810547,0.008903264999389648,0.005370140075683594,0.005370378494262695,True
ele-fashion,72951,6798,93379,visual,2,1.7873826436698437e-06,1.7873826436698437e-06,1.4299002941697836e-06,1.4299002941697836e-06,True
ele-fashion,24434,7012,95472,visual,2,5.958136171102524e-07,5.958136171102524e-07,3.574823495000601e-07,3.574823495000601e-07,True
ele-fashion,83125,8308,105775,visual,2,0.00010408461093902588,0.00010408461093902588,0.00022544711828231812,0.00022544711828231812,True
ele-fashion,8359,8668,107887,visual,2,-1.6684643924236298e-06,-1.6684643924236298e-06,-1.0725634638220072e-06,-1.0725634638220072e-06,True
ele-fashion,14076,8930,109412,visual,2,-0.002112776041030884,-0.002112776041030884,,,False
ele-fashion,81680,9178,110973,visual,2,-0.00030093640089035034,-0.000300820916891098,-0.0004811100661754608,-0.0004809945821762085,True
ele-fashion,12174,9755,113722,visual,2,-8.342613000422716e-07,-8.342613000422716e-07,-5.959009286016226e-07,-5.959009286016226e-07,True
ele-fashion,35734,10281,118180,visual,2,-0.009661197662353516,-0.00966101884841919,-0.0019673705101013184,-0.001967191696166992,True
ele-fashion,88250,12097,130358,visual,2,-0.0014926865696907043,-0.0014926865696907043,-0.00036225467920303345,-0.00036225467920303345,True
ele-fashion,12987,12991,135741,visual,2,-0.00044411420822143555,-0.0004439055919647217,0.001125246286392212,0.0011254549026489258,True
ele-fashion,13283,13282,137477,visual,2,-2.3835746105760336e-06,-2.3835746105760336e-06,,,False
ele-fashion,6589,14019,141615,visual,2,1.0726973414421082e-05,1.0726973414421082e-05,2.564862370491028e-06,2.564862370491028e-06,True
ele-fashion,62590,15380,148109,visual,2,1.1919473763555288e-07,1.1919473763555288e-07,-1.1919473763555288e-07,-1.1919473763555288e-07,True
ele-fashion,16063,16062,151968,visual,2,2.977205440402031e-06,2.977205440402031e-06,7.145572453737259e-07,7.145572453737259e-07,True
ele-fashion,93199,16484,154575,visual,2,-2.857297658920288e-05,-2.857297658920288e-05,-4.557520151138306e-05,-4.557520151138306e-05,True
ele-fashion,18275,18276,164901,visual,2,-2.859917003661394e-06,-2.859917003661394e-06,-1.5491095837205648e-06,-1.5491095837205648e-06,True
ele-fashion,73594,18801,167886,visual,2,0.0,0.0,0.0,0.0,True
ele-fashion,19921,19922,173291,visual,2,0.009683370590209961,0.009683370590209961,,,False
ele-fashion,22065,22071,183541,visual,2,1.484900712966919e-05,1.4744699001312256e-05,-2.5890767574310303e-05,-2.5995075702667236e-05,True
ele-fashion,13123,24653,197055,visual,2,3.5692937672138214e-07,3.5692937672138214e-07,1.5220139175653458e-05,1.5220139175653458e-05,True
ele-fashion,58437,25281,199419,visual,2,-6.446195766329765e-05,-6.446195766329765e-05,,,False
ele-fashion,26151,26149,203734,visual,2,-1.1918018572032452e-07,-1.1918018572032452e-07,4.7669163905084133e-07,4.7669163905084133e-07,True
ele-fashion,26659,26657,206538,visual,2,1.1918018572032452e-07,1.1918018572032452e-07,0.0,0.0,True
ele-fashion,32870,27945,212975,visual,2,0.0056983232498168945,0.0056983232498168945,,,False
ele-fashion,80220,29032,218540,visual,2,1.0721851140260696e-06,1.0721851140260696e-06,0.0,0.0,True
ele-fashion,29502,29501,220053,visual,2,9.30987298488617e-05,9.30987298488617e-05,7.90618360042572e-05,7.90618360042572e-05,True
ele-fashion,31356,30704,224338,visual,2,4.622526466846466e-05,4.622526466846466e-05,2.0097941160202026e-06,2.0097941160202026e-06,True
ele-fashion,73669,33334,234947,visual,2,-0.008018076419830322,-0.008018076419830322,-0.0020859241485595703,-0.0020859241485595703,True
ele-fashion,39216,33672,236044,visual,2,7.147202268242836e-06,7.147202268242836e-06,4.883913788944483e-06,4.883913788944483e-06,True
ele-fashion,77389,38467,252345,visual,2,-1.2723030522465706e-05,-1.2723030522465706e-05,-7.133930921554565e-07,-7.133930921554565e-07,True
ele-fashion,54606,38623,252705,visual,2,3.564637154340744e-07,3.564637154340744e-07,-9.504146873950958e-07,-9.504146873950958e-07,True
ele-fashion,47806,44061,268893,visual,2,4.759756848216057e-06,4.759756848216057e-06,,,False
ele-fashion,45239,45232,272385,visual,2,-3.575551090762019e-07,-3.575551090762019e-07,-2.383749233558774e-07,-2.383749233558774e-07,True
ele-fashion,46166,46195,275283,visual,2,-0.0024166107177734375,-0.0024166107177734375,0.00018388032913208008,0.00018388032913208008,True
ele-fashion,46508,46509,276249,visual,2,0.0,0.0,-2.3838947527110577e-07,-2.3838947527110577e-07,True
ele-fashion,52929,52932,294927,visual,2,0.0010852068662643433,0.0010852068662643433,0.0001541227102279663,0.0001541227102279663,True
ele-fashion,64236,55313,301001,visual,2,-9.825825691223145e-05,-9.825825691223145e-05,,,False
ele-fashion,3655,59182,311553,visual,2,-2.3832253646105528e-06,-2.3832253646105528e-06,3.574823495000601e-07,3.574823495000601e-07,True
ele-fashion,18275,59253,312062,visual,2,-1.3107783161103725e-06,-1.3107783161103725e-06,1.072476152330637e-06,1.072476152330637e-06,True
ele-fashion,19661,59991,313979,visual,2,0.0,0.0,0.0,0.0,True
ele-fashion,91536,65184,328501,visual,2,2.0638108253479004e-05,2.0522624254226685e-05,-1.2986361980438232e-05,-1.3101845979690552e-05,True
ele-fashion,69343,69342,337967,visual,2,-0.005092516541481018,-0.005092516541481018,,,False
ele-fashion,40431,73485,347641,visual,2,0.0,0.0,2.7387868613004684e-06,2.7387868613004684e-06,True
ele-fashion,73494,73495,347666,visual,2,5.95522578805685e-07,5.95522578805685e-07,2.1439045667648315e-06,2.1439045667648315e-06,True
ele-fashion,76619,76618,354384,visual,2,-3.4557015169411898e-06,-3.4557015169411898e-06,,,False
ele-fashion,59599,91544,386234,visual,2,-0.0004919543862342834,-0.0004919543862342834,0.0,0.0,True
ele-fashion,7354,534,19290,visual,3,-2.3818574845790863e-07,-2.3818574845790863e-07,5.953479558229446e-07,5.953479558229446e-07,True
ele-fashion,4817,568,20182,visual,3,-1.8454156816005707e-05,-1.8454156816005707e-05,3.548339009284973e-07,3.548339009284973e-07,True
ele-fashion,59480,778,23974,visual,3,2.244766801595688e-05,2.244766801595688e-05,4.348345100879669e-06,4.348345100879669e-06,True
ele-fashion,17636,792,24439,visual,3,-6.85080885887146e-06,-6.85080885887146e-06,-1.5106052160263062e-06,-1.5106052160263062e-06,True
ele-fashion,20037,2039,45294,visual,3,-0.00019244849681854248,-0.00019244849681854248,1.671910285949707e-05,1.671910285949707e-05,True
ele-fashion,65835,2334,48593,visual,3,0.0,0.0,0.0,0.0,True
ele-fashion,80633,2342,48702,visual,3,-0.0005298703908920288,-0.0005298703908920288,0.00016000866889953613,0.00016000866889953613,True
ele-fashion,89677,2593,51931,visual,3,-7.3499977588653564e-06,-7.3499977588653564e-06,-8.400529623031616e-06,-8.400529623031616e-06,True
ele-fashion,3903,3902,65056,visual,3,-1.9194092601537704e-05,-1.9194092601537704e-05,-4.786672070622444e-05,-4.786672070622444e-05,True
ele-fashion,4644,4643,73234,visual,3,-1.426786184310913e-06,-1.426786184310913e-06,1.7834827303886414e-06,1.7834827303886414e-06,True
ele-fashion,45339,4719,74062,visual,3,-1.1897645890712738e-07,-1.1897645890712738e-07,-1.1897645890712738e-07,-1.1897645890712738e-07,True
ele-fashion,31740,4814,75171,visual,3,1.071719452738762e-06,1.071719452738762e-06,1.1909287422895432e-07,1.1909287422895432e-07,True
ele-fashion,4644,5145,77842,visual,3,-1.7834827303886414e-06,-1.7834827303886414e-06,2.9723159968852997e-06,2.9723159968852997e-06,True
ele-fashion,33391,5623,82245,visual,3,-1.924857497215271e-05,-1.924857497215271e-05,-7.538124918937683e-06,-7.538124918937683e-06,True
ele-fashion,5777,5773,84144,visual,3,-0.00021455250680446625,-0.00021455250680446625,0.0,0.0,True
ele-fashion,29130,5958,86128,visual,3,-7.136259227991104e-07,-7.136259227991104e-07,-4.7567300498485565e-07,-4.7567300498485565e-07,True
ele-fashion,6866,6327,89066,visual,3,-6.854534149169922e-07,-6.854534149169922e-07,8.940696716308594e-07,8.940696716308594e-07,True
ele-fashion,97520,6823,93821,visual,3,-7.3015689849853516e-06,-7.3015689849853516e-06,,,False
ele-fashion,2247,8295,105687,visual,3,0.00040828436613082886,0.00040828436613082886,-0.0002464018762111664,-0.0002464018762111664,True
ele-fashion,48908,8402,106298,visual,3,-1.4591030776500702e-05,-1.4591030776500702e-05,3.283098340034485e-05,3.283098340034485e-05,True
ele-fashion,81680,9178,110973,visual,3,-0.00015085190534591675,-0.00015073642134666443,-0.00025109201669692993,-0.0002509765326976776,True
ele-fashion,79964,9594,112975,visual,3,2.479180693626404e-06,2.479180693626404e-06,-8.026137948036194e-06,-8.026137948036194e-06,True
ele-fashion,42952,10281,118208,visual,3,2.2007152438163757e-05,2.2125430405139923e-05,5.4426491260528564e-06,5.560927093029022e-06,True
ele-fashion,86674,10828,122001,visual,3,2.383312676101923e-07,2.383312676101923e-07,-1.1918018572032452e-07,-1.1918018572032452e-07,True
ele-fashion,66907,10894,122375,visual,3,-0.0002148561179637909,-0.0002148561179637909,-0.00022987090051174164,-0.00022987090051174164,True
ele-fashion,29982,12144,130591,visual,3,-0.00011633243411779404,-0.00011633243411779404,,,False
ele-fashion,66838,13434,138432,visual,3,2.3836037144064903e-07,2.3836037144064903e-07,,,False
ele-fashion,41617,14778,145629,visual,3,-2.9685907065868378e-06,-2.9685907065868378e-06,-8.312053978443146e-07,-8.312053978443146e-07,True
ele-fashion,53,15059,146786,visual,3,-0.002164870500564575,-0.002164870500564575,0.0005161166191101074,0.0005161166191101074,True
ele-fashion,7354,15625,149477,visual,3,-1.5479745343327522e-06,-1.5479745343327522e-06,-9.526265785098076e-07,-9.526265785098076e-07,True
ele-fashion,19337,16021,151529,visual,3,1.1909287422895432e-06,1.1909287422895432e-06,,,False
ele-fashion,34791,17216,158853,visual,3,-0.0015854239463806152,-0.0015855133533477783,0.0008554458618164062,0.0008553564548492432,True
ele-fashion,63787,17925,162823,visual,3,-5.425885319709778e-06,-5.425885319709778e-06,2.9494985938072205e-06,2.9494985938072205e-06,True
ele-fashion,55106,18426,165446,visual,3,-3.2141106203198433e-06,-3.2141106203198433e-06,,,False
ele-fashion,89824,19321,170352,visual,3,-6.19224738329649e-06,-6.19224738329649e-06,,,False
ele-fashion,64736,20404,175879,visual,3,-0.00354158878326416,-0.003542184829711914,-0.0009312629699707031,-0.000931859016418457,True
ele-fashion,88528,22879,187780,visual,3,3.8120197132229805e-06,3.8120197132229805e-06,2.1442538127303123e-06,2.1442538127303123e-06,True
ele-fashion,7845,27029,208630,visual,3,-1.1915108188986778e-07,-1.1915108188986778e-07,1.1909287422895432e-07,1.1909287422895432e-07,True
ele-fashion,18245,27240,209655,visual,3,-2.314150333404541e-05,-2.3245811462402344e-05,-6.607174873352051e-05,-6.617605686187744e-05,True
ele-fashion,90171,28340,215465,visual,3,2.3838947527110577e-07,2.3838947527110577e-07,2.3838947527110577e-07,2.3838947527110577e-07,True
ele-fashion,48591,29217,219197,visual,3,0.0,0.0,,,False
ele-fashion,32001,31999,229935,visual,3,1.1918018572032452e-07,1.1918018572032452e-07,0.0,0.0,True
ele-fashion,48590,35132,241552,visual,3,-1.0948977433145046e-05,-1.0948977433145046e-05,-7.021590135991573e-06,-7.021590135991573e-06,True
ele-fashion,35497,35498,242745,visual,3,3.5878270864486694e-05,3.5878270864486694e-05,-3.4943222999572754e-06,-3.4943222999572754e-06,True
ele-fashion,36196,36197,245244,visual,3,-3.3355900086462498e-06,-3.3355900086462498e-06,7.147900760173798e-07,7.147900760173798e-07,True
ele-fashion,43230,43231,266567,visual,3,-4.868023097515106e-06,-4.98676672577858e-06,1.864088699221611e-05,1.8522143363952637e-05,True
ele-fashion,48291,44082,268985,visual,3,6.330199539661407e-05,6.34174793958664e-05,-9.059906005859375e-06,-8.944422006607056e-06,True
ele-fashion,50844,46186,275258,visual,3,2.383312676101923e-07,2.383312676101923e-07,2.383312676101923e-07,2.383312676101923e-07,True
ele-fashion,51129,50821,288895,visual,3,1.2197531759738922e-05,1.2197531759738922e-05,1.728953793644905e-05,1.728953793644905e-05,True
ele-fashion,38129,52118,292633,visual,3,1.1909287422895432e-07,1.1909287422895432e-07,0.0,0.0,True
ele-fashion,91712,56249,303571,visual,3,2.3830216377973557e-07,2.3830216377973557e-07,0.0,0.0,True
ele-fashion,87365,59045,311210,visual,3,1.4328397810459137e-05,1.4328397810459137e-05,,,False
ele-fashion,68490,68489,335973,visual,3,2.3838947527110577e-07,2.3838947527110577e-07,,,False
ele-fashion,71622,71621,343486,visual,3,-2.535805106163025e-05,-2.535805106163025e-05,7.865019142627716e-06,7.865019142627716e-06,True
ele-fashion,67692,81058,364020,visual,3,-3.919936716556549e-06,-3.919936716556549e-06,4.752073436975479e-07,4.752073436975479e-07,True
ele-fashion,17576,84341,370929,visual,3,0.00015735626220703125,0.0001583099365234375,5.745887756347656e-05,5.841255187988281e-05,True
ele-fashion,94157,94158,391777,visual,3,-7.145572453737259e-07,-7.145572453737259e-07,,,False
ele-fashion,95929,95930,395384,visual,3,0.0,0.0,-4.7677895054221153e-07,-4.7677895054221153e-07,True
ele-fashion,14615,69,3566,visual,4,-0.00038774311542510986,-0.00038774311542510986,0.0003036484122276306,0.0003036484122276306,True
ele-fashion,62106,98,5273,visual,4,-0.003065306693315506,-0.003065306693315506,,,False
ele-fashion,84170,285,11644,visual,4,0.00011294987052679062,0.00011294987052679062,-1.064501702785492e-06,-1.064501702785492e-06,True
ele-fashion,6410,342,12777,visual,4,0.005726337432861328,0.005727052688598633,,,False
ele-fashion,47173,344,13338,visual,4,-0.0006424346938729286,-0.0006424346938729286,,,False
ele-fashion,82396,411,14558,visual,4,0.00020113587379455566,0.00020113587379455566,,,False
ele-fashion,2997,1532,38613,visual,4,-0.031736910343170166,-0.031736910343170166,,,False
ele-fashion,18029,1931,43875,visual,4,0.016200482845306396,0.016200363636016846,0.012825310230255127,0.012825191020965576,True
ele-fashion,4413,2331,48034,visual,4,-0.00028596632182598114,-0.00028596632182598114,-0.00017119944095611572,-0.00017119944095611572,True
ele-fashion,7892,3063,56958,visual,4,0.0054329633712768555,0.005432605743408203,0.004586696624755859,0.004586338996887207,True
ele-fashion,65954,3126,57937,visual,4,0.0038242340087890625,0.003823995590209961,-0.0013283789157867432,-0.0013286173343658447,True
ele-fashion,30951,4075,66766,visual,4,-1.2803822755813599e-05,-1.2803822755813599e-05,7.728859782218933e-05,7.728859782218933e-05,True
ele-fashion,33391,4401,70678,visual,4,-0.0013337265700101852,-0.0013337265700101852,-0.0007036570459604263,-0.0007036570459604263,True
ele-fashion,51099,4402,70869,visual,4,4.052577423863113e-06,4.052577423863113e-06,2.3838947527110577e-07,2.3838947527110577e-07,True
ele-fashion,59331,4519,72021,visual,4,5.476432852447033e-05,5.476432852447033e-05,1.3810349628329277e-05,1.3810349628329277e-05,True
ele-fashion,30947,5164,77894,visual,4,-0.05862915515899658,-0.058629631996154785,,,False
ele-fashion,79197,5216,78342,visual,4,-0.0012597143650054932,-0.00125962495803833,-0.00031173229217529297,-0.0003116428852081299,True
ele-fashion,33391,5623,82245,visual,4,-0.0013851653784513474,-0.0013851653784513474,-0.0006123371422290802,-0.0006123371422290802,True
ele-fashion,63787,6287,88700,visual,4,-0.00047350022941827774,-0.00047350022941827774,0.0005862265825271606,0.0005862265825271606,True
ele-fashion,7588,7579,99963,visual,4,2.0373379811644554e-05,2.0373379811644554e-05,1.6560836229473352e-05,1.6560836229473352e-05,True
ele-fashion,8167,8166,104728,visual,4,-3.694629413075745e-06,-3.694629413075745e-06,2.3836037144064903e-07,2.3836037144064903e-07,True
ele-fashion,2247,8295,105687,visual,4,-0.0005608052015304565,-0.0005608052015304565,0.002193089574575424,0.002193089574575424,True
ele-fashion,46921,9593,112959,visual,4,0.0006696507334709167,0.0006697550415992737,-0.011780031025409698,-0.011779926717281342,True
ele-fashion,22119,10849,122068,visual,4,1.382047776132822e-05,1.382047776132822e-05,,,False
ele-fashion,10863,10859,122210,visual,4,0.0059052444994449615,0.0059052444994449615,,,False
ele-fashion,69301,12928,135296,visual,4,4.887107934337109e-06,4.887107934337109e-06,1.0727817425504327e-06,1.0727817425504327e-06,True
ele-fashion,12291,12932,135313,visual,4,-1.3226555893197656e-05,-1.3107404811307788e-05,8.698465535417199e-06,8.817616617307067e-06,True
ele-fashion,44774,13575,139396,visual,4,5.836947821080685e-06,5.836947821080685e-06,,,False
ele-fashion,39091,13578,139413,visual,4,-0.0007553137838840485,-0.0007553137838840485,-0.00027018599212169647,-0.00027018599212169647,True
ele-fashion,26383,16377,154024,visual,4,8.222152246162295e-06,8.222152246162295e-06,4.52814856544137e-06,4.52814856544137e-06,True
ele-fashion,51264,17235,159042,visual,4,-7.450953125953674e-05,-7.46212899684906e-05,,,False
ele-fashion,331,17487,160332,visual,4,8.343340596184134e-07,8.343340596184134e-07,-1.5495024854317307e-06,-1.5495024854317307e-06,True
ele-fashion,33273,19169,169459,visual,4,-0.0008929381147027016,-0.0008929381147027016,0.0005503734573721886,0.0005503734573721886,True
ele-fashion,4644,19322,170361,visual,4,-4.8630405217409134e-05,-4.8630405217409134e-05,5.944864824414253e-06,5.944864824414253e-06,True
ele-fashion,34643,21315,180480,visual,4,0.11201751232147217,0.11201703548431396,,,False
ele-fashion,22387,22386,185097,visual,4,1.310836523771286e-06,1.310836523771286e-06,-8.341739885509014e-07,-8.341739885509014e-07,True
ele-fashion,10440,24302,195219,visual,4,-0.0015536695718765259,-0.0015536695718765259,0.0,0.0,True
ele-fashion,29210,24717,197281,visual,4,-1.8461025319993496e-05,-1.8461025319993496e-05,-3.4539843909442425e-06,-3.4539843909442425e-06,True
ele-fashion,69643,24886,197913,visual,4,0.0001010488485917449,0.0001010488485917449,4.046841058880091e-05,4.046841058880091e-05,True
ele-fashion,25052,25051,198481,visual,4,0.0011449605226516724,0.0011450499296188354,-8.940696716308594e-08,0.0,True
ele-fashion,43444,27681,211790,visual,4,0.0015347246080636978,0.0015347246080636978,0.0004154350608587265,0.0004154350608587265,True
ele-fashion,15989,28697,216851,visual,4,2.613058313727379e-06,2.613058313727379e-06,3.8955360651016235e-05,3.8955360651016235e-05,True
ele-fashion,29227,29230,219282,visual,4,1.0960560757666826e-05,1.0960560757666826e-05,-1.3462617062032223e-05,-1.3462617062032223e-05,True
ele-fashion,36188,31325,227904,visual,4,2.2633932530879974e-05,2.2633932530879974e-05,2.026371657848358e-05,2.026371657848358e-05,True
ele-fashion,32243,32244,230876,visual,4,-0.001527699176222086,-0.001527699176222086,0.0,0.0,True
ele-fashion,69301,32835,232889,visual,4,5.125497409608215e-06,5.125497409608215e-06,-1.5495752450078726e-06,-1.5495752450078726e-06,True
ele-fashion,36307,36295,245769,visual,4,4.762550815939903e-07,4.762550815939903e-07,-1.2023490853607655e-05,-1.2023490853607655e-05,True
ele-fashion,37968,37967,250587,visual,4,2.1503539755940437e-05,2.1503539755940437e-05,-1.1167721822857857e-05,-1.1167721822857857e-05,True
ele-fashion,38034,38035,250831,visual,4,-7.387599907815456e-06,-7.387599907815456e-06,4.170404281467199e-06,4.170404281467199e-06,True
ele-fashion,53444,40534,258310,visual,4,3.575696609914303e-07,3.575696609914303e-07,2.383749233558774e-07,2.383749233558774e-07,True
ele-fashion,11476,44485,270234,visual,4,-7.148482836782932e-07,-7.148482836782932e-07,-3.573950380086899e-07,-3.573950380086899e-07,True
ele-fashion,54777,54775,299904,visual,4,-1.072752638719976e-06,-1.072752638719976e-06,-4.7677895054221153e-07,-4.7677895054221153e-07,True
ele-fashion,3655,59182,311553,visual,4,-2.5500718038529158e-05,-2.5500718038529158e-05,1.7516460502520204e-05,1.7516460502520204e-05,True
ele-fashion,57285,64381,326418,visual,4,1.1919473763555288e-07,1.1919473763555288e-07,0.0,0.0,True
ele-fashion,40431,73485,347641,visual,4,3.608060069382191e-05,3.608060069382191e-05,2.9769493266940117e-05,2.9769493266940117e-05,True
ele-fashion,76985,78625,358731,visual,4,-0.0012587904930114746,-0.001258905977010727,0.0019492767751216888,0.0019491612911224365,True
ele-fashion,23086,78768,359032,visual,4,0.00013819709420204163,0.00013831257820129395,4.230812191963196e-05,4.242360591888428e-05,True
ele-fashion,66819,85710,373944,visual,4,0.0016780123114585876,0.0016780123114585876,-0.0006046593189239502,-0.0006046593189239502,True
ele-fashion,56908,87035,376724,visual,4,-6.13390002399683e-05,-6.13390002399683e-05,2.971617504954338e-06,2.971617504954338e-06,True
ele-fashion,87061,87059,376772,visual,4,-4.609796451404691e-05,-4.609796451404691e-05,,,False
ele-fashion,17742,88253,379271,visual,4,5.958136171102524e-07,5.958136171102524e-07,-1.1915108188986778e-07,-1.1915108188986778e-07,True
ele-fashion,11476,92837,388968,visual,4,-3.573950380086899e-07,-3.573950380086899e-07,-1.1915108188986778e-07,-1.1915108188986778e-07,True
ele-fashion,6589,94719,392980,visual,4,-8.044764399528503e-06,-8.044764399528503e-06,7.461756467819214e-06,7.461756467819214e-06,True
ele-fashion,95847,95849,395236,visual,4,-3.45650187227875e-06,-3.45650187227875e-06,0.0,0.0,True
