dataset,model,estimator,seed,target,n_holdout_rows,mae,rmse,r2,spearman,pearson,harmful_auroc,harmful_auprc,harmful_prevalence,edge_groups_n,edge_mean_group_spearman,edge_median_group_spearman,edge_pairwise_accuracy,edge_top1_agreement,edge_top1_excess,modality_groups_n,modality_mean_group_spearman,modality_median_group_spearman,modality_pairwise_accuracy,modality_ordering_accuracy,predicted_modality_sign_disagreement_accuracy,hop_groups_n,hop_mean_group_spearman,hop_median_group_spearman,hop_pairwise_accuracy,selection_groups_n,selection_model_selected_effect_mean,selection_model_selected_effect_median,selection_model_selected_effect_p25,selection_model_selected_effect_p75,selection_random_expected_mean,selection_random_expected_median,selection_random_expected_p25,selection_random_expected_p75,selection_oracle_effect_mean,selection_oracle_effect_median,selection_oracle_effect_p25,selection_oracle_effect_p75,selection_model_gain_vs_random_mean,selection_model_gain_vs_random_median,selection_model_gain_vs_random_p25,selection_model_gain_vs_random_p75,selection_oracle_gain_vs_random_mean,selection_oracle_gain_vs_random_median,selection_oracle_gain_vs_random_p25,selection_oracle_gain_vs_random_p75,selection_oracle_regret_mean,selection_oracle_regret_median,selection_oracle_regret_p25,selection_oracle_regret_p75,selection_top1_agreement_mean,selection_top1_agreement_median,selection_top1_agreement_p25,selection_top1_agreement_p75,selection_top1_excess_mean,selection_top1_excess_median,selection_top1_excess_p25,selection_top1_excess_p75,selection_edge_pairwise_accuracy_mean,selection_edge_pairwise_accuracy_median,selection_edge_pairwise_accuracy_p25,selection_edge_pairwise_accuracy_p75,selection_fraction_model_gain_vs_random_gt_0,best_epoch,best_validation_loss_receiver_equal_huber
Movies,M,E0_heuristic,0,delete,36672,0.012049664864618401,0.03253641535496066,-0.0018905793974925977,0.006703285524479501,0.0009727673803539823,0.4987565858972757,0.534289236819168,0.5285185185185185,1440,-0.012344576961971073,0.0,0.4938078703703704,0.30486111111111114,-0.004398148148148142,2700,-0.05259259259259258,-0.9999999999999999,0.4737037037037037,0.4737037037037037,0.4922222222222222,1350,0.012740740740740743,0.0,0.5024691358024692,1440,0.0017626710869889292,-0.00010901875793933868,-0.003042224794626236,0.001856982707977295,0.0009731400596879044,-6.381445564329624e-05,-0.0023862426169216633,0.0019237548112869263,-0.006731943271329833,-0.0011331839486956596,-0.007466062903404236,0.0001416429877281189,-0.0007895310273010248,1.2796372175216675e-06,-0.000868731178343296,0.0009444495663046837,0.007705083331017738,0.001568872481584549,0.00026553869247436523,0.006375286728143692,0.008494614358318763,0.0003795875236392021,0.0,0.004020426422357559,0.30486111111111114,0.0,0.0,1.0,-0.004398148148148142,-0.25,-0.25,0.5,0.49421199442119945,0.5,0.3333333333333333,0.6666666666666666,0.5034722222222222,7,0.23525505512952805
Movies,S,E0_heuristic,0,delete,36672,0.01200817985220864,0.032507403910380345,-0.00010468294476906337,0.01035055550773693,0.015876156358710244,0.5217287130533296,0.5438177507116302,0.5285185185185185,1440,0.01294671626079309,0.0,0.5024884259259259,0.3055555555555556,-0.0037037037037036956,2700,-0.04444444444444443,-0.9999999999999999,0.4777777777777778,0.4777777777777778,0.4948148148148148,1350,0.03762962962962963,0.19999999999999998,0.5149382716049382,1440,0.0012826653688939081,-0.00010808557271957397,-0.002780802547931671,0.001818755641579628,0.0009731400596879044,-6.381445564329624e-05,-0.0023862426169216633,0.0019237548112869263,-0.006731943271329833,-0.0011331839486956596,-0.007466062903404236,0.0001416429877281189,-0.00030952530920600385,2.857297658920288e-06,-0.0008657807484269142,0.0010721692815423012,0.007705083331017738,0.001568872481584549,0.00026553869247436523,0.006375286728143692,0.008014608640223742,0.0003474503755569458,0.0,0.003900595009326935,0.3055555555555556,0.0,0.0,1.0,-0.0037037037037036956,-0.25,-0.25,0.5,0.502975360297536,0.5,0.3333333333333333,0.6666666666666666,0.5131944444444444,3,0.26039862632751465
Movies,M,E0_heuristic,0,comp,34272,0.008514658313125775,0.02983928966918712,-0.002499750537547474,0.003620557502353712,-0.043746376816366506,0.49848682981505693,0.5053754414431242,0.5033891547049442,1440,0.011611223291839985,0.0,0.5037615740740742,0.3125,0.0032407407407407463,2508,-0.015593762495001993,-0.9999999999999999,0.4922248803827751,0.4922248803827751,0.4920255183413078,1254,-0.028919386813450836,-0.19999999999999998,0.48710792131844766,1440,0.0009536819002177152,-9.335577487945557e-06,-0.0015868749469518661,0.0009701699018478394,0.00029492048483074614,1.2861564755439758e-05,-0.0002980642020702362,0.0005898959934711456,-0.011836345555234908,-0.0020715072751045227,-0.008964359760284424,-0.0003198087215423584,-0.0006587614153869691,1.5132439633210499e-05,-0.0009352723136544228,0.0018652360886335373,0.012131266040065652,0.0023362115025520325,0.0003963187336921692,0.009332269430160522,0.012790027455452622,0.0004692748188972473,0.0,0.004993347451090813,0.3125,0.0,0.0,1.0,0.0032407407407407463,-0.25,-0.25,0.5,0.5031380753138075,0.5,0.3333333333333333,0.6666666666666666,0.5243055555555556,7,0.23525505512952805
Movies,S,E0_heuristic,0,comp,34272,0.008544102307162732,0.029863084682918546,-0.0040992528612942,0.0004154347391338151,-0.055633576013024655,0.4949971183388913,0.5077387528369789,0.5033891547049442,1440,0.019049111119547275,0.19999999999999998,0.5064236111111111,0.31319444444444444,0.003935185185185193,2508,-0.019592163134746095,-0.9999999999999999,0.4902312599681021,0.4902312599681021,0.4964114832535885,1254,-0.02845595871928482,-0.19999999999999998,0.48737373737373746,1440,0.0008719549223314971,0.0,-0.0014611929655075073,0.0012247934937477112,0.00029492048483074614,1.2861564755439758e-05,-0.0002980642020702362,0.0005898959934711456,-0.011836345555234908,-0.0020715072751045227,-0.008964359760284424,-0.0003198087215423584,-0.0005770344375007512,1.3434793800115585e-05,-0.0010768696665763855,0.0016692597419023514,0.012131266040065652,0.0023362115025520325,0.0003963187336921692,0.009332269430160522,0.012708300477566405,0.0005700737237930298,0.0,0.00563354417681694,0.31319444444444444,0.0,0.0,1.0,0.003935185185185193,-0.25,-0.25,0.5,0.5064388656438866,0.5,0.3333333333333333,0.8,0.5173611111111112,12,0.21016885340213776
Movies,M,E0_heuristic,1,delete,36672,0.012067394070063192,0.032538175313468594,-0.0019989707811032265,0.02458129492907742,0.0024667069376982558,0.5251241212151906,0.5492742953001446,0.5285185185185185,1440,0.015164965086878656,0.0,0.5060763888888888,0.32013888888888886,0.010879629629629638,2700,-0.046666666666666655,-0.9999999999999999,0.4766666666666667,0.4766666666666667,0.48814814814814816,1350,0.06325925925925925,0.19999999999999998,0.5280246913580247,1440,0.0011507352109118882,-6.211269646883011e-05,-0.0027833590283989906,0.0020210370421409607,0.0009731400596879044,-6.381445564329624e-05,-0.0023862426169216633,0.0019237548112869263,-0.006731943271329833,-0.0011331839486956596,-0.007466062903404236,0.0001416429877281189,-0.00017759515122398395,9.55536961555481e-07,-0.0008883625268936157,0.0009898580610752106,0.007705083331017738,0.001568872481584549,0.00026553869247436523,0.006375286728143692,0.007882678482241721,0.00031529366970062256,0.0,0.003918014466762543,0.32013888888888886,0.0,0.0,1.0,0.010879629629629638,-0.25,-0.25,0.5,0.5065550906555091,0.5,0.3333333333333333,0.8,0.5034722222222222,5,0.2354649007320404
Movies,S,E0_heuristic,1,delete,36672,0.012031397207217567,0.032522857006712654,-0.001055751656165116,0.00623140953591833,-5.807093611526713e-05,0.5217907805420212,0.5535041316654596,0.5285185185185185,1440,0.014959432874743335,0.0,0.5049189814814815,0.3020833333333333,-0.007175925925925916,2700,-0.04518518518518518,-0.9999999999999999,0.4774074074074074,0.4774074074074074,0.49444444444444446,1350,0.05199999999999999,0.19999999999999998,0.5243209876543209,1440,0.0013943934075844784,-4.86522912979126e-05,-0.0027014221996068954,0.002300456166267395,0.0009731400596879044,-6.381445564329624e-05,-0.0023862426169216633,0.0019237548112869263,-0.006731943271329833,-0.0011331839486956596,-0.007466062903404236,0.0001416429877281189,-0.0004212533478965741,-2.323184162378311e-06,-0.00113247474655509,0.0008691996335983276,0.007705083331017738,0.001568872481584549,0.00026553869247436523,0.006375286728143692,0.008126336678914312,0.0004065129905939102,0.0,0.004447072744369507,0.3020833333333333,0.0,0.0,1.0,-0.007175925925925916,-0.25,-0.25,0.5,0.505206880520688,0.5,0.3333333333333333,0.6666666666666666,0.48819444444444443,2,0.2608843147754669
Movies,M,E0_heuristic,1,comp,34272,0.008536040029254722,0.02982135613947029,-0.001295100109564462,0.004410078443815218,-0.020409259366633462,0.5071894463633437,0.5115206787125381,0.5033891547049442,1440,0.011172353240488011,0.0,0.5037615740740742,0.3229166666666667,0.013657407407407415,2508,-0.012395041983206713,-0.9999999999999999,0.49381977671451355,0.49381977671451355,0.4984051036682616,1254,-0.01057807899845881,-0.09999999999999999,0.4949494949494949,1440,0.0014870943346371253,-5.774199962615967e-08,-0.0013580620288848877,0.001103898510336876,0.00029492048483074614,1.2861564755439758e-05,-0.0002980642020702362,0.0005898959934711456,-0.011836345555234908,-0.0020715072751045227,-0.008964359760284424,-0.0003198087215423584,-0.0011921738498063793,1.084416483839353e-05,-0.0011617240961641073,0.0014560334384441376,0.012131266040065652,0.0023362115025520325,0.0003963187336921692,0.009332269430160522,0.013323439889872033,0.0004933029413223267,0.0,0.005517521873116493,0.3229166666666667,0.0,0.0,1.0,0.013657407407407415,-0.25,-0.25,0.5,0.503393770339377,0.5,0.16666666666666666,0.8333333333333334,0.5138888888888888,5,0.2354649007320404
Movies,S,E0_heuristic,1,comp,34272,0.008574659787100564,0.029904571033223266,-0.006891017256564602,-0.008467402081443181,-0.07801713617801868,0.49488733698741205,0.5106965160030241,0.5033891547049442,1440,-0.008594430176287138,0.0,0.4941550925925926,0.2972222222222222,-0.012037037037037028,2508,-0.05157936825269891,-0.9999999999999999,0.4742822966507177,0.4742822966507177,0.49003189792663476,1254,-0.04504288056936456,-0.19999999999999998,0.4800637958532695,1440,0.0013863631149029566,1.1203810572624207e-06,-0.0012379325926303864,0.001325998455286026,0.00029492048483074614,1.2861564755439758e-05,-0.0002980642020702362,0.0005898959934711456,-0.011836345555234908,-0.0020715072751045227,-0.008964359760284424,-0.0003198087215423584,-0.0010914426300722103,2.0815059542655945e-07,-0.0012574708089232445,0.001301739364862442,0.012131266040065652,0.0023362115025520325,0.0003963187336921692,0.009332269430160522,0.013222708670137863,0.0006150528788566589,0.0,0.00584913045167923,0.2972222222222222,0.0,0.0,1.0,-0.012037037037037028,-0.25,-0.25,0.5,0.4939795443979544,0.5,0.16666666666666666,0.6666666666666666,0.5013888888888889,18,0.21024438738822937
Movies,M,E0_heuristic,2,delete,36672,0.012009763594084049,0.03252652496418485,-0.0012815643502819274,0.033993209494383995,0.004570355012084738,0.533880316266196,0.5565276176895626,0.5285185185185185,1440,-0.00685437213400366,0.0,0.49612268518518526,0.30972222222222223,0.0004629629629629724,2700,-0.014074074074074072,-0.9999999999999999,0.49296296296296294,0.49296296296296294,0.4918518518518519,1350,0.05037037037037037,0.19999999999999998,0.5211111111111111,1440,0.0007941865174668944,-7.248669862747192e-05,-0.002928575500845909,0.002300456166267395,0.0009731400596879044,-6.381445564329624e-05,-0.0023862426169216633,0.0019237548112869263,-0.006731943271329833,-0.0011331839486956596,-0.007466062903404236,0.0001416429877281189,0.00017895354222100985,1.3969838619232178e-08,-0.0008883625268936157,0.001022010420759519,0.007705083331017738,0.001568872481584549,0.00026553869247436523,0.006375286728143692,0.007526129788796728,0.00037804245948791504,0.0,0.004049420356750488,0.30972222222222223,0.0,0.0,1.0,0.0004629629629629724,-0.25,-0.25,0.5,0.496466759646676,0.5,0.16666666666666666,0.6666666666666666,0.5,5,0.23539184778928757
Movies,S,E0_heuristic,2,delete,36672,0.012030125919328486,0.03251341638541508,-0.00047467007373658276,0.024731770891350265,0.014590309985476797,0.5325588017203842,0.556984165455825,0.5285185185185185,1440,0.00829722222000589,0.0,0.5036458333333333,0.30486111111111114,-0.0043981481481481415,2700,-0.05703703703703702,-0.9999999999999999,0.4714814814814815,0.4714814814814815,0.5018518518518519,1350,0.07748148148148147,0.19999999999999998,0.5375308641975309,1440,0.0014156522481547048,-6.351573392748833e-05,-0.002679474651813507,0.0022785961627960205,0.0009731400596879044,-6.381445564329624e-05,-0.0023862426169216633,0.0019237548112869263,-0.006731943271329833,-0.0011331839486956596,-0.007466062903404236,0.0001416429877281189,-0.0004425121884668005,-6.922055035829544e-07,-0.0010140091180801392,0.0009726248681545258,0.007705083331017738,0.001568872481584549,0.00026553869247436523,0.006375286728143692,0.008147595519484538,0.0003871377557516098,0.0,0.0043224915862083435,0.30486111111111114,0.0,0.0,1.0,-0.0043981481481481415,-0.25,-0.25,0.5,0.504230590423059,0.5,0.3333333333333333,0.8,0.49166666666666664,2,0.26055216789245605
Movies,M,E0_heuristic,2,comp,34272,0.008504820075079064,0.02982119269248364,-0.0012841242023924337,0.0041496454739661705,-0.02476575410460142,0.5046253641823435,0.5144605452895874,0.5033891547049442,1440,0.009655800200169448,0.0,0.5028356481481482,0.32083333333333336,0.011574074074074082,2508,0.0019992003198720525,0.9999999999999999,0.5009968102073366,0.5009968102073366,0.518341307814992,1254,-0.011946681682682765,0.0,0.4944178628389155,1440,0.001400264841504395,-2.26777046918869e-06,-0.001399001106619835,0.0010688789188861847,0.00029492048483074614,1.2861564755439758e-05,-0.0002980642020702362,0.0005898959934711456,-0.011836345555234908,-0.0020715072751045227,-0.008964359760284424,-0.0003198087215423584,-0.0011053443566736488,1.3661570847034454e-05,-0.0011357987920443218,0.0015551373362541199,0.012131266040065652,0.0023362115025520325,0.0003963187336921692,0.009332269430160522,0.013236610396739302,0.0004717409610748291,0.0,0.005286708474159241,0.32083333333333336,0.0,0.0,1.0,0.011574074074074082,-0.25,-0.25,0.5,0.5030915853091585,0.5,0.2,0.8333333333333334,0.5201388888888889,5,0.23539184778928757
Movies,S,E0_heuristic,2,comp,34272,0.008549112809257502,0.02985695701360188,-0.0036872286517273256,-0.003459852197974649,-0.05116044435048791,0.49735229002627274,0.5129952569472913,0.5033891547049442,1440,-0.00857716873991983,0.0,0.49508101851851855,0.29930555555555555,-0.009953703703703697,2508,-0.033186725309876035,-0.9999999999999999,0.4834529505582137,0.4834529505582137,0.49122807017543857,1254,-0.037865847076541594,-0.19999999999999998,0.48298777246145674,1440,0.001043591240239847,8.03731381893158e-07,-0.0011966302990913391,0.001278584823012352,0.00029492048483074614,1.2861564755439758e-05,-0.0002980642020702362,0.0005898959934711456,-0.011836345555234908,-0.0020715072751045227,-0.008964359760284424,-0.0003198087215423584,-0.000748670755409101,2.9744114726781845e-06,-0.0012412592768669128,0.0013008378446102142,0.012131266040065652,0.0023362115025520325,0.0003963187336921692,0.009332269430160522,0.012879936795474754,0.0005801767110824585,0.0,0.005941152572631836,0.29930555555555555,0.0,0.0,1.0,-0.009953703703703697,-0.25,-0.25,0.5,0.4952347745234774,0.5,0.3333333333333333,0.6666666666666666,0.5048611111111111,10,0.21015775203704834
Movies,M,E1_unimodal_pair,0,delete,36672,0.012524440379331484,0.032613245525223,-0.006627813433810914,0.04908516728260172,0.009504552958723529,0.5354024147693649,0.5682958439635948,0.5285185185185185,1440,0.04842798984179431,0.19999999999999998,0.5192708333333333,0.3368055555555556,0.02754629629629631,2700,0.0311111111111111,0.9999999999999999,0.5155555555555555,0.5155555555555555,0.5148148148148148,1350,0.0075555555555555575,0.0,0.5046913580246913,1440,0.0017310829050580247,-8.124113082885742e-05,-0.0025863051414489746,0.0021279454231262207,0.0009731400596879044,-6.381445564329624e-05,-0.0023862426169216633,0.0019237548112869263,-0.006731943271329833,-0.0011331839486956596,-0.007466062903404236,0.0001416429877281189,-0.0007579428453701204,9.504146873950958e-06,-0.0008485168218612671,0.0010735467076301575,0.007705083331017738,0.001568872481584549,0.00026553869247436523,0.006375286728143692,0.008463026176387858,0.00031573884189128876,0.0,0.004008084535598755,0.3368055555555556,0.0,0.0,1.0,0.02754629629629631,-0.25,-0.25,0.5,0.5192003719200372,0.5,0.3333333333333333,0.8333333333333334,0.5319444444444444,2,0.23524675518274307
Movies,S,E1_unimodal_pair,0,delete,36672,0.012725198697207143,0.03269602823861291,-0.01174457756468561,0.0676806277874421,0.0211730470780561,0.5327077774554366,0.5580646200565009,0.5285185185185185,1440,0.0651087001485769,0.19999999999999998,0.5277199074074075,0.3416666666666667,0.03240740740740742,2700,0.0474074074074074,0.9999999999999999,0.5237037037037037,0.5237037037037037,0.5159259259259259,1350,0.015703703703703706,0.0,0.5072839506172839,1440,0.0011652701450253111,-0.00013278145343065262,-0.003308996558189392,0.0020125433802604675,0.0009731400596879044,-6.381445564329624e-05,-0.0023862426169216633,0.0019237548112869263,-0.006731943271329833,-0.0011331839486956596,-0.007466062903404236,0.0001416429877281189,-0.00019213008533740708,1.8909573554992676e-05,-0.0007331520318984985,0.0012842267751693726,0.007705083331017738,0.001568872481584549,0.00026553869247436523,0.006375286728143692,0.007897213416355145,0.0002569742500782013,0.0,0.003526628017425537,0.3416666666666667,0.0,0.0,1.0,0.03240740740740742,-0.25,-0.25,0.5,0.5286610878661088,0.5,0.3333333333333333,0.8333333333333334,0.5423611111111111,5,0.25910401344299316
Movies,M,E1_unimodal_pair,0,comp,34272,0.00852195153596074,0.02982510809687443,-0.001547070736112488,0.003355906071399375,-0.032410697733532556,0.5084929111136725,0.5088616856595388,0.5033891547049442,1440,0.030787286048209565,0.19999999999999998,0.5115162037037037,0.3194444444444444,0.010185185185185193,2508,-0.002798880447820868,-0.9999999999999999,0.4986044657097289,0.4986044657097289,0.5023923444976076,1254,-0.007892636838996037,0.0,0.49800637958532695,1440,0.001511412851848743,-3.6507844924926758e-06,-0.0013826340436935425,0.001045246608555317,0.00029492048483074614,1.2861564755439758e-05,-0.0002980642020702362,0.0005898959934711456,-0.011836345555234908,-0.0020715072751045227,-0.008964359760284424,-0.0003198087215423584,-0.001216492367017997,1.862272620201111e-05,-0.001124473288655281,0.0017172973603010178,0.012131266040065652,0.0023362115025520325,0.0003963187336921692,0.009332269430160522,0.013347758407083651,0.0004466250538825989,0.0,0.005521470680832863,0.3194444444444444,0.0,0.0,1.0,0.010185185185185193,-0.25,-0.25,0.5,0.5120409112040911,0.5,0.3333333333333333,0.8333333333333334,0.5270833333333333,2,0.23524675518274307
Movies,S,E1_unimodal_pair,0,comp,34272,0.008493063160014943,0.029813850319483446,-0.0007911260490744976,0.020335636935057994,-0.021366598429781416,0.5126049818952189,0.5138239838422087,0.5033891547049442,1440,-0.001658452253210055,0.0,0.49612268518518526,0.29583333333333334,-0.013425925925925916,2508,0.030787684926029582,0.9999999999999999,0.5153508771929824,0.5153508771929824,0.5147527910685805,1254,-0.027350372086204968,-0.19999999999999998,0.4876395534290271,1440,0.0018925866978760394,0.0,-0.0011843666434288025,0.001210191287100315,0.00029492048483074614,1.2861564755439758e-05,-0.0002980642020702362,0.0005898959934711456,-0.011836345555234908,-0.0020715072751045227,-0.008964359760284424,-0.0003198087215423584,-0.0015976662130452932,5.499459803104401e-06,-0.0012283921241760254,0.001419120468199253,0.012131266040065652,0.0023362115025520325,0.0003963187336921692,0.009332269430160522,0.013728932253110946,0.0005428194999694824,0.0,0.00568757951259613,0.29583333333333334,0.0,0.0,1.0,-0.013425925925925916,-0.25,-0.25,0.5,0.4963040446304045,0.5,0.3333333333333333,0.6666666666666666,0.5118055555555555,3,0.2102913111448288
Movies,M,E1_unimodal_pair,1,delete,36672,0.012640718383325427,0.03321042685961588,-0.04383006449048632,0.07686600153530232,-0.044141129113969904,0.5409172005938662,0.5522245721284205,0.5285185185185185,1440,0.03388973266145988,0.0,0.514525462962963,0.3416666666666667,0.03240740740740742,2700,0.09333333333333331,0.9999999999999999,0.5466666666666666,0.5466666666666666,0.5074074074074074,1350,0.05985185185185185,0.19999999999999998,0.5259259259259259,1440,0.0014367684288623017,-0.00010689347982406616,-0.0031118690967559814,0.0024537555873394012,0.0009731400596879044,-6.381445564329624e-05,-0.0023862426169216633,0.0019237548112869263,-0.006731943271329833,-0.0011331839486956596,-0.007466062903404236,0.0001416429877281189,-0.00046362836917439743,1.8496066331863403e-06,-0.000854983925819397,0.0011305371299386024,0.007705083331017738,0.001568872481584549,0.00026553869247436523,0.006375286728143692,0.008168711700192136,0.00026371702551841736,0.0,0.0035096928477287292,0.3416666666666667,0.0,0.0,1.0,0.03240740740740742,-0.25,-0.25,0.5,0.5149697814969781,0.5,0.3333333333333333,0.8333333333333334,0.50625,8,0.23223953694105148
Movies,S,E1_unimodal_pair,1,delete,36672,0.012486444268433842,0.03262380690278241,-0.007279885783255002,0.06584727995077494,0.014690141099798937,0.5406697563706566,0.5709945266282601,0.5285185185185185,1440,0.04246166775223816,0.19999999999999998,0.5175347222222222,0.3486111111111111,0.03935185185185187,2700,0.02518518518518518,0.9999999999999999,0.5125925925925926,0.5125925925925926,0.5059259259259259,1350,0.061481481481481484,0.19999999999999998,0.5280246913580247,1440,0.000791800177992425,-0.00011559762060642242,-0.0031137466430664062,0.0020887553691864014,0.0009731400596879044,-6.381445564329624e-05,-0.0023862426169216633,0.0019237548112869263,-0.006731943271329833,-0.0011331839486956596,-0.007466062903404236,0.0001416429877281189,0.00018133988169547917,1.025572419166565e-05,-0.0008667493239045143,0.001152973622083664,0.007705083331017738,0.001568872481584549,0.00026553869247436523,0.006375286728143692,0.0075237434493222585,0.00024634599685668945,0.0,0.0035483986139297485,0.3486111111111111,0.0,0.0,1.0,0.03935185185185187,-0.25,-0.25,0.6666666666666667,0.5180846118084611,0.5,0.3333333333333333,0.8333333333333334,0.5208333333333334,4,0.25806331634521484
Movies,M,E1_unimodal_pair,1,comp,34272,0.008538394670616591,0.029860222285379594,-0.003906774855955808,0.010739478662593706,-0.04135099741770421,0.5052282474333343,0.5058156340857194,0.5033891547049442,1440,0.013417718432150658,0.0,0.5051504629629631,0.3215277777777778,0.012268518518518524,2508,0.01639344262295082,0.9999999999999999,0.5081738437001595,0.5081738437001595,0.4820574162679426,1254,-0.007855914435366413,0.0,0.4964114832535885,1440,0.002195319796576061,-6.408430635929108e-06,-0.001248866319656372,0.0012644380331039429,0.00029492048483074614,1.2861564755439758e-05,-0.0002980642020702362,0.0005898959934711456,-0.011836345555234908,-0.0020715072751045227,-0.008964359760284424,-0.0003198087215423584,-0.001900399311745315,1.4005112461745739e-05,-0.0012623630464076996,0.0014846483245491982,0.012131266040065652,0.0023362115025520325,0.0003963187336921692,0.009332269430160522,0.014031665351810968,0.000463876873254776,0.0,0.0058709606528282166,0.3215277777777778,0.0,0.0,1.0,0.012268518518518524,-0.25,-0.25,0.5,0.505392840539284,0.5,0.3333333333333333,0.8333333333333334,0.5180555555555556,8,0.23223953694105148
Movies,S,E1_unimodal_pair,1,comp,34272,0.00848982116529955,0.02982292001330824,-0.0014001215085097662,0.0010744972061606324,-0.028894489430524566,0.5062250239475975,0.5104609447098272,0.5033891547049442,1440,-0.006313298502049186,0.0,0.4962384259259259,0.29791666666666666,-0.011342592592592585,2508,-0.01799280287884846,-0.9999999999999999,0.4910287081339713,0.4910287081339713,0.4916267942583732,1254,-0.018485756642810356,0.0,0.491892610313663,1440,0.001469644924832715,0.0,-0.0011306703090667725,0.0011960295960307121,0.00029492048483074614,1.2861564755439758e-05,-0.0002980642020702362,0.0005898959934711456,-0.011836345555234908,-0.0020715072751045227,-0.008964359760284424,-0.0003198087215423584,-0.0011747244400019691,4.26173210144043e-06,-0.0012440085411071777,0.0013296622782945633,0.012131266040065652,0.0023362115025520325,0.0003963187336921692,0.009332269430160522,0.013305990480067623,0.0005619386211037636,0.0,0.00575605034828186,0.29791666666666666,0.0,0.0,1.0,-0.011342592592592585,-0.25,-0.25,0.5,0.49679218967921895,0.5,0.3333333333333333,0.8333333333333334,0.5104166666666666,6,0.21038924157619476
Movies,M,E1_unimodal_pair,2,delete,36672,0.012648308859503164,0.03292937604327292,-0.026237520998515507,0.056291157253847694,-0.016838246245797592,0.5247017595238502,0.5481965616059771,0.5285185185185185,1440,0.03836776235031259,0.19999999999999998,0.5157986111111111,0.3645833333333333,0.05532407407407409,2700,0.054074074074074066,0.9999999999999999,0.5270370370370371,0.5270370370370371,0.4925925925925926,1350,0.03866666666666667,0.0,0.5162962962962963,1440,0.0016929455120892575,-0.0001104697585105896,-0.003060385584831238,0.002328770235180855,0.0009731400596879044,-6.381445564329624e-05,-0.0023862426169216633,0.0019237548112869263,-0.006731943271329833,-0.0011331839486956596,-0.007466062903404236,0.0001416429877281189,-0.0007198054524013532,9.419862180948257e-06,-0.0009003132581710815,0.0012691165320575237,0.007705083331017738,0.001568872481584549,0.00026553869247436523,0.006375286728143692,0.00842488878341909,0.00020738691091537476,0.0,0.0034783780574798584,0.3645833333333333,0.0,0.0,1.0,0.05532407407407409,-0.25,-0.25,0.6666666666666667,0.5160622966062296,0.5,0.3333333333333333,0.8333333333333334,0.5208333333333334,4,0.23489564657211304
Movies,S,E1_unimodal_pair,2,delete,36672,0.012202045007471934,0.03250051910265839,0.0003189005141255308,0.03740450435138083,0.03927164140944819,0.5388358753938052,0.5801026340137556,0.5285185185185185,1440,0.015312097948911692,0.0,0.5061921296296296,0.3277777777777778,0.01851851851851852,2700,0.008148148148148144,0.9999999999999999,0.5040740740740741,0.5040740740740741,0.4951851851851852,1350,0.064,0.19999999999999998,0.5297530864197532,1440,0.0014878877813720868,-7.458776235580444e-05,-0.0028275400400161743,0.002376444637775421,0.0009731400596879044,-6.381445564329624e-05,-0.0023862426169216633,0.0019237548112869263,-0.006731943271329833,-0.0011331839486956596,-0.007466062903404236,0.0001416429877281189,-0.0005147477216841825,6.420537829399109e-06,-0.0008971057832241058,0.000986337661743164,0.007705083331017738,0.001568872481584549,0.00026553869247436523,0.006375286728143692,0.00821983105270192,0.00030378252267837524,0.0,0.004061408340930939,0.3277777777777778,0.0,0.0,1.0,0.01851851851851852,-0.25,-0.25,0.5,0.5067875406787541,0.5,0.3333333333333333,0.8333333333333334,0.5173611111111112,2,0.26020535826683044
Movies,M,E1_unimodal_pair,2,comp,34272,0.008537600735597955,0.02982538272175573,-0.0015655149952800151,0.007258643885592543,-0.018581302243268837,0.5040841683526041,0.5027003863787729,0.5033891547049442,1440,-0.007695082921183877,0.0,0.4950810185185185,0.29375,-0.01550925925925925,2508,0.002798880447820873,0.9999999999999999,0.5013955342902712,0.5013955342902712,0.5179425837320574,1254,-0.025796398164314605,-0.09999999999999999,0.48697501329080284,1440,0.0008400338255645086,0.0,-0.0012669097632169724,0.0012440085411071777,0.00029492048483074614,1.2861564755439758e-05,-0.0002980642020702362,0.0005898959934711456,-0.011836345555234908,-0.0020715072751045227,-0.008964359760284424,-0.0003198087215423584,-0.0005451133407337625,-3.296881914138794e-07,-0.0012440085411071777,0.0014255568385124207,0.012131266040065652,0.0023362115025520325,0.0003963187336921692,0.009332269430160522,0.012676379380799416,0.0005781576037406921,0.0,0.005560029298067093,0.29375,0.0,0.0,1.0,-0.01550925925925925,-0.25,-0.25,0.5,0.4953277545327755,0.5,0.16666666666666666,0.6666666666666666,0.4951388888888889,4,0.23489564657211304
Movies,S,E1_unimodal_pair,2,comp,34272,0.00851364659698691,0.029825341617481082,-0.00156275435371378,0.0012841328771534307,-0.037978256166487326,0.4983188587827068,0.5013081612586234,0.5033891547049442,1440,0.006054010663251515,0.0,0.4999421296296296,0.3090277777777778,-0.0002314814814814745,2508,0.003598560575769691,0.9999999999999999,0.5017942583732058,0.5017942583732058,0.5087719298245614,1254,-0.01756974125361537,0.0,0.49215842636895263,1440,0.0017070519175225248,0.0,-0.0013181865215301514,0.001210191287100315,0.00029492048483074614,1.2861564755439758e-05,-0.0002980642020702362,0.0005898959934711456,-0.011836345555234908,-0.0020715072751045227,-0.008964359760284424,-0.0003198087215423584,-0.0014121314326917785,4.861969500780106e-06,-0.001213299110531807,0.0014005303382873535,0.012131266040065652,0.0023362115025520325,0.0003963187336921692,0.009332269430160522,0.013543397472757433,0.000537186861038208,0.0,0.005308341234922409,0.3090277777777778,0.0,0.0,1.0,-0.0002314814814814745,-0.25,-0.25,0.5,0.5003486750348675,0.5,0.3333333333333333,0.6666666666666666,0.5090277777777777,3,0.2101619690656662
Movies,M,E2_multimodal_pair,0,delete,36672,0.012823458541550078,0.03326635652897585,-0.047348852754967696,0.013262666303670843,-0.08172022267810862,0.49951612130767253,0.5215774541952716,0.5285185185185185,1440,0.002491243851375743,0.0,0.502025462962963,0.30972222222222223,0.00046296296296297117,2700,0.06666666666666665,0.9999999999999999,0.5333333333333333,0.5333333333333333,0.49777777777777776,1350,0.00237037037037037,0.0,0.5008641975308642,1440,0.0017958584804243097,-0.00010606646537780762,-0.0031468570232391357,0.002241048961877823,0.0009731400596879044,-6.381445564329624e-05,-0.0023862426169216633,0.0019237548112869263,-0.006731943271329833,-0.0011331839486956596,-0.007466062903404236,0.0001416429877281189,-0.0008227184207364055,1.918058842420578e-06,-0.0009525157511234283,0.0008725663647055626,0.007705083331017738,0.001568872481584549,0.00026553869247436523,0.006375286728143692,0.008527801751754143,0.0003604963421821594,0.0,0.004075400531291962,0.30972222222222223,0.0,0.0,1.0,0.00046296296296297117,-0.25,-0.25,0.5,0.5016503951650395,0.5,0.3333333333333333,0.8333333333333334,0.5069444444444444,11,0.23422672599554062
Movies,S,E2_multimodal_pair,0,delete,36672,0.012546250994939194,0.03289011552855632,-0.023791887366347186,0.03093693286568824,-0.030211892188041878,0.5097275306057402,0.5334927795356288,0.5285185185185185,1440,0.023504607276675676,0.0,0.5093171296296296,0.325,0.015740740740740753,2700,0.04296296296296295,0.9999999999999999,0.5214814814814814,0.5214814814814814,0.4759259259259259,1350,0.002666666666666663,0.0,0.502962962962963,1440,0.0009226310642487887,-0.00011026673018932343,-0.0030384138226509094,0.002221733331680298,0.0009731400596879044,-6.381445564329624e-05,-0.0023862426169216633,0.0019237548112869263,-0.006731943271329833,-0.0011331839486956596,-0.007466062903404236,0.0001416429877281189,5.050899543911572e-05,2.6761554181575775e-06,-0.0009418334811925888,0.0009796060621738434,0.007705083331017738,0.001568872481584549,0.00026553869247436523,0.006375286728143692,0.007654574335578622,0.00029925256967544556,0.0,0.0036430954933166504,0.325,0.0,0.0,1.0,0.015740740740740753,-0.25,-0.25,0.5,0.5093909809390981,0.5,0.3333333333333333,0.8333333333333334,0.5118055555555555,6,0.2561495006084442
Movies,M,E2_multimodal_pair,0,comp,34272,0.008769858417520262,0.029923402452134568,-0.008159529459220938,-0.014680380165879208,-0.09252436005348945,0.4881282716790346,0.4899499441671532,0.5033891547049442,1440,-0.016331955159220167,0.0,0.49160879629629634,0.2965277777777778,-0.012731481481481474,2508,0.0035985605757696943,0.9999999999999999,0.5017942583732058,0.5017942583732058,0.5079744816586922,1254,-0.04395233474164022,-0.19999999999999998,0.48312068048910156,1440,0.0020446065405849367,-1.1641532182693481e-07,-0.0011878833174705505,0.0013680756092071533,0.00029492048483074614,1.2861564755439758e-05,-0.0002980642020702362,0.0005898959934711456,-0.011836345555234908,-0.0020715072751045227,-0.008964359760284424,-0.0003198087215423584,-0.0017496860557541904,6.570480763912201e-07,-0.0013535525649785995,0.0012875692918896675,0.012131266040065652,0.0023362115025520325,0.0003963187336921692,0.009332269430160522,0.013880952095819844,0.0005932338535785675,0.0,0.005803048610687256,0.2965277777777778,0.0,0.0,1.0,-0.012731481481481474,-0.25,-0.25,0.5,0.49088795908879584,0.5,0.175,0.6666666666666666,0.5020833333333333,11,0.23422672599554062
Movies,S,E2_multimodal_pair,0,comp,34272,0.008489868949164809,0.029820426561858418,-0.0012326772608757253,0.012026929268265266,-0.036845120653800814,0.5070167056850206,0.5105955245318003,0.5033891547049442,1440,0.020728084271855497,0.0,0.5096643518518518,0.31319444444444444,0.0039351851851851935,2508,0.003598560575769692,0.9999999999999999,0.5017942583732058,0.5017942583732058,0.5003987240829346,1254,-0.015841236893195658,0.0,0.4944178628389155,1440,0.00209140938693761,-9.767711162567139e-06,-0.001419784501194954,0.0010474761947989464,0.00029492048483074614,1.2861564755439758e-05,-0.0002980642020702362,0.0005898959934711456,-0.011836345555234908,-0.0020715072751045227,-0.008964359760284424,-0.0003198087215423584,-0.0017964889021068638,2.3111701011657715e-05,-0.0010443059727549553,0.001658787950873375,0.012131266040065652,0.0023362115025520325,0.0003963187336921692,0.009332269430160522,0.013927754942172518,0.00047585368156433105,0.0,0.005312621593475342,0.31319444444444444,0.0,0.0,1.0,0.0039351851851851935,-0.25,-0.25,0.5,0.5096234309623431,0.5,0.3333333333333333,0.8333333333333334,0.53125,6,0.21020251512527466
Movies,M,E2_multimodal_pair,1,delete,36672,0.012455052951802456,0.03298232212762042,-0.02954028265624098,0.05740679553497159,-0.034817277040815935,0.5205508757984136,0.5443000997351152,0.5285185185185185,1440,0.007693246516791289,0.0,0.5041087962962962,0.34375,0.03449074074074075,2700,0.06296296296296296,0.9999999999999999,0.5314814814814814,0.5314814814814814,0.5011111111111111,1350,0.029333333333333333,0.0,0.5124691358024691,1440,0.0011600869461997516,-6.230361759662628e-05,-0.0033451691269874573,0.002360215410590172,0.0009731400596879044,-6.381445564329624e-05,-0.0023862426169216633,0.0019237548112869263,-0.006731943271329833,-0.0011331839486956596,-0.007466062903404236,0.0001416429877281189,-0.00018694688651184718,2.6300549507141113e-06,-0.0009525157511234283,0.0010706465691328049,0.007705083331017738,0.001568872481584549,0.00026553869247436523,0.006375286728143692,0.007892030217529584,0.00026653707027435303,0.0,0.00400581955909729,0.34375,0.0,0.0,1.0,0.03449074074074075,-0.25,-0.25,0.5,0.503998140399814,0.5,0.3333333333333333,0.6666666666666666,0.5069444444444444,10,0.2330491989850998
Movies,S,E2_multimodal_pair,1,delete,36672,0.0125840303272384,0.03275209904990942,-0.015217658869056017,0.025717626893287153,-0.01973757765233314,0.5144442468805238,0.5395463519189767,0.5285185185185185,1440,0.029166612910200982,0.0,0.5124421296296297,0.33055555555555555,0.021296296296296306,2700,-0.028888888888888874,-0.9999999999999999,0.4855555555555556,0.4855555555555556,0.51,1350,0.0008888888888888897,0.0,0.4985185185185185,1440,0.0015116308246635728,-0.00013687508180737495,-0.0030384138226509094,0.002005159854888916,0.0009731400596879044,-6.381445564329624e-05,-0.0023862426169216633,0.0019237548112869263,-0.006731943271329833,-0.0011331839486956596,-0.007466062903404236,0.0001416429877281189,-0.0005384907649756685,4.573492333292961e-06,-0.0008482486009597778,0.0010849982500076294,0.007705083331017738,0.001568872481584549,0.00026553869247436523,0.006375286728143692,0.008243574095993406,0.0002908259630203247,0.0,0.003589034080505371,0.33055555555555555,0.0,0.0,1.0,0.021296296296296306,-0.25,-0.25,0.5,0.5129474662947466,0.5,0.3333333333333333,0.8333333333333334,0.51875,7,0.2586613893508911
Movies,M,E2_multimodal_pair,1,comp,34272,0.008651679465636674,0.029900987639453622,-0.006649724992603412,0.01691870511232234,-0.09364566156896477,0.504514946878068,0.5051224668056632,0.5033891547049442,1440,-0.006319579958276412,0.0,0.4976273148148148,0.3215277777777778,0.012268518518518528,2508,-0.02199120351859256,-0.9999999999999999,0.48903508771929827,0.48903508771929827,0.4964114832535885,1254,0.001980679612426761,0.0,0.4982721956406167,1440,0.000574978730098034,0.0,-0.0014675464481115341,0.001351974904537201,0.00029492048483074614,1.2861564755439758e-05,-0.0002980642020702362,0.0005898959934711456,-0.011836345555234908,-0.0020715072751045227,-0.008964359760284424,-0.0003198087215423584,-0.00028005824526728773,6.270827725529671e-06,-0.0013221949338912964,0.0017420208702484767,0.012131266040065652,0.0023362115025520325,0.0003963187336921692,0.009332269430160522,0.012411324285332941,0.0005230829119682312,0.0,0.005573797971010208,0.3215277777777778,0.0,0.0,1.0,0.012268518518518528,-0.25,-0.25,0.5,0.49746629474662946,0.5,0.16666666666666666,0.8333333333333334,0.5097222222222222,10,0.2330491989850998
Movies,S,E2_multimodal_pair,1,comp,34272,0.00851066726152152,0.029829422632991775,-0.0018368617103259322,-0.0016668929044398929,-0.040991262449724036,0.5055943972558636,0.5083262629468666,0.5033891547049442,1440,-0.005431430578026257,0.0,0.4967013888888889,0.2986111111111111,-0.01064814814814814,2508,-0.00359856057576969,-0.9999999999999999,0.49820574162679426,0.49820574162679426,0.47527910685805425,1254,-0.01960218407502726,0.0,0.4926900584795322,1440,0.002079815623841973,-1.0533258318901062e-06,-0.0012056604027748108,0.001166418194770813,0.00029492048483074614,1.2861564755439758e-05,-0.0002980642020702362,0.0005898959934711456,-0.011836345555234908,-0.0020715072751045227,-0.008964359760284424,-0.0003198087215423584,-0.0017848951390112265,7.6089054346084595e-06,-0.00124845157066981,0.0013707317411899567,0.012131266040065652,0.0023362115025520325,0.0003963187336921692,0.009332269430160522,0.01391616117907688,0.000557437539100647,0.0,0.005585048347711563,0.2986111111111111,0.0,0.0,1.0,-0.01064814814814814,-0.25,-0.25,0.5,0.49702463970246397,0.5,0.3333333333333333,0.6666666666666666,0.5131944444444444,9,0.21038784086704254
Movies,M,E2_multimodal_pair,2,delete,36672,0.01264313578349107,0.03349302439755862,-0.06167017600685054,0.06202293965601946,-0.005275252594283242,0.5284410848791486,0.5449863884597105,0.5285185185185185,1440,-0.03410407199571929,-0.19999999999999998,0.48385416666666664,0.28958333333333336,-0.01967592592592592,2700,0.05185185185185184,0.9999999999999999,0.5259259259259259,0.5259259259259259,0.5007407407407407,1350,0.06903703703703704,0.19999999999999998,0.5295061728395061,1440,0.0014842036503574087,-5.8688223361968994e-05,-0.0029376447200775146,0.0023539364337921143,0.0009731400596879044,-6.381445564329624e-05,-0.0023862426169216633,0.0019237548112869263,-0.006731943271329833,-0.0011331839486956596,-0.007466062903404236,0.0001416429877281189,-0.0005110635906695043,-5.428912118077278e-06,-0.0009626373648643494,0.0009340550750494003,0.007705083331017738,0.001568872481584549,0.00026553869247436523,0.006375286728143692,0.008216146921687243,0.0004024803638458252,0.0,0.004228949546813965,0.28958333333333336,0.0,0.0,1.0,-0.01967592592592592,-0.25,-0.25,0.5,0.4838214783821478,0.5,0.16666666666666666,0.6666666666666666,0.475,13,0.23389817029237747
Movies,S,E2_multimodal_pair,2,delete,36672,0.012686291521623153,0.033219669206573293,-0.04441113392906515,0.06394666430962649,-0.04943084062460384,0.5338383415787217,0.5503103801619471,0.5285185185185185,1440,-0.018681437579722526,0.0,0.49068287037037034,0.3055555555555556,-0.003703703703703693,2700,0.0748148148148148,0.9999999999999999,0.5374074074074074,0.5374074074074074,0.5233333333333333,1350,0.05066666666666667,0.19999999999999998,0.5174074074074074,1440,0.0011884606760253923,-7.407460361719131e-05,-0.0028112605214118958,0.002178773283958435,0.0009731400596879044,-6.381445564329624e-05,-0.0023862426169216633,0.0019237548112869263,-0.006731943271329833,-0.0011331839486956596,-0.007466062903404236,0.0001416429877281189,-0.00021532061633748793,-8.810311555862427e-07,-0.0009179934859275818,0.0010436447337269783,0.007705083331017738,0.001568872481584549,0.00026553869247436523,0.006375286728143692,0.007920403947355225,0.00035580992698669434,0.0,0.003934711217880249,0.3055555555555556,0.0,0.0,1.0,-0.003703703703703693,-0.25,-0.25,0.5,0.49065550906555094,0.5,0.16666666666666666,0.6666666666666666,0.49027777777777776,11,0.2506699562072754
Movies,M,E2_multimodal_pair,2,comp,34272,0.008606194075148893,0.029796500672117227,0.0003733207287103246,0.013497579596303516,0.025842013014500998,0.5042906940232361,0.5062733699713406,0.5033891547049442,1440,0.008417475834282612,0.0,0.5019097222222222,0.30625,-0.0030092592592592497,2508,0.0011995201919232322,0.9999999999999999,0.5005980861244019,0.5005980861244019,0.5255183413078149,1254,0.017518249198501822,0.0,0.5087719298245614,1440,3.875492709792323e-05,-4.2263418436050415e-06,-0.0014134850353002548,0.0011612288653850555,0.00029492048483074614,1.2861564755439758e-05,-0.0002980642020702362,0.0005898959934711456,-0.011836345555234908,-0.0020715072751045227,-0.008964359760284424,-0.0003198087215423584,0.00025616555773282296,6.792368367314339e-06,-0.0012639686465263367,0.0016556214541196823,0.012131266040065652,0.0023362115025520325,0.0003963187336921692,0.009332269430160522,0.011875100482332831,0.0004686713218688965,0.0,0.005592267960309982,0.30625,0.0,0.0,1.0,-0.0030092592592592497,-0.25,-0.25,0.5,0.5022082752208274,0.5,0.23333333333333334,0.8333333333333334,0.5125,13,0.23389817029237747
Movies,S,E2_multimodal_pair,2,comp,34272,0.008533746068781727,0.02985976316104211,-0.00387590338520738,0.00653727611785395,-0.06073665198416972,0.5071264075424001,0.5079078489348949,0.5033891547049442,1440,-0.0025629338216522175,0.0,0.4967013888888889,0.30069444444444443,-0.008564814814814805,2508,-0.006797281087564968,-0.9999999999999999,0.49661084529505584,0.49661084529505584,0.5003987240829346,1254,-0.013289402762414158,0.0,0.49521531100478466,1440,0.0012825368780694489,-3.07522714138031e-06,-0.0014524385333061218,0.0012301802635192871,0.00029492048483074614,1.2861564755439758e-05,-0.0002980642020702362,0.0005898959934711456,-0.011836345555234908,-0.0020715072751045227,-0.008964359760284424,-0.0003198087215423584,-0.0009876163932387029,8.856412023305893e-06,-0.0011929180473089218,0.0015002097934484482,0.012131266040065652,0.0023362115025520325,0.0003963187336921692,0.009332269430160522,0.013118882433304356,0.0005814880132675171,0.0,0.0053909048438072205,0.30069444444444443,0.0,0.0,1.0,-0.008564814814814805,-0.25,-0.25,0.5,0.49704788470478845,0.5,0.16666666666666666,0.6666666666666666,0.5152777777777777,12,0.21018224954605103
Movies,M,E3_host_context,0,delete,36672,0.012609070336825593,0.03259247557051234,-0.005346066941868566,0.031030672770322648,0.0348776436271712,0.5175262899165516,0.5453014200819049,0.5285185185185185,1440,0.011530290410013385,0.0,0.5022569444444445,0.3173611111111111,0.008101851851851862,2700,0.020740740740740737,0.9999999999999999,0.5103703703703704,0.5103703703703704,0.5025925925925926,1350,-0.01051851851851852,0.0,0.4930864197530865,1440,0.0011692897332573515,-0.0001283455640077591,-0.0027428902685642242,0.0017841532826423645,0.0009731400596879044,-6.381445564329624e-05,-0.0023862426169216633,0.0019237548112869263,-0.006731943271329833,-0.0011331839486956596,-0.007466062903404236,0.0001416429877281189,-0.00019614967356944735,7.525086402893066e-07,-0.0008749403059482574,0.0009827613830566406,0.007705083331017738,0.001568872481584549,0.00026553869247436523,0.006375286728143692,0.007901233004587185,0.0003108680248260498,0.0,0.0038251280784606934,0.3173611111111111,0.0,0.0,1.0,0.008101851851851862,-0.25,-0.25,0.5,0.5016503951650394,0.5,0.3333333333333333,0.6666666666666666,0.5020833333333333,3,0.23589611053466797
Movies,S,E3_host_context,0,delete,36672,0.012286813741483018,0.03251552640142654,-0.0006045294552923242,0.038372023018902364,0.01792806523358244,0.5254754011816769,0.5605207843146733,0.5285185185185185,1440,0.0010606586704200365,0.0,0.49809027777777776,0.31180555555555556,0.002546296296296307,2700,0.07111111111111111,0.9999999999999999,0.5355555555555556,0.5355555555555556,0.4855555555555556,1350,0.05896296296296296,0.19999999999999998,0.5275308641975309,1440,0.0013995756653861868,-8.347257971763611e-05,-0.002835610881447792,0.0021305084228515625,0.0009731400596879044,-6.381445564329624e-05,-0.0023862426169216633,0.0019237548112869263,-0.006731943271329833,-0.0011331839486956596,-0.007466062903404236,0.0001416429877281189,-0.00042643560569828246,-1.0896474123001099e-06,-0.0010363180190324783,0.0008399290964007378,0.007705083331017738,0.001568872481584549,0.00026553869247436523,0.006375286728143692,0.00813151893671602,0.00038619711995124817,0.0,0.004539720714092255,0.31180555555555556,0.0,0.0,1.0,0.002546296296296307,-0.25,-0.25,0.5,0.49760576476057644,0.5,0.16666666666666666,0.8,0.49236111111111114,1,0.26059338450431824
Movies,M,E3_host_context,0,comp,34272,0.008542311554114468,0.029824088792154386,-0.0014786140379252632,0.0021723477751766627,-0.027521214613282725,0.49856695986740385,0.5045215369231228,0.5033891547049442,1440,0.018726703314776466,0.0,0.5080439814814816,0.3138888888888889,0.004629629629629639,2508,0.021191523390643743,0.9999999999999999,0.5105661881977671,0.5105661881977671,0.5095693779904307,1254,-0.024033384997904802,0.0,0.48883572567783096,1440,0.0013674701137157779,-3.5101547837257385e-06,-0.001367807388305664,0.0011000800877809525,0.00029492048483074614,1.2861564755439758e-05,-0.0002980642020702362,0.0005898959934711456,-0.011836345555234908,-0.0020715072751045227,-0.008964359760284424,-0.0003198087215423584,-0.0010725496288850314,1.5722354874014854e-05,-0.0011923201382160187,0.001658787950873375,0.012131266040065652,0.0023362115025520325,0.0003963187336921692,0.009332269430160522,0.013203815668950685,0.00045258551836013794,0.0,0.005517521873116493,0.3138888888888889,0.0,0.0,1.0,0.004629629629629639,-0.25,-0.25,0.5,0.5081589958158995,0.5,0.3333333333333333,0.8333333333333334,0.5194444444444445,3,0.23589611053466797
Movies,S,E3_host_context,0,comp,34272,0.008480608447061505,0.0298105510293604,-0.000569637207953555,0.019403924451962186,-0.009353900558156778,0.5103333585064649,0.5189002244904063,0.5033891547049442,1440,0.027466212053991024,0.19999999999999998,0.5096643518518519,0.32013888888888886,0.010879629629629637,2508,0.03558576569372251,0.9999999999999999,0.5177432216905901,0.5177432216905901,0.4932216905901116,1254,-0.02942373731746493,-0.19999999999999998,0.4879053694843168,1440,0.0023892445185790872,-5.712732672691345e-06,-0.0012379325926303864,0.0011000335216522217,0.00029492048483074614,1.2861564755439758e-05,-0.0002980642020702362,0.0005898959934711456,-0.011836345555234908,-0.0020715072751045227,-0.008964359760284424,-0.0003198087215423584,-0.002094324033748341,1.5720725059509277e-05,-0.001170167699456215,0.0014976952224969864,0.012131266040065652,0.0023362115025520325,0.0003963187336921692,0.009332269430160522,0.014225590073813995,0.00045974552631378174,0.0,0.005693495273590088,0.32013888888888886,0.0,0.0,1.0,0.010879629629629637,-0.25,-0.25,0.5,0.5097629009762901,0.5,0.3333333333333333,0.8333333333333334,0.5229166666666667,4,0.21028760075569153
Movies,M,E3_host_context,1,delete,36672,0.012269058488045293,0.03253118515821188,-0.0015684994372637817,0.012286677166657644,0.02004849588601199,0.5079959027200148,0.5504379183618737,0.5285185185185185,1440,0.006696397073848653,0.0,0.5032986111111111,0.30416666666666664,-0.005092592592592585,2700,0.015555555555555555,0.9999999999999999,0.5077777777777778,0.5077777777777778,0.49444444444444446,1350,0.00429629629629629,0.0,0.5025925925925926,1440,0.0009261294022305972,-6.861798465251923e-05,-0.0026718005537986755,0.0020236968994140625,0.0009731400596879044,-6.381445564329624e-05,-0.0023862426169216633,0.0019237548112869263,-0.006731943271329833,-0.0011331839486956596,-0.007466062903404236,0.0001416429877281189,4.701065745730695e-05,1.3634562492370605e-06,-0.0009626373648643494,0.0009319782257080078,0.007705083331017738,0.001568872481584549,0.00026553869247436523,0.006375286728143692,0.007658072673560431,0.0003898739814758301,0.0,0.004126101732254028,0.30416666666666664,0.0,0.0,1.0,-0.005092592592592585,-0.25,-0.25,0.5,0.503207810320781,0.5,0.3333333333333333,0.6666666666666666,0.5027777777777778,1,0.23569592088460922
Movies,S,E3_host_context,1,delete,36672,0.012190522447393354,0.03250175769313902,0.00024270363349654378,0.011791299919589908,0.026317597793796194,0.5183561501312087,0.5417551375275558,0.5285185185185185,1440,-0.031179448083061605,0.0,0.48512731481481486,0.29930555555555555,-0.009953703703703694,2700,0.012592592592592594,0.9999999999999999,0.5062962962962962,0.5062962962962962,0.49,1350,-0.012296296296296296,0.0,0.49543209876543215,1440,0.0013577658062179883,-5.803629755973816e-05,-0.002737242728471756,0.0024077165871858597,0.0009731400596879044,-6.381445564329624e-05,-0.0023862426169216633,0.0019237548112869263,-0.006731943271329833,-0.0011331839486956596,-0.007466062903404236,0.0001416429877281189,-0.000384625746530084,-3.402121365070343e-06,-0.000999007374048233,0.0008775033056735992,0.007705083331017738,0.001568872481584549,0.00026553869247436523,0.006375286728143692,0.008089709077547821,0.0004543587565422058,0.0,0.004680894315242767,0.29930555555555555,0.0,0.0,1.0,-0.009953703703703694,-0.25,-0.25,0.5,0.48475127847512783,0.5,0.16666666666666666,0.6666666666666666,0.48194444444444445,1,0.26087260246276855
Movies,M,E3_host_context,1,comp,34272,0.0085769673771016,0.029825451978389896,-0.0015701664116691827,0.005337067947526681,-0.021588573175029192,0.5133480132437169,0.5129702208990465,0.5033891547049442,1440,-0.007708572212963357,0.0,0.49600694444444443,0.3020833333333333,-0.00717592592592592,2508,0.00039984006397441305,0.9999999999999999,0.5001993620414673,0.5001993620414673,0.49282296650717705,1254,-0.0270461624713412,0.0,0.4905635300372142,1440,0.00184416060995621,-3.777444362640381e-06,-0.0013425946235656738,0.001131698489189148,0.00029492048483074614,1.2861564755439758e-05,-0.0002980642020702362,0.0005898959934711456,-0.011836345555234908,-0.0020715072751045227,-0.008964359760284424,-0.0003198087215423584,-0.0015492401251254635,6.458256393671036e-06,-0.0011870786547660828,0.0013989508152008057,0.012131266040065652,0.0023362115025520325,0.0003963187336921692,0.009332269430160522,0.013680506165191118,0.0005239732563495636,0.0,0.0054066479206085205,0.3020833333333333,0.0,0.0,1.0,-0.00717592592592592,-0.25,-0.25,0.5,0.4959321245932125,0.5,0.23333333333333334,0.6666666666666666,0.5097222222222222,1,0.23569592088460922
Movies,S,E3_host_context,1,comp,34272,0.008490964695935787,0.029794415954588,0.0005131939562612597,0.021070792492826958,0.024745427761550094,0.5099536151929123,0.5117618711898101,0.5033891547049442,1440,0.0289984464672128,0.0,0.5123263888888889,0.30972222222222223,0.0004629629629629749,2508,-0.0051979208316673305,-0.9999999999999999,0.497408293460925,0.497408293460925,0.49760765550239233,1254,-0.021171198802273136,0.0,0.49122807017543857,1440,0.0010222519094693577,-8.678995072841644e-06,-0.0014164801687002182,0.0009188428521156311,0.00029492048483074614,1.2861564755439758e-05,-0.0002980642020702362,0.0005898959934711456,-0.011836345555234908,-0.0020715072751045227,-0.008964359760284424,-0.0003198087215423584,-0.0007273314246386115,1.688394695520401e-05,-0.0010386286303400993,0.0016545932739973068,0.012131266040065652,0.0023362115025520325,0.0003963187336921692,0.009332269430160522,0.012858597464704266,0.00045258551836013794,0.0,0.005081593990325928,0.30972222222222223,0.0,0.0,1.0,0.0004629629629629749,-0.25,-0.25,0.5,0.5123198512319851,0.5,0.3333333333333333,0.8,0.5277777777777778,4,0.21057531237602234
Movies,M,E3_host_context,2,delete,36672,0.012463154428297896,0.03263473193954171,-0.007954633056805882,0.04084106608790666,0.008920390888312441,0.5246061122851791,0.5442370164080186,0.5285185185185185,1440,0.0019165573717542144,0.0,0.5001736111111111,0.3229166666666667,0.013657407407407413,2700,0.01333333333333333,0.9999999999999999,0.5066666666666667,0.5066666666666667,0.5062962962962962,1350,0.05244444444444445,0.19999999999999998,0.5230864197530863,1440,0.0010873283654089189,-6.57225027680397e-05,-0.00269993394613266,0.0020886994898319244,0.0009731400596879044,-6.381445564329624e-05,-0.0023862426169216633,0.0019237548112869263,-0.006731943271329833,-0.0011331839486956596,-0.007466062903404236,0.0001416429877281189,-0.00011418830572101461,0.0,-0.000886836089193821,0.0010879002511501312,0.007705083331017738,0.001568872481584549,0.00026553869247436523,0.006375286728143692,0.007819271636738753,0.00033023953437805176,0.0,0.003896966576576233,0.3229166666666667,0.0,0.0,1.0,0.013657407407407413,-0.25,-0.25,0.5,0.500046490004649,0.5,0.16666666666666666,0.8333333333333334,0.4979166666666667,3,0.23649419844150543
Movies,S,E3_host_context,2,delete,36672,0.012109557785701731,0.03250038811108785,0.0003269588182374106,0.007326953509030626,0.024311228134324566,0.5023090206768687,0.5474167240573204,0.5285185185185185,1440,0.0176112988799316,0.0,0.5082754629629629,0.3298611111111111,0.02060185185185186,2700,0.03555555555555554,0.9999999999999999,0.5177777777777778,0.5177777777777778,0.51,1350,-0.01244444444444444,0.0,0.4918518518518519,1440,0.00046236947916137677,-5.4990872740745544e-05,-0.002913283184170723,0.0024077165871858597,0.0009731400596879044,-6.381445564329624e-05,-0.0023862426169216633,0.0019237548112869263,-0.006731943271329833,-0.0011331839486956596,-0.007466062903404236,0.0001416429877281189,0.0005107705805265276,4.954636096954346e-07,-0.0008883625268936157,0.001116238534450531,0.007705083331017738,0.001568872481584549,0.00026553869247436523,0.006375286728143692,0.00719431275049121,0.0002995617687702179,0.0,0.0038654208183288574,0.3298611111111111,0.0,0.0,1.0,0.02060185185185186,-0.25,-0.25,0.5,0.5086703858670385,0.5,0.3333333333333333,0.8333333333333334,0.5020833333333333,1,0.2603979706764221
Movies,M,E3_host_context,2,comp,34272,0.008533921125325089,0.029818395291660756,-0.0010962804976035745,0.003659420869244714,-0.021713909595416237,0.4990459913112949,0.502590916507,0.5033891547049442,1440,-0.010278950987988587,0.0,0.49554398148148143,0.2916666666666667,-0.017592592592592587,2508,0.011595361855257898,0.9999999999999999,0.5057814992025519,0.5057814992025519,0.5027910685805422,1254,-0.014539438223312337,0.0,0.4926900584795321,1440,0.0017293253370250265,2.5238841772079468e-06,-0.0011076778173446655,0.0011411681771278381,0.00029492048483074614,1.2861564755439758e-05,-0.0002980642020702362,0.0005898959934711456,-0.011836345555234908,-0.0020715072751045227,-0.008964359760284424,-0.0003198087215423584,-0.0014344048521942804,0.0,-0.0011963024735450745,0.0012993775308132172,0.012131266040065652,0.0023362115025520325,0.0003963187336921692,0.009332269430160522,0.013565670892259934,0.0005685389041900635,0.0,0.005792621523141861,0.2916666666666667,0.0,0.0,1.0,-0.017592592592592587,-0.25,-0.25,0.5,0.4960251046025104,0.5,0.16666666666666666,0.8333333333333334,0.49930555555555556,3,0.23649419844150543
Movies,S,E3_host_context,2,comp,34272,0.008540245604644966,0.029813532657925596,-0.0007697996406355045,0.016143383913917134,-0.0062602970708578905,0.5078540965296852,0.506397079491878,0.5033891547049442,1440,0.02687106556485853,0.19999999999999998,0.5083912037037036,0.3215277777777778,0.012268518518518528,2508,-0.001999200319872052,-0.9999999999999999,0.4990031897926635,0.4990031897926635,0.5015948963317385,1254,-0.00962114119941575,0.0,0.4962785752259436,1440,0.0018893171929650837,-5.1818788051605225e-06,-0.0013580620288848877,0.0011647045612335205,0.00029492048483074614,1.2861564755439758e-05,-0.0002980642020702362,0.0005898959934711456,-0.011836345555234908,-0.0020715072751045227,-0.008964359760284424,-0.0003198087215423584,-0.0015943967081343373,1.3434793800115585e-05,-0.0011945702135562897,0.0015653036534786224,0.012131266040065652,0.0023362115025520325,0.0003963187336921692,0.009332269430160522,0.013725662748199991,0.00046151503920555115,0.0,0.005517521873116493,0.3215277777777778,0.0,0.0,1.0,0.012268518518518528,-0.25,-0.25,0.5,0.5089725708972571,0.5,0.3333333333333333,0.8333333333333334,0.5215277777777778,5,0.2103380560874939
Grocery,M,E0_heuristic,0,delete,34480,0.007985405526176523,0.028412031328719077,-0.0022227919601218726,0.037933915804842074,-0.001079756499917272,0.45844834075653973,0.37973919806490997,0.41246498599439774,1496,0.06730891034672498,0.19999999999999998,0.5301916221033869,0.3201871657754011,0.013146167557932274,2856,-0.01541695865451997,-0.9999999999999999,0.49229691876750703,0.49229691876750703,0.4786414565826331,1428,0.09142259044081967,0.19999999999999998,0.5376400560224089,1496,-0.00015649063421480536,1.4376826584339142e-05,-0.00033161044120788574,0.0004658321850001812,0.0002954537945947332,1.779638114385307e-05,-0.0002426905557513237,0.0004969761939719319,-0.00544949836956921,-0.0001108470605686307,-0.0021375566720962524,2.874201163649559e-05,0.0004519444288095384,1.3830867828801274e-06,-0.00016790430527180433,0.0002812386373989284,0.005744952164163943,0.0003575834756096204,5.129969213157892e-05,0.0024941163137555122,0.005293007735354405,6.73381146043539e-05,0.0,0.0012040536385029554,0.3201871657754011,0.0,0.0,1.0,0.013146167557932274,-0.25,-0.25,0.5,0.5302663980299978,0.5,0.3333333333333333,0.8333333333333334,0.5300802139037433,3,0.18550312519073486
Grocery,S,E0_heuristic,0,delete,34480,0.007991931512706872,0.028451074994075815,-0.004979183242410423,0.0766391118321212,-0.01374510077446495,0.5289292572813864,0.44382306773140845,0.41246498599439774,1496,0.050243407582725066,0.19999999999999998,0.5216131907308378,0.31885026737967914,0.011809269162210352,2856,0.09670637701471617,0.9999999999999999,0.5483193277310925,0.5483193277310925,0.48214285714285715,1428,0.09130526238201973,0.19999999999999998,0.5386904761904762,1496,-0.00032518296273746454,9.198207408189774e-06,-0.0003920178860425949,0.0004088364075869322,0.0002954537945947332,1.779638114385307e-05,-0.0002426905557513237,0.0004969761939719319,-0.00544949836956921,-0.0001108470605686307,-0.0021375566720962524,2.874201163649559e-05,0.0006206367573321978,1.0206228277335567e-06,-0.0001534807961434126,0.0002905797058095535,0.005744952164163943,0.0003575834756096204,5.129969213157892e-05,0.0024941163137555122,0.005124315406831746,5.594594404101372e-05,0.0,0.001191403716802597,0.31885026737967914,0.0,0.0,1.0,0.011809269162210352,-0.25,-0.25,0.5,0.5219834340720841,0.5,0.3333333333333333,0.8,0.5240641711229946,13,0.2218869924545288
Grocery,M,E0_heuristic,0,comp,31480,0.006603130129956208,0.031026578313710026,0.000296778062598424,0.02124177131284626,0.01761050516770966,0.4979518528733581,0.4844280669221288,0.4810490045941807,1496,0.031115381410605856,0.19999999999999998,0.5116421568627451,0.32486631016042783,0.01782531194295901,2612,0.030326295585412655,0.9999999999999999,0.5151225114854517,0.5151225114854517,0.47320061255742724,1306,0.007470693688582257,0.0,0.502488514548239,1496,0.0005626025272954759,-5.8673322200775146e-08,-0.0003294008783996105,0.0002982278820127249,0.00022708767151445835,5.637120921164751e-07,-4.995334893465042e-05,0.00014523498248308897,-0.008625056943078002,-0.0004385431529954076,-0.0031390488147735596,-5.274731665849686e-05,-0.00033551485578101726,2.2258609533309937e-07,-0.0003066410426981747,0.00038119457894936204,0.00885214461459246,0.0005333886947482824,7.330538937821984e-05,0.0036553904647007585,0.009187659470373479,8.356955368071795e-05,0.0,0.001990935765206814,0.32486631016042783,0.0,0.0,1.0,0.01782531194295901,-0.25,-0.25,0.5,0.5114023297491039,0.5,0.3333333333333333,0.8333333333333334,0.5046791443850267,3,0.18550312519073486
Grocery,S,E0_heuristic,0,comp,31480,0.006566644641887413,0.03102246750351685,0.0005616682420434005,0.03166478015757498,0.027244912285858194,0.50479887469702,0.48256728092779144,0.4810490045941807,1496,0.07408978157633875,0.19999999999999998,0.53125,0.3315508021390374,0.024509803921568634,2612,0.029558541266794615,0.9999999999999999,0.514739663093415,0.514739663093415,0.5336906584992342,1306,0.014119830161769983,0.0,0.5054236855538541,1496,-0.000701319862661054,-1.128879375755787e-06,-0.0003692195750772953,0.0002760253846645355,0.00022708767151445835,5.637120921164751e-07,-4.995334893465042e-05,0.00014523498248308897,-0.008625056943078002,-0.0004385431529954076,-0.0031390488147735596,-5.274731665849686e-05,0.0009284075341755125,1.344073098152876e-06,-0.0002936201635748148,0.00039809109875932336,0.00885214461459246,0.0005333886947482824,7.330538937821984e-05,0.0036553904647007585,0.00792373708041695,7.612933404743671e-05,0.0,0.002024279907345772,0.3315508021390374,0.0,0.0,1.0,0.024509803921568634,-0.25,-0.25,0.5,0.5310483870967743,0.5,0.3333333333333333,0.8333333333333334,0.5133689839572193,2,0.14863000810146332
Grocery,M,E0_heuristic,1,delete,34480,0.008077416164068119,0.02843951291170581,-0.004162532829403043,0.022262266888027554,-0.01412130137042716,0.45019664245777274,0.37158520989377086,0.41246498599439774,1496,0.09098899379620075,0.19999999999999998,0.5413324420677362,0.36363636363636365,0.056595365418894844,2856,-0.007708479327259988,-0.9999999999999999,0.4961484593837535,0.4961484593837535,0.5,1428,0.04313162278764852,0.0,0.5194327731092437,1496,-0.000547580542989115,9.753683116286993e-06,-0.00046053528785705566,0.0004005022346973419,0.0002954537945947332,1.779638114385307e-05,-0.0002426905557513237,0.0004969761939719319,-0.00544949836956921,-0.0001108470605686307,-0.0021375566720962524,2.874201163649559e-05,0.000843034337583848,4.1325693018734455e-06,-0.00011509412433952093,0.0003832626389339566,0.005744952164163943,0.0003575834756096204,5.129969213157892e-05,0.0024941163137555122,0.004901917826580096,3.360048867762089e-05,0.0,0.0009816247038543224,0.36363636363636365,0.0,0.0,1.0,0.056595365418894844,-0.25,-0.25,0.6666666666666667,0.5416834564584732,0.5,0.3333333333333333,0.8333333333333334,0.5608288770053476,3,0.1856081187725067
Grocery,S,E0_heuristic,1,delete,34480,0.008110847678453713,0.028461785098436432,-0.005735953088520596,0.04926488462175814,-0.0077277301869299875,0.5070037750090556,0.4327903220226482,0.41246498599439774,1496,0.038018460729187485,0.19999999999999998,0.5170454545454546,0.30815508021390375,0.0011140819964349496,2856,0.05606166783461807,0.9999999999999999,0.5280112044817927,0.5280112044817927,0.5336134453781513,1428,0.0685404268730709,0.19999999999999998,0.5278361344537815,1496,-0.0002777163806744293,1.0423129424452782e-05,-0.0003601517528295517,0.0004265035968273878,0.0002954537945947332,1.779638114385307e-05,-0.0002426905557513237,0.0004969761939719319,-0.00544949836956921,-0.0001108470605686307,-0.0021375566720962524,2.874201163649559e-05,0.0005731701752691625,7.076887413859367e-07,-0.00015792681369930506,0.0002828461001627147,0.005744952164163943,0.0003575834756096204,5.129969213157892e-05,0.0024941163137555122,0.0051717819888947815,6.27285335212946e-05,0.0,0.0012250663712620735,0.30815508021390375,0.0,0.0,1.0,0.0011140819964349496,-0.25,-0.25,0.5,0.517215133199015,0.5,0.3333333333333333,0.8,0.5200534759358288,20,0.22224430739879608
Grocery,M,E0_heuristic,1,comp,31480,0.00654759127324782,0.03102702984042377,0.00026768068740634643,0.01570693571306014,0.017173640221701657,0.4987177705074153,0.483615796712581,0.4810490045941807,1496,0.04130729239988059,0.0,0.5199977718360071,0.32887700534759357,0.02183600713012479,2612,0.013435700575815735,0.9999999999999999,0.5066998468606432,0.5066998468606432,0.5727411944869831,1306,0.007863842168350153,0.0,0.5028713629402757,1496,-0.0008262419660484174,-5.91157004237175e-07,-0.00037023460026830435,0.00027946289628744125,0.00022708767151445835,5.637120921164751e-07,-4.995334893465042e-05,0.00014523498248308897,-0.008625056943078002,-0.0004385431529954076,-0.0031390488147735596,-5.274731665849686e-05,0.0010533296375628757,2.6312191039323807e-06,-0.0002734200097620487,0.00039684236980974674,0.00885214461459246,0.0005333886947482824,7.330538937821984e-05,0.0036553904647007585,0.007798814977029585,7.526809349656105e-05,0.0,0.0018682358786463737,0.32887700534759357,0.0,0.0,1.0,0.02183600713012479,-0.25,-0.25,0.5,0.5203629032258065,0.5,0.3333333333333333,0.8333333333333334,0.5207219251336899,3,0.1856081187725067
Grocery,S,E0_heuristic,1,comp,31480,0.0065758567057161935,0.03102442492084949,0.00043554161256575963,0.007683603879054435,0.02278423464812071,0.49124941304845937,0.47182944052121845,0.4810490045941807,1496,0.03608707269859878,0.152704627669473,0.5144273618538324,0.32754010695187163,0.020499108734402863,2612,0.030326295585412662,0.9999999999999999,0.5151225114854517,0.5151225114854517,0.5137825421133231,1306,-0.02159264931087289,0.0,0.4908754466564573,1496,-0.0012864306428093703,0.0,-0.0004463200457394123,0.00022763211745768785,0.00022708767151445835,5.637120921164751e-07,-4.995334893465042e-05,0.00014523498248308897,-0.008625056943078002,-0.0004385431529954076,-0.0031390488147735596,-5.274731665849686e-05,0.0015135183143238284,1.3294629752635956e-07,-0.00023147673346102238,0.00043104263022542,0.00885214461459246,0.0005333886947482824,7.330538937821984e-05,0.0036553904647007585,0.007338626300268632,7.421756163239479e-05,0.0,0.0015713423490524292,0.32754010695187163,0.0,0.0,1.0,0.020499108734402863,-0.25,-0.25,0.5,0.5146057347670251,0.5,0.3333333333333333,0.8333333333333334,0.5026737967914439,2,0.14864952862262726
Grocery,M,E0_heuristic,2,delete,34480,0.007957865649479893,0.028420793411283375,-0.00284104504007221,0.03312480991656093,-0.0065552830096992434,0.4531937072389921,0.3742593635970639,0.41246498599439774,1496,0.0558428382921637,0.19999999999999998,0.5257352941176471,0.3375668449197861,0.030525846702317297,2856,-0.01681850035038542,-0.9999999999999999,0.49159663865546216,0.49159663865546216,0.523109243697479,1428,0.02919983655189148,0.19999999999999998,0.5100957049486461,1496,0.0001136008794027266,1.2827105820178986e-05,-0.0003869354259222746,0.00046043749898672104,0.0002954537945947332,1.779638114385307e-05,-0.0002426905557513237,0.0004969761939719319,-0.00544949836956921,-0.0001108470605686307,-0.0021375566720962524,2.874201163649559e-05,0.0001818529151920065,1.348322257399559e-06,-0.0001517394557595253,0.00030054873786866665,0.005744952164163943,0.0003575834756096204,5.129969213157892e-05,0.0024941163137555122,0.005563099248971937,5.3282128646969795e-05,0.0,0.0011595971882343292,0.3375668449197861,0.0,0.0,1.0,0.030525846702317297,-0.25,-0.25,0.5,0.525923438549362,0.5,0.3333333333333333,0.8333333333333334,0.5247326203208557,3,0.18547546118497849
Grocery,S,E0_heuristic,2,delete,34480,0.00792003908864805,0.02842255133532099,-0.0029651072275531654,0.032231326970437894,-0.01485968299497405,0.4584148882674216,0.38182472212022833,0.41246498599439774,1496,0.04473239903347394,0.19999999999999998,0.5190508021390374,0.3429144385026738,0.035873440285205005,2856,-0.01611772950245269,-0.9999999999999999,0.49194677871148457,0.49194677871148457,0.5542717086834734,1428,0.06075789752112631,0.19999999999999998,0.5255018674136321,1496,-0.00010791953937443133,1.0133720934391022e-05,-0.0003513211850076914,0.00046323053538799286,0.0002954537945947332,1.779638114385307e-05,-0.0002426905557513237,0.0004969761939719319,-0.00544949836956921,-0.0001108470605686307,-0.0021375566720962524,2.874201163649559e-05,0.0004033733339691645,1.4545657904818654e-06,-0.00020317816718791915,0.0002863719128072262,0.005744952164163943,0.0003575834756096204,5.129969213157892e-05,0.0024941163137555122,0.005341578830194779,5.930289626121521e-05,0.0,0.0013490060809999704,0.3429144385026738,0.0,0.0,1.0,0.035873440285205005,-0.25,-0.25,0.6666666666666667,0.5190732034922767,0.5,0.3333333333333333,0.8333333333333334,0.5267379679144385,2,0.2224833220243454
Grocery,M,E0_heuristic,2,comp,31480,0.0065547044564642516,0.03102715801269693,0.0002594209068704778,0.006567001607426318,0.017567479358376936,0.48968880816434734,0.47677688024621134,0.4810490045941807,1496,0.052130477356134956,0.19999999999999998,0.5218917112299465,0.3409090909090909,0.03386809269162211,2612,0.029558541266794622,0.9999999999999999,0.514739663093415,0.514739663093415,0.5256508422664625,1306,0.01285542227360039,0.0,0.5065722307299642,1496,0.0002648032105087059,-4.7462526708841324e-07,-0.0004245331510901451,0.00027886684983968735,0.00022708767151445835,5.637120921164751e-07,-4.995334893465042e-05,0.00014523498248308897,-0.008625056943078002,-0.0004385431529954076,-0.0031390488147735596,-5.274731665849686e-05,-3.7715538994247476e-05,1.4100223779678345e-06,-0.00029606977477669716,0.0004175066715106368,0.00885214461459246,0.0005333886947482824,7.330538937821984e-05,0.0036553904647007585,0.008889860153586709,6.940989987924695e-05,0.0,0.0016961302608251572,0.3409090909090909,0.0,0.0,1.0,0.03386809269162211,-0.25,-0.25,0.6666666666666667,0.5219534050179211,0.5,0.3333333333333333,0.8333333333333334,0.5167112299465241,3,0.18547546118497849
Grocery,S,E0_heuristic,2,comp,31480,0.006564896882732828,0.031026294068331635,0.00031509524318307225,-0.00425645223351118,0.018194928209243764,0.49326835020783844,0.4858428147196029,0.4810490045941807,1496,0.028525475434550095,0.19999999999999998,0.5106394830659536,0.3375668449197861,0.030525846702317304,2612,0.024184261036468323,0.9999999999999999,0.5120597243491577,0.5120597243491577,0.5486217457886677,1306,-0.022962619823370677,0.0,0.48806789178152127,1496,-0.0007936328727805509,-5.326000973582268e-07,-0.00035255507100373507,0.0003335950896143913,0.00022708767151445835,5.637120921164751e-07,-4.995334893465042e-05,0.00014523498248308897,-0.008625056943078002,-0.0004385431529954076,-0.0031390488147735596,-5.274731665849686e-05,0.0010207205442950096,1.6614406680067382e-06,-0.0003472152748145163,0.0003545135259628296,0.00885214461459246,0.0005333886947482824,7.330538937821984e-05,0.0036553904647007585,0.007831424070297452,7.984531112015247e-05,0.0,0.0019161440432071686,0.3375668449197861,0.0,0.0,1.0,0.030525846702317304,-0.25,-0.25,0.6666666666666667,0.5106406810035842,0.5,0.3333333333333333,0.8083333333333333,0.5220588235294118,2,0.14856499433517456
Grocery,M,E1_unimodal_pair,0,delete,34480,0.008200292550044083,0.0284251959636337,-0.003151761359330374,0.09269026990882688,0.013185179605533871,0.5366012599889511,0.44453716047557423,0.41246498599439774,1496,0.050733358713049244,0.19999999999999998,0.5217245989304813,0.3315508021390374,0.02450980392156864,2856,0.07988787666433074,0.9999999999999999,0.5399159663865546,0.5399159663865546,0.5896358543417367,1428,0.07431865985762937,0.19999999999999998,0.5325046685340804,1496,0.000256133261357713,1.3893470168113708e-05,-0.000325447297655046,0.0005087296012789011,0.0002954537945947332,1.779638114385307e-05,-0.0002426905557513237,0.0004969761939719319,-0.00544949836956921,-0.0001108470605686307,-0.0021375566720962524,2.874201163649559e-05,3.9320533237020155e-05,1.0822259355336428e-06,-0.00023316062288358808,0.00025638187071308494,0.005744952164163943,0.0003575834756096204,5.129969213157892e-05,0.0024941163137555122,0.005705631630926924,5.721906200051308e-05,0.0,0.0012234179303050041,0.3315508021390374,0.0,0.0,1.0,0.02450980392156864,-0.25,-0.25,0.5,0.5218491157376315,0.5,0.3333333333333333,0.8333333333333334,0.5233957219251337,7,0.18520335108041763
Grocery,S,E1_unimodal_pair,0,delete,34480,0.008125931556745911,0.028416836275170793,-0.002561805668334749,0.0889468367348991,0.011181492445942,0.5309572749109114,0.4318921083403975,0.41246498599439774,1496,0.047242964769044174,0.19999999999999998,0.5215017825311944,0.3355614973262032,0.028520499108734415,2856,0.0623686054660126,0.9999999999999999,0.5311624649859944,0.5311624649859944,0.5567226890756303,1428,0.06002536958404542,0.19999999999999998,0.5263188608776844,1496,0.00020580934303816417,1.664739102125168e-05,-0.00034983549267053604,0.0005014599300920963,0.0002954537945947332,1.779638114385307e-05,-0.0002426905557513237,0.0004969761939719319,-0.00544949836956921,-0.0001108470605686307,-0.0021375566720962524,2.874201163649559e-05,8.964445155656895e-05,1.1945958249270916e-06,-0.00022926449310034513,0.00025906343944370747,0.005744952164163943,0.0003575834756096204,5.129969213157892e-05,0.0024941163137555122,0.005655307712607374,6.06682151556015e-05,0.0,0.0012147612869739532,0.3355614973262032,0.0,0.0,1.0,0.028520499108734415,-0.25,-0.25,0.5,0.5216252518468771,0.5,0.3333333333333333,0.8333333333333334,0.5294117647058824,7,0.22158630192279816
Grocery,M,E1_unimodal_pair,0,comp,31480,0.006658614218993988,0.031032925018740654,-0.00011225643309087374,0.017025802704540745,0.013285557099209231,0.5140193898404798,0.49557911186946213,0.4810490045941807,1496,0.09443117900679965,0.19999999999999998,0.5417223707664884,0.3582887700534759,0.05124777183600714,2612,0.012667946257197697,0.9999999999999999,0.5063169984686064,0.5063169984686064,0.5777182235834609,1306,0.01468077807874906,0.0,0.5078483920367535,1496,-0.0004921679376913384,-3.386056050658226e-06,-0.0003821884747594595,0.00026773102581501007,0.00022708767151445835,5.637120921164751e-07,-4.995334893465042e-05,0.00014523498248308897,-0.008625056943078002,-0.0004385431529954076,-0.0031390488147735596,-5.274731665849686e-05,0.0007192556092057966,3.996814484708011e-06,-0.00029330840334296227,0.00039930123602971435,0.00885214461459246,0.0005333886947482824,7.330538937821984e-05,0.0036553904647007585,0.008132889005386664,5.928776226937771e-05,0.0,0.001677580177783966,0.3582887700534759,0.0,0.0,1.0,0.05124777183600714,-0.25,-0.25,0.6666666666666667,0.5420474910394265,0.5,0.3333333333333333,0.8333333333333334,0.5334224598930482,7,0.18520335108041763
Grocery,S,E1_unimodal_pair,0,comp,31480,0.006589826124875912,0.031028913706527106,0.00014627564061808762,0.018151755438273996,0.012367837933091114,0.501683462887122,0.4884846160395375,0.4810490045941807,1496,0.08373294241303599,0.19999999999999998,0.5364861853832441,0.3663101604278075,0.05926916221033869,2612,0.03493282149712091,0.9999999999999999,0.5174196018376723,0.5174196018376723,0.5631699846860643,1306,-0.01247055749266703,0.0,0.4957248596222563,1496,0.001081178516145163,-5.292822606861591e-06,-0.0004272309597581625,0.00021321279928088188,0.00022708767151445835,5.637120921164751e-07,-4.995334893465042e-05,0.00014523498248308897,-0.008625056943078002,-0.0004385431529954076,-0.0031390488147735596,-5.274731665849686e-05,-0.0008540908446307045,6.211150321178138e-06,-0.0002342097577638924,0.00044568348675966263,0.00885214461459246,0.0005333886947482824,7.330538937821984e-05,0.0036553904647007585,0.009706235459223165,5.689496174454689e-05,0.0,0.0017083543352782726,0.3663101604278075,0.0,0.0,1.0,0.05926916221033869,-0.25,-0.25,0.6666666666666667,0.5365367383512545,0.5,0.3333333333333333,0.8333333333333334,0.5421122994652406,7,0.14863404631614685
Grocery,M,E1_unimodal_pair,1,delete,34480,0.00816096468386232,0.02841562655058553,-0.0024764479714087795,0.07099959108832703,0.013815127794004484,0.5214307142669238,0.42859572997928835,0.41246498599439774,1496,0.06741437604068533,0.19999999999999998,0.5321969696969697,0.3462566844919786,0.03921568627450982,2856,0.06657323055360895,0.9999999999999999,0.5332633053221288,0.5332633053221288,0.5777310924369747,1428,0.056775720990717954,0.19999999999999998,0.5231676003734826,1496,0.00025221744964221734,1.5476718544960022e-05,-0.00031339796259999275,0.00048042694106698036,0.0002954537945947332,1.779638114385307e-05,-0.0002426905557513237,0.0004969761939719319,-0.00544949836956921,-0.0001108470605686307,-0.0021375566720962524,2.874201163649559e-05,4.323634495251575e-05,1.9030752203737685e-06,-0.00017753709107637405,0.00027774745831266046,0.005744952164163943,0.0003575834756096204,5.129969213157892e-05,0.0024941163137555122,0.005701715819211427,4.7351932153105736e-05,0.0,0.0011490918695926666,0.3462566844919786,0.0,0.0,1.0,0.03921568627450982,-0.25,-0.25,0.6666666666666667,0.5324826505484664,0.5,0.3333333333333333,0.8333333333333334,0.5381016042780749,4,0.18528061360120773
Grocery,S,E1_unimodal_pair,1,delete,34480,0.008392702354583644,0.028533852627818806,-0.010835609968125048,0.07278251770170249,-0.022741270863436032,0.5412182093850104,0.4561715209945667,0.41246498599439774,1496,0.01944456658689436,0.0,0.5106951871657754,0.31885026737967914,0.011809269162210348,2856,0.086895585143658,0.9999999999999999,0.5434173669467787,0.5434173669467787,0.5437675070028011,1428,-0.0021614482390918317,0.0,0.4979575163398693,1496,0.00023669155208265688,1.6031786799430847e-05,-0.0003255680203437805,0.0004932256415486336,0.0002954537945947332,1.779638114385307e-05,-0.0002426905557513237,0.0004969761939719319,-0.00544949836956921,-0.0001108470605686307,-0.0021375566720962524,2.874201163649559e-05,5.876224251207629e-05,3.8681901060044765e-07,-0.00022926449310034513,0.00026895012706518173,0.005744952164163943,0.0003575834756096204,5.129969213157892e-05,0.0024941163137555122,0.005686189921651867,6.06682151556015e-05,0.0,0.0012074487749487162,0.31885026737967914,0.0,0.0,1.0,0.011809269162210348,-0.25,-0.25,0.5,0.5108797850906649,0.5,0.3333333333333333,0.8333333333333334,0.5106951871657754,8,0.22189076244831085
Grocery,M,E1_unimodal_pair,1,comp,31480,0.006576615313274746,0.03102859380561551,0.00016689205485043157,0.0033776241156311033,0.01746002131837966,0.4860446078767392,0.46463892198821966,0.4810490045941807,1496,-0.0007464807653258956,0.0,0.49961007130124785,0.303475935828877,-0.003565062388591786,2612,0.026487523992322456,0.9999999999999999,0.513208269525268,0.513208269525268,0.5401990811638591,1306,-0.006868545420678638,0.0,0.5000638080653395,1496,-0.00029946552353125454,1.0672956705093384e-06,-0.00035837688483297825,0.0002653328701853752,0.00022708767151445835,5.637120921164751e-07,-4.995334893465042e-05,0.00014523498248308897,-0.008625056943078002,-0.0004385431529954076,-0.0031390488147735596,-5.274731665849686e-05,0.000526553195045713,-6.847549229860306e-07,-0.0003003246383741498,0.0003626067191362381,0.00885214461459246,0.0005333886947482824,7.330538937821984e-05,0.0036553904647007585,0.008325591419546748,9.184004738926888e-05,0.0,0.0016637295484542847,0.303475935828877,0.0,0.0,1.0,-0.003565062388591786,-0.25,-0.25,0.5,0.49937275985663077,0.5,0.16666666666666666,0.6666666666666666,0.4832887700534759,4,0.18528061360120773
Grocery,S,E1_unimodal_pair,1,comp,31480,0.0066267276493709275,0.03102641599612918,0.000307238061277304,0.0014841730332383705,0.019346020330489346,0.49564353154081986,0.480016092454168,0.4810490045941807,1496,0.060863648281909474,0.19999999999999998,0.5265708556149733,0.33689839572192515,0.029857397504456342,2612,0.025719769673704408,0.9999999999999999,0.5128254211332313,0.5128254211332313,0.6232771822358346,1306,0.007590698250058855,0.0,0.5047856049004594,1496,-0.0003073729075012694,-5.774199962615967e-08,-0.00031536060851067305,0.0003159970510751009,0.00022708767151445835,5.637120921164751e-07,-4.995334893465042e-05,0.00014523498248308897,-0.008625056943078002,-0.0004385431529954076,-0.0031390488147735596,-5.274731665849686e-05,0.0005344605790157278,2.506159944459796e-06,-0.0003527450608089566,0.0003531177838643392,0.00885214461459246,0.0005333886947482824,7.330538937821984e-05,0.0036553904647007585,0.008317684035576733,7.64672877267003e-05,0.0,0.00214492529630661,0.33689839572192515,0.0,0.0,1.0,0.029857397504456342,-0.25,-0.25,0.5,0.526747311827957,0.5,0.3333333333333333,0.8333333333333334,0.5247326203208557,4,0.1486465334892273
Grocery,M,E1_unimodal_pair,2,delete,34480,0.00801138632959919,0.02839365003924445,-0.0009264264944397471,0.06745461294836734,0.021253989162732915,0.49963815662999245,0.40681707882016604,0.41246498599439774,1496,0.07476896077876087,0.19999999999999998,0.5325311942959002,0.3783422459893048,0.07130124777183602,2856,0.04484933426769446,0.9999999999999999,0.5224089635854342,0.5224089635854342,0.5696778711484594,1428,0.0254315320490314,0.0,0.510795985060691,1496,0.0003530049577814821,1.1688098311424255e-05,-0.00035565742291510105,0.0004764348268508911,0.0002954537945947332,1.779638114385307e-05,-0.0002426905557513237,0.0004969761939719319,-0.00544949836956921,-0.0001108470605686307,-0.0021375566720962524,2.874201163649559e-05,-5.7551163186748956e-05,3.3490359783172607e-06,-0.00020157144172117114,0.00029302516486495733,0.005744952164163943,0.0003575834756096204,5.129969213157892e-05,0.0024941163137555122,0.005802503327350692,3.356090746819973e-05,0.0,0.0011353036388754845,0.3783422459893048,0.0,0.0,1.0,0.07130124777183602,-0.25,-0.25,0.6666666666666667,0.5326169688829191,0.5,0.3333333333333333,0.8333333333333334,0.5427807486631016,4,0.18540339916944504
Grocery,S,E1_unimodal_pair,2,delete,34480,0.007855847064365408,0.028404754028136216,-0.0017094501037551169,0.06732603472177628,-0.003999385412219315,0.5033862266300532,0.410143817844232,0.41246498599439774,1496,0.07771129713207461,0.19999999999999998,0.5343137254901961,0.375,0.06795900178253121,2856,0.056762438682550785,0.9999999999999999,0.5283613445378151,0.5283613445378151,0.5647759103641457,1428,0.06657206657147573,0.19999999999999998,0.5271358543417367,1496,0.0003400982313516754,1.228763721883297e-05,-0.00035565742291510105,0.00048401718959212303,0.0002954537945947332,1.779638114385307e-05,-0.0002426905557513237,0.0004969761939719319,-0.00544949836956921,-0.0001108470605686307,-0.0021375566720962524,2.874201163649559e-05,-4.464443675694223e-05,2.5727786123752594e-06,-0.00017076701624318957,0.0003042366588488221,0.005744952164163943,0.0003575834756096204,5.129969213157892e-05,0.0024941163137555122,0.005789596600920886,3.2588839530944824e-05,0.0,0.0010529167484492064,0.375,0.0,0.0,1.0,0.06795900178253121,-0.25,-0.25,0.6666666666666667,0.5344974255652564,0.5,0.3333333333333333,0.8333333333333334,0.5387700534759359,4,0.22207088768482208
Grocery,M,E1_unimodal_pair,2,comp,31480,0.006547327944775999,0.03102843232117276,0.0001772990409451003,0.000994909399414231,0.013438190151849161,0.49699893273531676,0.49375582716165806,0.4810490045941807,1496,0.04271096944886557,0.19999999999999998,0.5189950980392157,0.3522727272727273,0.04523172905525848,2612,0.0310940499040307,0.9999999999999999,0.5155053598774885,0.5155053598774885,0.45826952526799386,1306,-0.01730687278058191,0.0,0.4926620724859623,1496,0.000937634801917291,-8.307397365570068e-07,-0.0003585892263799906,0.0003041215240955353,0.00022708767151445835,5.637120921164751e-07,-4.995334893465042e-05,0.00014523498248308897,-0.008625056943078002,-0.0004385431529954076,-0.0031390488147735596,-5.274731665849686e-05,-0.0007105471304028325,1.7869751900434494e-06,-0.00031231227330863476,0.00038098666118457913,0.00885214461459246,0.0005333886947482824,7.330538937821984e-05,0.0036553904647007585,0.009562691744995293,7.327692583203316e-05,0.0,0.0018249193672090769,0.3522727272727273,0.0,0.0,1.0,0.04523172905525848,-0.25,-0.25,0.6666666666666667,0.5190636200716846,0.5,0.3333333333333333,0.8333333333333334,0.5247326203208557,4,0.18540339916944504
Grocery,S,E1_unimodal_pair,2,comp,31480,0.0065730858713146075,0.03103166553203322,-3.1077973062121345e-05,-0.02234221270198479,0.006560911828289237,0.49241465588823763,0.4779528454798865,0.4810490045941807,1496,0.06024765677726682,0.19999999999999998,0.5269050802139037,0.35962566844919786,0.052584670231729067,2612,-0.021880998080614198,-0.9999999999999999,0.48908882082695254,0.48908882082695254,0.5650842266462481,1306,-0.012952701199094054,0.0,0.49304492087799895,1496,0.0018667527547222562,-1.4266697689890862e-06,-0.0003739232197403908,0.00031438469886779785,0.00022708767151445835,5.637120921164751e-07,-4.995334893465042e-05,0.00014523498248308897,-0.008625056943078002,-0.0004385431529954076,-0.0031390488147735596,-5.274731665849686e-05,-0.0016396650832077976,3.6098062992095947e-06,-0.0003197360783815384,0.00040636613266542554,0.00885214461459246,0.0005333886947482824,7.330538937821984e-05,0.0036553904647007585,0.010491809697800258,6.256997585296631e-05,0.0,0.0018383690621703863,0.35962566844919786,0.0,0.0,1.0,0.052584670231729067,-0.25,-0.25,0.6666666666666667,0.5270161290322581,0.5,0.3333333333333333,0.8333333333333334,0.5334224598930482,5,0.14858964085578918
Grocery,M,E2_multimodal_pair,0,delete,34480,0.008202734987905849,0.02841250288776305,-0.0022560603412611346,0.07346841080047448,0.014786914817665742,0.5053793373144114,0.42097596935753245,0.41246498599439774,1496,0.06996092734573642,0.19999999999999998,0.5304144385026738,0.35762032085561496,0.05057932263814618,2856,-0.01962158374211632,-0.9999999999999999,0.49019607843137253,0.49019607843137253,0.5339635854341737,1428,0.06231929785767652,0.19999999999999998,0.5251517273576097,1496,-0.000417247354747095,1.170462928712368e-05,-0.00046690506860613823,0.00040761614218354225,0.0002954537945947332,1.779638114385307e-05,-0.0002426905557513237,0.0004969761939719319,-0.00544949836956921,-0.0001108470605686307,-0.0021375566720962524,2.874201163649559e-05,0.000712701149341828,1.90377371230473e-06,-0.00017319992184638977,0.00035102490801364183,0.005744952164163943,0.0003575834756096204,5.129969213157892e-05,0.0024941163137555122,0.0050322510148221155,3.5215867683291435e-05,0.0,0.0010718051344156265,0.35762032085561496,0.0,0.0,1.0,0.05057932263814618,-0.25,-0.25,0.6666666666666667,0.5306245802552049,0.5,0.3333333333333333,0.8333333333333334,0.5367647058823529,6,0.18563099205493927
Grocery,S,E2_multimodal_pair,0,delete,34480,0.008119609542250949,0.028427235220433274,-0.0032957010832890266,0.056523840944211465,-0.003417397098253401,0.5017293482418029,0.41256939174090357,0.41246498599439774,1496,0.06802420992868928,0.19999999999999998,0.5303030303030303,0.3663101604278075,0.05926916221033869,2856,-0.011913104414856343,-0.9999999999999999,0.49404761904761907,0.49404761904761907,0.49159663865546216,1428,0.08443494129611083,0.19999999999999998,0.5370564892623716,1496,0.00012046557121672344,7.426831871271133e-06,-0.00046690506860613823,0.00041653774678707123,0.0002954537945947332,1.779638114385307e-05,-0.0002426905557513237,0.0004969761939719319,-0.00544949836956921,-0.0001108470605686307,-0.0021375566720962524,2.874201163649559e-05,0.00017498822337800966,2.2583020230133605e-06,-0.00016969768330454826,0.00034723267890512943,0.005744952164163943,0.0003575834756096204,5.129969213157892e-05,0.0024941163137555122,0.005569963940785934,3.574136644601822e-05,0.0,0.0011309082619845867,0.3663101604278075,0.0,0.0,1.0,0.05926916221033869,-0.25,-0.25,0.6666666666666667,0.5305126483098277,0.5,0.3333333333333333,0.8333333333333334,0.5387700534759359,5,0.2227531224489212
Grocery,M,E2_multimodal_pair,0,comp,31480,0.006643084186983846,0.03103329530235493,-0.00013612317398781215,0.03160572262383531,0.00785712350413378,0.506213429744818,0.48795269863827184,0.4810490045941807,1496,0.04260225465065594,0.19999999999999998,0.5192179144385026,0.35962566844919786,0.052584670231729067,2612,0.014203454894433776,0.9999999999999999,0.5070826952526799,0.5070826952526799,0.5478560490045942,1306,0.006746285219908434,0.0,0.5033818274629914,1496,-0.0004637521625630916,-5.9476587921381e-07,-0.0004225168377161026,0.0002444415586069226,0.00022708767151445835,5.637120921164751e-07,-4.995334893465042e-05,0.00014523498248308897,-0.008625056943078002,-0.0004385431529954076,-0.0031390488147735596,-5.274731665849686e-05,0.0006908398340775499,3.6401906982064247e-06,-0.00021087215282022953,0.0004702636506408453,0.00885214461459246,0.0005333886947482824,7.330538937821984e-05,0.0036553904647007585,0.00816130478051491,5.885958671569824e-05,0.0,0.001530572772026062,0.35962566844919786,0.0,0.0,1.0,0.052584670231729067,-0.25,-0.25,0.6666666666666667,0.5194220430107527,0.5,0.3333333333333333,0.8333333333333334,0.5334224598930482,6,0.18563099205493927
Grocery,S,E2_multimodal_pair,0,comp,31480,0.006517556222063164,0.031034635436693415,-0.00022250431325909759,0.00876575963083048,-0.001447004689120452,0.5042157028380492,0.4889536811524742,0.4810490045941807,1496,0.00914022344621872,0.0,0.5022838680926917,0.33489304812834225,0.027852049910873453,2612,0.027255278310940493,0.9999999999999999,0.5135911179173047,0.5135911179173047,0.5972434915773354,1306,-0.027128261613412114,0.0,0.48870597243491576,1496,-0.00018585596756852746,0.0,-0.0003821884747594595,0.0002905729925259948,0.00022708767151445835,5.637120921164751e-07,-4.995334893465042e-05,0.00014523498248308897,-0.008625056943078002,-0.0004385431529954076,-0.0031390488147735596,-5.274731665849686e-05,0.00041294363908298595,9.907525964081287e-07,-0.00029601657297462225,0.00040455781466638047,0.00885214461459246,0.0005333886947482824,7.330538937821984e-05,0.0036553904647007585,0.008439200975509474,8.126988541334867e-05,0.0,0.0016890238039195538,0.33489304812834225,0.0,0.0,1.0,0.027852049910873453,-0.25,-0.25,0.5,0.502755376344086,0.5,0.3333333333333333,0.6666666666666666,0.5147058823529411,2,0.1485636979341507
Grocery,M,E2_multimodal_pair,1,delete,34480,0.008100303858960049,0.028397864532989703,-0.0012235852766540045,0.041367360515184415,0.01814198023893996,0.473154535575742,0.3876096133617323,0.41246498599439774,1496,0.03555717400508111,0.0,0.516934046345811,0.3255347593582888,0.018493761140819975,2856,-0.021023125437981776,-0.9999999999999999,0.4894957983193277,0.4894957983193277,0.5322128851540616,1428,0.017183378702641892,0.0,0.5055438842203549,1496,7.471997930667049e-05,1.3533048331737518e-05,-0.0003101583570241928,0.0004814285784959793,0.0002954537945947332,1.779638114385307e-05,-0.0002426905557513237,0.0004969761939719319,-0.00544949836956921,-0.0001108470605686307,-0.0021375566720962524,2.874201163649559e-05,0.00022073381528806262,1.0825315257534385e-06,-0.00017981226847041398,0.0002640050370246172,0.005744952164163943,0.0003575834756096204,5.129969213157892e-05,0.0024941163137555122,0.0055242183488758805,6.046844646334648e-05,0.0,0.0013201420661062002,0.3255347593582888,0.0,0.0,1.0,0.018493761140819975,-0.25,-0.25,0.5,0.5168345645847324,0.5,0.3333333333333333,0.8333333333333334,0.5254010695187166,4,0.18554771691560745
Grocery,S,E2_multimodal_pair,1,delete,34480,0.007768298273537871,0.02837954331019467,6.790078156215795e-05,0.01777037106045309,0.013837845634271408,0.45357540709592425,0.3758274202100162,0.41246498599439774,1496,0.04997644381936574,0.19999999999999998,0.5232843137254901,0.34358288770053474,0.03654188948306596,2856,-0.0217238962859145,-0.9999999999999999,0.4891456582633053,0.4891456582633053,0.45518207282913165,1428,-0.019897475043499903,0.0,0.49270541549953323,1496,-6.780577962035263e-05,1.0640593245625496e-05,-0.0003991648554801941,0.00047380756586790085,0.0002954537945947332,1.779638114385307e-05,-0.0002426905557513237,0.0004969761939719319,-0.00544949836956921,-0.0001108470605686307,-0.0021375566720962524,2.874201163649559e-05,0.0003632595742150858,2.393266186118126e-06,-0.00014615862164646387,0.00032509956508874893,0.005744952164163943,0.0003575834756096204,5.129969213157892e-05,0.0024941163137555122,0.0053816925899488575,4.74550761282444e-05,0.0,0.0010903682559728622,0.34358288770053474,0.0,0.0,1.0,0.03654188948306596,-0.25,-0.25,0.5,0.5234161629729125,0.5,0.3333333333333333,0.8333333333333334,0.5374331550802139,2,0.22248032689094543
Grocery,M,E2_multimodal_pair,1,comp,31480,0.006655952639764679,0.031026840597269033,0.00027987598434620065,-0.0015501754952363302,0.01795496533398181,0.4854323728342608,0.4677916060973466,0.4810490045941807,1496,0.02346170436162088,0.0,0.5113079322638147,0.32954545454545453,0.02250445632798575,2612,0.025719769673704405,0.9999999999999999,0.5128254211332313,0.5128254211332313,0.6060490045941807,1306,-0.015903767472746015,0.0,0.49521439509954057,1496,-0.002163703566296325,-5.774199962615967e-08,-0.00038051139563322067,0.0002551623620092869,0.00022708767151445835,5.637120921164751e-07,-4.995334893465042e-05,0.00014523498248308897,-0.008625056943078002,-0.0004385431529954076,-0.0031390488147735596,-5.274731665849686e-05,0.002390791237810784,1.3355747796595097e-07,-0.00026892987079918385,0.000401556259021163,0.00885214461459246,0.0005333886947482824,7.330538937821984e-05,0.0036553904647007585,0.0064613533767816774,8.481601253151894e-05,0.0,0.001621815375983715,0.32954545454545453,0.0,0.0,1.0,0.02250445632798575,-0.25,-0.25,0.5,0.5114023297491039,0.5,0.3333333333333333,0.8333333333333334,0.5020053475935828,4,0.18554771691560745
Grocery,S,E2_multimodal_pair,1,comp,31480,0.006614346692987204,0.031023832351823658,0.00047372477194917995,0.011063925775176326,0.02755418787029778,0.49629231573831567,0.47876400191777413,0.4810490045941807,1496,0.057625070582005715,0.19999999999999998,0.5260138146167558,0.3449197860962567,0.037878787878787894,2612,0.020345489443378113,0.9999999999999999,0.510145482388974,0.510145482388974,0.5176110260336907,1306,0.0002565765206222383,0.0,0.49891526288922916,1496,-0.0004365974184334836,-7.131602615118027e-07,-0.0003679785877466202,0.00025144219398498535,0.00022708767151445835,5.637120921164751e-07,-4.995334893465042e-05,0.00014523498248308897,-0.008625056943078002,-0.0004385431529954076,-0.0031390488147735596,-5.274731665849686e-05,0.0006636850899479421,2.66927236225456e-06,-0.0002459222450852394,0.0003888373030349612,0.00885214461459246,0.0005333886947482824,7.330538937821984e-05,0.0036553904647007585,0.00818845952464452,6.300583481788635e-05,0.0,0.0018034176900982857,0.3449197860962567,0.0,0.0,1.0,0.037878787878787894,-0.25,-0.25,0.5,0.5260528673835125,0.5,0.3333333333333333,0.8333333333333334,0.5233957219251337,9,0.1484943926334381
Grocery,M,E2_multimodal_pair,2,delete,34480,0.008022928462876644,0.028398082387733593,-0.001238947146146474,0.04576503078164853,0.009314401093916593,0.4831641653395282,0.3977895883133274,0.41246498599439774,1496,0.012537938102410051,0.0,0.5045677361853833,0.35294117647058826,0.04590017825311944,2856,-0.0217238962859145,-0.9999999999999999,0.4891456582633053,0.4891456582633053,0.5749299719887955,1428,0.06803129082496534,0.19999999999999998,0.5259687208216619,1496,-0.0001260252054071024,1.1455733329057693e-05,-0.00043131038546562195,0.0004817121662199497,0.0002954537945947332,1.779638114385307e-05,-0.0002426905557513237,0.0004969761939719319,-0.00544949836956921,-0.0001108470605686307,-0.0021375566720962524,2.874201163649559e-05,0.0004214790000018356,5.054680514149368e-07,-0.00023040210362523794,0.0002931261357540886,0.005744952164163943,0.0003575834756096204,5.129969213157892e-05,0.0024941163137555122,0.005323473164162108,4.170386819168925e-05,0.0,0.0011148275807499886,0.35294117647058826,0.0,0.0,1.0,0.04590017825311944,-0.25,-0.25,0.6666666666666667,0.5047683008730692,0.5,0.3333333333333333,0.6666666666666666,0.5106951871657754,3,0.1857060045003891
Grocery,S,E2_multimodal_pair,2,delete,34480,0.007866453679184496,0.02838355064891782,-0.00021451035431940824,0.03762475587892534,0.01642435795910852,0.4637679188985189,0.3828382344165121,0.41246498599439774,1496,0.03550087624426437,0.0,0.517379679144385,0.3409090909090909,0.03386809269162212,2856,-0.0217238962859145,-0.9999999999999999,0.4891456582633053,0.4891456582633053,0.5122549019607843,1428,0.06493685022978621,0.19999999999999998,0.5286531279178338,1496,-0.00040656065297989117,1.126900315284729e-05,-0.0003936602734029293,0.00042070006020367146,0.0002954537945947332,1.779638114385307e-05,-0.0002426905557513237,0.0004969761939719319,-0.00544949836956921,-0.0001108470605686307,-0.0021375566720962524,2.874201163649559e-05,0.0007020144475746243,1.1193915270268917e-06,-0.0002109990455210209,0.000295075005851686,0.005744952164163943,0.0003575834756096204,5.129969213157892e-05,0.0024941163137555122,0.005042937716589319,5.4117292165756226e-05,0.0,0.001148410141468048,0.3409090909090909,0.0,0.0,1.0,0.03386809269162212,-0.25,-0.25,0.6666666666666667,0.5174837698679203,0.5,0.3333333333333333,0.8333333333333334,0.518048128342246,4,0.22252362966537476
Grocery,M,E2_multimodal_pair,2,comp,31480,0.006639326083793469,0.031038338831230573,-0.000461233689027285,-0.009080298559300681,0.004904170940923711,0.4916288490553658,0.48547107498836106,0.4810490045941807,1496,0.020506562080373214,0.19999999999999998,0.5057375222816399,0.303475935828877,-0.003565062388591789,2612,-0.032629558541266784,-0.9999999999999999,0.48372894333843797,0.48372894333843797,0.6519908116385911,1306,-0.007269977599281049,0.0,0.4989152628892292,1496,0.0019441745235795717,1.1851079761981964e-07,-0.0002637384459376335,0.0003750254400074482,0.00022708767151445835,5.637120921164751e-07,-4.995334893465042e-05,0.00014523498248308897,-0.008625056943078002,-0.0004385431529954076,-0.0031390488147735596,-5.274731665849686e-05,-0.0017170868520651132,3.110326360911131e-07,-0.00040457071736454964,0.00026051956228911877,0.00885214461459246,0.0005333886947482824,7.330538937821984e-05,0.0036553904647007585,0.010569231466657574,0.00010140589438378811,0.0,0.002233274281024933,0.303475935828877,0.0,0.0,1.0,-0.003565062388591789,-0.25,-0.25,0.5,0.505981182795699,0.5,0.3333333333333333,0.6666666666666666,0.5060160427807486,3,0.1857060045003891
Grocery,S,E2_multimodal_pair,2,comp,31480,0.006537169236804795,0.03103008239793738,7.09560547528243e-05,-0.0075317741976684005,0.012907384752338564,0.4991417553839915,0.48817177077482543,0.4810490045941807,1496,0.04082384400582934,0.19999999999999998,0.5185494652406417,0.3382352941176471,0.031194295900178266,2612,0.034165067178502866,0.9999999999999999,0.5170367534456355,0.5170367534456355,0.5367534456355283,1306,-0.030992135968411366,-0.19999999999999998,0.4864088820826952,1496,0.0013105482901343802,-1.6388366930186749e-07,-0.0003132158890366554,0.0004010178381577134,0.00022708767151445835,5.637120921164751e-07,-4.995334893465042e-05,0.00014523498248308897,-0.008625056943078002,-0.0004385431529954076,-0.0031390488147735596,-5.274731665849686e-05,-0.0010834606186199216,8.035713108256459e-07,-0.00039954541716724634,0.00029754446586593986,0.00885214461459246,0.0005333886947482824,7.330538937821984e-05,0.0036553904647007585,0.009935605233212382,8.076149970293045e-05,0.0,0.0021053054369986057,0.3382352941176471,0.0,0.0,1.0,0.031194295900178266,-0.25,-0.25,0.6666666666666667,0.5187275985663082,0.5,0.3333333333333333,0.8333333333333334,0.5113636363636364,5,0.1485193967819214
Grocery,M,E3_host_context,0,delete,34480,0.008196341887814516,0.028457230537262887,-0.005414095594502122,0.07521240278988357,-0.010805027087108291,0.5278362651794621,0.41924903982142386,0.41246498599439774,1496,0.03498893691574296,0.19999999999999998,0.5125891265597148,0.3429144385026738,0.035873440285205005,2856,0.07918710581639801,0.9999999999999999,0.5395658263305322,0.5395658263305322,0.5406162464985994,1428,0.01897380304247973,0.0,0.5089285714285714,1496,0.00013785899173528114,1.1057127267122269e-05,-0.0003771255724132061,0.0004673670046031475,0.0002954537945947332,1.779638114385307e-05,-0.0002426905557513237,0.0004969761939719319,-0.00544949836956921,-0.0001108470605686307,-0.0021375566720962524,2.874201163649559e-05,0.00015759480285945198,5.617039278149605e-07,-0.0002576479067405065,0.0002418295480310917,0.005744952164163943,0.0003575834756096204,5.129969213157892e-05,0.0024941163137555122,0.005587357361304492,5.216943100094795e-05,0.0,0.001332766143605113,0.3429144385026738,0.0,0.0,1.0,0.035873440285205005,-0.25,-0.25,0.6666666666666667,0.5125811506603984,0.5,0.3333333333333333,0.8333333333333334,0.5120320855614974,3,0.18585304915905
Grocery,S,E3_host_context,0,delete,34480,0.008531622913963548,0.02849779739232109,-0.008282650155645666,0.0910527347142204,0.0015431672957848114,0.5479845286348248,0.45730992609456467,0.41246498599439774,1496,0.06363683883467408,0.19999999999999998,0.5256238859180035,0.3442513368983957,0.03721033868092693,2856,0.15557112824106514,0.9999999999999999,0.5777310924369747,0.5777310924369747,0.540266106442577,1428,0.054695664744635115,0.0,0.5230508870214752,1496,0.0016145584700560014,1.2840202543884516e-05,-0.0003113597631454468,0.0004836046136915684,0.0002954537945947332,1.779638114385307e-05,-0.0002426905557513237,0.0004969761939719319,-0.00544949836956921,-0.0001108470605686307,-0.0021375566720962524,2.874201163649559e-05,-0.0013191046754612683,9.961659088730812e-07,-0.00024182543468972045,0.00025195133639499545,0.005744952164163943,0.0003575834756096204,5.129969213157892e-05,0.0024941163137555122,0.007064056839625211,5.106814205646515e-05,0.0,0.0012748725712299347,0.3442513368983957,0.0,0.0,1.0,0.03721033868092693,-0.25,-0.25,0.6666666666666667,0.5256324154913812,0.5,0.3333333333333333,0.8333333333333334,0.516042780748663,3,0.22246332466602325
Grocery,M,E3_host_context,0,comp,31480,0.006686917117412739,0.0310349315849865,-0.0002415936691675391,-0.029534543512156793,0.009071539200281845,0.4839334905191639,0.4700255251274089,0.4810490045941807,1496,0.03196720728562591,0.19999999999999998,0.5120877896613191,0.3302139037433155,0.02317290552584672,2612,-0.020345489443378106,-0.9999999999999999,0.48985451761102605,0.48985451761102605,0.6003062787136294,1306,0.002787387578709121,0.0,0.5026161306789177,1496,0.0010504445936459236,-7.145863492041826e-07,-0.0003795921802520752,0.00029730680398643017,0.00022708767151445835,5.637120921164751e-07,-4.995334893465042e-05,0.00014523498248308897,-0.008625056943078002,-0.0004385431529954076,-0.0031390488147735596,-5.274731665849686e-05,-0.0008233569221314652,5.804176907986403e-07,-0.00032084970735013485,0.00038098666118457913,0.00885214461459246,0.0005333886947482824,7.330538937821984e-05,0.0036553904647007585,0.009675501536723925,7.850374095141888e-05,0.0,0.0018492378294467926,0.3302139037433155,0.0,0.0,1.0,0.02317290552584672,-0.25,-0.25,0.5,0.5118951612903226,0.5,0.3333333333333333,0.8333333333333334,0.5066844919786097,3,0.18585304915905
Grocery,S,E3_host_context,0,comp,31480,0.006587944860222446,0.031033383402320255,-0.00014180172549083103,0.004758406390508432,0.005174483180636946,0.5011706738387167,0.4886004841252435,0.4810490045941807,1496,0.08469747963311235,0.19999999999999998,0.538045900178253,0.356951871657754,0.04991087344028522,2612,0.02495201535508637,0.9999999999999999,0.5124425727411945,0.5124425727411945,0.5585758039816233,1306,-0.0029820756084694105,0.0,0.499298111281266,1496,8.937372782617498e-05,-2.173706889152527e-06,-0.00039633316919207573,0.0002633088734000921,0.00022708767151445835,5.637120921164751e-07,-4.995334893465042e-05,0.00014523498248308897,-0.008625056943078002,-0.0004385431529954076,-0.0031390488147735596,-5.274731665849686e-05,0.00013771394368828358,2.7242349460721016e-06,-0.00025239773094654083,0.00043226394336670637,0.00885214461459246,0.0005333886947482824,7.330538937821984e-05,0.0036553904647007585,0.008714430670904178,6.175658199936152e-05,0.0,0.001629294827580452,0.356951871657754,0.0,0.0,1.0,0.04991087344028522,-0.25,-0.25,0.6666666666666667,0.5382616487455196,0.5,0.3333333333333333,0.8333333333333334,0.5207219251336899,5,0.14870472252368927
Grocery,M,E3_host_context,1,delete,34480,0.00869069896703286,0.02858905010408615,-0.014750226221028617,0.04369275285889061,-0.01192611280184061,0.4932914163315937,0.43607209297180916,0.41246498599439774,1496,0.09430875981041872,0.19999999999999998,0.5411096256684492,0.38168449197860965,0.07464349376114084,2856,0.037841625788367195,0.9999999999999999,0.5189075630252101,0.5189075630252101,0.5269607843137255,1428,0.07518929994356183,0.19999999999999998,0.5328548085901027,1496,-0.00045027849192072434,7.370486855506897e-06,-0.0004617515951395035,0.000403845333494246,0.0002954537945947332,1.779638114385307e-05,-0.0002426905557513237,0.0004969761939719319,-0.00544949836956921,-0.0001108470605686307,-0.0021375566720962524,2.874201163649559e-05,0.0007457322865154573,8.07375181466341e-06,-0.00011047546286135912,0.0003833703619117539,0.005744952164163943,0.0003575834756096204,5.129969213157892e-05,0.0024941163137555122,0.004999219877648486,2.788787242025137e-05,0.0,0.0008668238297104836,0.38168449197860965,0.0,0.0,1.0,0.07464349376114084,-0.25,-0.25,0.6666666666666667,0.5413028878441908,0.5,0.3333333333333333,0.8333333333333334,0.5688502673796791,3,0.1858120784163475
Grocery,S,E3_host_context,1,delete,34480,0.008381914321006831,0.028448125021315357,-0.004770789885086613,0.042987235844003144,-0.006189513561443302,0.48849278640389665,0.4026685235085597,0.41246498599439774,1496,0.07791642595764578,0.19999999999999998,0.5355392156862745,0.3482620320855615,0.041221033868092706,2856,-0.014716187806587249,-0.9999999999999999,0.49264705882352944,0.49264705882352944,0.5679271708683473,1428,-0.02683209227312103,0.0,0.48651960784313725,1496,-0.000268458966775872,1.1265277862548828e-05,-0.00038811133708804846,0.000464100856333971,0.0002954537945947332,1.779638114385307e-05,-0.0002426905557513237,0.0004969761939719319,-0.00544949836956921,-0.0001108470605686307,-0.0021375566720962524,2.874201163649559e-05,0.0005639127613706052,2.4172477424144745e-06,-0.00015491154044866562,0.0003245449624955654,0.005744952164163943,0.0003575834756096204,5.129969213157892e-05,0.0024941163137555122,0.005181039402793339,4.7368695959448814e-05,0.0,0.0011804532259702682,0.3482620320855615,0.0,0.0,1.0,0.041221033868092706,-0.25,-0.25,0.6666666666666667,0.535594358629953,0.5,0.3333333333333333,0.8333333333333334,0.5427807486631016,1,0.2222081869840622
Grocery,M,E3_host_context,1,comp,31480,0.006999246374288379,0.031046336525720558,-0.0009768807540162516,-0.01397074623564472,0.006860091914999176,0.4799621826333387,0.47141008310589955,0.4810490045941807,1496,-0.00036156400195808363,0.0,0.4982731729055258,0.32219251336898397,0.015151515151515159,2612,0.01804222648752399,0.9999999999999999,0.5089969372128637,0.5089969372128637,0.6332312404287902,1306,0.011760590961141596,0.0,0.5042751403777438,1496,0.000269973614506167,7.087364792823792e-07,-0.00032834894955158234,0.0002474747598171234,0.00022708767151445835,5.637120921164751e-07,-4.995334893465042e-05,0.00014523498248308897,-0.008625056943078002,-0.0004385431529954076,-0.0031390488147735596,-5.274731665849686e-05,-4.288594299170855e-05,-4.4674379751086235e-08,-0.00029034423641860485,0.00038917118217796087,0.00885214461459246,0.0005333886947482824,7.330538937821984e-05,0.0036553904647007585,0.00889503055758417,8.443836122751236e-05,0.0,0.0016680452972650528,0.32219251336898397,0.0,0.0,1.0,0.015151515151515159,-0.25,-0.25,0.5,0.4980286738351254,0.5,0.2,0.6666666666666666,0.4939839572192513,3,0.1858120784163475
Grocery,S,E3_host_context,1,comp,31480,0.00664101511846573,0.03102821043239566,0.00019159874135499244,-0.002989418306757815,0.016322697076533468,0.4895431986792985,0.46800335306451996,0.4810490045941807,1496,0.013559090829408073,0.05270462766947299,0.504846256684492,0.3201871657754011,0.013146167557932277,2612,0.037236084452975035,0.9999999999999999,0.5185681470137825,0.5185681470137825,0.44754977029096477,1306,-0.00398990697601676,0.0,0.49763910158244007,1496,-0.000540046398369172,1.7808633856475353e-07,-0.000363251194357872,0.000276416540145874,0.00022708767151445835,5.637120921164751e-07,-4.995334893465042e-05,0.00014523498248308897,-0.008625056943078002,-0.0004385431529954076,-0.0031390488147735596,-5.274731665849686e-05,0.0007671340698836306,-2.9780494514852762e-08,-0.00029050535522401333,0.0003883937606588006,0.00885214461459246,0.0005333886947482824,7.330538937821984e-05,0.0036553904647007585,0.00808501054470883,8.475175127387047e-05,0.0,0.0017270133830606937,0.3201871657754011,0.0,0.0,1.0,0.013146167557932277,-0.25,-0.25,0.5,0.5049059139784947,0.5,0.3333333333333333,0.6666666666666666,0.49331550802139035,3,0.14861071109771729
Grocery,M,E3_host_context,2,delete,34480,0.00836048245964419,0.02844377109682958,-0.004463257394107467,0.07625101263031972,0.0038893239725466683,0.5303226261759594,0.43232962686332355,0.41246498599439774,1496,-0.0004800419069809212,0.0,0.498885918003565,0.32620320855614976,0.019162210338680936,2856,0.05466012613875262,0.9999999999999999,0.5273109243697479,0.5273109243697479,0.5836834733893558,1428,0.08221482902761902,0.19999999999999998,0.5342553688141923,1496,-0.0005532909831126161,2.0104460418224335e-05,-0.00029149861074984074,0.0005437401123344898,0.0002954537945947332,1.779638114385307e-05,-0.0002426905557513237,0.0004969761939719319,-0.00544949836956921,-0.0001108470605686307,-0.0021375566720962524,2.874201163649559e-05,0.0008487447777073492,2.0806328393518925e-07,-0.0002576252445578575,0.00023816025350242853,0.005744952164163943,0.0003575834756096204,5.129969213157892e-05,0.0024941163137555122,0.004896207386456595,7.596425712108612e-05,0.0,0.0013610050082206726,0.32620320855614976,0.0,0.0,1.0,0.019162210338680936,-0.25,-0.25,0.5,0.49905977165883136,0.5,0.16666666666666666,0.6666666666666666,0.5053475935828877,2,0.1860547885298729
Grocery,S,E3_host_context,2,delete,34480,0.008077188491619845,0.02837305647127445,0.0005249664274302734,0.06886181511673725,0.029693877843460278,0.5122040245178289,0.4136911466634571,0.41246498599439774,1496,-0.031202498208614936,0.0,0.48629679144385024,0.31283422459893045,0.005793226381461691,2856,0.03293622985283811,0.9999999999999999,0.5164565826330533,0.5164565826330533,0.572829131652661,1428,0.05957489756533982,0.19999999999999998,0.5231676003734828,1496,-0.00016469178403968012,2.0104460418224335e-05,-0.0003296647919341922,0.0004982466343790293,0.0002954537945947332,1.779638114385307e-05,-0.0002426905557513237,0.0004969761939719319,-0.00544949836956921,-0.0001108470605686307,-0.0021375566720962524,2.874201163649559e-05,0.00046014557863441325,-2.222659531980753e-07,-0.00023652845993638039,0.00027128239162266254,0.005744952164163943,0.0003575834756096204,5.129969213157892e-05,0.0024941163137555122,0.005284806585529531,7.576961070299149e-05,0.0,0.001153215765953064,0.31283422459893045,0.0,0.0,1.0,0.005793226381461691,-0.25,-0.25,0.5,0.48659055294381015,0.5,0.3333333333333333,0.6666666666666666,0.4919786096256685,2,0.22210364043712616
Grocery,M,E3_host_context,2,comp,31480,0.006892871006854261,0.031064714070078547,-0.0021622664448692763,0.0021974042082093343,-0.014404343729594276,0.49576822434076845,0.4856780516187764,0.4810490045941807,1496,0.02901967827797392,0.0,0.513870320855615,0.3522727272727273,0.04523172905525848,2612,0.018042226487523984,0.9999999999999999,0.5089969372128637,0.5089969372128637,0.46439509954058195,1306,0.006239550774523736,0.0,0.5027437468095967,1496,0.0005851621610155444,0.0,-0.0003740629181265831,0.00032065343111753464,0.00022708767151445835,5.637120921164751e-07,-4.995334893465042e-05,0.00014523498248308897,-0.008625056943078002,-0.0004385431529954076,-0.0031390488147735596,-5.274731665849686e-05,-0.0003580744895010859,6.767416683336098e-07,-0.00033356451118985814,0.0003873184323310852,0.00885214461459246,0.0005333886947482824,7.330538937821984e-05,0.0036553904647007585,0.009210219104093547,5.590450018644333e-05,0.0,0.001556791365146637,0.3522727272727273,0.0,0.0,1.0,0.04523172905525848,-0.25,-0.25,0.5,0.5142249103942652,0.5,0.3333333333333333,0.8333333333333334,0.5086898395721925,2,0.1860547885298729
Grocery,S,E3_host_context,2,comp,31480,0.006665196794878629,0.0310356537574776,-0.00028814478630545537,0.002943813524291618,0.010049903826773192,0.4965426554326209,0.4867760497042277,0.4810490045941807,1496,0.028422128598279275,0.0,0.5137589126559714,0.3462566844919786,0.039215686274509824,2612,0.025719769673704405,0.9999999999999999,0.5128254211332313,0.5128254211332313,0.552833078101072,1306,0.01149373545993713,0.0,0.5056789178152118,1496,-0.0011211029492567024,0.0,-0.0003671138547360897,0.0003229358699172735,0.00022708767151445835,5.637120921164751e-07,-4.995334893465042e-05,0.00014523498248308897,-0.008625056943078002,-0.0004385431529954076,-0.0031390488147735596,-5.274731665849686e-05,0.0013481906207711608,4.017347237095237e-07,-0.0003174385929014534,0.00040344364242628217,0.00885214461459246,0.0005333886947482824,7.330538937821984e-05,0.0036553904647007585,0.0075039539938213,6.861845031380653e-05,0.0,0.0016187094151973724,0.3462566844919786,0.0,0.0,1.0,0.039215686274509824,-0.25,-0.25,0.5416666666666667,0.5140232974910395,0.5,0.3333333333333333,0.8333333333333334,0.5080213903743316,2,0.14856359362602234
ele-fashion,M,E0_heuristic,0,delete,25616,0.0035235275012069638,0.016249838778232356,-0.0053517051744680355,0.09102059648698818,-0.00010418783431646631,0.5357608575688578,0.496344276219302,0.4770309477756286,1056,0.007852121941739754,0.0,0.5040235368956744,0.39015151515151514,0.037878787878787894,2068,0.0445423396965247,0.9999999999999999,0.5220019342359767,0.5220019342359767,0.5014506769825918,1034,0.10992357325066456,0.19999999999999998,0.5469858156028368,1056,-0.00033183023385914345,1.1919473763555288e-07,-4.5725610107183456e-05,5.1415059715509415e-05,-0.000442322600423667,8.935603545978665e-08,-4.242092836648226e-05,6.0265534557402134e-05,-0.0011448123839548343,-1.489694113843143e-06,-0.00010392401600256562,1.9196566427126527e-05,-0.00011049236656452359,0.0,-8.347356924787164e-06,8.742179488763213e-06,0.0007024897835311673,1.2674994650296867e-05,1.1102438293164596e-06,0.0001625451259315014,0.0008129821500956909,8.898205123841763e-07,0.0,5.6317541748285294e-05,0.39015151515151514,0.0,0.0,1.0,0.037878787878787894,-0.25,-0.3333333333333333,0.5,0.5054518664047151,0.5,0.16666666666666666,1.0,0.4772727272727273,26,0.1490379273891449
ele-fashion,S,E0_heuristic,0,delete,25616,0.003510185754889552,0.016259778422043486,-0.006581981263060754,0.09463810312874725,-0.0016622096455547397,0.5260921890739969,0.49529045210014516,0.4770309477756286,1056,0.011198584507813723,0.0,0.506663486005089,0.4119318181818182,0.05965909090909092,2068,-0.039647577092511016,-0.9999999999999999,0.4804158607350097,0.4804158607350097,0.5062862669245648,1034,0.116870950014883,0.19999999999999998,0.5473081882656351,1056,-0.00038501586759869525,1.1918018572032452e-07,-5.124462768435478e-05,5.298733594827354e-05,-0.000442322600423667,8.935603545978665e-08,-4.242092836648226e-05,6.0265534557402134e-05,-0.0011448123839548343,-1.489694113843143e-06,-0.00010392401600256562,1.9196566427126527e-05,-5.73067328249718e-05,0.0,-5.6204225984402e-06,1.4764460502192378e-05,0.0007024897835311673,1.2674994650296867e-05,1.1102438293164596e-06,0.0001625451259315014,0.0007597965163561391,4.767425707541406e-07,0.0,3.371603088453412e-05,0.4119318181818182,0.0,0.0,1.0,0.05965909090909092,-0.25,-0.3333333333333333,0.5,0.5059102815979044,0.5,0.16666666666666666,1.0,0.4952651515151515,31,0.2220773994922638
ele-fashion,M,E0_heuristic,0,comp,20096,0.0037718150225700105,0.10895628809110317,-0.0010858822551673697,-0.027532085759695117,-0.10827403691052442,0.4887699599022469,0.45886602058913756,0.4587378640776699,1056,-0.02465903740458953,0.0,0.4870706106870229,0.38920454545454547,0.0369318181818182,1648,-0.017034700315457417,-0.9999999999999999,0.49180825242718446,0.49180825242718446,0.49150485436893204,824,0.014694776458568308,0.152704627669473,0.5061690938511326,1056,0.008114723298500725,0.0,-1.722841989248991e-05,2.165909972973168e-05,0.003995175000033893,0.0,-2.83936969935894e-06,4.390938556753099e-06,-0.0014635839020642875,-2.278474858030677e-05,-0.0002515362575650215,-1.9055150914937258e-06,-0.004119548298466831,0.0,-2.2608253251140315e-05,1.862467615865171e-05,0.005458758902098181,2.586279879324138e-05,2.329509394864241e-06,0.0003157710889354348,0.009578307200565012,1.6088670236058533e-06,0.0,8.553091902285814e-05,0.38920454545454547,0.0,0.0,1.0,0.0369318181818182,-0.25,-0.3333333333333333,0.5,0.48680691454664055,0.5,0.0,0.8333333333333334,0.47821969696969696,26,0.1490379273891449
ele-fashion,S,E0_heuristic,0,comp,20096,0.0037067007729511864,0.10893145317177073,-0.000629569836256838,0.01290519126501016,-0.03317145631686291,0.5046752289605428,0.474381601812915,0.4587378640776699,1056,0.07143825650576359,0.2581988897471611,0.5306138676844783,0.4365530303030303,0.08428030303030305,1648,-0.004416403785488955,-0.9999999999999999,0.497876213592233,0.497876213592233,0.48604368932038833,824,-0.01861623228110105,0.0,0.4946399676375404,1056,0.008157927063538491,-1.1915108188986778e-07,-2.3018892534309998e-05,1.641703420318663e-05,0.003995175000033893,0.0,-2.83936969935894e-06,4.390938556753099e-06,-0.0014635839020642875,-2.278474858030677e-05,-0.0002515362575650215,-1.9055150914937258e-06,-0.004162752063504598,8.939605322666466e-08,-1.7528844182379544e-05,2.2266933228820562e-05,0.005458758902098181,2.586279879324138e-05,2.329509394864241e-06,0.0003157710889354348,0.00962151096560278,7.151029421947896e-07,0.0,7.242790888994932e-05,0.4365530303030303,0.0,0.0,1.0,0.08428030303030305,-0.25,-0.3333333333333333,0.5,0.5337573385518591,0.6,0.16666666666666666,1.0,0.5284090909090909,1,0.07572013139724731
ele-fashion,M,E0_heuristic,1,delete,25616,0.003539126956723379,0.01624984986658676,-0.005353077212672641,0.1033222145775315,0.003450004795237818,0.5408978209995832,0.5086724316365926,0.4770309477756286,1056,0.012819568125627711,0.0,0.5059001272264632,0.4081439393939394,0.055871212121212134,2068,0.1375428291727851,0.9999999999999999,0.5679400386847195,0.5679400386847195,0.519825918762089,1034,0.0907101776845174,0.19999999999999998,0.5376370083816893,1056,-0.0003960748293510815,1.1919837561435997e-07,-4.842120688408613e-05,5.910615436732769e-05,-0.000442322600423667,8.935603545978665e-08,-4.242092836648226e-05,6.0265534557402134e-05,-0.0011448123839548343,-1.489694113843143e-06,-0.00010392401600256562,1.9196566427126527e-05,-4.62477710725855e-05,0.0,-7.129201549105346e-06,1.0796509741339833e-05,0.0007024897835311673,1.2674994650296867e-05,1.1102438293164596e-06,0.0001625451259315014,0.0007487375546037529,5.958936526440084e-07,0.0,3.787450259551406e-05,0.4081439393939394,0.0,0.0,1.0,0.055871212121212134,-0.25,-0.3333333333333333,0.5,0.5046168958742633,0.5,0.041666666666666664,1.0,0.49242424242424243,34,0.14914584159851074
ele-fashion,S,E0_heuristic,1,delete,25616,0.0035728641929712135,0.01623907184190627,-0.004019880060938119,0.05507706823571618,0.020739347415823218,0.4925924389803259,0.48172717511995794,0.4770309477756286,1056,0.03771628936475401,0.0,0.5190680661577608,0.4185606060606061,0.0662878787878788,2068,-0.11796377875673027,-0.9999999999999999,0.4417311411992263,0.4417311411992263,0.508220502901354,1034,0.052473763812790016,0.19999999999999998,0.5216795615731786,1056,-0.0004206543409247498,1.1920201359316707e-07,-4.869652912020683e-05,5.5023847380653024e-05,-0.000442322600423667,8.935603545978665e-08,-4.242092836648226e-05,6.0265534557402134e-05,-0.0011448123839548343,-1.489694113843143e-06,-0.00010392401600256562,1.9196566427126527e-05,-2.166825949891723e-05,2.979504643008113e-08,-6.589849363081154e-06,1.2131167750339955e-05,0.0007024897835311673,1.2674994650296867e-05,1.1102438293164596e-06,0.0001625451259315014,0.0007241580430300845,4.7673529479652643e-07,0.0,3.049877705052495e-05,0.4185606060606061,0.0,0.0,1.0,0.0662878787878788,-0.25,-0.3333333333333333,0.5,0.519351669941061,0.5,0.16666666666666666,1.0,0.5037878787878788,38,0.22221194207668304
ele-fashion,M,E0_heuristic,1,comp,20096,0.003786630649520058,0.10895848296861298,-0.00112621554952419,-0.016361781069231935,-0.10273132444285138,0.49179508624575896,0.46797809144870894,0.4587378640776699,1056,-0.039172538064442805,-0.19999999999999998,0.47962786259541984,0.38446969696969696,0.03219696969696971,1648,-0.0018927444794952682,-0.9999999999999999,0.4990898058252427,0.4990898058252427,0.49211165048543687,824,0.0075818891717028495,0.0,0.5019215210355987,1056,0.008069456373567102,0.0,-1.6518402844667435e-05,2.3531916667707264e-05,0.003995175000033893,0.0,-2.83936969935894e-06,4.390938556753099e-06,-0.0014635839020642875,-2.278474858030677e-05,-0.0002515362575650215,-1.9055150914937258e-06,-0.004074281373533208,0.0,-2.586841583251953e-05,1.6574063920415938e-05,0.005458758902098181,2.586279879324138e-05,2.329509394864241e-06,0.0003157710889354348,0.009533040275631389,1.9065773813053966e-06,0.0,9.148201206699014e-05,0.38446969696969696,0.0,0.0,1.0,0.03219696969696971,-0.25,-0.3333333333333333,0.5,0.48000652315720804,0.5,0.0,0.8333333333333334,0.4668560606060606,34,0.14914584159851074
ele-fashion,S,E0_heuristic,1,comp,20096,0.0036998658063090014,0.10893277343202264,-0.0006538254468329008,-0.02133785210307669,-0.05376801563131956,0.48698157638740597,0.451037184125295,0.4587378640776699,1056,0.0029976424361433823,0.0,0.5005248091603053,0.4015151515151515,0.049242424242424254,1648,0.061198738170347,0.9999999999999999,0.5294296116504854,0.5294296116504854,0.4963592233009709,824,0.017845940379770713,0.0,0.5073826860841424,1056,0.00829148693971106,0.0,-1.7481157556176186e-05,2.206559292972088e-05,0.003995175000033893,0.0,-2.83936969935894e-06,4.390938556753099e-06,-0.0014635839020642875,-2.278474858030677e-05,-0.0002515362575650215,-1.9055150914937258e-06,-0.004296311939677166,0.0,-2.3292438224113237e-05,1.8779217498376966e-05,0.005458758902098181,2.586279879324138e-05,2.329509394864241e-06,0.0003157710889354348,0.009755070841775347,1.1917436495423317e-06,0.0,8.613266982138157e-05,0.4015151515151515,0.0,0.0,1.0,0.049242424242424254,-0.25,-0.3333333333333333,0.5,0.5015492498369211,0.5,0.16666666666666666,0.8333333333333334,0.4943181818181818,3,0.07573132961988449
ele-fashion,M,E0_heuristic,2,delete,25616,0.0035518773256045916,0.016255276162212867,-0.006024622352954312,0.06121433623689371,-0.0013819196860824846,0.5020368596018511,0.4793082501569582,0.4770309477756286,1056,-0.022648019691199985,0.0,0.49028307888040706,0.39204545454545453,0.039772727272727286,2068,-0.052373959862946635,-0.9999999999999999,0.4741295938104449,0.4741295938104449,0.5024177949709865,1034,0.1014547452337122,0.19999999999999998,0.5432785299806576,1056,-0.00043156249895411855,1.1920201359316707e-07,-4.49767685495317e-05,5.763210356235504e-05,-0.000442322600423667,8.935603545978665e-08,-4.242092836648226e-05,6.0265534557402134e-05,-0.0011448123839548343,-1.489694113843143e-06,-0.00010392401600256562,1.9196566427126527e-05,-1.0760101469548462e-05,0.0,-8.438000804744661e-06,9.376693924423307e-06,0.0007024897835311673,1.2674994650296867e-05,1.1102438293164596e-06,0.0001625451259315014,0.0007132498850007158,7.150811143219471e-07,0.0,4.217852256260812e-05,0.39204545454545453,0.0,0.0,1.0,0.039772727272727286,-0.25,-0.3333333333333333,0.5,0.4894400785854617,0.5,0.0,0.8333333333333334,0.48390151515151514,29,0.14908140152692795
ele-fashion,S,E0_heuristic,2,delete,25616,0.003557695509877969,0.016243027891817398,-0.0045091243485095855,0.048807612112762785,0.011663037173782418,0.5048389035614639,0.477371437130646,0.4770309477756286,1056,0.012953478131217836,0.0,0.5070769720101782,0.4005681818181818,0.048295454545454565,2068,-0.05628976994615759,-0.9999999999999999,0.4721953578336557,0.4721953578336557,0.503384912959381,1034,0.055853556488095216,0.19999999999999998,0.5236137975499678,1056,-0.0004028142425891984,1.1918018572032452e-07,-5.0869479309767485e-05,5.824124673381448e-05,-0.000442322600423667,8.935603545978665e-08,-4.242092836648226e-05,6.0265534557402134e-05,-0.0011448123839548343,-1.489694113843143e-06,-0.00010392401600256562,1.9196566427126527e-05,-3.950835783446867e-05,0.0,-6.0659804148599505e-06,1.2131167750339955e-05,0.0007024897835311673,1.2674994650296867e-05,1.1102438293164596e-06,0.0001625451259315014,0.000741998141365636,6.530535756610334e-07,0.0,3.4246069844812155e-05,0.4005681818181818,0.0,0.0,1.0,0.048295454545454565,-0.25,-0.3333333333333333,0.5,0.5069253438113949,0.5,0.16666666666666666,1.0,0.48863636363636365,34,0.22221024334430695
ele-fashion,M,E0_heuristic,2,comp,20096,0.003767177709876493,0.10895612604057416,-0.0010829044302249624,-0.008792870229644525,-0.1088177913717664,0.49523802109284176,0.46916357614809995,0.4587378640776699,1056,-0.01424187294887053,0.0,0.4898059796437658,0.3977272727272727,0.04545454545454548,1648,-0.0056782334384858,-0.9999999999999999,0.49726941747572817,0.49726941747572817,0.49029126213592233,824,-0.030536290910303344,0.0,0.4869538834951456,1056,0.008486151491662455,0.0,-1.8915030523203313e-05,2.348901762161404e-05,0.003995175000033893,0.0,-2.83936969935894e-06,4.390938556753099e-06,-0.0014635839020642875,-2.278474858030677e-05,-0.0002515362575650215,-1.9055150914937258e-06,-0.004490976491628561,0.0,-2.283588401041925e-05,1.8300634110346437e-05,0.005458758902098181,2.586279879324138e-05,2.329509394864241e-06,0.0003157710889354348,0.009949735393726742,1.3706303434446454e-06,0.0,8.586034527979791e-05,0.3977272727272727,0.0,0.0,1.0,0.04545454545454548,-0.25,-0.3333333333333333,0.5,0.49073711676451404,0.5,0.0,0.8333333333333334,0.48674242424242425,29,0.14908140152692795
ele-fashion,S,E0_heuristic,2,comp,20096,0.0037144752335319655,0.10893492458027623,-0.0006933466288427947,-0.027394597393724764,-0.07083501348403681,0.4774020096329513,0.44811796048375596,0.4587378640776699,1056,-0.027018494756790034,-0.10540925533894598,0.4870069974554707,0.3778409090909091,0.02556818181818183,1648,-0.05615141955835962,-0.9999999999999999,0.472997572815534,0.472997572815534,0.49514563106796117,824,-0.014606236641510615,0.0,0.4920105177993528,1056,0.008206976988104185,0.0,-1.587749648024328e-05,2.1907122572883964e-05,0.003995175000033893,0.0,-2.83936969935894e-06,4.390938556753099e-06,-0.0014635839020642875,-2.278474858030677e-05,-0.0002515362575650215,-1.9055150914937258e-06,-0.004211801988070292,0.0,-2.2548134438693523e-05,1.6763651122649513e-05,0.005458758902098181,2.586279879324138e-05,2.329509394864241e-06,0.0003157710889354348,0.009670560890168472,1.9055732991546392e-06,0.0,9.148201206699014e-05,0.3778409090909091,0.0,0.0,1.0,0.02556818181818183,-0.25,-0.3333333333333333,0.5,0.488013698630137,0.5,0.0,0.8333333333333334,0.4753787878787879,4,0.0757310539484024
ele-fashion,M,E1_unimodal_pair,0,delete,25616,0.003523799288921499,0.016318388808463265,-0.013851759095700578,0.14894230160684735,-0.09174934921002544,0.5744475992238259,0.5323272843550205,0.4770309477756286,1056,-0.03478640327563756,-0.19999999999999998,0.48570292620865146,0.3664772727272727,0.014204545454545468,2068,0.08859520313264804,0.9999999999999999,0.5437620889748549,0.5437620889748549,0.46131528046421666,1034,0.15209856939818925,0.316227766016838,0.562137330754352,1056,-0.00031802297328133796,1.1919837561435997e-07,-4.538055509328842e-05,5.8678328059613705e-05,-0.000442322600423667,8.935603545978665e-08,-4.242092836648226e-05,6.0265534557402134e-05,-0.0011448123839548343,-1.489694113843143e-06,-0.00010392401600256562,1.9196566427126527e-05,-0.00012429962714232909,-2.9787770472466946e-08,-9.51802940107882e-06,1.0265270248055458e-05,0.0007024897835311673,1.2674994650296867e-05,1.1102438293164596e-06,0.0001625451259315014,0.0008267894106734964,1.0726143955253065e-06,0.0,5.2998861065134406e-05,0.3664772727272727,0.0,0.0,1.0,0.014204545454545468,-0.25,-0.3333333333333333,0.5,0.48349705304518664,0.5,0.0,0.8333333333333334,0.45738636363636365,8,0.14943476766347885
ele-fashion,S,E1_unimodal_pair,0,delete,25616,0.0035428971657900307,0.016292771836798104,-0.010671123246834835,0.1402831710302679,-0.061189928227094785,0.5645682736358313,0.5146423198211532,0.4770309477756286,1056,-0.07245219373288991,-0.19999999999999998,0.46916348600508906,0.3560606060606061,0.0037878787878787962,2068,0.05433186490455212,0.9999999999999999,0.5268375241779497,0.5268375241779497,0.46566731141199225,1034,0.1573035746439439,0.316227766016838,0.562137330754352,1056,-0.00029859384932768245,1.1920201359316707e-07,-3.8351863622665405e-05,5.257193697616458e-05,-0.000442322600423667,8.935603545978665e-08,-4.242092836648226e-05,6.0265534557402134e-05,-0.0011448123839548343,-1.489694113843143e-06,-0.00010392401600256562,1.9196566427126527e-05,-0.00014372875109598454,-5.959736881777644e-08,-1.3929507986176759e-05,6.419802957680076e-06,0.0007024897835311673,1.2674994650296867e-05,1.1102438293164596e-06,0.0001625451259315014,0.0008462185346271519,1.3099343050271273e-06,0.0,6.605082307942212e-05,0.3560606060606061,0.0,0.0,1.0,0.0037878787878787962,-0.25,-0.3333333333333333,0.5,0.4663064833005894,0.5,0.0,0.8333333333333334,0.4318181818181818,10,0.2229880392551422
ele-fashion,M,E1_unimodal_pair,0,comp,20096,0.0037064989754455684,0.1089280821064931,-0.0005676384967587822,-0.0380400995647447,0.0019404645031591734,0.47791138752461626,0.45338637883246,0.4587378640776699,1056,-0.04517182557639129,-0.19999999999999998,0.47794211195928754,0.3854166666666667,0.033143939393939406,1648,0.003154574132492102,0.9999999999999999,0.5015169902912622,0.5015169902912622,0.47390776699029125,824,-0.027136603421835007,0.0,0.48897653721682843,1056,0.008195091992526861,0.0,-1.2604476069100201e-05,2.70534073933959e-05,0.003995175000033893,0.0,-2.83936969935894e-06,4.390938556753099e-06,-0.0014635839020642875,-2.278474858030677e-05,-0.0002515362575650215,-1.9055150914937258e-06,-0.004199916992492968,0.0,-2.6833105948753655e-05,1.4848221326246858e-05,0.005458758902098181,2.586279879324138e-05,2.329509394864241e-06,0.0003157710889354348,0.00965867589459115,2.254397259093821e-06,0.0,0.0001127055729739368,0.3854166666666667,0.0,0.0,1.0,0.033143939393939406,-0.25,-0.3333333333333333,0.5,0.4792726679712981,0.5,0.0,0.8333333333333334,0.4678030303030303,8,0.14943476766347885
ele-fashion,S,E1_unimodal_pair,0,comp,20096,0.0037101799796169714,0.1089339383266227,-0.0006752269485785778,-0.027700659099809847,-0.04540885461876412,0.47494613347331954,0.44514395642438376,0.4587378640776699,1056,-0.008115094550321469,0.0,0.49479961832061065,0.4005681818181818,0.048295454545454565,1648,-0.0006309148264984228,-0.9999999999999999,0.4996966019417476,0.4996966019417476,0.5072815533980582,824,0.008465641165853731,0.0,0.5029328478964401,1056,0.008094696574771937,0.0,-2.1880085114389658e-05,1.9363229512237012e-05,0.003995175000033893,0.0,-2.83936969935894e-06,4.390938556753099e-06,-0.0014635839020642875,-2.278474858030677e-05,-0.0002515362575650215,-1.9055150914937258e-06,-0.004099521574738043,0.0,-2.128470562941705e-05,1.965571937034838e-05,0.005458758902098181,2.586279879324138e-05,2.329509394864241e-06,0.0003157710889354348,0.009558280476836224,1.3659155229106545e-06,0.0,8.353416342288256e-05,0.4005681818181818,0.0,0.0,1.0,0.048295454545454565,-0.25,-0.3333333333333333,0.5,0.49469993476842794,0.5,0.0,0.8333333333333334,0.4772727272727273,8,0.07570745050907135
ele-fashion,M,E1_unimodal_pair,1,delete,25616,0.003561198157597431,0.01633599551016065,-0.016040727091123586,0.08788433721176295,-0.09399823141968194,0.5188350639317331,0.4813326147782909,0.4770309477756286,1056,-0.04610754274065076,-0.19999999999999998,0.4819497455470738,0.3768939393939394,0.024621212121212134,2068,0.11306901615271657,0.9999999999999999,0.5558510638297872,0.5558510638297872,0.5096711798839458,1034,0.1516653047837002,0.19999999999999998,0.5629432624113475,1056,-0.0003529033335918498,1.1920201359316707e-07,-3.9911363273859024e-05,5.9088910347782075e-05,-0.000442322600423667,8.935603545978665e-08,-4.242092836648226e-05,6.0265534557402134e-05,-0.0011448123839548343,-1.489694113843143e-06,-0.00010392401600256562,1.9196566427126527e-05,-8.941926683181724e-05,0.0,-8.957111276686192e-06,1.0864176147151738e-05,0.0007024897835311673,1.2674994650296867e-05,1.1102438293164596e-06,0.0001625451259315014,0.0007919090503629845,1.071486622095108e-06,0.0,4.2893021600320935e-05,0.3768939393939394,0.0,0.0,1.0,0.024621212121212134,-0.25,-0.3333333333333333,0.5,0.47920759659463,0.5,0.0,0.8333333333333334,0.4659090909090909,10,0.14939682185649872
ele-fashion,S,E1_unimodal_pair,1,delete,25616,0.0034961100989683233,0.01626117522958397,-0.006754930937626469,0.10026136972516873,-0.0494545591570943,0.5291994397786671,0.4976537372702201,0.4770309477756286,1056,-0.05793716046797741,-0.19999999999999998,0.47736959287531805,0.36079545454545453,0.008522727272727283,2068,0.013215859030836998,0.9999999999999999,0.5065280464216635,0.5065280464216635,0.45793036750483557,1034,0.14377470193407949,0.19999999999999998,0.5566569954867826,1056,-0.0003201016589821048,2.3831671569496393e-07,-4.5603286707773805e-05,5.2714545745402575e-05,-0.000442322600423667,8.935603545978665e-08,-4.242092836648226e-05,6.0265534557402134e-05,-0.0011448123839548343,-1.489694113843143e-06,-0.00010392401600256562,1.9196566427126527e-05,-0.00012222094144156225,-5.959009286016226e-08,-1.0972042218782008e-05,8.875339214379563e-06,0.0007024897835311673,1.2674994650296867e-05,1.1102438293164596e-06,0.0001625451259315014,0.0008247107249727295,1.3110402505844831e-06,0.0,4.81837778352201e-05,0.36079545454545453,0.0,0.0,1.0,0.008522727272727283,-0.25,-0.3333333333333333,0.5,0.47416502946954814,0.5,0.0,0.8333333333333334,0.4384469696969697,3,0.22324493527412415
ele-fashion,M,E1_unimodal_pair,1,comp,20096,0.0037544027964009482,0.10893098111450342,-0.0006208973468497803,-0.039923179540778335,-0.03726514178607547,0.47495169436733337,0.4477005788208174,0.4587378640776699,1056,-0.0023186695124879225,0.0,0.4968034351145038,0.38636363636363635,0.0340909090909091,1648,0.018296529968454253,0.9999999999999999,0.5087985436893204,0.5087985436893204,0.4878640776699029,824,-0.04305319989600546,-0.19999999999999998,0.4808859223300971,1056,0.008012579290166424,0.0,-1.5968082152539864e-05,2.390281588304788e-05,0.003995175000033893,0.0,-2.83936969935894e-06,4.390938556753099e-06,-0.0014635839020642875,-2.278474858030677e-05,-0.0002515362575650215,-1.9055150914937258e-06,-0.0040174042901325304,0.0,-2.408870932413265e-05,1.5974910638760775e-05,0.005458758902098181,2.586279879324138e-05,2.329509394864241e-06,0.0003157710889354348,0.009476163192230712,2.2625899873673916e-06,0.0,0.00010004587238654494,0.38636363636363635,0.0,0.0,1.0,0.0340909090909091,-0.25,-0.3333333333333333,0.5,0.4978310502283105,0.5,0.0,0.9583333333333334,0.48674242424242425,10,0.14939682185649872
ele-fashion,S,E1_unimodal_pair,1,comp,20096,0.0037183200994498743,0.10893375001978467,-0.0006717673504421651,-0.03625646655037756,-0.040128416561855756,0.48724701639499846,0.4519026484299001,0.4587378640776699,1056,-0.03924043898747346,-0.05270462766947299,0.48150445292620864,0.3712121212121212,0.018939393939393954,1648,-0.008201892744479493,-0.9999999999999999,0.49605582524271846,0.49605582524271846,0.4690533980582524,824,0.008185813339932829,0.0,0.5045509708737864,1056,0.008087760473782428,0.0,-1.540081575512886e-05,2.7059868443757296e-05,0.003995175000033893,0.0,-2.83936969935894e-06,4.390938556753099e-06,-0.0014635839020642875,-2.278474858030677e-05,-0.0002515362575650215,-1.9055150914937258e-06,-0.004092585473748534,0.0,-2.6833105948753655e-05,1.547811734781135e-05,0.005458758902098181,2.586279879324138e-05,2.329509394864241e-06,0.0003157710889354348,0.009551344375846715,2.2643216652795672e-06,0.0,0.0001127055729739368,0.3712121212121212,0.0,0.0,1.0,0.018939393939393954,-0.25,-0.3333333333333333,0.5,0.48082191780821915,0.5,0.0,0.8333333333333334,0.4706439393939394,7,0.07573174685239792
ele-fashion,M,E1_unimodal_pair,2,delete,25616,0.0035335139929068204,0.016337704299737785,-0.016253299457335224,0.16322704372728464,-0.08852134737347506,0.5813356643864618,0.5638554461569987,0.4770309477756286,1056,-0.008071301923284724,0.0,0.49972964376590323,0.3797348484848485,0.027462121212121222,2068,0.1708272148800783,0.9999999999999999,0.5843810444874274,0.5843810444874274,0.4821083172147002,1034,0.16210368447013307,0.39999999999999997,0.5672952933591232,1056,-0.00046689219010604023,1.1919473763555288e-07,-4.5615655835717916e-05,5.5775250075384974e-05,-0.000442322600423667,8.935603545978665e-08,-4.242092836648226e-05,6.0265534557402134e-05,-0.0011448123839548343,-1.489694113843143e-06,-0.00010392401600256562,1.9196566427126527e-05,2.456958968237319e-05,0.0,-7.398688467219472e-06,1.4201621524989605e-05,0.0007024897835311673,1.2674994650296867e-05,1.1102438293164596e-06,0.0001625451259315014,0.0006779201938487942,9.533105185255408e-07,0.0,3.665941767394543e-05,0.3797348484848485,0.0,0.0,1.0,0.027462121212121222,-0.25,-0.3333333333333333,0.5,0.49710216110019645,0.5,0.0,1.0,0.4678030303030303,7,0.1493520885705948
ele-fashion,S,E1_unimodal_pair,2,delete,25616,0.003460077994020264,0.016353905705677598,-0.018269849105564617,0.181776715213056,-0.11861484297832235,0.5941750853348686,0.5595915590625199,0.4770309477756286,1056,0.012359096105204281,0.0,0.5058365139949109,0.3873106060606061,0.0350378787878788,2068,0.2383749388154674,0.9999999999999999,0.6177466150870407,0.6177466150870407,0.49564796905222436,1034,0.15889301353041682,0.19999999999999998,0.5660058027079303,1056,-0.00047441385371519465,0.0,-6.058797589503229e-05,4.871856071986258e-05,-0.000442322600423667,8.935603545978665e-08,-4.242092836648226e-05,6.0265534557402134e-05,-0.0011448123839548343,-1.489694113843143e-06,-0.00010392401600256562,1.9196566427126527e-05,3.209125329152758e-05,0.0,-5.923677235841751e-06,1.6935831808950752e-05,0.0007024897835311673,1.2674994650296867e-05,1.1102438293164596e-06,0.0001625451259315014,0.0006703985302396397,9.530922397971153e-07,0.0,3.420654684305191e-05,0.3873106060606061,0.0,0.0,1.0,0.0350378787878788,-0.25,-0.3333333333333333,0.5,0.5042730844793714,0.5,0.0,1.0,0.49053030303030304,6,0.22264283895492554
ele-fashion,M,E1_unimodal_pair,2,comp,20096,0.0037300238455447946,0.10893229100147661,-0.0006449622757740414,-0.03496079672074812,-0.04184995814758429,0.4781977735663274,0.45281817041630673,0.4587378640776699,1056,-0.07397889109513062,-0.2581988897471611,0.467573155216285,0.36079545454545453,0.008522727272727286,1648,-0.06876971608832806,-0.9999999999999999,0.4669296116504854,0.4669296116504854,0.5012135922330098,824,0.010518890111294399,0.0,0.5039441747572816,1056,0.008262347552496949,1.1915108188986778e-07,-1.2564196367748082e-05,2.6177236577495933e-05,0.003995175000033893,0.0,-2.83936969935894e-06,4.390938556753099e-06,-0.0014635839020642875,-2.278474858030677e-05,-0.0002515362575650215,-1.9055150914937258e-06,-0.004267172552463055,-5.959373083896935e-08,-2.752576256170869e-05,1.5974910638760775e-05,0.005458758902098181,2.586279879324138e-05,2.329509394864241e-06,0.0003157710889354348,0.009725931454561236,3.010602085851133e-06,0.0,0.0001135687343776226,0.36079545454545453,0.0,0.0,1.0,0.008522727272727286,-0.25,-0.3333333333333333,0.5,0.4657534246575342,0.4,0.0,0.8333333333333334,0.45265151515151514,7,0.1493520885705948
ele-fashion,S,E1_unimodal_pair,2,comp,20096,0.003697314719975288,0.10893025748956817,-0.0006076032073929483,-0.04486563542565627,-0.028437687043713487,0.4677672046646262,0.44323366137916514,0.4587378640776699,1056,-0.042552924779957695,-0.19999999999999998,0.47889631043256997,0.3731060606060606,0.02083333333333334,1648,-0.025867507886435336,-0.9999999999999999,0.4875606796116505,0.4875606796116505,0.470873786407767,824,-0.026337003000901717,0.0,0.48857200647249194,1056,0.008434663498133666,5.9371814131736755e-08,-1.6892357962206006e-05,2.669289824552834e-05,0.003995175000033893,0.0,-2.83936969935894e-06,4.390938556753099e-06,-0.0014635839020642875,-2.278474858030677e-05,-0.0002515362575650215,-1.9055150914937258e-06,-0.0044394884980997725,-5.9582816902548075e-08,-2.7157104341313243e-05,1.654180232435465e-05,0.005458758902098181,2.586279879324138e-05,2.329509394864241e-06,0.0003157710889354348,0.009898247400197954,2.8601789381355047e-06,0.0,8.882509428076446e-05,0.3731060606060606,0.0,0.0,1.0,0.02083333333333334,-0.25,-0.3333333333333333,0.5,0.47951728636660146,0.5,0.0,0.8333333333333334,0.45738636363636365,6,0.0757041722536087
ele-fashion,M,E2_multimodal_pair,0,delete,25616,0.003590402281447733,0.01629837530963562,-0.011366430602761213,0.10525990043950777,-0.06834253240374968,0.5300797942824524,0.49963743678649725,0.4770309477756286,1056,-0.03411036739275426,-0.10540925533894598,0.4823950381679389,0.36742424242424243,0.015151515151515166,2068,0.004405286343612335,0.9999999999999999,0.5021760154738878,0.5021760154738878,0.49661508704061896,1034,0.16425014232303073,0.21081851067789195,0.5627820760799485,1056,-0.0006045716820401801,1.1919473763555288e-07,-4.914548480883241e-05,4.960712976753712e-05,-0.000442322600423667,8.935603545978665e-08,-4.242092836648226e-05,6.0265534557402134e-05,-0.0011448123839548343,-1.489694113843143e-06,-0.00010392401600256562,1.9196566427126527e-05,0.00016224908161651305,-2.9787770472466946e-08,-9.214883903041482e-06,9.325034625362605e-06,0.0007024897835311673,1.2674994650296867e-05,1.1102438293164596e-06,0.0001625451259315014,0.0005402407019146542,1.2327218428254128e-06,0.0,5.196896381676197e-05,0.36742424242424243,0.0,0.0,1.0,0.015151515151515166,-0.25,-0.3333333333333333,0.5,0.4807793058284217,0.5,0.0,0.8333333333333334,0.45359848484848486,8,0.14947931095957756
ele-fashion,S,E2_multimodal_pair,0,delete,25616,0.003625715391896409,0.016296212777011407,-0.011098064245711692,0.052066546686381145,-0.041587980336768963,0.50414530512356,0.47696036818548937,0.4770309477756286,1056,-0.029638569811037293,-0.19999999999999998,0.4870388040712469,0.3683712121212121,0.016098484848484862,2068,0.04552129221732746,0.9999999999999999,0.5224854932301741,0.5224854932301741,0.48065764023210833,1034,0.13053077352128734,0.19999999999999998,0.5540780141843973,1056,-0.00030393910794897016,1.1920201359316707e-07,-4.062385414727032e-05,6.165663944557309e-05,-0.000442322600423667,8.935603545978665e-08,-4.242092836648226e-05,6.0265534557402134e-05,-0.0011448123839548343,-1.489694113843143e-06,-0.00010392401600256562,1.9196566427126527e-05,-0.00013838349247469688,-2.9796865419484675e-08,-1.0751071386039257e-05,7.049344276310876e-06,0.0007024897835311673,1.2674994650296867e-05,1.1102438293164596e-06,0.0001625451259315014,0.0008408732760058642,1.3049575500190258e-06,0.0,5.378740024752915e-05,0.3683712121212121,0.0,0.0,1.0,0.016098484848484862,-0.25,-0.3333333333333333,0.5,0.48759004584151927,0.5,0.0,0.8333333333333334,0.45170454545454547,12,0.223075270652771
ele-fashion,M,E2_multimodal_pair,0,comp,20096,0.0036836200811746307,0.10892978548922556,-0.0005989318589691983,-0.01497067089065344,-0.02026535305897831,0.5019870927942677,0.46982085887443814,0.4587378640776699,1056,0.03509632514540949,0.19999999999999998,0.5142334605597964,0.4289772727272727,0.07670454545454548,1648,0.020820189274447953,0.9999999999999999,0.5100121359223301,0.5100121359223301,0.504247572815534,824,-0.050130372419185554,-0.05270462766947299,0.47684061488673135,1056,0.008269334637726857,0.0,-2.4761713575571775e-05,1.980182423721999e-05,0.003995175000033893,0.0,-2.83936969935894e-06,4.390938556753099e-06,-0.0014635839020642875,-2.278474858030677e-05,-0.0002515362575650215,-1.9055150914937258e-06,-0.004274159637692963,5.9595549828372896e-08,-1.7158672562800348e-05,2.6229972718283534e-05,0.005458758902098181,2.586279879324138e-05,2.329509394864241e-06,0.0003157710889354348,0.009732918539791144,8.343449735548347e-07,0.0,8.118075493257493e-05,0.4289772727272727,0.0,0.0,1.0,0.07670454545454548,-0.25,-0.3333333333333333,0.5,0.5172700587084148,0.5,0.16666666666666666,1.0,0.5170454545454546,8,0.14947931095957756
ele-fashion,S,E2_multimodal_pair,0,comp,20096,0.003699273309747104,0.10893083569662171,-0.0006182257822928694,-0.03517443829557254,-0.045319857948738204,0.4974330913232259,0.4604717193050242,0.4587378640776699,1056,-0.0585346700870336,-0.19999999999999998,0.4737754452926209,0.3787878787878788,0.02651515151515153,1648,0.042271293375394314,0.9999999999999999,0.5203276699029126,0.5203276699029126,0.4993932038834951,824,-0.04602859684455771,0.0,0.4798745954692556,1056,0.0027296146049593517,0.0,-1.6252772184088826e-05,2.6860216166824102e-05,0.003995175000033893,0.0,-2.83936969935894e-06,4.390938556753099e-06,-0.0014635839020642875,-2.278474858030677e-05,-0.0002515362575650215,-1.9055150914937258e-06,0.0012655603950745414,-5.959009286016226e-08,-2.6310342946089804e-05,1.656345557421446e-05,0.005458758902098181,2.586279879324138e-05,2.329509394864241e-06,0.0003157710889354348,0.00419319850702364,2.383472747169435e-06,0.0,9.148201206699014e-05,0.3787878787878788,0.0,0.0,1.0,0.02651515151515153,-0.25,-0.3333333333333333,0.5,0.4735975212002609,0.5,0.0,0.8333333333333334,0.4564393939393939,7,0.07568483054637909
ele-fashion,M,E2_multimodal_pair,1,delete,25616,0.0035023983335956315,0.016289304963603923,-0.010241055745322303,0.09239449440014516,-0.06533749942510561,0.5142678588124142,0.4868707854528273,0.4770309477756286,1056,-0.04487151490097052,-0.19999999999999998,0.47934160305343515,0.3693181818181818,0.017045454545454558,2068,0.01125795398923155,0.9999999999999999,0.5055609284332688,0.5055609284332688,0.47050290135396516,1034,0.13982922082283972,0.19999999999999998,0.5552063185041908,1056,-0.00031342055697705564,1.1919837561435997e-07,-4.4947126298211515e-05,4.98135486850515e-05,-0.000442322600423667,8.935603545978665e-08,-4.242092836648226e-05,6.0265534557402134e-05,-0.0011448123839548343,-1.489694113843143e-06,-0.00010392401600256562,1.9196566427126527e-05,-0.0001289020434466114,-5.9560989029705524e-08,-1.2578915630001575e-05,7.2725670179352164e-06,0.0007024897835311673,1.2674994650296867e-05,1.1102438293164596e-06,0.0001625451259315014,0.0008313918269777787,1.1888332664966583e-06,0.0,5.164160393178463e-05,0.3693181818181818,0.0,0.0,1.0,0.017045454545454558,-0.25,-0.3333333333333333,0.5,0.48028814669286185,0.5,0.0,0.8333333333333334,0.4412878787878788,11,0.14935172349214554
ele-fashion,S,E2_multimodal_pair,1,delete,25616,0.0035542300767149437,0.016274640832667463,-0.008422974617176004,0.08768453696745238,-0.06382284920941976,0.5006624333729575,0.47267657166411237,0.4770309477756286,1056,-0.07126733011448005,-0.19999999999999998,0.4682410941475827,0.35795454545454547,0.0056818181818181915,2068,0.0053842388644150755,0.9999999999999999,0.5026595744680851,0.5026595744680851,0.46421663442940037,1034,0.18721807931694914,0.39999999999999997,0.5771276595744681,1056,-0.0004121489303984025,1.1919473763555288e-07,-4.917755722999573e-05,5.2359187975525856e-05,-0.000442322600423667,8.935603545978665e-08,-4.242092836648226e-05,6.0265534557402134e-05,-0.0011448123839548343,-1.489694113843143e-06,-0.00010392401600256562,1.9196566427126527e-05,-3.0173670025264557e-05,-5.959009286016226e-08,-1.1585045285755768e-05,7.252519329388936e-06,0.0007024897835311673,1.2674994650296867e-05,1.1102438293164596e-06,0.0001625451259315014,0.0007326634535564318,1.3686876627616584e-06,0.0,5.1630428060889244e-05,0.35795454545454547,0.0,0.0,1.0,0.0056818181818181915,-0.25,-0.3333333333333333,0.5,0.4669122462344466,0.5,0.0,0.8333333333333334,0.4393939393939394,10,0.22334973514080048
ele-fashion,M,E2_multimodal_pair,1,comp,20096,0.0037172385958275274,0.10893477830376946,-0.000690659192662757,-0.03675995872672033,-0.04918444331344548,0.4854441745557217,0.4560377529650808,0.4587378640776699,1056,-0.017403401183184734,0.0,0.4882792620865139,0.4071969696969697,0.054924242424242445,1648,0.04605678233438484,0.9999999999999999,0.5221480582524272,0.5221480582524272,0.5054611650485437,824,-0.04651077161079438,-0.19999999999999998,0.48412216828478966,1056,0.0083473684093695,0.0,-1.6238773241639137e-05,2.3520318791270256e-05,0.003995175000033893,0.0,-2.83936969935894e-06,4.390938556753099e-06,-0.0014635839020642875,-2.278474858030677e-05,-0.0002515362575650215,-1.9055150914937258e-06,-0.004352193409335606,0.0,-2.4912631488405168e-05,1.6708261682651937e-05,0.005458758902098181,2.586279879324138e-05,2.329509394864241e-06,0.0003157710889354348,0.009810952311433786,1.6078920452855527e-06,0.0,0.00011462136171758175,0.4071969696969697,0.0,0.0,1.0,0.054924242424242445,-0.25,-0.3333333333333333,0.5,0.4897912589693411,0.5,0.0,0.8333333333333334,0.4914772727272727,11,0.14935172349214554
ele-fashion,S,E2_multimodal_pair,1,comp,20096,0.0036899026526710267,0.10893197682137773,-0.0006391902080624678,-0.010801279064724105,-0.04144803872330946,0.4961911583268086,0.4692982539621999,0.4587378640776699,1056,0.022092047737315417,0.0,0.5087945292620866,0.4053030303030303,0.05303030303030305,1648,0.024605678233438483,0.9999999999999999,0.5118325242718447,0.5118325242718447,0.4933252427184466,824,0.004488472243989022,0.0,0.5003033980582524,1056,0.0077520024614262766,0.0,-1.4080535038374364e-05,2.9702896426897496e-05,0.003995175000033893,0.0,-2.83936969935894e-06,4.390938556753099e-06,-0.0014635839020642875,-2.278474858030677e-05,-0.0002515362575650215,-1.9055150914937258e-06,-0.0037568274613923825,0.0,-2.7546222554519773e-05,1.4982935681473464e-05,0.005458758902098181,2.586279879324138e-05,2.329509394864241e-06,0.0003157710889354348,0.009215586363490564,1.9644030544441193e-06,0.0,0.00010508965351618826,0.4053030303030303,0.0,0.0,1.0,0.05303030303030305,-0.25,-0.3333333333333333,0.5,0.5110241356816699,0.5,0.16666666666666666,0.9583333333333334,0.49053030303030304,7,0.07571586966514587
ele-fashion,M,E2_multimodal_pair,2,delete,25616,0.0035166005769511205,0.016305558668790805,-0.012258127985266487,0.149612821116117,-0.06563100661523376,0.5532858171538609,0.5269622977530639,0.4770309477756286,1056,-0.03790319325023853,-0.19999999999999998,0.48506679389312973,0.3626893939393939,0.01041666666666668,2068,0.06216348507097406,0.9999999999999999,0.530705996131528,0.530705996131528,0.46083172147001933,1034,0.16952684994542458,0.39999999999999997,0.5705190199871051,1056,-0.00034824055632904646,1.1918018572032452e-07,-5.622603930532932e-05,5.2359187975525856e-05,-0.000442322600423667,8.935603545978665e-08,-4.242092836648226e-05,6.0265534557402134e-05,-0.0011448123839548343,-1.489694113843143e-06,-0.00010392401600256562,1.9196566427126527e-05,-9.408204409462059e-05,-3.973400453105795e-08,-1.0281825476946931e-05,7.95322072614605e-06,0.0007024897835311673,1.2674994650296867e-05,1.1102438293164596e-06,0.0001625451259315014,0.0007965718276257879,1.3109602150507271e-06,0.0,5.075492663308978e-05,0.3626893939393939,0.0,0.0,1.0,0.01041666666666668,-0.25,-0.3333333333333333,0.5,0.4837098886705959,0.5,0.0,0.8333333333333334,0.44507575757575757,13,0.14928535372018814
ele-fashion,S,E2_multimodal_pair,2,delete,25616,0.003493359733711716,0.016309070239005123,-0.0126941753878973,0.15168609100270214,-0.07092737981944232,0.5577730006966447,0.5291688518260917,0.4770309477756286,1056,-0.021722323858453425,-0.19999999999999998,0.49155534351145036,0.3778409090909091,0.02556818181818183,2068,0.0729319627998042,0.9999999999999999,0.5360251450676983,0.5360251450676983,0.4796905222437137,1034,0.17448439468515417,0.316227766016838,0.5708413926499033,1056,-0.00046521870180957637,1.1919473763555288e-07,-4.594834172166884e-05,5.402072565630078e-05,-0.000442322600423667,8.935603545978665e-08,-4.242092836648226e-05,6.0265534557402134e-05,-0.0011448123839548343,-1.489694113843143e-06,-0.00010392401600256562,1.9196566427126527e-05,2.28961013859093e-05,0.0,-9.127950761467218e-06,8.766117389313877e-06,0.0007024897835311673,1.2674994650296867e-05,1.1102438293164596e-06,0.0001625451259315014,0.000679593682145258,1.190608600154519e-06,0.0,5.196896381676197e-05,0.3778409090909091,0.0,0.0,1.0,0.02556818181818183,-0.25,-0.3333333333333333,0.5,0.49169941060903727,0.5,0.041666666666666664,0.8333333333333334,0.4668560606060606,15,0.22275835275650024
ele-fashion,M,E2_multimodal_pair,2,comp,20096,0.0037170399397077787,0.10893429379467043,-0.0006817576708708639,-0.02468393043482031,-0.037944415440763865,0.4829693913564429,0.458009555356723,0.4587378640776699,1056,-0.04497443660043703,-0.19999999999999998,0.4795324427480916,0.3721590909090909,0.01988636363636365,1648,-0.024605678233438486,-0.9999999999999999,0.48816747572815533,0.48816747572815533,0.4963592233009709,824,-0.004975137227304534,0.0,0.4954490291262136,1056,0.002631034498170431,0.0,-1.5968082152539864e-05,2.3365384549833834e-05,0.003995175000033893,0.0,-2.83936969935894e-06,4.390938556753099e-06,-0.0014635839020642875,-2.278474858030677e-05,-0.0002515362575650215,-1.9055150914937258e-06,0.0013641405018634625,0.0,-2.4246630346169695e-05,1.652531500440091e-05,0.005458758902098181,2.586279879324138e-05,2.329509394864241e-06,0.0003157710889354348,0.004094618400234718,2.443019184283912e-06,0.0,0.0001001372147584334,0.3721590909090909,0.0,0.0,1.0,0.01988636363636365,-0.25,-0.3333333333333333,0.5,0.47948467058056093,0.5,0.0,0.8333333333333334,0.4678030303030303,13,0.14928535372018814
ele-fashion,S,E2_multimodal_pair,2,comp,20096,0.003686118864042001,0.10893068856383316,-0.0006155227157191856,-0.01641937190664212,-0.03383054568730791,0.47507737057204547,0.4490974813634234,0.4587378640776699,1056,-0.07859961842823077,-0.19999999999999998,0.46337468193384224,0.3731060606060606,0.020833333333333346,1648,-0.003154574132492107,-0.9999999999999999,0.4984830097087379,0.4984830097087379,0.48847087378640774,824,-0.008028363519002863,0.0,0.49686488673139156,1056,0.0026624547569113156,1.1919473763555288e-07,-9.1708789113909e-06,2.9777700547128916e-05,0.003995175000033893,0.0,-2.83936969935894e-06,4.390938556753099e-06,-0.0014635839020642875,-2.278474858030677e-05,-0.0002515362575650215,-1.9055150914937258e-06,0.0013327202431225775,-5.959736881777644e-08,-2.9099096233646076e-05,1.1830998118966818e-05,0.005458758902098181,2.586279879324138e-05,2.329509394864241e-06,0.0003157710889354348,0.0041260386589756035,3.334367647767067e-06,0.0,0.00010950845899060369,0.3731060606060606,0.0,0.0,1.0,0.020833333333333346,-0.25,-0.3333333333333333,0.5,0.46252446183953033,0.4,0.0,0.8333333333333334,0.4479166666666667,8,0.07569319009780884
ele-fashion,M,E3_host_context,0,delete,25616,0.0035418943755017324,0.01625173622787732,-0.005586503271233223,0.12005592943965708,-0.02426421516339051,0.5417238123825598,0.5184181126395645,0.4770309477756286,1056,-0.0008380987712897413,0.0,0.49759860050890586,0.3958333333333333,0.04356060606060608,2068,-0.0024473813020068525,-0.9999999999999999,0.49879110251450676,0.49879110251450676,0.4463249516441006,1034,0.13493855131067198,0.19999999999999998,0.548758865248227,1056,-0.00046103346127176445,1.1916563380509615e-07,-5.333623266778886e-05,4.3929030653089285e-05,-0.000442322600423667,8.935603545978665e-08,-4.242092836648226e-05,6.0265534557402134e-05,-0.0011448123839548343,-1.489694113843143e-06,-0.00010392401600256562,1.9196566427126527e-05,1.871086084809742e-05,0.0,-6.567614036612209e-06,1.400377368554473e-05,0.0007024897835311673,1.2674994650296867e-05,1.1102438293164596e-06,0.0001625451259315014,0.0006837789226830699,9.477371349930763e-07,0.0,3.799833211814985e-05,0.3958333333333333,0.0,0.0,1.0,0.04356060606060608,-0.25,-0.3333333333333333,0.5,0.4970857891290111,0.5,0.0,1.0,0.4895833333333333,6,0.14956408739089966
ele-fashion,S,E3_host_context,0,delete,25616,0.003760680816650276,0.016902307191535675,-0.0877069084801676,0.23334903897552475,0.29806480356072934,0.6016769616826698,0.5605900134071253,0.4770309477756286,1056,0.01694818502429752,0.0,0.5086673027989822,0.4119318181818182,0.059659090909090925,2068,0.26284875183553585,0.9999999999999999,0.629835589941973,0.629835589941973,0.5135396518375241,1034,0.1701916791054883,0.39999999999999997,0.5743874919406835,1056,-0.0005336511658724978,0.0,-6.401899736374617e-05,5.46150840818882e-05,-0.000442322600423667,8.935603545978665e-08,-4.242092836648226e-05,6.0265534557402134e-05,-0.0011448123839548343,-1.489694113843143e-06,-0.00010392401600256562,1.9196566427126527e-05,9.132856544883081e-05,0.0,-5.901471013203263e-06,1.2111970136174932e-05,0.0007024897835311673,1.2674994650296867e-05,1.1102438293164596e-06,0.0001625451259315014,0.0006111612180823365,5.958863766863942e-07,0.0,3.5496661439538e-05,0.4119318181818182,0.0,0.0,1.0,0.059659090909090925,-0.25,-0.3333333333333333,0.5,0.5071054354944335,0.5,0.16666666666666666,1.0,0.48579545454545453,50,0.20555181801319122
ele-fashion,M,E3_host_context,0,comp,20096,0.003736538594755949,0.10892585498189084,-0.0005267240515540728,0.0006363564355096744,0.018324602252364326,0.4966085961041118,0.46518838765623277,0.4587378640776699,1056,-0.025367170136947063,-0.152704627669473,0.48675254452926203,0.3958333333333333,0.04356060606060608,1648,-0.044794952681388,-0.9999999999999999,0.47845873786407767,0.47845873786407767,0.4981796116504854,824,0.020076138833390867,0.0,0.5102144012944984,1056,0.006128298448643502,0.0,-2.1462328732013702e-05,2.1849584300071e-05,0.003995175000033893,0.0,-2.83936969935894e-06,4.390938556753099e-06,-0.0014635839020642875,-2.278474858030677e-05,-0.0002515362575650215,-1.9055150914937258e-06,-0.002133123448609608,0.0,-2.136176044587046e-05,2.0352839783299714e-05,0.005458758902098181,2.586279879324138e-05,2.329509394864241e-06,0.0003157710889354348,0.007591882350707789,1.5494151739403605e-06,0.0,8.538953261449933e-05,0.3958333333333333,0.0,0.0,1.0,0.04356060606060608,-0.25,-0.3333333333333333,0.5,0.48672537508153946,0.5,0.0,0.8333333333333334,0.4706439393939394,6,0.14956408739089966
ele-fashion,S,E3_host_context,0,comp,20096,0.0037218523677562117,0.10891932571302435,-0.00040677985285730855,-0.03322574858409352,0.0408188662190317,0.4683029041212898,0.4394531698145015,0.4587378640776699,1056,-0.025341439748586877,0.0,0.48862913486005094,0.3854166666666667,0.033143939393939406,1648,-0.006940063091482648,-0.9999999999999999,0.4966626213592233,0.4966626213592233,0.4817961165048544,824,-0.03073450823955982,0.0,0.48594255663430413,1056,0.006153138991432129,0.0,-1.9630955648608506e-05,2.0307983504608274e-05,0.003995175000033893,0.0,-2.83936969935894e-06,4.390938556753099e-06,-0.0014635839020642875,-2.278474858030677e-05,-0.0002515362575650215,-1.9055150914937258e-06,-0.0021579639913982354,0.0,-2.1335086785256863e-05,1.871358836069703e-05,0.005458758902098181,2.586279879324138e-05,2.329509394864241e-06,0.0003157710889354348,0.007616722893496417,1.7875281628221273e-06,0.0,9.338691597804427e-05,0.3854166666666667,0.0,0.0,1.0,0.033143939393939406,-0.25,-0.3333333333333333,0.5,0.48913894324853224,0.5,0.0,0.8333333333333334,0.4678030303030303,11,0.07574643939733505
ele-fashion,M,E3_host_context,1,delete,25616,0.003534976901363782,0.01625791087056363,-0.006350768307608057,0.11767691256642575,-0.019806998456743535,0.5376540766833997,0.5161300207320294,0.4770309477756286,1056,-0.08144340298451745,-0.2581988897471611,0.46601463104325697,0.3626893939393939,0.010416666666666676,2068,0.055310817425354854,0.9999999999999999,0.527321083172147,0.527321083172147,0.46808510638297873,1034,0.18630809330737988,0.39999999999999997,0.5780947775628626,1056,-0.0003943575198291276,1.1920201359316707e-07,-5.126540781930089e-05,4.98135486850515e-05,-0.000442322600423667,8.935603545978665e-08,-4.242092836648226e-05,6.0265534557402134e-05,-0.0011448123839548343,-1.489694113843143e-06,-0.00010392401600256562,1.9196566427126527e-05,-4.796508059453943e-05,-8.939605322666466e-08,-1.1160605936311185e-05,8.839626389089972e-06,0.0007024897835311673,1.2674994650296867e-05,1.1102438293164596e-06,0.0001625451259315014,0.0007504548641257068,1.4290271792560816e-06,0.0,4.52796375611797e-05,0.3626893939393939,0.0,0.0,1.0,0.010416666666666676,-0.25,-0.3333333333333333,0.5,0.4620170268500327,0.4,0.0,0.8333333333333334,0.42992424242424243,9,0.14944398030638695
ele-fashion,S,E3_host_context,1,delete,25616,0.003530392435711276,0.016256711136402337,-0.006202248752180672,0.13410648701014932,-0.024895809573475865,0.541837225100109,0.52062519994857,0.4770309477756286,1056,-0.036514339380008455,-0.19999999999999998,0.48548027989821885,0.3721590909090909,0.01988636363636365,2068,0.033773861967694566,0.9999999999999999,0.5166827852998066,0.5166827852998066,0.4763056092843327,1034,0.14808727041331185,0.19999999999999998,0.5576241134751774,1056,-0.0004358230943732148,1.1919837561435997e-07,-5.128234624862671e-05,5.309935659170151e-05,-0.000442322600423667,8.935603545978665e-08,-4.242092836648226e-05,6.0265534557402134e-05,-0.0011448123839548343,-1.489694113843143e-06,-0.00010392401600256562,1.9196566427126527e-05,-6.499506050452255e-06,-3.637978807091713e-12,-7.5908174039795995e-06,1.2345983122941107e-05,0.0007024897835311673,1.2674994650296867e-05,1.1102438293164596e-06,0.0001625451259315014,0.0007089892895816196,9.534414857625961e-07,0.0,3.9836857467889786e-05,0.3721590909090909,0.0,0.0,1.0,0.01988636363636365,-0.25,-0.3333333333333333,0.5,0.4831532416502947,0.5,0.0,0.8333333333333334,0.4602272727272727,6,0.2232380211353302
ele-fashion,M,E3_host_context,1,comp,20096,0.0037254408123074435,0.1089342717924526,-0.0006813534415868183,0.004876491260027097,-0.0318515702119732,0.5187494809832254,0.4747312750422746,0.4587378640776699,1056,0.11319019645442559,0.39999999999999997,0.5467080152671756,0.4412878787878788,0.08901515151515152,1648,-0.017034700315457407,-0.9999999999999999,0.49180825242718446,0.49180825242718446,0.5109223300970874,824,0.005234840316426335,0.0,0.5033373786407767,1056,0.007632826522426099,-1.1918018572032452e-07,-2.2242777049541473e-05,1.9150436855852604e-05,0.003995175000033893,0.0,-2.83936969935894e-06,4.390938556753099e-06,-0.0014635839020642875,-2.278474858030677e-05,-0.0002515362575650215,-1.9055150914937258e-06,-0.0036376515223922054,1.1917290976271033e-07,-2.0319799659773707e-05,2.311922435183078e-05,0.005458758902098181,2.586279879324138e-05,2.329509394864241e-06,0.0003157710889354348,0.009096410424490387,5.959009286016226e-07,0.0,7.459361222572625e-05,0.4412878787878788,0.0,0.0,1.0,0.08901515151515152,-0.25,-0.3333333333333333,0.6666666666666667,0.5509784735812132,0.6666666666666666,0.16666666666666666,1.0,0.5274621212121212,9,0.14944398030638695
ele-fashion,S,E3_host_context,1,comp,20096,0.0037069112438331605,0.10893417833562209,-0.0006796364343311101,0.00867833111585482,-0.04706507443388926,0.5105823813082782,0.461546602081177,0.4587378640776699,1056,0.03999498576992841,0.19999999999999998,0.5168097964376589,0.4147727272727273,0.06250000000000003,1648,0.01829652996845426,0.9999999999999999,0.5087985436893204,0.5087985436893204,0.504247572815534,824,0.027950928804488732,0.0,0.5136529126213593,1056,0.007824592770310284,0.0,-1.9187398720532656e-05,2.032495103776455e-05,0.003995175000033893,0.0,-2.83936969935894e-06,4.390938556753099e-06,-0.0014635839020642875,-2.278474858030677e-05,-0.0002515362575650215,-1.9055150914937258e-06,-0.0038294177702763907,2.9800503398291767e-08,-2.110138302668929e-05,1.9186445570085198e-05,0.005458758902098181,2.586279879324138e-05,2.329509394864241e-06,0.0003157710889354348,0.009288176672374571,1.1318406905047596e-06,0.0,7.453354191966355e-05,0.4147727272727273,0.0,0.0,1.0,0.06250000000000003,-0.25,-0.3333333333333333,0.5,0.5183953033268102,0.5,0.16666666666666666,1.0,0.509469696969697,8,0.07577019929885864
ele-fashion,M,E3_host_context,2,delete,25616,0.0033407973471758453,0.01530463338239028,0.10820349254069117,0.29221089286379787,0.3958616004687153,0.6514613955059976,0.6012305251054716,0.4770309477756286,1056,0.057465717643180037,0.19999999999999998,0.5256838422391859,0.4384469696969697,0.08617424242424244,2068,0.3323543808125305,0.9999999999999999,0.6641682785299806,0.6641682785299806,0.5372340425531915,1034,0.16591407426453478,0.39999999999999997,0.5758381689232752,1056,-0.0006664421719051461,1.1915108188986778e-07,-5.281087942421436e-05,5.763210356235504e-05,-0.000442322600423667,8.935603545978665e-08,-4.242092836648226e-05,6.0265534557402134e-05,-0.0011448123839548343,-1.489694113843143e-06,-0.00010392401600256562,1.9196566427126527e-05,0.00022411957148147903,2.979868440888822e-08,-5.8812074712477624e-06,1.5008274203864858e-05,0.0007024897835311673,1.2674994650296867e-05,1.1102438293164596e-06,0.0001625451259315014,0.00047837021204968824,3.5758785088546574e-07,0.0,3.228581044822931e-05,0.4384469696969697,0.0,0.0,1.0,0.08617424242424244,-0.25,-0.3333333333333333,0.5,0.527668631303209,0.5,0.16666666666666666,1.0,0.5113636363636364,26,0.14093364030122757
ele-fashion,S,E3_host_context,2,delete,25616,0.0034886839682207126,0.016260909089336733,-0.006721976884819902,0.13738260792223367,-0.03995261782635707,0.5450610518935823,0.520688797174879,0.4770309477756286,1056,0.0027043189223758222,0.0,0.5010655216284986,0.38446969696969696,0.03219696969696971,2068,0.012236906510034264,0.9999999999999999,0.5060444874274661,0.5060444874274661,0.4526112185686654,1034,0.1379092173460066,0.19999999999999998,0.5547227595099935,1056,-0.00038806840988896016,0.0,-6.161438068374991e-05,5.264837818685919e-05,-0.000442322600423667,8.935603545978665e-08,-4.242092836648226e-05,6.0265534557402134e-05,-0.0011448123839548343,-1.489694113843143e-06,-0.00010392401600256562,1.9196566427126527e-05,-5.42541905347069e-05,0.0,-9.421986760571599e-06,1.0149176887352951e-05,0.0007024897835311673,1.2674994650296867e-05,1.1102438293164596e-06,0.0001625451259315014,0.0007567439740658742,9.531941032037139e-07,0.0,4.592910408973694e-05,0.38446969696969696,0.0,0.0,1.0,0.03219696969696971,-0.25,-0.3333333333333333,0.5,0.501833660772757,0.5,0.0,1.0,0.4706439393939394,6,0.22327381372451782
ele-fashion,M,E3_host_context,2,comp,20096,0.003835918836906326,0.10896964533017571,-0.0013313488240893623,-0.01898011656181768,-0.08179432000347492,0.5034948365245451,0.4663323941610348,0.4587378640776699,1056,0.019454556001133706,0.0,0.5089217557251907,0.4100378787878788,0.057765151515151526,1648,-0.04353312302839116,-0.9999999999999999,0.47906553398058255,0.47906553398058255,0.47148058252427183,824,-0.03750926745307306,0.0,0.48351537216828483,1056,0.008204588063804433,0.0,-1.9689963664859533e-05,1.7587619367986917e-05,0.003995175000033893,0.0,-2.83936969935894e-06,4.390938556753099e-06,-0.0014635839020642875,-2.278474858030677e-05,-0.0002515362575650215,-1.9055150914937258e-06,-0.004209413063770539,0.0,-1.7388527339790016e-05,2.3231274099089205e-05,0.005458758902098181,2.586279879324138e-05,2.329509394864241e-06,0.0003157710889354348,0.00966817196586872,1.1909578461199999e-06,0.0,7.666638703085482e-05,0.4100378787878788,0.0,0.0,1.0,0.057765151515151526,-0.25,-0.3333333333333333,0.5,0.5093933463796476,0.5,0.041666666666666664,1.0,0.4962121212121212,26,0.14093364030122757
ele-fashion,S,E3_host_context,2,comp,20096,0.0037228412170716004,0.10891936579077964,-0.00040751606867983625,-0.03552309856303044,0.038228827598965454,0.4646145484850642,0.44701056734637756,0.4587378640776699,1056,-0.03457641913467653,-0.19999999999999998,0.4860527989821883,0.38636363636363635,0.03409090909090911,1648,0.0018927444794952682,0.9999999999999999,0.5009101941747572,0.5009101941747572,0.5200242718446602,824,-0.012346945934578975,0.0,0.4928195792880259,1056,0.007948761358606631,0.0,-1.6949925338849425e-05,2.2940424969419837e-05,0.003995175000033893,0.0,-2.83936969935894e-06,4.390938556753099e-06,-0.0014635839020642875,-2.278474858030677e-05,-0.0002515362575650215,-1.9055150914937258e-06,-0.003953586358572737,0.0,-2.4155415303539485e-05,1.7087673768401146e-05,0.005458758902098181,2.586279879324138e-05,2.329509394864241e-06,0.0003157710889354348,0.009412345260670918,1.6088670236058533e-06,0.0,8.538953261449933e-05,0.38636363636363635,0.0,0.0,1.0,0.03409090909090911,-0.25,-0.3333333333333333,0.5,0.4868558382257012,0.5,0.0,1.0,0.46875,7,0.07578300684690475
